[2025-02-06T16:36:23.717+0000] {processor.py:186} INFO - Started process (PID=44) to work on /home/airflow/.local/lib/python3.12/site-packages/airflow/example_dags/example_short_circuit_operator.py
[2025-02-06T16:36:23.719+0000] {processor.py:914} INFO - Processing file /home/airflow/.local/lib/python3.12/site-packages/airflow/example_dags/example_short_circuit_operator.py for tasks to queue
[2025-02-06T16:36:23.723+0000] {logging_mixin.py:190} INFO - [2025-02-06T16:36:23.723+0000] {dagbag.py:588} INFO - Filling up the DagBag from /home/airflow/.local/lib/python3.12/site-packages/airflow/example_dags/example_short_circuit_operator.py
[2025-02-06T16:36:23.744+0000] {processor.py:925} INFO - DAG(s) 'example_short_circuit_operator' retrieved from /home/airflow/.local/lib/python3.12/site-packages/airflow/example_dags/example_short_circuit_operator.py
[2025-02-06T16:36:24.149+0000] {logging_mixin.py:190} INFO - [2025-02-06T16:36:24.148+0000] {override.py:1911} INFO - Created Permission View: can edit on DAG:example_short_circuit_operator
[2025-02-06T16:36:24.185+0000] {logging_mixin.py:190} INFO - [2025-02-06T16:36:24.180+0000] {override.py:1911} INFO - Created Permission View: can delete on DAG:example_short_circuit_operator
[2025-02-06T16:36:24.207+0000] {logging_mixin.py:190} INFO - [2025-02-06T16:36:24.207+0000] {override.py:1911} INFO - Created Permission View: can read on DAG:example_short_circuit_operator
[2025-02-06T16:36:24.231+0000] {logging_mixin.py:190} INFO - [2025-02-06T16:36:24.230+0000] {override.py:1911} INFO - Created Permission View: menu access on DAG Run:example_short_circuit_operator
[2025-02-06T16:36:24.259+0000] {logging_mixin.py:190} INFO - [2025-02-06T16:36:24.258+0000] {override.py:1911} INFO - Created Permission View: can create on DAG Run:example_short_circuit_operator
[2025-02-06T16:36:24.294+0000] {logging_mixin.py:190} INFO - [2025-02-06T16:36:24.293+0000] {override.py:1911} INFO - Created Permission View: can delete on DAG Run:example_short_circuit_operator
[2025-02-06T16:36:24.321+0000] {logging_mixin.py:190} INFO - [2025-02-06T16:36:24.319+0000] {override.py:1911} INFO - Created Permission View: can read on DAG Run:example_short_circuit_operator
[2025-02-06T16:36:24.323+0000] {logging_mixin.py:190} INFO - [2025-02-06T16:36:24.322+0000] {dag.py:3239} INFO - Sync 1 DAGs
[2025-02-06T16:36:24.382+0000] {logging_mixin.py:190} INFO - [2025-02-06T16:36:24.381+0000] {dag.py:3262} INFO - Creating ORM DAG for example_short_circuit_operator
[2025-02-06T16:36:24.385+0000] {logging_mixin.py:190} INFO - [2025-02-06T16:36:24.384+0000] {dag.py:4180} INFO - Setting next_dagrun for example_short_circuit_operator to None, run_after=None
[2025-02-06T16:36:24.479+0000] {processor.py:208} INFO - Processing /home/airflow/.local/lib/python3.12/site-packages/airflow/example_dags/example_short_circuit_operator.py took 0.776 seconds
[2025-02-06T16:36:54.726+0000] {processor.py:186} INFO - Started process (PID=100) to work on /home/airflow/.local/lib/python3.12/site-packages/airflow/example_dags/example_short_circuit_operator.py
[2025-02-06T16:36:54.727+0000] {processor.py:914} INFO - Processing file /home/airflow/.local/lib/python3.12/site-packages/airflow/example_dags/example_short_circuit_operator.py for tasks to queue
[2025-02-06T16:36:54.731+0000] {logging_mixin.py:190} INFO - [2025-02-06T16:36:54.730+0000] {dagbag.py:588} INFO - Filling up the DagBag from /home/airflow/.local/lib/python3.12/site-packages/airflow/example_dags/example_short_circuit_operator.py
[2025-02-06T16:36:54.742+0000] {processor.py:925} INFO - DAG(s) 'example_short_circuit_operator' retrieved from /home/airflow/.local/lib/python3.12/site-packages/airflow/example_dags/example_short_circuit_operator.py
[2025-02-06T16:36:54.773+0000] {logging_mixin.py:190} INFO - [2025-02-06T16:36:54.773+0000] {dag.py:3239} INFO - Sync 1 DAGs
[2025-02-06T16:36:54.791+0000] {logging_mixin.py:190} INFO - [2025-02-06T16:36:54.791+0000] {dag.py:4180} INFO - Setting next_dagrun for example_short_circuit_operator to None, run_after=None
[2025-02-06T16:36:54.816+0000] {processor.py:208} INFO - Processing /home/airflow/.local/lib/python3.12/site-packages/airflow/example_dags/example_short_circuit_operator.py took 0.098 seconds
[2025-02-06T16:37:24.910+0000] {processor.py:186} INFO - Started process (PID=157) to work on /home/airflow/.local/lib/python3.12/site-packages/airflow/example_dags/example_short_circuit_operator.py
[2025-02-06T16:37:24.912+0000] {processor.py:914} INFO - Processing file /home/airflow/.local/lib/python3.12/site-packages/airflow/example_dags/example_short_circuit_operator.py for tasks to queue
[2025-02-06T16:37:24.917+0000] {logging_mixin.py:190} INFO - [2025-02-06T16:37:24.916+0000] {dagbag.py:588} INFO - Filling up the DagBag from /home/airflow/.local/lib/python3.12/site-packages/airflow/example_dags/example_short_circuit_operator.py
[2025-02-06T16:37:24.930+0000] {processor.py:925} INFO - DAG(s) 'example_short_circuit_operator' retrieved from /home/airflow/.local/lib/python3.12/site-packages/airflow/example_dags/example_short_circuit_operator.py
[2025-02-06T16:37:24.964+0000] {logging_mixin.py:190} INFO - [2025-02-06T16:37:24.964+0000] {dag.py:3239} INFO - Sync 1 DAGs
[2025-02-06T16:37:24.986+0000] {logging_mixin.py:190} INFO - [2025-02-06T16:37:24.985+0000] {dag.py:4180} INFO - Setting next_dagrun for example_short_circuit_operator to None, run_after=None
[2025-02-06T16:37:25.015+0000] {processor.py:208} INFO - Processing /home/airflow/.local/lib/python3.12/site-packages/airflow/example_dags/example_short_circuit_operator.py took 0.113 seconds
[2025-02-06T16:37:55.213+0000] {processor.py:186} INFO - Started process (PID=214) to work on /home/airflow/.local/lib/python3.12/site-packages/airflow/example_dags/example_short_circuit_operator.py
[2025-02-06T16:37:55.214+0000] {processor.py:914} INFO - Processing file /home/airflow/.local/lib/python3.12/site-packages/airflow/example_dags/example_short_circuit_operator.py for tasks to queue
[2025-02-06T16:37:55.218+0000] {logging_mixin.py:190} INFO - [2025-02-06T16:37:55.218+0000] {dagbag.py:588} INFO - Filling up the DagBag from /home/airflow/.local/lib/python3.12/site-packages/airflow/example_dags/example_short_circuit_operator.py
[2025-02-06T16:37:55.230+0000] {processor.py:925} INFO - DAG(s) 'example_short_circuit_operator' retrieved from /home/airflow/.local/lib/python3.12/site-packages/airflow/example_dags/example_short_circuit_operator.py
[2025-02-06T16:37:55.261+0000] {logging_mixin.py:190} INFO - [2025-02-06T16:37:55.260+0000] {dag.py:3239} INFO - Sync 1 DAGs
[2025-02-06T16:37:55.280+0000] {logging_mixin.py:190} INFO - [2025-02-06T16:37:55.280+0000] {dag.py:4180} INFO - Setting next_dagrun for example_short_circuit_operator to None, run_after=None
[2025-02-06T16:37:55.306+0000] {processor.py:208} INFO - Processing /home/airflow/.local/lib/python3.12/site-packages/airflow/example_dags/example_short_circuit_operator.py took 0.100 seconds
[2025-02-06T16:38:25.880+0000] {processor.py:186} INFO - Started process (PID=271) to work on /home/airflow/.local/lib/python3.12/site-packages/airflow/example_dags/example_short_circuit_operator.py
[2025-02-06T16:38:25.881+0000] {processor.py:914} INFO - Processing file /home/airflow/.local/lib/python3.12/site-packages/airflow/example_dags/example_short_circuit_operator.py for tasks to queue
[2025-02-06T16:38:25.885+0000] {logging_mixin.py:190} INFO - [2025-02-06T16:38:25.884+0000] {dagbag.py:588} INFO - Filling up the DagBag from /home/airflow/.local/lib/python3.12/site-packages/airflow/example_dags/example_short_circuit_operator.py
[2025-02-06T16:38:25.894+0000] {processor.py:925} INFO - DAG(s) 'example_short_circuit_operator' retrieved from /home/airflow/.local/lib/python3.12/site-packages/airflow/example_dags/example_short_circuit_operator.py
[2025-02-06T16:38:25.925+0000] {logging_mixin.py:190} INFO - [2025-02-06T16:38:25.925+0000] {dag.py:3239} INFO - Sync 1 DAGs
[2025-02-06T16:38:25.944+0000] {logging_mixin.py:190} INFO - [2025-02-06T16:38:25.944+0000] {dag.py:4180} INFO - Setting next_dagrun for example_short_circuit_operator to None, run_after=None
[2025-02-06T16:38:25.968+0000] {processor.py:208} INFO - Processing /home/airflow/.local/lib/python3.12/site-packages/airflow/example_dags/example_short_circuit_operator.py took 0.095 seconds
[2025-02-06T16:38:56.430+0000] {processor.py:186} INFO - Started process (PID=328) to work on /home/airflow/.local/lib/python3.12/site-packages/airflow/example_dags/example_short_circuit_operator.py
[2025-02-06T16:38:56.431+0000] {processor.py:914} INFO - Processing file /home/airflow/.local/lib/python3.12/site-packages/airflow/example_dags/example_short_circuit_operator.py for tasks to queue
[2025-02-06T16:38:56.434+0000] {logging_mixin.py:190} INFO - [2025-02-06T16:38:56.434+0000] {dagbag.py:588} INFO - Filling up the DagBag from /home/airflow/.local/lib/python3.12/site-packages/airflow/example_dags/example_short_circuit_operator.py
[2025-02-06T16:38:56.447+0000] {processor.py:925} INFO - DAG(s) 'example_short_circuit_operator' retrieved from /home/airflow/.local/lib/python3.12/site-packages/airflow/example_dags/example_short_circuit_operator.py
[2025-02-06T16:38:56.477+0000] {logging_mixin.py:190} INFO - [2025-02-06T16:38:56.477+0000] {dag.py:3239} INFO - Sync 1 DAGs
[2025-02-06T16:38:56.495+0000] {logging_mixin.py:190} INFO - [2025-02-06T16:38:56.495+0000] {dag.py:4180} INFO - Setting next_dagrun for example_short_circuit_operator to None, run_after=None
[2025-02-06T16:38:56.520+0000] {processor.py:208} INFO - Processing /home/airflow/.local/lib/python3.12/site-packages/airflow/example_dags/example_short_circuit_operator.py took 0.097 seconds
[2025-02-06T16:39:27.056+0000] {processor.py:186} INFO - Started process (PID=385) to work on /home/airflow/.local/lib/python3.12/site-packages/airflow/example_dags/example_short_circuit_operator.py
[2025-02-06T16:39:27.058+0000] {processor.py:914} INFO - Processing file /home/airflow/.local/lib/python3.12/site-packages/airflow/example_dags/example_short_circuit_operator.py for tasks to queue
[2025-02-06T16:39:27.061+0000] {logging_mixin.py:190} INFO - [2025-02-06T16:39:27.061+0000] {dagbag.py:588} INFO - Filling up the DagBag from /home/airflow/.local/lib/python3.12/site-packages/airflow/example_dags/example_short_circuit_operator.py
[2025-02-06T16:39:27.071+0000] {processor.py:925} INFO - DAG(s) 'example_short_circuit_operator' retrieved from /home/airflow/.local/lib/python3.12/site-packages/airflow/example_dags/example_short_circuit_operator.py
[2025-02-06T16:39:27.105+0000] {logging_mixin.py:190} INFO - [2025-02-06T16:39:27.105+0000] {dag.py:3239} INFO - Sync 1 DAGs
[2025-02-06T16:39:27.123+0000] {logging_mixin.py:190} INFO - [2025-02-06T16:39:27.123+0000] {dag.py:4180} INFO - Setting next_dagrun for example_short_circuit_operator to None, run_after=None
[2025-02-06T16:39:27.152+0000] {processor.py:208} INFO - Processing /home/airflow/.local/lib/python3.12/site-packages/airflow/example_dags/example_short_circuit_operator.py took 0.103 seconds
[2025-02-06T16:39:57.755+0000] {processor.py:186} INFO - Started process (PID=442) to work on /home/airflow/.local/lib/python3.12/site-packages/airflow/example_dags/example_short_circuit_operator.py
[2025-02-06T16:39:57.756+0000] {processor.py:914} INFO - Processing file /home/airflow/.local/lib/python3.12/site-packages/airflow/example_dags/example_short_circuit_operator.py for tasks to queue
[2025-02-06T16:39:57.761+0000] {logging_mixin.py:190} INFO - [2025-02-06T16:39:57.760+0000] {dagbag.py:588} INFO - Filling up the DagBag from /home/airflow/.local/lib/python3.12/site-packages/airflow/example_dags/example_short_circuit_operator.py
[2025-02-06T16:39:57.774+0000] {processor.py:925} INFO - DAG(s) 'example_short_circuit_operator' retrieved from /home/airflow/.local/lib/python3.12/site-packages/airflow/example_dags/example_short_circuit_operator.py
[2025-02-06T16:39:57.806+0000] {logging_mixin.py:190} INFO - [2025-02-06T16:39:57.806+0000] {dag.py:3239} INFO - Sync 1 DAGs
[2025-02-06T16:39:57.825+0000] {logging_mixin.py:190} INFO - [2025-02-06T16:39:57.825+0000] {dag.py:4180} INFO - Setting next_dagrun for example_short_circuit_operator to None, run_after=None
[2025-02-06T16:39:57.848+0000] {processor.py:208} INFO - Processing /home/airflow/.local/lib/python3.12/site-packages/airflow/example_dags/example_short_circuit_operator.py took 0.103 seconds
[2025-02-06T16:40:27.995+0000] {processor.py:186} INFO - Started process (PID=498) to work on /home/airflow/.local/lib/python3.12/site-packages/airflow/example_dags/example_short_circuit_operator.py
[2025-02-06T16:40:27.996+0000] {processor.py:914} INFO - Processing file /home/airflow/.local/lib/python3.12/site-packages/airflow/example_dags/example_short_circuit_operator.py for tasks to queue
[2025-02-06T16:40:28.000+0000] {logging_mixin.py:190} INFO - [2025-02-06T16:40:27.999+0000] {dagbag.py:588} INFO - Filling up the DagBag from /home/airflow/.local/lib/python3.12/site-packages/airflow/example_dags/example_short_circuit_operator.py
[2025-02-06T16:40:28.010+0000] {processor.py:925} INFO - DAG(s) 'example_short_circuit_operator' retrieved from /home/airflow/.local/lib/python3.12/site-packages/airflow/example_dags/example_short_circuit_operator.py
[2025-02-06T16:40:28.040+0000] {logging_mixin.py:190} INFO - [2025-02-06T16:40:28.039+0000] {dag.py:3239} INFO - Sync 1 DAGs
[2025-02-06T16:40:28.058+0000] {logging_mixin.py:190} INFO - [2025-02-06T16:40:28.058+0000] {dag.py:4180} INFO - Setting next_dagrun for example_short_circuit_operator to None, run_after=None
[2025-02-06T16:40:28.085+0000] {processor.py:208} INFO - Processing /home/airflow/.local/lib/python3.12/site-packages/airflow/example_dags/example_short_circuit_operator.py took 0.098 seconds
[2025-02-06T16:40:58.182+0000] {processor.py:186} INFO - Started process (PID=555) to work on /home/airflow/.local/lib/python3.12/site-packages/airflow/example_dags/example_short_circuit_operator.py
[2025-02-06T16:40:58.183+0000] {processor.py:914} INFO - Processing file /home/airflow/.local/lib/python3.12/site-packages/airflow/example_dags/example_short_circuit_operator.py for tasks to queue
[2025-02-06T16:40:58.186+0000] {logging_mixin.py:190} INFO - [2025-02-06T16:40:58.186+0000] {dagbag.py:588} INFO - Filling up the DagBag from /home/airflow/.local/lib/python3.12/site-packages/airflow/example_dags/example_short_circuit_operator.py
[2025-02-06T16:40:58.196+0000] {processor.py:925} INFO - DAG(s) 'example_short_circuit_operator' retrieved from /home/airflow/.local/lib/python3.12/site-packages/airflow/example_dags/example_short_circuit_operator.py
[2025-02-06T16:40:58.227+0000] {logging_mixin.py:190} INFO - [2025-02-06T16:40:58.227+0000] {dag.py:3239} INFO - Sync 1 DAGs
[2025-02-06T16:40:58.244+0000] {logging_mixin.py:190} INFO - [2025-02-06T16:40:58.244+0000] {dag.py:4180} INFO - Setting next_dagrun for example_short_circuit_operator to None, run_after=None
[2025-02-06T16:40:58.267+0000] {processor.py:208} INFO - Processing /home/airflow/.local/lib/python3.12/site-packages/airflow/example_dags/example_short_circuit_operator.py took 0.093 seconds
[2025-02-06T16:41:28.340+0000] {processor.py:186} INFO - Started process (PID=612) to work on /home/airflow/.local/lib/python3.12/site-packages/airflow/example_dags/example_short_circuit_operator.py
[2025-02-06T16:41:28.341+0000] {processor.py:914} INFO - Processing file /home/airflow/.local/lib/python3.12/site-packages/airflow/example_dags/example_short_circuit_operator.py for tasks to queue
[2025-02-06T16:41:28.345+0000] {logging_mixin.py:190} INFO - [2025-02-06T16:41:28.344+0000] {dagbag.py:588} INFO - Filling up the DagBag from /home/airflow/.local/lib/python3.12/site-packages/airflow/example_dags/example_short_circuit_operator.py
[2025-02-06T16:41:28.357+0000] {processor.py:925} INFO - DAG(s) 'example_short_circuit_operator' retrieved from /home/airflow/.local/lib/python3.12/site-packages/airflow/example_dags/example_short_circuit_operator.py
[2025-02-06T16:41:28.385+0000] {logging_mixin.py:190} INFO - [2025-02-06T16:41:28.385+0000] {dag.py:3239} INFO - Sync 1 DAGs
[2025-02-06T16:41:28.403+0000] {logging_mixin.py:190} INFO - [2025-02-06T16:41:28.403+0000] {dag.py:4180} INFO - Setting next_dagrun for example_short_circuit_operator to None, run_after=None
[2025-02-06T16:41:28.426+0000] {processor.py:208} INFO - Processing /home/airflow/.local/lib/python3.12/site-packages/airflow/example_dags/example_short_circuit_operator.py took 0.093 seconds
[2025-02-06T16:41:58.628+0000] {processor.py:186} INFO - Started process (PID=669) to work on /home/airflow/.local/lib/python3.12/site-packages/airflow/example_dags/example_short_circuit_operator.py
[2025-02-06T16:41:58.629+0000] {processor.py:914} INFO - Processing file /home/airflow/.local/lib/python3.12/site-packages/airflow/example_dags/example_short_circuit_operator.py for tasks to queue
[2025-02-06T16:41:58.632+0000] {logging_mixin.py:190} INFO - [2025-02-06T16:41:58.632+0000] {dagbag.py:588} INFO - Filling up the DagBag from /home/airflow/.local/lib/python3.12/site-packages/airflow/example_dags/example_short_circuit_operator.py
[2025-02-06T16:41:58.645+0000] {processor.py:925} INFO - DAG(s) 'example_short_circuit_operator' retrieved from /home/airflow/.local/lib/python3.12/site-packages/airflow/example_dags/example_short_circuit_operator.py
[2025-02-06T16:41:58.673+0000] {logging_mixin.py:190} INFO - [2025-02-06T16:41:58.673+0000] {dag.py:3239} INFO - Sync 1 DAGs
[2025-02-06T16:41:58.691+0000] {logging_mixin.py:190} INFO - [2025-02-06T16:41:58.690+0000] {dag.py:4180} INFO - Setting next_dagrun for example_short_circuit_operator to None, run_after=None
[2025-02-06T16:41:58.713+0000] {processor.py:208} INFO - Processing /home/airflow/.local/lib/python3.12/site-packages/airflow/example_dags/example_short_circuit_operator.py took 0.093 seconds
[2025-02-06T16:42:29.292+0000] {processor.py:186} INFO - Started process (PID=726) to work on /home/airflow/.local/lib/python3.12/site-packages/airflow/example_dags/example_short_circuit_operator.py
[2025-02-06T16:42:29.293+0000] {processor.py:914} INFO - Processing file /home/airflow/.local/lib/python3.12/site-packages/airflow/example_dags/example_short_circuit_operator.py for tasks to queue
[2025-02-06T16:42:29.296+0000] {logging_mixin.py:190} INFO - [2025-02-06T16:42:29.296+0000] {dagbag.py:588} INFO - Filling up the DagBag from /home/airflow/.local/lib/python3.12/site-packages/airflow/example_dags/example_short_circuit_operator.py
[2025-02-06T16:42:29.306+0000] {processor.py:925} INFO - DAG(s) 'example_short_circuit_operator' retrieved from /home/airflow/.local/lib/python3.12/site-packages/airflow/example_dags/example_short_circuit_operator.py
[2025-02-06T16:42:29.335+0000] {logging_mixin.py:190} INFO - [2025-02-06T16:42:29.335+0000] {dag.py:3239} INFO - Sync 1 DAGs
[2025-02-06T16:42:29.353+0000] {logging_mixin.py:190} INFO - [2025-02-06T16:42:29.352+0000] {dag.py:4180} INFO - Setting next_dagrun for example_short_circuit_operator to None, run_after=None
[2025-02-06T16:42:29.375+0000] {processor.py:208} INFO - Processing /home/airflow/.local/lib/python3.12/site-packages/airflow/example_dags/example_short_circuit_operator.py took 0.090 seconds
[2025-02-06T16:42:59.454+0000] {processor.py:186} INFO - Started process (PID=782) to work on /home/airflow/.local/lib/python3.12/site-packages/airflow/example_dags/example_short_circuit_operator.py
[2025-02-06T16:42:59.455+0000] {processor.py:914} INFO - Processing file /home/airflow/.local/lib/python3.12/site-packages/airflow/example_dags/example_short_circuit_operator.py for tasks to queue
[2025-02-06T16:42:59.459+0000] {logging_mixin.py:190} INFO - [2025-02-06T16:42:59.459+0000] {dagbag.py:588} INFO - Filling up the DagBag from /home/airflow/.local/lib/python3.12/site-packages/airflow/example_dags/example_short_circuit_operator.py
[2025-02-06T16:42:59.469+0000] {processor.py:925} INFO - DAG(s) 'example_short_circuit_operator' retrieved from /home/airflow/.local/lib/python3.12/site-packages/airflow/example_dags/example_short_circuit_operator.py
[2025-02-06T16:42:59.498+0000] {logging_mixin.py:190} INFO - [2025-02-06T16:42:59.497+0000] {dag.py:3239} INFO - Sync 1 DAGs
[2025-02-06T16:42:59.517+0000] {logging_mixin.py:190} INFO - [2025-02-06T16:42:59.516+0000] {dag.py:4180} INFO - Setting next_dagrun for example_short_circuit_operator to None, run_after=None
[2025-02-06T16:42:59.550+0000] {processor.py:208} INFO - Processing /home/airflow/.local/lib/python3.12/site-packages/airflow/example_dags/example_short_circuit_operator.py took 0.103 seconds
[2025-02-06T16:43:30.137+0000] {processor.py:186} INFO - Started process (PID=840) to work on /home/airflow/.local/lib/python3.12/site-packages/airflow/example_dags/example_short_circuit_operator.py
[2025-02-06T16:43:30.147+0000] {processor.py:914} INFO - Processing file /home/airflow/.local/lib/python3.12/site-packages/airflow/example_dags/example_short_circuit_operator.py for tasks to queue
[2025-02-06T16:43:30.154+0000] {logging_mixin.py:190} INFO - [2025-02-06T16:43:30.153+0000] {dagbag.py:588} INFO - Filling up the DagBag from /home/airflow/.local/lib/python3.12/site-packages/airflow/example_dags/example_short_circuit_operator.py
[2025-02-06T16:43:30.201+0000] {processor.py:925} INFO - DAG(s) 'example_short_circuit_operator' retrieved from /home/airflow/.local/lib/python3.12/site-packages/airflow/example_dags/example_short_circuit_operator.py
[2025-02-06T16:43:30.299+0000] {logging_mixin.py:190} INFO - [2025-02-06T16:43:30.298+0000] {dag.py:3239} INFO - Sync 1 DAGs
[2025-02-06T16:43:30.367+0000] {logging_mixin.py:190} INFO - [2025-02-06T16:43:30.367+0000] {dag.py:4180} INFO - Setting next_dagrun for example_short_circuit_operator to None, run_after=None
[2025-02-06T16:43:30.468+0000] {processor.py:208} INFO - Processing /home/airflow/.local/lib/python3.12/site-packages/airflow/example_dags/example_short_circuit_operator.py took 0.352 seconds
[2025-02-06T16:44:01.065+0000] {processor.py:186} INFO - Started process (PID=897) to work on /home/airflow/.local/lib/python3.12/site-packages/airflow/example_dags/example_short_circuit_operator.py
[2025-02-06T16:44:01.067+0000] {processor.py:914} INFO - Processing file /home/airflow/.local/lib/python3.12/site-packages/airflow/example_dags/example_short_circuit_operator.py for tasks to queue
[2025-02-06T16:44:01.070+0000] {logging_mixin.py:190} INFO - [2025-02-06T16:44:01.070+0000] {dagbag.py:588} INFO - Filling up the DagBag from /home/airflow/.local/lib/python3.12/site-packages/airflow/example_dags/example_short_circuit_operator.py
[2025-02-06T16:44:01.082+0000] {processor.py:925} INFO - DAG(s) 'example_short_circuit_operator' retrieved from /home/airflow/.local/lib/python3.12/site-packages/airflow/example_dags/example_short_circuit_operator.py
[2025-02-06T16:44:01.115+0000] {logging_mixin.py:190} INFO - [2025-02-06T16:44:01.115+0000] {dag.py:3239} INFO - Sync 1 DAGs
[2025-02-06T16:44:01.136+0000] {logging_mixin.py:190} INFO - [2025-02-06T16:44:01.135+0000] {dag.py:4180} INFO - Setting next_dagrun for example_short_circuit_operator to None, run_after=None
[2025-02-06T16:44:01.170+0000] {processor.py:208} INFO - Processing /home/airflow/.local/lib/python3.12/site-packages/airflow/example_dags/example_short_circuit_operator.py took 0.113 seconds
[2025-02-06T16:44:31.852+0000] {processor.py:186} INFO - Started process (PID=954) to work on /home/airflow/.local/lib/python3.12/site-packages/airflow/example_dags/example_short_circuit_operator.py
[2025-02-06T16:44:31.854+0000] {processor.py:914} INFO - Processing file /home/airflow/.local/lib/python3.12/site-packages/airflow/example_dags/example_short_circuit_operator.py for tasks to queue
[2025-02-06T16:44:31.859+0000] {logging_mixin.py:190} INFO - [2025-02-06T16:44:31.858+0000] {dagbag.py:588} INFO - Filling up the DagBag from /home/airflow/.local/lib/python3.12/site-packages/airflow/example_dags/example_short_circuit_operator.py
[2025-02-06T16:44:31.881+0000] {processor.py:925} INFO - DAG(s) 'example_short_circuit_operator' retrieved from /home/airflow/.local/lib/python3.12/site-packages/airflow/example_dags/example_short_circuit_operator.py
[2025-02-06T16:44:31.978+0000] {logging_mixin.py:190} INFO - [2025-02-06T16:44:31.969+0000] {dag.py:3239} INFO - Sync 1 DAGs
[2025-02-06T16:44:32.052+0000] {logging_mixin.py:190} INFO - [2025-02-06T16:44:32.051+0000] {dag.py:4180} INFO - Setting next_dagrun for example_short_circuit_operator to None, run_after=None
[2025-02-06T16:44:32.162+0000] {processor.py:208} INFO - Processing /home/airflow/.local/lib/python3.12/site-packages/airflow/example_dags/example_short_circuit_operator.py took 0.331 seconds
[2025-02-06T16:45:04.719+0000] {processor.py:186} INFO - Started process (PID=1012) to work on /home/airflow/.local/lib/python3.12/site-packages/airflow/example_dags/example_short_circuit_operator.py
[2025-02-06T16:45:04.721+0000] {processor.py:914} INFO - Processing file /home/airflow/.local/lib/python3.12/site-packages/airflow/example_dags/example_short_circuit_operator.py for tasks to queue
[2025-02-06T16:45:04.725+0000] {logging_mixin.py:190} INFO - [2025-02-06T16:45:04.724+0000] {dagbag.py:588} INFO - Filling up the DagBag from /home/airflow/.local/lib/python3.12/site-packages/airflow/example_dags/example_short_circuit_operator.py
[2025-02-06T16:45:04.737+0000] {processor.py:925} INFO - DAG(s) 'example_short_circuit_operator' retrieved from /home/airflow/.local/lib/python3.12/site-packages/airflow/example_dags/example_short_circuit_operator.py
[2025-02-06T16:45:04.767+0000] {logging_mixin.py:190} INFO - [2025-02-06T16:45:04.767+0000] {dag.py:3239} INFO - Sync 1 DAGs
[2025-02-06T16:45:04.787+0000] {logging_mixin.py:190} INFO - [2025-02-06T16:45:04.787+0000] {dag.py:4180} INFO - Setting next_dagrun for example_short_circuit_operator to None, run_after=None
[2025-02-06T16:45:04.813+0000] {processor.py:208} INFO - Processing /home/airflow/.local/lib/python3.12/site-packages/airflow/example_dags/example_short_circuit_operator.py took 0.103 seconds
[2025-02-06T16:45:36.873+0000] {processor.py:186} INFO - Started process (PID=1069) to work on /home/airflow/.local/lib/python3.12/site-packages/airflow/example_dags/example_short_circuit_operator.py
[2025-02-06T16:45:36.874+0000] {processor.py:914} INFO - Processing file /home/airflow/.local/lib/python3.12/site-packages/airflow/example_dags/example_short_circuit_operator.py for tasks to queue
[2025-02-06T16:45:36.877+0000] {logging_mixin.py:190} INFO - [2025-02-06T16:45:36.877+0000] {dagbag.py:588} INFO - Filling up the DagBag from /home/airflow/.local/lib/python3.12/site-packages/airflow/example_dags/example_short_circuit_operator.py
[2025-02-06T16:45:36.887+0000] {processor.py:925} INFO - DAG(s) 'example_short_circuit_operator' retrieved from /home/airflow/.local/lib/python3.12/site-packages/airflow/example_dags/example_short_circuit_operator.py
[2025-02-06T16:45:36.921+0000] {logging_mixin.py:190} INFO - [2025-02-06T16:45:36.921+0000] {dag.py:3239} INFO - Sync 1 DAGs
[2025-02-06T16:45:36.938+0000] {logging_mixin.py:190} INFO - [2025-02-06T16:45:36.938+0000] {dag.py:4180} INFO - Setting next_dagrun for example_short_circuit_operator to None, run_after=None
[2025-02-06T16:45:36.961+0000] {processor.py:208} INFO - Processing /home/airflow/.local/lib/python3.12/site-packages/airflow/example_dags/example_short_circuit_operator.py took 0.095 seconds
[2025-02-06T16:46:07.774+0000] {processor.py:186} INFO - Started process (PID=1123) to work on /home/airflow/.local/lib/python3.12/site-packages/airflow/example_dags/example_short_circuit_operator.py
[2025-02-06T16:46:07.775+0000] {processor.py:914} INFO - Processing file /home/airflow/.local/lib/python3.12/site-packages/airflow/example_dags/example_short_circuit_operator.py for tasks to queue
[2025-02-06T16:46:07.779+0000] {logging_mixin.py:190} INFO - [2025-02-06T16:46:07.778+0000] {dagbag.py:588} INFO - Filling up the DagBag from /home/airflow/.local/lib/python3.12/site-packages/airflow/example_dags/example_short_circuit_operator.py
[2025-02-06T16:46:07.789+0000] {processor.py:925} INFO - DAG(s) 'example_short_circuit_operator' retrieved from /home/airflow/.local/lib/python3.12/site-packages/airflow/example_dags/example_short_circuit_operator.py
[2025-02-06T16:46:07.818+0000] {logging_mixin.py:190} INFO - [2025-02-06T16:46:07.818+0000] {dag.py:3239} INFO - Sync 1 DAGs
[2025-02-06T16:46:07.837+0000] {logging_mixin.py:190} INFO - [2025-02-06T16:46:07.837+0000] {dag.py:4180} INFO - Setting next_dagrun for example_short_circuit_operator to None, run_after=None
[2025-02-06T16:46:07.861+0000] {processor.py:208} INFO - Processing /home/airflow/.local/lib/python3.12/site-packages/airflow/example_dags/example_short_circuit_operator.py took 0.094 seconds
[2025-02-06T16:46:38.700+0000] {processor.py:186} INFO - Started process (PID=1180) to work on /home/airflow/.local/lib/python3.12/site-packages/airflow/example_dags/example_short_circuit_operator.py
[2025-02-06T16:46:38.701+0000] {processor.py:914} INFO - Processing file /home/airflow/.local/lib/python3.12/site-packages/airflow/example_dags/example_short_circuit_operator.py for tasks to queue
[2025-02-06T16:46:38.705+0000] {logging_mixin.py:190} INFO - [2025-02-06T16:46:38.704+0000] {dagbag.py:588} INFO - Filling up the DagBag from /home/airflow/.local/lib/python3.12/site-packages/airflow/example_dags/example_short_circuit_operator.py
[2025-02-06T16:46:38.715+0000] {processor.py:925} INFO - DAG(s) 'example_short_circuit_operator' retrieved from /home/airflow/.local/lib/python3.12/site-packages/airflow/example_dags/example_short_circuit_operator.py
[2025-02-06T16:46:38.744+0000] {logging_mixin.py:190} INFO - [2025-02-06T16:46:38.743+0000] {dag.py:3239} INFO - Sync 1 DAGs
[2025-02-06T16:46:38.765+0000] {logging_mixin.py:190} INFO - [2025-02-06T16:46:38.764+0000] {dag.py:4180} INFO - Setting next_dagrun for example_short_circuit_operator to None, run_after=None
[2025-02-06T16:46:38.792+0000] {processor.py:208} INFO - Processing /home/airflow/.local/lib/python3.12/site-packages/airflow/example_dags/example_short_circuit_operator.py took 0.100 seconds
[2025-02-06T16:47:09.483+0000] {processor.py:186} INFO - Started process (PID=1236) to work on /home/airflow/.local/lib/python3.12/site-packages/airflow/example_dags/example_short_circuit_operator.py
[2025-02-06T16:47:09.492+0000] {processor.py:914} INFO - Processing file /home/airflow/.local/lib/python3.12/site-packages/airflow/example_dags/example_short_circuit_operator.py for tasks to queue
[2025-02-06T16:47:09.495+0000] {logging_mixin.py:190} INFO - [2025-02-06T16:47:09.495+0000] {dagbag.py:588} INFO - Filling up the DagBag from /home/airflow/.local/lib/python3.12/site-packages/airflow/example_dags/example_short_circuit_operator.py
[2025-02-06T16:47:09.519+0000] {processor.py:925} INFO - DAG(s) 'example_short_circuit_operator' retrieved from /home/airflow/.local/lib/python3.12/site-packages/airflow/example_dags/example_short_circuit_operator.py
[2025-02-06T16:47:09.581+0000] {logging_mixin.py:190} INFO - [2025-02-06T16:47:09.581+0000] {dag.py:3239} INFO - Sync 1 DAGs
[2025-02-06T16:47:09.622+0000] {logging_mixin.py:190} INFO - [2025-02-06T16:47:09.622+0000] {dag.py:4180} INFO - Setting next_dagrun for example_short_circuit_operator to None, run_after=None
[2025-02-06T16:47:09.674+0000] {processor.py:208} INFO - Processing /home/airflow/.local/lib/python3.12/site-packages/airflow/example_dags/example_short_circuit_operator.py took 0.201 seconds
[2025-02-06T16:47:40.143+0000] {processor.py:186} INFO - Started process (PID=1292) to work on /home/airflow/.local/lib/python3.12/site-packages/airflow/example_dags/example_short_circuit_operator.py
[2025-02-06T16:47:40.145+0000] {processor.py:914} INFO - Processing file /home/airflow/.local/lib/python3.12/site-packages/airflow/example_dags/example_short_circuit_operator.py for tasks to queue
[2025-02-06T16:47:40.149+0000] {logging_mixin.py:190} INFO - [2025-02-06T16:47:40.148+0000] {dagbag.py:588} INFO - Filling up the DagBag from /home/airflow/.local/lib/python3.12/site-packages/airflow/example_dags/example_short_circuit_operator.py
[2025-02-06T16:47:40.165+0000] {processor.py:925} INFO - DAG(s) 'example_short_circuit_operator' retrieved from /home/airflow/.local/lib/python3.12/site-packages/airflow/example_dags/example_short_circuit_operator.py
[2025-02-06T16:47:40.201+0000] {logging_mixin.py:190} INFO - [2025-02-06T16:47:40.201+0000] {dag.py:3239} INFO - Sync 1 DAGs
[2025-02-06T16:47:40.220+0000] {logging_mixin.py:190} INFO - [2025-02-06T16:47:40.220+0000] {dag.py:4180} INFO - Setting next_dagrun for example_short_circuit_operator to None, run_after=None
[2025-02-06T16:47:40.248+0000] {processor.py:208} INFO - Processing /home/airflow/.local/lib/python3.12/site-packages/airflow/example_dags/example_short_circuit_operator.py took 0.113 seconds
[2025-02-06T16:48:10.676+0000] {processor.py:186} INFO - Started process (PID=1349) to work on /home/airflow/.local/lib/python3.12/site-packages/airflow/example_dags/example_short_circuit_operator.py
[2025-02-06T16:48:10.678+0000] {processor.py:914} INFO - Processing file /home/airflow/.local/lib/python3.12/site-packages/airflow/example_dags/example_short_circuit_operator.py for tasks to queue
[2025-02-06T16:48:10.681+0000] {logging_mixin.py:190} INFO - [2025-02-06T16:48:10.681+0000] {dagbag.py:588} INFO - Filling up the DagBag from /home/airflow/.local/lib/python3.12/site-packages/airflow/example_dags/example_short_circuit_operator.py
[2025-02-06T16:48:10.692+0000] {processor.py:925} INFO - DAG(s) 'example_short_circuit_operator' retrieved from /home/airflow/.local/lib/python3.12/site-packages/airflow/example_dags/example_short_circuit_operator.py
[2025-02-06T16:48:10.724+0000] {logging_mixin.py:190} INFO - [2025-02-06T16:48:10.724+0000] {dag.py:3239} INFO - Sync 1 DAGs
[2025-02-06T16:48:10.742+0000] {logging_mixin.py:190} INFO - [2025-02-06T16:48:10.741+0000] {dag.py:4180} INFO - Setting next_dagrun for example_short_circuit_operator to None, run_after=None
[2025-02-06T16:48:10.773+0000] {processor.py:208} INFO - Processing /home/airflow/.local/lib/python3.12/site-packages/airflow/example_dags/example_short_circuit_operator.py took 0.104 seconds
[2025-02-06T16:48:40.877+0000] {processor.py:186} INFO - Started process (PID=1406) to work on /home/airflow/.local/lib/python3.12/site-packages/airflow/example_dags/example_short_circuit_operator.py
[2025-02-06T16:48:40.879+0000] {processor.py:914} INFO - Processing file /home/airflow/.local/lib/python3.12/site-packages/airflow/example_dags/example_short_circuit_operator.py for tasks to queue
[2025-02-06T16:48:40.882+0000] {logging_mixin.py:190} INFO - [2025-02-06T16:48:40.881+0000] {dagbag.py:588} INFO - Filling up the DagBag from /home/airflow/.local/lib/python3.12/site-packages/airflow/example_dags/example_short_circuit_operator.py
[2025-02-06T16:48:40.892+0000] {processor.py:925} INFO - DAG(s) 'example_short_circuit_operator' retrieved from /home/airflow/.local/lib/python3.12/site-packages/airflow/example_dags/example_short_circuit_operator.py
[2025-02-06T16:48:40.921+0000] {logging_mixin.py:190} INFO - [2025-02-06T16:48:40.921+0000] {dag.py:3239} INFO - Sync 1 DAGs
[2025-02-06T16:48:40.941+0000] {logging_mixin.py:190} INFO - [2025-02-06T16:48:40.940+0000] {dag.py:4180} INFO - Setting next_dagrun for example_short_circuit_operator to None, run_after=None
[2025-02-06T16:48:40.968+0000] {processor.py:208} INFO - Processing /home/airflow/.local/lib/python3.12/site-packages/airflow/example_dags/example_short_circuit_operator.py took 0.098 seconds
[2025-02-06T16:49:11.463+0000] {processor.py:186} INFO - Started process (PID=1463) to work on /home/airflow/.local/lib/python3.12/site-packages/airflow/example_dags/example_short_circuit_operator.py
[2025-02-06T16:49:11.465+0000] {processor.py:914} INFO - Processing file /home/airflow/.local/lib/python3.12/site-packages/airflow/example_dags/example_short_circuit_operator.py for tasks to queue
[2025-02-06T16:49:11.469+0000] {logging_mixin.py:190} INFO - [2025-02-06T16:49:11.468+0000] {dagbag.py:588} INFO - Filling up the DagBag from /home/airflow/.local/lib/python3.12/site-packages/airflow/example_dags/example_short_circuit_operator.py
[2025-02-06T16:49:11.480+0000] {processor.py:925} INFO - DAG(s) 'example_short_circuit_operator' retrieved from /home/airflow/.local/lib/python3.12/site-packages/airflow/example_dags/example_short_circuit_operator.py
[2025-02-06T16:49:11.513+0000] {logging_mixin.py:190} INFO - [2025-02-06T16:49:11.513+0000] {dag.py:3239} INFO - Sync 1 DAGs
[2025-02-06T16:49:11.531+0000] {logging_mixin.py:190} INFO - [2025-02-06T16:49:11.531+0000] {dag.py:4180} INFO - Setting next_dagrun for example_short_circuit_operator to None, run_after=None
[2025-02-06T16:49:11.555+0000] {processor.py:208} INFO - Processing /home/airflow/.local/lib/python3.12/site-packages/airflow/example_dags/example_short_circuit_operator.py took 0.100 seconds
[2025-02-06T16:49:41.856+0000] {processor.py:186} INFO - Started process (PID=1520) to work on /home/airflow/.local/lib/python3.12/site-packages/airflow/example_dags/example_short_circuit_operator.py
[2025-02-06T16:49:41.857+0000] {processor.py:914} INFO - Processing file /home/airflow/.local/lib/python3.12/site-packages/airflow/example_dags/example_short_circuit_operator.py for tasks to queue
[2025-02-06T16:49:41.860+0000] {logging_mixin.py:190} INFO - [2025-02-06T16:49:41.860+0000] {dagbag.py:588} INFO - Filling up the DagBag from /home/airflow/.local/lib/python3.12/site-packages/airflow/example_dags/example_short_circuit_operator.py
[2025-02-06T16:49:41.872+0000] {processor.py:925} INFO - DAG(s) 'example_short_circuit_operator' retrieved from /home/airflow/.local/lib/python3.12/site-packages/airflow/example_dags/example_short_circuit_operator.py
[2025-02-06T16:49:41.907+0000] {logging_mixin.py:190} INFO - [2025-02-06T16:49:41.907+0000] {dag.py:3239} INFO - Sync 1 DAGs
[2025-02-06T16:49:41.939+0000] {logging_mixin.py:190} INFO - [2025-02-06T16:49:41.939+0000] {dag.py:4180} INFO - Setting next_dagrun for example_short_circuit_operator to None, run_after=None
[2025-02-06T16:49:41.967+0000] {processor.py:208} INFO - Processing /home/airflow/.local/lib/python3.12/site-packages/airflow/example_dags/example_short_circuit_operator.py took 0.121 seconds
[2025-02-06T16:50:12.050+0000] {processor.py:186} INFO - Started process (PID=1576) to work on /home/airflow/.local/lib/python3.12/site-packages/airflow/example_dags/example_short_circuit_operator.py
[2025-02-06T16:50:12.052+0000] {processor.py:914} INFO - Processing file /home/airflow/.local/lib/python3.12/site-packages/airflow/example_dags/example_short_circuit_operator.py for tasks to queue
[2025-02-06T16:50:12.055+0000] {logging_mixin.py:190} INFO - [2025-02-06T16:50:12.054+0000] {dagbag.py:588} INFO - Filling up the DagBag from /home/airflow/.local/lib/python3.12/site-packages/airflow/example_dags/example_short_circuit_operator.py
[2025-02-06T16:50:12.069+0000] {processor.py:925} INFO - DAG(s) 'example_short_circuit_operator' retrieved from /home/airflow/.local/lib/python3.12/site-packages/airflow/example_dags/example_short_circuit_operator.py
[2025-02-06T16:50:12.100+0000] {logging_mixin.py:190} INFO - [2025-02-06T16:50:12.099+0000] {dag.py:3239} INFO - Sync 1 DAGs
[2025-02-06T16:50:12.118+0000] {logging_mixin.py:190} INFO - [2025-02-06T16:50:12.117+0000] {dag.py:4180} INFO - Setting next_dagrun for example_short_circuit_operator to None, run_after=None
[2025-02-06T16:50:12.144+0000] {processor.py:208} INFO - Processing /home/airflow/.local/lib/python3.12/site-packages/airflow/example_dags/example_short_circuit_operator.py took 0.102 seconds
[2025-02-06T16:50:42.314+0000] {processor.py:186} INFO - Started process (PID=1632) to work on /home/airflow/.local/lib/python3.12/site-packages/airflow/example_dags/example_short_circuit_operator.py
[2025-02-06T16:50:42.315+0000] {processor.py:914} INFO - Processing file /home/airflow/.local/lib/python3.12/site-packages/airflow/example_dags/example_short_circuit_operator.py for tasks to queue
[2025-02-06T16:50:42.318+0000] {logging_mixin.py:190} INFO - [2025-02-06T16:50:42.318+0000] {dagbag.py:588} INFO - Filling up the DagBag from /home/airflow/.local/lib/python3.12/site-packages/airflow/example_dags/example_short_circuit_operator.py
[2025-02-06T16:50:42.329+0000] {processor.py:925} INFO - DAG(s) 'example_short_circuit_operator' retrieved from /home/airflow/.local/lib/python3.12/site-packages/airflow/example_dags/example_short_circuit_operator.py
[2025-02-06T16:50:42.358+0000] {logging_mixin.py:190} INFO - [2025-02-06T16:50:42.358+0000] {dag.py:3239} INFO - Sync 1 DAGs
[2025-02-06T16:50:42.377+0000] {logging_mixin.py:190} INFO - [2025-02-06T16:50:42.377+0000] {dag.py:4180} INFO - Setting next_dagrun for example_short_circuit_operator to None, run_after=None
[2025-02-06T16:50:42.407+0000] {processor.py:208} INFO - Processing /home/airflow/.local/lib/python3.12/site-packages/airflow/example_dags/example_short_circuit_operator.py took 0.100 seconds
[2025-02-06T16:51:12.962+0000] {processor.py:186} INFO - Started process (PID=1689) to work on /home/airflow/.local/lib/python3.12/site-packages/airflow/example_dags/example_short_circuit_operator.py
[2025-02-06T16:51:12.963+0000] {processor.py:914} INFO - Processing file /home/airflow/.local/lib/python3.12/site-packages/airflow/example_dags/example_short_circuit_operator.py for tasks to queue
[2025-02-06T16:51:12.966+0000] {logging_mixin.py:190} INFO - [2025-02-06T16:51:12.966+0000] {dagbag.py:588} INFO - Filling up the DagBag from /home/airflow/.local/lib/python3.12/site-packages/airflow/example_dags/example_short_circuit_operator.py
[2025-02-06T16:51:12.978+0000] {processor.py:925} INFO - DAG(s) 'example_short_circuit_operator' retrieved from /home/airflow/.local/lib/python3.12/site-packages/airflow/example_dags/example_short_circuit_operator.py
[2025-02-06T16:51:13.015+0000] {logging_mixin.py:190} INFO - [2025-02-06T16:51:13.014+0000] {dag.py:3239} INFO - Sync 1 DAGs
[2025-02-06T16:51:13.040+0000] {logging_mixin.py:190} INFO - [2025-02-06T16:51:13.039+0000] {dag.py:4180} INFO - Setting next_dagrun for example_short_circuit_operator to None, run_after=None
[2025-02-06T16:51:13.071+0000] {processor.py:208} INFO - Processing /home/airflow/.local/lib/python3.12/site-packages/airflow/example_dags/example_short_circuit_operator.py took 0.116 seconds
[2025-02-06T16:51:43.652+0000] {processor.py:186} INFO - Started process (PID=1746) to work on /home/airflow/.local/lib/python3.12/site-packages/airflow/example_dags/example_short_circuit_operator.py
[2025-02-06T16:51:43.653+0000] {processor.py:914} INFO - Processing file /home/airflow/.local/lib/python3.12/site-packages/airflow/example_dags/example_short_circuit_operator.py for tasks to queue
[2025-02-06T16:51:43.656+0000] {logging_mixin.py:190} INFO - [2025-02-06T16:51:43.656+0000] {dagbag.py:588} INFO - Filling up the DagBag from /home/airflow/.local/lib/python3.12/site-packages/airflow/example_dags/example_short_circuit_operator.py
[2025-02-06T16:51:43.667+0000] {processor.py:925} INFO - DAG(s) 'example_short_circuit_operator' retrieved from /home/airflow/.local/lib/python3.12/site-packages/airflow/example_dags/example_short_circuit_operator.py
[2025-02-06T16:51:43.699+0000] {logging_mixin.py:190} INFO - [2025-02-06T16:51:43.698+0000] {dag.py:3239} INFO - Sync 1 DAGs
[2025-02-06T16:51:43.718+0000] {logging_mixin.py:190} INFO - [2025-02-06T16:51:43.718+0000] {dag.py:4180} INFO - Setting next_dagrun for example_short_circuit_operator to None, run_after=None
[2025-02-06T16:51:43.744+0000] {processor.py:208} INFO - Processing /home/airflow/.local/lib/python3.12/site-packages/airflow/example_dags/example_short_circuit_operator.py took 0.098 seconds
[2025-02-06T16:52:14.063+0000] {processor.py:186} INFO - Started process (PID=1803) to work on /home/airflow/.local/lib/python3.12/site-packages/airflow/example_dags/example_short_circuit_operator.py
[2025-02-06T16:52:14.064+0000] {processor.py:914} INFO - Processing file /home/airflow/.local/lib/python3.12/site-packages/airflow/example_dags/example_short_circuit_operator.py for tasks to queue
[2025-02-06T16:52:14.068+0000] {logging_mixin.py:190} INFO - [2025-02-06T16:52:14.067+0000] {dagbag.py:588} INFO - Filling up the DagBag from /home/airflow/.local/lib/python3.12/site-packages/airflow/example_dags/example_short_circuit_operator.py
[2025-02-06T16:52:14.090+0000] {processor.py:925} INFO - DAG(s) 'example_short_circuit_operator' retrieved from /home/airflow/.local/lib/python3.12/site-packages/airflow/example_dags/example_short_circuit_operator.py
[2025-02-06T16:52:14.154+0000] {logging_mixin.py:190} INFO - [2025-02-06T16:52:14.153+0000] {dag.py:3239} INFO - Sync 1 DAGs
[2025-02-06T16:52:14.189+0000] {logging_mixin.py:190} INFO - [2025-02-06T16:52:14.189+0000] {dag.py:4180} INFO - Setting next_dagrun for example_short_circuit_operator to None, run_after=None
[2025-02-06T16:52:14.220+0000] {processor.py:208} INFO - Processing /home/airflow/.local/lib/python3.12/site-packages/airflow/example_dags/example_short_circuit_operator.py took 0.173 seconds
[2025-02-06T16:52:44.438+0000] {processor.py:186} INFO - Started process (PID=1860) to work on /home/airflow/.local/lib/python3.12/site-packages/airflow/example_dags/example_short_circuit_operator.py
[2025-02-06T16:52:44.439+0000] {processor.py:914} INFO - Processing file /home/airflow/.local/lib/python3.12/site-packages/airflow/example_dags/example_short_circuit_operator.py for tasks to queue
[2025-02-06T16:52:44.442+0000] {logging_mixin.py:190} INFO - [2025-02-06T16:52:44.442+0000] {dagbag.py:588} INFO - Filling up the DagBag from /home/airflow/.local/lib/python3.12/site-packages/airflow/example_dags/example_short_circuit_operator.py
[2025-02-06T16:52:44.453+0000] {processor.py:925} INFO - DAG(s) 'example_short_circuit_operator' retrieved from /home/airflow/.local/lib/python3.12/site-packages/airflow/example_dags/example_short_circuit_operator.py
[2025-02-06T16:52:44.481+0000] {logging_mixin.py:190} INFO - [2025-02-06T16:52:44.481+0000] {dag.py:3239} INFO - Sync 1 DAGs
[2025-02-06T16:52:44.500+0000] {logging_mixin.py:190} INFO - [2025-02-06T16:52:44.500+0000] {dag.py:4180} INFO - Setting next_dagrun for example_short_circuit_operator to None, run_after=None
[2025-02-06T16:52:44.550+0000] {processor.py:208} INFO - Processing /home/airflow/.local/lib/python3.12/site-packages/airflow/example_dags/example_short_circuit_operator.py took 0.119 seconds
[2025-02-06T16:53:14.782+0000] {processor.py:186} INFO - Started process (PID=1917) to work on /home/airflow/.local/lib/python3.12/site-packages/airflow/example_dags/example_short_circuit_operator.py
[2025-02-06T16:53:14.783+0000] {processor.py:914} INFO - Processing file /home/airflow/.local/lib/python3.12/site-packages/airflow/example_dags/example_short_circuit_operator.py for tasks to queue
[2025-02-06T16:53:14.786+0000] {logging_mixin.py:190} INFO - [2025-02-06T16:53:14.786+0000] {dagbag.py:588} INFO - Filling up the DagBag from /home/airflow/.local/lib/python3.12/site-packages/airflow/example_dags/example_short_circuit_operator.py
[2025-02-06T16:53:14.797+0000] {processor.py:925} INFO - DAG(s) 'example_short_circuit_operator' retrieved from /home/airflow/.local/lib/python3.12/site-packages/airflow/example_dags/example_short_circuit_operator.py
[2025-02-06T16:53:14.832+0000] {logging_mixin.py:190} INFO - [2025-02-06T16:53:14.832+0000] {dag.py:3239} INFO - Sync 1 DAGs
[2025-02-06T16:53:14.855+0000] {logging_mixin.py:190} INFO - [2025-02-06T16:53:14.855+0000] {dag.py:4180} INFO - Setting next_dagrun for example_short_circuit_operator to None, run_after=None
[2025-02-06T16:53:14.883+0000] {processor.py:208} INFO - Processing /home/airflow/.local/lib/python3.12/site-packages/airflow/example_dags/example_short_circuit_operator.py took 0.109 seconds
[2025-02-06T16:53:45.559+0000] {processor.py:186} INFO - Started process (PID=1974) to work on /home/airflow/.local/lib/python3.12/site-packages/airflow/example_dags/example_short_circuit_operator.py
[2025-02-06T16:53:45.560+0000] {processor.py:914} INFO - Processing file /home/airflow/.local/lib/python3.12/site-packages/airflow/example_dags/example_short_circuit_operator.py for tasks to queue
[2025-02-06T16:53:45.564+0000] {logging_mixin.py:190} INFO - [2025-02-06T16:53:45.563+0000] {dagbag.py:588} INFO - Filling up the DagBag from /home/airflow/.local/lib/python3.12/site-packages/airflow/example_dags/example_short_circuit_operator.py
[2025-02-06T16:53:45.579+0000] {processor.py:925} INFO - DAG(s) 'example_short_circuit_operator' retrieved from /home/airflow/.local/lib/python3.12/site-packages/airflow/example_dags/example_short_circuit_operator.py
[2025-02-06T16:53:45.612+0000] {logging_mixin.py:190} INFO - [2025-02-06T16:53:45.611+0000] {dag.py:3239} INFO - Sync 1 DAGs
[2025-02-06T16:53:45.645+0000] {logging_mixin.py:190} INFO - [2025-02-06T16:53:45.645+0000] {dag.py:4180} INFO - Setting next_dagrun for example_short_circuit_operator to None, run_after=None
[2025-02-06T16:53:45.685+0000] {processor.py:208} INFO - Processing /home/airflow/.local/lib/python3.12/site-packages/airflow/example_dags/example_short_circuit_operator.py took 0.134 seconds
[2025-02-06T16:54:16.224+0000] {processor.py:186} INFO - Started process (PID=2026) to work on /home/airflow/.local/lib/python3.12/site-packages/airflow/example_dags/example_short_circuit_operator.py
[2025-02-06T16:54:16.226+0000] {processor.py:914} INFO - Processing file /home/airflow/.local/lib/python3.12/site-packages/airflow/example_dags/example_short_circuit_operator.py for tasks to queue
[2025-02-06T16:54:16.230+0000] {logging_mixin.py:190} INFO - [2025-02-06T16:54:16.229+0000] {dagbag.py:588} INFO - Filling up the DagBag from /home/airflow/.local/lib/python3.12/site-packages/airflow/example_dags/example_short_circuit_operator.py
[2025-02-06T16:54:16.244+0000] {processor.py:925} INFO - DAG(s) 'example_short_circuit_operator' retrieved from /home/airflow/.local/lib/python3.12/site-packages/airflow/example_dags/example_short_circuit_operator.py
[2025-02-06T16:54:16.281+0000] {logging_mixin.py:190} INFO - [2025-02-06T16:54:16.281+0000] {dag.py:3239} INFO - Sync 1 DAGs
[2025-02-06T16:54:16.317+0000] {logging_mixin.py:190} INFO - [2025-02-06T16:54:16.316+0000] {dag.py:4180} INFO - Setting next_dagrun for example_short_circuit_operator to None, run_after=None
[2025-02-06T16:54:16.346+0000] {processor.py:208} INFO - Processing /home/airflow/.local/lib/python3.12/site-packages/airflow/example_dags/example_short_circuit_operator.py took 0.134 seconds
[2025-02-06T16:54:46.564+0000] {processor.py:186} INFO - Started process (PID=2083) to work on /home/airflow/.local/lib/python3.12/site-packages/airflow/example_dags/example_short_circuit_operator.py
[2025-02-06T16:54:46.566+0000] {processor.py:914} INFO - Processing file /home/airflow/.local/lib/python3.12/site-packages/airflow/example_dags/example_short_circuit_operator.py for tasks to queue
[2025-02-06T16:54:46.581+0000] {logging_mixin.py:190} INFO - [2025-02-06T16:54:46.580+0000] {dagbag.py:588} INFO - Filling up the DagBag from /home/airflow/.local/lib/python3.12/site-packages/airflow/example_dags/example_short_circuit_operator.py
[2025-02-06T16:54:46.622+0000] {processor.py:925} INFO - DAG(s) 'example_short_circuit_operator' retrieved from /home/airflow/.local/lib/python3.12/site-packages/airflow/example_dags/example_short_circuit_operator.py
[2025-02-06T16:54:46.707+0000] {logging_mixin.py:190} INFO - [2025-02-06T16:54:46.707+0000] {dag.py:3239} INFO - Sync 1 DAGs
[2025-02-06T16:54:46.771+0000] {logging_mixin.py:190} INFO - [2025-02-06T16:54:46.770+0000] {dag.py:4180} INFO - Setting next_dagrun for example_short_circuit_operator to None, run_after=None
[2025-02-06T16:54:46.899+0000] {processor.py:208} INFO - Processing /home/airflow/.local/lib/python3.12/site-packages/airflow/example_dags/example_short_circuit_operator.py took 0.355 seconds
[2025-02-06T16:55:17.313+0000] {processor.py:186} INFO - Started process (PID=2140) to work on /home/airflow/.local/lib/python3.12/site-packages/airflow/example_dags/example_short_circuit_operator.py
[2025-02-06T16:55:17.315+0000] {processor.py:914} INFO - Processing file /home/airflow/.local/lib/python3.12/site-packages/airflow/example_dags/example_short_circuit_operator.py for tasks to queue
[2025-02-06T16:55:17.317+0000] {logging_mixin.py:190} INFO - [2025-02-06T16:55:17.317+0000] {dagbag.py:588} INFO - Filling up the DagBag from /home/airflow/.local/lib/python3.12/site-packages/airflow/example_dags/example_short_circuit_operator.py
[2025-02-06T16:55:17.328+0000] {processor.py:925} INFO - DAG(s) 'example_short_circuit_operator' retrieved from /home/airflow/.local/lib/python3.12/site-packages/airflow/example_dags/example_short_circuit_operator.py
[2025-02-06T16:55:17.357+0000] {logging_mixin.py:190} INFO - [2025-02-06T16:55:17.357+0000] {dag.py:3239} INFO - Sync 1 DAGs
[2025-02-06T16:55:17.376+0000] {logging_mixin.py:190} INFO - [2025-02-06T16:55:17.375+0000] {dag.py:4180} INFO - Setting next_dagrun for example_short_circuit_operator to None, run_after=None
[2025-02-06T16:55:17.398+0000] {processor.py:208} INFO - Processing /home/airflow/.local/lib/python3.12/site-packages/airflow/example_dags/example_short_circuit_operator.py took 0.093 seconds
[2025-02-06T17:23:29.797+0000] {processor.py:186} INFO - Started process (PID=45) to work on /home/airflow/.local/lib/python3.12/site-packages/airflow/example_dags/example_short_circuit_operator.py
[2025-02-06T17:23:29.799+0000] {processor.py:914} INFO - Processing file /home/airflow/.local/lib/python3.12/site-packages/airflow/example_dags/example_short_circuit_operator.py for tasks to queue
[2025-02-06T17:23:29.804+0000] {logging_mixin.py:190} INFO - [2025-02-06T17:23:29.803+0000] {dagbag.py:588} INFO - Filling up the DagBag from /home/airflow/.local/lib/python3.12/site-packages/airflow/example_dags/example_short_circuit_operator.py
[2025-02-06T17:23:29.828+0000] {processor.py:925} INFO - DAG(s) 'example_short_circuit_operator' retrieved from /home/airflow/.local/lib/python3.12/site-packages/airflow/example_dags/example_short_circuit_operator.py
[2025-02-06T17:23:30.035+0000] {logging_mixin.py:190} INFO - [2025-02-06T17:23:30.035+0000] {override.py:1911} INFO - Created Permission View: can delete on DAG:example_short_circuit_operator
[2025-02-06T17:23:30.048+0000] {logging_mixin.py:190} INFO - [2025-02-06T17:23:30.048+0000] {override.py:1911} INFO - Created Permission View: can read on DAG:example_short_circuit_operator
[2025-02-06T17:23:30.058+0000] {logging_mixin.py:190} INFO - [2025-02-06T17:23:30.058+0000] {override.py:1911} INFO - Created Permission View: can edit on DAG:example_short_circuit_operator
[2025-02-06T17:23:30.070+0000] {logging_mixin.py:190} INFO - [2025-02-06T17:23:30.070+0000] {override.py:1911} INFO - Created Permission View: menu access on DAG Run:example_short_circuit_operator
[2025-02-06T17:23:30.082+0000] {logging_mixin.py:190} INFO - [2025-02-06T17:23:30.082+0000] {override.py:1911} INFO - Created Permission View: can delete on DAG Run:example_short_circuit_operator
[2025-02-06T17:23:30.095+0000] {logging_mixin.py:190} INFO - [2025-02-06T17:23:30.094+0000] {override.py:1911} INFO - Created Permission View: can create on DAG Run:example_short_circuit_operator
[2025-02-06T17:23:30.104+0000] {logging_mixin.py:190} INFO - [2025-02-06T17:23:30.104+0000] {override.py:1911} INFO - Created Permission View: can read on DAG Run:example_short_circuit_operator
[2025-02-06T17:23:30.105+0000] {logging_mixin.py:190} INFO - [2025-02-06T17:23:30.105+0000] {dag.py:3239} INFO - Sync 1 DAGs
[2025-02-06T17:23:30.124+0000] {logging_mixin.py:190} INFO - [2025-02-06T17:23:30.124+0000] {dag.py:3262} INFO - Creating ORM DAG for example_short_circuit_operator
[2025-02-06T17:23:30.125+0000] {logging_mixin.py:190} INFO - [2025-02-06T17:23:30.125+0000] {dag.py:4180} INFO - Setting next_dagrun for example_short_circuit_operator to None, run_after=None
[2025-02-06T17:23:30.149+0000] {processor.py:208} INFO - Processing /home/airflow/.local/lib/python3.12/site-packages/airflow/example_dags/example_short_circuit_operator.py took 0.360 seconds
[2025-02-06T17:24:01.039+0000] {processor.py:186} INFO - Started process (PID=102) to work on /home/airflow/.local/lib/python3.12/site-packages/airflow/example_dags/example_short_circuit_operator.py
[2025-02-06T17:24:01.044+0000] {processor.py:914} INFO - Processing file /home/airflow/.local/lib/python3.12/site-packages/airflow/example_dags/example_short_circuit_operator.py for tasks to queue
[2025-02-06T17:24:01.049+0000] {logging_mixin.py:190} INFO - [2025-02-06T17:24:01.048+0000] {dagbag.py:588} INFO - Filling up the DagBag from /home/airflow/.local/lib/python3.12/site-packages/airflow/example_dags/example_short_circuit_operator.py
[2025-02-06T17:24:01.060+0000] {processor.py:925} INFO - DAG(s) 'example_short_circuit_operator' retrieved from /home/airflow/.local/lib/python3.12/site-packages/airflow/example_dags/example_short_circuit_operator.py
[2025-02-06T17:24:01.121+0000] {logging_mixin.py:190} INFO - [2025-02-06T17:24:01.121+0000] {dag.py:3239} INFO - Sync 1 DAGs
[2025-02-06T17:24:01.156+0000] {logging_mixin.py:190} INFO - [2025-02-06T17:24:01.156+0000] {dag.py:4180} INFO - Setting next_dagrun for example_short_circuit_operator to None, run_after=None
[2025-02-06T17:24:01.202+0000] {processor.py:208} INFO - Processing /home/airflow/.local/lib/python3.12/site-packages/airflow/example_dags/example_short_circuit_operator.py took 0.172 seconds
[2025-02-06T17:24:32.023+0000] {processor.py:186} INFO - Started process (PID=158) to work on /home/airflow/.local/lib/python3.12/site-packages/airflow/example_dags/example_short_circuit_operator.py
[2025-02-06T17:24:32.024+0000] {processor.py:914} INFO - Processing file /home/airflow/.local/lib/python3.12/site-packages/airflow/example_dags/example_short_circuit_operator.py for tasks to queue
[2025-02-06T17:24:32.042+0000] {logging_mixin.py:190} INFO - [2025-02-06T17:24:32.041+0000] {dagbag.py:588} INFO - Filling up the DagBag from /home/airflow/.local/lib/python3.12/site-packages/airflow/example_dags/example_short_circuit_operator.py
[2025-02-06T17:24:32.077+0000] {processor.py:925} INFO - DAG(s) 'example_short_circuit_operator' retrieved from /home/airflow/.local/lib/python3.12/site-packages/airflow/example_dags/example_short_circuit_operator.py
[2025-02-06T17:24:32.133+0000] {logging_mixin.py:190} INFO - [2025-02-06T17:24:32.132+0000] {dag.py:3239} INFO - Sync 1 DAGs
[2025-02-06T17:24:32.168+0000] {logging_mixin.py:190} INFO - [2025-02-06T17:24:32.167+0000] {dag.py:4180} INFO - Setting next_dagrun for example_short_circuit_operator to None, run_after=None
[2025-02-06T17:24:32.204+0000] {processor.py:208} INFO - Processing /home/airflow/.local/lib/python3.12/site-packages/airflow/example_dags/example_short_circuit_operator.py took 0.202 seconds
[2025-02-06T17:25:02.268+0000] {processor.py:186} INFO - Started process (PID=214) to work on /home/airflow/.local/lib/python3.12/site-packages/airflow/example_dags/example_short_circuit_operator.py
[2025-02-06T17:25:02.269+0000] {processor.py:914} INFO - Processing file /home/airflow/.local/lib/python3.12/site-packages/airflow/example_dags/example_short_circuit_operator.py for tasks to queue
[2025-02-06T17:25:02.272+0000] {logging_mixin.py:190} INFO - [2025-02-06T17:25:02.272+0000] {dagbag.py:588} INFO - Filling up the DagBag from /home/airflow/.local/lib/python3.12/site-packages/airflow/example_dags/example_short_circuit_operator.py
[2025-02-06T17:25:02.283+0000] {processor.py:925} INFO - DAG(s) 'example_short_circuit_operator' retrieved from /home/airflow/.local/lib/python3.12/site-packages/airflow/example_dags/example_short_circuit_operator.py
[2025-02-06T17:25:02.312+0000] {logging_mixin.py:190} INFO - [2025-02-06T17:25:02.311+0000] {dag.py:3239} INFO - Sync 1 DAGs
[2025-02-06T17:25:02.329+0000] {logging_mixin.py:190} INFO - [2025-02-06T17:25:02.329+0000] {dag.py:4180} INFO - Setting next_dagrun for example_short_circuit_operator to None, run_after=None
[2025-02-06T17:25:02.352+0000] {processor.py:208} INFO - Processing /home/airflow/.local/lib/python3.12/site-packages/airflow/example_dags/example_short_circuit_operator.py took 0.092 seconds
[2025-02-06T17:25:32.870+0000] {processor.py:186} INFO - Started process (PID=271) to work on /home/airflow/.local/lib/python3.12/site-packages/airflow/example_dags/example_short_circuit_operator.py
[2025-02-06T17:25:32.872+0000] {processor.py:914} INFO - Processing file /home/airflow/.local/lib/python3.12/site-packages/airflow/example_dags/example_short_circuit_operator.py for tasks to queue
[2025-02-06T17:25:32.881+0000] {logging_mixin.py:190} INFO - [2025-02-06T17:25:32.881+0000] {dagbag.py:588} INFO - Filling up the DagBag from /home/airflow/.local/lib/python3.12/site-packages/airflow/example_dags/example_short_circuit_operator.py
[2025-02-06T17:25:32.897+0000] {processor.py:925} INFO - DAG(s) 'example_short_circuit_operator' retrieved from /home/airflow/.local/lib/python3.12/site-packages/airflow/example_dags/example_short_circuit_operator.py
[2025-02-06T17:25:32.928+0000] {logging_mixin.py:190} INFO - [2025-02-06T17:25:32.928+0000] {dag.py:3239} INFO - Sync 1 DAGs
[2025-02-06T17:25:32.948+0000] {logging_mixin.py:190} INFO - [2025-02-06T17:25:32.948+0000] {dag.py:4180} INFO - Setting next_dagrun for example_short_circuit_operator to None, run_after=None
[2025-02-06T17:25:32.978+0000] {processor.py:208} INFO - Processing /home/airflow/.local/lib/python3.12/site-packages/airflow/example_dags/example_short_circuit_operator.py took 0.115 seconds
[2025-02-06T17:26:03.209+0000] {processor.py:186} INFO - Started process (PID=328) to work on /home/airflow/.local/lib/python3.12/site-packages/airflow/example_dags/example_short_circuit_operator.py
[2025-02-06T17:26:03.210+0000] {processor.py:914} INFO - Processing file /home/airflow/.local/lib/python3.12/site-packages/airflow/example_dags/example_short_circuit_operator.py for tasks to queue
[2025-02-06T17:26:03.213+0000] {logging_mixin.py:190} INFO - [2025-02-06T17:26:03.213+0000] {dagbag.py:588} INFO - Filling up the DagBag from /home/airflow/.local/lib/python3.12/site-packages/airflow/example_dags/example_short_circuit_operator.py
[2025-02-06T17:26:03.227+0000] {processor.py:925} INFO - DAG(s) 'example_short_circuit_operator' retrieved from /home/airflow/.local/lib/python3.12/site-packages/airflow/example_dags/example_short_circuit_operator.py
[2025-02-06T17:26:03.265+0000] {logging_mixin.py:190} INFO - [2025-02-06T17:26:03.265+0000] {dag.py:3239} INFO - Sync 1 DAGs
[2025-02-06T17:26:03.288+0000] {logging_mixin.py:190} INFO - [2025-02-06T17:26:03.288+0000] {dag.py:4180} INFO - Setting next_dagrun for example_short_circuit_operator to None, run_after=None
[2025-02-06T17:26:03.315+0000] {processor.py:208} INFO - Processing /home/airflow/.local/lib/python3.12/site-packages/airflow/example_dags/example_short_circuit_operator.py took 0.115 seconds
[2025-02-06T17:29:09.913+0000] {processor.py:186} INFO - Started process (PID=44) to work on /home/airflow/.local/lib/python3.12/site-packages/airflow/example_dags/example_short_circuit_operator.py
[2025-02-06T17:29:09.916+0000] {processor.py:914} INFO - Processing file /home/airflow/.local/lib/python3.12/site-packages/airflow/example_dags/example_short_circuit_operator.py for tasks to queue
[2025-02-06T17:29:09.921+0000] {logging_mixin.py:190} INFO - [2025-02-06T17:29:09.920+0000] {dagbag.py:588} INFO - Filling up the DagBag from /home/airflow/.local/lib/python3.12/site-packages/airflow/example_dags/example_short_circuit_operator.py
[2025-02-06T17:29:09.945+0000] {processor.py:925} INFO - DAG(s) 'example_short_circuit_operator' retrieved from /home/airflow/.local/lib/python3.12/site-packages/airflow/example_dags/example_short_circuit_operator.py
[2025-02-06T17:29:10.317+0000] {logging_mixin.py:190} INFO - [2025-02-06T17:29:10.316+0000] {override.py:1911} INFO - Created Permission View: can read on DAG:example_short_circuit_operator
[2025-02-06T17:29:10.350+0000] {logging_mixin.py:190} INFO - [2025-02-06T17:29:10.348+0000] {override.py:1911} INFO - Created Permission View: can edit on DAG:example_short_circuit_operator
[2025-02-06T17:29:10.378+0000] {logging_mixin.py:190} INFO - [2025-02-06T17:29:10.377+0000] {override.py:1911} INFO - Created Permission View: can delete on DAG:example_short_circuit_operator
[2025-02-06T17:29:10.411+0000] {logging_mixin.py:190} INFO - [2025-02-06T17:29:10.410+0000] {override.py:1911} INFO - Created Permission View: can read on DAG Run:example_short_circuit_operator
[2025-02-06T17:29:10.427+0000] {logging_mixin.py:190} INFO - [2025-02-06T17:29:10.427+0000] {override.py:1911} INFO - Created Permission View: menu access on DAG Run:example_short_circuit_operator
[2025-02-06T17:29:10.444+0000] {logging_mixin.py:190} INFO - [2025-02-06T17:29:10.444+0000] {override.py:1911} INFO - Created Permission View: can delete on DAG Run:example_short_circuit_operator
[2025-02-06T17:29:10.459+0000] {logging_mixin.py:190} INFO - [2025-02-06T17:29:10.458+0000] {override.py:1911} INFO - Created Permission View: can create on DAG Run:example_short_circuit_operator
[2025-02-06T17:29:10.461+0000] {logging_mixin.py:190} INFO - [2025-02-06T17:29:10.460+0000] {dag.py:3239} INFO - Sync 1 DAGs
[2025-02-06T17:29:10.497+0000] {logging_mixin.py:190} INFO - [2025-02-06T17:29:10.496+0000] {dag.py:3262} INFO - Creating ORM DAG for example_short_circuit_operator
[2025-02-06T17:29:10.499+0000] {logging_mixin.py:190} INFO - [2025-02-06T17:29:10.499+0000] {dag.py:4180} INFO - Setting next_dagrun for example_short_circuit_operator to None, run_after=None
[2025-02-06T17:29:10.575+0000] {processor.py:208} INFO - Processing /home/airflow/.local/lib/python3.12/site-packages/airflow/example_dags/example_short_circuit_operator.py took 0.675 seconds
[2025-02-06T17:29:49.389+0000] {processor.py:186} INFO - Started process (PID=101) to work on /home/airflow/.local/lib/python3.12/site-packages/airflow/example_dags/example_short_circuit_operator.py
[2025-02-06T17:29:49.392+0000] {processor.py:914} INFO - Processing file /home/airflow/.local/lib/python3.12/site-packages/airflow/example_dags/example_short_circuit_operator.py for tasks to queue
[2025-02-06T17:29:49.397+0000] {logging_mixin.py:190} INFO - [2025-02-06T17:29:49.397+0000] {dagbag.py:588} INFO - Filling up the DagBag from /home/airflow/.local/lib/python3.12/site-packages/airflow/example_dags/example_short_circuit_operator.py
[2025-02-06T17:29:49.412+0000] {processor.py:925} INFO - DAG(s) 'example_short_circuit_operator' retrieved from /home/airflow/.local/lib/python3.12/site-packages/airflow/example_dags/example_short_circuit_operator.py
[2025-02-06T17:29:49.451+0000] {logging_mixin.py:190} INFO - [2025-02-06T17:29:49.450+0000] {dag.py:3239} INFO - Sync 1 DAGs
[2025-02-06T17:29:49.475+0000] {logging_mixin.py:190} INFO - [2025-02-06T17:29:49.475+0000] {dag.py:4180} INFO - Setting next_dagrun for example_short_circuit_operator to None, run_after=None
[2025-02-06T17:29:49.509+0000] {processor.py:208} INFO - Processing /home/airflow/.local/lib/python3.12/site-packages/airflow/example_dags/example_short_circuit_operator.py took 0.128 seconds
[2025-02-06T17:30:19.833+0000] {processor.py:186} INFO - Started process (PID=157) to work on /home/airflow/.local/lib/python3.12/site-packages/airflow/example_dags/example_short_circuit_operator.py
[2025-02-06T17:30:19.834+0000] {processor.py:914} INFO - Processing file /home/airflow/.local/lib/python3.12/site-packages/airflow/example_dags/example_short_circuit_operator.py for tasks to queue
[2025-02-06T17:30:19.837+0000] {logging_mixin.py:190} INFO - [2025-02-06T17:30:19.837+0000] {dagbag.py:588} INFO - Filling up the DagBag from /home/airflow/.local/lib/python3.12/site-packages/airflow/example_dags/example_short_circuit_operator.py
[2025-02-06T17:30:19.849+0000] {processor.py:925} INFO - DAG(s) 'example_short_circuit_operator' retrieved from /home/airflow/.local/lib/python3.12/site-packages/airflow/example_dags/example_short_circuit_operator.py
[2025-02-06T17:30:19.879+0000] {logging_mixin.py:190} INFO - [2025-02-06T17:30:19.879+0000] {dag.py:3239} INFO - Sync 1 DAGs
[2025-02-06T17:30:19.898+0000] {logging_mixin.py:190} INFO - [2025-02-06T17:30:19.897+0000] {dag.py:4180} INFO - Setting next_dagrun for example_short_circuit_operator to None, run_after=None
[2025-02-06T17:30:19.922+0000] {processor.py:208} INFO - Processing /home/airflow/.local/lib/python3.12/site-packages/airflow/example_dags/example_short_circuit_operator.py took 0.097 seconds
[2025-02-06T17:30:50.072+0000] {processor.py:186} INFO - Started process (PID=213) to work on /home/airflow/.local/lib/python3.12/site-packages/airflow/example_dags/example_short_circuit_operator.py
[2025-02-06T17:30:50.073+0000] {processor.py:914} INFO - Processing file /home/airflow/.local/lib/python3.12/site-packages/airflow/example_dags/example_short_circuit_operator.py for tasks to queue
[2025-02-06T17:30:50.077+0000] {logging_mixin.py:190} INFO - [2025-02-06T17:30:50.076+0000] {dagbag.py:588} INFO - Filling up the DagBag from /home/airflow/.local/lib/python3.12/site-packages/airflow/example_dags/example_short_circuit_operator.py
[2025-02-06T17:30:50.087+0000] {processor.py:925} INFO - DAG(s) 'example_short_circuit_operator' retrieved from /home/airflow/.local/lib/python3.12/site-packages/airflow/example_dags/example_short_circuit_operator.py
[2025-02-06T17:30:50.116+0000] {logging_mixin.py:190} INFO - [2025-02-06T17:30:50.116+0000] {dag.py:3239} INFO - Sync 1 DAGs
[2025-02-06T17:30:50.134+0000] {logging_mixin.py:190} INFO - [2025-02-06T17:30:50.134+0000] {dag.py:4180} INFO - Setting next_dagrun for example_short_circuit_operator to None, run_after=None
[2025-02-06T17:30:50.161+0000] {processor.py:208} INFO - Processing /home/airflow/.local/lib/python3.12/site-packages/airflow/example_dags/example_short_circuit_operator.py took 0.098 seconds
[2025-02-06T17:31:20.355+0000] {processor.py:186} INFO - Started process (PID=270) to work on /home/airflow/.local/lib/python3.12/site-packages/airflow/example_dags/example_short_circuit_operator.py
[2025-02-06T17:31:20.356+0000] {processor.py:914} INFO - Processing file /home/airflow/.local/lib/python3.12/site-packages/airflow/example_dags/example_short_circuit_operator.py for tasks to queue
[2025-02-06T17:31:20.359+0000] {logging_mixin.py:190} INFO - [2025-02-06T17:31:20.359+0000] {dagbag.py:588} INFO - Filling up the DagBag from /home/airflow/.local/lib/python3.12/site-packages/airflow/example_dags/example_short_circuit_operator.py
[2025-02-06T17:31:20.372+0000] {processor.py:925} INFO - DAG(s) 'example_short_circuit_operator' retrieved from /home/airflow/.local/lib/python3.12/site-packages/airflow/example_dags/example_short_circuit_operator.py
[2025-02-06T17:31:20.400+0000] {logging_mixin.py:190} INFO - [2025-02-06T17:31:20.400+0000] {dag.py:3239} INFO - Sync 1 DAGs
[2025-02-06T17:31:20.419+0000] {logging_mixin.py:190} INFO - [2025-02-06T17:31:20.418+0000] {dag.py:4180} INFO - Setting next_dagrun for example_short_circuit_operator to None, run_after=None
[2025-02-06T17:31:20.445+0000] {processor.py:208} INFO - Processing /home/airflow/.local/lib/python3.12/site-packages/airflow/example_dags/example_short_circuit_operator.py took 0.098 seconds
[2025-02-06T17:31:50.823+0000] {processor.py:186} INFO - Started process (PID=327) to work on /home/airflow/.local/lib/python3.12/site-packages/airflow/example_dags/example_short_circuit_operator.py
[2025-02-06T17:31:50.824+0000] {processor.py:914} INFO - Processing file /home/airflow/.local/lib/python3.12/site-packages/airflow/example_dags/example_short_circuit_operator.py for tasks to queue
[2025-02-06T17:31:50.828+0000] {logging_mixin.py:190} INFO - [2025-02-06T17:31:50.828+0000] {dagbag.py:588} INFO - Filling up the DagBag from /home/airflow/.local/lib/python3.12/site-packages/airflow/example_dags/example_short_circuit_operator.py
[2025-02-06T17:31:50.842+0000] {processor.py:925} INFO - DAG(s) 'example_short_circuit_operator' retrieved from /home/airflow/.local/lib/python3.12/site-packages/airflow/example_dags/example_short_circuit_operator.py
[2025-02-06T17:31:50.872+0000] {logging_mixin.py:190} INFO - [2025-02-06T17:31:50.872+0000] {dag.py:3239} INFO - Sync 1 DAGs
[2025-02-06T17:31:50.891+0000] {logging_mixin.py:190} INFO - [2025-02-06T17:31:50.891+0000] {dag.py:4180} INFO - Setting next_dagrun for example_short_circuit_operator to None, run_after=None
[2025-02-06T17:31:50.914+0000] {processor.py:208} INFO - Processing /home/airflow/.local/lib/python3.12/site-packages/airflow/example_dags/example_short_circuit_operator.py took 0.102 seconds
[2025-02-06T17:32:21.807+0000] {processor.py:186} INFO - Started process (PID=384) to work on /home/airflow/.local/lib/python3.12/site-packages/airflow/example_dags/example_short_circuit_operator.py
[2025-02-06T17:32:21.808+0000] {processor.py:914} INFO - Processing file /home/airflow/.local/lib/python3.12/site-packages/airflow/example_dags/example_short_circuit_operator.py for tasks to queue
[2025-02-06T17:32:21.813+0000] {logging_mixin.py:190} INFO - [2025-02-06T17:32:21.812+0000] {dagbag.py:588} INFO - Filling up the DagBag from /home/airflow/.local/lib/python3.12/site-packages/airflow/example_dags/example_short_circuit_operator.py
[2025-02-06T17:32:21.828+0000] {processor.py:925} INFO - DAG(s) 'example_short_circuit_operator' retrieved from /home/airflow/.local/lib/python3.12/site-packages/airflow/example_dags/example_short_circuit_operator.py
[2025-02-06T17:32:21.859+0000] {logging_mixin.py:190} INFO - [2025-02-06T17:32:21.858+0000] {dag.py:3239} INFO - Sync 1 DAGs
[2025-02-06T17:32:21.880+0000] {logging_mixin.py:190} INFO - [2025-02-06T17:32:21.879+0000] {dag.py:4180} INFO - Setting next_dagrun for example_short_circuit_operator to None, run_after=None
[2025-02-06T17:32:21.910+0000] {processor.py:208} INFO - Processing /home/airflow/.local/lib/python3.12/site-packages/airflow/example_dags/example_short_circuit_operator.py took 0.113 seconds
[2025-02-06T17:32:52.551+0000] {processor.py:186} INFO - Started process (PID=441) to work on /home/airflow/.local/lib/python3.12/site-packages/airflow/example_dags/example_short_circuit_operator.py
[2025-02-06T17:32:52.553+0000] {processor.py:914} INFO - Processing file /home/airflow/.local/lib/python3.12/site-packages/airflow/example_dags/example_short_circuit_operator.py for tasks to queue
[2025-02-06T17:32:52.556+0000] {logging_mixin.py:190} INFO - [2025-02-06T17:32:52.556+0000] {dagbag.py:588} INFO - Filling up the DagBag from /home/airflow/.local/lib/python3.12/site-packages/airflow/example_dags/example_short_circuit_operator.py
[2025-02-06T17:32:52.570+0000] {processor.py:925} INFO - DAG(s) 'example_short_circuit_operator' retrieved from /home/airflow/.local/lib/python3.12/site-packages/airflow/example_dags/example_short_circuit_operator.py
[2025-02-06T17:32:52.609+0000] {logging_mixin.py:190} INFO - [2025-02-06T17:32:52.609+0000] {dag.py:3239} INFO - Sync 1 DAGs
[2025-02-06T17:32:52.628+0000] {logging_mixin.py:190} INFO - [2025-02-06T17:32:52.628+0000] {dag.py:4180} INFO - Setting next_dagrun for example_short_circuit_operator to None, run_after=None
[2025-02-06T17:32:52.653+0000] {processor.py:208} INFO - Processing /home/airflow/.local/lib/python3.12/site-packages/airflow/example_dags/example_short_circuit_operator.py took 0.110 seconds
[2025-02-06T17:33:23.201+0000] {processor.py:186} INFO - Started process (PID=498) to work on /home/airflow/.local/lib/python3.12/site-packages/airflow/example_dags/example_short_circuit_operator.py
[2025-02-06T17:33:23.203+0000] {processor.py:914} INFO - Processing file /home/airflow/.local/lib/python3.12/site-packages/airflow/example_dags/example_short_circuit_operator.py for tasks to queue
[2025-02-06T17:33:23.207+0000] {logging_mixin.py:190} INFO - [2025-02-06T17:33:23.207+0000] {dagbag.py:588} INFO - Filling up the DagBag from /home/airflow/.local/lib/python3.12/site-packages/airflow/example_dags/example_short_circuit_operator.py
[2025-02-06T17:33:23.245+0000] {processor.py:925} INFO - DAG(s) 'example_short_circuit_operator' retrieved from /home/airflow/.local/lib/python3.12/site-packages/airflow/example_dags/example_short_circuit_operator.py
[2025-02-06T17:33:23.333+0000] {logging_mixin.py:190} INFO - [2025-02-06T17:33:23.332+0000] {dag.py:3239} INFO - Sync 1 DAGs
[2025-02-06T17:33:23.404+0000] {logging_mixin.py:190} INFO - [2025-02-06T17:33:23.404+0000] {dag.py:4180} INFO - Setting next_dagrun for example_short_circuit_operator to None, run_after=None
[2025-02-06T17:33:23.474+0000] {processor.py:208} INFO - Processing /home/airflow/.local/lib/python3.12/site-packages/airflow/example_dags/example_short_circuit_operator.py took 0.291 seconds
[2025-02-06T17:33:54.256+0000] {processor.py:186} INFO - Started process (PID=555) to work on /home/airflow/.local/lib/python3.12/site-packages/airflow/example_dags/example_short_circuit_operator.py
[2025-02-06T17:33:54.258+0000] {processor.py:914} INFO - Processing file /home/airflow/.local/lib/python3.12/site-packages/airflow/example_dags/example_short_circuit_operator.py for tasks to queue
[2025-02-06T17:33:54.261+0000] {logging_mixin.py:190} INFO - [2025-02-06T17:33:54.260+0000] {dagbag.py:588} INFO - Filling up the DagBag from /home/airflow/.local/lib/python3.12/site-packages/airflow/example_dags/example_short_circuit_operator.py
[2025-02-06T17:33:54.271+0000] {processor.py:925} INFO - DAG(s) 'example_short_circuit_operator' retrieved from /home/airflow/.local/lib/python3.12/site-packages/airflow/example_dags/example_short_circuit_operator.py
[2025-02-06T17:33:54.301+0000] {logging_mixin.py:190} INFO - [2025-02-06T17:33:54.301+0000] {dag.py:3239} INFO - Sync 1 DAGs
[2025-02-06T17:33:54.320+0000] {logging_mixin.py:190} INFO - [2025-02-06T17:33:54.320+0000] {dag.py:4180} INFO - Setting next_dagrun for example_short_circuit_operator to None, run_after=None
[2025-02-06T17:33:54.349+0000] {processor.py:208} INFO - Processing /home/airflow/.local/lib/python3.12/site-packages/airflow/example_dags/example_short_circuit_operator.py took 0.100 seconds
[2025-02-06T17:34:25.150+0000] {processor.py:186} INFO - Started process (PID=611) to work on /home/airflow/.local/lib/python3.12/site-packages/airflow/example_dags/example_short_circuit_operator.py
[2025-02-06T17:34:25.151+0000] {processor.py:914} INFO - Processing file /home/airflow/.local/lib/python3.12/site-packages/airflow/example_dags/example_short_circuit_operator.py for tasks to queue
[2025-02-06T17:34:25.154+0000] {logging_mixin.py:190} INFO - [2025-02-06T17:34:25.154+0000] {dagbag.py:588} INFO - Filling up the DagBag from /home/airflow/.local/lib/python3.12/site-packages/airflow/example_dags/example_short_circuit_operator.py
[2025-02-06T17:34:25.165+0000] {processor.py:925} INFO - DAG(s) 'example_short_circuit_operator' retrieved from /home/airflow/.local/lib/python3.12/site-packages/airflow/example_dags/example_short_circuit_operator.py
[2025-02-06T17:34:25.194+0000] {logging_mixin.py:190} INFO - [2025-02-06T17:34:25.194+0000] {dag.py:3239} INFO - Sync 1 DAGs
[2025-02-06T17:34:25.212+0000] {logging_mixin.py:190} INFO - [2025-02-06T17:34:25.212+0000] {dag.py:4180} INFO - Setting next_dagrun for example_short_circuit_operator to None, run_after=None
[2025-02-06T17:34:25.237+0000] {processor.py:208} INFO - Processing /home/airflow/.local/lib/python3.12/site-packages/airflow/example_dags/example_short_circuit_operator.py took 0.094 seconds
[2025-02-06T17:34:55.411+0000] {processor.py:186} INFO - Started process (PID=668) to work on /home/airflow/.local/lib/python3.12/site-packages/airflow/example_dags/example_short_circuit_operator.py
[2025-02-06T17:34:55.413+0000] {processor.py:914} INFO - Processing file /home/airflow/.local/lib/python3.12/site-packages/airflow/example_dags/example_short_circuit_operator.py for tasks to queue
[2025-02-06T17:34:55.415+0000] {logging_mixin.py:190} INFO - [2025-02-06T17:34:55.415+0000] {dagbag.py:588} INFO - Filling up the DagBag from /home/airflow/.local/lib/python3.12/site-packages/airflow/example_dags/example_short_circuit_operator.py
[2025-02-06T17:34:55.426+0000] {processor.py:925} INFO - DAG(s) 'example_short_circuit_operator' retrieved from /home/airflow/.local/lib/python3.12/site-packages/airflow/example_dags/example_short_circuit_operator.py
[2025-02-06T17:34:55.457+0000] {logging_mixin.py:190} INFO - [2025-02-06T17:34:55.457+0000] {dag.py:3239} INFO - Sync 1 DAGs
[2025-02-06T17:34:55.475+0000] {logging_mixin.py:190} INFO - [2025-02-06T17:34:55.475+0000] {dag.py:4180} INFO - Setting next_dagrun for example_short_circuit_operator to None, run_after=None
[2025-02-06T17:34:55.501+0000] {processor.py:208} INFO - Processing /home/airflow/.local/lib/python3.12/site-packages/airflow/example_dags/example_short_circuit_operator.py took 0.097 seconds
[2025-02-06T17:35:26.018+0000] {processor.py:186} INFO - Started process (PID=725) to work on /home/airflow/.local/lib/python3.12/site-packages/airflow/example_dags/example_short_circuit_operator.py
[2025-02-06T17:35:26.020+0000] {processor.py:914} INFO - Processing file /home/airflow/.local/lib/python3.12/site-packages/airflow/example_dags/example_short_circuit_operator.py for tasks to queue
[2025-02-06T17:35:26.023+0000] {logging_mixin.py:190} INFO - [2025-02-06T17:35:26.023+0000] {dagbag.py:588} INFO - Filling up the DagBag from /home/airflow/.local/lib/python3.12/site-packages/airflow/example_dags/example_short_circuit_operator.py
[2025-02-06T17:35:26.034+0000] {processor.py:925} INFO - DAG(s) 'example_short_circuit_operator' retrieved from /home/airflow/.local/lib/python3.12/site-packages/airflow/example_dags/example_short_circuit_operator.py
[2025-02-06T17:35:26.064+0000] {logging_mixin.py:190} INFO - [2025-02-06T17:35:26.064+0000] {dag.py:3239} INFO - Sync 1 DAGs
[2025-02-06T17:35:26.082+0000] {logging_mixin.py:190} INFO - [2025-02-06T17:35:26.082+0000] {dag.py:4180} INFO - Setting next_dagrun for example_short_circuit_operator to None, run_after=None
[2025-02-06T17:35:26.111+0000] {processor.py:208} INFO - Processing /home/airflow/.local/lib/python3.12/site-packages/airflow/example_dags/example_short_circuit_operator.py took 0.100 seconds
[2025-02-06T17:35:56.248+0000] {processor.py:186} INFO - Started process (PID=782) to work on /home/airflow/.local/lib/python3.12/site-packages/airflow/example_dags/example_short_circuit_operator.py
[2025-02-06T17:35:56.249+0000] {processor.py:914} INFO - Processing file /home/airflow/.local/lib/python3.12/site-packages/airflow/example_dags/example_short_circuit_operator.py for tasks to queue
[2025-02-06T17:35:56.254+0000] {logging_mixin.py:190} INFO - [2025-02-06T17:35:56.253+0000] {dagbag.py:588} INFO - Filling up the DagBag from /home/airflow/.local/lib/python3.12/site-packages/airflow/example_dags/example_short_circuit_operator.py
[2025-02-06T17:35:56.266+0000] {processor.py:925} INFO - DAG(s) 'example_short_circuit_operator' retrieved from /home/airflow/.local/lib/python3.12/site-packages/airflow/example_dags/example_short_circuit_operator.py
[2025-02-06T17:35:56.299+0000] {logging_mixin.py:190} INFO - [2025-02-06T17:35:56.299+0000] {dag.py:3239} INFO - Sync 1 DAGs
[2025-02-06T17:35:56.325+0000] {logging_mixin.py:190} INFO - [2025-02-06T17:35:56.325+0000] {dag.py:4180} INFO - Setting next_dagrun for example_short_circuit_operator to None, run_after=None
[2025-02-06T17:35:56.352+0000] {processor.py:208} INFO - Processing /home/airflow/.local/lib/python3.12/site-packages/airflow/example_dags/example_short_circuit_operator.py took 0.111 seconds
[2025-02-06T17:41:38.192+0000] {processor.py:186} INFO - Started process (PID=44) to work on /home/airflow/.local/lib/python3.12/site-packages/airflow/example_dags/example_short_circuit_operator.py
[2025-02-06T17:41:38.194+0000] {processor.py:914} INFO - Processing file /home/airflow/.local/lib/python3.12/site-packages/airflow/example_dags/example_short_circuit_operator.py for tasks to queue
[2025-02-06T17:41:38.201+0000] {logging_mixin.py:190} INFO - [2025-02-06T17:41:38.198+0000] {dagbag.py:588} INFO - Filling up the DagBag from /home/airflow/.local/lib/python3.12/site-packages/airflow/example_dags/example_short_circuit_operator.py
[2025-02-06T17:41:38.233+0000] {processor.py:925} INFO - DAG(s) 'example_short_circuit_operator' retrieved from /home/airflow/.local/lib/python3.12/site-packages/airflow/example_dags/example_short_circuit_operator.py
[2025-02-06T17:41:38.585+0000] {logging_mixin.py:190} INFO - [2025-02-06T17:41:38.584+0000] {override.py:1911} INFO - Created Permission View: can delete on DAG:example_short_circuit_operator
[2025-02-06T17:41:38.618+0000] {logging_mixin.py:190} INFO - [2025-02-06T17:41:38.617+0000] {override.py:1911} INFO - Created Permission View: can read on DAG:example_short_circuit_operator
[2025-02-06T17:41:38.637+0000] {logging_mixin.py:190} INFO - [2025-02-06T17:41:38.636+0000] {override.py:1911} INFO - Created Permission View: can edit on DAG:example_short_circuit_operator
[2025-02-06T17:41:38.658+0000] {logging_mixin.py:190} INFO - [2025-02-06T17:41:38.658+0000] {override.py:1911} INFO - Created Permission View: can delete on DAG Run:example_short_circuit_operator
[2025-02-06T17:41:38.670+0000] {logging_mixin.py:190} INFO - [2025-02-06T17:41:38.670+0000] {override.py:1911} INFO - Created Permission View: can create on DAG Run:example_short_circuit_operator
[2025-02-06T17:41:38.700+0000] {logging_mixin.py:190} INFO - [2025-02-06T17:41:38.697+0000] {override.py:1911} INFO - Created Permission View: can read on DAG Run:example_short_circuit_operator
[2025-02-06T17:41:38.726+0000] {logging_mixin.py:190} INFO - [2025-02-06T17:41:38.726+0000] {override.py:1911} INFO - Created Permission View: menu access on DAG Run:example_short_circuit_operator
[2025-02-06T17:41:38.728+0000] {logging_mixin.py:190} INFO - [2025-02-06T17:41:38.727+0000] {dag.py:3239} INFO - Sync 1 DAGs
[2025-02-06T17:41:38.773+0000] {logging_mixin.py:190} INFO - [2025-02-06T17:41:38.773+0000] {dag.py:3262} INFO - Creating ORM DAG for example_short_circuit_operator
[2025-02-06T17:41:38.775+0000] {logging_mixin.py:190} INFO - [2025-02-06T17:41:38.774+0000] {dag.py:4180} INFO - Setting next_dagrun for example_short_circuit_operator to None, run_after=None
[2025-02-06T17:41:38.835+0000] {processor.py:208} INFO - Processing /home/airflow/.local/lib/python3.12/site-packages/airflow/example_dags/example_short_circuit_operator.py took 0.664 seconds
[2025-02-06T17:42:09.282+0000] {processor.py:186} INFO - Started process (PID=101) to work on /home/airflow/.local/lib/python3.12/site-packages/airflow/example_dags/example_short_circuit_operator.py
[2025-02-06T17:42:09.284+0000] {processor.py:914} INFO - Processing file /home/airflow/.local/lib/python3.12/site-packages/airflow/example_dags/example_short_circuit_operator.py for tasks to queue
[2025-02-06T17:42:09.288+0000] {logging_mixin.py:190} INFO - [2025-02-06T17:42:09.287+0000] {dagbag.py:588} INFO - Filling up the DagBag from /home/airflow/.local/lib/python3.12/site-packages/airflow/example_dags/example_short_circuit_operator.py
[2025-02-06T17:42:09.305+0000] {processor.py:925} INFO - DAG(s) 'example_short_circuit_operator' retrieved from /home/airflow/.local/lib/python3.12/site-packages/airflow/example_dags/example_short_circuit_operator.py
[2025-02-06T17:42:09.354+0000] {logging_mixin.py:190} INFO - [2025-02-06T17:42:09.354+0000] {dag.py:3239} INFO - Sync 1 DAGs
[2025-02-06T17:42:09.386+0000] {logging_mixin.py:190} INFO - [2025-02-06T17:42:09.385+0000] {dag.py:4180} INFO - Setting next_dagrun for example_short_circuit_operator to None, run_after=None
[2025-02-06T17:42:09.419+0000] {processor.py:208} INFO - Processing /home/airflow/.local/lib/python3.12/site-packages/airflow/example_dags/example_short_circuit_operator.py took 0.150 seconds
[2025-02-06T17:42:39.950+0000] {processor.py:186} INFO - Started process (PID=157) to work on /home/airflow/.local/lib/python3.12/site-packages/airflow/example_dags/example_short_circuit_operator.py
[2025-02-06T17:42:39.951+0000] {processor.py:914} INFO - Processing file /home/airflow/.local/lib/python3.12/site-packages/airflow/example_dags/example_short_circuit_operator.py for tasks to queue
[2025-02-06T17:42:39.956+0000] {logging_mixin.py:190} INFO - [2025-02-06T17:42:39.956+0000] {dagbag.py:588} INFO - Filling up the DagBag from /home/airflow/.local/lib/python3.12/site-packages/airflow/example_dags/example_short_circuit_operator.py
[2025-02-06T17:42:39.968+0000] {processor.py:925} INFO - DAG(s) 'example_short_circuit_operator' retrieved from /home/airflow/.local/lib/python3.12/site-packages/airflow/example_dags/example_short_circuit_operator.py
[2025-02-06T17:42:40.002+0000] {logging_mixin.py:190} INFO - [2025-02-06T17:42:40.002+0000] {dag.py:3239} INFO - Sync 1 DAGs
[2025-02-06T17:42:40.022+0000] {logging_mixin.py:190} INFO - [2025-02-06T17:42:40.022+0000] {dag.py:4180} INFO - Setting next_dagrun for example_short_circuit_operator to None, run_after=None
[2025-02-06T17:42:40.066+0000] {processor.py:208} INFO - Processing /home/airflow/.local/lib/python3.12/site-packages/airflow/example_dags/example_short_circuit_operator.py took 0.125 seconds
[2025-02-06T17:43:10.653+0000] {processor.py:186} INFO - Started process (PID=214) to work on /home/airflow/.local/lib/python3.12/site-packages/airflow/example_dags/example_short_circuit_operator.py
[2025-02-06T17:43:10.654+0000] {processor.py:914} INFO - Processing file /home/airflow/.local/lib/python3.12/site-packages/airflow/example_dags/example_short_circuit_operator.py for tasks to queue
[2025-02-06T17:43:10.658+0000] {logging_mixin.py:190} INFO - [2025-02-06T17:43:10.657+0000] {dagbag.py:588} INFO - Filling up the DagBag from /home/airflow/.local/lib/python3.12/site-packages/airflow/example_dags/example_short_circuit_operator.py
[2025-02-06T17:43:10.668+0000] {processor.py:925} INFO - DAG(s) 'example_short_circuit_operator' retrieved from /home/airflow/.local/lib/python3.12/site-packages/airflow/example_dags/example_short_circuit_operator.py
[2025-02-06T17:43:10.725+0000] {logging_mixin.py:190} INFO - [2025-02-06T17:43:10.724+0000] {dag.py:3239} INFO - Sync 1 DAGs
[2025-02-06T17:43:10.749+0000] {logging_mixin.py:190} INFO - [2025-02-06T17:43:10.748+0000] {dag.py:4180} INFO - Setting next_dagrun for example_short_circuit_operator to None, run_after=None
[2025-02-06T17:43:10.778+0000] {processor.py:208} INFO - Processing /home/airflow/.local/lib/python3.12/site-packages/airflow/example_dags/example_short_circuit_operator.py took 0.133 seconds
[2025-02-06T17:43:40.862+0000] {processor.py:186} INFO - Started process (PID=270) to work on /home/airflow/.local/lib/python3.12/site-packages/airflow/example_dags/example_short_circuit_operator.py
[2025-02-06T17:43:40.863+0000] {processor.py:914} INFO - Processing file /home/airflow/.local/lib/python3.12/site-packages/airflow/example_dags/example_short_circuit_operator.py for tasks to queue
[2025-02-06T17:43:40.867+0000] {logging_mixin.py:190} INFO - [2025-02-06T17:43:40.866+0000] {dagbag.py:588} INFO - Filling up the DagBag from /home/airflow/.local/lib/python3.12/site-packages/airflow/example_dags/example_short_circuit_operator.py
[2025-02-06T17:43:40.878+0000] {processor.py:925} INFO - DAG(s) 'example_short_circuit_operator' retrieved from /home/airflow/.local/lib/python3.12/site-packages/airflow/example_dags/example_short_circuit_operator.py
[2025-02-06T17:43:40.910+0000] {logging_mixin.py:190} INFO - [2025-02-06T17:43:40.909+0000] {dag.py:3239} INFO - Sync 1 DAGs
[2025-02-06T17:43:40.929+0000] {logging_mixin.py:190} INFO - [2025-02-06T17:43:40.928+0000] {dag.py:4180} INFO - Setting next_dagrun for example_short_circuit_operator to None, run_after=None
[2025-02-06T17:43:40.956+0000] {processor.py:208} INFO - Processing /home/airflow/.local/lib/python3.12/site-packages/airflow/example_dags/example_short_circuit_operator.py took 0.102 seconds
[2025-02-06T17:44:11.056+0000] {processor.py:186} INFO - Started process (PID=327) to work on /home/airflow/.local/lib/python3.12/site-packages/airflow/example_dags/example_short_circuit_operator.py
[2025-02-06T17:44:11.058+0000] {processor.py:914} INFO - Processing file /home/airflow/.local/lib/python3.12/site-packages/airflow/example_dags/example_short_circuit_operator.py for tasks to queue
[2025-02-06T17:44:11.063+0000] {logging_mixin.py:190} INFO - [2025-02-06T17:44:11.062+0000] {dagbag.py:588} INFO - Filling up the DagBag from /home/airflow/.local/lib/python3.12/site-packages/airflow/example_dags/example_short_circuit_operator.py
[2025-02-06T17:44:11.075+0000] {processor.py:925} INFO - DAG(s) 'example_short_circuit_operator' retrieved from /home/airflow/.local/lib/python3.12/site-packages/airflow/example_dags/example_short_circuit_operator.py
[2025-02-06T17:44:11.108+0000] {logging_mixin.py:190} INFO - [2025-02-06T17:44:11.108+0000] {dag.py:3239} INFO - Sync 1 DAGs
[2025-02-06T17:44:11.142+0000] {logging_mixin.py:190} INFO - [2025-02-06T17:44:11.142+0000] {dag.py:4180} INFO - Setting next_dagrun for example_short_circuit_operator to None, run_after=None
[2025-02-06T17:44:11.223+0000] {processor.py:208} INFO - Processing /home/airflow/.local/lib/python3.12/site-packages/airflow/example_dags/example_short_circuit_operator.py took 0.175 seconds
[2025-02-06T17:44:41.590+0000] {processor.py:186} INFO - Started process (PID=384) to work on /home/airflow/.local/lib/python3.12/site-packages/airflow/example_dags/example_short_circuit_operator.py
[2025-02-06T17:44:41.591+0000] {processor.py:914} INFO - Processing file /home/airflow/.local/lib/python3.12/site-packages/airflow/example_dags/example_short_circuit_operator.py for tasks to queue
[2025-02-06T17:44:41.595+0000] {logging_mixin.py:190} INFO - [2025-02-06T17:44:41.594+0000] {dagbag.py:588} INFO - Filling up the DagBag from /home/airflow/.local/lib/python3.12/site-packages/airflow/example_dags/example_short_circuit_operator.py
[2025-02-06T17:44:41.634+0000] {processor.py:925} INFO - DAG(s) 'example_short_circuit_operator' retrieved from /home/airflow/.local/lib/python3.12/site-packages/airflow/example_dags/example_short_circuit_operator.py
[2025-02-06T17:44:41.690+0000] {logging_mixin.py:190} INFO - [2025-02-06T17:44:41.687+0000] {dag.py:3239} INFO - Sync 1 DAGs
[2025-02-06T17:44:41.734+0000] {logging_mixin.py:190} INFO - [2025-02-06T17:44:41.734+0000] {dag.py:4180} INFO - Setting next_dagrun for example_short_circuit_operator to None, run_after=None
[2025-02-06T17:44:41.803+0000] {processor.py:208} INFO - Processing /home/airflow/.local/lib/python3.12/site-packages/airflow/example_dags/example_short_circuit_operator.py took 0.222 seconds
[2025-02-06T17:45:12.017+0000] {processor.py:186} INFO - Started process (PID=440) to work on /home/airflow/.local/lib/python3.12/site-packages/airflow/example_dags/example_short_circuit_operator.py
[2025-02-06T17:45:12.019+0000] {processor.py:914} INFO - Processing file /home/airflow/.local/lib/python3.12/site-packages/airflow/example_dags/example_short_circuit_operator.py for tasks to queue
[2025-02-06T17:45:12.024+0000] {logging_mixin.py:190} INFO - [2025-02-06T17:45:12.023+0000] {dagbag.py:588} INFO - Filling up the DagBag from /home/airflow/.local/lib/python3.12/site-packages/airflow/example_dags/example_short_circuit_operator.py
[2025-02-06T17:45:12.060+0000] {processor.py:925} INFO - DAG(s) 'example_short_circuit_operator' retrieved from /home/airflow/.local/lib/python3.12/site-packages/airflow/example_dags/example_short_circuit_operator.py
[2025-02-06T17:45:12.131+0000] {logging_mixin.py:190} INFO - [2025-02-06T17:45:12.131+0000] {dag.py:3239} INFO - Sync 1 DAGs
[2025-02-06T17:45:13.342+0000] {logging_mixin.py:190} INFO - [2025-02-06T17:45:13.341+0000] {process_utils.py:266} INFO - Waiting up to 5 seconds for processes to exit...
[2025-02-06T17:53:25.605+0000] {processor.py:186} INFO - Started process (PID=45) to work on /home/airflow/.local/lib/python3.12/site-packages/airflow/example_dags/example_short_circuit_operator.py
[2025-02-06T17:53:25.608+0000] {processor.py:914} INFO - Processing file /home/airflow/.local/lib/python3.12/site-packages/airflow/example_dags/example_short_circuit_operator.py for tasks to queue
[2025-02-06T17:53:25.616+0000] {logging_mixin.py:190} INFO - [2025-02-06T17:53:25.615+0000] {dagbag.py:588} INFO - Filling up the DagBag from /home/airflow/.local/lib/python3.12/site-packages/airflow/example_dags/example_short_circuit_operator.py
[2025-02-06T17:53:25.646+0000] {processor.py:925} INFO - DAG(s) 'example_short_circuit_operator' retrieved from /home/airflow/.local/lib/python3.12/site-packages/airflow/example_dags/example_short_circuit_operator.py
[2025-02-06T17:53:25.728+0000] {logging_mixin.py:190} INFO - [2025-02-06T17:53:25.728+0000] {dag.py:3239} INFO - Sync 1 DAGs
[2025-02-06T17:53:25.762+0000] {logging_mixin.py:190} INFO - [2025-02-06T17:53:25.762+0000] {dag.py:4180} INFO - Setting next_dagrun for example_short_circuit_operator to None, run_after=None
[2025-02-06T17:53:25.811+0000] {processor.py:208} INFO - Processing /home/airflow/.local/lib/python3.12/site-packages/airflow/example_dags/example_short_circuit_operator.py took 0.220 seconds
[2025-02-06T17:53:56.346+0000] {processor.py:186} INFO - Started process (PID=102) to work on /home/airflow/.local/lib/python3.12/site-packages/airflow/example_dags/example_short_circuit_operator.py
[2025-02-06T17:53:56.354+0000] {processor.py:914} INFO - Processing file /home/airflow/.local/lib/python3.12/site-packages/airflow/example_dags/example_short_circuit_operator.py for tasks to queue
[2025-02-06T17:53:56.358+0000] {logging_mixin.py:190} INFO - [2025-02-06T17:53:56.357+0000] {dagbag.py:588} INFO - Filling up the DagBag from /home/airflow/.local/lib/python3.12/site-packages/airflow/example_dags/example_short_circuit_operator.py
[2025-02-06T17:53:56.378+0000] {processor.py:925} INFO - DAG(s) 'example_short_circuit_operator' retrieved from /home/airflow/.local/lib/python3.12/site-packages/airflow/example_dags/example_short_circuit_operator.py
[2025-02-06T17:53:56.420+0000] {logging_mixin.py:190} INFO - [2025-02-06T17:53:56.420+0000] {dag.py:3239} INFO - Sync 1 DAGs
[2025-02-06T17:53:56.449+0000] {logging_mixin.py:190} INFO - [2025-02-06T17:53:56.449+0000] {dag.py:4180} INFO - Setting next_dagrun for example_short_circuit_operator to None, run_after=None
[2025-02-06T17:53:56.489+0000] {processor.py:208} INFO - Processing /home/airflow/.local/lib/python3.12/site-packages/airflow/example_dags/example_short_circuit_operator.py took 0.154 seconds
[2025-02-06T17:56:00.210+0000] {processor.py:186} INFO - Started process (PID=45) to work on /home/airflow/.local/lib/python3.12/site-packages/airflow/example_dags/example_short_circuit_operator.py
[2025-02-06T17:56:00.213+0000] {processor.py:914} INFO - Processing file /home/airflow/.local/lib/python3.12/site-packages/airflow/example_dags/example_short_circuit_operator.py for tasks to queue
[2025-02-06T17:56:00.221+0000] {logging_mixin.py:190} INFO - [2025-02-06T17:56:00.220+0000] {dagbag.py:588} INFO - Filling up the DagBag from /home/airflow/.local/lib/python3.12/site-packages/airflow/example_dags/example_short_circuit_operator.py
[2025-02-06T17:56:00.255+0000] {processor.py:925} INFO - DAG(s) 'example_short_circuit_operator' retrieved from /home/airflow/.local/lib/python3.12/site-packages/airflow/example_dags/example_short_circuit_operator.py
[2025-02-06T17:56:00.355+0000] {logging_mixin.py:190} INFO - [2025-02-06T17:56:00.354+0000] {dag.py:3239} INFO - Sync 1 DAGs
[2025-02-06T17:56:00.401+0000] {logging_mixin.py:190} INFO - [2025-02-06T17:56:00.400+0000] {dag.py:4180} INFO - Setting next_dagrun for example_short_circuit_operator to None, run_after=None
[2025-02-06T17:56:00.462+0000] {processor.py:208} INFO - Processing /home/airflow/.local/lib/python3.12/site-packages/airflow/example_dags/example_short_circuit_operator.py took 0.270 seconds
[2025-02-06T17:56:30.734+0000] {processor.py:186} INFO - Started process (PID=102) to work on /home/airflow/.local/lib/python3.12/site-packages/airflow/example_dags/example_short_circuit_operator.py
[2025-02-06T17:56:30.735+0000] {processor.py:914} INFO - Processing file /home/airflow/.local/lib/python3.12/site-packages/airflow/example_dags/example_short_circuit_operator.py for tasks to queue
[2025-02-06T17:56:30.739+0000] {logging_mixin.py:190} INFO - [2025-02-06T17:56:30.738+0000] {dagbag.py:588} INFO - Filling up the DagBag from /home/airflow/.local/lib/python3.12/site-packages/airflow/example_dags/example_short_circuit_operator.py
[2025-02-06T17:56:30.765+0000] {processor.py:925} INFO - DAG(s) 'example_short_circuit_operator' retrieved from /home/airflow/.local/lib/python3.12/site-packages/airflow/example_dags/example_short_circuit_operator.py
[2025-02-06T17:56:30.805+0000] {logging_mixin.py:190} INFO - [2025-02-06T17:56:30.800+0000] {dag.py:3239} INFO - Sync 1 DAGs
[2025-02-06T17:56:30.844+0000] {logging_mixin.py:190} INFO - [2025-02-06T17:56:30.844+0000] {dag.py:4180} INFO - Setting next_dagrun for example_short_circuit_operator to None, run_after=None
[2025-02-06T17:56:30.972+0000] {processor.py:208} INFO - Processing /home/airflow/.local/lib/python3.12/site-packages/airflow/example_dags/example_short_circuit_operator.py took 0.246 seconds
[2025-02-06T17:57:01.072+0000] {processor.py:186} INFO - Started process (PID=160) to work on /home/airflow/.local/lib/python3.12/site-packages/airflow/example_dags/example_short_circuit_operator.py
[2025-02-06T17:57:01.074+0000] {processor.py:914} INFO - Processing file /home/airflow/.local/lib/python3.12/site-packages/airflow/example_dags/example_short_circuit_operator.py for tasks to queue
[2025-02-06T17:57:01.077+0000] {logging_mixin.py:190} INFO - [2025-02-06T17:57:01.076+0000] {dagbag.py:588} INFO - Filling up the DagBag from /home/airflow/.local/lib/python3.12/site-packages/airflow/example_dags/example_short_circuit_operator.py
[2025-02-06T17:57:01.090+0000] {processor.py:925} INFO - DAG(s) 'example_short_circuit_operator' retrieved from /home/airflow/.local/lib/python3.12/site-packages/airflow/example_dags/example_short_circuit_operator.py
[2025-02-06T17:57:01.124+0000] {logging_mixin.py:190} INFO - [2025-02-06T17:57:01.124+0000] {dag.py:3239} INFO - Sync 1 DAGs
[2025-02-06T17:57:01.144+0000] {logging_mixin.py:190} INFO - [2025-02-06T17:57:01.144+0000] {dag.py:4180} INFO - Setting next_dagrun for example_short_circuit_operator to None, run_after=None
[2025-02-06T17:57:01.172+0000] {processor.py:208} INFO - Processing /home/airflow/.local/lib/python3.12/site-packages/airflow/example_dags/example_short_circuit_operator.py took 0.109 seconds
[2025-02-06T17:57:31.896+0000] {processor.py:186} INFO - Started process (PID=218) to work on /home/airflow/.local/lib/python3.12/site-packages/airflow/example_dags/example_short_circuit_operator.py
[2025-02-06T17:57:31.897+0000] {processor.py:914} INFO - Processing file /home/airflow/.local/lib/python3.12/site-packages/airflow/example_dags/example_short_circuit_operator.py for tasks to queue
[2025-02-06T17:57:31.900+0000] {logging_mixin.py:190} INFO - [2025-02-06T17:57:31.900+0000] {dagbag.py:588} INFO - Filling up the DagBag from /home/airflow/.local/lib/python3.12/site-packages/airflow/example_dags/example_short_circuit_operator.py
[2025-02-06T17:57:31.912+0000] {processor.py:925} INFO - DAG(s) 'example_short_circuit_operator' retrieved from /home/airflow/.local/lib/python3.12/site-packages/airflow/example_dags/example_short_circuit_operator.py
[2025-02-06T17:57:31.942+0000] {logging_mixin.py:190} INFO - [2025-02-06T17:57:31.942+0000] {dag.py:3239} INFO - Sync 1 DAGs
[2025-02-06T17:57:31.962+0000] {logging_mixin.py:190} INFO - [2025-02-06T17:57:31.961+0000] {dag.py:4180} INFO - Setting next_dagrun for example_short_circuit_operator to None, run_after=None
[2025-02-06T17:57:31.994+0000] {processor.py:208} INFO - Processing /home/airflow/.local/lib/python3.12/site-packages/airflow/example_dags/example_short_circuit_operator.py took 0.105 seconds
[2025-02-06T17:58:02.652+0000] {processor.py:186} INFO - Started process (PID=276) to work on /home/airflow/.local/lib/python3.12/site-packages/airflow/example_dags/example_short_circuit_operator.py
[2025-02-06T17:58:02.654+0000] {processor.py:914} INFO - Processing file /home/airflow/.local/lib/python3.12/site-packages/airflow/example_dags/example_short_circuit_operator.py for tasks to queue
[2025-02-06T17:58:02.656+0000] {logging_mixin.py:190} INFO - [2025-02-06T17:58:02.656+0000] {dagbag.py:588} INFO - Filling up the DagBag from /home/airflow/.local/lib/python3.12/site-packages/airflow/example_dags/example_short_circuit_operator.py
[2025-02-06T17:58:02.668+0000] {processor.py:925} INFO - DAG(s) 'example_short_circuit_operator' retrieved from /home/airflow/.local/lib/python3.12/site-packages/airflow/example_dags/example_short_circuit_operator.py
[2025-02-06T17:58:02.701+0000] {logging_mixin.py:190} INFO - [2025-02-06T17:58:02.701+0000] {dag.py:3239} INFO - Sync 1 DAGs
[2025-02-06T17:58:02.722+0000] {logging_mixin.py:190} INFO - [2025-02-06T17:58:02.721+0000] {dag.py:4180} INFO - Setting next_dagrun for example_short_circuit_operator to None, run_after=None
[2025-02-06T17:58:02.748+0000] {processor.py:208} INFO - Processing /home/airflow/.local/lib/python3.12/site-packages/airflow/example_dags/example_short_circuit_operator.py took 0.104 seconds
[2025-02-06T17:58:33.295+0000] {processor.py:186} INFO - Started process (PID=334) to work on /home/airflow/.local/lib/python3.12/site-packages/airflow/example_dags/example_short_circuit_operator.py
[2025-02-06T17:58:33.296+0000] {processor.py:914} INFO - Processing file /home/airflow/.local/lib/python3.12/site-packages/airflow/example_dags/example_short_circuit_operator.py for tasks to queue
[2025-02-06T17:58:33.302+0000] {logging_mixin.py:190} INFO - [2025-02-06T17:58:33.300+0000] {dagbag.py:588} INFO - Filling up the DagBag from /home/airflow/.local/lib/python3.12/site-packages/airflow/example_dags/example_short_circuit_operator.py
[2025-02-06T17:58:33.317+0000] {processor.py:925} INFO - DAG(s) 'example_short_circuit_operator' retrieved from /home/airflow/.local/lib/python3.12/site-packages/airflow/example_dags/example_short_circuit_operator.py
[2025-02-06T17:58:33.359+0000] {logging_mixin.py:190} INFO - [2025-02-06T17:58:33.359+0000] {dag.py:3239} INFO - Sync 1 DAGs
[2025-02-06T17:58:33.386+0000] {logging_mixin.py:190} INFO - [2025-02-06T17:58:33.385+0000] {dag.py:4180} INFO - Setting next_dagrun for example_short_circuit_operator to None, run_after=None
[2025-02-06T17:58:33.425+0000] {processor.py:208} INFO - Processing /home/airflow/.local/lib/python3.12/site-packages/airflow/example_dags/example_short_circuit_operator.py took 0.140 seconds
[2025-02-06T17:59:04.017+0000] {processor.py:186} INFO - Started process (PID=392) to work on /home/airflow/.local/lib/python3.12/site-packages/airflow/example_dags/example_short_circuit_operator.py
[2025-02-06T17:59:04.018+0000] {processor.py:914} INFO - Processing file /home/airflow/.local/lib/python3.12/site-packages/airflow/example_dags/example_short_circuit_operator.py for tasks to queue
[2025-02-06T17:59:04.022+0000] {logging_mixin.py:190} INFO - [2025-02-06T17:59:04.021+0000] {dagbag.py:588} INFO - Filling up the DagBag from /home/airflow/.local/lib/python3.12/site-packages/airflow/example_dags/example_short_circuit_operator.py
[2025-02-06T17:59:04.033+0000] {processor.py:925} INFO - DAG(s) 'example_short_circuit_operator' retrieved from /home/airflow/.local/lib/python3.12/site-packages/airflow/example_dags/example_short_circuit_operator.py
[2025-02-06T17:59:04.067+0000] {logging_mixin.py:190} INFO - [2025-02-06T17:59:04.067+0000] {dag.py:3239} INFO - Sync 1 DAGs
[2025-02-06T17:59:04.090+0000] {logging_mixin.py:190} INFO - [2025-02-06T17:59:04.089+0000] {dag.py:4180} INFO - Setting next_dagrun for example_short_circuit_operator to None, run_after=None
[2025-02-06T17:59:04.124+0000] {processor.py:208} INFO - Processing /home/airflow/.local/lib/python3.12/site-packages/airflow/example_dags/example_short_circuit_operator.py took 0.115 seconds
[2025-02-06T17:59:34.957+0000] {processor.py:186} INFO - Started process (PID=450) to work on /home/airflow/.local/lib/python3.12/site-packages/airflow/example_dags/example_short_circuit_operator.py
[2025-02-06T17:59:34.958+0000] {processor.py:914} INFO - Processing file /home/airflow/.local/lib/python3.12/site-packages/airflow/example_dags/example_short_circuit_operator.py for tasks to queue
[2025-02-06T17:59:34.962+0000] {logging_mixin.py:190} INFO - [2025-02-06T17:59:34.961+0000] {dagbag.py:588} INFO - Filling up the DagBag from /home/airflow/.local/lib/python3.12/site-packages/airflow/example_dags/example_short_circuit_operator.py
[2025-02-06T17:59:34.973+0000] {processor.py:925} INFO - DAG(s) 'example_short_circuit_operator' retrieved from /home/airflow/.local/lib/python3.12/site-packages/airflow/example_dags/example_short_circuit_operator.py
[2025-02-06T17:59:35.016+0000] {logging_mixin.py:190} INFO - [2025-02-06T17:59:35.015+0000] {dag.py:3239} INFO - Sync 1 DAGs
[2025-02-06T17:59:35.039+0000] {logging_mixin.py:190} INFO - [2025-02-06T17:59:35.038+0000] {dag.py:4180} INFO - Setting next_dagrun for example_short_circuit_operator to None, run_after=None
[2025-02-06T17:59:35.069+0000] {processor.py:208} INFO - Processing /home/airflow/.local/lib/python3.12/site-packages/airflow/example_dags/example_short_circuit_operator.py took 0.120 seconds
[2025-02-06T18:00:05.314+0000] {processor.py:186} INFO - Started process (PID=508) to work on /home/airflow/.local/lib/python3.12/site-packages/airflow/example_dags/example_short_circuit_operator.py
[2025-02-06T18:00:05.315+0000] {processor.py:914} INFO - Processing file /home/airflow/.local/lib/python3.12/site-packages/airflow/example_dags/example_short_circuit_operator.py for tasks to queue
[2025-02-06T18:00:05.318+0000] {logging_mixin.py:190} INFO - [2025-02-06T18:00:05.318+0000] {dagbag.py:588} INFO - Filling up the DagBag from /home/airflow/.local/lib/python3.12/site-packages/airflow/example_dags/example_short_circuit_operator.py
[2025-02-06T18:00:05.331+0000] {processor.py:925} INFO - DAG(s) 'example_short_circuit_operator' retrieved from /home/airflow/.local/lib/python3.12/site-packages/airflow/example_dags/example_short_circuit_operator.py
[2025-02-06T18:00:05.363+0000] {logging_mixin.py:190} INFO - [2025-02-06T18:00:05.363+0000] {dag.py:3239} INFO - Sync 1 DAGs
[2025-02-06T18:00:05.382+0000] {logging_mixin.py:190} INFO - [2025-02-06T18:00:05.381+0000] {dag.py:4180} INFO - Setting next_dagrun for example_short_circuit_operator to None, run_after=None
[2025-02-06T18:00:05.408+0000] {processor.py:208} INFO - Processing /home/airflow/.local/lib/python3.12/site-packages/airflow/example_dags/example_short_circuit_operator.py took 0.103 seconds
[2025-02-06T18:00:35.665+0000] {processor.py:186} INFO - Started process (PID=566) to work on /home/airflow/.local/lib/python3.12/site-packages/airflow/example_dags/example_short_circuit_operator.py
[2025-02-06T18:00:35.667+0000] {processor.py:914} INFO - Processing file /home/airflow/.local/lib/python3.12/site-packages/airflow/example_dags/example_short_circuit_operator.py for tasks to queue
[2025-02-06T18:00:35.672+0000] {logging_mixin.py:190} INFO - [2025-02-06T18:00:35.669+0000] {dagbag.py:588} INFO - Filling up the DagBag from /home/airflow/.local/lib/python3.12/site-packages/airflow/example_dags/example_short_circuit_operator.py
[2025-02-06T18:00:35.689+0000] {processor.py:925} INFO - DAG(s) 'example_short_circuit_operator' retrieved from /home/airflow/.local/lib/python3.12/site-packages/airflow/example_dags/example_short_circuit_operator.py
[2025-02-06T18:00:35.723+0000] {logging_mixin.py:190} INFO - [2025-02-06T18:00:35.722+0000] {dag.py:3239} INFO - Sync 1 DAGs
[2025-02-06T18:00:35.742+0000] {logging_mixin.py:190} INFO - [2025-02-06T18:00:35.741+0000] {dag.py:4180} INFO - Setting next_dagrun for example_short_circuit_operator to None, run_after=None
[2025-02-06T18:00:35.776+0000] {processor.py:208} INFO - Processing /home/airflow/.local/lib/python3.12/site-packages/airflow/example_dags/example_short_circuit_operator.py took 0.125 seconds
[2025-02-06T18:01:06.016+0000] {processor.py:186} INFO - Started process (PID=623) to work on /home/airflow/.local/lib/python3.12/site-packages/airflow/example_dags/example_short_circuit_operator.py
[2025-02-06T18:01:06.017+0000] {processor.py:914} INFO - Processing file /home/airflow/.local/lib/python3.12/site-packages/airflow/example_dags/example_short_circuit_operator.py for tasks to queue
[2025-02-06T18:01:06.020+0000] {logging_mixin.py:190} INFO - [2025-02-06T18:01:06.020+0000] {dagbag.py:588} INFO - Filling up the DagBag from /home/airflow/.local/lib/python3.12/site-packages/airflow/example_dags/example_short_circuit_operator.py
[2025-02-06T18:01:06.036+0000] {processor.py:925} INFO - DAG(s) 'example_short_circuit_operator' retrieved from /home/airflow/.local/lib/python3.12/site-packages/airflow/example_dags/example_short_circuit_operator.py
[2025-02-06T18:01:06.075+0000] {logging_mixin.py:190} INFO - [2025-02-06T18:01:06.075+0000] {dag.py:3239} INFO - Sync 1 DAGs
[2025-02-06T18:01:06.099+0000] {logging_mixin.py:190} INFO - [2025-02-06T18:01:06.099+0000] {dag.py:4180} INFO - Setting next_dagrun for example_short_circuit_operator to None, run_after=None
[2025-02-06T18:01:06.134+0000] {processor.py:208} INFO - Processing /home/airflow/.local/lib/python3.12/site-packages/airflow/example_dags/example_short_circuit_operator.py took 0.126 seconds
[2025-02-06T18:01:36.385+0000] {processor.py:186} INFO - Started process (PID=681) to work on /home/airflow/.local/lib/python3.12/site-packages/airflow/example_dags/example_short_circuit_operator.py
[2025-02-06T18:01:36.386+0000] {processor.py:914} INFO - Processing file /home/airflow/.local/lib/python3.12/site-packages/airflow/example_dags/example_short_circuit_operator.py for tasks to queue
[2025-02-06T18:01:36.389+0000] {logging_mixin.py:190} INFO - [2025-02-06T18:01:36.389+0000] {dagbag.py:588} INFO - Filling up the DagBag from /home/airflow/.local/lib/python3.12/site-packages/airflow/example_dags/example_short_circuit_operator.py
[2025-02-06T18:01:36.403+0000] {processor.py:925} INFO - DAG(s) 'example_short_circuit_operator' retrieved from /home/airflow/.local/lib/python3.12/site-packages/airflow/example_dags/example_short_circuit_operator.py
[2025-02-06T18:01:36.434+0000] {logging_mixin.py:190} INFO - [2025-02-06T18:01:36.433+0000] {dag.py:3239} INFO - Sync 1 DAGs
[2025-02-06T18:01:36.456+0000] {logging_mixin.py:190} INFO - [2025-02-06T18:01:36.456+0000] {dag.py:4180} INFO - Setting next_dagrun for example_short_circuit_operator to None, run_after=None
[2025-02-06T18:01:36.478+0000] {processor.py:208} INFO - Processing /home/airflow/.local/lib/python3.12/site-packages/airflow/example_dags/example_short_circuit_operator.py took 0.103 seconds
[2025-02-06T18:15:33.220+0000] {processor.py:186} INFO - Started process (PID=44) to work on /home/airflow/.local/lib/python3.12/site-packages/airflow/example_dags/example_short_circuit_operator.py
[2025-02-06T18:15:33.222+0000] {processor.py:914} INFO - Processing file /home/airflow/.local/lib/python3.12/site-packages/airflow/example_dags/example_short_circuit_operator.py for tasks to queue
[2025-02-06T18:15:33.226+0000] {logging_mixin.py:190} INFO - [2025-02-06T18:15:33.225+0000] {dagbag.py:588} INFO - Filling up the DagBag from /home/airflow/.local/lib/python3.12/site-packages/airflow/example_dags/example_short_circuit_operator.py
[2025-02-06T18:15:33.252+0000] {processor.py:925} INFO - DAG(s) 'example_short_circuit_operator' retrieved from /home/airflow/.local/lib/python3.12/site-packages/airflow/example_dags/example_short_circuit_operator.py
[2025-02-06T18:15:33.345+0000] {logging_mixin.py:190} INFO - [2025-02-06T18:15:33.344+0000] {dag.py:3239} INFO - Sync 1 DAGs
[2025-02-06T18:15:33.394+0000] {logging_mixin.py:190} INFO - [2025-02-06T18:15:33.393+0000] {dag.py:4180} INFO - Setting next_dagrun for example_short_circuit_operator to None, run_after=None
[2025-02-06T18:15:33.466+0000] {processor.py:208} INFO - Processing /home/airflow/.local/lib/python3.12/site-packages/airflow/example_dags/example_short_circuit_operator.py took 0.258 seconds
[2025-02-06T18:16:03.864+0000] {processor.py:186} INFO - Started process (PID=100) to work on /home/airflow/.local/lib/python3.12/site-packages/airflow/example_dags/example_short_circuit_operator.py
[2025-02-06T18:16:03.866+0000] {processor.py:914} INFO - Processing file /home/airflow/.local/lib/python3.12/site-packages/airflow/example_dags/example_short_circuit_operator.py for tasks to queue
[2025-02-06T18:16:03.871+0000] {logging_mixin.py:190} INFO - [2025-02-06T18:16:03.870+0000] {dagbag.py:588} INFO - Filling up the DagBag from /home/airflow/.local/lib/python3.12/site-packages/airflow/example_dags/example_short_circuit_operator.py
[2025-02-06T18:16:03.890+0000] {processor.py:925} INFO - DAG(s) 'example_short_circuit_operator' retrieved from /home/airflow/.local/lib/python3.12/site-packages/airflow/example_dags/example_short_circuit_operator.py
[2025-02-06T18:16:03.928+0000] {logging_mixin.py:190} INFO - [2025-02-06T18:16:03.928+0000] {dag.py:3239} INFO - Sync 1 DAGs
[2025-02-06T18:16:03.949+0000] {logging_mixin.py:190} INFO - [2025-02-06T18:16:03.948+0000] {dag.py:4180} INFO - Setting next_dagrun for example_short_circuit_operator to None, run_after=None
[2025-02-06T18:16:03.981+0000] {processor.py:208} INFO - Processing /home/airflow/.local/lib/python3.12/site-packages/airflow/example_dags/example_short_circuit_operator.py took 0.126 seconds
[2025-02-06T18:16:34.123+0000] {processor.py:186} INFO - Started process (PID=156) to work on /home/airflow/.local/lib/python3.12/site-packages/airflow/example_dags/example_short_circuit_operator.py
[2025-02-06T18:16:34.125+0000] {processor.py:914} INFO - Processing file /home/airflow/.local/lib/python3.12/site-packages/airflow/example_dags/example_short_circuit_operator.py for tasks to queue
[2025-02-06T18:16:34.130+0000] {logging_mixin.py:190} INFO - [2025-02-06T18:16:34.129+0000] {dagbag.py:588} INFO - Filling up the DagBag from /home/airflow/.local/lib/python3.12/site-packages/airflow/example_dags/example_short_circuit_operator.py
[2025-02-06T18:16:34.147+0000] {processor.py:925} INFO - DAG(s) 'example_short_circuit_operator' retrieved from /home/airflow/.local/lib/python3.12/site-packages/airflow/example_dags/example_short_circuit_operator.py
[2025-02-06T18:16:34.191+0000] {logging_mixin.py:190} INFO - [2025-02-06T18:16:34.191+0000] {dag.py:3239} INFO - Sync 1 DAGs
[2025-02-06T18:16:34.218+0000] {logging_mixin.py:190} INFO - [2025-02-06T18:16:34.217+0000] {dag.py:4180} INFO - Setting next_dagrun for example_short_circuit_operator to None, run_after=None
[2025-02-06T18:16:34.261+0000] {processor.py:208} INFO - Processing /home/airflow/.local/lib/python3.12/site-packages/airflow/example_dags/example_short_circuit_operator.py took 0.148 seconds
[2025-02-06T18:17:04.756+0000] {processor.py:186} INFO - Started process (PID=214) to work on /home/airflow/.local/lib/python3.12/site-packages/airflow/example_dags/example_short_circuit_operator.py
[2025-02-06T18:17:04.757+0000] {processor.py:914} INFO - Processing file /home/airflow/.local/lib/python3.12/site-packages/airflow/example_dags/example_short_circuit_operator.py for tasks to queue
[2025-02-06T18:17:04.760+0000] {logging_mixin.py:190} INFO - [2025-02-06T18:17:04.760+0000] {dagbag.py:588} INFO - Filling up the DagBag from /home/airflow/.local/lib/python3.12/site-packages/airflow/example_dags/example_short_circuit_operator.py
[2025-02-06T18:17:04.771+0000] {processor.py:925} INFO - DAG(s) 'example_short_circuit_operator' retrieved from /home/airflow/.local/lib/python3.12/site-packages/airflow/example_dags/example_short_circuit_operator.py
[2025-02-06T18:17:04.803+0000] {logging_mixin.py:190} INFO - [2025-02-06T18:17:04.803+0000] {dag.py:3239} INFO - Sync 1 DAGs
[2025-02-06T18:17:04.822+0000] {logging_mixin.py:190} INFO - [2025-02-06T18:17:04.822+0000] {dag.py:4180} INFO - Setting next_dagrun for example_short_circuit_operator to None, run_after=None
[2025-02-06T18:17:04.856+0000] {processor.py:208} INFO - Processing /home/airflow/.local/lib/python3.12/site-packages/airflow/example_dags/example_short_circuit_operator.py took 0.109 seconds
[2025-02-06T18:17:35.028+0000] {processor.py:186} INFO - Started process (PID=270) to work on /home/airflow/.local/lib/python3.12/site-packages/airflow/example_dags/example_short_circuit_operator.py
[2025-02-06T18:17:35.030+0000] {processor.py:914} INFO - Processing file /home/airflow/.local/lib/python3.12/site-packages/airflow/example_dags/example_short_circuit_operator.py for tasks to queue
[2025-02-06T18:17:35.036+0000] {logging_mixin.py:190} INFO - [2025-02-06T18:17:35.035+0000] {dagbag.py:588} INFO - Filling up the DagBag from /home/airflow/.local/lib/python3.12/site-packages/airflow/example_dags/example_short_circuit_operator.py
[2025-02-06T18:17:35.048+0000] {processor.py:925} INFO - DAG(s) 'example_short_circuit_operator' retrieved from /home/airflow/.local/lib/python3.12/site-packages/airflow/example_dags/example_short_circuit_operator.py
[2025-02-06T18:17:35.080+0000] {logging_mixin.py:190} INFO - [2025-02-06T18:17:35.080+0000] {dag.py:3239} INFO - Sync 1 DAGs
[2025-02-06T18:17:35.103+0000] {logging_mixin.py:190} INFO - [2025-02-06T18:17:35.103+0000] {dag.py:4180} INFO - Setting next_dagrun for example_short_circuit_operator to None, run_after=None
[2025-02-06T18:17:35.133+0000] {processor.py:208} INFO - Processing /home/airflow/.local/lib/python3.12/site-packages/airflow/example_dags/example_short_circuit_operator.py took 0.116 seconds
[2025-02-06T18:18:05.279+0000] {processor.py:186} INFO - Started process (PID=327) to work on /home/airflow/.local/lib/python3.12/site-packages/airflow/example_dags/example_short_circuit_operator.py
[2025-02-06T18:18:05.281+0000] {processor.py:914} INFO - Processing file /home/airflow/.local/lib/python3.12/site-packages/airflow/example_dags/example_short_circuit_operator.py for tasks to queue
[2025-02-06T18:18:05.292+0000] {logging_mixin.py:190} INFO - [2025-02-06T18:18:05.291+0000] {dagbag.py:588} INFO - Filling up the DagBag from /home/airflow/.local/lib/python3.12/site-packages/airflow/example_dags/example_short_circuit_operator.py
[2025-02-06T18:18:05.323+0000] {processor.py:925} INFO - DAG(s) 'example_short_circuit_operator' retrieved from /home/airflow/.local/lib/python3.12/site-packages/airflow/example_dags/example_short_circuit_operator.py
[2025-02-06T18:18:05.413+0000] {logging_mixin.py:190} INFO - [2025-02-06T18:18:05.412+0000] {dag.py:3239} INFO - Sync 1 DAGs
[2025-02-06T18:18:05.458+0000] {logging_mixin.py:190} INFO - [2025-02-06T18:18:05.457+0000] {dag.py:4180} INFO - Setting next_dagrun for example_short_circuit_operator to None, run_after=None
[2025-02-06T18:18:05.529+0000] {processor.py:208} INFO - Processing /home/airflow/.local/lib/python3.12/site-packages/airflow/example_dags/example_short_circuit_operator.py took 0.264 seconds
[2025-02-06T18:18:35.858+0000] {processor.py:186} INFO - Started process (PID=384) to work on /home/airflow/.local/lib/python3.12/site-packages/airflow/example_dags/example_short_circuit_operator.py
[2025-02-06T18:18:35.859+0000] {processor.py:914} INFO - Processing file /home/airflow/.local/lib/python3.12/site-packages/airflow/example_dags/example_short_circuit_operator.py for tasks to queue
[2025-02-06T18:18:35.863+0000] {logging_mixin.py:190} INFO - [2025-02-06T18:18:35.862+0000] {dagbag.py:588} INFO - Filling up the DagBag from /home/airflow/.local/lib/python3.12/site-packages/airflow/example_dags/example_short_circuit_operator.py
[2025-02-06T18:18:35.875+0000] {processor.py:925} INFO - DAG(s) 'example_short_circuit_operator' retrieved from /home/airflow/.local/lib/python3.12/site-packages/airflow/example_dags/example_short_circuit_operator.py
[2025-02-06T18:18:35.908+0000] {logging_mixin.py:190} INFO - [2025-02-06T18:18:35.908+0000] {dag.py:3239} INFO - Sync 1 DAGs
[2025-02-06T18:18:35.933+0000] {logging_mixin.py:190} INFO - [2025-02-06T18:18:35.933+0000] {dag.py:4180} INFO - Setting next_dagrun for example_short_circuit_operator to None, run_after=None
[2025-02-06T18:18:35.972+0000] {processor.py:208} INFO - Processing /home/airflow/.local/lib/python3.12/site-packages/airflow/example_dags/example_short_circuit_operator.py took 0.123 seconds
[2025-02-06T18:19:06.360+0000] {processor.py:186} INFO - Started process (PID=441) to work on /home/airflow/.local/lib/python3.12/site-packages/airflow/example_dags/example_short_circuit_operator.py
[2025-02-06T18:19:06.362+0000] {processor.py:914} INFO - Processing file /home/airflow/.local/lib/python3.12/site-packages/airflow/example_dags/example_short_circuit_operator.py for tasks to queue
[2025-02-06T18:19:06.373+0000] {logging_mixin.py:190} INFO - [2025-02-06T18:19:06.367+0000] {dagbag.py:588} INFO - Filling up the DagBag from /home/airflow/.local/lib/python3.12/site-packages/airflow/example_dags/example_short_circuit_operator.py
[2025-02-06T18:19:06.388+0000] {processor.py:925} INFO - DAG(s) 'example_short_circuit_operator' retrieved from /home/airflow/.local/lib/python3.12/site-packages/airflow/example_dags/example_short_circuit_operator.py
[2025-02-06T18:19:06.445+0000] {logging_mixin.py:190} INFO - [2025-02-06T18:19:06.445+0000] {dag.py:3239} INFO - Sync 1 DAGs
[2025-02-06T18:19:06.508+0000] {logging_mixin.py:190} INFO - [2025-02-06T18:19:06.507+0000] {dag.py:4180} INFO - Setting next_dagrun for example_short_circuit_operator to None, run_after=None
[2025-02-06T18:19:06.552+0000] {processor.py:208} INFO - Processing /home/airflow/.local/lib/python3.12/site-packages/airflow/example_dags/example_short_circuit_operator.py took 0.204 seconds
[2025-02-06T18:19:36.877+0000] {processor.py:186} INFO - Started process (PID=498) to work on /home/airflow/.local/lib/python3.12/site-packages/airflow/example_dags/example_short_circuit_operator.py
[2025-02-06T18:19:36.878+0000] {processor.py:914} INFO - Processing file /home/airflow/.local/lib/python3.12/site-packages/airflow/example_dags/example_short_circuit_operator.py for tasks to queue
[2025-02-06T18:19:36.883+0000] {logging_mixin.py:190} INFO - [2025-02-06T18:19:36.882+0000] {dagbag.py:588} INFO - Filling up the DagBag from /home/airflow/.local/lib/python3.12/site-packages/airflow/example_dags/example_short_circuit_operator.py
[2025-02-06T18:19:36.899+0000] {processor.py:925} INFO - DAG(s) 'example_short_circuit_operator' retrieved from /home/airflow/.local/lib/python3.12/site-packages/airflow/example_dags/example_short_circuit_operator.py
[2025-02-06T18:19:36.949+0000] {logging_mixin.py:190} INFO - [2025-02-06T18:19:36.949+0000] {dag.py:3239} INFO - Sync 1 DAGs
[2025-02-06T18:19:36.981+0000] {logging_mixin.py:190} INFO - [2025-02-06T18:19:36.981+0000] {dag.py:4180} INFO - Setting next_dagrun for example_short_circuit_operator to None, run_after=None
[2025-02-06T18:19:37.022+0000] {processor.py:208} INFO - Processing /home/airflow/.local/lib/python3.12/site-packages/airflow/example_dags/example_short_circuit_operator.py took 0.159 seconds
[2025-02-06T18:20:07.897+0000] {processor.py:186} INFO - Started process (PID=555) to work on /home/airflow/.local/lib/python3.12/site-packages/airflow/example_dags/example_short_circuit_operator.py
[2025-02-06T18:20:07.899+0000] {processor.py:914} INFO - Processing file /home/airflow/.local/lib/python3.12/site-packages/airflow/example_dags/example_short_circuit_operator.py for tasks to queue
[2025-02-06T18:20:07.903+0000] {logging_mixin.py:190} INFO - [2025-02-06T18:20:07.902+0000] {dagbag.py:588} INFO - Filling up the DagBag from /home/airflow/.local/lib/python3.12/site-packages/airflow/example_dags/example_short_circuit_operator.py
[2025-02-06T18:20:07.917+0000] {processor.py:925} INFO - DAG(s) 'example_short_circuit_operator' retrieved from /home/airflow/.local/lib/python3.12/site-packages/airflow/example_dags/example_short_circuit_operator.py
[2025-02-06T18:20:07.952+0000] {logging_mixin.py:190} INFO - [2025-02-06T18:20:07.951+0000] {dag.py:3239} INFO - Sync 1 DAGs
[2025-02-06T18:20:07.974+0000] {logging_mixin.py:190} INFO - [2025-02-06T18:20:07.974+0000] {dag.py:4180} INFO - Setting next_dagrun for example_short_circuit_operator to None, run_after=None
[2025-02-06T18:20:07.999+0000] {processor.py:208} INFO - Processing /home/airflow/.local/lib/python3.12/site-packages/airflow/example_dags/example_short_circuit_operator.py took 0.110 seconds
[2025-02-06T18:20:38.147+0000] {processor.py:186} INFO - Started process (PID=612) to work on /home/airflow/.local/lib/python3.12/site-packages/airflow/example_dags/example_short_circuit_operator.py
[2025-02-06T18:20:38.148+0000] {processor.py:914} INFO - Processing file /home/airflow/.local/lib/python3.12/site-packages/airflow/example_dags/example_short_circuit_operator.py for tasks to queue
[2025-02-06T18:20:38.152+0000] {logging_mixin.py:190} INFO - [2025-02-06T18:20:38.151+0000] {dagbag.py:588} INFO - Filling up the DagBag from /home/airflow/.local/lib/python3.12/site-packages/airflow/example_dags/example_short_circuit_operator.py
[2025-02-06T18:20:38.163+0000] {processor.py:925} INFO - DAG(s) 'example_short_circuit_operator' retrieved from /home/airflow/.local/lib/python3.12/site-packages/airflow/example_dags/example_short_circuit_operator.py
[2025-02-06T18:20:38.203+0000] {logging_mixin.py:190} INFO - [2025-02-06T18:20:38.203+0000] {dag.py:3239} INFO - Sync 1 DAGs
[2025-02-06T18:20:38.225+0000] {logging_mixin.py:190} INFO - [2025-02-06T18:20:38.225+0000] {dag.py:4180} INFO - Setting next_dagrun for example_short_circuit_operator to None, run_after=None
[2025-02-06T18:20:38.255+0000] {processor.py:208} INFO - Processing /home/airflow/.local/lib/python3.12/site-packages/airflow/example_dags/example_short_circuit_operator.py took 0.115 seconds
[2025-02-06T18:21:09.114+0000] {processor.py:186} INFO - Started process (PID=669) to work on /home/airflow/.local/lib/python3.12/site-packages/airflow/example_dags/example_short_circuit_operator.py
[2025-02-06T18:21:09.116+0000] {processor.py:914} INFO - Processing file /home/airflow/.local/lib/python3.12/site-packages/airflow/example_dags/example_short_circuit_operator.py for tasks to queue
[2025-02-06T18:21:09.120+0000] {logging_mixin.py:190} INFO - [2025-02-06T18:21:09.119+0000] {dagbag.py:588} INFO - Filling up the DagBag from /home/airflow/.local/lib/python3.12/site-packages/airflow/example_dags/example_short_circuit_operator.py
[2025-02-06T18:21:09.135+0000] {processor.py:925} INFO - DAG(s) 'example_short_circuit_operator' retrieved from /home/airflow/.local/lib/python3.12/site-packages/airflow/example_dags/example_short_circuit_operator.py
[2025-02-06T18:21:09.168+0000] {logging_mixin.py:190} INFO - [2025-02-06T18:21:09.167+0000] {dag.py:3239} INFO - Sync 1 DAGs
[2025-02-06T18:21:09.187+0000] {logging_mixin.py:190} INFO - [2025-02-06T18:21:09.186+0000] {dag.py:4180} INFO - Setting next_dagrun for example_short_circuit_operator to None, run_after=None
[2025-02-06T18:21:09.213+0000] {processor.py:208} INFO - Processing /home/airflow/.local/lib/python3.12/site-packages/airflow/example_dags/example_short_circuit_operator.py took 0.109 seconds
[2025-02-06T18:21:40.006+0000] {processor.py:186} INFO - Started process (PID=727) to work on /home/airflow/.local/lib/python3.12/site-packages/airflow/example_dags/example_short_circuit_operator.py
[2025-02-06T18:21:40.007+0000] {processor.py:914} INFO - Processing file /home/airflow/.local/lib/python3.12/site-packages/airflow/example_dags/example_short_circuit_operator.py for tasks to queue
[2025-02-06T18:21:40.011+0000] {logging_mixin.py:190} INFO - [2025-02-06T18:21:40.010+0000] {dagbag.py:588} INFO - Filling up the DagBag from /home/airflow/.local/lib/python3.12/site-packages/airflow/example_dags/example_short_circuit_operator.py
[2025-02-06T18:21:40.026+0000] {processor.py:925} INFO - DAG(s) 'example_short_circuit_operator' retrieved from /home/airflow/.local/lib/python3.12/site-packages/airflow/example_dags/example_short_circuit_operator.py
[2025-02-06T18:21:40.074+0000] {logging_mixin.py:190} INFO - [2025-02-06T18:21:40.074+0000] {dag.py:3239} INFO - Sync 1 DAGs
[2025-02-06T18:21:40.099+0000] {logging_mixin.py:190} INFO - [2025-02-06T18:21:40.098+0000] {dag.py:4180} INFO - Setting next_dagrun for example_short_circuit_operator to None, run_after=None
[2025-02-06T18:21:40.129+0000] {processor.py:208} INFO - Processing /home/airflow/.local/lib/python3.12/site-packages/airflow/example_dags/example_short_circuit_operator.py took 0.134 seconds
[2025-02-06T18:22:10.680+0000] {processor.py:186} INFO - Started process (PID=784) to work on /home/airflow/.local/lib/python3.12/site-packages/airflow/example_dags/example_short_circuit_operator.py
[2025-02-06T18:22:10.682+0000] {processor.py:914} INFO - Processing file /home/airflow/.local/lib/python3.12/site-packages/airflow/example_dags/example_short_circuit_operator.py for tasks to queue
[2025-02-06T18:22:10.688+0000] {logging_mixin.py:190} INFO - [2025-02-06T18:22:10.688+0000] {dagbag.py:588} INFO - Filling up the DagBag from /home/airflow/.local/lib/python3.12/site-packages/airflow/example_dags/example_short_circuit_operator.py
[2025-02-06T18:22:10.708+0000] {processor.py:925} INFO - DAG(s) 'example_short_circuit_operator' retrieved from /home/airflow/.local/lib/python3.12/site-packages/airflow/example_dags/example_short_circuit_operator.py
[2025-02-06T18:22:10.755+0000] {logging_mixin.py:190} INFO - [2025-02-06T18:22:10.755+0000] {dag.py:3239} INFO - Sync 1 DAGs
[2025-02-06T18:22:10.785+0000] {logging_mixin.py:190} INFO - [2025-02-06T18:22:10.785+0000] {dag.py:4180} INFO - Setting next_dagrun for example_short_circuit_operator to None, run_after=None
[2025-02-06T18:22:10.825+0000] {processor.py:208} INFO - Processing /home/airflow/.local/lib/python3.12/site-packages/airflow/example_dags/example_short_circuit_operator.py took 0.154 seconds
[2025-02-06T18:22:41.045+0000] {processor.py:186} INFO - Started process (PID=841) to work on /home/airflow/.local/lib/python3.12/site-packages/airflow/example_dags/example_short_circuit_operator.py
[2025-02-06T18:22:41.048+0000] {processor.py:914} INFO - Processing file /home/airflow/.local/lib/python3.12/site-packages/airflow/example_dags/example_short_circuit_operator.py for tasks to queue
[2025-02-06T18:22:41.052+0000] {logging_mixin.py:190} INFO - [2025-02-06T18:22:41.052+0000] {dagbag.py:588} INFO - Filling up the DagBag from /home/airflow/.local/lib/python3.12/site-packages/airflow/example_dags/example_short_circuit_operator.py
[2025-02-06T18:22:41.067+0000] {processor.py:925} INFO - DAG(s) 'example_short_circuit_operator' retrieved from /home/airflow/.local/lib/python3.12/site-packages/airflow/example_dags/example_short_circuit_operator.py
[2025-02-06T18:22:41.116+0000] {logging_mixin.py:190} INFO - [2025-02-06T18:22:41.115+0000] {dag.py:3239} INFO - Sync 1 DAGs
[2025-02-06T18:22:41.147+0000] {logging_mixin.py:190} INFO - [2025-02-06T18:22:41.145+0000] {dag.py:4180} INFO - Setting next_dagrun for example_short_circuit_operator to None, run_after=None
[2025-02-06T18:22:41.194+0000] {processor.py:208} INFO - Processing /home/airflow/.local/lib/python3.12/site-packages/airflow/example_dags/example_short_circuit_operator.py took 0.159 seconds
[2025-02-06T18:23:11.520+0000] {processor.py:186} INFO - Started process (PID=898) to work on /home/airflow/.local/lib/python3.12/site-packages/airflow/example_dags/example_short_circuit_operator.py
[2025-02-06T18:23:11.522+0000] {processor.py:914} INFO - Processing file /home/airflow/.local/lib/python3.12/site-packages/airflow/example_dags/example_short_circuit_operator.py for tasks to queue
[2025-02-06T18:23:11.525+0000] {logging_mixin.py:190} INFO - [2025-02-06T18:23:11.525+0000] {dagbag.py:588} INFO - Filling up the DagBag from /home/airflow/.local/lib/python3.12/site-packages/airflow/example_dags/example_short_circuit_operator.py
[2025-02-06T18:23:11.538+0000] {processor.py:925} INFO - DAG(s) 'example_short_circuit_operator' retrieved from /home/airflow/.local/lib/python3.12/site-packages/airflow/example_dags/example_short_circuit_operator.py
[2025-02-06T18:23:11.578+0000] {logging_mixin.py:190} INFO - [2025-02-06T18:23:11.578+0000] {dag.py:3239} INFO - Sync 1 DAGs
[2025-02-06T18:23:11.607+0000] {logging_mixin.py:190} INFO - [2025-02-06T18:23:11.607+0000] {dag.py:4180} INFO - Setting next_dagrun for example_short_circuit_operator to None, run_after=None
[2025-02-06T18:23:11.647+0000] {processor.py:208} INFO - Processing /home/airflow/.local/lib/python3.12/site-packages/airflow/example_dags/example_short_circuit_operator.py took 0.136 seconds
[2025-02-06T18:23:43.315+0000] {processor.py:186} INFO - Started process (PID=955) to work on /home/airflow/.local/lib/python3.12/site-packages/airflow/example_dags/example_short_circuit_operator.py
[2025-02-06T18:23:43.317+0000] {processor.py:914} INFO - Processing file /home/airflow/.local/lib/python3.12/site-packages/airflow/example_dags/example_short_circuit_operator.py for tasks to queue
[2025-02-06T18:23:43.322+0000] {logging_mixin.py:190} INFO - [2025-02-06T18:23:43.321+0000] {dagbag.py:588} INFO - Filling up the DagBag from /home/airflow/.local/lib/python3.12/site-packages/airflow/example_dags/example_short_circuit_operator.py
[2025-02-06T18:23:43.345+0000] {processor.py:925} INFO - DAG(s) 'example_short_circuit_operator' retrieved from /home/airflow/.local/lib/python3.12/site-packages/airflow/example_dags/example_short_circuit_operator.py
[2025-02-06T18:23:43.396+0000] {logging_mixin.py:190} INFO - [2025-02-06T18:23:43.396+0000] {dag.py:3239} INFO - Sync 1 DAGs
[2025-02-06T18:23:43.426+0000] {logging_mixin.py:190} INFO - [2025-02-06T18:23:43.426+0000] {dag.py:4180} INFO - Setting next_dagrun for example_short_circuit_operator to None, run_after=None
[2025-02-06T18:23:43.462+0000] {processor.py:208} INFO - Processing /home/airflow/.local/lib/python3.12/site-packages/airflow/example_dags/example_short_circuit_operator.py took 0.157 seconds
[2025-02-06T18:24:13.697+0000] {processor.py:186} INFO - Started process (PID=1012) to work on /home/airflow/.local/lib/python3.12/site-packages/airflow/example_dags/example_short_circuit_operator.py
[2025-02-06T18:24:13.700+0000] {processor.py:914} INFO - Processing file /home/airflow/.local/lib/python3.12/site-packages/airflow/example_dags/example_short_circuit_operator.py for tasks to queue
[2025-02-06T18:24:13.707+0000] {logging_mixin.py:190} INFO - [2025-02-06T18:24:13.705+0000] {dagbag.py:588} INFO - Filling up the DagBag from /home/airflow/.local/lib/python3.12/site-packages/airflow/example_dags/example_short_circuit_operator.py
[2025-02-06T18:24:13.729+0000] {processor.py:925} INFO - DAG(s) 'example_short_circuit_operator' retrieved from /home/airflow/.local/lib/python3.12/site-packages/airflow/example_dags/example_short_circuit_operator.py
[2025-02-06T18:24:13.784+0000] {logging_mixin.py:190} INFO - [2025-02-06T18:24:13.784+0000] {dag.py:3239} INFO - Sync 1 DAGs
[2025-02-06T18:24:13.838+0000] {logging_mixin.py:190} INFO - [2025-02-06T18:24:13.838+0000] {dag.py:4180} INFO - Setting next_dagrun for example_short_circuit_operator to None, run_after=None
[2025-02-06T18:24:13.916+0000] {processor.py:208} INFO - Processing /home/airflow/.local/lib/python3.12/site-packages/airflow/example_dags/example_short_circuit_operator.py took 0.236 seconds
[2025-02-06T18:24:44.467+0000] {processor.py:186} INFO - Started process (PID=1069) to work on /home/airflow/.local/lib/python3.12/site-packages/airflow/example_dags/example_short_circuit_operator.py
[2025-02-06T18:24:44.468+0000] {processor.py:914} INFO - Processing file /home/airflow/.local/lib/python3.12/site-packages/airflow/example_dags/example_short_circuit_operator.py for tasks to queue
[2025-02-06T18:24:44.472+0000] {logging_mixin.py:190} INFO - [2025-02-06T18:24:44.472+0000] {dagbag.py:588} INFO - Filling up the DagBag from /home/airflow/.local/lib/python3.12/site-packages/airflow/example_dags/example_short_circuit_operator.py
[2025-02-06T18:24:44.486+0000] {processor.py:925} INFO - DAG(s) 'example_short_circuit_operator' retrieved from /home/airflow/.local/lib/python3.12/site-packages/airflow/example_dags/example_short_circuit_operator.py
[2025-02-06T18:24:44.532+0000] {logging_mixin.py:190} INFO - [2025-02-06T18:24:44.532+0000] {dag.py:3239} INFO - Sync 1 DAGs
[2025-02-06T18:24:44.559+0000] {logging_mixin.py:190} INFO - [2025-02-06T18:24:44.559+0000] {dag.py:4180} INFO - Setting next_dagrun for example_short_circuit_operator to None, run_after=None
[2025-02-06T18:24:44.594+0000] {processor.py:208} INFO - Processing /home/airflow/.local/lib/python3.12/site-packages/airflow/example_dags/example_short_circuit_operator.py took 0.137 seconds
[2025-02-06T18:25:14.908+0000] {processor.py:186} INFO - Started process (PID=1125) to work on /home/airflow/.local/lib/python3.12/site-packages/airflow/example_dags/example_short_circuit_operator.py
[2025-02-06T18:25:14.910+0000] {processor.py:914} INFO - Processing file /home/airflow/.local/lib/python3.12/site-packages/airflow/example_dags/example_short_circuit_operator.py for tasks to queue
[2025-02-06T18:25:14.913+0000] {logging_mixin.py:190} INFO - [2025-02-06T18:25:14.912+0000] {dagbag.py:588} INFO - Filling up the DagBag from /home/airflow/.local/lib/python3.12/site-packages/airflow/example_dags/example_short_circuit_operator.py
[2025-02-06T18:25:14.931+0000] {processor.py:925} INFO - DAG(s) 'example_short_circuit_operator' retrieved from /home/airflow/.local/lib/python3.12/site-packages/airflow/example_dags/example_short_circuit_operator.py
[2025-02-06T18:25:14.985+0000] {logging_mixin.py:190} INFO - [2025-02-06T18:25:14.984+0000] {dag.py:3239} INFO - Sync 1 DAGs
[2025-02-06T18:25:15.016+0000] {logging_mixin.py:190} INFO - [2025-02-06T18:25:15.015+0000] {dag.py:4180} INFO - Setting next_dagrun for example_short_circuit_operator to None, run_after=None
[2025-02-06T18:25:15.056+0000] {processor.py:208} INFO - Processing /home/airflow/.local/lib/python3.12/site-packages/airflow/example_dags/example_short_circuit_operator.py took 0.159 seconds
[2025-02-06T18:25:45.232+0000] {processor.py:186} INFO - Started process (PID=1182) to work on /home/airflow/.local/lib/python3.12/site-packages/airflow/example_dags/example_short_circuit_operator.py
[2025-02-06T18:25:45.233+0000] {processor.py:914} INFO - Processing file /home/airflow/.local/lib/python3.12/site-packages/airflow/example_dags/example_short_circuit_operator.py for tasks to queue
[2025-02-06T18:25:45.237+0000] {logging_mixin.py:190} INFO - [2025-02-06T18:25:45.236+0000] {dagbag.py:588} INFO - Filling up the DagBag from /home/airflow/.local/lib/python3.12/site-packages/airflow/example_dags/example_short_circuit_operator.py
[2025-02-06T18:25:45.250+0000] {processor.py:925} INFO - DAG(s) 'example_short_circuit_operator' retrieved from /home/airflow/.local/lib/python3.12/site-packages/airflow/example_dags/example_short_circuit_operator.py
[2025-02-06T18:25:45.283+0000] {logging_mixin.py:190} INFO - [2025-02-06T18:25:45.283+0000] {dag.py:3239} INFO - Sync 1 DAGs
[2025-02-06T18:25:45.309+0000] {logging_mixin.py:190} INFO - [2025-02-06T18:25:45.308+0000] {dag.py:4180} INFO - Setting next_dagrun for example_short_circuit_operator to None, run_after=None
[2025-02-06T18:25:45.335+0000] {processor.py:208} INFO - Processing /home/airflow/.local/lib/python3.12/site-packages/airflow/example_dags/example_short_circuit_operator.py took 0.112 seconds
[2025-02-06T18:26:16.230+0000] {processor.py:186} INFO - Started process (PID=1239) to work on /home/airflow/.local/lib/python3.12/site-packages/airflow/example_dags/example_short_circuit_operator.py
[2025-02-06T18:26:16.232+0000] {processor.py:914} INFO - Processing file /home/airflow/.local/lib/python3.12/site-packages/airflow/example_dags/example_short_circuit_operator.py for tasks to queue
[2025-02-06T18:26:16.236+0000] {logging_mixin.py:190} INFO - [2025-02-06T18:26:16.235+0000] {dagbag.py:588} INFO - Filling up the DagBag from /home/airflow/.local/lib/python3.12/site-packages/airflow/example_dags/example_short_circuit_operator.py
[2025-02-06T18:26:16.253+0000] {processor.py:925} INFO - DAG(s) 'example_short_circuit_operator' retrieved from /home/airflow/.local/lib/python3.12/site-packages/airflow/example_dags/example_short_circuit_operator.py
[2025-02-06T18:26:16.293+0000] {logging_mixin.py:190} INFO - [2025-02-06T18:26:16.292+0000] {dag.py:3239} INFO - Sync 1 DAGs
[2025-02-06T18:26:16.322+0000] {logging_mixin.py:190} INFO - [2025-02-06T18:26:16.322+0000] {dag.py:4180} INFO - Setting next_dagrun for example_short_circuit_operator to None, run_after=None
[2025-02-06T18:26:16.364+0000] {processor.py:208} INFO - Processing /home/airflow/.local/lib/python3.12/site-packages/airflow/example_dags/example_short_circuit_operator.py took 0.146 seconds
[2025-02-06T18:26:47.251+0000] {processor.py:186} INFO - Started process (PID=1296) to work on /home/airflow/.local/lib/python3.12/site-packages/airflow/example_dags/example_short_circuit_operator.py
[2025-02-06T18:26:47.253+0000] {processor.py:914} INFO - Processing file /home/airflow/.local/lib/python3.12/site-packages/airflow/example_dags/example_short_circuit_operator.py for tasks to queue
[2025-02-06T18:26:47.258+0000] {logging_mixin.py:190} INFO - [2025-02-06T18:26:47.257+0000] {dagbag.py:588} INFO - Filling up the DagBag from /home/airflow/.local/lib/python3.12/site-packages/airflow/example_dags/example_short_circuit_operator.py
[2025-02-06T18:26:47.276+0000] {processor.py:925} INFO - DAG(s) 'example_short_circuit_operator' retrieved from /home/airflow/.local/lib/python3.12/site-packages/airflow/example_dags/example_short_circuit_operator.py
[2025-02-06T18:26:47.329+0000] {logging_mixin.py:190} INFO - [2025-02-06T18:26:47.329+0000] {dag.py:3239} INFO - Sync 1 DAGs
[2025-02-06T18:26:47.370+0000] {logging_mixin.py:190} INFO - [2025-02-06T18:26:47.369+0000] {dag.py:4180} INFO - Setting next_dagrun for example_short_circuit_operator to None, run_after=None
[2025-02-06T18:26:47.428+0000] {processor.py:208} INFO - Processing /home/airflow/.local/lib/python3.12/site-packages/airflow/example_dags/example_short_circuit_operator.py took 0.186 seconds
[2025-02-06T18:27:18.016+0000] {processor.py:186} INFO - Started process (PID=1352) to work on /home/airflow/.local/lib/python3.12/site-packages/airflow/example_dags/example_short_circuit_operator.py
[2025-02-06T18:27:18.018+0000] {processor.py:914} INFO - Processing file /home/airflow/.local/lib/python3.12/site-packages/airflow/example_dags/example_short_circuit_operator.py for tasks to queue
[2025-02-06T18:27:18.025+0000] {logging_mixin.py:190} INFO - [2025-02-06T18:27:18.024+0000] {dagbag.py:588} INFO - Filling up the DagBag from /home/airflow/.local/lib/python3.12/site-packages/airflow/example_dags/example_short_circuit_operator.py
[2025-02-06T18:27:18.045+0000] {processor.py:925} INFO - DAG(s) 'example_short_circuit_operator' retrieved from /home/airflow/.local/lib/python3.12/site-packages/airflow/example_dags/example_short_circuit_operator.py
[2025-02-06T18:27:18.118+0000] {logging_mixin.py:190} INFO - [2025-02-06T18:27:18.109+0000] {dag.py:3239} INFO - Sync 1 DAGs
[2025-02-06T18:27:18.220+0000] {logging_mixin.py:190} INFO - [2025-02-06T18:27:18.219+0000] {dag.py:4180} INFO - Setting next_dagrun for example_short_circuit_operator to None, run_after=None
[2025-02-06T18:27:18.363+0000] {processor.py:208} INFO - Processing /home/airflow/.local/lib/python3.12/site-packages/airflow/example_dags/example_short_circuit_operator.py took 0.365 seconds
[2025-02-06T18:27:49.162+0000] {processor.py:186} INFO - Started process (PID=1409) to work on /home/airflow/.local/lib/python3.12/site-packages/airflow/example_dags/example_short_circuit_operator.py
[2025-02-06T18:27:49.165+0000] {processor.py:914} INFO - Processing file /home/airflow/.local/lib/python3.12/site-packages/airflow/example_dags/example_short_circuit_operator.py for tasks to queue
[2025-02-06T18:27:49.170+0000] {logging_mixin.py:190} INFO - [2025-02-06T18:27:49.170+0000] {dagbag.py:588} INFO - Filling up the DagBag from /home/airflow/.local/lib/python3.12/site-packages/airflow/example_dags/example_short_circuit_operator.py
[2025-02-06T18:27:49.195+0000] {processor.py:925} INFO - DAG(s) 'example_short_circuit_operator' retrieved from /home/airflow/.local/lib/python3.12/site-packages/airflow/example_dags/example_short_circuit_operator.py
[2025-02-06T18:27:49.236+0000] {logging_mixin.py:190} INFO - [2025-02-06T18:27:49.236+0000] {dag.py:3239} INFO - Sync 1 DAGs
[2025-02-06T18:27:49.268+0000] {logging_mixin.py:190} INFO - [2025-02-06T18:27:49.268+0000] {dag.py:4180} INFO - Setting next_dagrun for example_short_circuit_operator to None, run_after=None
[2025-02-06T18:27:49.307+0000] {processor.py:208} INFO - Processing /home/airflow/.local/lib/python3.12/site-packages/airflow/example_dags/example_short_circuit_operator.py took 0.160 seconds
[2025-02-06T18:28:20.646+0000] {processor.py:186} INFO - Started process (PID=1466) to work on /home/airflow/.local/lib/python3.12/site-packages/airflow/example_dags/example_short_circuit_operator.py
[2025-02-06T18:28:20.648+0000] {processor.py:914} INFO - Processing file /home/airflow/.local/lib/python3.12/site-packages/airflow/example_dags/example_short_circuit_operator.py for tasks to queue
[2025-02-06T18:28:20.652+0000] {logging_mixin.py:190} INFO - [2025-02-06T18:28:20.651+0000] {dagbag.py:588} INFO - Filling up the DagBag from /home/airflow/.local/lib/python3.12/site-packages/airflow/example_dags/example_short_circuit_operator.py
[2025-02-06T18:28:20.668+0000] {processor.py:925} INFO - DAG(s) 'example_short_circuit_operator' retrieved from /home/airflow/.local/lib/python3.12/site-packages/airflow/example_dags/example_short_circuit_operator.py
[2025-02-06T18:28:20.709+0000] {logging_mixin.py:190} INFO - [2025-02-06T18:28:20.709+0000] {dag.py:3239} INFO - Sync 1 DAGs
[2025-02-06T18:28:20.732+0000] {logging_mixin.py:190} INFO - [2025-02-06T18:28:20.731+0000] {dag.py:4180} INFO - Setting next_dagrun for example_short_circuit_operator to None, run_after=None
[2025-02-06T18:28:20.800+0000] {processor.py:208} INFO - Processing /home/airflow/.local/lib/python3.12/site-packages/airflow/example_dags/example_short_circuit_operator.py took 0.165 seconds
[2025-02-06T18:28:51.731+0000] {processor.py:186} INFO - Started process (PID=1521) to work on /home/airflow/.local/lib/python3.12/site-packages/airflow/example_dags/example_short_circuit_operator.py
[2025-02-06T18:28:51.733+0000] {processor.py:914} INFO - Processing file /home/airflow/.local/lib/python3.12/site-packages/airflow/example_dags/example_short_circuit_operator.py for tasks to queue
[2025-02-06T18:28:51.743+0000] {logging_mixin.py:190} INFO - [2025-02-06T18:28:51.743+0000] {dagbag.py:588} INFO - Filling up the DagBag from /home/airflow/.local/lib/python3.12/site-packages/airflow/example_dags/example_short_circuit_operator.py
[2025-02-06T18:28:51.768+0000] {processor.py:925} INFO - DAG(s) 'example_short_circuit_operator' retrieved from /home/airflow/.local/lib/python3.12/site-packages/airflow/example_dags/example_short_circuit_operator.py
[2025-02-06T18:28:51.824+0000] {logging_mixin.py:190} INFO - [2025-02-06T18:28:51.824+0000] {dag.py:3239} INFO - Sync 1 DAGs
[2025-02-06T18:28:51.876+0000] {logging_mixin.py:190} INFO - [2025-02-06T18:28:51.875+0000] {dag.py:4180} INFO - Setting next_dagrun for example_short_circuit_operator to None, run_after=None
[2025-02-06T18:28:51.951+0000] {processor.py:208} INFO - Processing /home/airflow/.local/lib/python3.12/site-packages/airflow/example_dags/example_short_circuit_operator.py took 0.237 seconds
[2025-02-06T18:29:22.642+0000] {processor.py:186} INFO - Started process (PID=1578) to work on /home/airflow/.local/lib/python3.12/site-packages/airflow/example_dags/example_short_circuit_operator.py
[2025-02-06T18:29:22.644+0000] {processor.py:914} INFO - Processing file /home/airflow/.local/lib/python3.12/site-packages/airflow/example_dags/example_short_circuit_operator.py for tasks to queue
[2025-02-06T18:29:22.650+0000] {logging_mixin.py:190} INFO - [2025-02-06T18:29:22.649+0000] {dagbag.py:588} INFO - Filling up the DagBag from /home/airflow/.local/lib/python3.12/site-packages/airflow/example_dags/example_short_circuit_operator.py
[2025-02-06T18:29:22.693+0000] {processor.py:925} INFO - DAG(s) 'example_short_circuit_operator' retrieved from /home/airflow/.local/lib/python3.12/site-packages/airflow/example_dags/example_short_circuit_operator.py
[2025-02-06T18:29:22.806+0000] {logging_mixin.py:190} INFO - [2025-02-06T18:29:22.805+0000] {dag.py:3239} INFO - Sync 1 DAGs
[2025-02-06T18:29:22.895+0000] {logging_mixin.py:190} INFO - [2025-02-06T18:29:22.894+0000] {dag.py:4180} INFO - Setting next_dagrun for example_short_circuit_operator to None, run_after=None
[2025-02-06T18:29:23.024+0000] {processor.py:208} INFO - Processing /home/airflow/.local/lib/python3.12/site-packages/airflow/example_dags/example_short_circuit_operator.py took 0.395 seconds
[2025-02-06T18:29:53.691+0000] {processor.py:186} INFO - Started process (PID=1635) to work on /home/airflow/.local/lib/python3.12/site-packages/airflow/example_dags/example_short_circuit_operator.py
[2025-02-06T18:29:53.692+0000] {processor.py:914} INFO - Processing file /home/airflow/.local/lib/python3.12/site-packages/airflow/example_dags/example_short_circuit_operator.py for tasks to queue
[2025-02-06T18:29:53.696+0000] {logging_mixin.py:190} INFO - [2025-02-06T18:29:53.695+0000] {dagbag.py:588} INFO - Filling up the DagBag from /home/airflow/.local/lib/python3.12/site-packages/airflow/example_dags/example_short_circuit_operator.py
[2025-02-06T18:29:53.709+0000] {processor.py:925} INFO - DAG(s) 'example_short_circuit_operator' retrieved from /home/airflow/.local/lib/python3.12/site-packages/airflow/example_dags/example_short_circuit_operator.py
[2025-02-06T18:29:53.766+0000] {logging_mixin.py:190} INFO - [2025-02-06T18:29:53.765+0000] {dag.py:3239} INFO - Sync 1 DAGs
[2025-02-06T18:29:53.787+0000] {logging_mixin.py:190} INFO - [2025-02-06T18:29:53.787+0000] {dag.py:4180} INFO - Setting next_dagrun for example_short_circuit_operator to None, run_after=None
[2025-02-06T18:29:53.812+0000] {processor.py:208} INFO - Processing /home/airflow/.local/lib/python3.12/site-packages/airflow/example_dags/example_short_circuit_operator.py took 0.131 seconds
[2025-02-06T18:30:23.940+0000] {processor.py:186} INFO - Started process (PID=1691) to work on /home/airflow/.local/lib/python3.12/site-packages/airflow/example_dags/example_short_circuit_operator.py
[2025-02-06T18:30:23.942+0000] {processor.py:914} INFO - Processing file /home/airflow/.local/lib/python3.12/site-packages/airflow/example_dags/example_short_circuit_operator.py for tasks to queue
[2025-02-06T18:30:23.945+0000] {logging_mixin.py:190} INFO - [2025-02-06T18:30:23.945+0000] {dagbag.py:588} INFO - Filling up the DagBag from /home/airflow/.local/lib/python3.12/site-packages/airflow/example_dags/example_short_circuit_operator.py
[2025-02-06T18:30:23.960+0000] {processor.py:925} INFO - DAG(s) 'example_short_circuit_operator' retrieved from /home/airflow/.local/lib/python3.12/site-packages/airflow/example_dags/example_short_circuit_operator.py
[2025-02-06T18:30:24.041+0000] {logging_mixin.py:190} INFO - [2025-02-06T18:30:24.040+0000] {dag.py:3239} INFO - Sync 1 DAGs
[2025-02-06T18:30:24.081+0000] {logging_mixin.py:190} INFO - [2025-02-06T18:30:24.081+0000] {dag.py:4180} INFO - Setting next_dagrun for example_short_circuit_operator to None, run_after=None
[2025-02-06T18:30:24.126+0000] {processor.py:208} INFO - Processing /home/airflow/.local/lib/python3.12/site-packages/airflow/example_dags/example_short_circuit_operator.py took 0.194 seconds
[2025-02-06T18:30:54.361+0000] {processor.py:186} INFO - Started process (PID=1748) to work on /home/airflow/.local/lib/python3.12/site-packages/airflow/example_dags/example_short_circuit_operator.py
[2025-02-06T18:30:54.363+0000] {processor.py:914} INFO - Processing file /home/airflow/.local/lib/python3.12/site-packages/airflow/example_dags/example_short_circuit_operator.py for tasks to queue
[2025-02-06T18:30:54.366+0000] {logging_mixin.py:190} INFO - [2025-02-06T18:30:54.365+0000] {dagbag.py:588} INFO - Filling up the DagBag from /home/airflow/.local/lib/python3.12/site-packages/airflow/example_dags/example_short_circuit_operator.py
[2025-02-06T18:30:54.395+0000] {processor.py:925} INFO - DAG(s) 'example_short_circuit_operator' retrieved from /home/airflow/.local/lib/python3.12/site-packages/airflow/example_dags/example_short_circuit_operator.py
[2025-02-06T18:30:54.450+0000] {logging_mixin.py:190} INFO - [2025-02-06T18:30:54.450+0000] {dag.py:3239} INFO - Sync 1 DAGs
[2025-02-06T18:30:54.478+0000] {logging_mixin.py:190} INFO - [2025-02-06T18:30:54.478+0000] {dag.py:4180} INFO - Setting next_dagrun for example_short_circuit_operator to None, run_after=None
[2025-02-06T18:30:54.525+0000] {processor.py:208} INFO - Processing /home/airflow/.local/lib/python3.12/site-packages/airflow/example_dags/example_short_circuit_operator.py took 0.171 seconds
[2025-02-06T18:31:24.656+0000] {processor.py:186} INFO - Started process (PID=1804) to work on /home/airflow/.local/lib/python3.12/site-packages/airflow/example_dags/example_short_circuit_operator.py
[2025-02-06T18:31:24.658+0000] {processor.py:914} INFO - Processing file /home/airflow/.local/lib/python3.12/site-packages/airflow/example_dags/example_short_circuit_operator.py for tasks to queue
[2025-02-06T18:31:24.662+0000] {logging_mixin.py:190} INFO - [2025-02-06T18:31:24.661+0000] {dagbag.py:588} INFO - Filling up the DagBag from /home/airflow/.local/lib/python3.12/site-packages/airflow/example_dags/example_short_circuit_operator.py
[2025-02-06T18:31:24.677+0000] {processor.py:925} INFO - DAG(s) 'example_short_circuit_operator' retrieved from /home/airflow/.local/lib/python3.12/site-packages/airflow/example_dags/example_short_circuit_operator.py
[2025-02-06T18:31:24.720+0000] {logging_mixin.py:190} INFO - [2025-02-06T18:31:24.719+0000] {dag.py:3239} INFO - Sync 1 DAGs
[2025-02-06T18:31:24.756+0000] {logging_mixin.py:190} INFO - [2025-02-06T18:31:24.755+0000] {dag.py:4180} INFO - Setting next_dagrun for example_short_circuit_operator to None, run_after=None
[2025-02-06T18:31:24.791+0000] {processor.py:208} INFO - Processing /home/airflow/.local/lib/python3.12/site-packages/airflow/example_dags/example_short_circuit_operator.py took 0.144 seconds
[2025-02-06T18:31:54.978+0000] {processor.py:186} INFO - Started process (PID=1861) to work on /home/airflow/.local/lib/python3.12/site-packages/airflow/example_dags/example_short_circuit_operator.py
[2025-02-06T18:31:54.980+0000] {processor.py:914} INFO - Processing file /home/airflow/.local/lib/python3.12/site-packages/airflow/example_dags/example_short_circuit_operator.py for tasks to queue
[2025-02-06T18:31:54.988+0000] {logging_mixin.py:190} INFO - [2025-02-06T18:31:54.987+0000] {dagbag.py:588} INFO - Filling up the DagBag from /home/airflow/.local/lib/python3.12/site-packages/airflow/example_dags/example_short_circuit_operator.py
[2025-02-06T18:31:55.013+0000] {processor.py:925} INFO - DAG(s) 'example_short_circuit_operator' retrieved from /home/airflow/.local/lib/python3.12/site-packages/airflow/example_dags/example_short_circuit_operator.py
[2025-02-06T18:31:55.054+0000] {logging_mixin.py:190} INFO - [2025-02-06T18:31:55.054+0000] {dag.py:3239} INFO - Sync 1 DAGs
[2025-02-06T18:31:55.088+0000] {logging_mixin.py:190} INFO - [2025-02-06T18:31:55.087+0000] {dag.py:4180} INFO - Setting next_dagrun for example_short_circuit_operator to None, run_after=None
[2025-02-06T18:31:55.165+0000] {processor.py:208} INFO - Processing /home/airflow/.local/lib/python3.12/site-packages/airflow/example_dags/example_short_circuit_operator.py took 0.205 seconds
[2025-02-06T18:32:25.462+0000] {processor.py:186} INFO - Started process (PID=1918) to work on /home/airflow/.local/lib/python3.12/site-packages/airflow/example_dags/example_short_circuit_operator.py
[2025-02-06T18:32:25.464+0000] {processor.py:914} INFO - Processing file /home/airflow/.local/lib/python3.12/site-packages/airflow/example_dags/example_short_circuit_operator.py for tasks to queue
[2025-02-06T18:32:25.467+0000] {logging_mixin.py:190} INFO - [2025-02-06T18:32:25.467+0000] {dagbag.py:588} INFO - Filling up the DagBag from /home/airflow/.local/lib/python3.12/site-packages/airflow/example_dags/example_short_circuit_operator.py
[2025-02-06T18:32:25.480+0000] {processor.py:925} INFO - DAG(s) 'example_short_circuit_operator' retrieved from /home/airflow/.local/lib/python3.12/site-packages/airflow/example_dags/example_short_circuit_operator.py
[2025-02-06T18:32:25.515+0000] {logging_mixin.py:190} INFO - [2025-02-06T18:32:25.514+0000] {dag.py:3239} INFO - Sync 1 DAGs
[2025-02-06T18:32:25.537+0000] {logging_mixin.py:190} INFO - [2025-02-06T18:32:25.536+0000] {dag.py:4180} INFO - Setting next_dagrun for example_short_circuit_operator to None, run_after=None
[2025-02-06T18:32:25.569+0000] {processor.py:208} INFO - Processing /home/airflow/.local/lib/python3.12/site-packages/airflow/example_dags/example_short_circuit_operator.py took 0.117 seconds
[2025-02-06T18:32:56.991+0000] {processor.py:186} INFO - Started process (PID=1975) to work on /home/airflow/.local/lib/python3.12/site-packages/airflow/example_dags/example_short_circuit_operator.py
[2025-02-06T18:32:56.993+0000] {processor.py:914} INFO - Processing file /home/airflow/.local/lib/python3.12/site-packages/airflow/example_dags/example_short_circuit_operator.py for tasks to queue
[2025-02-06T18:32:56.996+0000] {logging_mixin.py:190} INFO - [2025-02-06T18:32:56.996+0000] {dagbag.py:588} INFO - Filling up the DagBag from /home/airflow/.local/lib/python3.12/site-packages/airflow/example_dags/example_short_circuit_operator.py
[2025-02-06T18:32:57.020+0000] {processor.py:925} INFO - DAG(s) 'example_short_circuit_operator' retrieved from /home/airflow/.local/lib/python3.12/site-packages/airflow/example_dags/example_short_circuit_operator.py
[2025-02-06T18:32:57.078+0000] {logging_mixin.py:190} INFO - [2025-02-06T18:32:57.077+0000] {dag.py:3239} INFO - Sync 1 DAGs
[2025-02-06T18:32:57.116+0000] {logging_mixin.py:190} INFO - [2025-02-06T18:32:57.116+0000] {dag.py:4180} INFO - Setting next_dagrun for example_short_circuit_operator to None, run_after=None
[2025-02-06T18:32:57.152+0000] {processor.py:208} INFO - Processing /home/airflow/.local/lib/python3.12/site-packages/airflow/example_dags/example_short_circuit_operator.py took 0.174 seconds
[2025-02-06T18:33:28.194+0000] {processor.py:186} INFO - Started process (PID=2033) to work on /home/airflow/.local/lib/python3.12/site-packages/airflow/example_dags/example_short_circuit_operator.py
[2025-02-06T18:33:28.196+0000] {processor.py:914} INFO - Processing file /home/airflow/.local/lib/python3.12/site-packages/airflow/example_dags/example_short_circuit_operator.py for tasks to queue
[2025-02-06T18:33:28.205+0000] {logging_mixin.py:190} INFO - [2025-02-06T18:33:28.204+0000] {dagbag.py:588} INFO - Filling up the DagBag from /home/airflow/.local/lib/python3.12/site-packages/airflow/example_dags/example_short_circuit_operator.py
[2025-02-06T18:33:28.224+0000] {processor.py:925} INFO - DAG(s) 'example_short_circuit_operator' retrieved from /home/airflow/.local/lib/python3.12/site-packages/airflow/example_dags/example_short_circuit_operator.py
[2025-02-06T18:33:28.265+0000] {logging_mixin.py:190} INFO - [2025-02-06T18:33:28.265+0000] {dag.py:3239} INFO - Sync 1 DAGs
[2025-02-06T18:33:28.300+0000] {logging_mixin.py:190} INFO - [2025-02-06T18:33:28.299+0000] {dag.py:4180} INFO - Setting next_dagrun for example_short_circuit_operator to None, run_after=None
[2025-02-06T18:33:28.341+0000] {processor.py:208} INFO - Processing /home/airflow/.local/lib/python3.12/site-packages/airflow/example_dags/example_short_circuit_operator.py took 0.158 seconds
[2025-02-06T18:33:58.458+0000] {processor.py:186} INFO - Started process (PID=2089) to work on /home/airflow/.local/lib/python3.12/site-packages/airflow/example_dags/example_short_circuit_operator.py
[2025-02-06T18:33:58.460+0000] {processor.py:914} INFO - Processing file /home/airflow/.local/lib/python3.12/site-packages/airflow/example_dags/example_short_circuit_operator.py for tasks to queue
[2025-02-06T18:33:58.466+0000] {logging_mixin.py:190} INFO - [2025-02-06T18:33:58.465+0000] {dagbag.py:588} INFO - Filling up the DagBag from /home/airflow/.local/lib/python3.12/site-packages/airflow/example_dags/example_short_circuit_operator.py
[2025-02-06T18:33:58.491+0000] {processor.py:925} INFO - DAG(s) 'example_short_circuit_operator' retrieved from /home/airflow/.local/lib/python3.12/site-packages/airflow/example_dags/example_short_circuit_operator.py
[2025-02-06T18:33:58.557+0000] {logging_mixin.py:190} INFO - [2025-02-06T18:33:58.556+0000] {dag.py:3239} INFO - Sync 1 DAGs
[2025-02-06T18:33:58.601+0000] {logging_mixin.py:190} INFO - [2025-02-06T18:33:58.600+0000] {dag.py:4180} INFO - Setting next_dagrun for example_short_circuit_operator to None, run_after=None
[2025-02-06T18:33:58.642+0000] {processor.py:208} INFO - Processing /home/airflow/.local/lib/python3.12/site-packages/airflow/example_dags/example_short_circuit_operator.py took 0.201 seconds
[2025-02-06T18:34:29.440+0000] {processor.py:186} INFO - Started process (PID=2146) to work on /home/airflow/.local/lib/python3.12/site-packages/airflow/example_dags/example_short_circuit_operator.py
[2025-02-06T18:34:29.441+0000] {processor.py:914} INFO - Processing file /home/airflow/.local/lib/python3.12/site-packages/airflow/example_dags/example_short_circuit_operator.py for tasks to queue
[2025-02-06T18:34:29.445+0000] {logging_mixin.py:190} INFO - [2025-02-06T18:34:29.445+0000] {dagbag.py:588} INFO - Filling up the DagBag from /home/airflow/.local/lib/python3.12/site-packages/airflow/example_dags/example_short_circuit_operator.py
[2025-02-06T18:34:29.463+0000] {processor.py:925} INFO - DAG(s) 'example_short_circuit_operator' retrieved from /home/airflow/.local/lib/python3.12/site-packages/airflow/example_dags/example_short_circuit_operator.py
[2025-02-06T18:34:29.498+0000] {logging_mixin.py:190} INFO - [2025-02-06T18:34:29.497+0000] {dag.py:3239} INFO - Sync 1 DAGs
[2025-02-06T18:34:29.521+0000] {logging_mixin.py:190} INFO - [2025-02-06T18:34:29.520+0000] {dag.py:4180} INFO - Setting next_dagrun for example_short_circuit_operator to None, run_after=None
[2025-02-06T18:34:29.555+0000] {processor.py:208} INFO - Processing /home/airflow/.local/lib/python3.12/site-packages/airflow/example_dags/example_short_circuit_operator.py took 0.126 seconds
[2025-02-06T18:35:00.112+0000] {processor.py:186} INFO - Started process (PID=2204) to work on /home/airflow/.local/lib/python3.12/site-packages/airflow/example_dags/example_short_circuit_operator.py
[2025-02-06T18:35:00.114+0000] {processor.py:914} INFO - Processing file /home/airflow/.local/lib/python3.12/site-packages/airflow/example_dags/example_short_circuit_operator.py for tasks to queue
[2025-02-06T18:35:00.119+0000] {logging_mixin.py:190} INFO - [2025-02-06T18:35:00.118+0000] {dagbag.py:588} INFO - Filling up the DagBag from /home/airflow/.local/lib/python3.12/site-packages/airflow/example_dags/example_short_circuit_operator.py
[2025-02-06T18:35:00.133+0000] {processor.py:925} INFO - DAG(s) 'example_short_circuit_operator' retrieved from /home/airflow/.local/lib/python3.12/site-packages/airflow/example_dags/example_short_circuit_operator.py
[2025-02-06T18:35:00.166+0000] {logging_mixin.py:190} INFO - [2025-02-06T18:35:00.165+0000] {dag.py:3239} INFO - Sync 1 DAGs
[2025-02-06T18:35:00.191+0000] {logging_mixin.py:190} INFO - [2025-02-06T18:35:00.191+0000] {dag.py:4180} INFO - Setting next_dagrun for example_short_circuit_operator to None, run_after=None
[2025-02-06T18:35:00.224+0000] {processor.py:208} INFO - Processing /home/airflow/.local/lib/python3.12/site-packages/airflow/example_dags/example_short_circuit_operator.py took 0.123 seconds
[2025-02-06T18:35:30.520+0000] {processor.py:186} INFO - Started process (PID=2261) to work on /home/airflow/.local/lib/python3.12/site-packages/airflow/example_dags/example_short_circuit_operator.py
[2025-02-06T18:35:30.522+0000] {processor.py:914} INFO - Processing file /home/airflow/.local/lib/python3.12/site-packages/airflow/example_dags/example_short_circuit_operator.py for tasks to queue
[2025-02-06T18:35:30.530+0000] {logging_mixin.py:190} INFO - [2025-02-06T18:35:30.529+0000] {dagbag.py:588} INFO - Filling up the DagBag from /home/airflow/.local/lib/python3.12/site-packages/airflow/example_dags/example_short_circuit_operator.py
[2025-02-06T18:35:30.547+0000] {processor.py:925} INFO - DAG(s) 'example_short_circuit_operator' retrieved from /home/airflow/.local/lib/python3.12/site-packages/airflow/example_dags/example_short_circuit_operator.py
[2025-02-06T18:35:30.594+0000] {logging_mixin.py:190} INFO - [2025-02-06T18:35:30.593+0000] {dag.py:3239} INFO - Sync 1 DAGs
[2025-02-06T18:35:30.624+0000] {logging_mixin.py:190} INFO - [2025-02-06T18:35:30.624+0000] {dag.py:4180} INFO - Setting next_dagrun for example_short_circuit_operator to None, run_after=None
[2025-02-06T18:35:30.666+0000] {processor.py:208} INFO - Processing /home/airflow/.local/lib/python3.12/site-packages/airflow/example_dags/example_short_circuit_operator.py took 0.157 seconds
[2025-02-06T18:36:00.957+0000] {processor.py:186} INFO - Started process (PID=2318) to work on /home/airflow/.local/lib/python3.12/site-packages/airflow/example_dags/example_short_circuit_operator.py
[2025-02-06T18:36:00.960+0000] {processor.py:914} INFO - Processing file /home/airflow/.local/lib/python3.12/site-packages/airflow/example_dags/example_short_circuit_operator.py for tasks to queue
[2025-02-06T18:36:00.965+0000] {logging_mixin.py:190} INFO - [2025-02-06T18:36:00.964+0000] {dagbag.py:588} INFO - Filling up the DagBag from /home/airflow/.local/lib/python3.12/site-packages/airflow/example_dags/example_short_circuit_operator.py
[2025-02-06T18:36:00.984+0000] {processor.py:925} INFO - DAG(s) 'example_short_circuit_operator' retrieved from /home/airflow/.local/lib/python3.12/site-packages/airflow/example_dags/example_short_circuit_operator.py
[2025-02-06T18:36:01.031+0000] {logging_mixin.py:190} INFO - [2025-02-06T18:36:01.031+0000] {dag.py:3239} INFO - Sync 1 DAGs
[2025-02-06T18:36:01.069+0000] {logging_mixin.py:190} INFO - [2025-02-06T18:36:01.068+0000] {dag.py:4180} INFO - Setting next_dagrun for example_short_circuit_operator to None, run_after=None
[2025-02-06T18:36:01.109+0000] {processor.py:208} INFO - Processing /home/airflow/.local/lib/python3.12/site-packages/airflow/example_dags/example_short_circuit_operator.py took 0.164 seconds
[2025-02-06T18:36:32.143+0000] {processor.py:186} INFO - Started process (PID=2373) to work on /home/airflow/.local/lib/python3.12/site-packages/airflow/example_dags/example_short_circuit_operator.py
[2025-02-06T18:36:32.145+0000] {processor.py:914} INFO - Processing file /home/airflow/.local/lib/python3.12/site-packages/airflow/example_dags/example_short_circuit_operator.py for tasks to queue
[2025-02-06T18:36:32.148+0000] {logging_mixin.py:190} INFO - [2025-02-06T18:36:32.148+0000] {dagbag.py:588} INFO - Filling up the DagBag from /home/airflow/.local/lib/python3.12/site-packages/airflow/example_dags/example_short_circuit_operator.py
[2025-02-06T18:36:32.161+0000] {processor.py:925} INFO - DAG(s) 'example_short_circuit_operator' retrieved from /home/airflow/.local/lib/python3.12/site-packages/airflow/example_dags/example_short_circuit_operator.py
[2025-02-06T18:36:32.192+0000] {logging_mixin.py:190} INFO - [2025-02-06T18:36:32.191+0000] {dag.py:3239} INFO - Sync 1 DAGs
[2025-02-06T18:36:32.215+0000] {logging_mixin.py:190} INFO - [2025-02-06T18:36:32.215+0000] {dag.py:4180} INFO - Setting next_dagrun for example_short_circuit_operator to None, run_after=None
[2025-02-06T18:36:32.242+0000] {processor.py:208} INFO - Processing /home/airflow/.local/lib/python3.12/site-packages/airflow/example_dags/example_short_circuit_operator.py took 0.109 seconds
[2025-02-06T18:37:03.839+0000] {processor.py:186} INFO - Started process (PID=2430) to work on /home/airflow/.local/lib/python3.12/site-packages/airflow/example_dags/example_short_circuit_operator.py
[2025-02-06T18:37:03.841+0000] {processor.py:914} INFO - Processing file /home/airflow/.local/lib/python3.12/site-packages/airflow/example_dags/example_short_circuit_operator.py for tasks to queue
[2025-02-06T18:37:03.847+0000] {logging_mixin.py:190} INFO - [2025-02-06T18:37:03.846+0000] {dagbag.py:588} INFO - Filling up the DagBag from /home/airflow/.local/lib/python3.12/site-packages/airflow/example_dags/example_short_circuit_operator.py
[2025-02-06T18:37:03.868+0000] {processor.py:925} INFO - DAG(s) 'example_short_circuit_operator' retrieved from /home/airflow/.local/lib/python3.12/site-packages/airflow/example_dags/example_short_circuit_operator.py
[2025-02-06T18:37:03.928+0000] {logging_mixin.py:190} INFO - [2025-02-06T18:37:03.927+0000] {dag.py:3239} INFO - Sync 1 DAGs
[2025-02-06T18:37:03.978+0000] {logging_mixin.py:190} INFO - [2025-02-06T18:37:03.977+0000] {dag.py:4180} INFO - Setting next_dagrun for example_short_circuit_operator to None, run_after=None
[2025-02-06T18:37:04.027+0000] {processor.py:208} INFO - Processing /home/airflow/.local/lib/python3.12/site-packages/airflow/example_dags/example_short_circuit_operator.py took 0.202 seconds
[2025-02-06T18:37:34.426+0000] {processor.py:186} INFO - Started process (PID=2479) to work on /home/airflow/.local/lib/python3.12/site-packages/airflow/example_dags/example_short_circuit_operator.py
[2025-02-06T18:37:34.427+0000] {processor.py:914} INFO - Processing file /home/airflow/.local/lib/python3.12/site-packages/airflow/example_dags/example_short_circuit_operator.py for tasks to queue
[2025-02-06T18:37:34.432+0000] {logging_mixin.py:190} INFO - [2025-02-06T18:37:34.431+0000] {dagbag.py:588} INFO - Filling up the DagBag from /home/airflow/.local/lib/python3.12/site-packages/airflow/example_dags/example_short_circuit_operator.py
[2025-02-06T18:37:34.446+0000] {processor.py:925} INFO - DAG(s) 'example_short_circuit_operator' retrieved from /home/airflow/.local/lib/python3.12/site-packages/airflow/example_dags/example_short_circuit_operator.py
[2025-02-06T18:37:34.493+0000] {logging_mixin.py:190} INFO - [2025-02-06T18:37:34.493+0000] {dag.py:3239} INFO - Sync 1 DAGs
[2025-02-06T18:37:34.526+0000] {logging_mixin.py:190} INFO - [2025-02-06T18:37:34.526+0000] {dag.py:4180} INFO - Setting next_dagrun for example_short_circuit_operator to None, run_after=None
[2025-02-06T18:37:34.555+0000] {processor.py:208} INFO - Processing /home/airflow/.local/lib/python3.12/site-packages/airflow/example_dags/example_short_circuit_operator.py took 0.140 seconds
[2025-02-06T18:38:06.294+0000] {processor.py:186} INFO - Started process (PID=2531) to work on /home/airflow/.local/lib/python3.12/site-packages/airflow/example_dags/example_short_circuit_operator.py
[2025-02-06T18:38:06.296+0000] {processor.py:914} INFO - Processing file /home/airflow/.local/lib/python3.12/site-packages/airflow/example_dags/example_short_circuit_operator.py for tasks to queue
[2025-02-06T18:38:06.299+0000] {logging_mixin.py:190} INFO - [2025-02-06T18:38:06.299+0000] {dagbag.py:588} INFO - Filling up the DagBag from /home/airflow/.local/lib/python3.12/site-packages/airflow/example_dags/example_short_circuit_operator.py
[2025-02-06T18:38:06.313+0000] {processor.py:925} INFO - DAG(s) 'example_short_circuit_operator' retrieved from /home/airflow/.local/lib/python3.12/site-packages/airflow/example_dags/example_short_circuit_operator.py
[2025-02-06T18:38:06.373+0000] {logging_mixin.py:190} INFO - [2025-02-06T18:38:06.373+0000] {dag.py:3239} INFO - Sync 1 DAGs
[2025-02-06T18:38:06.400+0000] {logging_mixin.py:190} INFO - [2025-02-06T18:38:06.399+0000] {dag.py:4180} INFO - Setting next_dagrun for example_short_circuit_operator to None, run_after=None
[2025-02-06T18:38:06.428+0000] {processor.py:208} INFO - Processing /home/airflow/.local/lib/python3.12/site-packages/airflow/example_dags/example_short_circuit_operator.py took 0.143 seconds
[2025-02-06T18:38:38.256+0000] {processor.py:186} INFO - Started process (PID=2588) to work on /home/airflow/.local/lib/python3.12/site-packages/airflow/example_dags/example_short_circuit_operator.py
[2025-02-06T18:38:38.258+0000] {processor.py:914} INFO - Processing file /home/airflow/.local/lib/python3.12/site-packages/airflow/example_dags/example_short_circuit_operator.py for tasks to queue
[2025-02-06T18:38:38.262+0000] {logging_mixin.py:190} INFO - [2025-02-06T18:38:38.261+0000] {dagbag.py:588} INFO - Filling up the DagBag from /home/airflow/.local/lib/python3.12/site-packages/airflow/example_dags/example_short_circuit_operator.py
[2025-02-06T18:38:38.277+0000] {processor.py:925} INFO - DAG(s) 'example_short_circuit_operator' retrieved from /home/airflow/.local/lib/python3.12/site-packages/airflow/example_dags/example_short_circuit_operator.py
[2025-02-06T18:38:38.319+0000] {logging_mixin.py:190} INFO - [2025-02-06T18:38:38.318+0000] {dag.py:3239} INFO - Sync 1 DAGs
[2025-02-06T18:38:38.345+0000] {logging_mixin.py:190} INFO - [2025-02-06T18:38:38.344+0000] {dag.py:4180} INFO - Setting next_dagrun for example_short_circuit_operator to None, run_after=None
[2025-02-06T18:38:38.378+0000] {processor.py:208} INFO - Processing /home/airflow/.local/lib/python3.12/site-packages/airflow/example_dags/example_short_circuit_operator.py took 0.133 seconds
[2025-02-06T18:39:08.879+0000] {processor.py:186} INFO - Started process (PID=2643) to work on /home/airflow/.local/lib/python3.12/site-packages/airflow/example_dags/example_short_circuit_operator.py
[2025-02-06T18:39:08.881+0000] {processor.py:914} INFO - Processing file /home/airflow/.local/lib/python3.12/site-packages/airflow/example_dags/example_short_circuit_operator.py for tasks to queue
[2025-02-06T18:39:08.886+0000] {logging_mixin.py:190} INFO - [2025-02-06T18:39:08.885+0000] {dagbag.py:588} INFO - Filling up the DagBag from /home/airflow/.local/lib/python3.12/site-packages/airflow/example_dags/example_short_circuit_operator.py
[2025-02-06T18:39:08.903+0000] {processor.py:925} INFO - DAG(s) 'example_short_circuit_operator' retrieved from /home/airflow/.local/lib/python3.12/site-packages/airflow/example_dags/example_short_circuit_operator.py
[2025-02-06T18:39:08.951+0000] {logging_mixin.py:190} INFO - [2025-02-06T18:39:08.951+0000] {dag.py:3239} INFO - Sync 1 DAGs
[2025-02-06T18:39:08.976+0000] {logging_mixin.py:190} INFO - [2025-02-06T18:39:08.976+0000] {dag.py:4180} INFO - Setting next_dagrun for example_short_circuit_operator to None, run_after=None
[2025-02-06T18:39:09.007+0000] {processor.py:208} INFO - Processing /home/airflow/.local/lib/python3.12/site-packages/airflow/example_dags/example_short_circuit_operator.py took 0.139 seconds
[2025-02-06T18:39:39.360+0000] {processor.py:186} INFO - Started process (PID=2699) to work on /home/airflow/.local/lib/python3.12/site-packages/airflow/example_dags/example_short_circuit_operator.py
[2025-02-06T18:39:39.362+0000] {processor.py:914} INFO - Processing file /home/airflow/.local/lib/python3.12/site-packages/airflow/example_dags/example_short_circuit_operator.py for tasks to queue
[2025-02-06T18:39:39.367+0000] {logging_mixin.py:190} INFO - [2025-02-06T18:39:39.366+0000] {dagbag.py:588} INFO - Filling up the DagBag from /home/airflow/.local/lib/python3.12/site-packages/airflow/example_dags/example_short_circuit_operator.py
[2025-02-06T18:39:39.380+0000] {processor.py:925} INFO - DAG(s) 'example_short_circuit_operator' retrieved from /home/airflow/.local/lib/python3.12/site-packages/airflow/example_dags/example_short_circuit_operator.py
[2025-02-06T18:39:39.418+0000] {logging_mixin.py:190} INFO - [2025-02-06T18:39:39.418+0000] {dag.py:3239} INFO - Sync 1 DAGs
[2025-02-06T18:39:39.443+0000] {logging_mixin.py:190} INFO - [2025-02-06T18:39:39.442+0000] {dag.py:4180} INFO - Setting next_dagrun for example_short_circuit_operator to None, run_after=None
[2025-02-06T18:39:39.478+0000] {processor.py:208} INFO - Processing /home/airflow/.local/lib/python3.12/site-packages/airflow/example_dags/example_short_circuit_operator.py took 0.128 seconds
[2025-02-06T18:40:09.609+0000] {processor.py:186} INFO - Started process (PID=2755) to work on /home/airflow/.local/lib/python3.12/site-packages/airflow/example_dags/example_short_circuit_operator.py
[2025-02-06T18:40:09.610+0000] {processor.py:914} INFO - Processing file /home/airflow/.local/lib/python3.12/site-packages/airflow/example_dags/example_short_circuit_operator.py for tasks to queue
[2025-02-06T18:40:09.615+0000] {logging_mixin.py:190} INFO - [2025-02-06T18:40:09.614+0000] {dagbag.py:588} INFO - Filling up the DagBag from /home/airflow/.local/lib/python3.12/site-packages/airflow/example_dags/example_short_circuit_operator.py
[2025-02-06T18:40:09.628+0000] {processor.py:925} INFO - DAG(s) 'example_short_circuit_operator' retrieved from /home/airflow/.local/lib/python3.12/site-packages/airflow/example_dags/example_short_circuit_operator.py
[2025-02-06T18:40:09.670+0000] {logging_mixin.py:190} INFO - [2025-02-06T18:40:09.669+0000] {dag.py:3239} INFO - Sync 1 DAGs
[2025-02-06T18:40:09.697+0000] {logging_mixin.py:190} INFO - [2025-02-06T18:40:09.696+0000] {dag.py:4180} INFO - Setting next_dagrun for example_short_circuit_operator to None, run_after=None
[2025-02-06T18:40:09.992+0000] {processor.py:208} INFO - Processing /home/airflow/.local/lib/python3.12/site-packages/airflow/example_dags/example_short_circuit_operator.py took 0.392 seconds
[2025-02-06T18:40:40.438+0000] {processor.py:186} INFO - Started process (PID=2812) to work on /home/airflow/.local/lib/python3.12/site-packages/airflow/example_dags/example_short_circuit_operator.py
[2025-02-06T18:40:40.440+0000] {processor.py:914} INFO - Processing file /home/airflow/.local/lib/python3.12/site-packages/airflow/example_dags/example_short_circuit_operator.py for tasks to queue
[2025-02-06T18:40:40.443+0000] {logging_mixin.py:190} INFO - [2025-02-06T18:40:40.443+0000] {dagbag.py:588} INFO - Filling up the DagBag from /home/airflow/.local/lib/python3.12/site-packages/airflow/example_dags/example_short_circuit_operator.py
[2025-02-06T18:40:40.455+0000] {processor.py:925} INFO - DAG(s) 'example_short_circuit_operator' retrieved from /home/airflow/.local/lib/python3.12/site-packages/airflow/example_dags/example_short_circuit_operator.py
[2025-02-06T18:40:40.487+0000] {logging_mixin.py:190} INFO - [2025-02-06T18:40:40.487+0000] {dag.py:3239} INFO - Sync 1 DAGs
[2025-02-06T18:40:40.520+0000] {logging_mixin.py:190} INFO - [2025-02-06T18:40:40.519+0000] {dag.py:4180} INFO - Setting next_dagrun for example_short_circuit_operator to None, run_after=None
[2025-02-06T18:40:40.830+0000] {processor.py:208} INFO - Processing /home/airflow/.local/lib/python3.12/site-packages/airflow/example_dags/example_short_circuit_operator.py took 0.400 seconds
[2025-02-06T18:41:11.008+0000] {processor.py:186} INFO - Started process (PID=2869) to work on /home/airflow/.local/lib/python3.12/site-packages/airflow/example_dags/example_short_circuit_operator.py
[2025-02-06T18:41:11.010+0000] {processor.py:914} INFO - Processing file /home/airflow/.local/lib/python3.12/site-packages/airflow/example_dags/example_short_circuit_operator.py for tasks to queue
[2025-02-06T18:41:11.016+0000] {logging_mixin.py:190} INFO - [2025-02-06T18:41:11.016+0000] {dagbag.py:588} INFO - Filling up the DagBag from /home/airflow/.local/lib/python3.12/site-packages/airflow/example_dags/example_short_circuit_operator.py
[2025-02-06T18:41:11.030+0000] {processor.py:925} INFO - DAG(s) 'example_short_circuit_operator' retrieved from /home/airflow/.local/lib/python3.12/site-packages/airflow/example_dags/example_short_circuit_operator.py
[2025-02-06T18:41:11.066+0000] {logging_mixin.py:190} INFO - [2025-02-06T18:41:11.066+0000] {dag.py:3239} INFO - Sync 1 DAGs
[2025-02-06T18:41:11.088+0000] {logging_mixin.py:190} INFO - [2025-02-06T18:41:11.087+0000] {dag.py:4180} INFO - Setting next_dagrun for example_short_circuit_operator to None, run_after=None
[2025-02-06T18:41:11.112+0000] {processor.py:208} INFO - Processing /home/airflow/.local/lib/python3.12/site-packages/airflow/example_dags/example_short_circuit_operator.py took 0.113 seconds
[2025-02-06T18:41:41.216+0000] {processor.py:186} INFO - Started process (PID=2926) to work on /home/airflow/.local/lib/python3.12/site-packages/airflow/example_dags/example_short_circuit_operator.py
[2025-02-06T18:41:41.218+0000] {processor.py:914} INFO - Processing file /home/airflow/.local/lib/python3.12/site-packages/airflow/example_dags/example_short_circuit_operator.py for tasks to queue
[2025-02-06T18:41:41.222+0000] {logging_mixin.py:190} INFO - [2025-02-06T18:41:41.222+0000] {dagbag.py:588} INFO - Filling up the DagBag from /home/airflow/.local/lib/python3.12/site-packages/airflow/example_dags/example_short_circuit_operator.py
[2025-02-06T18:41:41.235+0000] {processor.py:925} INFO - DAG(s) 'example_short_circuit_operator' retrieved from /home/airflow/.local/lib/python3.12/site-packages/airflow/example_dags/example_short_circuit_operator.py
[2025-02-06T18:41:41.284+0000] {logging_mixin.py:190} INFO - [2025-02-06T18:41:41.284+0000] {dag.py:3239} INFO - Sync 1 DAGs
[2025-02-06T18:41:41.312+0000] {logging_mixin.py:190} INFO - [2025-02-06T18:41:41.312+0000] {dag.py:4180} INFO - Setting next_dagrun for example_short_circuit_operator to None, run_after=None
[2025-02-06T18:41:41.347+0000] {processor.py:208} INFO - Processing /home/airflow/.local/lib/python3.12/site-packages/airflow/example_dags/example_short_circuit_operator.py took 0.139 seconds
[2025-02-06T18:42:12.144+0000] {processor.py:186} INFO - Started process (PID=2983) to work on /home/airflow/.local/lib/python3.12/site-packages/airflow/example_dags/example_short_circuit_operator.py
[2025-02-06T18:42:12.146+0000] {processor.py:914} INFO - Processing file /home/airflow/.local/lib/python3.12/site-packages/airflow/example_dags/example_short_circuit_operator.py for tasks to queue
[2025-02-06T18:42:12.151+0000] {logging_mixin.py:190} INFO - [2025-02-06T18:42:12.150+0000] {dagbag.py:588} INFO - Filling up the DagBag from /home/airflow/.local/lib/python3.12/site-packages/airflow/example_dags/example_short_circuit_operator.py
[2025-02-06T18:42:12.166+0000] {processor.py:925} INFO - DAG(s) 'example_short_circuit_operator' retrieved from /home/airflow/.local/lib/python3.12/site-packages/airflow/example_dags/example_short_circuit_operator.py
[2025-02-06T18:42:12.200+0000] {logging_mixin.py:190} INFO - [2025-02-06T18:42:12.200+0000] {dag.py:3239} INFO - Sync 1 DAGs
[2025-02-06T18:42:12.219+0000] {logging_mixin.py:190} INFO - [2025-02-06T18:42:12.219+0000] {dag.py:4180} INFO - Setting next_dagrun for example_short_circuit_operator to None, run_after=None
[2025-02-06T18:42:12.261+0000] {processor.py:208} INFO - Processing /home/airflow/.local/lib/python3.12/site-packages/airflow/example_dags/example_short_circuit_operator.py took 0.126 seconds
[2025-02-06T18:42:42.399+0000] {processor.py:186} INFO - Started process (PID=3040) to work on /home/airflow/.local/lib/python3.12/site-packages/airflow/example_dags/example_short_circuit_operator.py
[2025-02-06T18:42:42.401+0000] {processor.py:914} INFO - Processing file /home/airflow/.local/lib/python3.12/site-packages/airflow/example_dags/example_short_circuit_operator.py for tasks to queue
[2025-02-06T18:42:42.406+0000] {logging_mixin.py:190} INFO - [2025-02-06T18:42:42.405+0000] {dagbag.py:588} INFO - Filling up the DagBag from /home/airflow/.local/lib/python3.12/site-packages/airflow/example_dags/example_short_circuit_operator.py
[2025-02-06T18:42:42.423+0000] {processor.py:925} INFO - DAG(s) 'example_short_circuit_operator' retrieved from /home/airflow/.local/lib/python3.12/site-packages/airflow/example_dags/example_short_circuit_operator.py
[2025-02-06T18:42:42.463+0000] {logging_mixin.py:190} INFO - [2025-02-06T18:42:42.463+0000] {dag.py:3239} INFO - Sync 1 DAGs
[2025-02-06T18:42:42.518+0000] {logging_mixin.py:190} INFO - [2025-02-06T18:42:42.518+0000] {dag.py:4180} INFO - Setting next_dagrun for example_short_circuit_operator to None, run_after=None
[2025-02-06T18:42:42.566+0000] {processor.py:208} INFO - Processing /home/airflow/.local/lib/python3.12/site-packages/airflow/example_dags/example_short_circuit_operator.py took 0.178 seconds
[2025-02-06T18:43:13.053+0000] {processor.py:186} INFO - Started process (PID=3097) to work on /home/airflow/.local/lib/python3.12/site-packages/airflow/example_dags/example_short_circuit_operator.py
[2025-02-06T18:43:13.056+0000] {processor.py:914} INFO - Processing file /home/airflow/.local/lib/python3.12/site-packages/airflow/example_dags/example_short_circuit_operator.py for tasks to queue
[2025-02-06T18:43:13.063+0000] {logging_mixin.py:190} INFO - [2025-02-06T18:43:13.062+0000] {dagbag.py:588} INFO - Filling up the DagBag from /home/airflow/.local/lib/python3.12/site-packages/airflow/example_dags/example_short_circuit_operator.py
[2025-02-06T18:43:13.081+0000] {processor.py:925} INFO - DAG(s) 'example_short_circuit_operator' retrieved from /home/airflow/.local/lib/python3.12/site-packages/airflow/example_dags/example_short_circuit_operator.py
[2025-02-06T18:43:13.123+0000] {logging_mixin.py:190} INFO - [2025-02-06T18:43:13.123+0000] {dag.py:3239} INFO - Sync 1 DAGs
[2025-02-06T18:43:13.151+0000] {logging_mixin.py:190} INFO - [2025-02-06T18:43:13.151+0000] {dag.py:4180} INFO - Setting next_dagrun for example_short_circuit_operator to None, run_after=None
[2025-02-06T18:43:13.187+0000] {processor.py:208} INFO - Processing /home/airflow/.local/lib/python3.12/site-packages/airflow/example_dags/example_short_circuit_operator.py took 0.144 seconds
[2025-02-06T18:43:44.245+0000] {processor.py:186} INFO - Started process (PID=3154) to work on /home/airflow/.local/lib/python3.12/site-packages/airflow/example_dags/example_short_circuit_operator.py
[2025-02-06T18:43:44.247+0000] {processor.py:914} INFO - Processing file /home/airflow/.local/lib/python3.12/site-packages/airflow/example_dags/example_short_circuit_operator.py for tasks to queue
[2025-02-06T18:43:44.253+0000] {logging_mixin.py:190} INFO - [2025-02-06T18:43:44.252+0000] {dagbag.py:588} INFO - Filling up the DagBag from /home/airflow/.local/lib/python3.12/site-packages/airflow/example_dags/example_short_circuit_operator.py
[2025-02-06T18:43:44.295+0000] {processor.py:925} INFO - DAG(s) 'example_short_circuit_operator' retrieved from /home/airflow/.local/lib/python3.12/site-packages/airflow/example_dags/example_short_circuit_operator.py
[2025-02-06T18:43:44.363+0000] {logging_mixin.py:190} INFO - [2025-02-06T18:43:44.362+0000] {dag.py:3239} INFO - Sync 1 DAGs
[2025-02-06T18:43:44.393+0000] {logging_mixin.py:190} INFO - [2025-02-06T18:43:44.393+0000] {dag.py:4180} INFO - Setting next_dagrun for example_short_circuit_operator to None, run_after=None
[2025-02-06T18:43:44.442+0000] {processor.py:208} INFO - Processing /home/airflow/.local/lib/python3.12/site-packages/airflow/example_dags/example_short_circuit_operator.py took 0.208 seconds
[2025-02-06T18:44:14.874+0000] {processor.py:186} INFO - Started process (PID=3210) to work on /home/airflow/.local/lib/python3.12/site-packages/airflow/example_dags/example_short_circuit_operator.py
[2025-02-06T18:44:14.876+0000] {processor.py:914} INFO - Processing file /home/airflow/.local/lib/python3.12/site-packages/airflow/example_dags/example_short_circuit_operator.py for tasks to queue
[2025-02-06T18:44:14.880+0000] {logging_mixin.py:190} INFO - [2025-02-06T18:44:14.879+0000] {dagbag.py:588} INFO - Filling up the DagBag from /home/airflow/.local/lib/python3.12/site-packages/airflow/example_dags/example_short_circuit_operator.py
[2025-02-06T18:44:14.895+0000] {processor.py:925} INFO - DAG(s) 'example_short_circuit_operator' retrieved from /home/airflow/.local/lib/python3.12/site-packages/airflow/example_dags/example_short_circuit_operator.py
[2025-02-06T18:44:14.943+0000] {logging_mixin.py:190} INFO - [2025-02-06T18:44:14.943+0000] {dag.py:3239} INFO - Sync 1 DAGs
[2025-02-06T18:44:14.969+0000] {logging_mixin.py:190} INFO - [2025-02-06T18:44:14.969+0000] {dag.py:4180} INFO - Setting next_dagrun for example_short_circuit_operator to None, run_after=None
[2025-02-06T18:44:15.007+0000] {processor.py:208} INFO - Processing /home/airflow/.local/lib/python3.12/site-packages/airflow/example_dags/example_short_circuit_operator.py took 0.145 seconds
[2025-02-06T18:44:45.338+0000] {processor.py:186} INFO - Started process (PID=3266) to work on /home/airflow/.local/lib/python3.12/site-packages/airflow/example_dags/example_short_circuit_operator.py
[2025-02-06T18:44:45.340+0000] {processor.py:914} INFO - Processing file /home/airflow/.local/lib/python3.12/site-packages/airflow/example_dags/example_short_circuit_operator.py for tasks to queue
[2025-02-06T18:44:45.349+0000] {logging_mixin.py:190} INFO - [2025-02-06T18:44:45.349+0000] {dagbag.py:588} INFO - Filling up the DagBag from /home/airflow/.local/lib/python3.12/site-packages/airflow/example_dags/example_short_circuit_operator.py
[2025-02-06T18:44:45.371+0000] {processor.py:925} INFO - DAG(s) 'example_short_circuit_operator' retrieved from /home/airflow/.local/lib/python3.12/site-packages/airflow/example_dags/example_short_circuit_operator.py
[2025-02-06T18:44:45.419+0000] {logging_mixin.py:190} INFO - [2025-02-06T18:44:45.419+0000] {dag.py:3239} INFO - Sync 1 DAGs
[2025-02-06T18:44:45.447+0000] {logging_mixin.py:190} INFO - [2025-02-06T18:44:45.447+0000] {dag.py:4180} INFO - Setting next_dagrun for example_short_circuit_operator to None, run_after=None
[2025-02-06T18:44:45.478+0000] {processor.py:208} INFO - Processing /home/airflow/.local/lib/python3.12/site-packages/airflow/example_dags/example_short_circuit_operator.py took 0.152 seconds
[2025-02-06T18:45:16.298+0000] {processor.py:186} INFO - Started process (PID=3322) to work on /home/airflow/.local/lib/python3.12/site-packages/airflow/example_dags/example_short_circuit_operator.py
[2025-02-06T18:45:16.300+0000] {processor.py:914} INFO - Processing file /home/airflow/.local/lib/python3.12/site-packages/airflow/example_dags/example_short_circuit_operator.py for tasks to queue
[2025-02-06T18:45:16.306+0000] {logging_mixin.py:190} INFO - [2025-02-06T18:45:16.305+0000] {dagbag.py:588} INFO - Filling up the DagBag from /home/airflow/.local/lib/python3.12/site-packages/airflow/example_dags/example_short_circuit_operator.py
[2025-02-06T18:45:16.325+0000] {processor.py:925} INFO - DAG(s) 'example_short_circuit_operator' retrieved from /home/airflow/.local/lib/python3.12/site-packages/airflow/example_dags/example_short_circuit_operator.py
[2025-02-06T18:45:16.370+0000] {logging_mixin.py:190} INFO - [2025-02-06T18:45:16.370+0000] {dag.py:3239} INFO - Sync 1 DAGs
[2025-02-06T18:45:16.395+0000] {logging_mixin.py:190} INFO - [2025-02-06T18:45:16.394+0000] {dag.py:4180} INFO - Setting next_dagrun for example_short_circuit_operator to None, run_after=None
[2025-02-06T18:45:16.435+0000] {processor.py:208} INFO - Processing /home/airflow/.local/lib/python3.12/site-packages/airflow/example_dags/example_short_circuit_operator.py took 0.149 seconds
[2025-02-06T18:45:47.241+0000] {processor.py:186} INFO - Started process (PID=3379) to work on /home/airflow/.local/lib/python3.12/site-packages/airflow/example_dags/example_short_circuit_operator.py
[2025-02-06T18:45:47.244+0000] {processor.py:914} INFO - Processing file /home/airflow/.local/lib/python3.12/site-packages/airflow/example_dags/example_short_circuit_operator.py for tasks to queue
[2025-02-06T18:45:47.249+0000] {logging_mixin.py:190} INFO - [2025-02-06T18:45:47.249+0000] {dagbag.py:588} INFO - Filling up the DagBag from /home/airflow/.local/lib/python3.12/site-packages/airflow/example_dags/example_short_circuit_operator.py
[2025-02-06T18:45:47.290+0000] {processor.py:925} INFO - DAG(s) 'example_short_circuit_operator' retrieved from /home/airflow/.local/lib/python3.12/site-packages/airflow/example_dags/example_short_circuit_operator.py
[2025-02-06T18:45:47.405+0000] {logging_mixin.py:190} INFO - [2025-02-06T18:45:47.404+0000] {dag.py:3239} INFO - Sync 1 DAGs
[2025-02-06T18:45:47.499+0000] {logging_mixin.py:190} INFO - [2025-02-06T18:45:47.499+0000] {dag.py:4180} INFO - Setting next_dagrun for example_short_circuit_operator to None, run_after=None
[2025-02-06T18:45:47.575+0000] {processor.py:208} INFO - Processing /home/airflow/.local/lib/python3.12/site-packages/airflow/example_dags/example_short_circuit_operator.py took 0.349 seconds
[2025-02-06T18:46:17.802+0000] {processor.py:186} INFO - Started process (PID=3436) to work on /home/airflow/.local/lib/python3.12/site-packages/airflow/example_dags/example_short_circuit_operator.py
[2025-02-06T18:46:17.803+0000] {processor.py:914} INFO - Processing file /home/airflow/.local/lib/python3.12/site-packages/airflow/example_dags/example_short_circuit_operator.py for tasks to queue
[2025-02-06T18:46:17.807+0000] {logging_mixin.py:190} INFO - [2025-02-06T18:46:17.807+0000] {dagbag.py:588} INFO - Filling up the DagBag from /home/airflow/.local/lib/python3.12/site-packages/airflow/example_dags/example_short_circuit_operator.py
[2025-02-06T18:46:17.827+0000] {processor.py:925} INFO - DAG(s) 'example_short_circuit_operator' retrieved from /home/airflow/.local/lib/python3.12/site-packages/airflow/example_dags/example_short_circuit_operator.py
[2025-02-06T18:46:17.868+0000] {logging_mixin.py:190} INFO - [2025-02-06T18:46:17.868+0000] {dag.py:3239} INFO - Sync 1 DAGs
[2025-02-06T18:46:17.895+0000] {logging_mixin.py:190} INFO - [2025-02-06T18:46:17.895+0000] {dag.py:4180} INFO - Setting next_dagrun for example_short_circuit_operator to None, run_after=None
[2025-02-06T18:46:17.925+0000] {processor.py:208} INFO - Processing /home/airflow/.local/lib/python3.12/site-packages/airflow/example_dags/example_short_circuit_operator.py took 0.132 seconds
[2025-02-06T18:46:48.798+0000] {processor.py:186} INFO - Started process (PID=3493) to work on /home/airflow/.local/lib/python3.12/site-packages/airflow/example_dags/example_short_circuit_operator.py
[2025-02-06T18:46:48.800+0000] {processor.py:914} INFO - Processing file /home/airflow/.local/lib/python3.12/site-packages/airflow/example_dags/example_short_circuit_operator.py for tasks to queue
[2025-02-06T18:46:48.804+0000] {logging_mixin.py:190} INFO - [2025-02-06T18:46:48.803+0000] {dagbag.py:588} INFO - Filling up the DagBag from /home/airflow/.local/lib/python3.12/site-packages/airflow/example_dags/example_short_circuit_operator.py
[2025-02-06T18:46:48.818+0000] {processor.py:925} INFO - DAG(s) 'example_short_circuit_operator' retrieved from /home/airflow/.local/lib/python3.12/site-packages/airflow/example_dags/example_short_circuit_operator.py
[2025-02-06T18:46:48.852+0000] {logging_mixin.py:190} INFO - [2025-02-06T18:46:48.852+0000] {dag.py:3239} INFO - Sync 1 DAGs
[2025-02-06T18:46:48.872+0000] {logging_mixin.py:190} INFO - [2025-02-06T18:46:48.872+0000] {dag.py:4180} INFO - Setting next_dagrun for example_short_circuit_operator to None, run_after=None
[2025-02-06T18:46:48.901+0000] {processor.py:208} INFO - Processing /home/airflow/.local/lib/python3.12/site-packages/airflow/example_dags/example_short_circuit_operator.py took 0.116 seconds
[2025-02-06T18:47:19.161+0000] {processor.py:186} INFO - Started process (PID=3550) to work on /home/airflow/.local/lib/python3.12/site-packages/airflow/example_dags/example_short_circuit_operator.py
[2025-02-06T18:47:19.163+0000] {processor.py:914} INFO - Processing file /home/airflow/.local/lib/python3.12/site-packages/airflow/example_dags/example_short_circuit_operator.py for tasks to queue
[2025-02-06T18:47:19.167+0000] {logging_mixin.py:190} INFO - [2025-02-06T18:47:19.166+0000] {dagbag.py:588} INFO - Filling up the DagBag from /home/airflow/.local/lib/python3.12/site-packages/airflow/example_dags/example_short_circuit_operator.py
[2025-02-06T18:47:19.180+0000] {processor.py:925} INFO - DAG(s) 'example_short_circuit_operator' retrieved from /home/airflow/.local/lib/python3.12/site-packages/airflow/example_dags/example_short_circuit_operator.py
[2025-02-06T18:47:19.219+0000] {logging_mixin.py:190} INFO - [2025-02-06T18:47:19.218+0000] {dag.py:3239} INFO - Sync 1 DAGs
[2025-02-06T18:47:19.243+0000] {logging_mixin.py:190} INFO - [2025-02-06T18:47:19.242+0000] {dag.py:4180} INFO - Setting next_dagrun for example_short_circuit_operator to None, run_after=None
[2025-02-06T18:47:19.276+0000] {processor.py:208} INFO - Processing /home/airflow/.local/lib/python3.12/site-packages/airflow/example_dags/example_short_circuit_operator.py took 0.123 seconds
[2025-02-06T18:47:49.652+0000] {processor.py:186} INFO - Started process (PID=3607) to work on /home/airflow/.local/lib/python3.12/site-packages/airflow/example_dags/example_short_circuit_operator.py
[2025-02-06T18:47:49.654+0000] {processor.py:914} INFO - Processing file /home/airflow/.local/lib/python3.12/site-packages/airflow/example_dags/example_short_circuit_operator.py for tasks to queue
[2025-02-06T18:47:49.658+0000] {logging_mixin.py:190} INFO - [2025-02-06T18:47:49.657+0000] {dagbag.py:588} INFO - Filling up the DagBag from /home/airflow/.local/lib/python3.12/site-packages/airflow/example_dags/example_short_circuit_operator.py
[2025-02-06T18:47:49.672+0000] {processor.py:925} INFO - DAG(s) 'example_short_circuit_operator' retrieved from /home/airflow/.local/lib/python3.12/site-packages/airflow/example_dags/example_short_circuit_operator.py
[2025-02-06T18:47:49.706+0000] {logging_mixin.py:190} INFO - [2025-02-06T18:47:49.706+0000] {dag.py:3239} INFO - Sync 1 DAGs
[2025-02-06T18:47:49.726+0000] {logging_mixin.py:190} INFO - [2025-02-06T18:47:49.726+0000] {dag.py:4180} INFO - Setting next_dagrun for example_short_circuit_operator to None, run_after=None
[2025-02-06T18:47:49.756+0000] {processor.py:208} INFO - Processing /home/airflow/.local/lib/python3.12/site-packages/airflow/example_dags/example_short_circuit_operator.py took 0.112 seconds
[2025-02-06T18:48:20.140+0000] {processor.py:186} INFO - Started process (PID=3664) to work on /home/airflow/.local/lib/python3.12/site-packages/airflow/example_dags/example_short_circuit_operator.py
[2025-02-06T18:48:20.141+0000] {processor.py:914} INFO - Processing file /home/airflow/.local/lib/python3.12/site-packages/airflow/example_dags/example_short_circuit_operator.py for tasks to queue
[2025-02-06T18:48:20.144+0000] {logging_mixin.py:190} INFO - [2025-02-06T18:48:20.144+0000] {dagbag.py:588} INFO - Filling up the DagBag from /home/airflow/.local/lib/python3.12/site-packages/airflow/example_dags/example_short_circuit_operator.py
[2025-02-06T18:48:20.155+0000] {processor.py:925} INFO - DAG(s) 'example_short_circuit_operator' retrieved from /home/airflow/.local/lib/python3.12/site-packages/airflow/example_dags/example_short_circuit_operator.py
[2025-02-06T18:48:20.187+0000] {logging_mixin.py:190} INFO - [2025-02-06T18:48:20.187+0000] {dag.py:3239} INFO - Sync 1 DAGs
[2025-02-06T18:48:20.207+0000] {logging_mixin.py:190} INFO - [2025-02-06T18:48:20.207+0000] {dag.py:4180} INFO - Setting next_dagrun for example_short_circuit_operator to None, run_after=None
[2025-02-06T18:48:20.231+0000] {processor.py:208} INFO - Processing /home/airflow/.local/lib/python3.12/site-packages/airflow/example_dags/example_short_circuit_operator.py took 0.099 seconds
[2025-02-06T18:48:50.513+0000] {processor.py:186} INFO - Started process (PID=3721) to work on /home/airflow/.local/lib/python3.12/site-packages/airflow/example_dags/example_short_circuit_operator.py
[2025-02-06T18:48:50.515+0000] {processor.py:914} INFO - Processing file /home/airflow/.local/lib/python3.12/site-packages/airflow/example_dags/example_short_circuit_operator.py for tasks to queue
[2025-02-06T18:48:50.518+0000] {logging_mixin.py:190} INFO - [2025-02-06T18:48:50.517+0000] {dagbag.py:588} INFO - Filling up the DagBag from /home/airflow/.local/lib/python3.12/site-packages/airflow/example_dags/example_short_circuit_operator.py
[2025-02-06T18:48:50.530+0000] {processor.py:925} INFO - DAG(s) 'example_short_circuit_operator' retrieved from /home/airflow/.local/lib/python3.12/site-packages/airflow/example_dags/example_short_circuit_operator.py
[2025-02-06T18:48:50.558+0000] {logging_mixin.py:190} INFO - [2025-02-06T18:48:50.558+0000] {dag.py:3239} INFO - Sync 1 DAGs
[2025-02-06T18:48:50.576+0000] {logging_mixin.py:190} INFO - [2025-02-06T18:48:50.575+0000] {dag.py:4180} INFO - Setting next_dagrun for example_short_circuit_operator to None, run_after=None
[2025-02-06T18:48:50.602+0000] {processor.py:208} INFO - Processing /home/airflow/.local/lib/python3.12/site-packages/airflow/example_dags/example_short_circuit_operator.py took 0.098 seconds
[2025-02-06T18:49:20.821+0000] {processor.py:186} INFO - Started process (PID=3778) to work on /home/airflow/.local/lib/python3.12/site-packages/airflow/example_dags/example_short_circuit_operator.py
[2025-02-06T18:49:20.822+0000] {processor.py:914} INFO - Processing file /home/airflow/.local/lib/python3.12/site-packages/airflow/example_dags/example_short_circuit_operator.py for tasks to queue
[2025-02-06T18:49:20.826+0000] {logging_mixin.py:190} INFO - [2025-02-06T18:49:20.826+0000] {dagbag.py:588} INFO - Filling up the DagBag from /home/airflow/.local/lib/python3.12/site-packages/airflow/example_dags/example_short_circuit_operator.py
[2025-02-06T18:49:20.841+0000] {processor.py:925} INFO - DAG(s) 'example_short_circuit_operator' retrieved from /home/airflow/.local/lib/python3.12/site-packages/airflow/example_dags/example_short_circuit_operator.py
[2025-02-06T18:49:20.883+0000] {logging_mixin.py:190} INFO - [2025-02-06T18:49:20.883+0000] {dag.py:3239} INFO - Sync 1 DAGs
[2025-02-06T18:49:20.908+0000] {logging_mixin.py:190} INFO - [2025-02-06T18:49:20.908+0000] {dag.py:4180} INFO - Setting next_dagrun for example_short_circuit_operator to None, run_after=None
[2025-02-06T18:49:20.942+0000] {processor.py:208} INFO - Processing /home/airflow/.local/lib/python3.12/site-packages/airflow/example_dags/example_short_circuit_operator.py took 0.130 seconds
[2025-02-06T18:49:51.060+0000] {processor.py:186} INFO - Started process (PID=3832) to work on /home/airflow/.local/lib/python3.12/site-packages/airflow/example_dags/example_short_circuit_operator.py
[2025-02-06T18:49:51.062+0000] {processor.py:914} INFO - Processing file /home/airflow/.local/lib/python3.12/site-packages/airflow/example_dags/example_short_circuit_operator.py for tasks to queue
[2025-02-06T18:49:51.067+0000] {logging_mixin.py:190} INFO - [2025-02-06T18:49:51.067+0000] {dagbag.py:588} INFO - Filling up the DagBag from /home/airflow/.local/lib/python3.12/site-packages/airflow/example_dags/example_short_circuit_operator.py
[2025-02-06T18:49:51.083+0000] {processor.py:925} INFO - DAG(s) 'example_short_circuit_operator' retrieved from /home/airflow/.local/lib/python3.12/site-packages/airflow/example_dags/example_short_circuit_operator.py
[2025-02-06T18:49:51.122+0000] {logging_mixin.py:190} INFO - [2025-02-06T18:49:51.121+0000] {dag.py:3239} INFO - Sync 1 DAGs
[2025-02-06T18:49:51.143+0000] {logging_mixin.py:190} INFO - [2025-02-06T18:49:51.143+0000] {dag.py:4180} INFO - Setting next_dagrun for example_short_circuit_operator to None, run_after=None
[2025-02-06T18:49:51.173+0000] {processor.py:208} INFO - Processing /home/airflow/.local/lib/python3.12/site-packages/airflow/example_dags/example_short_circuit_operator.py took 0.123 seconds
[2025-02-06T18:50:21.333+0000] {processor.py:186} INFO - Started process (PID=3888) to work on /home/airflow/.local/lib/python3.12/site-packages/airflow/example_dags/example_short_circuit_operator.py
[2025-02-06T18:50:21.334+0000] {processor.py:914} INFO - Processing file /home/airflow/.local/lib/python3.12/site-packages/airflow/example_dags/example_short_circuit_operator.py for tasks to queue
[2025-02-06T18:50:21.338+0000] {logging_mixin.py:190} INFO - [2025-02-06T18:50:21.337+0000] {dagbag.py:588} INFO - Filling up the DagBag from /home/airflow/.local/lib/python3.12/site-packages/airflow/example_dags/example_short_circuit_operator.py
[2025-02-06T18:50:21.349+0000] {processor.py:925} INFO - DAG(s) 'example_short_circuit_operator' retrieved from /home/airflow/.local/lib/python3.12/site-packages/airflow/example_dags/example_short_circuit_operator.py
[2025-02-06T18:50:21.385+0000] {logging_mixin.py:190} INFO - [2025-02-06T18:50:21.384+0000] {dag.py:3239} INFO - Sync 1 DAGs
[2025-02-06T18:50:21.408+0000] {logging_mixin.py:190} INFO - [2025-02-06T18:50:21.408+0000] {dag.py:4180} INFO - Setting next_dagrun for example_short_circuit_operator to None, run_after=None
[2025-02-06T18:50:21.440+0000] {processor.py:208} INFO - Processing /home/airflow/.local/lib/python3.12/site-packages/airflow/example_dags/example_short_circuit_operator.py took 0.114 seconds
[2025-02-06T18:50:51.537+0000] {processor.py:186} INFO - Started process (PID=3941) to work on /home/airflow/.local/lib/python3.12/site-packages/airflow/example_dags/example_short_circuit_operator.py
[2025-02-06T18:50:51.538+0000] {processor.py:914} INFO - Processing file /home/airflow/.local/lib/python3.12/site-packages/airflow/example_dags/example_short_circuit_operator.py for tasks to queue
[2025-02-06T18:50:51.543+0000] {logging_mixin.py:190} INFO - [2025-02-06T18:50:51.542+0000] {dagbag.py:588} INFO - Filling up the DagBag from /home/airflow/.local/lib/python3.12/site-packages/airflow/example_dags/example_short_circuit_operator.py
[2025-02-06T18:50:51.559+0000] {processor.py:925} INFO - DAG(s) 'example_short_circuit_operator' retrieved from /home/airflow/.local/lib/python3.12/site-packages/airflow/example_dags/example_short_circuit_operator.py
[2025-02-06T18:50:51.594+0000] {logging_mixin.py:190} INFO - [2025-02-06T18:50:51.594+0000] {dag.py:3239} INFO - Sync 1 DAGs
[2025-02-06T18:50:51.618+0000] {logging_mixin.py:190} INFO - [2025-02-06T18:50:51.618+0000] {dag.py:4180} INFO - Setting next_dagrun for example_short_circuit_operator to None, run_after=None
[2025-02-06T18:50:51.654+0000] {processor.py:208} INFO - Processing /home/airflow/.local/lib/python3.12/site-packages/airflow/example_dags/example_short_circuit_operator.py took 0.124 seconds
[2025-02-06T18:51:21.849+0000] {processor.py:186} INFO - Started process (PID=3998) to work on /home/airflow/.local/lib/python3.12/site-packages/airflow/example_dags/example_short_circuit_operator.py
[2025-02-06T18:51:21.850+0000] {processor.py:914} INFO - Processing file /home/airflow/.local/lib/python3.12/site-packages/airflow/example_dags/example_short_circuit_operator.py for tasks to queue
[2025-02-06T18:51:21.855+0000] {logging_mixin.py:190} INFO - [2025-02-06T18:51:21.854+0000] {dagbag.py:588} INFO - Filling up the DagBag from /home/airflow/.local/lib/python3.12/site-packages/airflow/example_dags/example_short_circuit_operator.py
[2025-02-06T18:51:21.870+0000] {processor.py:925} INFO - DAG(s) 'example_short_circuit_operator' retrieved from /home/airflow/.local/lib/python3.12/site-packages/airflow/example_dags/example_short_circuit_operator.py
[2025-02-06T18:51:21.911+0000] {logging_mixin.py:190} INFO - [2025-02-06T18:51:21.911+0000] {dag.py:3239} INFO - Sync 1 DAGs
[2025-02-06T18:51:21.937+0000] {logging_mixin.py:190} INFO - [2025-02-06T18:51:21.937+0000] {dag.py:4180} INFO - Setting next_dagrun for example_short_circuit_operator to None, run_after=None
[2025-02-06T18:51:21.976+0000] {processor.py:208} INFO - Processing /home/airflow/.local/lib/python3.12/site-packages/airflow/example_dags/example_short_circuit_operator.py took 0.136 seconds
[2025-02-06T18:51:52.339+0000] {processor.py:186} INFO - Started process (PID=4055) to work on /home/airflow/.local/lib/python3.12/site-packages/airflow/example_dags/example_short_circuit_operator.py
[2025-02-06T18:51:52.340+0000] {processor.py:914} INFO - Processing file /home/airflow/.local/lib/python3.12/site-packages/airflow/example_dags/example_short_circuit_operator.py for tasks to queue
[2025-02-06T18:51:52.345+0000] {logging_mixin.py:190} INFO - [2025-02-06T18:51:52.344+0000] {dagbag.py:588} INFO - Filling up the DagBag from /home/airflow/.local/lib/python3.12/site-packages/airflow/example_dags/example_short_circuit_operator.py
[2025-02-06T18:51:52.359+0000] {processor.py:925} INFO - DAG(s) 'example_short_circuit_operator' retrieved from /home/airflow/.local/lib/python3.12/site-packages/airflow/example_dags/example_short_circuit_operator.py
[2025-02-06T18:51:52.395+0000] {logging_mixin.py:190} INFO - [2025-02-06T18:51:52.394+0000] {dag.py:3239} INFO - Sync 1 DAGs
[2025-02-06T18:51:52.415+0000] {logging_mixin.py:190} INFO - [2025-02-06T18:51:52.415+0000] {dag.py:4180} INFO - Setting next_dagrun for example_short_circuit_operator to None, run_after=None
[2025-02-06T18:51:52.441+0000] {processor.py:208} INFO - Processing /home/airflow/.local/lib/python3.12/site-packages/airflow/example_dags/example_short_circuit_operator.py took 0.112 seconds
[2025-02-06T18:52:22.499+0000] {processor.py:186} INFO - Started process (PID=4111) to work on /home/airflow/.local/lib/python3.12/site-packages/airflow/example_dags/example_short_circuit_operator.py
[2025-02-06T18:52:22.500+0000] {processor.py:914} INFO - Processing file /home/airflow/.local/lib/python3.12/site-packages/airflow/example_dags/example_short_circuit_operator.py for tasks to queue
[2025-02-06T18:52:22.503+0000] {logging_mixin.py:190} INFO - [2025-02-06T18:52:22.503+0000] {dagbag.py:588} INFO - Filling up the DagBag from /home/airflow/.local/lib/python3.12/site-packages/airflow/example_dags/example_short_circuit_operator.py
[2025-02-06T18:52:22.516+0000] {processor.py:925} INFO - DAG(s) 'example_short_circuit_operator' retrieved from /home/airflow/.local/lib/python3.12/site-packages/airflow/example_dags/example_short_circuit_operator.py
[2025-02-06T18:52:22.546+0000] {logging_mixin.py:190} INFO - [2025-02-06T18:52:22.546+0000] {dag.py:3239} INFO - Sync 1 DAGs
[2025-02-06T18:52:22.572+0000] {logging_mixin.py:190} INFO - [2025-02-06T18:52:22.572+0000] {dag.py:4180} INFO - Setting next_dagrun for example_short_circuit_operator to None, run_after=None
[2025-02-06T18:52:22.607+0000] {processor.py:208} INFO - Processing /home/airflow/.local/lib/python3.12/site-packages/airflow/example_dags/example_short_circuit_operator.py took 0.116 seconds
[2025-02-06T18:52:52.899+0000] {processor.py:186} INFO - Started process (PID=4166) to work on /home/airflow/.local/lib/python3.12/site-packages/airflow/example_dags/example_short_circuit_operator.py
[2025-02-06T18:52:52.900+0000] {processor.py:914} INFO - Processing file /home/airflow/.local/lib/python3.12/site-packages/airflow/example_dags/example_short_circuit_operator.py for tasks to queue
[2025-02-06T18:52:52.905+0000] {logging_mixin.py:190} INFO - [2025-02-06T18:52:52.904+0000] {dagbag.py:588} INFO - Filling up the DagBag from /home/airflow/.local/lib/python3.12/site-packages/airflow/example_dags/example_short_circuit_operator.py
[2025-02-06T18:52:52.927+0000] {processor.py:925} INFO - DAG(s) 'example_short_circuit_operator' retrieved from /home/airflow/.local/lib/python3.12/site-packages/airflow/example_dags/example_short_circuit_operator.py
[2025-02-06T18:52:52.970+0000] {logging_mixin.py:190} INFO - [2025-02-06T18:52:52.970+0000] {dag.py:3239} INFO - Sync 1 DAGs
[2025-02-06T18:52:53.006+0000] {logging_mixin.py:190} INFO - [2025-02-06T18:52:53.006+0000] {dag.py:4180} INFO - Setting next_dagrun for example_short_circuit_operator to None, run_after=None
[2025-02-06T18:52:53.045+0000] {processor.py:208} INFO - Processing /home/airflow/.local/lib/python3.12/site-packages/airflow/example_dags/example_short_circuit_operator.py took 0.156 seconds
[2025-02-06T18:53:23.150+0000] {processor.py:186} INFO - Started process (PID=4223) to work on /home/airflow/.local/lib/python3.12/site-packages/airflow/example_dags/example_short_circuit_operator.py
[2025-02-06T18:53:23.152+0000] {processor.py:914} INFO - Processing file /home/airflow/.local/lib/python3.12/site-packages/airflow/example_dags/example_short_circuit_operator.py for tasks to queue
[2025-02-06T18:53:23.156+0000] {logging_mixin.py:190} INFO - [2025-02-06T18:53:23.155+0000] {dagbag.py:588} INFO - Filling up the DagBag from /home/airflow/.local/lib/python3.12/site-packages/airflow/example_dags/example_short_circuit_operator.py
[2025-02-06T18:53:23.172+0000] {processor.py:925} INFO - DAG(s) 'example_short_circuit_operator' retrieved from /home/airflow/.local/lib/python3.12/site-packages/airflow/example_dags/example_short_circuit_operator.py
[2025-02-06T18:53:23.206+0000] {logging_mixin.py:190} INFO - [2025-02-06T18:53:23.205+0000] {dag.py:3239} INFO - Sync 1 DAGs
[2025-02-06T18:53:23.228+0000] {logging_mixin.py:190} INFO - [2025-02-06T18:53:23.227+0000] {dag.py:4180} INFO - Setting next_dagrun for example_short_circuit_operator to None, run_after=None
[2025-02-06T18:53:23.258+0000] {processor.py:208} INFO - Processing /home/airflow/.local/lib/python3.12/site-packages/airflow/example_dags/example_short_circuit_operator.py took 0.115 seconds
[2025-02-06T18:53:53.484+0000] {processor.py:186} INFO - Started process (PID=4280) to work on /home/airflow/.local/lib/python3.12/site-packages/airflow/example_dags/example_short_circuit_operator.py
[2025-02-06T18:53:53.485+0000] {processor.py:914} INFO - Processing file /home/airflow/.local/lib/python3.12/site-packages/airflow/example_dags/example_short_circuit_operator.py for tasks to queue
[2025-02-06T18:53:53.488+0000] {logging_mixin.py:190} INFO - [2025-02-06T18:53:53.487+0000] {dagbag.py:588} INFO - Filling up the DagBag from /home/airflow/.local/lib/python3.12/site-packages/airflow/example_dags/example_short_circuit_operator.py
[2025-02-06T18:53:53.499+0000] {processor.py:925} INFO - DAG(s) 'example_short_circuit_operator' retrieved from /home/airflow/.local/lib/python3.12/site-packages/airflow/example_dags/example_short_circuit_operator.py
[2025-02-06T18:53:53.530+0000] {logging_mixin.py:190} INFO - [2025-02-06T18:53:53.530+0000] {dag.py:3239} INFO - Sync 1 DAGs
[2025-02-06T18:53:53.552+0000] {logging_mixin.py:190} INFO - [2025-02-06T18:53:53.551+0000] {dag.py:4180} INFO - Setting next_dagrun for example_short_circuit_operator to None, run_after=None
[2025-02-06T18:53:53.580+0000] {processor.py:208} INFO - Processing /home/airflow/.local/lib/python3.12/site-packages/airflow/example_dags/example_short_circuit_operator.py took 0.104 seconds
[2025-02-06T18:54:23.723+0000] {processor.py:186} INFO - Started process (PID=4337) to work on /home/airflow/.local/lib/python3.12/site-packages/airflow/example_dags/example_short_circuit_operator.py
[2025-02-06T18:54:23.724+0000] {processor.py:914} INFO - Processing file /home/airflow/.local/lib/python3.12/site-packages/airflow/example_dags/example_short_circuit_operator.py for tasks to queue
[2025-02-06T18:54:23.728+0000] {logging_mixin.py:190} INFO - [2025-02-06T18:54:23.727+0000] {dagbag.py:588} INFO - Filling up the DagBag from /home/airflow/.local/lib/python3.12/site-packages/airflow/example_dags/example_short_circuit_operator.py
[2025-02-06T18:54:23.741+0000] {processor.py:925} INFO - DAG(s) 'example_short_circuit_operator' retrieved from /home/airflow/.local/lib/python3.12/site-packages/airflow/example_dags/example_short_circuit_operator.py
[2025-02-06T18:54:23.775+0000] {logging_mixin.py:190} INFO - [2025-02-06T18:54:23.774+0000] {dag.py:3239} INFO - Sync 1 DAGs
[2025-02-06T18:54:23.803+0000] {logging_mixin.py:190} INFO - [2025-02-06T18:54:23.802+0000] {dag.py:4180} INFO - Setting next_dagrun for example_short_circuit_operator to None, run_after=None
[2025-02-06T18:54:23.837+0000] {processor.py:208} INFO - Processing /home/airflow/.local/lib/python3.12/site-packages/airflow/example_dags/example_short_circuit_operator.py took 0.124 seconds
[2025-02-06T18:54:53.937+0000] {processor.py:186} INFO - Started process (PID=4394) to work on /home/airflow/.local/lib/python3.12/site-packages/airflow/example_dags/example_short_circuit_operator.py
[2025-02-06T18:54:53.941+0000] {processor.py:914} INFO - Processing file /home/airflow/.local/lib/python3.12/site-packages/airflow/example_dags/example_short_circuit_operator.py for tasks to queue
[2025-02-06T18:54:53.947+0000] {logging_mixin.py:190} INFO - [2025-02-06T18:54:53.946+0000] {dagbag.py:588} INFO - Filling up the DagBag from /home/airflow/.local/lib/python3.12/site-packages/airflow/example_dags/example_short_circuit_operator.py
[2025-02-06T18:54:53.966+0000] {processor.py:925} INFO - DAG(s) 'example_short_circuit_operator' retrieved from /home/airflow/.local/lib/python3.12/site-packages/airflow/example_dags/example_short_circuit_operator.py
[2025-02-06T18:54:54.016+0000] {logging_mixin.py:190} INFO - [2025-02-06T18:54:54.016+0000] {dag.py:3239} INFO - Sync 1 DAGs
[2025-02-06T18:54:54.044+0000] {logging_mixin.py:190} INFO - [2025-02-06T18:54:54.043+0000] {dag.py:4180} INFO - Setting next_dagrun for example_short_circuit_operator to None, run_after=None
[2025-02-06T18:54:54.073+0000] {processor.py:208} INFO - Processing /home/airflow/.local/lib/python3.12/site-packages/airflow/example_dags/example_short_circuit_operator.py took 0.159 seconds
[2025-02-06T18:55:24.905+0000] {processor.py:186} INFO - Started process (PID=4451) to work on /home/airflow/.local/lib/python3.12/site-packages/airflow/example_dags/example_short_circuit_operator.py
[2025-02-06T18:55:24.907+0000] {processor.py:914} INFO - Processing file /home/airflow/.local/lib/python3.12/site-packages/airflow/example_dags/example_short_circuit_operator.py for tasks to queue
[2025-02-06T18:55:24.910+0000] {logging_mixin.py:190} INFO - [2025-02-06T18:55:24.910+0000] {dagbag.py:588} INFO - Filling up the DagBag from /home/airflow/.local/lib/python3.12/site-packages/airflow/example_dags/example_short_circuit_operator.py
[2025-02-06T18:55:24.925+0000] {processor.py:925} INFO - DAG(s) 'example_short_circuit_operator' retrieved from /home/airflow/.local/lib/python3.12/site-packages/airflow/example_dags/example_short_circuit_operator.py
[2025-02-06T18:55:24.956+0000] {logging_mixin.py:190} INFO - [2025-02-06T18:55:24.955+0000] {dag.py:3239} INFO - Sync 1 DAGs
[2025-02-06T18:55:24.975+0000] {logging_mixin.py:190} INFO - [2025-02-06T18:55:24.975+0000] {dag.py:4180} INFO - Setting next_dagrun for example_short_circuit_operator to None, run_after=None
[2025-02-06T18:55:25.007+0000] {processor.py:208} INFO - Processing /home/airflow/.local/lib/python3.12/site-packages/airflow/example_dags/example_short_circuit_operator.py took 0.110 seconds
[2025-02-06T18:55:55.805+0000] {processor.py:186} INFO - Started process (PID=4508) to work on /home/airflow/.local/lib/python3.12/site-packages/airflow/example_dags/example_short_circuit_operator.py
[2025-02-06T18:55:55.807+0000] {processor.py:914} INFO - Processing file /home/airflow/.local/lib/python3.12/site-packages/airflow/example_dags/example_short_circuit_operator.py for tasks to queue
[2025-02-06T18:55:55.810+0000] {logging_mixin.py:190} INFO - [2025-02-06T18:55:55.809+0000] {dagbag.py:588} INFO - Filling up the DagBag from /home/airflow/.local/lib/python3.12/site-packages/airflow/example_dags/example_short_circuit_operator.py
[2025-02-06T18:55:55.822+0000] {processor.py:925} INFO - DAG(s) 'example_short_circuit_operator' retrieved from /home/airflow/.local/lib/python3.12/site-packages/airflow/example_dags/example_short_circuit_operator.py
[2025-02-06T18:55:55.852+0000] {logging_mixin.py:190} INFO - [2025-02-06T18:55:55.852+0000] {dag.py:3239} INFO - Sync 1 DAGs
[2025-02-06T18:55:55.878+0000] {logging_mixin.py:190} INFO - [2025-02-06T18:55:55.878+0000] {dag.py:4180} INFO - Setting next_dagrun for example_short_circuit_operator to None, run_after=None
[2025-02-06T18:55:55.907+0000] {processor.py:208} INFO - Processing /home/airflow/.local/lib/python3.12/site-packages/airflow/example_dags/example_short_circuit_operator.py took 0.110 seconds
[2025-02-06T18:56:26.319+0000] {processor.py:186} INFO - Started process (PID=4565) to work on /home/airflow/.local/lib/python3.12/site-packages/airflow/example_dags/example_short_circuit_operator.py
[2025-02-06T18:56:26.321+0000] {processor.py:914} INFO - Processing file /home/airflow/.local/lib/python3.12/site-packages/airflow/example_dags/example_short_circuit_operator.py for tasks to queue
[2025-02-06T18:56:26.324+0000] {logging_mixin.py:190} INFO - [2025-02-06T18:56:26.323+0000] {dagbag.py:588} INFO - Filling up the DagBag from /home/airflow/.local/lib/python3.12/site-packages/airflow/example_dags/example_short_circuit_operator.py
[2025-02-06T18:56:26.335+0000] {processor.py:925} INFO - DAG(s) 'example_short_circuit_operator' retrieved from /home/airflow/.local/lib/python3.12/site-packages/airflow/example_dags/example_short_circuit_operator.py
[2025-02-06T18:56:26.363+0000] {logging_mixin.py:190} INFO - [2025-02-06T18:56:26.363+0000] {dag.py:3239} INFO - Sync 1 DAGs
[2025-02-06T18:56:26.381+0000] {logging_mixin.py:190} INFO - [2025-02-06T18:56:26.380+0000] {dag.py:4180} INFO - Setting next_dagrun for example_short_circuit_operator to None, run_after=None
[2025-02-06T18:56:26.406+0000] {processor.py:208} INFO - Processing /home/airflow/.local/lib/python3.12/site-packages/airflow/example_dags/example_short_circuit_operator.py took 0.096 seconds
[2025-02-06T18:56:56.621+0000] {processor.py:186} INFO - Started process (PID=4622) to work on /home/airflow/.local/lib/python3.12/site-packages/airflow/example_dags/example_short_circuit_operator.py
[2025-02-06T18:56:56.622+0000] {processor.py:914} INFO - Processing file /home/airflow/.local/lib/python3.12/site-packages/airflow/example_dags/example_short_circuit_operator.py for tasks to queue
[2025-02-06T18:56:56.625+0000] {logging_mixin.py:190} INFO - [2025-02-06T18:56:56.624+0000] {dagbag.py:588} INFO - Filling up the DagBag from /home/airflow/.local/lib/python3.12/site-packages/airflow/example_dags/example_short_circuit_operator.py
[2025-02-06T18:56:56.636+0000] {processor.py:925} INFO - DAG(s) 'example_short_circuit_operator' retrieved from /home/airflow/.local/lib/python3.12/site-packages/airflow/example_dags/example_short_circuit_operator.py
[2025-02-06T18:56:56.666+0000] {logging_mixin.py:190} INFO - [2025-02-06T18:56:56.665+0000] {dag.py:3239} INFO - Sync 1 DAGs
[2025-02-06T18:56:56.684+0000] {logging_mixin.py:190} INFO - [2025-02-06T18:56:56.684+0000] {dag.py:4180} INFO - Setting next_dagrun for example_short_circuit_operator to None, run_after=None
[2025-02-06T18:56:56.706+0000] {processor.py:208} INFO - Processing /home/airflow/.local/lib/python3.12/site-packages/airflow/example_dags/example_short_circuit_operator.py took 0.093 seconds
[2025-02-06T18:57:27.202+0000] {processor.py:186} INFO - Started process (PID=4679) to work on /home/airflow/.local/lib/python3.12/site-packages/airflow/example_dags/example_short_circuit_operator.py
[2025-02-06T18:57:27.203+0000] {processor.py:914} INFO - Processing file /home/airflow/.local/lib/python3.12/site-packages/airflow/example_dags/example_short_circuit_operator.py for tasks to queue
[2025-02-06T18:57:27.206+0000] {logging_mixin.py:190} INFO - [2025-02-06T18:57:27.206+0000] {dagbag.py:588} INFO - Filling up the DagBag from /home/airflow/.local/lib/python3.12/site-packages/airflow/example_dags/example_short_circuit_operator.py
[2025-02-06T18:57:27.217+0000] {processor.py:925} INFO - DAG(s) 'example_short_circuit_operator' retrieved from /home/airflow/.local/lib/python3.12/site-packages/airflow/example_dags/example_short_circuit_operator.py
[2025-02-06T18:57:27.248+0000] {logging_mixin.py:190} INFO - [2025-02-06T18:57:27.248+0000] {dag.py:3239} INFO - Sync 1 DAGs
[2025-02-06T18:57:27.267+0000] {logging_mixin.py:190} INFO - [2025-02-06T18:57:27.266+0000] {dag.py:4180} INFO - Setting next_dagrun for example_short_circuit_operator to None, run_after=None
[2025-02-06T18:57:27.297+0000] {processor.py:208} INFO - Processing /home/airflow/.local/lib/python3.12/site-packages/airflow/example_dags/example_short_circuit_operator.py took 0.103 seconds
[2025-02-06T18:57:57.395+0000] {processor.py:186} INFO - Started process (PID=4731) to work on /home/airflow/.local/lib/python3.12/site-packages/airflow/example_dags/example_short_circuit_operator.py
[2025-02-06T18:57:57.396+0000] {processor.py:914} INFO - Processing file /home/airflow/.local/lib/python3.12/site-packages/airflow/example_dags/example_short_circuit_operator.py for tasks to queue
[2025-02-06T18:57:57.400+0000] {logging_mixin.py:190} INFO - [2025-02-06T18:57:57.399+0000] {dagbag.py:588} INFO - Filling up the DagBag from /home/airflow/.local/lib/python3.12/site-packages/airflow/example_dags/example_short_circuit_operator.py
[2025-02-06T18:57:57.420+0000] {processor.py:925} INFO - DAG(s) 'example_short_circuit_operator' retrieved from /home/airflow/.local/lib/python3.12/site-packages/airflow/example_dags/example_short_circuit_operator.py
[2025-02-06T18:57:57.463+0000] {logging_mixin.py:190} INFO - [2025-02-06T18:57:57.463+0000] {dag.py:3239} INFO - Sync 1 DAGs
[2025-02-06T18:57:57.496+0000] {logging_mixin.py:190} INFO - [2025-02-06T18:57:57.495+0000] {dag.py:4180} INFO - Setting next_dagrun for example_short_circuit_operator to None, run_after=None
[2025-02-06T18:57:57.573+0000] {processor.py:208} INFO - Processing /home/airflow/.local/lib/python3.12/site-packages/airflow/example_dags/example_short_circuit_operator.py took 0.187 seconds
[2025-02-06T18:58:28.076+0000] {processor.py:186} INFO - Started process (PID=4774) to work on /home/airflow/.local/lib/python3.12/site-packages/airflow/example_dags/example_short_circuit_operator.py
[2025-02-06T18:58:28.078+0000] {processor.py:914} INFO - Processing file /home/airflow/.local/lib/python3.12/site-packages/airflow/example_dags/example_short_circuit_operator.py for tasks to queue
[2025-02-06T18:58:28.083+0000] {logging_mixin.py:190} INFO - [2025-02-06T18:58:28.082+0000] {dagbag.py:588} INFO - Filling up the DagBag from /home/airflow/.local/lib/python3.12/site-packages/airflow/example_dags/example_short_circuit_operator.py
[2025-02-06T18:58:28.095+0000] {processor.py:925} INFO - DAG(s) 'example_short_circuit_operator' retrieved from /home/airflow/.local/lib/python3.12/site-packages/airflow/example_dags/example_short_circuit_operator.py
[2025-02-06T18:58:28.134+0000] {logging_mixin.py:190} INFO - [2025-02-06T18:58:28.134+0000] {dag.py:3239} INFO - Sync 1 DAGs
[2025-02-06T18:58:28.158+0000] {logging_mixin.py:190} INFO - [2025-02-06T18:58:28.157+0000] {dag.py:4180} INFO - Setting next_dagrun for example_short_circuit_operator to None, run_after=None
[2025-02-06T18:58:28.242+0000] {processor.py:208} INFO - Processing /home/airflow/.local/lib/python3.12/site-packages/airflow/example_dags/example_short_circuit_operator.py took 0.178 seconds
[2025-02-06T18:58:59.786+0000] {processor.py:186} INFO - Started process (PID=4831) to work on /home/airflow/.local/lib/python3.12/site-packages/airflow/example_dags/example_short_circuit_operator.py
[2025-02-06T18:58:59.789+0000] {processor.py:914} INFO - Processing file /home/airflow/.local/lib/python3.12/site-packages/airflow/example_dags/example_short_circuit_operator.py for tasks to queue
[2025-02-06T18:58:59.797+0000] {logging_mixin.py:190} INFO - [2025-02-06T18:58:59.796+0000] {dagbag.py:588} INFO - Filling up the DagBag from /home/airflow/.local/lib/python3.12/site-packages/airflow/example_dags/example_short_circuit_operator.py
[2025-02-06T18:58:59.815+0000] {processor.py:925} INFO - DAG(s) 'example_short_circuit_operator' retrieved from /home/airflow/.local/lib/python3.12/site-packages/airflow/example_dags/example_short_circuit_operator.py
[2025-02-06T18:58:59.860+0000] {logging_mixin.py:190} INFO - [2025-02-06T18:58:59.860+0000] {dag.py:3239} INFO - Sync 1 DAGs
[2025-02-06T18:58:59.902+0000] {logging_mixin.py:190} INFO - [2025-02-06T18:58:59.901+0000] {dag.py:4180} INFO - Setting next_dagrun for example_short_circuit_operator to None, run_after=None
[2025-02-06T18:58:59.943+0000] {processor.py:208} INFO - Processing /home/airflow/.local/lib/python3.12/site-packages/airflow/example_dags/example_short_circuit_operator.py took 0.169 seconds
[2025-02-06T18:59:30.593+0000] {processor.py:186} INFO - Started process (PID=4887) to work on /home/airflow/.local/lib/python3.12/site-packages/airflow/example_dags/example_short_circuit_operator.py
[2025-02-06T18:59:30.595+0000] {processor.py:914} INFO - Processing file /home/airflow/.local/lib/python3.12/site-packages/airflow/example_dags/example_short_circuit_operator.py for tasks to queue
[2025-02-06T18:59:30.600+0000] {logging_mixin.py:190} INFO - [2025-02-06T18:59:30.600+0000] {dagbag.py:588} INFO - Filling up the DagBag from /home/airflow/.local/lib/python3.12/site-packages/airflow/example_dags/example_short_circuit_operator.py
[2025-02-06T18:59:30.621+0000] {processor.py:925} INFO - DAG(s) 'example_short_circuit_operator' retrieved from /home/airflow/.local/lib/python3.12/site-packages/airflow/example_dags/example_short_circuit_operator.py
[2025-02-06T18:59:30.693+0000] {logging_mixin.py:190} INFO - [2025-02-06T18:59:30.692+0000] {dag.py:3239} INFO - Sync 1 DAGs
[2025-02-06T18:59:30.749+0000] {logging_mixin.py:190} INFO - [2025-02-06T18:59:30.747+0000] {dag.py:4180} INFO - Setting next_dagrun for example_short_circuit_operator to None, run_after=None
[2025-02-06T18:59:30.829+0000] {processor.py:208} INFO - Processing /home/airflow/.local/lib/python3.12/site-packages/airflow/example_dags/example_short_circuit_operator.py took 0.258 seconds
[2025-02-06T19:00:01.232+0000] {processor.py:186} INFO - Started process (PID=4943) to work on /home/airflow/.local/lib/python3.12/site-packages/airflow/example_dags/example_short_circuit_operator.py
[2025-02-06T19:00:01.234+0000] {processor.py:914} INFO - Processing file /home/airflow/.local/lib/python3.12/site-packages/airflow/example_dags/example_short_circuit_operator.py for tasks to queue
[2025-02-06T19:00:01.240+0000] {logging_mixin.py:190} INFO - [2025-02-06T19:00:01.239+0000] {dagbag.py:588} INFO - Filling up the DagBag from /home/airflow/.local/lib/python3.12/site-packages/airflow/example_dags/example_short_circuit_operator.py
[2025-02-06T19:00:01.263+0000] {processor.py:925} INFO - DAG(s) 'example_short_circuit_operator' retrieved from /home/airflow/.local/lib/python3.12/site-packages/airflow/example_dags/example_short_circuit_operator.py
[2025-02-06T19:00:01.310+0000] {logging_mixin.py:190} INFO - [2025-02-06T19:00:01.309+0000] {dag.py:3239} INFO - Sync 1 DAGs
[2025-02-06T19:00:01.344+0000] {logging_mixin.py:190} INFO - [2025-02-06T19:00:01.344+0000] {dag.py:4180} INFO - Setting next_dagrun for example_short_circuit_operator to None, run_after=None
[2025-02-06T19:00:01.372+0000] {processor.py:208} INFO - Processing /home/airflow/.local/lib/python3.12/site-packages/airflow/example_dags/example_short_circuit_operator.py took 0.151 seconds
[2025-02-06T19:00:31.461+0000] {processor.py:186} INFO - Started process (PID=4997) to work on /home/airflow/.local/lib/python3.12/site-packages/airflow/example_dags/example_short_circuit_operator.py
[2025-02-06T19:00:31.462+0000] {processor.py:914} INFO - Processing file /home/airflow/.local/lib/python3.12/site-packages/airflow/example_dags/example_short_circuit_operator.py for tasks to queue
[2025-02-06T19:00:31.466+0000] {logging_mixin.py:190} INFO - [2025-02-06T19:00:31.465+0000] {dagbag.py:588} INFO - Filling up the DagBag from /home/airflow/.local/lib/python3.12/site-packages/airflow/example_dags/example_short_circuit_operator.py
[2025-02-06T19:00:31.480+0000] {processor.py:925} INFO - DAG(s) 'example_short_circuit_operator' retrieved from /home/airflow/.local/lib/python3.12/site-packages/airflow/example_dags/example_short_circuit_operator.py
[2025-02-06T19:00:31.520+0000] {logging_mixin.py:190} INFO - [2025-02-06T19:00:31.519+0000] {dag.py:3239} INFO - Sync 1 DAGs
[2025-02-06T19:00:31.541+0000] {logging_mixin.py:190} INFO - [2025-02-06T19:00:31.541+0000] {dag.py:4180} INFO - Setting next_dagrun for example_short_circuit_operator to None, run_after=None
[2025-02-06T19:00:31.571+0000] {processor.py:208} INFO - Processing /home/airflow/.local/lib/python3.12/site-packages/airflow/example_dags/example_short_circuit_operator.py took 0.120 seconds
[2025-02-06T19:01:01.725+0000] {processor.py:186} INFO - Started process (PID=5049) to work on /home/airflow/.local/lib/python3.12/site-packages/airflow/example_dags/example_short_circuit_operator.py
[2025-02-06T19:01:01.727+0000] {processor.py:914} INFO - Processing file /home/airflow/.local/lib/python3.12/site-packages/airflow/example_dags/example_short_circuit_operator.py for tasks to queue
[2025-02-06T19:01:01.732+0000] {logging_mixin.py:190} INFO - [2025-02-06T19:01:01.731+0000] {dagbag.py:588} INFO - Filling up the DagBag from /home/airflow/.local/lib/python3.12/site-packages/airflow/example_dags/example_short_circuit_operator.py
[2025-02-06T19:01:01.750+0000] {processor.py:925} INFO - DAG(s) 'example_short_circuit_operator' retrieved from /home/airflow/.local/lib/python3.12/site-packages/airflow/example_dags/example_short_circuit_operator.py
[2025-02-06T19:01:01.790+0000] {logging_mixin.py:190} INFO - [2025-02-06T19:01:01.790+0000] {dag.py:3239} INFO - Sync 1 DAGs
[2025-02-06T19:01:01.819+0000] {logging_mixin.py:190} INFO - [2025-02-06T19:01:01.818+0000] {dag.py:4180} INFO - Setting next_dagrun for example_short_circuit_operator to None, run_after=None
[2025-02-06T19:01:01.854+0000] {processor.py:208} INFO - Processing /home/airflow/.local/lib/python3.12/site-packages/airflow/example_dags/example_short_circuit_operator.py took 0.138 seconds
[2025-02-06T19:01:32.637+0000] {processor.py:186} INFO - Started process (PID=5106) to work on /home/airflow/.local/lib/python3.12/site-packages/airflow/example_dags/example_short_circuit_operator.py
[2025-02-06T19:01:32.639+0000] {processor.py:914} INFO - Processing file /home/airflow/.local/lib/python3.12/site-packages/airflow/example_dags/example_short_circuit_operator.py for tasks to queue
[2025-02-06T19:01:32.644+0000] {logging_mixin.py:190} INFO - [2025-02-06T19:01:32.643+0000] {dagbag.py:588} INFO - Filling up the DagBag from /home/airflow/.local/lib/python3.12/site-packages/airflow/example_dags/example_short_circuit_operator.py
[2025-02-06T19:01:32.661+0000] {processor.py:925} INFO - DAG(s) 'example_short_circuit_operator' retrieved from /home/airflow/.local/lib/python3.12/site-packages/airflow/example_dags/example_short_circuit_operator.py
[2025-02-06T19:01:32.714+0000] {logging_mixin.py:190} INFO - [2025-02-06T19:01:32.714+0000] {dag.py:3239} INFO - Sync 1 DAGs
[2025-02-06T19:01:32.748+0000] {logging_mixin.py:190} INFO - [2025-02-06T19:01:32.747+0000] {dag.py:4180} INFO - Setting next_dagrun for example_short_circuit_operator to None, run_after=None
[2025-02-06T19:01:32.781+0000] {processor.py:208} INFO - Processing /home/airflow/.local/lib/python3.12/site-packages/airflow/example_dags/example_short_circuit_operator.py took 0.155 seconds
[2025-02-06T19:02:03.052+0000] {processor.py:186} INFO - Started process (PID=5163) to work on /home/airflow/.local/lib/python3.12/site-packages/airflow/example_dags/example_short_circuit_operator.py
[2025-02-06T19:02:03.054+0000] {processor.py:914} INFO - Processing file /home/airflow/.local/lib/python3.12/site-packages/airflow/example_dags/example_short_circuit_operator.py for tasks to queue
[2025-02-06T19:02:03.059+0000] {logging_mixin.py:190} INFO - [2025-02-06T19:02:03.058+0000] {dagbag.py:588} INFO - Filling up the DagBag from /home/airflow/.local/lib/python3.12/site-packages/airflow/example_dags/example_short_circuit_operator.py
[2025-02-06T19:02:03.080+0000] {processor.py:925} INFO - DAG(s) 'example_short_circuit_operator' retrieved from /home/airflow/.local/lib/python3.12/site-packages/airflow/example_dags/example_short_circuit_operator.py
[2025-02-06T19:02:03.124+0000] {logging_mixin.py:190} INFO - [2025-02-06T19:02:03.123+0000] {dag.py:3239} INFO - Sync 1 DAGs
[2025-02-06T19:02:03.155+0000] {logging_mixin.py:190} INFO - [2025-02-06T19:02:03.155+0000] {dag.py:4180} INFO - Setting next_dagrun for example_short_circuit_operator to None, run_after=None
[2025-02-06T19:02:03.197+0000] {processor.py:208} INFO - Processing /home/airflow/.local/lib/python3.12/site-packages/airflow/example_dags/example_short_circuit_operator.py took 0.158 seconds
[2025-02-06T19:02:33.334+0000] {processor.py:186} INFO - Started process (PID=5220) to work on /home/airflow/.local/lib/python3.12/site-packages/airflow/example_dags/example_short_circuit_operator.py
[2025-02-06T19:02:33.336+0000] {processor.py:914} INFO - Processing file /home/airflow/.local/lib/python3.12/site-packages/airflow/example_dags/example_short_circuit_operator.py for tasks to queue
[2025-02-06T19:02:33.340+0000] {logging_mixin.py:190} INFO - [2025-02-06T19:02:33.339+0000] {dagbag.py:588} INFO - Filling up the DagBag from /home/airflow/.local/lib/python3.12/site-packages/airflow/example_dags/example_short_circuit_operator.py
[2025-02-06T19:02:33.359+0000] {processor.py:925} INFO - DAG(s) 'example_short_circuit_operator' retrieved from /home/airflow/.local/lib/python3.12/site-packages/airflow/example_dags/example_short_circuit_operator.py
[2025-02-06T19:02:33.408+0000] {logging_mixin.py:190} INFO - [2025-02-06T19:02:33.407+0000] {dag.py:3239} INFO - Sync 1 DAGs
[2025-02-06T19:02:33.439+0000] {logging_mixin.py:190} INFO - [2025-02-06T19:02:33.438+0000] {dag.py:4180} INFO - Setting next_dagrun for example_short_circuit_operator to None, run_after=None
[2025-02-06T19:02:33.473+0000] {processor.py:208} INFO - Processing /home/airflow/.local/lib/python3.12/site-packages/airflow/example_dags/example_short_circuit_operator.py took 0.148 seconds
[2025-02-06T19:03:03.710+0000] {processor.py:186} INFO - Started process (PID=5277) to work on /home/airflow/.local/lib/python3.12/site-packages/airflow/example_dags/example_short_circuit_operator.py
[2025-02-06T19:03:03.712+0000] {processor.py:914} INFO - Processing file /home/airflow/.local/lib/python3.12/site-packages/airflow/example_dags/example_short_circuit_operator.py for tasks to queue
[2025-02-06T19:03:03.717+0000] {logging_mixin.py:190} INFO - [2025-02-06T19:03:03.716+0000] {dagbag.py:588} INFO - Filling up the DagBag from /home/airflow/.local/lib/python3.12/site-packages/airflow/example_dags/example_short_circuit_operator.py
[2025-02-06T19:03:03.736+0000] {processor.py:925} INFO - DAG(s) 'example_short_circuit_operator' retrieved from /home/airflow/.local/lib/python3.12/site-packages/airflow/example_dags/example_short_circuit_operator.py
[2025-02-06T19:03:03.775+0000] {logging_mixin.py:190} INFO - [2025-02-06T19:03:03.774+0000] {dag.py:3239} INFO - Sync 1 DAGs
[2025-02-06T19:03:03.814+0000] {logging_mixin.py:190} INFO - [2025-02-06T19:03:03.814+0000] {dag.py:4180} INFO - Setting next_dagrun for example_short_circuit_operator to None, run_after=None
[2025-02-06T19:03:03.850+0000] {processor.py:208} INFO - Processing /home/airflow/.local/lib/python3.12/site-packages/airflow/example_dags/example_short_circuit_operator.py took 0.154 seconds
[2025-02-06T19:03:33.999+0000] {processor.py:186} INFO - Started process (PID=5334) to work on /home/airflow/.local/lib/python3.12/site-packages/airflow/example_dags/example_short_circuit_operator.py
[2025-02-06T19:03:34.000+0000] {processor.py:914} INFO - Processing file /home/airflow/.local/lib/python3.12/site-packages/airflow/example_dags/example_short_circuit_operator.py for tasks to queue
[2025-02-06T19:03:34.003+0000] {logging_mixin.py:190} INFO - [2025-02-06T19:03:34.003+0000] {dagbag.py:588} INFO - Filling up the DagBag from /home/airflow/.local/lib/python3.12/site-packages/airflow/example_dags/example_short_circuit_operator.py
[2025-02-06T19:03:34.015+0000] {processor.py:925} INFO - DAG(s) 'example_short_circuit_operator' retrieved from /home/airflow/.local/lib/python3.12/site-packages/airflow/example_dags/example_short_circuit_operator.py
[2025-02-06T19:03:34.048+0000] {logging_mixin.py:190} INFO - [2025-02-06T19:03:34.047+0000] {dag.py:3239} INFO - Sync 1 DAGs
[2025-02-06T19:03:34.069+0000] {logging_mixin.py:190} INFO - [2025-02-06T19:03:34.069+0000] {dag.py:4180} INFO - Setting next_dagrun for example_short_circuit_operator to None, run_after=None
[2025-02-06T19:03:34.101+0000] {processor.py:208} INFO - Processing /home/airflow/.local/lib/python3.12/site-packages/airflow/example_dags/example_short_circuit_operator.py took 0.110 seconds
[2025-02-06T19:04:05.346+0000] {processor.py:186} INFO - Started process (PID=5391) to work on /home/airflow/.local/lib/python3.12/site-packages/airflow/example_dags/example_short_circuit_operator.py
[2025-02-06T19:04:05.350+0000] {processor.py:914} INFO - Processing file /home/airflow/.local/lib/python3.12/site-packages/airflow/example_dags/example_short_circuit_operator.py for tasks to queue
[2025-02-06T19:04:05.357+0000] {logging_mixin.py:190} INFO - [2025-02-06T19:04:05.356+0000] {dagbag.py:588} INFO - Filling up the DagBag from /home/airflow/.local/lib/python3.12/site-packages/airflow/example_dags/example_short_circuit_operator.py
[2025-02-06T19:04:05.381+0000] {processor.py:925} INFO - DAG(s) 'example_short_circuit_operator' retrieved from /home/airflow/.local/lib/python3.12/site-packages/airflow/example_dags/example_short_circuit_operator.py
[2025-02-06T19:04:05.424+0000] {logging_mixin.py:190} INFO - [2025-02-06T19:04:05.424+0000] {dag.py:3239} INFO - Sync 1 DAGs
[2025-02-06T19:04:05.469+0000] {logging_mixin.py:190} INFO - [2025-02-06T19:04:05.469+0000] {dag.py:4180} INFO - Setting next_dagrun for example_short_circuit_operator to None, run_after=None
[2025-02-06T19:04:05.528+0000] {processor.py:208} INFO - Processing /home/airflow/.local/lib/python3.12/site-packages/airflow/example_dags/example_short_circuit_operator.py took 0.196 seconds
[2025-02-06T19:04:35.634+0000] {processor.py:186} INFO - Started process (PID=5447) to work on /home/airflow/.local/lib/python3.12/site-packages/airflow/example_dags/example_short_circuit_operator.py
[2025-02-06T19:04:35.636+0000] {processor.py:914} INFO - Processing file /home/airflow/.local/lib/python3.12/site-packages/airflow/example_dags/example_short_circuit_operator.py for tasks to queue
[2025-02-06T19:04:35.639+0000] {logging_mixin.py:190} INFO - [2025-02-06T19:04:35.639+0000] {dagbag.py:588} INFO - Filling up the DagBag from /home/airflow/.local/lib/python3.12/site-packages/airflow/example_dags/example_short_circuit_operator.py
[2025-02-06T19:04:35.650+0000] {processor.py:925} INFO - DAG(s) 'example_short_circuit_operator' retrieved from /home/airflow/.local/lib/python3.12/site-packages/airflow/example_dags/example_short_circuit_operator.py
[2025-02-06T19:04:35.683+0000] {logging_mixin.py:190} INFO - [2025-02-06T19:04:35.682+0000] {dag.py:3239} INFO - Sync 1 DAGs
[2025-02-06T19:04:35.704+0000] {logging_mixin.py:190} INFO - [2025-02-06T19:04:35.704+0000] {dag.py:4180} INFO - Setting next_dagrun for example_short_circuit_operator to None, run_after=None
[2025-02-06T19:04:35.729+0000] {processor.py:208} INFO - Processing /home/airflow/.local/lib/python3.12/site-packages/airflow/example_dags/example_short_circuit_operator.py took 0.102 seconds
[2025-02-06T19:05:05.918+0000] {processor.py:186} INFO - Started process (PID=5504) to work on /home/airflow/.local/lib/python3.12/site-packages/airflow/example_dags/example_short_circuit_operator.py
[2025-02-06T19:05:05.920+0000] {processor.py:914} INFO - Processing file /home/airflow/.local/lib/python3.12/site-packages/airflow/example_dags/example_short_circuit_operator.py for tasks to queue
[2025-02-06T19:05:05.925+0000] {logging_mixin.py:190} INFO - [2025-02-06T19:05:05.924+0000] {dagbag.py:588} INFO - Filling up the DagBag from /home/airflow/.local/lib/python3.12/site-packages/airflow/example_dags/example_short_circuit_operator.py
[2025-02-06T19:05:05.942+0000] {processor.py:925} INFO - DAG(s) 'example_short_circuit_operator' retrieved from /home/airflow/.local/lib/python3.12/site-packages/airflow/example_dags/example_short_circuit_operator.py
[2025-02-06T19:05:05.993+0000] {logging_mixin.py:190} INFO - [2025-02-06T19:05:05.992+0000] {dag.py:3239} INFO - Sync 1 DAGs
[2025-02-06T19:05:06.026+0000] {logging_mixin.py:190} INFO - [2025-02-06T19:05:06.025+0000] {dag.py:4180} INFO - Setting next_dagrun for example_short_circuit_operator to None, run_after=None
[2025-02-06T19:05:06.068+0000] {processor.py:208} INFO - Processing /home/airflow/.local/lib/python3.12/site-packages/airflow/example_dags/example_short_circuit_operator.py took 0.168 seconds
[2025-02-06T19:05:36.159+0000] {processor.py:186} INFO - Started process (PID=5560) to work on /home/airflow/.local/lib/python3.12/site-packages/airflow/example_dags/example_short_circuit_operator.py
[2025-02-06T19:05:36.161+0000] {processor.py:914} INFO - Processing file /home/airflow/.local/lib/python3.12/site-packages/airflow/example_dags/example_short_circuit_operator.py for tasks to queue
[2025-02-06T19:05:36.165+0000] {logging_mixin.py:190} INFO - [2025-02-06T19:05:36.165+0000] {dagbag.py:588} INFO - Filling up the DagBag from /home/airflow/.local/lib/python3.12/site-packages/airflow/example_dags/example_short_circuit_operator.py
[2025-02-06T19:05:36.179+0000] {processor.py:925} INFO - DAG(s) 'example_short_circuit_operator' retrieved from /home/airflow/.local/lib/python3.12/site-packages/airflow/example_dags/example_short_circuit_operator.py
[2025-02-06T19:05:36.211+0000] {logging_mixin.py:190} INFO - [2025-02-06T19:05:36.211+0000] {dag.py:3239} INFO - Sync 1 DAGs
[2025-02-06T19:05:36.232+0000] {logging_mixin.py:190} INFO - [2025-02-06T19:05:36.232+0000] {dag.py:4180} INFO - Setting next_dagrun for example_short_circuit_operator to None, run_after=None
[2025-02-06T19:05:36.256+0000] {processor.py:208} INFO - Processing /home/airflow/.local/lib/python3.12/site-packages/airflow/example_dags/example_short_circuit_operator.py took 0.106 seconds
[2025-02-06T19:06:06.791+0000] {processor.py:186} INFO - Started process (PID=5617) to work on /home/airflow/.local/lib/python3.12/site-packages/airflow/example_dags/example_short_circuit_operator.py
[2025-02-06T19:06:06.792+0000] {processor.py:914} INFO - Processing file /home/airflow/.local/lib/python3.12/site-packages/airflow/example_dags/example_short_circuit_operator.py for tasks to queue
[2025-02-06T19:06:06.796+0000] {logging_mixin.py:190} INFO - [2025-02-06T19:06:06.795+0000] {dagbag.py:588} INFO - Filling up the DagBag from /home/airflow/.local/lib/python3.12/site-packages/airflow/example_dags/example_short_circuit_operator.py
[2025-02-06T19:06:06.811+0000] {processor.py:925} INFO - DAG(s) 'example_short_circuit_operator' retrieved from /home/airflow/.local/lib/python3.12/site-packages/airflow/example_dags/example_short_circuit_operator.py
[2025-02-06T19:06:06.846+0000] {logging_mixin.py:190} INFO - [2025-02-06T19:06:06.845+0000] {dag.py:3239} INFO - Sync 1 DAGs
[2025-02-06T19:06:06.865+0000] {logging_mixin.py:190} INFO - [2025-02-06T19:06:06.865+0000] {dag.py:4180} INFO - Setting next_dagrun for example_short_circuit_operator to None, run_after=None
[2025-02-06T19:06:06.890+0000] {processor.py:208} INFO - Processing /home/airflow/.local/lib/python3.12/site-packages/airflow/example_dags/example_short_circuit_operator.py took 0.109 seconds
[2025-02-06T19:06:37.108+0000] {processor.py:186} INFO - Started process (PID=5674) to work on /home/airflow/.local/lib/python3.12/site-packages/airflow/example_dags/example_short_circuit_operator.py
[2025-02-06T19:06:37.109+0000] {processor.py:914} INFO - Processing file /home/airflow/.local/lib/python3.12/site-packages/airflow/example_dags/example_short_circuit_operator.py for tasks to queue
[2025-02-06T19:06:37.112+0000] {logging_mixin.py:190} INFO - [2025-02-06T19:06:37.112+0000] {dagbag.py:588} INFO - Filling up the DagBag from /home/airflow/.local/lib/python3.12/site-packages/airflow/example_dags/example_short_circuit_operator.py
[2025-02-06T19:06:37.126+0000] {processor.py:925} INFO - DAG(s) 'example_short_circuit_operator' retrieved from /home/airflow/.local/lib/python3.12/site-packages/airflow/example_dags/example_short_circuit_operator.py
[2025-02-06T19:06:37.161+0000] {logging_mixin.py:190} INFO - [2025-02-06T19:06:37.160+0000] {dag.py:3239} INFO - Sync 1 DAGs
[2025-02-06T19:06:37.186+0000] {logging_mixin.py:190} INFO - [2025-02-06T19:06:37.185+0000] {dag.py:4180} INFO - Setting next_dagrun for example_short_circuit_operator to None, run_after=None
[2025-02-06T19:06:37.214+0000] {processor.py:208} INFO - Processing /home/airflow/.local/lib/python3.12/site-packages/airflow/example_dags/example_short_circuit_operator.py took 0.115 seconds
[2025-02-06T19:07:07.466+0000] {processor.py:186} INFO - Started process (PID=5731) to work on /home/airflow/.local/lib/python3.12/site-packages/airflow/example_dags/example_short_circuit_operator.py
[2025-02-06T19:07:07.468+0000] {processor.py:914} INFO - Processing file /home/airflow/.local/lib/python3.12/site-packages/airflow/example_dags/example_short_circuit_operator.py for tasks to queue
[2025-02-06T19:07:07.473+0000] {logging_mixin.py:190} INFO - [2025-02-06T19:07:07.472+0000] {dagbag.py:588} INFO - Filling up the DagBag from /home/airflow/.local/lib/python3.12/site-packages/airflow/example_dags/example_short_circuit_operator.py
[2025-02-06T19:07:07.491+0000] {processor.py:925} INFO - DAG(s) 'example_short_circuit_operator' retrieved from /home/airflow/.local/lib/python3.12/site-packages/airflow/example_dags/example_short_circuit_operator.py
[2025-02-06T19:07:07.541+0000] {logging_mixin.py:190} INFO - [2025-02-06T19:07:07.540+0000] {dag.py:3239} INFO - Sync 1 DAGs
[2025-02-06T19:07:07.579+0000] {logging_mixin.py:190} INFO - [2025-02-06T19:07:07.578+0000] {dag.py:4180} INFO - Setting next_dagrun for example_short_circuit_operator to None, run_after=None
[2025-02-06T19:07:07.631+0000] {processor.py:208} INFO - Processing /home/airflow/.local/lib/python3.12/site-packages/airflow/example_dags/example_short_circuit_operator.py took 0.180 seconds
[2025-02-06T19:07:37.918+0000] {processor.py:186} INFO - Started process (PID=5788) to work on /home/airflow/.local/lib/python3.12/site-packages/airflow/example_dags/example_short_circuit_operator.py
[2025-02-06T19:07:37.920+0000] {processor.py:914} INFO - Processing file /home/airflow/.local/lib/python3.12/site-packages/airflow/example_dags/example_short_circuit_operator.py for tasks to queue
[2025-02-06T19:07:37.924+0000] {logging_mixin.py:190} INFO - [2025-02-06T19:07:37.923+0000] {dagbag.py:588} INFO - Filling up the DagBag from /home/airflow/.local/lib/python3.12/site-packages/airflow/example_dags/example_short_circuit_operator.py
[2025-02-06T19:07:37.936+0000] {processor.py:925} INFO - DAG(s) 'example_short_circuit_operator' retrieved from /home/airflow/.local/lib/python3.12/site-packages/airflow/example_dags/example_short_circuit_operator.py
[2025-02-06T19:07:37.976+0000] {logging_mixin.py:190} INFO - [2025-02-06T19:07:37.976+0000] {dag.py:3239} INFO - Sync 1 DAGs
[2025-02-06T19:07:38.003+0000] {logging_mixin.py:190} INFO - [2025-02-06T19:07:38.002+0000] {dag.py:4180} INFO - Setting next_dagrun for example_short_circuit_operator to None, run_after=None
[2025-02-06T19:07:38.043+0000] {processor.py:208} INFO - Processing /home/airflow/.local/lib/python3.12/site-packages/airflow/example_dags/example_short_circuit_operator.py took 0.134 seconds
[2025-02-06T19:08:08.350+0000] {processor.py:186} INFO - Started process (PID=5842) to work on /home/airflow/.local/lib/python3.12/site-packages/airflow/example_dags/example_short_circuit_operator.py
[2025-02-06T19:08:08.351+0000] {processor.py:914} INFO - Processing file /home/airflow/.local/lib/python3.12/site-packages/airflow/example_dags/example_short_circuit_operator.py for tasks to queue
[2025-02-06T19:08:08.354+0000] {logging_mixin.py:190} INFO - [2025-02-06T19:08:08.354+0000] {dagbag.py:588} INFO - Filling up the DagBag from /home/airflow/.local/lib/python3.12/site-packages/airflow/example_dags/example_short_circuit_operator.py
[2025-02-06T19:08:08.365+0000] {processor.py:925} INFO - DAG(s) 'example_short_circuit_operator' retrieved from /home/airflow/.local/lib/python3.12/site-packages/airflow/example_dags/example_short_circuit_operator.py
[2025-02-06T19:08:08.401+0000] {logging_mixin.py:190} INFO - [2025-02-06T19:08:08.401+0000] {dag.py:3239} INFO - Sync 1 DAGs
[2025-02-06T19:08:08.426+0000] {logging_mixin.py:190} INFO - [2025-02-06T19:08:08.425+0000] {dag.py:4180} INFO - Setting next_dagrun for example_short_circuit_operator to None, run_after=None
[2025-02-06T19:08:08.451+0000] {processor.py:208} INFO - Processing /home/airflow/.local/lib/python3.12/site-packages/airflow/example_dags/example_short_circuit_operator.py took 0.110 seconds
[2025-02-06T19:08:39.473+0000] {processor.py:186} INFO - Started process (PID=5899) to work on /home/airflow/.local/lib/python3.12/site-packages/airflow/example_dags/example_short_circuit_operator.py
[2025-02-06T19:08:39.476+0000] {processor.py:914} INFO - Processing file /home/airflow/.local/lib/python3.12/site-packages/airflow/example_dags/example_short_circuit_operator.py for tasks to queue
[2025-02-06T19:08:39.481+0000] {logging_mixin.py:190} INFO - [2025-02-06T19:08:39.480+0000] {dagbag.py:588} INFO - Filling up the DagBag from /home/airflow/.local/lib/python3.12/site-packages/airflow/example_dags/example_short_circuit_operator.py
[2025-02-06T19:08:39.517+0000] {processor.py:925} INFO - DAG(s) 'example_short_circuit_operator' retrieved from /home/airflow/.local/lib/python3.12/site-packages/airflow/example_dags/example_short_circuit_operator.py
[2025-02-06T19:08:39.602+0000] {logging_mixin.py:190} INFO - [2025-02-06T19:08:39.601+0000] {dag.py:3239} INFO - Sync 1 DAGs
[2025-02-06T19:08:39.643+0000] {logging_mixin.py:190} INFO - [2025-02-06T19:08:39.642+0000] {dag.py:4180} INFO - Setting next_dagrun for example_short_circuit_operator to None, run_after=None
[2025-02-06T19:08:39.683+0000] {processor.py:208} INFO - Processing /home/airflow/.local/lib/python3.12/site-packages/airflow/example_dags/example_short_circuit_operator.py took 0.224 seconds
