[2025-02-06T16:36:24.580+0000] {processor.py:186} INFO - Started process (PID=45) to work on /home/airflow/.local/lib/python3.12/site-packages/airflow/example_dags/example_latest_only.py
[2025-02-06T16:36:24.582+0000] {processor.py:914} INFO - Processing file /home/airflow/.local/lib/python3.12/site-packages/airflow/example_dags/example_latest_only.py for tasks to queue
[2025-02-06T16:36:24.595+0000] {logging_mixin.py:190} INFO - [2025-02-06T16:36:24.594+0000] {dagbag.py:588} INFO - Filling up the DagBag from /home/airflow/.local/lib/python3.12/site-packages/airflow/example_dags/example_latest_only.py
[2025-02-06T16:36:24.617+0000] {processor.py:925} INFO - DAG(s) 'latest_only' retrieved from /home/airflow/.local/lib/python3.12/site-packages/airflow/example_dags/example_latest_only.py
[2025-02-06T16:36:25.006+0000] {logging_mixin.py:190} INFO - [2025-02-06T16:36:25.005+0000] {override.py:1911} INFO - Created Permission View: can edit on DAG:latest_only
[2025-02-06T16:36:25.046+0000] {logging_mixin.py:190} INFO - [2025-02-06T16:36:25.045+0000] {override.py:1911} INFO - Created Permission View: can delete on DAG:latest_only
[2025-02-06T16:36:25.067+0000] {logging_mixin.py:190} INFO - [2025-02-06T16:36:25.066+0000] {override.py:1911} INFO - Created Permission View: can read on DAG:latest_only
[2025-02-06T16:36:25.089+0000] {logging_mixin.py:190} INFO - [2025-02-06T16:36:25.089+0000] {override.py:1911} INFO - Created Permission View: menu access on DAG Run:latest_only
[2025-02-06T16:36:25.110+0000] {logging_mixin.py:190} INFO - [2025-02-06T16:36:25.109+0000] {override.py:1911} INFO - Created Permission View: can create on DAG Run:latest_only
[2025-02-06T16:36:25.136+0000] {logging_mixin.py:190} INFO - [2025-02-06T16:36:25.136+0000] {override.py:1911} INFO - Created Permission View: can delete on DAG Run:latest_only
[2025-02-06T16:36:25.168+0000] {logging_mixin.py:190} INFO - [2025-02-06T16:36:25.167+0000] {override.py:1911} INFO - Created Permission View: can read on DAG Run:latest_only
[2025-02-06T16:36:25.169+0000] {logging_mixin.py:190} INFO - [2025-02-06T16:36:25.169+0000] {dag.py:3239} INFO - Sync 1 DAGs
[2025-02-06T16:36:25.196+0000] {logging_mixin.py:190} INFO - [2025-02-06T16:36:25.195+0000] {dag.py:3262} INFO - Creating ORM DAG for latest_only
[2025-02-06T16:36:25.219+0000] {logging_mixin.py:190} INFO - [2025-02-06T16:36:25.218+0000] {dag.py:4180} INFO - Setting next_dagrun for latest_only to 2025-02-06 12:00:00+00:00, run_after=2025-02-06 16:00:00+00:00
[2025-02-06T16:36:25.263+0000] {processor.py:208} INFO - Processing /home/airflow/.local/lib/python3.12/site-packages/airflow/example_dags/example_latest_only.py took 0.692 seconds
[2025-02-06T16:36:55.733+0000] {processor.py:186} INFO - Started process (PID=102) to work on /home/airflow/.local/lib/python3.12/site-packages/airflow/example_dags/example_latest_only.py
[2025-02-06T16:36:55.734+0000] {processor.py:914} INFO - Processing file /home/airflow/.local/lib/python3.12/site-packages/airflow/example_dags/example_latest_only.py for tasks to queue
[2025-02-06T16:36:55.737+0000] {logging_mixin.py:190} INFO - [2025-02-06T16:36:55.737+0000] {dagbag.py:588} INFO - Filling up the DagBag from /home/airflow/.local/lib/python3.12/site-packages/airflow/example_dags/example_latest_only.py
[2025-02-06T16:36:55.745+0000] {processor.py:925} INFO - DAG(s) 'latest_only' retrieved from /home/airflow/.local/lib/python3.12/site-packages/airflow/example_dags/example_latest_only.py
[2025-02-06T16:36:55.770+0000] {logging_mixin.py:190} INFO - [2025-02-06T16:36:55.770+0000] {dag.py:3239} INFO - Sync 1 DAGs
[2025-02-06T16:36:55.802+0000] {logging_mixin.py:190} INFO - [2025-02-06T16:36:55.802+0000] {dag.py:4180} INFO - Setting next_dagrun for latest_only to 2025-02-06 12:00:00+00:00, run_after=2025-02-06 16:00:00+00:00
[2025-02-06T16:36:55.834+0000] {processor.py:208} INFO - Processing /home/airflow/.local/lib/python3.12/site-packages/airflow/example_dags/example_latest_only.py took 0.109 seconds
[2025-02-06T16:37:26.072+0000] {processor.py:186} INFO - Started process (PID=158) to work on /home/airflow/.local/lib/python3.12/site-packages/airflow/example_dags/example_latest_only.py
[2025-02-06T16:37:26.073+0000] {processor.py:914} INFO - Processing file /home/airflow/.local/lib/python3.12/site-packages/airflow/example_dags/example_latest_only.py for tasks to queue
[2025-02-06T16:37:26.077+0000] {logging_mixin.py:190} INFO - [2025-02-06T16:37:26.076+0000] {dagbag.py:588} INFO - Filling up the DagBag from /home/airflow/.local/lib/python3.12/site-packages/airflow/example_dags/example_latest_only.py
[2025-02-06T16:37:26.085+0000] {processor.py:925} INFO - DAG(s) 'latest_only' retrieved from /home/airflow/.local/lib/python3.12/site-packages/airflow/example_dags/example_latest_only.py
[2025-02-06T16:37:26.108+0000] {logging_mixin.py:190} INFO - [2025-02-06T16:37:26.108+0000] {dag.py:3239} INFO - Sync 1 DAGs
[2025-02-06T16:37:26.140+0000] {logging_mixin.py:190} INFO - [2025-02-06T16:37:26.139+0000] {dag.py:4180} INFO - Setting next_dagrun for latest_only to 2025-02-06 12:00:00+00:00, run_after=2025-02-06 16:00:00+00:00
[2025-02-06T16:37:26.164+0000] {processor.py:208} INFO - Processing /home/airflow/.local/lib/python3.12/site-packages/airflow/example_dags/example_latest_only.py took 0.100 seconds
[2025-02-06T16:37:56.236+0000] {processor.py:186} INFO - Started process (PID=215) to work on /home/airflow/.local/lib/python3.12/site-packages/airflow/example_dags/example_latest_only.py
[2025-02-06T16:37:56.238+0000] {processor.py:914} INFO - Processing file /home/airflow/.local/lib/python3.12/site-packages/airflow/example_dags/example_latest_only.py for tasks to queue
[2025-02-06T16:37:56.241+0000] {logging_mixin.py:190} INFO - [2025-02-06T16:37:56.241+0000] {dagbag.py:588} INFO - Filling up the DagBag from /home/airflow/.local/lib/python3.12/site-packages/airflow/example_dags/example_latest_only.py
[2025-02-06T16:37:56.250+0000] {processor.py:925} INFO - DAG(s) 'latest_only' retrieved from /home/airflow/.local/lib/python3.12/site-packages/airflow/example_dags/example_latest_only.py
[2025-02-06T16:37:56.276+0000] {logging_mixin.py:190} INFO - [2025-02-06T16:37:56.275+0000] {dag.py:3239} INFO - Sync 1 DAGs
[2025-02-06T16:37:56.306+0000] {logging_mixin.py:190} INFO - [2025-02-06T16:37:56.306+0000] {dag.py:4180} INFO - Setting next_dagrun for latest_only to 2025-02-06 12:00:00+00:00, run_after=2025-02-06 16:00:00+00:00
[2025-02-06T16:37:56.334+0000] {processor.py:208} INFO - Processing /home/airflow/.local/lib/python3.12/site-packages/airflow/example_dags/example_latest_only.py took 0.107 seconds
[2025-02-06T16:38:27.026+0000] {processor.py:186} INFO - Started process (PID=272) to work on /home/airflow/.local/lib/python3.12/site-packages/airflow/example_dags/example_latest_only.py
[2025-02-06T16:38:27.027+0000] {processor.py:914} INFO - Processing file /home/airflow/.local/lib/python3.12/site-packages/airflow/example_dags/example_latest_only.py for tasks to queue
[2025-02-06T16:38:27.031+0000] {logging_mixin.py:190} INFO - [2025-02-06T16:38:27.031+0000] {dagbag.py:588} INFO - Filling up the DagBag from /home/airflow/.local/lib/python3.12/site-packages/airflow/example_dags/example_latest_only.py
[2025-02-06T16:38:27.039+0000] {processor.py:925} INFO - DAG(s) 'latest_only' retrieved from /home/airflow/.local/lib/python3.12/site-packages/airflow/example_dags/example_latest_only.py
[2025-02-06T16:38:27.064+0000] {logging_mixin.py:190} INFO - [2025-02-06T16:38:27.064+0000] {dag.py:3239} INFO - Sync 1 DAGs
[2025-02-06T16:38:27.093+0000] {logging_mixin.py:190} INFO - [2025-02-06T16:38:27.093+0000] {dag.py:4180} INFO - Setting next_dagrun for latest_only to 2025-02-06 12:00:00+00:00, run_after=2025-02-06 16:00:00+00:00
[2025-02-06T16:38:27.117+0000] {processor.py:208} INFO - Processing /home/airflow/.local/lib/python3.12/site-packages/airflow/example_dags/example_latest_only.py took 0.099 seconds
[2025-02-06T16:38:57.585+0000] {processor.py:186} INFO - Started process (PID=329) to work on /home/airflow/.local/lib/python3.12/site-packages/airflow/example_dags/example_latest_only.py
[2025-02-06T16:38:57.587+0000] {processor.py:914} INFO - Processing file /home/airflow/.local/lib/python3.12/site-packages/airflow/example_dags/example_latest_only.py for tasks to queue
[2025-02-06T16:38:57.590+0000] {logging_mixin.py:190} INFO - [2025-02-06T16:38:57.590+0000] {dagbag.py:588} INFO - Filling up the DagBag from /home/airflow/.local/lib/python3.12/site-packages/airflow/example_dags/example_latest_only.py
[2025-02-06T16:38:57.598+0000] {processor.py:925} INFO - DAG(s) 'latest_only' retrieved from /home/airflow/.local/lib/python3.12/site-packages/airflow/example_dags/example_latest_only.py
[2025-02-06T16:38:57.624+0000] {logging_mixin.py:190} INFO - [2025-02-06T16:38:57.623+0000] {dag.py:3239} INFO - Sync 1 DAGs
[2025-02-06T16:38:57.652+0000] {logging_mixin.py:190} INFO - [2025-02-06T16:38:57.652+0000] {dag.py:4180} INFO - Setting next_dagrun for latest_only to 2025-02-06 12:00:00+00:00, run_after=2025-02-06 16:00:00+00:00
[2025-02-06T16:38:57.676+0000] {processor.py:208} INFO - Processing /home/airflow/.local/lib/python3.12/site-packages/airflow/example_dags/example_latest_only.py took 0.098 seconds
[2025-02-06T16:39:28.211+0000] {processor.py:186} INFO - Started process (PID=386) to work on /home/airflow/.local/lib/python3.12/site-packages/airflow/example_dags/example_latest_only.py
[2025-02-06T16:39:28.212+0000] {processor.py:914} INFO - Processing file /home/airflow/.local/lib/python3.12/site-packages/airflow/example_dags/example_latest_only.py for tasks to queue
[2025-02-06T16:39:28.215+0000] {logging_mixin.py:190} INFO - [2025-02-06T16:39:28.215+0000] {dagbag.py:588} INFO - Filling up the DagBag from /home/airflow/.local/lib/python3.12/site-packages/airflow/example_dags/example_latest_only.py
[2025-02-06T16:39:28.223+0000] {processor.py:925} INFO - DAG(s) 'latest_only' retrieved from /home/airflow/.local/lib/python3.12/site-packages/airflow/example_dags/example_latest_only.py
[2025-02-06T16:39:28.249+0000] {logging_mixin.py:190} INFO - [2025-02-06T16:39:28.249+0000] {dag.py:3239} INFO - Sync 1 DAGs
[2025-02-06T16:39:28.277+0000] {logging_mixin.py:190} INFO - [2025-02-06T16:39:28.277+0000] {dag.py:4180} INFO - Setting next_dagrun for latest_only to 2025-02-06 12:00:00+00:00, run_after=2025-02-06 16:00:00+00:00
[2025-02-06T16:39:28.306+0000] {processor.py:208} INFO - Processing /home/airflow/.local/lib/python3.12/site-packages/airflow/example_dags/example_latest_only.py took 0.103 seconds
[2025-02-06T16:39:58.904+0000] {processor.py:186} INFO - Started process (PID=443) to work on /home/airflow/.local/lib/python3.12/site-packages/airflow/example_dags/example_latest_only.py
[2025-02-06T16:39:58.905+0000] {processor.py:914} INFO - Processing file /home/airflow/.local/lib/python3.12/site-packages/airflow/example_dags/example_latest_only.py for tasks to queue
[2025-02-06T16:39:58.909+0000] {logging_mixin.py:190} INFO - [2025-02-06T16:39:58.909+0000] {dagbag.py:588} INFO - Filling up the DagBag from /home/airflow/.local/lib/python3.12/site-packages/airflow/example_dags/example_latest_only.py
[2025-02-06T16:39:58.917+0000] {processor.py:925} INFO - DAG(s) 'latest_only' retrieved from /home/airflow/.local/lib/python3.12/site-packages/airflow/example_dags/example_latest_only.py
[2025-02-06T16:39:58.942+0000] {logging_mixin.py:190} INFO - [2025-02-06T16:39:58.942+0000] {dag.py:3239} INFO - Sync 1 DAGs
[2025-02-06T16:39:58.973+0000] {logging_mixin.py:190} INFO - [2025-02-06T16:39:58.972+0000] {dag.py:4180} INFO - Setting next_dagrun for latest_only to 2025-02-06 12:00:00+00:00, run_after=2025-02-06 16:00:00+00:00
[2025-02-06T16:39:58.999+0000] {processor.py:208} INFO - Processing /home/airflow/.local/lib/python3.12/site-packages/airflow/example_dags/example_latest_only.py took 0.102 seconds
[2025-02-06T16:40:29.154+0000] {processor.py:186} INFO - Started process (PID=500) to work on /home/airflow/.local/lib/python3.12/site-packages/airflow/example_dags/example_latest_only.py
[2025-02-06T16:40:29.155+0000] {processor.py:914} INFO - Processing file /home/airflow/.local/lib/python3.12/site-packages/airflow/example_dags/example_latest_only.py for tasks to queue
[2025-02-06T16:40:29.159+0000] {logging_mixin.py:190} INFO - [2025-02-06T16:40:29.158+0000] {dagbag.py:588} INFO - Filling up the DagBag from /home/airflow/.local/lib/python3.12/site-packages/airflow/example_dags/example_latest_only.py
[2025-02-06T16:40:29.170+0000] {processor.py:925} INFO - DAG(s) 'latest_only' retrieved from /home/airflow/.local/lib/python3.12/site-packages/airflow/example_dags/example_latest_only.py
[2025-02-06T16:40:29.194+0000] {logging_mixin.py:190} INFO - [2025-02-06T16:40:29.194+0000] {dag.py:3239} INFO - Sync 1 DAGs
[2025-02-06T16:40:29.223+0000] {logging_mixin.py:190} INFO - [2025-02-06T16:40:29.222+0000] {dag.py:4180} INFO - Setting next_dagrun for latest_only to 2025-02-06 12:00:00+00:00, run_after=2025-02-06 16:00:00+00:00
[2025-02-06T16:40:29.243+0000] {processor.py:208} INFO - Processing /home/airflow/.local/lib/python3.12/site-packages/airflow/example_dags/example_latest_only.py took 0.098 seconds
[2025-02-06T16:40:59.316+0000] {processor.py:186} INFO - Started process (PID=557) to work on /home/airflow/.local/lib/python3.12/site-packages/airflow/example_dags/example_latest_only.py
[2025-02-06T16:40:59.318+0000] {processor.py:914} INFO - Processing file /home/airflow/.local/lib/python3.12/site-packages/airflow/example_dags/example_latest_only.py for tasks to queue
[2025-02-06T16:40:59.321+0000] {logging_mixin.py:190} INFO - [2025-02-06T16:40:59.321+0000] {dagbag.py:588} INFO - Filling up the DagBag from /home/airflow/.local/lib/python3.12/site-packages/airflow/example_dags/example_latest_only.py
[2025-02-06T16:40:59.330+0000] {processor.py:925} INFO - DAG(s) 'latest_only' retrieved from /home/airflow/.local/lib/python3.12/site-packages/airflow/example_dags/example_latest_only.py
[2025-02-06T16:40:59.353+0000] {logging_mixin.py:190} INFO - [2025-02-06T16:40:59.353+0000] {dag.py:3239} INFO - Sync 1 DAGs
[2025-02-06T16:40:59.382+0000] {logging_mixin.py:190} INFO - [2025-02-06T16:40:59.381+0000] {dag.py:4180} INFO - Setting next_dagrun for latest_only to 2025-02-06 12:00:00+00:00, run_after=2025-02-06 16:00:00+00:00
[2025-02-06T16:40:59.406+0000] {processor.py:208} INFO - Processing /home/airflow/.local/lib/python3.12/site-packages/airflow/example_dags/example_latest_only.py took 0.096 seconds
[2025-02-06T16:41:29.485+0000] {processor.py:186} INFO - Started process (PID=614) to work on /home/airflow/.local/lib/python3.12/site-packages/airflow/example_dags/example_latest_only.py
[2025-02-06T16:41:29.487+0000] {processor.py:914} INFO - Processing file /home/airflow/.local/lib/python3.12/site-packages/airflow/example_dags/example_latest_only.py for tasks to queue
[2025-02-06T16:41:29.491+0000] {logging_mixin.py:190} INFO - [2025-02-06T16:41:29.490+0000] {dagbag.py:588} INFO - Filling up the DagBag from /home/airflow/.local/lib/python3.12/site-packages/airflow/example_dags/example_latest_only.py
[2025-02-06T16:41:29.500+0000] {processor.py:925} INFO - DAG(s) 'latest_only' retrieved from /home/airflow/.local/lib/python3.12/site-packages/airflow/example_dags/example_latest_only.py
[2025-02-06T16:41:29.532+0000] {logging_mixin.py:190} INFO - [2025-02-06T16:41:29.531+0000] {dag.py:3239} INFO - Sync 1 DAGs
[2025-02-06T16:41:29.580+0000] {logging_mixin.py:190} INFO - [2025-02-06T16:41:29.579+0000] {dag.py:4180} INFO - Setting next_dagrun for latest_only to 2025-02-06 12:00:00+00:00, run_after=2025-02-06 16:00:00+00:00
[2025-02-06T16:41:29.619+0000] {processor.py:208} INFO - Processing /home/airflow/.local/lib/python3.12/site-packages/airflow/example_dags/example_latest_only.py took 0.142 seconds
[2025-02-06T16:41:59.770+0000] {processor.py:186} INFO - Started process (PID=670) to work on /home/airflow/.local/lib/python3.12/site-packages/airflow/example_dags/example_latest_only.py
[2025-02-06T16:41:59.771+0000] {processor.py:914} INFO - Processing file /home/airflow/.local/lib/python3.12/site-packages/airflow/example_dags/example_latest_only.py for tasks to queue
[2025-02-06T16:41:59.775+0000] {logging_mixin.py:190} INFO - [2025-02-06T16:41:59.774+0000] {dagbag.py:588} INFO - Filling up the DagBag from /home/airflow/.local/lib/python3.12/site-packages/airflow/example_dags/example_latest_only.py
[2025-02-06T16:41:59.783+0000] {processor.py:925} INFO - DAG(s) 'latest_only' retrieved from /home/airflow/.local/lib/python3.12/site-packages/airflow/example_dags/example_latest_only.py
[2025-02-06T16:41:59.808+0000] {logging_mixin.py:190} INFO - [2025-02-06T16:41:59.807+0000] {dag.py:3239} INFO - Sync 1 DAGs
[2025-02-06T16:41:59.845+0000] {logging_mixin.py:190} INFO - [2025-02-06T16:41:59.845+0000] {dag.py:4180} INFO - Setting next_dagrun for latest_only to 2025-02-06 12:00:00+00:00, run_after=2025-02-06 16:00:00+00:00
[2025-02-06T16:41:59.867+0000] {processor.py:208} INFO - Processing /home/airflow/.local/lib/python3.12/site-packages/airflow/example_dags/example_latest_only.py took 0.105 seconds
[2025-02-06T16:42:30.429+0000] {processor.py:186} INFO - Started process (PID=728) to work on /home/airflow/.local/lib/python3.12/site-packages/airflow/example_dags/example_latest_only.py
[2025-02-06T16:42:30.430+0000] {processor.py:914} INFO - Processing file /home/airflow/.local/lib/python3.12/site-packages/airflow/example_dags/example_latest_only.py for tasks to queue
[2025-02-06T16:42:30.433+0000] {logging_mixin.py:190} INFO - [2025-02-06T16:42:30.433+0000] {dagbag.py:588} INFO - Filling up the DagBag from /home/airflow/.local/lib/python3.12/site-packages/airflow/example_dags/example_latest_only.py
[2025-02-06T16:42:30.441+0000] {processor.py:925} INFO - DAG(s) 'latest_only' retrieved from /home/airflow/.local/lib/python3.12/site-packages/airflow/example_dags/example_latest_only.py
[2025-02-06T16:42:30.465+0000] {logging_mixin.py:190} INFO - [2025-02-06T16:42:30.465+0000] {dag.py:3239} INFO - Sync 1 DAGs
[2025-02-06T16:42:30.494+0000] {logging_mixin.py:190} INFO - [2025-02-06T16:42:30.493+0000] {dag.py:4180} INFO - Setting next_dagrun for latest_only to 2025-02-06 12:00:00+00:00, run_after=2025-02-06 16:00:00+00:00
[2025-02-06T16:42:30.516+0000] {processor.py:208} INFO - Processing /home/airflow/.local/lib/python3.12/site-packages/airflow/example_dags/example_latest_only.py took 0.095 seconds
[2025-02-06T16:43:00.866+0000] {processor.py:186} INFO - Started process (PID=784) to work on /home/airflow/.local/lib/python3.12/site-packages/airflow/example_dags/example_latest_only.py
[2025-02-06T16:43:00.869+0000] {processor.py:914} INFO - Processing file /home/airflow/.local/lib/python3.12/site-packages/airflow/example_dags/example_latest_only.py for tasks to queue
[2025-02-06T16:43:00.889+0000] {logging_mixin.py:190} INFO - [2025-02-06T16:43:00.888+0000] {dagbag.py:588} INFO - Filling up the DagBag from /home/airflow/.local/lib/python3.12/site-packages/airflow/example_dags/example_latest_only.py
[2025-02-06T16:43:00.915+0000] {processor.py:925} INFO - DAG(s) 'latest_only' retrieved from /home/airflow/.local/lib/python3.12/site-packages/airflow/example_dags/example_latest_only.py
[2025-02-06T16:43:01.037+0000] {logging_mixin.py:190} INFO - [2025-02-06T16:43:01.037+0000] {dag.py:3239} INFO - Sync 1 DAGs
[2025-02-06T16:43:01.109+0000] {logging_mixin.py:190} INFO - [2025-02-06T16:43:01.109+0000] {dag.py:4180} INFO - Setting next_dagrun for latest_only to 2025-02-06 12:00:00+00:00, run_after=2025-02-06 16:00:00+00:00
[2025-02-06T16:43:01.168+0000] {processor.py:208} INFO - Processing /home/airflow/.local/lib/python3.12/site-packages/airflow/example_dags/example_latest_only.py took 0.337 seconds
[2025-02-06T16:43:31.589+0000] {processor.py:186} INFO - Started process (PID=842) to work on /home/airflow/.local/lib/python3.12/site-packages/airflow/example_dags/example_latest_only.py
[2025-02-06T16:43:31.590+0000] {processor.py:914} INFO - Processing file /home/airflow/.local/lib/python3.12/site-packages/airflow/example_dags/example_latest_only.py for tasks to queue
[2025-02-06T16:43:31.594+0000] {logging_mixin.py:190} INFO - [2025-02-06T16:43:31.593+0000] {dagbag.py:588} INFO - Filling up the DagBag from /home/airflow/.local/lib/python3.12/site-packages/airflow/example_dags/example_latest_only.py
[2025-02-06T16:43:31.615+0000] {processor.py:925} INFO - DAG(s) 'latest_only' retrieved from /home/airflow/.local/lib/python3.12/site-packages/airflow/example_dags/example_latest_only.py
[2025-02-06T16:43:31.667+0000] {logging_mixin.py:190} INFO - [2025-02-06T16:43:31.666+0000] {dag.py:3239} INFO - Sync 1 DAGs
[2025-02-06T16:43:31.743+0000] {logging_mixin.py:190} INFO - [2025-02-06T16:43:31.742+0000] {dag.py:4180} INFO - Setting next_dagrun for latest_only to 2025-02-06 12:00:00+00:00, run_after=2025-02-06 16:00:00+00:00
[2025-02-06T16:43:31.815+0000] {processor.py:208} INFO - Processing /home/airflow/.local/lib/python3.12/site-packages/airflow/example_dags/example_latest_only.py took 0.241 seconds
[2025-02-06T16:44:02.254+0000] {processor.py:186} INFO - Started process (PID=898) to work on /home/airflow/.local/lib/python3.12/site-packages/airflow/example_dags/example_latest_only.py
[2025-02-06T16:44:02.256+0000] {processor.py:914} INFO - Processing file /home/airflow/.local/lib/python3.12/site-packages/airflow/example_dags/example_latest_only.py for tasks to queue
[2025-02-06T16:44:02.267+0000] {logging_mixin.py:190} INFO - [2025-02-06T16:44:02.266+0000] {dagbag.py:588} INFO - Filling up the DagBag from /home/airflow/.local/lib/python3.12/site-packages/airflow/example_dags/example_latest_only.py
[2025-02-06T16:44:02.286+0000] {processor.py:925} INFO - DAG(s) 'latest_only' retrieved from /home/airflow/.local/lib/python3.12/site-packages/airflow/example_dags/example_latest_only.py
[2025-02-06T16:44:02.329+0000] {logging_mixin.py:190} INFO - [2025-02-06T16:44:02.329+0000] {dag.py:3239} INFO - Sync 1 DAGs
[2025-02-06T16:44:02.390+0000] {logging_mixin.py:190} INFO - [2025-02-06T16:44:02.385+0000] {dag.py:4180} INFO - Setting next_dagrun for latest_only to 2025-02-06 12:00:00+00:00, run_after=2025-02-06 16:00:00+00:00
[2025-02-06T16:44:02.447+0000] {processor.py:208} INFO - Processing /home/airflow/.local/lib/python3.12/site-packages/airflow/example_dags/example_latest_only.py took 0.203 seconds
[2025-02-06T16:44:33.161+0000] {processor.py:186} INFO - Started process (PID=956) to work on /home/airflow/.local/lib/python3.12/site-packages/airflow/example_dags/example_latest_only.py
[2025-02-06T16:44:33.163+0000] {processor.py:914} INFO - Processing file /home/airflow/.local/lib/python3.12/site-packages/airflow/example_dags/example_latest_only.py for tasks to queue
[2025-02-06T16:44:33.176+0000] {logging_mixin.py:190} INFO - [2025-02-06T16:44:33.175+0000] {dagbag.py:588} INFO - Filling up the DagBag from /home/airflow/.local/lib/python3.12/site-packages/airflow/example_dags/example_latest_only.py
[2025-02-06T16:44:33.196+0000] {processor.py:925} INFO - DAG(s) 'latest_only' retrieved from /home/airflow/.local/lib/python3.12/site-packages/airflow/example_dags/example_latest_only.py
[2025-02-06T16:44:33.245+0000] {logging_mixin.py:190} INFO - [2025-02-06T16:44:33.245+0000] {dag.py:3239} INFO - Sync 1 DAGs
[2025-02-06T16:44:33.308+0000] {logging_mixin.py:190} INFO - [2025-02-06T16:44:33.308+0000] {dag.py:4180} INFO - Setting next_dagrun for latest_only to 2025-02-06 12:00:00+00:00, run_after=2025-02-06 16:00:00+00:00
[2025-02-06T16:44:33.353+0000] {processor.py:208} INFO - Processing /home/airflow/.local/lib/python3.12/site-packages/airflow/example_dags/example_latest_only.py took 0.214 seconds
[2025-02-06T16:45:04.859+0000] {processor.py:186} INFO - Started process (PID=1013) to work on /home/airflow/.local/lib/python3.12/site-packages/airflow/example_dags/example_latest_only.py
[2025-02-06T16:45:04.860+0000] {processor.py:914} INFO - Processing file /home/airflow/.local/lib/python3.12/site-packages/airflow/example_dags/example_latest_only.py for tasks to queue
[2025-02-06T16:45:04.864+0000] {logging_mixin.py:190} INFO - [2025-02-06T16:45:04.863+0000] {dagbag.py:588} INFO - Filling up the DagBag from /home/airflow/.local/lib/python3.12/site-packages/airflow/example_dags/example_latest_only.py
[2025-02-06T16:45:04.874+0000] {processor.py:925} INFO - DAG(s) 'latest_only' retrieved from /home/airflow/.local/lib/python3.12/site-packages/airflow/example_dags/example_latest_only.py
[2025-02-06T16:45:04.899+0000] {logging_mixin.py:190} INFO - [2025-02-06T16:45:04.899+0000] {dag.py:3239} INFO - Sync 1 DAGs
[2025-02-06T16:45:04.951+0000] {logging_mixin.py:190} INFO - [2025-02-06T16:45:04.950+0000] {dag.py:4180} INFO - Setting next_dagrun for latest_only to 2025-02-06 12:00:00+00:00, run_after=2025-02-06 16:00:00+00:00
[2025-02-06T16:45:05.026+0000] {processor.py:208} INFO - Processing /home/airflow/.local/lib/python3.12/site-packages/airflow/example_dags/example_latest_only.py took 0.175 seconds
[2025-02-06T16:45:36.999+0000] {processor.py:186} INFO - Started process (PID=1070) to work on /home/airflow/.local/lib/python3.12/site-packages/airflow/example_dags/example_latest_only.py
[2025-02-06T16:45:37.001+0000] {processor.py:914} INFO - Processing file /home/airflow/.local/lib/python3.12/site-packages/airflow/example_dags/example_latest_only.py for tasks to queue
[2025-02-06T16:45:37.004+0000] {logging_mixin.py:190} INFO - [2025-02-06T16:45:37.003+0000] {dagbag.py:588} INFO - Filling up the DagBag from /home/airflow/.local/lib/python3.12/site-packages/airflow/example_dags/example_latest_only.py
[2025-02-06T16:45:37.013+0000] {processor.py:925} INFO - DAG(s) 'latest_only' retrieved from /home/airflow/.local/lib/python3.12/site-packages/airflow/example_dags/example_latest_only.py
[2025-02-06T16:45:37.038+0000] {logging_mixin.py:190} INFO - [2025-02-06T16:45:37.037+0000] {dag.py:3239} INFO - Sync 1 DAGs
[2025-02-06T16:45:37.070+0000] {logging_mixin.py:190} INFO - [2025-02-06T16:45:37.070+0000] {dag.py:4180} INFO - Setting next_dagrun for latest_only to 2025-02-06 12:00:00+00:00, run_after=2025-02-06 16:00:00+00:00
[2025-02-06T16:45:37.097+0000] {processor.py:208} INFO - Processing /home/airflow/.local/lib/python3.12/site-packages/airflow/example_dags/example_latest_only.py took 0.106 seconds
[2025-02-06T16:46:07.851+0000] {processor.py:186} INFO - Started process (PID=1124) to work on /home/airflow/.local/lib/python3.12/site-packages/airflow/example_dags/example_latest_only.py
[2025-02-06T16:46:07.853+0000] {processor.py:914} INFO - Processing file /home/airflow/.local/lib/python3.12/site-packages/airflow/example_dags/example_latest_only.py for tasks to queue
[2025-02-06T16:46:07.856+0000] {logging_mixin.py:190} INFO - [2025-02-06T16:46:07.856+0000] {dagbag.py:588} INFO - Filling up the DagBag from /home/airflow/.local/lib/python3.12/site-packages/airflow/example_dags/example_latest_only.py
[2025-02-06T16:46:07.865+0000] {processor.py:925} INFO - DAG(s) 'latest_only' retrieved from /home/airflow/.local/lib/python3.12/site-packages/airflow/example_dags/example_latest_only.py
[2025-02-06T16:46:07.894+0000] {logging_mixin.py:190} INFO - [2025-02-06T16:46:07.893+0000] {dag.py:3239} INFO - Sync 1 DAGs
[2025-02-06T16:46:07.924+0000] {logging_mixin.py:190} INFO - [2025-02-06T16:46:07.924+0000] {dag.py:4180} INFO - Setting next_dagrun for latest_only to 2025-02-06 12:00:00+00:00, run_after=2025-02-06 16:00:00+00:00
[2025-02-06T16:46:07.948+0000] {processor.py:208} INFO - Processing /home/airflow/.local/lib/python3.12/site-packages/airflow/example_dags/example_latest_only.py took 0.104 seconds
[2025-02-06T16:46:38.808+0000] {processor.py:186} INFO - Started process (PID=1181) to work on /home/airflow/.local/lib/python3.12/site-packages/airflow/example_dags/example_latest_only.py
[2025-02-06T16:46:38.810+0000] {processor.py:914} INFO - Processing file /home/airflow/.local/lib/python3.12/site-packages/airflow/example_dags/example_latest_only.py for tasks to queue
[2025-02-06T16:46:38.813+0000] {logging_mixin.py:190} INFO - [2025-02-06T16:46:38.813+0000] {dagbag.py:588} INFO - Filling up the DagBag from /home/airflow/.local/lib/python3.12/site-packages/airflow/example_dags/example_latest_only.py
[2025-02-06T16:46:38.822+0000] {processor.py:925} INFO - DAG(s) 'latest_only' retrieved from /home/airflow/.local/lib/python3.12/site-packages/airflow/example_dags/example_latest_only.py
[2025-02-06T16:46:38.846+0000] {logging_mixin.py:190} INFO - [2025-02-06T16:46:38.846+0000] {dag.py:3239} INFO - Sync 1 DAGs
[2025-02-06T16:46:38.879+0000] {logging_mixin.py:190} INFO - [2025-02-06T16:46:38.878+0000] {dag.py:4180} INFO - Setting next_dagrun for latest_only to 2025-02-06 12:00:00+00:00, run_after=2025-02-06 16:00:00+00:00
[2025-02-06T16:46:38.909+0000] {processor.py:208} INFO - Processing /home/airflow/.local/lib/python3.12/site-packages/airflow/example_dags/example_latest_only.py took 0.109 seconds
[2025-02-06T16:47:09.791+0000] {processor.py:186} INFO - Started process (PID=1237) to work on /home/airflow/.local/lib/python3.12/site-packages/airflow/example_dags/example_latest_only.py
[2025-02-06T16:47:09.793+0000] {processor.py:914} INFO - Processing file /home/airflow/.local/lib/python3.12/site-packages/airflow/example_dags/example_latest_only.py for tasks to queue
[2025-02-06T16:47:09.799+0000] {logging_mixin.py:190} INFO - [2025-02-06T16:47:09.798+0000] {dagbag.py:588} INFO - Filling up the DagBag from /home/airflow/.local/lib/python3.12/site-packages/airflow/example_dags/example_latest_only.py
[2025-02-06T16:47:09.837+0000] {processor.py:925} INFO - DAG(s) 'latest_only' retrieved from /home/airflow/.local/lib/python3.12/site-packages/airflow/example_dags/example_latest_only.py
[2025-02-06T16:47:09.889+0000] {logging_mixin.py:190} INFO - [2025-02-06T16:47:09.888+0000] {dag.py:3239} INFO - Sync 1 DAGs
[2025-02-06T16:47:09.972+0000] {logging_mixin.py:190} INFO - [2025-02-06T16:47:09.971+0000] {dag.py:4180} INFO - Setting next_dagrun for latest_only to 2025-02-06 12:00:00+00:00, run_after=2025-02-06 16:00:00+00:00
[2025-02-06T16:47:10.093+0000] {processor.py:208} INFO - Processing /home/airflow/.local/lib/python3.12/site-packages/airflow/example_dags/example_latest_only.py took 0.338 seconds
[2025-02-06T16:47:40.299+0000] {processor.py:186} INFO - Started process (PID=1294) to work on /home/airflow/.local/lib/python3.12/site-packages/airflow/example_dags/example_latest_only.py
[2025-02-06T16:47:40.300+0000] {processor.py:914} INFO - Processing file /home/airflow/.local/lib/python3.12/site-packages/airflow/example_dags/example_latest_only.py for tasks to queue
[2025-02-06T16:47:40.303+0000] {logging_mixin.py:190} INFO - [2025-02-06T16:47:40.303+0000] {dagbag.py:588} INFO - Filling up the DagBag from /home/airflow/.local/lib/python3.12/site-packages/airflow/example_dags/example_latest_only.py
[2025-02-06T16:47:40.312+0000] {processor.py:925} INFO - DAG(s) 'latest_only' retrieved from /home/airflow/.local/lib/python3.12/site-packages/airflow/example_dags/example_latest_only.py
[2025-02-06T16:47:40.341+0000] {logging_mixin.py:190} INFO - [2025-02-06T16:47:40.341+0000] {dag.py:3239} INFO - Sync 1 DAGs
[2025-02-06T16:47:40.384+0000] {logging_mixin.py:190} INFO - [2025-02-06T16:47:40.384+0000] {dag.py:4180} INFO - Setting next_dagrun for latest_only to 2025-02-06 12:00:00+00:00, run_after=2025-02-06 16:00:00+00:00
[2025-02-06T16:47:40.471+0000] {processor.py:208} INFO - Processing /home/airflow/.local/lib/python3.12/site-packages/airflow/example_dags/example_latest_only.py took 0.180 seconds
[2025-02-06T16:48:10.678+0000] {processor.py:186} INFO - Started process (PID=1350) to work on /home/airflow/.local/lib/python3.12/site-packages/airflow/example_dags/example_latest_only.py
[2025-02-06T16:48:10.679+0000] {processor.py:914} INFO - Processing file /home/airflow/.local/lib/python3.12/site-packages/airflow/example_dags/example_latest_only.py for tasks to queue
[2025-02-06T16:48:10.682+0000] {logging_mixin.py:190} INFO - [2025-02-06T16:48:10.682+0000] {dagbag.py:588} INFO - Filling up the DagBag from /home/airflow/.local/lib/python3.12/site-packages/airflow/example_dags/example_latest_only.py
[2025-02-06T16:48:10.692+0000] {processor.py:925} INFO - DAG(s) 'latest_only' retrieved from /home/airflow/.local/lib/python3.12/site-packages/airflow/example_dags/example_latest_only.py
[2025-02-06T16:48:10.718+0000] {logging_mixin.py:190} INFO - [2025-02-06T16:48:10.718+0000] {dag.py:3239} INFO - Sync 1 DAGs
[2025-02-06T16:48:10.753+0000] {logging_mixin.py:190} INFO - [2025-02-06T16:48:10.752+0000] {dag.py:4180} INFO - Setting next_dagrun for latest_only to 2025-02-06 12:00:00+00:00, run_after=2025-02-06 16:00:00+00:00
[2025-02-06T16:48:10.778+0000] {processor.py:208} INFO - Processing /home/airflow/.local/lib/python3.12/site-packages/airflow/example_dags/example_latest_only.py took 0.107 seconds
[2025-02-06T16:48:40.878+0000] {processor.py:186} INFO - Started process (PID=1407) to work on /home/airflow/.local/lib/python3.12/site-packages/airflow/example_dags/example_latest_only.py
[2025-02-06T16:48:40.879+0000] {processor.py:914} INFO - Processing file /home/airflow/.local/lib/python3.12/site-packages/airflow/example_dags/example_latest_only.py for tasks to queue
[2025-02-06T16:48:40.882+0000] {logging_mixin.py:190} INFO - [2025-02-06T16:48:40.881+0000] {dagbag.py:588} INFO - Filling up the DagBag from /home/airflow/.local/lib/python3.12/site-packages/airflow/example_dags/example_latest_only.py
[2025-02-06T16:48:40.891+0000] {processor.py:925} INFO - DAG(s) 'latest_only' retrieved from /home/airflow/.local/lib/python3.12/site-packages/airflow/example_dags/example_latest_only.py
[2025-02-06T16:48:40.916+0000] {logging_mixin.py:190} INFO - [2025-02-06T16:48:40.915+0000] {dag.py:3239} INFO - Sync 1 DAGs
[2025-02-06T16:48:40.948+0000] {logging_mixin.py:190} INFO - [2025-02-06T16:48:40.947+0000] {dag.py:4180} INFO - Setting next_dagrun for latest_only to 2025-02-06 12:00:00+00:00, run_after=2025-02-06 16:00:00+00:00
[2025-02-06T16:48:40.972+0000] {processor.py:208} INFO - Processing /home/airflow/.local/lib/python3.12/site-packages/airflow/example_dags/example_latest_only.py took 0.101 seconds
[2025-02-06T16:49:11.464+0000] {processor.py:186} INFO - Started process (PID=1464) to work on /home/airflow/.local/lib/python3.12/site-packages/airflow/example_dags/example_latest_only.py
[2025-02-06T16:49:11.466+0000] {processor.py:914} INFO - Processing file /home/airflow/.local/lib/python3.12/site-packages/airflow/example_dags/example_latest_only.py for tasks to queue
[2025-02-06T16:49:11.469+0000] {logging_mixin.py:190} INFO - [2025-02-06T16:49:11.469+0000] {dagbag.py:588} INFO - Filling up the DagBag from /home/airflow/.local/lib/python3.12/site-packages/airflow/example_dags/example_latest_only.py
[2025-02-06T16:49:11.478+0000] {processor.py:925} INFO - DAG(s) 'latest_only' retrieved from /home/airflow/.local/lib/python3.12/site-packages/airflow/example_dags/example_latest_only.py
[2025-02-06T16:49:11.504+0000] {logging_mixin.py:190} INFO - [2025-02-06T16:49:11.504+0000] {dag.py:3239} INFO - Sync 1 DAGs
[2025-02-06T16:49:11.535+0000] {logging_mixin.py:190} INFO - [2025-02-06T16:49:11.534+0000] {dag.py:4180} INFO - Setting next_dagrun for latest_only to 2025-02-06 12:00:00+00:00, run_after=2025-02-06 16:00:00+00:00
[2025-02-06T16:49:11.559+0000] {processor.py:208} INFO - Processing /home/airflow/.local/lib/python3.12/site-packages/airflow/example_dags/example_latest_only.py took 0.102 seconds
[2025-02-06T16:49:42.020+0000] {processor.py:186} INFO - Started process (PID=1521) to work on /home/airflow/.local/lib/python3.12/site-packages/airflow/example_dags/example_latest_only.py
[2025-02-06T16:49:42.021+0000] {processor.py:914} INFO - Processing file /home/airflow/.local/lib/python3.12/site-packages/airflow/example_dags/example_latest_only.py for tasks to queue
[2025-02-06T16:49:42.024+0000] {logging_mixin.py:190} INFO - [2025-02-06T16:49:42.024+0000] {dagbag.py:588} INFO - Filling up the DagBag from /home/airflow/.local/lib/python3.12/site-packages/airflow/example_dags/example_latest_only.py
[2025-02-06T16:49:42.033+0000] {processor.py:925} INFO - DAG(s) 'latest_only' retrieved from /home/airflow/.local/lib/python3.12/site-packages/airflow/example_dags/example_latest_only.py
[2025-02-06T16:49:42.058+0000] {logging_mixin.py:190} INFO - [2025-02-06T16:49:42.057+0000] {dag.py:3239} INFO - Sync 1 DAGs
[2025-02-06T16:49:42.090+0000] {logging_mixin.py:190} INFO - [2025-02-06T16:49:42.090+0000] {dag.py:4180} INFO - Setting next_dagrun for latest_only to 2025-02-06 12:00:00+00:00, run_after=2025-02-06 16:00:00+00:00
[2025-02-06T16:49:42.116+0000] {processor.py:208} INFO - Processing /home/airflow/.local/lib/python3.12/site-packages/airflow/example_dags/example_latest_only.py took 0.105 seconds
[2025-02-06T16:50:12.188+0000] {processor.py:186} INFO - Started process (PID=1578) to work on /home/airflow/.local/lib/python3.12/site-packages/airflow/example_dags/example_latest_only.py
[2025-02-06T16:50:12.189+0000] {processor.py:914} INFO - Processing file /home/airflow/.local/lib/python3.12/site-packages/airflow/example_dags/example_latest_only.py for tasks to queue
[2025-02-06T16:50:12.193+0000] {logging_mixin.py:190} INFO - [2025-02-06T16:50:12.192+0000] {dagbag.py:588} INFO - Filling up the DagBag from /home/airflow/.local/lib/python3.12/site-packages/airflow/example_dags/example_latest_only.py
[2025-02-06T16:50:12.202+0000] {processor.py:925} INFO - DAG(s) 'latest_only' retrieved from /home/airflow/.local/lib/python3.12/site-packages/airflow/example_dags/example_latest_only.py
[2025-02-06T16:50:12.232+0000] {logging_mixin.py:190} INFO - [2025-02-06T16:50:12.232+0000] {dag.py:3239} INFO - Sync 1 DAGs
[2025-02-06T16:50:12.264+0000] {logging_mixin.py:190} INFO - [2025-02-06T16:50:12.263+0000] {dag.py:4180} INFO - Setting next_dagrun for latest_only to 2025-02-06 12:00:00+00:00, run_after=2025-02-06 16:00:00+00:00
[2025-02-06T16:50:12.290+0000] {processor.py:208} INFO - Processing /home/airflow/.local/lib/python3.12/site-packages/airflow/example_dags/example_latest_only.py took 0.109 seconds
[2025-02-06T16:50:42.490+0000] {processor.py:186} INFO - Started process (PID=1634) to work on /home/airflow/.local/lib/python3.12/site-packages/airflow/example_dags/example_latest_only.py
[2025-02-06T16:50:42.491+0000] {processor.py:914} INFO - Processing file /home/airflow/.local/lib/python3.12/site-packages/airflow/example_dags/example_latest_only.py for tasks to queue
[2025-02-06T16:50:42.494+0000] {logging_mixin.py:190} INFO - [2025-02-06T16:50:42.494+0000] {dagbag.py:588} INFO - Filling up the DagBag from /home/airflow/.local/lib/python3.12/site-packages/airflow/example_dags/example_latest_only.py
[2025-02-06T16:50:42.503+0000] {processor.py:925} INFO - DAG(s) 'latest_only' retrieved from /home/airflow/.local/lib/python3.12/site-packages/airflow/example_dags/example_latest_only.py
[2025-02-06T16:50:42.527+0000] {logging_mixin.py:190} INFO - [2025-02-06T16:50:42.527+0000] {dag.py:3239} INFO - Sync 1 DAGs
[2025-02-06T16:50:42.556+0000] {logging_mixin.py:190} INFO - [2025-02-06T16:50:42.556+0000] {dag.py:4180} INFO - Setting next_dagrun for latest_only to 2025-02-06 12:00:00+00:00, run_after=2025-02-06 16:00:00+00:00
[2025-02-06T16:50:42.578+0000] {processor.py:208} INFO - Processing /home/airflow/.local/lib/python3.12/site-packages/airflow/example_dags/example_latest_only.py took 0.096 seconds
[2025-02-06T16:51:13.116+0000] {processor.py:186} INFO - Started process (PID=1690) to work on /home/airflow/.local/lib/python3.12/site-packages/airflow/example_dags/example_latest_only.py
[2025-02-06T16:51:13.118+0000] {processor.py:914} INFO - Processing file /home/airflow/.local/lib/python3.12/site-packages/airflow/example_dags/example_latest_only.py for tasks to queue
[2025-02-06T16:51:13.122+0000] {logging_mixin.py:190} INFO - [2025-02-06T16:51:13.121+0000] {dagbag.py:588} INFO - Filling up the DagBag from /home/airflow/.local/lib/python3.12/site-packages/airflow/example_dags/example_latest_only.py
[2025-02-06T16:51:13.134+0000] {processor.py:925} INFO - DAG(s) 'latest_only' retrieved from /home/airflow/.local/lib/python3.12/site-packages/airflow/example_dags/example_latest_only.py
[2025-02-06T16:51:13.158+0000] {logging_mixin.py:190} INFO - [2025-02-06T16:51:13.158+0000] {dag.py:3239} INFO - Sync 1 DAGs
[2025-02-06T16:51:13.203+0000] {logging_mixin.py:190} INFO - [2025-02-06T16:51:13.203+0000] {dag.py:4180} INFO - Setting next_dagrun for latest_only to 2025-02-06 12:00:00+00:00, run_after=2025-02-06 16:00:00+00:00
[2025-02-06T16:51:13.227+0000] {processor.py:208} INFO - Processing /home/airflow/.local/lib/python3.12/site-packages/airflow/example_dags/example_latest_only.py took 0.119 seconds
[2025-02-06T16:51:43.788+0000] {processor.py:186} INFO - Started process (PID=1747) to work on /home/airflow/.local/lib/python3.12/site-packages/airflow/example_dags/example_latest_only.py
[2025-02-06T16:51:43.789+0000] {processor.py:914} INFO - Processing file /home/airflow/.local/lib/python3.12/site-packages/airflow/example_dags/example_latest_only.py for tasks to queue
[2025-02-06T16:51:43.792+0000] {logging_mixin.py:190} INFO - [2025-02-06T16:51:43.791+0000] {dagbag.py:588} INFO - Filling up the DagBag from /home/airflow/.local/lib/python3.12/site-packages/airflow/example_dags/example_latest_only.py
[2025-02-06T16:51:43.803+0000] {processor.py:925} INFO - DAG(s) 'latest_only' retrieved from /home/airflow/.local/lib/python3.12/site-packages/airflow/example_dags/example_latest_only.py
[2025-02-06T16:51:43.830+0000] {logging_mixin.py:190} INFO - [2025-02-06T16:51:43.830+0000] {dag.py:3239} INFO - Sync 1 DAGs
[2025-02-06T16:51:43.861+0000] {logging_mixin.py:190} INFO - [2025-02-06T16:51:43.861+0000] {dag.py:4180} INFO - Setting next_dagrun for latest_only to 2025-02-06 12:00:00+00:00, run_after=2025-02-06 16:00:00+00:00
[2025-02-06T16:51:43.884+0000] {processor.py:208} INFO - Processing /home/airflow/.local/lib/python3.12/site-packages/airflow/example_dags/example_latest_only.py took 0.105 seconds
[2025-02-06T16:52:14.262+0000] {processor.py:186} INFO - Started process (PID=1804) to work on /home/airflow/.local/lib/python3.12/site-packages/airflow/example_dags/example_latest_only.py
[2025-02-06T16:52:14.263+0000] {processor.py:914} INFO - Processing file /home/airflow/.local/lib/python3.12/site-packages/airflow/example_dags/example_latest_only.py for tasks to queue
[2025-02-06T16:52:14.266+0000] {logging_mixin.py:190} INFO - [2025-02-06T16:52:14.266+0000] {dagbag.py:588} INFO - Filling up the DagBag from /home/airflow/.local/lib/python3.12/site-packages/airflow/example_dags/example_latest_only.py
[2025-02-06T16:52:14.278+0000] {processor.py:925} INFO - DAG(s) 'latest_only' retrieved from /home/airflow/.local/lib/python3.12/site-packages/airflow/example_dags/example_latest_only.py
[2025-02-06T16:52:14.301+0000] {logging_mixin.py:190} INFO - [2025-02-06T16:52:14.301+0000] {dag.py:3239} INFO - Sync 1 DAGs
[2025-02-06T16:52:14.332+0000] {logging_mixin.py:190} INFO - [2025-02-06T16:52:14.331+0000] {dag.py:4180} INFO - Setting next_dagrun for latest_only to 2025-02-06 12:00:00+00:00, run_after=2025-02-06 16:00:00+00:00
[2025-02-06T16:52:14.357+0000] {processor.py:208} INFO - Processing /home/airflow/.local/lib/python3.12/site-packages/airflow/example_dags/example_latest_only.py took 0.103 seconds
[2025-02-06T16:52:44.610+0000] {processor.py:186} INFO - Started process (PID=1861) to work on /home/airflow/.local/lib/python3.12/site-packages/airflow/example_dags/example_latest_only.py
[2025-02-06T16:52:44.611+0000] {processor.py:914} INFO - Processing file /home/airflow/.local/lib/python3.12/site-packages/airflow/example_dags/example_latest_only.py for tasks to queue
[2025-02-06T16:52:44.614+0000] {logging_mixin.py:190} INFO - [2025-02-06T16:52:44.613+0000] {dagbag.py:588} INFO - Filling up the DagBag from /home/airflow/.local/lib/python3.12/site-packages/airflow/example_dags/example_latest_only.py
[2025-02-06T16:52:44.623+0000] {processor.py:925} INFO - DAG(s) 'latest_only' retrieved from /home/airflow/.local/lib/python3.12/site-packages/airflow/example_dags/example_latest_only.py
[2025-02-06T16:52:44.649+0000] {logging_mixin.py:190} INFO - [2025-02-06T16:52:44.648+0000] {dag.py:3239} INFO - Sync 1 DAGs
[2025-02-06T16:52:44.678+0000] {logging_mixin.py:190} INFO - [2025-02-06T16:52:44.678+0000] {dag.py:4180} INFO - Setting next_dagrun for latest_only to 2025-02-06 12:00:00+00:00, run_after=2025-02-06 16:00:00+00:00
[2025-02-06T16:52:44.701+0000] {processor.py:208} INFO - Processing /home/airflow/.local/lib/python3.12/site-packages/airflow/example_dags/example_latest_only.py took 0.099 seconds
[2025-02-06T16:53:14.928+0000] {processor.py:186} INFO - Started process (PID=1918) to work on /home/airflow/.local/lib/python3.12/site-packages/airflow/example_dags/example_latest_only.py
[2025-02-06T16:53:14.930+0000] {processor.py:914} INFO - Processing file /home/airflow/.local/lib/python3.12/site-packages/airflow/example_dags/example_latest_only.py for tasks to queue
[2025-02-06T16:53:14.933+0000] {logging_mixin.py:190} INFO - [2025-02-06T16:53:14.932+0000] {dagbag.py:588} INFO - Filling up the DagBag from /home/airflow/.local/lib/python3.12/site-packages/airflow/example_dags/example_latest_only.py
[2025-02-06T16:53:14.944+0000] {processor.py:925} INFO - DAG(s) 'latest_only' retrieved from /home/airflow/.local/lib/python3.12/site-packages/airflow/example_dags/example_latest_only.py
[2025-02-06T16:53:14.977+0000] {logging_mixin.py:190} INFO - [2025-02-06T16:53:14.976+0000] {dag.py:3239} INFO - Sync 1 DAGs
[2025-02-06T16:53:15.008+0000] {logging_mixin.py:190} INFO - [2025-02-06T16:53:15.008+0000] {dag.py:4180} INFO - Setting next_dagrun for latest_only to 2025-02-06 12:00:00+00:00, run_after=2025-02-06 16:00:00+00:00
[2025-02-06T16:53:15.037+0000] {processor.py:208} INFO - Processing /home/airflow/.local/lib/python3.12/site-packages/airflow/example_dags/example_latest_only.py took 0.118 seconds
[2025-02-06T16:53:45.754+0000] {processor.py:186} INFO - Started process (PID=1975) to work on /home/airflow/.local/lib/python3.12/site-packages/airflow/example_dags/example_latest_only.py
[2025-02-06T16:53:45.755+0000] {processor.py:914} INFO - Processing file /home/airflow/.local/lib/python3.12/site-packages/airflow/example_dags/example_latest_only.py for tasks to queue
[2025-02-06T16:53:45.758+0000] {logging_mixin.py:190} INFO - [2025-02-06T16:53:45.758+0000] {dagbag.py:588} INFO - Filling up the DagBag from /home/airflow/.local/lib/python3.12/site-packages/airflow/example_dags/example_latest_only.py
[2025-02-06T16:53:45.772+0000] {processor.py:925} INFO - DAG(s) 'latest_only' retrieved from /home/airflow/.local/lib/python3.12/site-packages/airflow/example_dags/example_latest_only.py
[2025-02-06T16:53:45.804+0000] {logging_mixin.py:190} INFO - [2025-02-06T16:53:45.804+0000] {dag.py:3239} INFO - Sync 1 DAGs
[2025-02-06T16:53:45.833+0000] {logging_mixin.py:190} INFO - [2025-02-06T16:53:45.833+0000] {dag.py:4180} INFO - Setting next_dagrun for latest_only to 2025-02-06 12:00:00+00:00, run_after=2025-02-06 16:00:00+00:00
[2025-02-06T16:53:45.858+0000] {processor.py:208} INFO - Processing /home/airflow/.local/lib/python3.12/site-packages/airflow/example_dags/example_latest_only.py took 0.117 seconds
[2025-02-06T16:54:17.416+0000] {processor.py:186} INFO - Started process (PID=2032) to work on /home/airflow/.local/lib/python3.12/site-packages/airflow/example_dags/example_latest_only.py
[2025-02-06T16:54:17.426+0000] {processor.py:914} INFO - Processing file /home/airflow/.local/lib/python3.12/site-packages/airflow/example_dags/example_latest_only.py for tasks to queue
[2025-02-06T16:54:17.429+0000] {logging_mixin.py:190} INFO - [2025-02-06T16:54:17.429+0000] {dagbag.py:588} INFO - Filling up the DagBag from /home/airflow/.local/lib/python3.12/site-packages/airflow/example_dags/example_latest_only.py
[2025-02-06T16:54:17.448+0000] {processor.py:925} INFO - DAG(s) 'latest_only' retrieved from /home/airflow/.local/lib/python3.12/site-packages/airflow/example_dags/example_latest_only.py
[2025-02-06T16:54:17.496+0000] {logging_mixin.py:190} INFO - [2025-02-06T16:54:17.496+0000] {dag.py:3239} INFO - Sync 1 DAGs
[2025-02-06T16:54:17.546+0000] {logging_mixin.py:190} INFO - [2025-02-06T16:54:17.545+0000] {dag.py:4180} INFO - Setting next_dagrun for latest_only to 2025-02-06 12:00:00+00:00, run_after=2025-02-06 16:00:00+00:00
[2025-02-06T16:54:17.600+0000] {processor.py:208} INFO - Processing /home/airflow/.local/lib/python3.12/site-packages/airflow/example_dags/example_latest_only.py took 0.194 seconds
[2025-02-06T16:54:47.709+0000] {processor.py:186} INFO - Started process (PID=2089) to work on /home/airflow/.local/lib/python3.12/site-packages/airflow/example_dags/example_latest_only.py
[2025-02-06T16:54:47.711+0000] {processor.py:914} INFO - Processing file /home/airflow/.local/lib/python3.12/site-packages/airflow/example_dags/example_latest_only.py for tasks to queue
[2025-02-06T16:54:47.714+0000] {logging_mixin.py:190} INFO - [2025-02-06T16:54:47.714+0000] {dagbag.py:588} INFO - Filling up the DagBag from /home/airflow/.local/lib/python3.12/site-packages/airflow/example_dags/example_latest_only.py
[2025-02-06T16:54:47.723+0000] {processor.py:925} INFO - DAG(s) 'latest_only' retrieved from /home/airflow/.local/lib/python3.12/site-packages/airflow/example_dags/example_latest_only.py
[2025-02-06T16:54:47.750+0000] {logging_mixin.py:190} INFO - [2025-02-06T16:54:47.750+0000] {dag.py:3239} INFO - Sync 1 DAGs
[2025-02-06T16:54:47.784+0000] {logging_mixin.py:190} INFO - [2025-02-06T16:54:47.784+0000] {dag.py:4180} INFO - Setting next_dagrun for latest_only to 2025-02-06 12:00:00+00:00, run_after=2025-02-06 16:00:00+00:00
[2025-02-06T16:54:47.812+0000] {processor.py:208} INFO - Processing /home/airflow/.local/lib/python3.12/site-packages/airflow/example_dags/example_latest_only.py took 0.110 seconds
[2025-02-06T16:55:18.759+0000] {processor.py:186} INFO - Started process (PID=2146) to work on /home/airflow/.local/lib/python3.12/site-packages/airflow/example_dags/example_latest_only.py
[2025-02-06T16:55:18.760+0000] {processor.py:914} INFO - Processing file /home/airflow/.local/lib/python3.12/site-packages/airflow/example_dags/example_latest_only.py for tasks to queue
[2025-02-06T16:55:18.763+0000] {logging_mixin.py:190} INFO - [2025-02-06T16:55:18.763+0000] {dagbag.py:588} INFO - Filling up the DagBag from /home/airflow/.local/lib/python3.12/site-packages/airflow/example_dags/example_latest_only.py
[2025-02-06T16:55:18.772+0000] {processor.py:925} INFO - DAG(s) 'latest_only' retrieved from /home/airflow/.local/lib/python3.12/site-packages/airflow/example_dags/example_latest_only.py
[2025-02-06T16:55:18.799+0000] {logging_mixin.py:190} INFO - [2025-02-06T16:55:18.799+0000] {dag.py:3239} INFO - Sync 1 DAGs
[2025-02-06T16:55:18.830+0000] {logging_mixin.py:190} INFO - [2025-02-06T16:55:18.830+0000] {dag.py:4180} INFO - Setting next_dagrun for latest_only to 2025-02-06 12:00:00+00:00, run_after=2025-02-06 16:00:00+00:00
[2025-02-06T16:55:18.851+0000] {processor.py:208} INFO - Processing /home/airflow/.local/lib/python3.12/site-packages/airflow/example_dags/example_latest_only.py took 0.100 seconds
[2025-02-06T17:23:29.832+0000] {processor.py:186} INFO - Started process (PID=46) to work on /home/airflow/.local/lib/python3.12/site-packages/airflow/example_dags/example_latest_only.py
[2025-02-06T17:23:29.834+0000] {processor.py:914} INFO - Processing file /home/airflow/.local/lib/python3.12/site-packages/airflow/example_dags/example_latest_only.py for tasks to queue
[2025-02-06T17:23:29.839+0000] {logging_mixin.py:190} INFO - [2025-02-06T17:23:29.839+0000] {dagbag.py:588} INFO - Filling up the DagBag from /home/airflow/.local/lib/python3.12/site-packages/airflow/example_dags/example_latest_only.py
[2025-02-06T17:23:29.851+0000] {processor.py:925} INFO - DAG(s) 'latest_only' retrieved from /home/airflow/.local/lib/python3.12/site-packages/airflow/example_dags/example_latest_only.py
[2025-02-06T17:23:30.009+0000] {logging_mixin.py:190} INFO - [2025-02-06T17:23:30.009+0000] {override.py:1911} INFO - Created Permission View: can delete on DAG:latest_only
[2025-02-06T17:23:30.024+0000] {logging_mixin.py:190} INFO - [2025-02-06T17:23:30.024+0000] {override.py:1911} INFO - Created Permission View: can read on DAG:latest_only
[2025-02-06T17:23:30.034+0000] {logging_mixin.py:190} INFO - [2025-02-06T17:23:30.033+0000] {override.py:1911} INFO - Created Permission View: can edit on DAG:latest_only
[2025-02-06T17:23:30.045+0000] {logging_mixin.py:190} INFO - [2025-02-06T17:23:30.044+0000] {override.py:1911} INFO - Created Permission View: menu access on DAG Run:latest_only
[2025-02-06T17:23:30.057+0000] {logging_mixin.py:190} INFO - [2025-02-06T17:23:30.056+0000] {override.py:1911} INFO - Created Permission View: can delete on DAG Run:latest_only
[2025-02-06T17:23:30.069+0000] {logging_mixin.py:190} INFO - [2025-02-06T17:23:30.069+0000] {override.py:1911} INFO - Created Permission View: can create on DAG Run:latest_only
[2025-02-06T17:23:30.080+0000] {logging_mixin.py:190} INFO - [2025-02-06T17:23:30.080+0000] {override.py:1911} INFO - Created Permission View: can read on DAG Run:latest_only
[2025-02-06T17:23:30.081+0000] {logging_mixin.py:190} INFO - [2025-02-06T17:23:30.081+0000] {dag.py:3239} INFO - Sync 1 DAGs
[2025-02-06T17:23:30.104+0000] {logging_mixin.py:190} INFO - [2025-02-06T17:23:30.104+0000] {dag.py:3262} INFO - Creating ORM DAG for latest_only
[2025-02-06T17:23:30.119+0000] {logging_mixin.py:190} INFO - [2025-02-06T17:23:30.119+0000] {dag.py:4180} INFO - Setting next_dagrun for latest_only to 2025-02-06 12:00:00+00:00, run_after=2025-02-06 16:00:00+00:00
[2025-02-06T17:23:30.145+0000] {processor.py:208} INFO - Processing /home/airflow/.local/lib/python3.12/site-packages/airflow/example_dags/example_latest_only.py took 0.321 seconds
[2025-02-06T17:24:01.274+0000] {processor.py:186} INFO - Started process (PID=103) to work on /home/airflow/.local/lib/python3.12/site-packages/airflow/example_dags/example_latest_only.py
[2025-02-06T17:24:01.282+0000] {processor.py:914} INFO - Processing file /home/airflow/.local/lib/python3.12/site-packages/airflow/example_dags/example_latest_only.py for tasks to queue
[2025-02-06T17:24:01.287+0000] {logging_mixin.py:190} INFO - [2025-02-06T17:24:01.286+0000] {dagbag.py:588} INFO - Filling up the DagBag from /home/airflow/.local/lib/python3.12/site-packages/airflow/example_dags/example_latest_only.py
[2025-02-06T17:24:01.304+0000] {processor.py:925} INFO - DAG(s) 'latest_only' retrieved from /home/airflow/.local/lib/python3.12/site-packages/airflow/example_dags/example_latest_only.py
[2025-02-06T17:24:01.356+0000] {logging_mixin.py:190} INFO - [2025-02-06T17:24:01.355+0000] {dag.py:3239} INFO - Sync 1 DAGs
[2025-02-06T17:24:01.435+0000] {logging_mixin.py:190} INFO - [2025-02-06T17:24:01.435+0000] {dag.py:4180} INFO - Setting next_dagrun for latest_only to 2025-02-06 12:00:00+00:00, run_after=2025-02-06 16:00:00+00:00
[2025-02-06T17:24:01.487+0000] {processor.py:208} INFO - Processing /home/airflow/.local/lib/python3.12/site-packages/airflow/example_dags/example_latest_only.py took 0.223 seconds
[2025-02-06T17:24:32.261+0000] {processor.py:186} INFO - Started process (PID=159) to work on /home/airflow/.local/lib/python3.12/site-packages/airflow/example_dags/example_latest_only.py
[2025-02-06T17:24:32.264+0000] {processor.py:914} INFO - Processing file /home/airflow/.local/lib/python3.12/site-packages/airflow/example_dags/example_latest_only.py for tasks to queue
[2025-02-06T17:24:32.272+0000] {logging_mixin.py:190} INFO - [2025-02-06T17:24:32.272+0000] {dagbag.py:588} INFO - Filling up the DagBag from /home/airflow/.local/lib/python3.12/site-packages/airflow/example_dags/example_latest_only.py
[2025-02-06T17:24:32.281+0000] {processor.py:925} INFO - DAG(s) 'latest_only' retrieved from /home/airflow/.local/lib/python3.12/site-packages/airflow/example_dags/example_latest_only.py
[2025-02-06T17:24:32.323+0000] {logging_mixin.py:190} INFO - [2025-02-06T17:24:32.322+0000] {dag.py:3239} INFO - Sync 1 DAGs
[2025-02-06T17:24:32.376+0000] {logging_mixin.py:190} INFO - [2025-02-06T17:24:32.376+0000] {dag.py:4180} INFO - Setting next_dagrun for latest_only to 2025-02-06 12:00:00+00:00, run_after=2025-02-06 16:00:00+00:00
[2025-02-06T17:24:32.409+0000] {processor.py:208} INFO - Processing /home/airflow/.local/lib/python3.12/site-packages/airflow/example_dags/example_latest_only.py took 0.156 seconds
[2025-02-06T17:25:03.283+0000] {processor.py:186} INFO - Started process (PID=216) to work on /home/airflow/.local/lib/python3.12/site-packages/airflow/example_dags/example_latest_only.py
[2025-02-06T17:25:03.284+0000] {processor.py:914} INFO - Processing file /home/airflow/.local/lib/python3.12/site-packages/airflow/example_dags/example_latest_only.py for tasks to queue
[2025-02-06T17:25:03.287+0000] {logging_mixin.py:190} INFO - [2025-02-06T17:25:03.287+0000] {dagbag.py:588} INFO - Filling up the DagBag from /home/airflow/.local/lib/python3.12/site-packages/airflow/example_dags/example_latest_only.py
[2025-02-06T17:25:03.296+0000] {processor.py:925} INFO - DAG(s) 'latest_only' retrieved from /home/airflow/.local/lib/python3.12/site-packages/airflow/example_dags/example_latest_only.py
[2025-02-06T17:25:03.324+0000] {logging_mixin.py:190} INFO - [2025-02-06T17:25:03.324+0000] {dag.py:3239} INFO - Sync 1 DAGs
[2025-02-06T17:25:03.371+0000] {logging_mixin.py:190} INFO - [2025-02-06T17:25:03.371+0000] {dag.py:4180} INFO - Setting next_dagrun for latest_only to 2025-02-06 12:00:00+00:00, run_after=2025-02-06 16:00:00+00:00
[2025-02-06T17:25:03.416+0000] {processor.py:208} INFO - Processing /home/airflow/.local/lib/python3.12/site-packages/airflow/example_dags/example_latest_only.py took 0.140 seconds
[2025-02-06T17:25:33.917+0000] {processor.py:186} INFO - Started process (PID=273) to work on /home/airflow/.local/lib/python3.12/site-packages/airflow/example_dags/example_latest_only.py
[2025-02-06T17:25:33.919+0000] {processor.py:914} INFO - Processing file /home/airflow/.local/lib/python3.12/site-packages/airflow/example_dags/example_latest_only.py for tasks to queue
[2025-02-06T17:25:33.923+0000] {logging_mixin.py:190} INFO - [2025-02-06T17:25:33.923+0000] {dagbag.py:588} INFO - Filling up the DagBag from /home/airflow/.local/lib/python3.12/site-packages/airflow/example_dags/example_latest_only.py
[2025-02-06T17:25:33.935+0000] {processor.py:925} INFO - DAG(s) 'latest_only' retrieved from /home/airflow/.local/lib/python3.12/site-packages/airflow/example_dags/example_latest_only.py
[2025-02-06T17:25:33.981+0000] {logging_mixin.py:190} INFO - [2025-02-06T17:25:33.980+0000] {dag.py:3239} INFO - Sync 1 DAGs
[2025-02-06T17:25:34.028+0000] {logging_mixin.py:190} INFO - [2025-02-06T17:25:34.027+0000] {dag.py:4180} INFO - Setting next_dagrun for latest_only to 2025-02-06 12:00:00+00:00, run_after=2025-02-06 16:00:00+00:00
[2025-02-06T17:25:34.062+0000] {processor.py:208} INFO - Processing /home/airflow/.local/lib/python3.12/site-packages/airflow/example_dags/example_latest_only.py took 0.156 seconds
[2025-02-06T17:26:04.276+0000] {processor.py:186} INFO - Started process (PID=329) to work on /home/airflow/.local/lib/python3.12/site-packages/airflow/example_dags/example_latest_only.py
[2025-02-06T17:26:04.278+0000] {processor.py:914} INFO - Processing file /home/airflow/.local/lib/python3.12/site-packages/airflow/example_dags/example_latest_only.py for tasks to queue
[2025-02-06T17:26:04.282+0000] {logging_mixin.py:190} INFO - [2025-02-06T17:26:04.281+0000] {dagbag.py:588} INFO - Filling up the DagBag from /home/airflow/.local/lib/python3.12/site-packages/airflow/example_dags/example_latest_only.py
[2025-02-06T17:26:04.296+0000] {processor.py:925} INFO - DAG(s) 'latest_only' retrieved from /home/airflow/.local/lib/python3.12/site-packages/airflow/example_dags/example_latest_only.py
[2025-02-06T17:26:04.331+0000] {logging_mixin.py:190} INFO - [2025-02-06T17:26:04.330+0000] {dag.py:3239} INFO - Sync 1 DAGs
[2025-02-06T17:26:04.389+0000] {logging_mixin.py:190} INFO - [2025-02-06T17:26:04.388+0000] {dag.py:4180} INFO - Setting next_dagrun for latest_only to 2025-02-06 12:00:00+00:00, run_after=2025-02-06 16:00:00+00:00
[2025-02-06T17:26:04.420+0000] {processor.py:208} INFO - Processing /home/airflow/.local/lib/python3.12/site-packages/airflow/example_dags/example_latest_only.py took 0.161 seconds
[2025-02-06T17:29:09.970+0000] {processor.py:186} INFO - Started process (PID=45) to work on /home/airflow/.local/lib/python3.12/site-packages/airflow/example_dags/example_latest_only.py
[2025-02-06T17:29:09.972+0000] {processor.py:914} INFO - Processing file /home/airflow/.local/lib/python3.12/site-packages/airflow/example_dags/example_latest_only.py for tasks to queue
[2025-02-06T17:29:09.975+0000] {logging_mixin.py:190} INFO - [2025-02-06T17:29:09.975+0000] {dagbag.py:588} INFO - Filling up the DagBag from /home/airflow/.local/lib/python3.12/site-packages/airflow/example_dags/example_latest_only.py
[2025-02-06T17:29:09.993+0000] {processor.py:925} INFO - DAG(s) 'latest_only' retrieved from /home/airflow/.local/lib/python3.12/site-packages/airflow/example_dags/example_latest_only.py
[2025-02-06T17:29:10.315+0000] {logging_mixin.py:190} INFO - [2025-02-06T17:29:10.313+0000] {override.py:1911} INFO - Created Permission View: can read on DAG:latest_only
[2025-02-06T17:29:10.354+0000] {logging_mixin.py:190} INFO - [2025-02-06T17:29:10.354+0000] {override.py:1911} INFO - Created Permission View: can edit on DAG:latest_only
[2025-02-06T17:29:10.388+0000] {logging_mixin.py:190} INFO - [2025-02-06T17:29:10.387+0000] {override.py:1911} INFO - Created Permission View: can delete on DAG:latest_only
[2025-02-06T17:29:10.408+0000] {logging_mixin.py:190} INFO - [2025-02-06T17:29:10.408+0000] {override.py:1911} INFO - Created Permission View: can read on DAG Run:latest_only
[2025-02-06T17:29:10.426+0000] {logging_mixin.py:190} INFO - [2025-02-06T17:29:10.425+0000] {override.py:1911} INFO - Created Permission View: menu access on DAG Run:latest_only
[2025-02-06T17:29:10.442+0000] {logging_mixin.py:190} INFO - [2025-02-06T17:29:10.442+0000] {override.py:1911} INFO - Created Permission View: can delete on DAG Run:latest_only
[2025-02-06T17:29:10.457+0000] {logging_mixin.py:190} INFO - [2025-02-06T17:29:10.457+0000] {override.py:1911} INFO - Created Permission View: can create on DAG Run:latest_only
[2025-02-06T17:29:10.459+0000] {logging_mixin.py:190} INFO - [2025-02-06T17:29:10.458+0000] {dag.py:3239} INFO - Sync 1 DAGs
[2025-02-06T17:29:10.495+0000] {logging_mixin.py:190} INFO - [2025-02-06T17:29:10.494+0000] {dag.py:3262} INFO - Creating ORM DAG for latest_only
[2025-02-06T17:29:10.522+0000] {logging_mixin.py:190} INFO - [2025-02-06T17:29:10.521+0000] {dag.py:4180} INFO - Setting next_dagrun for latest_only to 2025-02-06 12:00:00+00:00, run_after=2025-02-06 16:00:00+00:00
[2025-02-06T17:29:10.600+0000] {processor.py:208} INFO - Processing /home/airflow/.local/lib/python3.12/site-packages/airflow/example_dags/example_latest_only.py took 0.642 seconds
[2025-02-06T17:29:49.577+0000] {processor.py:186} INFO - Started process (PID=102) to work on /home/airflow/.local/lib/python3.12/site-packages/airflow/example_dags/example_latest_only.py
[2025-02-06T17:29:49.579+0000] {processor.py:914} INFO - Processing file /home/airflow/.local/lib/python3.12/site-packages/airflow/example_dags/example_latest_only.py for tasks to queue
[2025-02-06T17:29:49.590+0000] {logging_mixin.py:190} INFO - [2025-02-06T17:29:49.589+0000] {dagbag.py:588} INFO - Filling up the DagBag from /home/airflow/.local/lib/python3.12/site-packages/airflow/example_dags/example_latest_only.py
[2025-02-06T17:29:49.623+0000] {processor.py:925} INFO - DAG(s) 'latest_only' retrieved from /home/airflow/.local/lib/python3.12/site-packages/airflow/example_dags/example_latest_only.py
[2025-02-06T17:29:49.683+0000] {logging_mixin.py:190} INFO - [2025-02-06T17:29:49.682+0000] {dag.py:3239} INFO - Sync 1 DAGs
[2025-02-06T17:29:49.852+0000] {logging_mixin.py:190} INFO - [2025-02-06T17:29:49.849+0000] {dag.py:4180} INFO - Setting next_dagrun for latest_only to 2025-02-06 12:00:00+00:00, run_after=2025-02-06 16:00:00+00:00
[2025-02-06T17:29:50.020+0000] {processor.py:208} INFO - Processing /home/airflow/.local/lib/python3.12/site-packages/airflow/example_dags/example_latest_only.py took 0.455 seconds
[2025-02-06T17:30:20.497+0000] {processor.py:186} INFO - Started process (PID=159) to work on /home/airflow/.local/lib/python3.12/site-packages/airflow/example_dags/example_latest_only.py
[2025-02-06T17:30:20.498+0000] {processor.py:914} INFO - Processing file /home/airflow/.local/lib/python3.12/site-packages/airflow/example_dags/example_latest_only.py for tasks to queue
[2025-02-06T17:30:20.502+0000] {logging_mixin.py:190} INFO - [2025-02-06T17:30:20.501+0000] {dagbag.py:588} INFO - Filling up the DagBag from /home/airflow/.local/lib/python3.12/site-packages/airflow/example_dags/example_latest_only.py
[2025-02-06T17:30:20.511+0000] {processor.py:925} INFO - DAG(s) 'latest_only' retrieved from /home/airflow/.local/lib/python3.12/site-packages/airflow/example_dags/example_latest_only.py
[2025-02-06T17:30:20.536+0000] {logging_mixin.py:190} INFO - [2025-02-06T17:30:20.536+0000] {dag.py:3239} INFO - Sync 1 DAGs
[2025-02-06T17:30:20.566+0000] {logging_mixin.py:190} INFO - [2025-02-06T17:30:20.566+0000] {dag.py:4180} INFO - Setting next_dagrun for latest_only to 2025-02-06 12:00:00+00:00, run_after=2025-02-06 16:00:00+00:00
[2025-02-06T17:30:20.594+0000] {processor.py:208} INFO - Processing /home/airflow/.local/lib/python3.12/site-packages/airflow/example_dags/example_latest_only.py took 0.104 seconds
[2025-02-06T17:30:51.358+0000] {processor.py:186} INFO - Started process (PID=216) to work on /home/airflow/.local/lib/python3.12/site-packages/airflow/example_dags/example_latest_only.py
[2025-02-06T17:30:51.359+0000] {processor.py:914} INFO - Processing file /home/airflow/.local/lib/python3.12/site-packages/airflow/example_dags/example_latest_only.py for tasks to queue
[2025-02-06T17:30:51.362+0000] {logging_mixin.py:190} INFO - [2025-02-06T17:30:51.362+0000] {dagbag.py:588} INFO - Filling up the DagBag from /home/airflow/.local/lib/python3.12/site-packages/airflow/example_dags/example_latest_only.py
[2025-02-06T17:30:51.373+0000] {processor.py:925} INFO - DAG(s) 'latest_only' retrieved from /home/airflow/.local/lib/python3.12/site-packages/airflow/example_dags/example_latest_only.py
[2025-02-06T17:30:51.412+0000] {logging_mixin.py:190} INFO - [2025-02-06T17:30:51.412+0000] {dag.py:3239} INFO - Sync 1 DAGs
[2025-02-06T17:30:51.484+0000] {logging_mixin.py:190} INFO - [2025-02-06T17:30:51.483+0000] {dag.py:4180} INFO - Setting next_dagrun for latest_only to 2025-02-06 12:00:00+00:00, run_after=2025-02-06 16:00:00+00:00
[2025-02-06T17:30:51.552+0000] {processor.py:208} INFO - Processing /home/airflow/.local/lib/python3.12/site-packages/airflow/example_dags/example_latest_only.py took 0.202 seconds
[2025-02-06T17:31:22.509+0000] {processor.py:186} INFO - Started process (PID=272) to work on /home/airflow/.local/lib/python3.12/site-packages/airflow/example_dags/example_latest_only.py
[2025-02-06T17:31:22.511+0000] {processor.py:914} INFO - Processing file /home/airflow/.local/lib/python3.12/site-packages/airflow/example_dags/example_latest_only.py for tasks to queue
[2025-02-06T17:31:22.515+0000] {logging_mixin.py:190} INFO - [2025-02-06T17:31:22.515+0000] {dagbag.py:588} INFO - Filling up the DagBag from /home/airflow/.local/lib/python3.12/site-packages/airflow/example_dags/example_latest_only.py
[2025-02-06T17:31:22.524+0000] {processor.py:925} INFO - DAG(s) 'latest_only' retrieved from /home/airflow/.local/lib/python3.12/site-packages/airflow/example_dags/example_latest_only.py
[2025-02-06T17:31:22.554+0000] {logging_mixin.py:190} INFO - [2025-02-06T17:31:22.554+0000] {dag.py:3239} INFO - Sync 1 DAGs
[2025-02-06T17:31:22.587+0000] {logging_mixin.py:190} INFO - [2025-02-06T17:31:22.587+0000] {dag.py:4180} INFO - Setting next_dagrun for latest_only to 2025-02-06 12:00:00+00:00, run_after=2025-02-06 16:00:00+00:00
[2025-02-06T17:31:22.615+0000] {processor.py:208} INFO - Processing /home/airflow/.local/lib/python3.12/site-packages/airflow/example_dags/example_latest_only.py took 0.114 seconds
[2025-02-06T17:31:52.981+0000] {processor.py:186} INFO - Started process (PID=329) to work on /home/airflow/.local/lib/python3.12/site-packages/airflow/example_dags/example_latest_only.py
[2025-02-06T17:31:52.982+0000] {processor.py:914} INFO - Processing file /home/airflow/.local/lib/python3.12/site-packages/airflow/example_dags/example_latest_only.py for tasks to queue
[2025-02-06T17:31:52.985+0000] {logging_mixin.py:190} INFO - [2025-02-06T17:31:52.985+0000] {dagbag.py:588} INFO - Filling up the DagBag from /home/airflow/.local/lib/python3.12/site-packages/airflow/example_dags/example_latest_only.py
[2025-02-06T17:31:52.994+0000] {processor.py:925} INFO - DAG(s) 'latest_only' retrieved from /home/airflow/.local/lib/python3.12/site-packages/airflow/example_dags/example_latest_only.py
[2025-02-06T17:31:53.019+0000] {logging_mixin.py:190} INFO - [2025-02-06T17:31:53.018+0000] {dag.py:3239} INFO - Sync 1 DAGs
[2025-02-06T17:31:53.047+0000] {logging_mixin.py:190} INFO - [2025-02-06T17:31:53.047+0000] {dag.py:4180} INFO - Setting next_dagrun for latest_only to 2025-02-06 12:00:00+00:00, run_after=2025-02-06 16:00:00+00:00
[2025-02-06T17:31:53.073+0000] {processor.py:208} INFO - Processing /home/airflow/.local/lib/python3.12/site-packages/airflow/example_dags/example_latest_only.py took 0.100 seconds
[2025-02-06T17:32:23.294+0000] {processor.py:186} INFO - Started process (PID=387) to work on /home/airflow/.local/lib/python3.12/site-packages/airflow/example_dags/example_latest_only.py
[2025-02-06T17:32:23.296+0000] {processor.py:914} INFO - Processing file /home/airflow/.local/lib/python3.12/site-packages/airflow/example_dags/example_latest_only.py for tasks to queue
[2025-02-06T17:32:23.301+0000] {logging_mixin.py:190} INFO - [2025-02-06T17:32:23.300+0000] {dagbag.py:588} INFO - Filling up the DagBag from /home/airflow/.local/lib/python3.12/site-packages/airflow/example_dags/example_latest_only.py
[2025-02-06T17:32:23.309+0000] {processor.py:925} INFO - DAG(s) 'latest_only' retrieved from /home/airflow/.local/lib/python3.12/site-packages/airflow/example_dags/example_latest_only.py
[2025-02-06T17:32:23.339+0000] {logging_mixin.py:190} INFO - [2025-02-06T17:32:23.339+0000] {dag.py:3239} INFO - Sync 1 DAGs
[2025-02-06T17:32:23.380+0000] {logging_mixin.py:190} INFO - [2025-02-06T17:32:23.380+0000] {dag.py:4180} INFO - Setting next_dagrun for latest_only to 2025-02-06 12:00:00+00:00, run_after=2025-02-06 16:00:00+00:00
[2025-02-06T17:32:23.412+0000] {processor.py:208} INFO - Processing /home/airflow/.local/lib/python3.12/site-packages/airflow/example_dags/example_latest_only.py took 0.127 seconds
[2025-02-06T17:32:53.610+0000] {processor.py:186} INFO - Started process (PID=443) to work on /home/airflow/.local/lib/python3.12/site-packages/airflow/example_dags/example_latest_only.py
[2025-02-06T17:32:53.612+0000] {processor.py:914} INFO - Processing file /home/airflow/.local/lib/python3.12/site-packages/airflow/example_dags/example_latest_only.py for tasks to queue
[2025-02-06T17:32:53.615+0000] {logging_mixin.py:190} INFO - [2025-02-06T17:32:53.615+0000] {dagbag.py:588} INFO - Filling up the DagBag from /home/airflow/.local/lib/python3.12/site-packages/airflow/example_dags/example_latest_only.py
[2025-02-06T17:32:53.623+0000] {processor.py:925} INFO - DAG(s) 'latest_only' retrieved from /home/airflow/.local/lib/python3.12/site-packages/airflow/example_dags/example_latest_only.py
[2025-02-06T17:32:53.648+0000] {logging_mixin.py:190} INFO - [2025-02-06T17:32:53.648+0000] {dag.py:3239} INFO - Sync 1 DAGs
[2025-02-06T17:32:53.677+0000] {logging_mixin.py:190} INFO - [2025-02-06T17:32:53.677+0000] {dag.py:4180} INFO - Setting next_dagrun for latest_only to 2025-02-06 12:00:00+00:00, run_after=2025-02-06 16:00:00+00:00
[2025-02-06T17:32:53.700+0000] {processor.py:208} INFO - Processing /home/airflow/.local/lib/python3.12/site-packages/airflow/example_dags/example_latest_only.py took 0.097 seconds
[2025-02-06T17:33:24.546+0000] {processor.py:186} INFO - Started process (PID=500) to work on /home/airflow/.local/lib/python3.12/site-packages/airflow/example_dags/example_latest_only.py
[2025-02-06T17:33:24.547+0000] {processor.py:914} INFO - Processing file /home/airflow/.local/lib/python3.12/site-packages/airflow/example_dags/example_latest_only.py for tasks to queue
[2025-02-06T17:33:24.550+0000] {logging_mixin.py:190} INFO - [2025-02-06T17:33:24.550+0000] {dagbag.py:588} INFO - Filling up the DagBag from /home/airflow/.local/lib/python3.12/site-packages/airflow/example_dags/example_latest_only.py
[2025-02-06T17:33:24.560+0000] {processor.py:925} INFO - DAG(s) 'latest_only' retrieved from /home/airflow/.local/lib/python3.12/site-packages/airflow/example_dags/example_latest_only.py
[2025-02-06T17:33:24.586+0000] {logging_mixin.py:190} INFO - [2025-02-06T17:33:24.585+0000] {dag.py:3239} INFO - Sync 1 DAGs
[2025-02-06T17:33:24.620+0000] {logging_mixin.py:190} INFO - [2025-02-06T17:33:24.620+0000] {dag.py:4180} INFO - Setting next_dagrun for latest_only to 2025-02-06 12:00:00+00:00, run_after=2025-02-06 16:00:00+00:00
[2025-02-06T17:33:24.655+0000] {processor.py:208} INFO - Processing /home/airflow/.local/lib/python3.12/site-packages/airflow/example_dags/example_latest_only.py took 0.116 seconds
[2025-02-06T17:33:55.409+0000] {processor.py:186} INFO - Started process (PID=557) to work on /home/airflow/.local/lib/python3.12/site-packages/airflow/example_dags/example_latest_only.py
[2025-02-06T17:33:55.410+0000] {processor.py:914} INFO - Processing file /home/airflow/.local/lib/python3.12/site-packages/airflow/example_dags/example_latest_only.py for tasks to queue
[2025-02-06T17:33:55.414+0000] {logging_mixin.py:190} INFO - [2025-02-06T17:33:55.414+0000] {dagbag.py:588} INFO - Filling up the DagBag from /home/airflow/.local/lib/python3.12/site-packages/airflow/example_dags/example_latest_only.py
[2025-02-06T17:33:55.423+0000] {processor.py:925} INFO - DAG(s) 'latest_only' retrieved from /home/airflow/.local/lib/python3.12/site-packages/airflow/example_dags/example_latest_only.py
[2025-02-06T17:33:55.450+0000] {logging_mixin.py:190} INFO - [2025-02-06T17:33:55.449+0000] {dag.py:3239} INFO - Sync 1 DAGs
[2025-02-06T17:33:55.479+0000] {logging_mixin.py:190} INFO - [2025-02-06T17:33:55.478+0000] {dag.py:4180} INFO - Setting next_dagrun for latest_only to 2025-02-06 12:00:00+00:00, run_after=2025-02-06 16:00:00+00:00
[2025-02-06T17:33:55.505+0000] {processor.py:208} INFO - Processing /home/airflow/.local/lib/python3.12/site-packages/airflow/example_dags/example_latest_only.py took 0.103 seconds
[2025-02-06T17:34:26.215+0000] {processor.py:186} INFO - Started process (PID=614) to work on /home/airflow/.local/lib/python3.12/site-packages/airflow/example_dags/example_latest_only.py
[2025-02-06T17:34:26.217+0000] {processor.py:914} INFO - Processing file /home/airflow/.local/lib/python3.12/site-packages/airflow/example_dags/example_latest_only.py for tasks to queue
[2025-02-06T17:34:26.220+0000] {logging_mixin.py:190} INFO - [2025-02-06T17:34:26.219+0000] {dagbag.py:588} INFO - Filling up the DagBag from /home/airflow/.local/lib/python3.12/site-packages/airflow/example_dags/example_latest_only.py
[2025-02-06T17:34:26.229+0000] {processor.py:925} INFO - DAG(s) 'latest_only' retrieved from /home/airflow/.local/lib/python3.12/site-packages/airflow/example_dags/example_latest_only.py
[2025-02-06T17:34:26.257+0000] {logging_mixin.py:190} INFO - [2025-02-06T17:34:26.257+0000] {dag.py:3239} INFO - Sync 1 DAGs
[2025-02-06T17:34:26.294+0000] {logging_mixin.py:190} INFO - [2025-02-06T17:34:26.293+0000] {dag.py:4180} INFO - Setting next_dagrun for latest_only to 2025-02-06 12:00:00+00:00, run_after=2025-02-06 16:00:00+00:00
[2025-02-06T17:34:26.316+0000] {processor.py:208} INFO - Processing /home/airflow/.local/lib/python3.12/site-packages/airflow/example_dags/example_latest_only.py took 0.108 seconds
[2025-02-06T17:34:56.561+0000] {processor.py:186} INFO - Started process (PID=670) to work on /home/airflow/.local/lib/python3.12/site-packages/airflow/example_dags/example_latest_only.py
[2025-02-06T17:34:56.563+0000] {processor.py:914} INFO - Processing file /home/airflow/.local/lib/python3.12/site-packages/airflow/example_dags/example_latest_only.py for tasks to queue
[2025-02-06T17:34:56.566+0000] {logging_mixin.py:190} INFO - [2025-02-06T17:34:56.565+0000] {dagbag.py:588} INFO - Filling up the DagBag from /home/airflow/.local/lib/python3.12/site-packages/airflow/example_dags/example_latest_only.py
[2025-02-06T17:34:56.575+0000] {processor.py:925} INFO - DAG(s) 'latest_only' retrieved from /home/airflow/.local/lib/python3.12/site-packages/airflow/example_dags/example_latest_only.py
[2025-02-06T17:34:56.599+0000] {logging_mixin.py:190} INFO - [2025-02-06T17:34:56.599+0000] {dag.py:3239} INFO - Sync 1 DAGs
[2025-02-06T17:34:56.630+0000] {logging_mixin.py:190} INFO - [2025-02-06T17:34:56.629+0000] {dag.py:4180} INFO - Setting next_dagrun for latest_only to 2025-02-06 12:00:00+00:00, run_after=2025-02-06 16:00:00+00:00
[2025-02-06T17:34:56.660+0000] {processor.py:208} INFO - Processing /home/airflow/.local/lib/python3.12/site-packages/airflow/example_dags/example_latest_only.py took 0.106 seconds
[2025-02-06T17:35:27.169+0000] {processor.py:186} INFO - Started process (PID=727) to work on /home/airflow/.local/lib/python3.12/site-packages/airflow/example_dags/example_latest_only.py
[2025-02-06T17:35:27.170+0000] {processor.py:914} INFO - Processing file /home/airflow/.local/lib/python3.12/site-packages/airflow/example_dags/example_latest_only.py for tasks to queue
[2025-02-06T17:35:27.173+0000] {logging_mixin.py:190} INFO - [2025-02-06T17:35:27.173+0000] {dagbag.py:588} INFO - Filling up the DagBag from /home/airflow/.local/lib/python3.12/site-packages/airflow/example_dags/example_latest_only.py
[2025-02-06T17:35:27.182+0000] {processor.py:925} INFO - DAG(s) 'latest_only' retrieved from /home/airflow/.local/lib/python3.12/site-packages/airflow/example_dags/example_latest_only.py
[2025-02-06T17:35:27.207+0000] {logging_mixin.py:190} INFO - [2025-02-06T17:35:27.206+0000] {dag.py:3239} INFO - Sync 1 DAGs
[2025-02-06T17:35:27.235+0000] {logging_mixin.py:190} INFO - [2025-02-06T17:35:27.235+0000] {dag.py:4180} INFO - Setting next_dagrun for latest_only to 2025-02-06 12:00:00+00:00, run_after=2025-02-06 16:00:00+00:00
[2025-02-06T17:35:27.268+0000] {processor.py:208} INFO - Processing /home/airflow/.local/lib/python3.12/site-packages/airflow/example_dags/example_latest_only.py took 0.108 seconds
[2025-02-06T17:35:57.413+0000] {processor.py:186} INFO - Started process (PID=783) to work on /home/airflow/.local/lib/python3.12/site-packages/airflow/example_dags/example_latest_only.py
[2025-02-06T17:35:57.414+0000] {processor.py:914} INFO - Processing file /home/airflow/.local/lib/python3.12/site-packages/airflow/example_dags/example_latest_only.py for tasks to queue
[2025-02-06T17:35:57.417+0000] {logging_mixin.py:190} INFO - [2025-02-06T17:35:57.417+0000] {dagbag.py:588} INFO - Filling up the DagBag from /home/airflow/.local/lib/python3.12/site-packages/airflow/example_dags/example_latest_only.py
[2025-02-06T17:35:57.427+0000] {processor.py:925} INFO - DAG(s) 'latest_only' retrieved from /home/airflow/.local/lib/python3.12/site-packages/airflow/example_dags/example_latest_only.py
[2025-02-06T17:35:57.453+0000] {logging_mixin.py:190} INFO - [2025-02-06T17:35:57.453+0000] {dag.py:3239} INFO - Sync 1 DAGs
[2025-02-06T17:35:57.484+0000] {logging_mixin.py:190} INFO - [2025-02-06T17:35:57.484+0000] {dag.py:4180} INFO - Setting next_dagrun for latest_only to 2025-02-06 12:00:00+00:00, run_after=2025-02-06 16:00:00+00:00
[2025-02-06T17:35:57.514+0000] {processor.py:208} INFO - Processing /home/airflow/.local/lib/python3.12/site-packages/airflow/example_dags/example_latest_only.py took 0.109 seconds
[2025-02-06T17:41:38.745+0000] {processor.py:186} INFO - Started process (PID=45) to work on /home/airflow/.local/lib/python3.12/site-packages/airflow/example_dags/example_latest_only.py
[2025-02-06T17:41:38.747+0000] {processor.py:914} INFO - Processing file /home/airflow/.local/lib/python3.12/site-packages/airflow/example_dags/example_latest_only.py for tasks to queue
[2025-02-06T17:41:38.752+0000] {logging_mixin.py:190} INFO - [2025-02-06T17:41:38.751+0000] {dagbag.py:588} INFO - Filling up the DagBag from /home/airflow/.local/lib/python3.12/site-packages/airflow/example_dags/example_latest_only.py
[2025-02-06T17:41:38.777+0000] {processor.py:925} INFO - DAG(s) 'latest_only' retrieved from /home/airflow/.local/lib/python3.12/site-packages/airflow/example_dags/example_latest_only.py
[2025-02-06T17:41:39.073+0000] {logging_mixin.py:190} INFO - [2025-02-06T17:41:39.072+0000] {override.py:1911} INFO - Created Permission View: can delete on DAG:latest_only
[2025-02-06T17:41:39.098+0000] {logging_mixin.py:190} INFO - [2025-02-06T17:41:39.097+0000] {override.py:1911} INFO - Created Permission View: can read on DAG:latest_only
[2025-02-06T17:41:39.117+0000] {logging_mixin.py:190} INFO - [2025-02-06T17:41:39.117+0000] {override.py:1911} INFO - Created Permission View: can edit on DAG:latest_only
[2025-02-06T17:41:39.177+0000] {logging_mixin.py:190} INFO - [2025-02-06T17:41:39.177+0000] {override.py:1911} INFO - Created Permission View: can delete on DAG Run:latest_only
[2025-02-06T17:41:39.199+0000] {logging_mixin.py:190} INFO - [2025-02-06T17:41:39.198+0000] {override.py:1911} INFO - Created Permission View: can create on DAG Run:latest_only
[2025-02-06T17:41:39.237+0000] {logging_mixin.py:190} INFO - [2025-02-06T17:41:39.236+0000] {override.py:1911} INFO - Created Permission View: can read on DAG Run:latest_only
[2025-02-06T17:41:39.257+0000] {logging_mixin.py:190} INFO - [2025-02-06T17:41:39.253+0000] {override.py:1911} INFO - Created Permission View: menu access on DAG Run:latest_only
[2025-02-06T17:41:39.258+0000] {logging_mixin.py:190} INFO - [2025-02-06T17:41:39.258+0000] {dag.py:3239} INFO - Sync 1 DAGs
[2025-02-06T17:41:39.283+0000] {logging_mixin.py:190} INFO - [2025-02-06T17:41:39.282+0000] {dag.py:3262} INFO - Creating ORM DAG for latest_only
[2025-02-06T17:41:39.304+0000] {logging_mixin.py:190} INFO - [2025-02-06T17:41:39.304+0000] {dag.py:4180} INFO - Setting next_dagrun for latest_only to 2025-02-06 12:00:00+00:00, run_after=2025-02-06 16:00:00+00:00
[2025-02-06T17:41:39.333+0000] {processor.py:208} INFO - Processing /home/airflow/.local/lib/python3.12/site-packages/airflow/example_dags/example_latest_only.py took 0.609 seconds
[2025-02-06T17:42:09.474+0000] {processor.py:186} INFO - Started process (PID=102) to work on /home/airflow/.local/lib/python3.12/site-packages/airflow/example_dags/example_latest_only.py
[2025-02-06T17:42:09.476+0000] {processor.py:914} INFO - Processing file /home/airflow/.local/lib/python3.12/site-packages/airflow/example_dags/example_latest_only.py for tasks to queue
[2025-02-06T17:42:09.480+0000] {logging_mixin.py:190} INFO - [2025-02-06T17:42:09.480+0000] {dagbag.py:588} INFO - Filling up the DagBag from /home/airflow/.local/lib/python3.12/site-packages/airflow/example_dags/example_latest_only.py
[2025-02-06T17:42:09.496+0000] {processor.py:925} INFO - DAG(s) 'latest_only' retrieved from /home/airflow/.local/lib/python3.12/site-packages/airflow/example_dags/example_latest_only.py
[2025-02-06T17:42:09.527+0000] {logging_mixin.py:190} INFO - [2025-02-06T17:42:09.527+0000] {dag.py:3239} INFO - Sync 1 DAGs
[2025-02-06T17:42:09.577+0000] {logging_mixin.py:190} INFO - [2025-02-06T17:42:09.577+0000] {dag.py:4180} INFO - Setting next_dagrun for latest_only to 2025-02-06 12:00:00+00:00, run_after=2025-02-06 16:00:00+00:00
[2025-02-06T17:42:09.607+0000] {processor.py:208} INFO - Processing /home/airflow/.local/lib/python3.12/site-packages/airflow/example_dags/example_latest_only.py took 0.145 seconds
[2025-02-06T17:42:40.114+0000] {processor.py:186} INFO - Started process (PID=158) to work on /home/airflow/.local/lib/python3.12/site-packages/airflow/example_dags/example_latest_only.py
[2025-02-06T17:42:40.115+0000] {processor.py:914} INFO - Processing file /home/airflow/.local/lib/python3.12/site-packages/airflow/example_dags/example_latest_only.py for tasks to queue
[2025-02-06T17:42:40.119+0000] {logging_mixin.py:190} INFO - [2025-02-06T17:42:40.119+0000] {dagbag.py:588} INFO - Filling up the DagBag from /home/airflow/.local/lib/python3.12/site-packages/airflow/example_dags/example_latest_only.py
[2025-02-06T17:42:40.128+0000] {processor.py:925} INFO - DAG(s) 'latest_only' retrieved from /home/airflow/.local/lib/python3.12/site-packages/airflow/example_dags/example_latest_only.py
[2025-02-06T17:42:40.159+0000] {logging_mixin.py:190} INFO - [2025-02-06T17:42:40.159+0000] {dag.py:3239} INFO - Sync 1 DAGs
[2025-02-06T17:42:40.195+0000] {logging_mixin.py:190} INFO - [2025-02-06T17:42:40.195+0000] {dag.py:4180} INFO - Setting next_dagrun for latest_only to 2025-02-06 12:00:00+00:00, run_after=2025-02-06 16:00:00+00:00
[2025-02-06T17:42:40.269+0000] {processor.py:208} INFO - Processing /home/airflow/.local/lib/python3.12/site-packages/airflow/example_dags/example_latest_only.py took 0.163 seconds
[2025-02-06T17:43:10.846+0000] {processor.py:186} INFO - Started process (PID=215) to work on /home/airflow/.local/lib/python3.12/site-packages/airflow/example_dags/example_latest_only.py
[2025-02-06T17:43:10.856+0000] {processor.py:914} INFO - Processing file /home/airflow/.local/lib/python3.12/site-packages/airflow/example_dags/example_latest_only.py for tasks to queue
[2025-02-06T17:43:10.861+0000] {logging_mixin.py:190} INFO - [2025-02-06T17:43:10.861+0000] {dagbag.py:588} INFO - Filling up the DagBag from /home/airflow/.local/lib/python3.12/site-packages/airflow/example_dags/example_latest_only.py
[2025-02-06T17:43:10.880+0000] {processor.py:925} INFO - DAG(s) 'latest_only' retrieved from /home/airflow/.local/lib/python3.12/site-packages/airflow/example_dags/example_latest_only.py
[2025-02-06T17:43:10.928+0000] {logging_mixin.py:190} INFO - [2025-02-06T17:43:10.927+0000] {dag.py:3239} INFO - Sync 1 DAGs
[2025-02-06T17:43:11.013+0000] {logging_mixin.py:190} INFO - [2025-02-06T17:43:11.013+0000] {dag.py:4180} INFO - Setting next_dagrun for latest_only to 2025-02-06 12:00:00+00:00, run_after=2025-02-06 16:00:00+00:00
[2025-02-06T17:43:11.056+0000] {processor.py:208} INFO - Processing /home/airflow/.local/lib/python3.12/site-packages/airflow/example_dags/example_latest_only.py took 0.219 seconds
[2025-02-06T17:43:41.873+0000] {processor.py:186} INFO - Started process (PID=272) to work on /home/airflow/.local/lib/python3.12/site-packages/airflow/example_dags/example_latest_only.py
[2025-02-06T17:43:41.874+0000] {processor.py:914} INFO - Processing file /home/airflow/.local/lib/python3.12/site-packages/airflow/example_dags/example_latest_only.py for tasks to queue
[2025-02-06T17:43:41.878+0000] {logging_mixin.py:190} INFO - [2025-02-06T17:43:41.878+0000] {dagbag.py:588} INFO - Filling up the DagBag from /home/airflow/.local/lib/python3.12/site-packages/airflow/example_dags/example_latest_only.py
[2025-02-06T17:43:41.887+0000] {processor.py:925} INFO - DAG(s) 'latest_only' retrieved from /home/airflow/.local/lib/python3.12/site-packages/airflow/example_dags/example_latest_only.py
[2025-02-06T17:43:41.913+0000] {logging_mixin.py:190} INFO - [2025-02-06T17:43:41.912+0000] {dag.py:3239} INFO - Sync 1 DAGs
[2025-02-06T17:43:41.943+0000] {logging_mixin.py:190} INFO - [2025-02-06T17:43:41.943+0000] {dag.py:4180} INFO - Setting next_dagrun for latest_only to 2025-02-06 12:00:00+00:00, run_after=2025-02-06 16:00:00+00:00
[2025-02-06T17:43:41.968+0000] {processor.py:208} INFO - Processing /home/airflow/.local/lib/python3.12/site-packages/airflow/example_dags/example_latest_only.py took 0.102 seconds
[2025-02-06T17:44:12.089+0000] {processor.py:186} INFO - Started process (PID=328) to work on /home/airflow/.local/lib/python3.12/site-packages/airflow/example_dags/example_latest_only.py
[2025-02-06T17:44:12.090+0000] {processor.py:914} INFO - Processing file /home/airflow/.local/lib/python3.12/site-packages/airflow/example_dags/example_latest_only.py for tasks to queue
[2025-02-06T17:44:12.096+0000] {logging_mixin.py:190} INFO - [2025-02-06T17:44:12.095+0000] {dagbag.py:588} INFO - Filling up the DagBag from /home/airflow/.local/lib/python3.12/site-packages/airflow/example_dags/example_latest_only.py
[2025-02-06T17:44:12.107+0000] {processor.py:925} INFO - DAG(s) 'latest_only' retrieved from /home/airflow/.local/lib/python3.12/site-packages/airflow/example_dags/example_latest_only.py
[2025-02-06T17:44:12.135+0000] {logging_mixin.py:190} INFO - [2025-02-06T17:44:12.134+0000] {dag.py:3239} INFO - Sync 1 DAGs
[2025-02-06T17:44:12.171+0000] {logging_mixin.py:190} INFO - [2025-02-06T17:44:12.171+0000] {dag.py:4180} INFO - Setting next_dagrun for latest_only to 2025-02-06 12:00:00+00:00, run_after=2025-02-06 16:00:00+00:00
[2025-02-06T17:44:12.206+0000] {processor.py:208} INFO - Processing /home/airflow/.local/lib/python3.12/site-packages/airflow/example_dags/example_latest_only.py took 0.126 seconds
[2025-02-06T17:44:42.897+0000] {processor.py:186} INFO - Started process (PID=386) to work on /home/airflow/.local/lib/python3.12/site-packages/airflow/example_dags/example_latest_only.py
[2025-02-06T17:44:42.899+0000] {processor.py:914} INFO - Processing file /home/airflow/.local/lib/python3.12/site-packages/airflow/example_dags/example_latest_only.py for tasks to queue
[2025-02-06T17:44:42.903+0000] {logging_mixin.py:190} INFO - [2025-02-06T17:44:42.902+0000] {dagbag.py:588} INFO - Filling up the DagBag from /home/airflow/.local/lib/python3.12/site-packages/airflow/example_dags/example_latest_only.py
[2025-02-06T17:44:42.913+0000] {processor.py:925} INFO - DAG(s) 'latest_only' retrieved from /home/airflow/.local/lib/python3.12/site-packages/airflow/example_dags/example_latest_only.py
[2025-02-06T17:44:42.942+0000] {logging_mixin.py:190} INFO - [2025-02-06T17:44:42.941+0000] {dag.py:3239} INFO - Sync 1 DAGs
[2025-02-06T17:44:42.979+0000] {logging_mixin.py:190} INFO - [2025-02-06T17:44:42.979+0000] {dag.py:4180} INFO - Setting next_dagrun for latest_only to 2025-02-06 12:00:00+00:00, run_after=2025-02-06 16:00:00+00:00
[2025-02-06T17:44:43.002+0000] {processor.py:208} INFO - Processing /home/airflow/.local/lib/python3.12/site-packages/airflow/example_dags/example_latest_only.py took 0.113 seconds
[2025-02-06T17:53:25.894+0000] {processor.py:186} INFO - Started process (PID=46) to work on /home/airflow/.local/lib/python3.12/site-packages/airflow/example_dags/example_latest_only.py
[2025-02-06T17:53:25.897+0000] {processor.py:914} INFO - Processing file /home/airflow/.local/lib/python3.12/site-packages/airflow/example_dags/example_latest_only.py for tasks to queue
[2025-02-06T17:53:25.907+0000] {logging_mixin.py:190} INFO - [2025-02-06T17:53:25.906+0000] {dagbag.py:588} INFO - Filling up the DagBag from /home/airflow/.local/lib/python3.12/site-packages/airflow/example_dags/example_latest_only.py
[2025-02-06T17:53:25.928+0000] {processor.py:925} INFO - DAG(s) 'latest_only' retrieved from /home/airflow/.local/lib/python3.12/site-packages/airflow/example_dags/example_latest_only.py
[2025-02-06T17:53:25.992+0000] {logging_mixin.py:190} INFO - [2025-02-06T17:53:25.992+0000] {dag.py:3239} INFO - Sync 1 DAGs
[2025-02-06T17:53:26.045+0000] {logging_mixin.py:190} INFO - [2025-02-06T17:53:26.045+0000] {dag.py:4180} INFO - Setting next_dagrun for latest_only to 2025-02-06 12:00:00+00:00, run_after=2025-02-06 16:00:00+00:00
[2025-02-06T17:53:26.076+0000] {processor.py:208} INFO - Processing /home/airflow/.local/lib/python3.12/site-packages/airflow/example_dags/example_latest_only.py took 0.203 seconds
[2025-02-06T17:53:56.453+0000] {processor.py:186} INFO - Started process (PID=103) to work on /home/airflow/.local/lib/python3.12/site-packages/airflow/example_dags/example_latest_only.py
[2025-02-06T17:53:56.454+0000] {processor.py:914} INFO - Processing file /home/airflow/.local/lib/python3.12/site-packages/airflow/example_dags/example_latest_only.py for tasks to queue
[2025-02-06T17:53:56.462+0000] {logging_mixin.py:190} INFO - [2025-02-06T17:53:56.461+0000] {dagbag.py:588} INFO - Filling up the DagBag from /home/airflow/.local/lib/python3.12/site-packages/airflow/example_dags/example_latest_only.py
[2025-02-06T17:53:56.475+0000] {processor.py:925} INFO - DAG(s) 'latest_only' retrieved from /home/airflow/.local/lib/python3.12/site-packages/airflow/example_dags/example_latest_only.py
[2025-02-06T17:53:56.512+0000] {logging_mixin.py:190} INFO - [2025-02-06T17:53:56.512+0000] {dag.py:3239} INFO - Sync 1 DAGs
[2025-02-06T17:53:56.593+0000] {logging_mixin.py:190} INFO - [2025-02-06T17:53:56.593+0000] {dag.py:4180} INFO - Setting next_dagrun for latest_only to 2025-02-06 12:00:00+00:00, run_after=2025-02-06 16:00:00+00:00
[2025-02-06T17:53:56.624+0000] {processor.py:208} INFO - Processing /home/airflow/.local/lib/python3.12/site-packages/airflow/example_dags/example_latest_only.py took 0.179 seconds
[2025-02-06T17:56:00.534+0000] {processor.py:186} INFO - Started process (PID=46) to work on /home/airflow/.local/lib/python3.12/site-packages/airflow/example_dags/example_latest_only.py
[2025-02-06T17:56:00.537+0000] {processor.py:914} INFO - Processing file /home/airflow/.local/lib/python3.12/site-packages/airflow/example_dags/example_latest_only.py for tasks to queue
[2025-02-06T17:56:00.545+0000] {logging_mixin.py:190} INFO - [2025-02-06T17:56:00.544+0000] {dagbag.py:588} INFO - Filling up the DagBag from /home/airflow/.local/lib/python3.12/site-packages/airflow/example_dags/example_latest_only.py
[2025-02-06T17:56:00.565+0000] {processor.py:925} INFO - DAG(s) 'latest_only' retrieved from /home/airflow/.local/lib/python3.12/site-packages/airflow/example_dags/example_latest_only.py
[2025-02-06T17:56:00.627+0000] {logging_mixin.py:190} INFO - [2025-02-06T17:56:00.627+0000] {dag.py:3239} INFO - Sync 1 DAGs
[2025-02-06T17:56:00.675+0000] {logging_mixin.py:190} INFO - [2025-02-06T17:56:00.675+0000] {dag.py:4180} INFO - Setting next_dagrun for latest_only to 2025-02-06 12:00:00+00:00, run_after=2025-02-06 16:00:00+00:00
[2025-02-06T17:56:00.723+0000] {processor.py:208} INFO - Processing /home/airflow/.local/lib/python3.12/site-packages/airflow/example_dags/example_latest_only.py took 0.204 seconds
[2025-02-06T17:56:31.030+0000] {processor.py:186} INFO - Started process (PID=103) to work on /home/airflow/.local/lib/python3.12/site-packages/airflow/example_dags/example_latest_only.py
[2025-02-06T17:56:31.031+0000] {processor.py:914} INFO - Processing file /home/airflow/.local/lib/python3.12/site-packages/airflow/example_dags/example_latest_only.py for tasks to queue
[2025-02-06T17:56:31.034+0000] {logging_mixin.py:190} INFO - [2025-02-06T17:56:31.034+0000] {dagbag.py:588} INFO - Filling up the DagBag from /home/airflow/.local/lib/python3.12/site-packages/airflow/example_dags/example_latest_only.py
[2025-02-06T17:56:31.044+0000] {processor.py:925} INFO - DAG(s) 'latest_only' retrieved from /home/airflow/.local/lib/python3.12/site-packages/airflow/example_dags/example_latest_only.py
[2025-02-06T17:56:31.074+0000] {logging_mixin.py:190} INFO - [2025-02-06T17:56:31.073+0000] {dag.py:3239} INFO - Sync 1 DAGs
[2025-02-06T17:56:31.109+0000] {logging_mixin.py:190} INFO - [2025-02-06T17:56:31.108+0000] {dag.py:4180} INFO - Setting next_dagrun for latest_only to 2025-02-06 12:00:00+00:00, run_after=2025-02-06 16:00:00+00:00
[2025-02-06T17:56:31.410+0000] {processor.py:208} INFO - Processing /home/airflow/.local/lib/python3.12/site-packages/airflow/example_dags/example_latest_only.py took 0.388 seconds
[2025-02-06T17:57:02.161+0000] {processor.py:186} INFO - Started process (PID=161) to work on /home/airflow/.local/lib/python3.12/site-packages/airflow/example_dags/example_latest_only.py
[2025-02-06T17:57:02.165+0000] {processor.py:914} INFO - Processing file /home/airflow/.local/lib/python3.12/site-packages/airflow/example_dags/example_latest_only.py for tasks to queue
[2025-02-06T17:57:02.175+0000] {logging_mixin.py:190} INFO - [2025-02-06T17:57:02.174+0000] {dagbag.py:588} INFO - Filling up the DagBag from /home/airflow/.local/lib/python3.12/site-packages/airflow/example_dags/example_latest_only.py
[2025-02-06T17:57:02.184+0000] {processor.py:925} INFO - DAG(s) 'latest_only' retrieved from /home/airflow/.local/lib/python3.12/site-packages/airflow/example_dags/example_latest_only.py
[2025-02-06T17:57:02.235+0000] {logging_mixin.py:190} INFO - [2025-02-06T17:57:02.234+0000] {dag.py:3239} INFO - Sync 1 DAGs
[2025-02-06T17:57:02.281+0000] {logging_mixin.py:190} INFO - [2025-02-06T17:57:02.280+0000] {dag.py:4180} INFO - Setting next_dagrun for latest_only to 2025-02-06 12:00:00+00:00, run_after=2025-02-06 16:00:00+00:00
[2025-02-06T17:57:02.317+0000] {processor.py:208} INFO - Processing /home/airflow/.local/lib/python3.12/site-packages/airflow/example_dags/example_latest_only.py took 0.184 seconds
[2025-02-06T17:57:33.055+0000] {processor.py:186} INFO - Started process (PID=219) to work on /home/airflow/.local/lib/python3.12/site-packages/airflow/example_dags/example_latest_only.py
[2025-02-06T17:57:33.057+0000] {processor.py:914} INFO - Processing file /home/airflow/.local/lib/python3.12/site-packages/airflow/example_dags/example_latest_only.py for tasks to queue
[2025-02-06T17:57:33.060+0000] {logging_mixin.py:190} INFO - [2025-02-06T17:57:33.060+0000] {dagbag.py:588} INFO - Filling up the DagBag from /home/airflow/.local/lib/python3.12/site-packages/airflow/example_dags/example_latest_only.py
[2025-02-06T17:57:33.069+0000] {processor.py:925} INFO - DAG(s) 'latest_only' retrieved from /home/airflow/.local/lib/python3.12/site-packages/airflow/example_dags/example_latest_only.py
[2025-02-06T17:57:33.097+0000] {logging_mixin.py:190} INFO - [2025-02-06T17:57:33.097+0000] {dag.py:3239} INFO - Sync 1 DAGs
[2025-02-06T17:57:33.134+0000] {logging_mixin.py:190} INFO - [2025-02-06T17:57:33.133+0000] {dag.py:4180} INFO - Setting next_dagrun for latest_only to 2025-02-06 12:00:00+00:00, run_after=2025-02-06 16:00:00+00:00
[2025-02-06T17:57:33.161+0000] {processor.py:208} INFO - Processing /home/airflow/.local/lib/python3.12/site-packages/airflow/example_dags/example_latest_only.py took 0.114 seconds
[2025-02-06T17:58:03.806+0000] {processor.py:186} INFO - Started process (PID=277) to work on /home/airflow/.local/lib/python3.12/site-packages/airflow/example_dags/example_latest_only.py
[2025-02-06T17:58:03.807+0000] {processor.py:914} INFO - Processing file /home/airflow/.local/lib/python3.12/site-packages/airflow/example_dags/example_latest_only.py for tasks to queue
[2025-02-06T17:58:03.810+0000] {logging_mixin.py:190} INFO - [2025-02-06T17:58:03.810+0000] {dagbag.py:588} INFO - Filling up the DagBag from /home/airflow/.local/lib/python3.12/site-packages/airflow/example_dags/example_latest_only.py
[2025-02-06T17:58:03.819+0000] {processor.py:925} INFO - DAG(s) 'latest_only' retrieved from /home/airflow/.local/lib/python3.12/site-packages/airflow/example_dags/example_latest_only.py
[2025-02-06T17:58:03.846+0000] {logging_mixin.py:190} INFO - [2025-02-06T17:58:03.846+0000] {dag.py:3239} INFO - Sync 1 DAGs
[2025-02-06T17:58:03.875+0000] {logging_mixin.py:190} INFO - [2025-02-06T17:58:03.875+0000] {dag.py:4180} INFO - Setting next_dagrun for latest_only to 2025-02-06 12:00:00+00:00, run_after=2025-02-06 16:00:00+00:00
[2025-02-06T17:58:03.900+0000] {processor.py:208} INFO - Processing /home/airflow/.local/lib/python3.12/site-packages/airflow/example_dags/example_latest_only.py took 0.104 seconds
[2025-02-06T17:58:34.491+0000] {processor.py:186} INFO - Started process (PID=335) to work on /home/airflow/.local/lib/python3.12/site-packages/airflow/example_dags/example_latest_only.py
[2025-02-06T17:58:34.492+0000] {processor.py:914} INFO - Processing file /home/airflow/.local/lib/python3.12/site-packages/airflow/example_dags/example_latest_only.py for tasks to queue
[2025-02-06T17:58:34.496+0000] {logging_mixin.py:190} INFO - [2025-02-06T17:58:34.495+0000] {dagbag.py:588} INFO - Filling up the DagBag from /home/airflow/.local/lib/python3.12/site-packages/airflow/example_dags/example_latest_only.py
[2025-02-06T17:58:34.506+0000] {processor.py:925} INFO - DAG(s) 'latest_only' retrieved from /home/airflow/.local/lib/python3.12/site-packages/airflow/example_dags/example_latest_only.py
[2025-02-06T17:58:34.531+0000] {logging_mixin.py:190} INFO - [2025-02-06T17:58:34.531+0000] {dag.py:3239} INFO - Sync 1 DAGs
[2025-02-06T17:58:34.568+0000] {logging_mixin.py:190} INFO - [2025-02-06T17:58:34.568+0000] {dag.py:4180} INFO - Setting next_dagrun for latest_only to 2025-02-06 12:00:00+00:00, run_after=2025-02-06 16:00:00+00:00
[2025-02-06T17:58:34.593+0000] {processor.py:208} INFO - Processing /home/airflow/.local/lib/python3.12/site-packages/airflow/example_dags/example_latest_only.py took 0.111 seconds
[2025-02-06T17:59:05.188+0000] {processor.py:186} INFO - Started process (PID=393) to work on /home/airflow/.local/lib/python3.12/site-packages/airflow/example_dags/example_latest_only.py
[2025-02-06T17:59:05.189+0000] {processor.py:914} INFO - Processing file /home/airflow/.local/lib/python3.12/site-packages/airflow/example_dags/example_latest_only.py for tasks to queue
[2025-02-06T17:59:05.192+0000] {logging_mixin.py:190} INFO - [2025-02-06T17:59:05.192+0000] {dagbag.py:588} INFO - Filling up the DagBag from /home/airflow/.local/lib/python3.12/site-packages/airflow/example_dags/example_latest_only.py
[2025-02-06T17:59:05.201+0000] {processor.py:925} INFO - DAG(s) 'latest_only' retrieved from /home/airflow/.local/lib/python3.12/site-packages/airflow/example_dags/example_latest_only.py
[2025-02-06T17:59:05.239+0000] {logging_mixin.py:190} INFO - [2025-02-06T17:59:05.238+0000] {dag.py:3239} INFO - Sync 1 DAGs
[2025-02-06T17:59:05.280+0000] {logging_mixin.py:190} INFO - [2025-02-06T17:59:05.280+0000] {dag.py:4180} INFO - Setting next_dagrun for latest_only to 2025-02-06 12:00:00+00:00, run_after=2025-02-06 16:00:00+00:00
[2025-02-06T17:59:05.306+0000] {processor.py:208} INFO - Processing /home/airflow/.local/lib/python3.12/site-packages/airflow/example_dags/example_latest_only.py took 0.126 seconds
[2025-02-06T17:59:36.133+0000] {processor.py:186} INFO - Started process (PID=451) to work on /home/airflow/.local/lib/python3.12/site-packages/airflow/example_dags/example_latest_only.py
[2025-02-06T17:59:36.134+0000] {processor.py:914} INFO - Processing file /home/airflow/.local/lib/python3.12/site-packages/airflow/example_dags/example_latest_only.py for tasks to queue
[2025-02-06T17:59:36.137+0000] {logging_mixin.py:190} INFO - [2025-02-06T17:59:36.136+0000] {dagbag.py:588} INFO - Filling up the DagBag from /home/airflow/.local/lib/python3.12/site-packages/airflow/example_dags/example_latest_only.py
[2025-02-06T17:59:36.147+0000] {processor.py:925} INFO - DAG(s) 'latest_only' retrieved from /home/airflow/.local/lib/python3.12/site-packages/airflow/example_dags/example_latest_only.py
[2025-02-06T17:59:36.176+0000] {logging_mixin.py:190} INFO - [2025-02-06T17:59:36.176+0000] {dag.py:3239} INFO - Sync 1 DAGs
[2025-02-06T17:59:36.213+0000] {logging_mixin.py:190} INFO - [2025-02-06T17:59:36.212+0000] {dag.py:4180} INFO - Setting next_dagrun for latest_only to 2025-02-06 12:00:00+00:00, run_after=2025-02-06 16:00:00+00:00
[2025-02-06T17:59:36.242+0000] {processor.py:208} INFO - Processing /home/airflow/.local/lib/python3.12/site-packages/airflow/example_dags/example_latest_only.py took 0.118 seconds
[2025-02-06T18:00:06.470+0000] {processor.py:186} INFO - Started process (PID=509) to work on /home/airflow/.local/lib/python3.12/site-packages/airflow/example_dags/example_latest_only.py
[2025-02-06T18:00:06.472+0000] {processor.py:914} INFO - Processing file /home/airflow/.local/lib/python3.12/site-packages/airflow/example_dags/example_latest_only.py for tasks to queue
[2025-02-06T18:00:06.474+0000] {logging_mixin.py:190} INFO - [2025-02-06T18:00:06.474+0000] {dagbag.py:588} INFO - Filling up the DagBag from /home/airflow/.local/lib/python3.12/site-packages/airflow/example_dags/example_latest_only.py
[2025-02-06T18:00:06.485+0000] {processor.py:925} INFO - DAG(s) 'latest_only' retrieved from /home/airflow/.local/lib/python3.12/site-packages/airflow/example_dags/example_latest_only.py
[2025-02-06T18:00:06.511+0000] {logging_mixin.py:190} INFO - [2025-02-06T18:00:06.511+0000] {dag.py:3239} INFO - Sync 1 DAGs
[2025-02-06T18:00:06.542+0000] {logging_mixin.py:190} INFO - [2025-02-06T18:00:06.542+0000] {dag.py:4180} INFO - Setting next_dagrun for latest_only to 2025-02-06 12:00:00+00:00, run_after=2025-02-06 16:00:00+00:00
[2025-02-06T18:00:06.566+0000] {processor.py:208} INFO - Processing /home/airflow/.local/lib/python3.12/site-packages/airflow/example_dags/example_latest_only.py took 0.103 seconds
[2025-02-06T18:00:36.840+0000] {processor.py:186} INFO - Started process (PID=567) to work on /home/airflow/.local/lib/python3.12/site-packages/airflow/example_dags/example_latest_only.py
[2025-02-06T18:00:36.842+0000] {processor.py:914} INFO - Processing file /home/airflow/.local/lib/python3.12/site-packages/airflow/example_dags/example_latest_only.py for tasks to queue
[2025-02-06T18:00:36.845+0000] {logging_mixin.py:190} INFO - [2025-02-06T18:00:36.845+0000] {dagbag.py:588} INFO - Filling up the DagBag from /home/airflow/.local/lib/python3.12/site-packages/airflow/example_dags/example_latest_only.py
[2025-02-06T18:00:36.854+0000] {processor.py:925} INFO - DAG(s) 'latest_only' retrieved from /home/airflow/.local/lib/python3.12/site-packages/airflow/example_dags/example_latest_only.py
[2025-02-06T18:00:36.878+0000] {logging_mixin.py:190} INFO - [2025-02-06T18:00:36.878+0000] {dag.py:3239} INFO - Sync 1 DAGs
[2025-02-06T18:00:36.907+0000] {logging_mixin.py:190} INFO - [2025-02-06T18:00:36.907+0000] {dag.py:4180} INFO - Setting next_dagrun for latest_only to 2025-02-06 12:00:00+00:00, run_after=2025-02-06 16:00:00+00:00
[2025-02-06T18:00:36.931+0000] {processor.py:208} INFO - Processing /home/airflow/.local/lib/python3.12/site-packages/airflow/example_dags/example_latest_only.py took 0.098 seconds
[2025-02-06T18:01:07.202+0000] {processor.py:186} INFO - Started process (PID=625) to work on /home/airflow/.local/lib/python3.12/site-packages/airflow/example_dags/example_latest_only.py
[2025-02-06T18:01:07.204+0000] {processor.py:914} INFO - Processing file /home/airflow/.local/lib/python3.12/site-packages/airflow/example_dags/example_latest_only.py for tasks to queue
[2025-02-06T18:01:07.207+0000] {logging_mixin.py:190} INFO - [2025-02-06T18:01:07.206+0000] {dagbag.py:588} INFO - Filling up the DagBag from /home/airflow/.local/lib/python3.12/site-packages/airflow/example_dags/example_latest_only.py
[2025-02-06T18:01:07.217+0000] {processor.py:925} INFO - DAG(s) 'latest_only' retrieved from /home/airflow/.local/lib/python3.12/site-packages/airflow/example_dags/example_latest_only.py
[2025-02-06T18:01:07.244+0000] {logging_mixin.py:190} INFO - [2025-02-06T18:01:07.243+0000] {dag.py:3239} INFO - Sync 1 DAGs
[2025-02-06T18:01:07.276+0000] {logging_mixin.py:190} INFO - [2025-02-06T18:01:07.276+0000] {dag.py:4180} INFO - Setting next_dagrun for latest_only to 2025-02-06 12:00:00+00:00, run_after=2025-02-06 16:00:00+00:00
[2025-02-06T18:01:07.303+0000] {processor.py:208} INFO - Processing /home/airflow/.local/lib/python3.12/site-packages/airflow/example_dags/example_latest_only.py took 0.110 seconds
[2025-02-06T18:01:37.539+0000] {processor.py:186} INFO - Started process (PID=683) to work on /home/airflow/.local/lib/python3.12/site-packages/airflow/example_dags/example_latest_only.py
[2025-02-06T18:01:37.541+0000] {processor.py:914} INFO - Processing file /home/airflow/.local/lib/python3.12/site-packages/airflow/example_dags/example_latest_only.py for tasks to queue
[2025-02-06T18:01:37.544+0000] {logging_mixin.py:190} INFO - [2025-02-06T18:01:37.543+0000] {dagbag.py:588} INFO - Filling up the DagBag from /home/airflow/.local/lib/python3.12/site-packages/airflow/example_dags/example_latest_only.py
[2025-02-06T18:01:37.554+0000] {processor.py:925} INFO - DAG(s) 'latest_only' retrieved from /home/airflow/.local/lib/python3.12/site-packages/airflow/example_dags/example_latest_only.py
[2025-02-06T18:01:37.584+0000] {logging_mixin.py:190} INFO - [2025-02-06T18:01:37.584+0000] {dag.py:3239} INFO - Sync 1 DAGs
[2025-02-06T18:01:37.646+0000] {logging_mixin.py:190} INFO - [2025-02-06T18:01:37.646+0000] {dag.py:4180} INFO - Setting next_dagrun for latest_only to 2025-02-06 12:00:00+00:00, run_after=2025-02-06 16:00:00+00:00
[2025-02-06T18:01:37.678+0000] {processor.py:208} INFO - Processing /home/airflow/.local/lib/python3.12/site-packages/airflow/example_dags/example_latest_only.py took 0.147 seconds
[2025-02-06T18:15:33.535+0000] {processor.py:186} INFO - Started process (PID=45) to work on /home/airflow/.local/lib/python3.12/site-packages/airflow/example_dags/example_latest_only.py
[2025-02-06T18:15:33.537+0000] {processor.py:914} INFO - Processing file /home/airflow/.local/lib/python3.12/site-packages/airflow/example_dags/example_latest_only.py for tasks to queue
[2025-02-06T18:15:33.542+0000] {logging_mixin.py:190} INFO - [2025-02-06T18:15:33.541+0000] {dagbag.py:588} INFO - Filling up the DagBag from /home/airflow/.local/lib/python3.12/site-packages/airflow/example_dags/example_latest_only.py
[2025-02-06T18:15:33.559+0000] {processor.py:925} INFO - DAG(s) 'latest_only' retrieved from /home/airflow/.local/lib/python3.12/site-packages/airflow/example_dags/example_latest_only.py
[2025-02-06T18:15:33.636+0000] {logging_mixin.py:190} INFO - [2025-02-06T18:15:33.635+0000] {dag.py:3239} INFO - Sync 1 DAGs
[2025-02-06T18:15:33.705+0000] {logging_mixin.py:190} INFO - [2025-02-06T18:15:33.704+0000] {dag.py:4180} INFO - Setting next_dagrun for latest_only to 2025-02-06 12:00:00+00:00, run_after=2025-02-06 16:00:00+00:00
[2025-02-06T18:15:33.764+0000] {processor.py:208} INFO - Processing /home/airflow/.local/lib/python3.12/site-packages/airflow/example_dags/example_latest_only.py took 0.243 seconds
[2025-02-06T18:16:04.027+0000] {processor.py:186} INFO - Started process (PID=101) to work on /home/airflow/.local/lib/python3.12/site-packages/airflow/example_dags/example_latest_only.py
[2025-02-06T18:16:04.028+0000] {processor.py:914} INFO - Processing file /home/airflow/.local/lib/python3.12/site-packages/airflow/example_dags/example_latest_only.py for tasks to queue
[2025-02-06T18:16:04.031+0000] {logging_mixin.py:190} INFO - [2025-02-06T18:16:04.030+0000] {dagbag.py:588} INFO - Filling up the DagBag from /home/airflow/.local/lib/python3.12/site-packages/airflow/example_dags/example_latest_only.py
[2025-02-06T18:16:04.042+0000] {processor.py:925} INFO - DAG(s) 'latest_only' retrieved from /home/airflow/.local/lib/python3.12/site-packages/airflow/example_dags/example_latest_only.py
[2025-02-06T18:16:04.073+0000] {logging_mixin.py:190} INFO - [2025-02-06T18:16:04.072+0000] {dag.py:3239} INFO - Sync 1 DAGs
[2025-02-06T18:16:04.113+0000] {logging_mixin.py:190} INFO - [2025-02-06T18:16:04.113+0000] {dag.py:4180} INFO - Setting next_dagrun for latest_only to 2025-02-06 12:00:00+00:00, run_after=2025-02-06 16:00:00+00:00
[2025-02-06T18:16:04.144+0000] {processor.py:208} INFO - Processing /home/airflow/.local/lib/python3.12/site-packages/airflow/example_dags/example_latest_only.py took 0.125 seconds
[2025-02-06T18:16:34.316+0000] {processor.py:186} INFO - Started process (PID=158) to work on /home/airflow/.local/lib/python3.12/site-packages/airflow/example_dags/example_latest_only.py
[2025-02-06T18:16:34.317+0000] {processor.py:914} INFO - Processing file /home/airflow/.local/lib/python3.12/site-packages/airflow/example_dags/example_latest_only.py for tasks to queue
[2025-02-06T18:16:34.320+0000] {logging_mixin.py:190} INFO - [2025-02-06T18:16:34.319+0000] {dagbag.py:588} INFO - Filling up the DagBag from /home/airflow/.local/lib/python3.12/site-packages/airflow/example_dags/example_latest_only.py
[2025-02-06T18:16:34.329+0000] {processor.py:925} INFO - DAG(s) 'latest_only' retrieved from /home/airflow/.local/lib/python3.12/site-packages/airflow/example_dags/example_latest_only.py
[2025-02-06T18:16:34.360+0000] {logging_mixin.py:190} INFO - [2025-02-06T18:16:34.360+0000] {dag.py:3239} INFO - Sync 1 DAGs
[2025-02-06T18:16:34.397+0000] {logging_mixin.py:190} INFO - [2025-02-06T18:16:34.397+0000] {dag.py:4180} INFO - Setting next_dagrun for latest_only to 2025-02-06 12:00:00+00:00, run_after=2025-02-06 16:00:00+00:00
[2025-02-06T18:16:34.427+0000] {processor.py:208} INFO - Processing /home/airflow/.local/lib/python3.12/site-packages/airflow/example_dags/example_latest_only.py took 0.119 seconds
[2025-02-06T18:17:04.902+0000] {processor.py:186} INFO - Started process (PID=215) to work on /home/airflow/.local/lib/python3.12/site-packages/airflow/example_dags/example_latest_only.py
[2025-02-06T18:17:04.903+0000] {processor.py:914} INFO - Processing file /home/airflow/.local/lib/python3.12/site-packages/airflow/example_dags/example_latest_only.py for tasks to queue
[2025-02-06T18:17:04.906+0000] {logging_mixin.py:190} INFO - [2025-02-06T18:17:04.906+0000] {dagbag.py:588} INFO - Filling up the DagBag from /home/airflow/.local/lib/python3.12/site-packages/airflow/example_dags/example_latest_only.py
[2025-02-06T18:17:04.917+0000] {processor.py:925} INFO - DAG(s) 'latest_only' retrieved from /home/airflow/.local/lib/python3.12/site-packages/airflow/example_dags/example_latest_only.py
[2025-02-06T18:17:04.951+0000] {logging_mixin.py:190} INFO - [2025-02-06T18:17:04.950+0000] {dag.py:3239} INFO - Sync 1 DAGs
[2025-02-06T18:17:04.993+0000] {logging_mixin.py:190} INFO - [2025-02-06T18:17:04.993+0000] {dag.py:4180} INFO - Setting next_dagrun for latest_only to 2025-02-06 12:00:00+00:00, run_after=2025-02-06 16:00:00+00:00
[2025-02-06T18:17:05.019+0000] {processor.py:208} INFO - Processing /home/airflow/.local/lib/python3.12/site-packages/airflow/example_dags/example_latest_only.py took 0.126 seconds
[2025-02-06T18:17:35.182+0000] {processor.py:186} INFO - Started process (PID=272) to work on /home/airflow/.local/lib/python3.12/site-packages/airflow/example_dags/example_latest_only.py
[2025-02-06T18:17:35.183+0000] {processor.py:914} INFO - Processing file /home/airflow/.local/lib/python3.12/site-packages/airflow/example_dags/example_latest_only.py for tasks to queue
[2025-02-06T18:17:35.187+0000] {logging_mixin.py:190} INFO - [2025-02-06T18:17:35.187+0000] {dagbag.py:588} INFO - Filling up the DagBag from /home/airflow/.local/lib/python3.12/site-packages/airflow/example_dags/example_latest_only.py
[2025-02-06T18:17:35.196+0000] {processor.py:925} INFO - DAG(s) 'latest_only' retrieved from /home/airflow/.local/lib/python3.12/site-packages/airflow/example_dags/example_latest_only.py
[2025-02-06T18:17:35.223+0000] {logging_mixin.py:190} INFO - [2025-02-06T18:17:35.222+0000] {dag.py:3239} INFO - Sync 1 DAGs
[2025-02-06T18:17:35.253+0000] {logging_mixin.py:190} INFO - [2025-02-06T18:17:35.253+0000] {dag.py:4180} INFO - Setting next_dagrun for latest_only to 2025-02-06 12:00:00+00:00, run_after=2025-02-06 16:00:00+00:00
[2025-02-06T18:17:35.279+0000] {processor.py:208} INFO - Processing /home/airflow/.local/lib/python3.12/site-packages/airflow/example_dags/example_latest_only.py took 0.104 seconds
[2025-02-06T18:18:05.634+0000] {processor.py:186} INFO - Started process (PID=329) to work on /home/airflow/.local/lib/python3.12/site-packages/airflow/example_dags/example_latest_only.py
[2025-02-06T18:18:05.637+0000] {processor.py:914} INFO - Processing file /home/airflow/.local/lib/python3.12/site-packages/airflow/example_dags/example_latest_only.py for tasks to queue
[2025-02-06T18:18:05.643+0000] {logging_mixin.py:190} INFO - [2025-02-06T18:18:05.642+0000] {dagbag.py:588} INFO - Filling up the DagBag from /home/airflow/.local/lib/python3.12/site-packages/airflow/example_dags/example_latest_only.py
[2025-02-06T18:18:05.669+0000] {processor.py:925} INFO - DAG(s) 'latest_only' retrieved from /home/airflow/.local/lib/python3.12/site-packages/airflow/example_dags/example_latest_only.py
[2025-02-06T18:18:05.728+0000] {logging_mixin.py:190} INFO - [2025-02-06T18:18:05.728+0000] {dag.py:3239} INFO - Sync 1 DAGs
[2025-02-06T18:18:05.804+0000] {logging_mixin.py:190} INFO - [2025-02-06T18:18:05.804+0000] {dag.py:4180} INFO - Setting next_dagrun for latest_only to 2025-02-06 12:00:00+00:00, run_after=2025-02-06 16:00:00+00:00
[2025-02-06T18:18:05.853+0000] {processor.py:208} INFO - Processing /home/airflow/.local/lib/python3.12/site-packages/airflow/example_dags/example_latest_only.py took 0.241 seconds
[2025-02-06T18:18:36.053+0000] {processor.py:186} INFO - Started process (PID=385) to work on /home/airflow/.local/lib/python3.12/site-packages/airflow/example_dags/example_latest_only.py
[2025-02-06T18:18:36.055+0000] {processor.py:914} INFO - Processing file /home/airflow/.local/lib/python3.12/site-packages/airflow/example_dags/example_latest_only.py for tasks to queue
[2025-02-06T18:18:36.060+0000] {logging_mixin.py:190} INFO - [2025-02-06T18:18:36.059+0000] {dagbag.py:588} INFO - Filling up the DagBag from /home/airflow/.local/lib/python3.12/site-packages/airflow/example_dags/example_latest_only.py
[2025-02-06T18:18:36.076+0000] {processor.py:925} INFO - DAG(s) 'latest_only' retrieved from /home/airflow/.local/lib/python3.12/site-packages/airflow/example_dags/example_latest_only.py
[2025-02-06T18:18:36.118+0000] {logging_mixin.py:190} INFO - [2025-02-06T18:18:36.117+0000] {dag.py:3239} INFO - Sync 1 DAGs
[2025-02-06T18:18:36.163+0000] {logging_mixin.py:190} INFO - [2025-02-06T18:18:36.162+0000] {dag.py:4180} INFO - Setting next_dagrun for latest_only to 2025-02-06 12:00:00+00:00, run_after=2025-02-06 16:00:00+00:00
[2025-02-06T18:18:36.188+0000] {processor.py:208} INFO - Processing /home/airflow/.local/lib/python3.12/site-packages/airflow/example_dags/example_latest_only.py took 0.148 seconds
[2025-02-06T18:19:06.740+0000] {processor.py:186} INFO - Started process (PID=443) to work on /home/airflow/.local/lib/python3.12/site-packages/airflow/example_dags/example_latest_only.py
[2025-02-06T18:19:06.742+0000] {processor.py:914} INFO - Processing file /home/airflow/.local/lib/python3.12/site-packages/airflow/example_dags/example_latest_only.py for tasks to queue
[2025-02-06T18:19:06.748+0000] {logging_mixin.py:190} INFO - [2025-02-06T18:19:06.747+0000] {dagbag.py:588} INFO - Filling up the DagBag from /home/airflow/.local/lib/python3.12/site-packages/airflow/example_dags/example_latest_only.py
[2025-02-06T18:19:06.767+0000] {processor.py:925} INFO - DAG(s) 'latest_only' retrieved from /home/airflow/.local/lib/python3.12/site-packages/airflow/example_dags/example_latest_only.py
[2025-02-06T18:19:06.814+0000] {logging_mixin.py:190} INFO - [2025-02-06T18:19:06.813+0000] {dag.py:3239} INFO - Sync 1 DAGs
[2025-02-06T18:19:06.868+0000] {logging_mixin.py:190} INFO - [2025-02-06T18:19:06.868+0000] {dag.py:4180} INFO - Setting next_dagrun for latest_only to 2025-02-06 12:00:00+00:00, run_after=2025-02-06 16:00:00+00:00
[2025-02-06T18:19:06.954+0000] {processor.py:208} INFO - Processing /home/airflow/.local/lib/python3.12/site-packages/airflow/example_dags/example_latest_only.py took 0.229 seconds
[2025-02-06T18:19:37.073+0000] {processor.py:186} INFO - Started process (PID=499) to work on /home/airflow/.local/lib/python3.12/site-packages/airflow/example_dags/example_latest_only.py
[2025-02-06T18:19:37.076+0000] {processor.py:914} INFO - Processing file /home/airflow/.local/lib/python3.12/site-packages/airflow/example_dags/example_latest_only.py for tasks to queue
[2025-02-06T18:19:37.087+0000] {logging_mixin.py:190} INFO - [2025-02-06T18:19:37.086+0000] {dagbag.py:588} INFO - Filling up the DagBag from /home/airflow/.local/lib/python3.12/site-packages/airflow/example_dags/example_latest_only.py
[2025-02-06T18:19:37.128+0000] {processor.py:925} INFO - DAG(s) 'latest_only' retrieved from /home/airflow/.local/lib/python3.12/site-packages/airflow/example_dags/example_latest_only.py
[2025-02-06T18:19:37.181+0000] {logging_mixin.py:190} INFO - [2025-02-06T18:19:37.181+0000] {dag.py:3239} INFO - Sync 1 DAGs
[2025-02-06T18:19:37.254+0000] {logging_mixin.py:190} INFO - [2025-02-06T18:19:37.254+0000] {dag.py:4180} INFO - Setting next_dagrun for latest_only to 2025-02-06 12:00:00+00:00, run_after=2025-02-06 16:00:00+00:00
[2025-02-06T18:19:37.292+0000] {processor.py:208} INFO - Processing /home/airflow/.local/lib/python3.12/site-packages/airflow/example_dags/example_latest_only.py took 0.231 seconds
[2025-02-06T18:20:08.094+0000] {processor.py:186} INFO - Started process (PID=557) to work on /home/airflow/.local/lib/python3.12/site-packages/airflow/example_dags/example_latest_only.py
[2025-02-06T18:20:08.095+0000] {processor.py:914} INFO - Processing file /home/airflow/.local/lib/python3.12/site-packages/airflow/example_dags/example_latest_only.py for tasks to queue
[2025-02-06T18:20:08.100+0000] {logging_mixin.py:190} INFO - [2025-02-06T18:20:08.099+0000] {dagbag.py:588} INFO - Filling up the DagBag from /home/airflow/.local/lib/python3.12/site-packages/airflow/example_dags/example_latest_only.py
[2025-02-06T18:20:08.111+0000] {processor.py:925} INFO - DAG(s) 'latest_only' retrieved from /home/airflow/.local/lib/python3.12/site-packages/airflow/example_dags/example_latest_only.py
[2025-02-06T18:20:08.140+0000] {logging_mixin.py:190} INFO - [2025-02-06T18:20:08.140+0000] {dag.py:3239} INFO - Sync 1 DAGs
[2025-02-06T18:20:08.171+0000] {logging_mixin.py:190} INFO - [2025-02-06T18:20:08.171+0000] {dag.py:4180} INFO - Setting next_dagrun for latest_only to 2025-02-06 12:00:00+00:00, run_after=2025-02-06 16:00:00+00:00
[2025-02-06T18:20:08.215+0000] {processor.py:208} INFO - Processing /home/airflow/.local/lib/python3.12/site-packages/airflow/example_dags/example_latest_only.py took 0.132 seconds
[2025-02-06T18:20:38.302+0000] {processor.py:186} INFO - Started process (PID=613) to work on /home/airflow/.local/lib/python3.12/site-packages/airflow/example_dags/example_latest_only.py
[2025-02-06T18:20:38.304+0000] {processor.py:914} INFO - Processing file /home/airflow/.local/lib/python3.12/site-packages/airflow/example_dags/example_latest_only.py for tasks to queue
[2025-02-06T18:20:38.307+0000] {logging_mixin.py:190} INFO - [2025-02-06T18:20:38.307+0000] {dagbag.py:588} INFO - Filling up the DagBag from /home/airflow/.local/lib/python3.12/site-packages/airflow/example_dags/example_latest_only.py
[2025-02-06T18:20:38.318+0000] {processor.py:925} INFO - DAG(s) 'latest_only' retrieved from /home/airflow/.local/lib/python3.12/site-packages/airflow/example_dags/example_latest_only.py
[2025-02-06T18:20:38.343+0000] {logging_mixin.py:190} INFO - [2025-02-06T18:20:38.342+0000] {dag.py:3239} INFO - Sync 1 DAGs
[2025-02-06T18:20:38.376+0000] {logging_mixin.py:190} INFO - [2025-02-06T18:20:38.375+0000] {dag.py:4180} INFO - Setting next_dagrun for latest_only to 2025-02-06 12:00:00+00:00, run_after=2025-02-06 16:00:00+00:00
[2025-02-06T18:20:38.402+0000] {processor.py:208} INFO - Processing /home/airflow/.local/lib/python3.12/site-packages/airflow/example_dags/example_latest_only.py took 0.108 seconds
[2025-02-06T18:21:09.323+0000] {processor.py:186} INFO - Started process (PID=671) to work on /home/airflow/.local/lib/python3.12/site-packages/airflow/example_dags/example_latest_only.py
[2025-02-06T18:21:09.325+0000] {processor.py:914} INFO - Processing file /home/airflow/.local/lib/python3.12/site-packages/airflow/example_dags/example_latest_only.py for tasks to queue
[2025-02-06T18:21:09.332+0000] {logging_mixin.py:190} INFO - [2025-02-06T18:21:09.331+0000] {dagbag.py:588} INFO - Filling up the DagBag from /home/airflow/.local/lib/python3.12/site-packages/airflow/example_dags/example_latest_only.py
[2025-02-06T18:21:09.347+0000] {processor.py:925} INFO - DAG(s) 'latest_only' retrieved from /home/airflow/.local/lib/python3.12/site-packages/airflow/example_dags/example_latest_only.py
[2025-02-06T18:21:09.380+0000] {logging_mixin.py:190} INFO - [2025-02-06T18:21:09.379+0000] {dag.py:3239} INFO - Sync 1 DAGs
[2025-02-06T18:21:09.430+0000] {logging_mixin.py:190} INFO - [2025-02-06T18:21:09.430+0000] {dag.py:4180} INFO - Setting next_dagrun for latest_only to 2025-02-06 12:00:00+00:00, run_after=2025-02-06 16:00:00+00:00
[2025-02-06T18:21:09.474+0000] {processor.py:208} INFO - Processing /home/airflow/.local/lib/python3.12/site-packages/airflow/example_dags/example_latest_only.py took 0.163 seconds
[2025-02-06T18:21:40.133+0000] {processor.py:186} INFO - Started process (PID=728) to work on /home/airflow/.local/lib/python3.12/site-packages/airflow/example_dags/example_latest_only.py
[2025-02-06T18:21:40.134+0000] {processor.py:914} INFO - Processing file /home/airflow/.local/lib/python3.12/site-packages/airflow/example_dags/example_latest_only.py for tasks to queue
[2025-02-06T18:21:40.138+0000] {logging_mixin.py:190} INFO - [2025-02-06T18:21:40.138+0000] {dagbag.py:588} INFO - Filling up the DagBag from /home/airflow/.local/lib/python3.12/site-packages/airflow/example_dags/example_latest_only.py
[2025-02-06T18:21:40.152+0000] {processor.py:925} INFO - DAG(s) 'latest_only' retrieved from /home/airflow/.local/lib/python3.12/site-packages/airflow/example_dags/example_latest_only.py
[2025-02-06T18:21:40.186+0000] {logging_mixin.py:190} INFO - [2025-02-06T18:21:40.185+0000] {dag.py:3239} INFO - Sync 1 DAGs
[2025-02-06T18:21:40.226+0000] {logging_mixin.py:190} INFO - [2025-02-06T18:21:40.226+0000] {dag.py:4180} INFO - Setting next_dagrun for latest_only to 2025-02-06 12:00:00+00:00, run_after=2025-02-06 16:00:00+00:00
[2025-02-06T18:21:40.253+0000] {processor.py:208} INFO - Processing /home/airflow/.local/lib/python3.12/site-packages/airflow/example_dags/example_latest_only.py took 0.129 seconds
[2025-02-06T18:22:10.852+0000] {processor.py:186} INFO - Started process (PID=785) to work on /home/airflow/.local/lib/python3.12/site-packages/airflow/example_dags/example_latest_only.py
[2025-02-06T18:22:10.854+0000] {processor.py:914} INFO - Processing file /home/airflow/.local/lib/python3.12/site-packages/airflow/example_dags/example_latest_only.py for tasks to queue
[2025-02-06T18:22:10.859+0000] {logging_mixin.py:190} INFO - [2025-02-06T18:22:10.859+0000] {dagbag.py:588} INFO - Filling up the DagBag from /home/airflow/.local/lib/python3.12/site-packages/airflow/example_dags/example_latest_only.py
[2025-02-06T18:22:10.875+0000] {processor.py:925} INFO - DAG(s) 'latest_only' retrieved from /home/airflow/.local/lib/python3.12/site-packages/airflow/example_dags/example_latest_only.py
[2025-02-06T18:22:10.912+0000] {logging_mixin.py:190} INFO - [2025-02-06T18:22:10.912+0000] {dag.py:3239} INFO - Sync 1 DAGs
[2025-02-06T18:22:10.966+0000] {logging_mixin.py:190} INFO - [2025-02-06T18:22:10.965+0000] {dag.py:4180} INFO - Setting next_dagrun for latest_only to 2025-02-06 12:00:00+00:00, run_after=2025-02-06 16:00:00+00:00
[2025-02-06T18:22:10.998+0000] {processor.py:208} INFO - Processing /home/airflow/.local/lib/python3.12/site-packages/airflow/example_dags/example_latest_only.py took 0.162 seconds
[2025-02-06T18:22:41.153+0000] {processor.py:186} INFO - Started process (PID=842) to work on /home/airflow/.local/lib/python3.12/site-packages/airflow/example_dags/example_latest_only.py
[2025-02-06T18:22:41.154+0000] {processor.py:914} INFO - Processing file /home/airflow/.local/lib/python3.12/site-packages/airflow/example_dags/example_latest_only.py for tasks to queue
[2025-02-06T18:22:41.159+0000] {logging_mixin.py:190} INFO - [2025-02-06T18:22:41.158+0000] {dagbag.py:588} INFO - Filling up the DagBag from /home/airflow/.local/lib/python3.12/site-packages/airflow/example_dags/example_latest_only.py
[2025-02-06T18:22:41.171+0000] {processor.py:925} INFO - DAG(s) 'latest_only' retrieved from /home/airflow/.local/lib/python3.12/site-packages/airflow/example_dags/example_latest_only.py
[2025-02-06T18:22:41.209+0000] {logging_mixin.py:190} INFO - [2025-02-06T18:22:41.209+0000] {dag.py:3239} INFO - Sync 1 DAGs
[2025-02-06T18:22:41.270+0000] {logging_mixin.py:190} INFO - [2025-02-06T18:22:41.269+0000] {dag.py:4180} INFO - Setting next_dagrun for latest_only to 2025-02-06 12:00:00+00:00, run_after=2025-02-06 16:00:00+00:00
[2025-02-06T18:22:41.337+0000] {processor.py:208} INFO - Processing /home/airflow/.local/lib/python3.12/site-packages/airflow/example_dags/example_latest_only.py took 0.198 seconds
[2025-02-06T18:23:11.717+0000] {processor.py:186} INFO - Started process (PID=899) to work on /home/airflow/.local/lib/python3.12/site-packages/airflow/example_dags/example_latest_only.py
[2025-02-06T18:23:11.719+0000] {processor.py:914} INFO - Processing file /home/airflow/.local/lib/python3.12/site-packages/airflow/example_dags/example_latest_only.py for tasks to queue
[2025-02-06T18:23:11.723+0000] {logging_mixin.py:190} INFO - [2025-02-06T18:23:11.723+0000] {dagbag.py:588} INFO - Filling up the DagBag from /home/airflow/.local/lib/python3.12/site-packages/airflow/example_dags/example_latest_only.py
[2025-02-06T18:23:11.738+0000] {processor.py:925} INFO - DAG(s) 'latest_only' retrieved from /home/airflow/.local/lib/python3.12/site-packages/airflow/example_dags/example_latest_only.py
[2025-02-06T18:23:11.776+0000] {logging_mixin.py:190} INFO - [2025-02-06T18:23:11.775+0000] {dag.py:3239} INFO - Sync 1 DAGs
[2025-02-06T18:23:11.825+0000] {logging_mixin.py:190} INFO - [2025-02-06T18:23:11.824+0000] {dag.py:4180} INFO - Setting next_dagrun for latest_only to 2025-02-06 12:00:00+00:00, run_after=2025-02-06 16:00:00+00:00
[2025-02-06T18:23:11.860+0000] {processor.py:208} INFO - Processing /home/airflow/.local/lib/python3.12/site-packages/airflow/example_dags/example_latest_only.py took 0.155 seconds
[2025-02-06T18:23:43.535+0000] {processor.py:186} INFO - Started process (PID=956) to work on /home/airflow/.local/lib/python3.12/site-packages/airflow/example_dags/example_latest_only.py
[2025-02-06T18:23:43.536+0000] {processor.py:914} INFO - Processing file /home/airflow/.local/lib/python3.12/site-packages/airflow/example_dags/example_latest_only.py for tasks to queue
[2025-02-06T18:23:43.541+0000] {logging_mixin.py:190} INFO - [2025-02-06T18:23:43.540+0000] {dagbag.py:588} INFO - Filling up the DagBag from /home/airflow/.local/lib/python3.12/site-packages/airflow/example_dags/example_latest_only.py
[2025-02-06T18:23:43.552+0000] {processor.py:925} INFO - DAG(s) 'latest_only' retrieved from /home/airflow/.local/lib/python3.12/site-packages/airflow/example_dags/example_latest_only.py
[2025-02-06T18:23:43.582+0000] {logging_mixin.py:190} INFO - [2025-02-06T18:23:43.581+0000] {dag.py:3239} INFO - Sync 1 DAGs
[2025-02-06T18:23:43.627+0000] {logging_mixin.py:190} INFO - [2025-02-06T18:23:43.627+0000] {dag.py:4180} INFO - Setting next_dagrun for latest_only to 2025-02-06 12:00:00+00:00, run_after=2025-02-06 16:00:00+00:00
[2025-02-06T18:23:43.656+0000] {processor.py:208} INFO - Processing /home/airflow/.local/lib/python3.12/site-packages/airflow/example_dags/example_latest_only.py took 0.135 seconds
[2025-02-06T18:24:14.036+0000] {processor.py:186} INFO - Started process (PID=1013) to work on /home/airflow/.local/lib/python3.12/site-packages/airflow/example_dags/example_latest_only.py
[2025-02-06T18:24:14.041+0000] {processor.py:914} INFO - Processing file /home/airflow/.local/lib/python3.12/site-packages/airflow/example_dags/example_latest_only.py for tasks to queue
[2025-02-06T18:24:14.053+0000] {logging_mixin.py:190} INFO - [2025-02-06T18:24:14.051+0000] {dagbag.py:588} INFO - Filling up the DagBag from /home/airflow/.local/lib/python3.12/site-packages/airflow/example_dags/example_latest_only.py
[2025-02-06T18:24:14.077+0000] {processor.py:925} INFO - DAG(s) 'latest_only' retrieved from /home/airflow/.local/lib/python3.12/site-packages/airflow/example_dags/example_latest_only.py
[2025-02-06T18:24:14.145+0000] {logging_mixin.py:190} INFO - [2025-02-06T18:24:14.144+0000] {dag.py:3239} INFO - Sync 1 DAGs
[2025-02-06T18:24:14.220+0000] {logging_mixin.py:190} INFO - [2025-02-06T18:24:14.220+0000] {dag.py:4180} INFO - Setting next_dagrun for latest_only to 2025-02-06 12:00:00+00:00, run_after=2025-02-06 16:00:00+00:00
[2025-02-06T18:24:14.308+0000] {processor.py:208} INFO - Processing /home/airflow/.local/lib/python3.12/site-packages/airflow/example_dags/example_latest_only.py took 0.293 seconds
[2025-02-06T18:24:44.645+0000] {processor.py:186} INFO - Started process (PID=1070) to work on /home/airflow/.local/lib/python3.12/site-packages/airflow/example_dags/example_latest_only.py
[2025-02-06T18:24:44.647+0000] {processor.py:914} INFO - Processing file /home/airflow/.local/lib/python3.12/site-packages/airflow/example_dags/example_latest_only.py for tasks to queue
[2025-02-06T18:24:44.652+0000] {logging_mixin.py:190} INFO - [2025-02-06T18:24:44.651+0000] {dagbag.py:588} INFO - Filling up the DagBag from /home/airflow/.local/lib/python3.12/site-packages/airflow/example_dags/example_latest_only.py
[2025-02-06T18:24:44.663+0000] {processor.py:925} INFO - DAG(s) 'latest_only' retrieved from /home/airflow/.local/lib/python3.12/site-packages/airflow/example_dags/example_latest_only.py
[2025-02-06T18:24:44.689+0000] {logging_mixin.py:190} INFO - [2025-02-06T18:24:44.688+0000] {dag.py:3239} INFO - Sync 1 DAGs
[2025-02-06T18:24:44.733+0000] {logging_mixin.py:190} INFO - [2025-02-06T18:24:44.733+0000] {dag.py:4180} INFO - Setting next_dagrun for latest_only to 2025-02-06 12:00:00+00:00, run_after=2025-02-06 16:00:00+00:00
[2025-02-06T18:24:44.769+0000] {processor.py:208} INFO - Processing /home/airflow/.local/lib/python3.12/site-packages/airflow/example_dags/example_latest_only.py took 0.135 seconds
[2025-02-06T18:25:15.120+0000] {processor.py:186} INFO - Started process (PID=1127) to work on /home/airflow/.local/lib/python3.12/site-packages/airflow/example_dags/example_latest_only.py
[2025-02-06T18:25:15.122+0000] {processor.py:914} INFO - Processing file /home/airflow/.local/lib/python3.12/site-packages/airflow/example_dags/example_latest_only.py for tasks to queue
[2025-02-06T18:25:15.128+0000] {logging_mixin.py:190} INFO - [2025-02-06T18:25:15.128+0000] {dagbag.py:588} INFO - Filling up the DagBag from /home/airflow/.local/lib/python3.12/site-packages/airflow/example_dags/example_latest_only.py
[2025-02-06T18:25:15.144+0000] {processor.py:925} INFO - DAG(s) 'latest_only' retrieved from /home/airflow/.local/lib/python3.12/site-packages/airflow/example_dags/example_latest_only.py
[2025-02-06T18:25:15.185+0000] {logging_mixin.py:190} INFO - [2025-02-06T18:25:15.184+0000] {dag.py:3239} INFO - Sync 1 DAGs
[2025-02-06T18:25:15.240+0000] {logging_mixin.py:190} INFO - [2025-02-06T18:25:15.239+0000] {dag.py:4180} INFO - Setting next_dagrun for latest_only to 2025-02-06 12:00:00+00:00, run_after=2025-02-06 16:00:00+00:00
[2025-02-06T18:25:15.274+0000] {processor.py:208} INFO - Processing /home/airflow/.local/lib/python3.12/site-packages/airflow/example_dags/example_latest_only.py took 0.169 seconds
[2025-02-06T18:25:45.393+0000] {processor.py:186} INFO - Started process (PID=1184) to work on /home/airflow/.local/lib/python3.12/site-packages/airflow/example_dags/example_latest_only.py
[2025-02-06T18:25:45.395+0000] {processor.py:914} INFO - Processing file /home/airflow/.local/lib/python3.12/site-packages/airflow/example_dags/example_latest_only.py for tasks to queue
[2025-02-06T18:25:45.399+0000] {logging_mixin.py:190} INFO - [2025-02-06T18:25:45.398+0000] {dagbag.py:588} INFO - Filling up the DagBag from /home/airflow/.local/lib/python3.12/site-packages/airflow/example_dags/example_latest_only.py
[2025-02-06T18:25:45.410+0000] {processor.py:925} INFO - DAG(s) 'latest_only' retrieved from /home/airflow/.local/lib/python3.12/site-packages/airflow/example_dags/example_latest_only.py
[2025-02-06T18:25:45.449+0000] {logging_mixin.py:190} INFO - [2025-02-06T18:25:45.448+0000] {dag.py:3239} INFO - Sync 1 DAGs
[2025-02-06T18:25:45.504+0000] {logging_mixin.py:190} INFO - [2025-02-06T18:25:45.504+0000] {dag.py:4180} INFO - Setting next_dagrun for latest_only to 2025-02-06 12:00:00+00:00, run_after=2025-02-06 16:00:00+00:00
[2025-02-06T18:25:45.538+0000] {processor.py:208} INFO - Processing /home/airflow/.local/lib/python3.12/site-packages/airflow/example_dags/example_latest_only.py took 0.154 seconds
[2025-02-06T18:26:16.317+0000] {processor.py:186} INFO - Started process (PID=1240) to work on /home/airflow/.local/lib/python3.12/site-packages/airflow/example_dags/example_latest_only.py
[2025-02-06T18:26:16.320+0000] {processor.py:914} INFO - Processing file /home/airflow/.local/lib/python3.12/site-packages/airflow/example_dags/example_latest_only.py for tasks to queue
[2025-02-06T18:26:16.324+0000] {logging_mixin.py:190} INFO - [2025-02-06T18:26:16.324+0000] {dagbag.py:588} INFO - Filling up the DagBag from /home/airflow/.local/lib/python3.12/site-packages/airflow/example_dags/example_latest_only.py
[2025-02-06T18:26:16.336+0000] {processor.py:925} INFO - DAG(s) 'latest_only' retrieved from /home/airflow/.local/lib/python3.12/site-packages/airflow/example_dags/example_latest_only.py
[2025-02-06T18:26:16.365+0000] {logging_mixin.py:190} INFO - [2025-02-06T18:26:16.364+0000] {dag.py:3239} INFO - Sync 1 DAGs
[2025-02-06T18:26:16.420+0000] {logging_mixin.py:190} INFO - [2025-02-06T18:26:16.420+0000] {dag.py:4180} INFO - Setting next_dagrun for latest_only to 2025-02-06 12:00:00+00:00, run_after=2025-02-06 16:00:00+00:00
[2025-02-06T18:26:16.470+0000] {processor.py:208} INFO - Processing /home/airflow/.local/lib/python3.12/site-packages/airflow/example_dags/example_latest_only.py took 0.164 seconds
[2025-02-06T18:26:47.495+0000] {processor.py:186} INFO - Started process (PID=1297) to work on /home/airflow/.local/lib/python3.12/site-packages/airflow/example_dags/example_latest_only.py
[2025-02-06T18:26:47.497+0000] {processor.py:914} INFO - Processing file /home/airflow/.local/lib/python3.12/site-packages/airflow/example_dags/example_latest_only.py for tasks to queue
[2025-02-06T18:26:47.502+0000] {logging_mixin.py:190} INFO - [2025-02-06T18:26:47.501+0000] {dagbag.py:588} INFO - Filling up the DagBag from /home/airflow/.local/lib/python3.12/site-packages/airflow/example_dags/example_latest_only.py
[2025-02-06T18:26:47.519+0000] {processor.py:925} INFO - DAG(s) 'latest_only' retrieved from /home/airflow/.local/lib/python3.12/site-packages/airflow/example_dags/example_latest_only.py
[2025-02-06T18:26:47.561+0000] {logging_mixin.py:190} INFO - [2025-02-06T18:26:47.561+0000] {dag.py:3239} INFO - Sync 1 DAGs
[2025-02-06T18:26:47.614+0000] {logging_mixin.py:190} INFO - [2025-02-06T18:26:47.614+0000] {dag.py:4180} INFO - Setting next_dagrun for latest_only to 2025-02-06 12:00:00+00:00, run_after=2025-02-06 16:00:00+00:00
[2025-02-06T18:26:47.667+0000] {processor.py:208} INFO - Processing /home/airflow/.local/lib/python3.12/site-packages/airflow/example_dags/example_latest_only.py took 0.188 seconds
[2025-02-06T18:27:18.764+0000] {processor.py:186} INFO - Started process (PID=1354) to work on /home/airflow/.local/lib/python3.12/site-packages/airflow/example_dags/example_latest_only.py
[2025-02-06T18:27:18.766+0000] {processor.py:914} INFO - Processing file /home/airflow/.local/lib/python3.12/site-packages/airflow/example_dags/example_latest_only.py for tasks to queue
[2025-02-06T18:27:18.771+0000] {logging_mixin.py:190} INFO - [2025-02-06T18:27:18.770+0000] {dagbag.py:588} INFO - Filling up the DagBag from /home/airflow/.local/lib/python3.12/site-packages/airflow/example_dags/example_latest_only.py
[2025-02-06T18:27:18.785+0000] {processor.py:925} INFO - DAG(s) 'latest_only' retrieved from /home/airflow/.local/lib/python3.12/site-packages/airflow/example_dags/example_latest_only.py
[2025-02-06T18:27:18.823+0000] {logging_mixin.py:190} INFO - [2025-02-06T18:27:18.823+0000] {dag.py:3239} INFO - Sync 1 DAGs
[2025-02-06T18:27:18.879+0000] {logging_mixin.py:190} INFO - [2025-02-06T18:27:18.878+0000] {dag.py:4180} INFO - Setting next_dagrun for latest_only to 2025-02-06 12:00:00+00:00, run_after=2025-02-06 16:00:00+00:00
[2025-02-06T18:27:18.921+0000] {processor.py:208} INFO - Processing /home/airflow/.local/lib/python3.12/site-packages/airflow/example_dags/example_latest_only.py took 0.171 seconds
[2025-02-06T18:27:49.354+0000] {processor.py:186} INFO - Started process (PID=1410) to work on /home/airflow/.local/lib/python3.12/site-packages/airflow/example_dags/example_latest_only.py
[2025-02-06T18:27:49.356+0000] {processor.py:914} INFO - Processing file /home/airflow/.local/lib/python3.12/site-packages/airflow/example_dags/example_latest_only.py for tasks to queue
[2025-02-06T18:27:49.360+0000] {logging_mixin.py:190} INFO - [2025-02-06T18:27:49.359+0000] {dagbag.py:588} INFO - Filling up the DagBag from /home/airflow/.local/lib/python3.12/site-packages/airflow/example_dags/example_latest_only.py
[2025-02-06T18:27:49.370+0000] {processor.py:925} INFO - DAG(s) 'latest_only' retrieved from /home/airflow/.local/lib/python3.12/site-packages/airflow/example_dags/example_latest_only.py
[2025-02-06T18:27:49.397+0000] {logging_mixin.py:190} INFO - [2025-02-06T18:27:49.396+0000] {dag.py:3239} INFO - Sync 1 DAGs
[2025-02-06T18:27:49.439+0000] {logging_mixin.py:190} INFO - [2025-02-06T18:27:49.439+0000] {dag.py:4180} INFO - Setting next_dagrun for latest_only to 2025-02-06 12:00:00+00:00, run_after=2025-02-06 16:00:00+00:00
[2025-02-06T18:27:49.480+0000] {processor.py:208} INFO - Processing /home/airflow/.local/lib/python3.12/site-packages/airflow/example_dags/example_latest_only.py took 0.135 seconds
[2025-02-06T18:28:20.872+0000] {processor.py:186} INFO - Started process (PID=1467) to work on /home/airflow/.local/lib/python3.12/site-packages/airflow/example_dags/example_latest_only.py
[2025-02-06T18:28:20.874+0000] {processor.py:914} INFO - Processing file /home/airflow/.local/lib/python3.12/site-packages/airflow/example_dags/example_latest_only.py for tasks to queue
[2025-02-06T18:28:20.879+0000] {logging_mixin.py:190} INFO - [2025-02-06T18:28:20.879+0000] {dagbag.py:588} INFO - Filling up the DagBag from /home/airflow/.local/lib/python3.12/site-packages/airflow/example_dags/example_latest_only.py
[2025-02-06T18:28:20.895+0000] {processor.py:925} INFO - DAG(s) 'latest_only' retrieved from /home/airflow/.local/lib/python3.12/site-packages/airflow/example_dags/example_latest_only.py
[2025-02-06T18:28:20.926+0000] {logging_mixin.py:190} INFO - [2025-02-06T18:28:20.925+0000] {dag.py:3239} INFO - Sync 1 DAGs
[2025-02-06T18:28:20.979+0000] {logging_mixin.py:190} INFO - [2025-02-06T18:28:20.979+0000] {dag.py:4180} INFO - Setting next_dagrun for latest_only to 2025-02-06 12:00:00+00:00, run_after=2025-02-06 16:00:00+00:00
[2025-02-06T18:28:21.024+0000] {processor.py:208} INFO - Processing /home/airflow/.local/lib/python3.12/site-packages/airflow/example_dags/example_latest_only.py took 0.163 seconds
[2025-02-06T18:28:54.015+0000] {processor.py:186} INFO - Started process (PID=1524) to work on /home/airflow/.local/lib/python3.12/site-packages/airflow/example_dags/example_latest_only.py
[2025-02-06T18:28:54.016+0000] {processor.py:914} INFO - Processing file /home/airflow/.local/lib/python3.12/site-packages/airflow/example_dags/example_latest_only.py for tasks to queue
[2025-02-06T18:28:54.021+0000] {logging_mixin.py:190} INFO - [2025-02-06T18:28:54.020+0000] {dagbag.py:588} INFO - Filling up the DagBag from /home/airflow/.local/lib/python3.12/site-packages/airflow/example_dags/example_latest_only.py
[2025-02-06T18:28:54.033+0000] {processor.py:925} INFO - DAG(s) 'latest_only' retrieved from /home/airflow/.local/lib/python3.12/site-packages/airflow/example_dags/example_latest_only.py
[2025-02-06T18:28:54.067+0000] {logging_mixin.py:190} INFO - [2025-02-06T18:28:54.066+0000] {dag.py:3239} INFO - Sync 1 DAGs
[2025-02-06T18:28:54.111+0000] {logging_mixin.py:190} INFO - [2025-02-06T18:28:54.111+0000] {dag.py:4180} INFO - Setting next_dagrun for latest_only to 2025-02-06 12:00:00+00:00, run_after=2025-02-06 16:00:00+00:00
[2025-02-06T18:28:54.154+0000] {processor.py:208} INFO - Processing /home/airflow/.local/lib/python3.12/site-packages/airflow/example_dags/example_latest_only.py took 0.151 seconds
[2025-02-06T18:29:26.074+0000] {processor.py:186} INFO - Started process (PID=1581) to work on /home/airflow/.local/lib/python3.12/site-packages/airflow/example_dags/example_latest_only.py
[2025-02-06T18:29:26.076+0000] {processor.py:914} INFO - Processing file /home/airflow/.local/lib/python3.12/site-packages/airflow/example_dags/example_latest_only.py for tasks to queue
[2025-02-06T18:29:26.080+0000] {logging_mixin.py:190} INFO - [2025-02-06T18:29:26.079+0000] {dagbag.py:588} INFO - Filling up the DagBag from /home/airflow/.local/lib/python3.12/site-packages/airflow/example_dags/example_latest_only.py
[2025-02-06T18:29:26.090+0000] {processor.py:925} INFO - DAG(s) 'latest_only' retrieved from /home/airflow/.local/lib/python3.12/site-packages/airflow/example_dags/example_latest_only.py
[2025-02-06T18:29:26.117+0000] {logging_mixin.py:190} INFO - [2025-02-06T18:29:26.116+0000] {dag.py:3239} INFO - Sync 1 DAGs
[2025-02-06T18:29:26.148+0000] {logging_mixin.py:190} INFO - [2025-02-06T18:29:26.147+0000] {dag.py:4180} INFO - Setting next_dagrun for latest_only to 2025-02-06 12:00:00+00:00, run_after=2025-02-06 16:00:00+00:00
[2025-02-06T18:29:26.173+0000] {processor.py:208} INFO - Processing /home/airflow/.local/lib/python3.12/site-packages/airflow/example_dags/example_latest_only.py took 0.109 seconds
[2025-02-06T18:29:56.889+0000] {processor.py:186} INFO - Started process (PID=1636) to work on /home/airflow/.local/lib/python3.12/site-packages/airflow/example_dags/example_latest_only.py
[2025-02-06T18:29:56.891+0000] {processor.py:914} INFO - Processing file /home/airflow/.local/lib/python3.12/site-packages/airflow/example_dags/example_latest_only.py for tasks to queue
[2025-02-06T18:29:56.895+0000] {logging_mixin.py:190} INFO - [2025-02-06T18:29:56.894+0000] {dagbag.py:588} INFO - Filling up the DagBag from /home/airflow/.local/lib/python3.12/site-packages/airflow/example_dags/example_latest_only.py
[2025-02-06T18:29:56.904+0000] {processor.py:925} INFO - DAG(s) 'latest_only' retrieved from /home/airflow/.local/lib/python3.12/site-packages/airflow/example_dags/example_latest_only.py
[2025-02-06T18:29:56.931+0000] {logging_mixin.py:190} INFO - [2025-02-06T18:29:56.931+0000] {dag.py:3239} INFO - Sync 1 DAGs
[2025-02-06T18:29:56.967+0000] {logging_mixin.py:190} INFO - [2025-02-06T18:29:56.967+0000] {dag.py:4180} INFO - Setting next_dagrun for latest_only to 2025-02-06 12:00:00+00:00, run_after=2025-02-06 16:00:00+00:00
[2025-02-06T18:29:56.998+0000] {processor.py:208} INFO - Processing /home/airflow/.local/lib/python3.12/site-packages/airflow/example_dags/example_latest_only.py took 0.117 seconds
[2025-02-06T18:30:27.232+0000] {processor.py:186} INFO - Started process (PID=1693) to work on /home/airflow/.local/lib/python3.12/site-packages/airflow/example_dags/example_latest_only.py
[2025-02-06T18:30:27.234+0000] {processor.py:914} INFO - Processing file /home/airflow/.local/lib/python3.12/site-packages/airflow/example_dags/example_latest_only.py for tasks to queue
[2025-02-06T18:30:27.238+0000] {logging_mixin.py:190} INFO - [2025-02-06T18:30:27.238+0000] {dagbag.py:588} INFO - Filling up the DagBag from /home/airflow/.local/lib/python3.12/site-packages/airflow/example_dags/example_latest_only.py
[2025-02-06T18:30:27.251+0000] {processor.py:925} INFO - DAG(s) 'latest_only' retrieved from /home/airflow/.local/lib/python3.12/site-packages/airflow/example_dags/example_latest_only.py
[2025-02-06T18:30:27.282+0000] {logging_mixin.py:190} INFO - [2025-02-06T18:30:27.282+0000] {dag.py:3239} INFO - Sync 1 DAGs
[2025-02-06T18:30:27.362+0000] {logging_mixin.py:190} INFO - [2025-02-06T18:30:27.360+0000] {dag.py:4180} INFO - Setting next_dagrun for latest_only to 2025-02-06 12:00:00+00:00, run_after=2025-02-06 16:00:00+00:00
[2025-02-06T18:30:27.428+0000] {processor.py:208} INFO - Processing /home/airflow/.local/lib/python3.12/site-packages/airflow/example_dags/example_latest_only.py took 0.206 seconds
[2025-02-06T18:30:57.502+0000] {processor.py:186} INFO - Started process (PID=1750) to work on /home/airflow/.local/lib/python3.12/site-packages/airflow/example_dags/example_latest_only.py
[2025-02-06T18:30:57.504+0000] {processor.py:914} INFO - Processing file /home/airflow/.local/lib/python3.12/site-packages/airflow/example_dags/example_latest_only.py for tasks to queue
[2025-02-06T18:30:57.510+0000] {logging_mixin.py:190} INFO - [2025-02-06T18:30:57.509+0000] {dagbag.py:588} INFO - Filling up the DagBag from /home/airflow/.local/lib/python3.12/site-packages/airflow/example_dags/example_latest_only.py
[2025-02-06T18:30:57.520+0000] {processor.py:925} INFO - DAG(s) 'latest_only' retrieved from /home/airflow/.local/lib/python3.12/site-packages/airflow/example_dags/example_latest_only.py
[2025-02-06T18:30:57.551+0000] {logging_mixin.py:190} INFO - [2025-02-06T18:30:57.550+0000] {dag.py:3239} INFO - Sync 1 DAGs
[2025-02-06T18:30:57.589+0000] {logging_mixin.py:190} INFO - [2025-02-06T18:30:57.589+0000] {dag.py:4180} INFO - Setting next_dagrun for latest_only to 2025-02-06 12:00:00+00:00, run_after=2025-02-06 16:00:00+00:00
[2025-02-06T18:30:57.618+0000] {processor.py:208} INFO - Processing /home/airflow/.local/lib/python3.12/site-packages/airflow/example_dags/example_latest_only.py took 0.125 seconds
[2025-02-06T18:31:27.900+0000] {processor.py:186} INFO - Started process (PID=1807) to work on /home/airflow/.local/lib/python3.12/site-packages/airflow/example_dags/example_latest_only.py
[2025-02-06T18:31:27.902+0000] {processor.py:914} INFO - Processing file /home/airflow/.local/lib/python3.12/site-packages/airflow/example_dags/example_latest_only.py for tasks to queue
[2025-02-06T18:31:27.908+0000] {logging_mixin.py:190} INFO - [2025-02-06T18:31:27.907+0000] {dagbag.py:588} INFO - Filling up the DagBag from /home/airflow/.local/lib/python3.12/site-packages/airflow/example_dags/example_latest_only.py
[2025-02-06T18:31:27.928+0000] {processor.py:925} INFO - DAG(s) 'latest_only' retrieved from /home/airflow/.local/lib/python3.12/site-packages/airflow/example_dags/example_latest_only.py
[2025-02-06T18:31:27.961+0000] {logging_mixin.py:190} INFO - [2025-02-06T18:31:27.961+0000] {dag.py:3239} INFO - Sync 1 DAGs
[2025-02-06T18:31:27.997+0000] {logging_mixin.py:190} INFO - [2025-02-06T18:31:27.997+0000] {dag.py:4180} INFO - Setting next_dagrun for latest_only to 2025-02-06 12:00:00+00:00, run_after=2025-02-06 16:00:00+00:00
[2025-02-06T18:31:28.038+0000] {processor.py:208} INFO - Processing /home/airflow/.local/lib/python3.12/site-packages/airflow/example_dags/example_latest_only.py took 0.149 seconds
[2025-02-06T18:31:58.345+0000] {processor.py:186} INFO - Started process (PID=1864) to work on /home/airflow/.local/lib/python3.12/site-packages/airflow/example_dags/example_latest_only.py
[2025-02-06T18:31:58.346+0000] {processor.py:914} INFO - Processing file /home/airflow/.local/lib/python3.12/site-packages/airflow/example_dags/example_latest_only.py for tasks to queue
[2025-02-06T18:31:58.350+0000] {logging_mixin.py:190} INFO - [2025-02-06T18:31:58.350+0000] {dagbag.py:588} INFO - Filling up the DagBag from /home/airflow/.local/lib/python3.12/site-packages/airflow/example_dags/example_latest_only.py
[2025-02-06T18:31:58.362+0000] {processor.py:925} INFO - DAG(s) 'latest_only' retrieved from /home/airflow/.local/lib/python3.12/site-packages/airflow/example_dags/example_latest_only.py
[2025-02-06T18:31:58.403+0000] {logging_mixin.py:190} INFO - [2025-02-06T18:31:58.402+0000] {dag.py:3239} INFO - Sync 1 DAGs
[2025-02-06T18:31:58.447+0000] {logging_mixin.py:190} INFO - [2025-02-06T18:31:58.446+0000] {dag.py:4180} INFO - Setting next_dagrun for latest_only to 2025-02-06 12:00:00+00:00, run_after=2025-02-06 16:00:00+00:00
[2025-02-06T18:31:58.485+0000] {processor.py:208} INFO - Processing /home/airflow/.local/lib/python3.12/site-packages/airflow/example_dags/example_latest_only.py took 0.149 seconds
[2025-02-06T18:32:28.705+0000] {processor.py:186} INFO - Started process (PID=1921) to work on /home/airflow/.local/lib/python3.12/site-packages/airflow/example_dags/example_latest_only.py
[2025-02-06T18:32:28.707+0000] {processor.py:914} INFO - Processing file /home/airflow/.local/lib/python3.12/site-packages/airflow/example_dags/example_latest_only.py for tasks to queue
[2025-02-06T18:32:28.712+0000] {logging_mixin.py:190} INFO - [2025-02-06T18:32:28.711+0000] {dagbag.py:588} INFO - Filling up the DagBag from /home/airflow/.local/lib/python3.12/site-packages/airflow/example_dags/example_latest_only.py
[2025-02-06T18:32:28.727+0000] {processor.py:925} INFO - DAG(s) 'latest_only' retrieved from /home/airflow/.local/lib/python3.12/site-packages/airflow/example_dags/example_latest_only.py
[2025-02-06T18:32:28.770+0000] {logging_mixin.py:190} INFO - [2025-02-06T18:32:28.769+0000] {dag.py:3239} INFO - Sync 1 DAGs
[2025-02-06T18:32:28.810+0000] {logging_mixin.py:190} INFO - [2025-02-06T18:32:28.810+0000] {dag.py:4180} INFO - Setting next_dagrun for latest_only to 2025-02-06 12:00:00+00:00, run_after=2025-02-06 16:00:00+00:00
[2025-02-06T18:32:28.844+0000] {processor.py:208} INFO - Processing /home/airflow/.local/lib/python3.12/site-packages/airflow/example_dags/example_latest_only.py took 0.151 seconds
[2025-02-06T18:32:59.325+0000] {processor.py:186} INFO - Started process (PID=1977) to work on /home/airflow/.local/lib/python3.12/site-packages/airflow/example_dags/example_latest_only.py
[2025-02-06T18:32:59.327+0000] {processor.py:914} INFO - Processing file /home/airflow/.local/lib/python3.12/site-packages/airflow/example_dags/example_latest_only.py for tasks to queue
[2025-02-06T18:32:59.334+0000] {logging_mixin.py:190} INFO - [2025-02-06T18:32:59.333+0000] {dagbag.py:588} INFO - Filling up the DagBag from /home/airflow/.local/lib/python3.12/site-packages/airflow/example_dags/example_latest_only.py
[2025-02-06T18:32:59.350+0000] {processor.py:925} INFO - DAG(s) 'latest_only' retrieved from /home/airflow/.local/lib/python3.12/site-packages/airflow/example_dags/example_latest_only.py
[2025-02-06T18:32:59.397+0000] {logging_mixin.py:190} INFO - [2025-02-06T18:32:59.397+0000] {dag.py:3239} INFO - Sync 1 DAGs
[2025-02-06T18:32:59.459+0000] {logging_mixin.py:190} INFO - [2025-02-06T18:32:59.459+0000] {dag.py:4180} INFO - Setting next_dagrun for latest_only to 2025-02-06 12:00:00+00:00, run_after=2025-02-06 16:00:00+00:00
[2025-02-06T18:32:59.516+0000] {processor.py:208} INFO - Processing /home/airflow/.local/lib/python3.12/site-packages/airflow/example_dags/example_latest_only.py took 0.209 seconds
[2025-02-06T18:33:29.628+0000] {processor.py:186} INFO - Started process (PID=2034) to work on /home/airflow/.local/lib/python3.12/site-packages/airflow/example_dags/example_latest_only.py
[2025-02-06T18:33:29.633+0000] {processor.py:914} INFO - Processing file /home/airflow/.local/lib/python3.12/site-packages/airflow/example_dags/example_latest_only.py for tasks to queue
[2025-02-06T18:33:29.642+0000] {logging_mixin.py:190} INFO - [2025-02-06T18:33:29.641+0000] {dagbag.py:588} INFO - Filling up the DagBag from /home/airflow/.local/lib/python3.12/site-packages/airflow/example_dags/example_latest_only.py
[2025-02-06T18:33:29.656+0000] {processor.py:925} INFO - DAG(s) 'latest_only' retrieved from /home/airflow/.local/lib/python3.12/site-packages/airflow/example_dags/example_latest_only.py
[2025-02-06T18:33:29.691+0000] {logging_mixin.py:190} INFO - [2025-02-06T18:33:29.691+0000] {dag.py:3239} INFO - Sync 1 DAGs
[2025-02-06T18:33:29.747+0000] {logging_mixin.py:190} INFO - [2025-02-06T18:33:29.746+0000] {dag.py:4180} INFO - Setting next_dagrun for latest_only to 2025-02-06 12:00:00+00:00, run_after=2025-02-06 16:00:00+00:00
[2025-02-06T18:33:29.785+0000] {processor.py:208} INFO - Processing /home/airflow/.local/lib/python3.12/site-packages/airflow/example_dags/example_latest_only.py took 0.173 seconds
[2025-02-06T18:33:59.912+0000] {processor.py:186} INFO - Started process (PID=2091) to work on /home/airflow/.local/lib/python3.12/site-packages/airflow/example_dags/example_latest_only.py
[2025-02-06T18:33:59.915+0000] {processor.py:914} INFO - Processing file /home/airflow/.local/lib/python3.12/site-packages/airflow/example_dags/example_latest_only.py for tasks to queue
[2025-02-06T18:33:59.921+0000] {logging_mixin.py:190} INFO - [2025-02-06T18:33:59.920+0000] {dagbag.py:588} INFO - Filling up the DagBag from /home/airflow/.local/lib/python3.12/site-packages/airflow/example_dags/example_latest_only.py
[2025-02-06T18:33:59.939+0000] {processor.py:925} INFO - DAG(s) 'latest_only' retrieved from /home/airflow/.local/lib/python3.12/site-packages/airflow/example_dags/example_latest_only.py
[2025-02-06T18:33:59.985+0000] {logging_mixin.py:190} INFO - [2025-02-06T18:33:59.984+0000] {dag.py:3239} INFO - Sync 1 DAGs
[2025-02-06T18:34:00.041+0000] {logging_mixin.py:190} INFO - [2025-02-06T18:34:00.040+0000] {dag.py:4180} INFO - Setting next_dagrun for latest_only to 2025-02-06 12:00:00+00:00, run_after=2025-02-06 16:00:00+00:00
[2025-02-06T18:34:00.097+0000] {processor.py:208} INFO - Processing /home/airflow/.local/lib/python3.12/site-packages/airflow/example_dags/example_latest_only.py took 0.193 seconds
[2025-02-06T18:34:30.678+0000] {processor.py:186} INFO - Started process (PID=2148) to work on /home/airflow/.local/lib/python3.12/site-packages/airflow/example_dags/example_latest_only.py
[2025-02-06T18:34:30.680+0000] {processor.py:914} INFO - Processing file /home/airflow/.local/lib/python3.12/site-packages/airflow/example_dags/example_latest_only.py for tasks to queue
[2025-02-06T18:34:30.686+0000] {logging_mixin.py:190} INFO - [2025-02-06T18:34:30.685+0000] {dagbag.py:588} INFO - Filling up the DagBag from /home/airflow/.local/lib/python3.12/site-packages/airflow/example_dags/example_latest_only.py
[2025-02-06T18:34:30.698+0000] {processor.py:925} INFO - DAG(s) 'latest_only' retrieved from /home/airflow/.local/lib/python3.12/site-packages/airflow/example_dags/example_latest_only.py
[2025-02-06T18:34:30.736+0000] {logging_mixin.py:190} INFO - [2025-02-06T18:34:30.735+0000] {dag.py:3239} INFO - Sync 1 DAGs
[2025-02-06T18:34:30.796+0000] {logging_mixin.py:190} INFO - [2025-02-06T18:34:30.795+0000] {dag.py:4180} INFO - Setting next_dagrun for latest_only to 2025-02-06 12:00:00+00:00, run_after=2025-02-06 16:00:00+00:00
[2025-02-06T18:34:30.826+0000] {processor.py:208} INFO - Processing /home/airflow/.local/lib/python3.12/site-packages/airflow/example_dags/example_latest_only.py took 0.161 seconds
[2025-02-06T18:35:01.244+0000] {processor.py:186} INFO - Started process (PID=2205) to work on /home/airflow/.local/lib/python3.12/site-packages/airflow/example_dags/example_latest_only.py
[2025-02-06T18:35:01.246+0000] {processor.py:914} INFO - Processing file /home/airflow/.local/lib/python3.12/site-packages/airflow/example_dags/example_latest_only.py for tasks to queue
[2025-02-06T18:35:01.251+0000] {logging_mixin.py:190} INFO - [2025-02-06T18:35:01.250+0000] {dagbag.py:588} INFO - Filling up the DagBag from /home/airflow/.local/lib/python3.12/site-packages/airflow/example_dags/example_latest_only.py
[2025-02-06T18:35:01.261+0000] {processor.py:925} INFO - DAG(s) 'latest_only' retrieved from /home/airflow/.local/lib/python3.12/site-packages/airflow/example_dags/example_latest_only.py
[2025-02-06T18:35:01.295+0000] {logging_mixin.py:190} INFO - [2025-02-06T18:35:01.295+0000] {dag.py:3239} INFO - Sync 1 DAGs
[2025-02-06T18:35:01.336+0000] {logging_mixin.py:190} INFO - [2025-02-06T18:35:01.335+0000] {dag.py:4180} INFO - Setting next_dagrun for latest_only to 2025-02-06 12:00:00+00:00, run_after=2025-02-06 16:00:00+00:00
[2025-02-06T18:35:01.369+0000] {processor.py:208} INFO - Processing /home/airflow/.local/lib/python3.12/site-packages/airflow/example_dags/example_latest_only.py took 0.134 seconds
[2025-02-06T18:35:31.700+0000] {processor.py:186} INFO - Started process (PID=2262) to work on /home/airflow/.local/lib/python3.12/site-packages/airflow/example_dags/example_latest_only.py
[2025-02-06T18:35:31.702+0000] {processor.py:914} INFO - Processing file /home/airflow/.local/lib/python3.12/site-packages/airflow/example_dags/example_latest_only.py for tasks to queue
[2025-02-06T18:35:31.707+0000] {logging_mixin.py:190} INFO - [2025-02-06T18:35:31.707+0000] {dagbag.py:588} INFO - Filling up the DagBag from /home/airflow/.local/lib/python3.12/site-packages/airflow/example_dags/example_latest_only.py
[2025-02-06T18:35:31.719+0000] {processor.py:925} INFO - DAG(s) 'latest_only' retrieved from /home/airflow/.local/lib/python3.12/site-packages/airflow/example_dags/example_latest_only.py
[2025-02-06T18:35:31.755+0000] {logging_mixin.py:190} INFO - [2025-02-06T18:35:31.754+0000] {dag.py:3239} INFO - Sync 1 DAGs
[2025-02-06T18:35:31.800+0000] {logging_mixin.py:190} INFO - [2025-02-06T18:35:31.800+0000] {dag.py:4180} INFO - Setting next_dagrun for latest_only to 2025-02-06 12:00:00+00:00, run_after=2025-02-06 16:00:00+00:00
[2025-02-06T18:35:31.874+0000] {processor.py:208} INFO - Processing /home/airflow/.local/lib/python3.12/site-packages/airflow/example_dags/example_latest_only.py took 0.186 seconds
[2025-02-06T18:36:02.202+0000] {processor.py:186} INFO - Started process (PID=2319) to work on /home/airflow/.local/lib/python3.12/site-packages/airflow/example_dags/example_latest_only.py
[2025-02-06T18:36:02.204+0000] {processor.py:914} INFO - Processing file /home/airflow/.local/lib/python3.12/site-packages/airflow/example_dags/example_latest_only.py for tasks to queue
[2025-02-06T18:36:02.208+0000] {logging_mixin.py:190} INFO - [2025-02-06T18:36:02.208+0000] {dagbag.py:588} INFO - Filling up the DagBag from /home/airflow/.local/lib/python3.12/site-packages/airflow/example_dags/example_latest_only.py
[2025-02-06T18:36:02.227+0000] {processor.py:925} INFO - DAG(s) 'latest_only' retrieved from /home/airflow/.local/lib/python3.12/site-packages/airflow/example_dags/example_latest_only.py
[2025-02-06T18:36:02.275+0000] {logging_mixin.py:190} INFO - [2025-02-06T18:36:02.274+0000] {dag.py:3239} INFO - Sync 1 DAGs
[2025-02-06T18:36:02.331+0000] {logging_mixin.py:190} INFO - [2025-02-06T18:36:02.331+0000] {dag.py:4180} INFO - Setting next_dagrun for latest_only to 2025-02-06 12:00:00+00:00, run_after=2025-02-06 16:00:00+00:00
[2025-02-06T18:36:02.384+0000] {processor.py:208} INFO - Processing /home/airflow/.local/lib/python3.12/site-packages/airflow/example_dags/example_latest_only.py took 0.195 seconds
[2025-02-06T18:36:32.448+0000] {processor.py:186} INFO - Started process (PID=2376) to work on /home/airflow/.local/lib/python3.12/site-packages/airflow/example_dags/example_latest_only.py
[2025-02-06T18:36:32.449+0000] {processor.py:914} INFO - Processing file /home/airflow/.local/lib/python3.12/site-packages/airflow/example_dags/example_latest_only.py for tasks to queue
[2025-02-06T18:36:32.453+0000] {logging_mixin.py:190} INFO - [2025-02-06T18:36:32.452+0000] {dagbag.py:588} INFO - Filling up the DagBag from /home/airflow/.local/lib/python3.12/site-packages/airflow/example_dags/example_latest_only.py
[2025-02-06T18:36:32.463+0000] {processor.py:925} INFO - DAG(s) 'latest_only' retrieved from /home/airflow/.local/lib/python3.12/site-packages/airflow/example_dags/example_latest_only.py
[2025-02-06T18:36:32.492+0000] {logging_mixin.py:190} INFO - [2025-02-06T18:36:32.492+0000] {dag.py:3239} INFO - Sync 1 DAGs
[2025-02-06T18:36:32.531+0000] {logging_mixin.py:190} INFO - [2025-02-06T18:36:32.530+0000] {dag.py:4180} INFO - Setting next_dagrun for latest_only to 2025-02-06 12:00:00+00:00, run_after=2025-02-06 16:00:00+00:00
[2025-02-06T18:36:32.555+0000] {processor.py:208} INFO - Processing /home/airflow/.local/lib/python3.12/site-packages/airflow/example_dags/example_latest_only.py took 0.115 seconds
[2025-02-06T18:37:04.093+0000] {processor.py:186} INFO - Started process (PID=2431) to work on /home/airflow/.local/lib/python3.12/site-packages/airflow/example_dags/example_latest_only.py
[2025-02-06T18:37:04.095+0000] {processor.py:914} INFO - Processing file /home/airflow/.local/lib/python3.12/site-packages/airflow/example_dags/example_latest_only.py for tasks to queue
[2025-02-06T18:37:04.099+0000] {logging_mixin.py:190} INFO - [2025-02-06T18:37:04.098+0000] {dagbag.py:588} INFO - Filling up the DagBag from /home/airflow/.local/lib/python3.12/site-packages/airflow/example_dags/example_latest_only.py
[2025-02-06T18:37:04.113+0000] {processor.py:925} INFO - DAG(s) 'latest_only' retrieved from /home/airflow/.local/lib/python3.12/site-packages/airflow/example_dags/example_latest_only.py
[2025-02-06T18:37:04.146+0000] {logging_mixin.py:190} INFO - [2025-02-06T18:37:04.146+0000] {dag.py:3239} INFO - Sync 1 DAGs
[2025-02-06T18:37:04.201+0000] {logging_mixin.py:190} INFO - [2025-02-06T18:37:04.200+0000] {dag.py:4180} INFO - Setting next_dagrun for latest_only to 2025-02-06 12:00:00+00:00, run_after=2025-02-06 16:00:00+00:00
[2025-02-06T18:37:04.234+0000] {processor.py:208} INFO - Processing /home/airflow/.local/lib/python3.12/site-packages/airflow/example_dags/example_latest_only.py took 0.155 seconds
[2025-02-06T18:37:34.529+0000] {processor.py:186} INFO - Started process (PID=2480) to work on /home/airflow/.local/lib/python3.12/site-packages/airflow/example_dags/example_latest_only.py
[2025-02-06T18:37:34.531+0000] {processor.py:914} INFO - Processing file /home/airflow/.local/lib/python3.12/site-packages/airflow/example_dags/example_latest_only.py for tasks to queue
[2025-02-06T18:37:34.535+0000] {logging_mixin.py:190} INFO - [2025-02-06T18:37:34.534+0000] {dagbag.py:588} INFO - Filling up the DagBag from /home/airflow/.local/lib/python3.12/site-packages/airflow/example_dags/example_latest_only.py
[2025-02-06T18:37:34.547+0000] {processor.py:925} INFO - DAG(s) 'latest_only' retrieved from /home/airflow/.local/lib/python3.12/site-packages/airflow/example_dags/example_latest_only.py
[2025-02-06T18:37:34.583+0000] {logging_mixin.py:190} INFO - [2025-02-06T18:37:34.583+0000] {dag.py:3239} INFO - Sync 1 DAGs
[2025-02-06T18:37:34.634+0000] {logging_mixin.py:190} INFO - [2025-02-06T18:37:34.633+0000] {dag.py:4180} INFO - Setting next_dagrun for latest_only to 2025-02-06 12:00:00+00:00, run_after=2025-02-06 16:00:00+00:00
[2025-02-06T18:37:34.666+0000] {processor.py:208} INFO - Processing /home/airflow/.local/lib/python3.12/site-packages/airflow/example_dags/example_latest_only.py took 0.147 seconds
[2025-02-06T18:38:06.475+0000] {processor.py:186} INFO - Started process (PID=2532) to work on /home/airflow/.local/lib/python3.12/site-packages/airflow/example_dags/example_latest_only.py
[2025-02-06T18:38:06.478+0000] {processor.py:914} INFO - Processing file /home/airflow/.local/lib/python3.12/site-packages/airflow/example_dags/example_latest_only.py for tasks to queue
[2025-02-06T18:38:06.483+0000] {logging_mixin.py:190} INFO - [2025-02-06T18:38:06.482+0000] {dagbag.py:588} INFO - Filling up the DagBag from /home/airflow/.local/lib/python3.12/site-packages/airflow/example_dags/example_latest_only.py
[2025-02-06T18:38:06.500+0000] {processor.py:925} INFO - DAG(s) 'latest_only' retrieved from /home/airflow/.local/lib/python3.12/site-packages/airflow/example_dags/example_latest_only.py
[2025-02-06T18:38:06.526+0000] {logging_mixin.py:190} INFO - [2025-02-06T18:38:06.525+0000] {dag.py:3239} INFO - Sync 1 DAGs
[2025-02-06T18:38:06.560+0000] {logging_mixin.py:190} INFO - [2025-02-06T18:38:06.560+0000] {dag.py:4180} INFO - Setting next_dagrun for latest_only to 2025-02-06 12:00:00+00:00, run_after=2025-02-06 16:00:00+00:00
[2025-02-06T18:38:06.593+0000] {processor.py:208} INFO - Processing /home/airflow/.local/lib/python3.12/site-packages/airflow/example_dags/example_latest_only.py took 0.128 seconds
[2025-02-06T18:38:38.256+0000] {processor.py:186} INFO - Started process (PID=2589) to work on /home/airflow/.local/lib/python3.12/site-packages/airflow/example_dags/example_latest_only.py
[2025-02-06T18:38:38.258+0000] {processor.py:914} INFO - Processing file /home/airflow/.local/lib/python3.12/site-packages/airflow/example_dags/example_latest_only.py for tasks to queue
[2025-02-06T18:38:38.261+0000] {logging_mixin.py:190} INFO - [2025-02-06T18:38:38.261+0000] {dagbag.py:588} INFO - Filling up the DagBag from /home/airflow/.local/lib/python3.12/site-packages/airflow/example_dags/example_latest_only.py
[2025-02-06T18:38:38.273+0000] {processor.py:925} INFO - DAG(s) 'latest_only' retrieved from /home/airflow/.local/lib/python3.12/site-packages/airflow/example_dags/example_latest_only.py
[2025-02-06T18:38:38.304+0000] {logging_mixin.py:190} INFO - [2025-02-06T18:38:38.304+0000] {dag.py:3239} INFO - Sync 1 DAGs
[2025-02-06T18:38:38.348+0000] {logging_mixin.py:190} INFO - [2025-02-06T18:38:38.348+0000] {dag.py:4180} INFO - Setting next_dagrun for latest_only to 2025-02-06 12:00:00+00:00, run_after=2025-02-06 16:00:00+00:00
[2025-02-06T18:38:38.382+0000] {processor.py:208} INFO - Processing /home/airflow/.local/lib/python3.12/site-packages/airflow/example_dags/example_latest_only.py took 0.136 seconds
[2025-02-06T18:39:09.062+0000] {processor.py:186} INFO - Started process (PID=2644) to work on /home/airflow/.local/lib/python3.12/site-packages/airflow/example_dags/example_latest_only.py
[2025-02-06T18:39:09.064+0000] {processor.py:914} INFO - Processing file /home/airflow/.local/lib/python3.12/site-packages/airflow/example_dags/example_latest_only.py for tasks to queue
[2025-02-06T18:39:09.067+0000] {logging_mixin.py:190} INFO - [2025-02-06T18:39:09.067+0000] {dagbag.py:588} INFO - Filling up the DagBag from /home/airflow/.local/lib/python3.12/site-packages/airflow/example_dags/example_latest_only.py
[2025-02-06T18:39:09.079+0000] {processor.py:925} INFO - DAG(s) 'latest_only' retrieved from /home/airflow/.local/lib/python3.12/site-packages/airflow/example_dags/example_latest_only.py
[2025-02-06T18:39:09.105+0000] {logging_mixin.py:190} INFO - [2025-02-06T18:39:09.105+0000] {dag.py:3239} INFO - Sync 1 DAGs
[2025-02-06T18:39:09.152+0000] {logging_mixin.py:190} INFO - [2025-02-06T18:39:09.151+0000] {dag.py:4180} INFO - Setting next_dagrun for latest_only to 2025-02-06 12:00:00+00:00, run_after=2025-02-06 16:00:00+00:00
[2025-02-06T18:39:09.185+0000] {processor.py:208} INFO - Processing /home/airflow/.local/lib/python3.12/site-packages/airflow/example_dags/example_latest_only.py took 0.133 seconds
[2025-02-06T18:39:39.532+0000] {processor.py:186} INFO - Started process (PID=2700) to work on /home/airflow/.local/lib/python3.12/site-packages/airflow/example_dags/example_latest_only.py
[2025-02-06T18:39:39.534+0000] {processor.py:914} INFO - Processing file /home/airflow/.local/lib/python3.12/site-packages/airflow/example_dags/example_latest_only.py for tasks to queue
[2025-02-06T18:39:39.538+0000] {logging_mixin.py:190} INFO - [2025-02-06T18:39:39.538+0000] {dagbag.py:588} INFO - Filling up the DagBag from /home/airflow/.local/lib/python3.12/site-packages/airflow/example_dags/example_latest_only.py
[2025-02-06T18:39:39.549+0000] {processor.py:925} INFO - DAG(s) 'latest_only' retrieved from /home/airflow/.local/lib/python3.12/site-packages/airflow/example_dags/example_latest_only.py
[2025-02-06T18:39:39.582+0000] {logging_mixin.py:190} INFO - [2025-02-06T18:39:39.581+0000] {dag.py:3239} INFO - Sync 1 DAGs
[2025-02-06T18:39:39.638+0000] {logging_mixin.py:190} INFO - [2025-02-06T18:39:39.638+0000] {dag.py:4180} INFO - Setting next_dagrun for latest_only to 2025-02-06 12:00:00+00:00, run_after=2025-02-06 16:00:00+00:00
[2025-02-06T18:39:39.673+0000] {processor.py:208} INFO - Processing /home/airflow/.local/lib/python3.12/site-packages/airflow/example_dags/example_latest_only.py took 0.154 seconds
[2025-02-06T18:40:10.071+0000] {processor.py:186} INFO - Started process (PID=2756) to work on /home/airflow/.local/lib/python3.12/site-packages/airflow/example_dags/example_latest_only.py
[2025-02-06T18:40:10.073+0000] {processor.py:914} INFO - Processing file /home/airflow/.local/lib/python3.12/site-packages/airflow/example_dags/example_latest_only.py for tasks to queue
[2025-02-06T18:40:10.078+0000] {logging_mixin.py:190} INFO - [2025-02-06T18:40:10.077+0000] {dagbag.py:588} INFO - Filling up the DagBag from /home/airflow/.local/lib/python3.12/site-packages/airflow/example_dags/example_latest_only.py
[2025-02-06T18:40:10.090+0000] {processor.py:925} INFO - DAG(s) 'latest_only' retrieved from /home/airflow/.local/lib/python3.12/site-packages/airflow/example_dags/example_latest_only.py
[2025-02-06T18:40:10.119+0000] {logging_mixin.py:190} INFO - [2025-02-06T18:40:10.118+0000] {dag.py:3239} INFO - Sync 1 DAGs
[2025-02-06T18:40:10.382+0000] {logging_mixin.py:190} INFO - [2025-02-06T18:40:10.382+0000] {dag.py:4180} INFO - Setting next_dagrun for latest_only to 2025-02-06 12:00:00+00:00, run_after=2025-02-06 16:00:00+00:00
[2025-02-06T18:40:10.413+0000] {processor.py:208} INFO - Processing /home/airflow/.local/lib/python3.12/site-packages/airflow/example_dags/example_latest_only.py took 0.356 seconds
[2025-02-06T18:40:40.514+0000] {processor.py:186} INFO - Started process (PID=2813) to work on /home/airflow/.local/lib/python3.12/site-packages/airflow/example_dags/example_latest_only.py
[2025-02-06T18:40:40.516+0000] {processor.py:914} INFO - Processing file /home/airflow/.local/lib/python3.12/site-packages/airflow/example_dags/example_latest_only.py for tasks to queue
[2025-02-06T18:40:40.521+0000] {logging_mixin.py:190} INFO - [2025-02-06T18:40:40.520+0000] {dagbag.py:588} INFO - Filling up the DagBag from /home/airflow/.local/lib/python3.12/site-packages/airflow/example_dags/example_latest_only.py
[2025-02-06T18:40:40.535+0000] {processor.py:925} INFO - DAG(s) 'latest_only' retrieved from /home/airflow/.local/lib/python3.12/site-packages/airflow/example_dags/example_latest_only.py
[2025-02-06T18:40:40.570+0000] {logging_mixin.py:190} INFO - [2025-02-06T18:40:40.570+0000] {dag.py:3239} INFO - Sync 1 DAGs
[2025-02-06T18:40:40.934+0000] {logging_mixin.py:190} INFO - [2025-02-06T18:40:40.934+0000] {dag.py:4180} INFO - Setting next_dagrun for latest_only to 2025-02-06 12:00:00+00:00, run_after=2025-02-06 16:00:00+00:00
[2025-02-06T18:40:40.969+0000] {processor.py:208} INFO - Processing /home/airflow/.local/lib/python3.12/site-packages/airflow/example_dags/example_latest_only.py took 0.467 seconds
[2025-02-06T18:41:11.171+0000] {processor.py:186} INFO - Started process (PID=2870) to work on /home/airflow/.local/lib/python3.12/site-packages/airflow/example_dags/example_latest_only.py
[2025-02-06T18:41:11.172+0000] {processor.py:914} INFO - Processing file /home/airflow/.local/lib/python3.12/site-packages/airflow/example_dags/example_latest_only.py for tasks to queue
[2025-02-06T18:41:11.176+0000] {logging_mixin.py:190} INFO - [2025-02-06T18:41:11.176+0000] {dagbag.py:588} INFO - Filling up the DagBag from /home/airflow/.local/lib/python3.12/site-packages/airflow/example_dags/example_latest_only.py
[2025-02-06T18:41:11.187+0000] {processor.py:925} INFO - DAG(s) 'latest_only' retrieved from /home/airflow/.local/lib/python3.12/site-packages/airflow/example_dags/example_latest_only.py
[2025-02-06T18:41:11.218+0000] {logging_mixin.py:190} INFO - [2025-02-06T18:41:11.218+0000] {dag.py:3239} INFO - Sync 1 DAGs
[2025-02-06T18:41:11.257+0000] {logging_mixin.py:190} INFO - [2025-02-06T18:41:11.257+0000] {dag.py:4180} INFO - Setting next_dagrun for latest_only to 2025-02-06 12:00:00+00:00, run_after=2025-02-06 16:00:00+00:00
[2025-02-06T18:41:11.290+0000] {processor.py:208} INFO - Processing /home/airflow/.local/lib/python3.12/site-packages/airflow/example_dags/example_latest_only.py took 0.130 seconds
[2025-02-06T18:41:41.415+0000] {processor.py:186} INFO - Started process (PID=2927) to work on /home/airflow/.local/lib/python3.12/site-packages/airflow/example_dags/example_latest_only.py
[2025-02-06T18:41:41.417+0000] {processor.py:914} INFO - Processing file /home/airflow/.local/lib/python3.12/site-packages/airflow/example_dags/example_latest_only.py for tasks to queue
[2025-02-06T18:41:41.421+0000] {logging_mixin.py:190} INFO - [2025-02-06T18:41:41.421+0000] {dagbag.py:588} INFO - Filling up the DagBag from /home/airflow/.local/lib/python3.12/site-packages/airflow/example_dags/example_latest_only.py
[2025-02-06T18:41:41.433+0000] {processor.py:925} INFO - DAG(s) 'latest_only' retrieved from /home/airflow/.local/lib/python3.12/site-packages/airflow/example_dags/example_latest_only.py
[2025-02-06T18:41:41.473+0000] {logging_mixin.py:190} INFO - [2025-02-06T18:41:41.472+0000] {dag.py:3239} INFO - Sync 1 DAGs
[2025-02-06T18:41:41.530+0000] {logging_mixin.py:190} INFO - [2025-02-06T18:41:41.529+0000] {dag.py:4180} INFO - Setting next_dagrun for latest_only to 2025-02-06 12:00:00+00:00, run_after=2025-02-06 16:00:00+00:00
[2025-02-06T18:41:41.561+0000] {processor.py:208} INFO - Processing /home/airflow/.local/lib/python3.12/site-packages/airflow/example_dags/example_latest_only.py took 0.161 seconds
[2025-02-06T18:42:12.144+0000] {processor.py:186} INFO - Started process (PID=2984) to work on /home/airflow/.local/lib/python3.12/site-packages/airflow/example_dags/example_latest_only.py
[2025-02-06T18:42:12.146+0000] {processor.py:914} INFO - Processing file /home/airflow/.local/lib/python3.12/site-packages/airflow/example_dags/example_latest_only.py for tasks to queue
[2025-02-06T18:42:12.151+0000] {logging_mixin.py:190} INFO - [2025-02-06T18:42:12.150+0000] {dagbag.py:588} INFO - Filling up the DagBag from /home/airflow/.local/lib/python3.12/site-packages/airflow/example_dags/example_latest_only.py
[2025-02-06T18:42:12.162+0000] {processor.py:925} INFO - DAG(s) 'latest_only' retrieved from /home/airflow/.local/lib/python3.12/site-packages/airflow/example_dags/example_latest_only.py
[2025-02-06T18:42:12.192+0000] {logging_mixin.py:190} INFO - [2025-02-06T18:42:12.191+0000] {dag.py:3239} INFO - Sync 1 DAGs
[2025-02-06T18:42:12.224+0000] {logging_mixin.py:190} INFO - [2025-02-06T18:42:12.223+0000] {dag.py:4180} INFO - Setting next_dagrun for latest_only to 2025-02-06 12:00:00+00:00, run_after=2025-02-06 16:00:00+00:00
[2025-02-06T18:42:12.262+0000] {processor.py:208} INFO - Processing /home/airflow/.local/lib/python3.12/site-packages/airflow/example_dags/example_latest_only.py took 0.126 seconds
[2025-02-06T18:42:42.399+0000] {processor.py:186} INFO - Started process (PID=3041) to work on /home/airflow/.local/lib/python3.12/site-packages/airflow/example_dags/example_latest_only.py
[2025-02-06T18:42:42.401+0000] {processor.py:914} INFO - Processing file /home/airflow/.local/lib/python3.12/site-packages/airflow/example_dags/example_latest_only.py for tasks to queue
[2025-02-06T18:42:42.406+0000] {logging_mixin.py:190} INFO - [2025-02-06T18:42:42.405+0000] {dagbag.py:588} INFO - Filling up the DagBag from /home/airflow/.local/lib/python3.12/site-packages/airflow/example_dags/example_latest_only.py
[2025-02-06T18:42:42.421+0000] {processor.py:925} INFO - DAG(s) 'latest_only' retrieved from /home/airflow/.local/lib/python3.12/site-packages/airflow/example_dags/example_latest_only.py
[2025-02-06T18:42:42.452+0000] {logging_mixin.py:190} INFO - [2025-02-06T18:42:42.452+0000] {dag.py:3239} INFO - Sync 1 DAGs
[2025-02-06T18:42:42.526+0000] {logging_mixin.py:190} INFO - [2025-02-06T18:42:42.525+0000] {dag.py:4180} INFO - Setting next_dagrun for latest_only to 2025-02-06 12:00:00+00:00, run_after=2025-02-06 16:00:00+00:00
[2025-02-06T18:42:42.571+0000] {processor.py:208} INFO - Processing /home/airflow/.local/lib/python3.12/site-packages/airflow/example_dags/example_latest_only.py took 0.183 seconds
[2025-02-06T18:43:13.063+0000] {processor.py:186} INFO - Started process (PID=3098) to work on /home/airflow/.local/lib/python3.12/site-packages/airflow/example_dags/example_latest_only.py
[2025-02-06T18:43:13.065+0000] {processor.py:914} INFO - Processing file /home/airflow/.local/lib/python3.12/site-packages/airflow/example_dags/example_latest_only.py for tasks to queue
[2025-02-06T18:43:13.072+0000] {logging_mixin.py:190} INFO - [2025-02-06T18:43:13.071+0000] {dagbag.py:588} INFO - Filling up the DagBag from /home/airflow/.local/lib/python3.12/site-packages/airflow/example_dags/example_latest_only.py
[2025-02-06T18:43:13.092+0000] {processor.py:925} INFO - DAG(s) 'latest_only' retrieved from /home/airflow/.local/lib/python3.12/site-packages/airflow/example_dags/example_latest_only.py
[2025-02-06T18:43:13.123+0000] {logging_mixin.py:190} INFO - [2025-02-06T18:43:13.122+0000] {dag.py:3239} INFO - Sync 1 DAGs
[2025-02-06T18:43:13.172+0000] {logging_mixin.py:190} INFO - [2025-02-06T18:43:13.171+0000] {dag.py:4180} INFO - Setting next_dagrun for latest_only to 2025-02-06 12:00:00+00:00, run_after=2025-02-06 16:00:00+00:00
[2025-02-06T18:43:13.202+0000] {processor.py:208} INFO - Processing /home/airflow/.local/lib/python3.12/site-packages/airflow/example_dags/example_latest_only.py took 0.158 seconds
[2025-02-06T18:43:44.378+0000] {processor.py:186} INFO - Started process (PID=3155) to work on /home/airflow/.local/lib/python3.12/site-packages/airflow/example_dags/example_latest_only.py
[2025-02-06T18:43:44.381+0000] {processor.py:914} INFO - Processing file /home/airflow/.local/lib/python3.12/site-packages/airflow/example_dags/example_latest_only.py for tasks to queue
[2025-02-06T18:43:44.388+0000] {logging_mixin.py:190} INFO - [2025-02-06T18:43:44.387+0000] {dagbag.py:588} INFO - Filling up the DagBag from /home/airflow/.local/lib/python3.12/site-packages/airflow/example_dags/example_latest_only.py
[2025-02-06T18:43:44.405+0000] {processor.py:925} INFO - DAG(s) 'latest_only' retrieved from /home/airflow/.local/lib/python3.12/site-packages/airflow/example_dags/example_latest_only.py
[2025-02-06T18:43:44.455+0000] {logging_mixin.py:190} INFO - [2025-02-06T18:43:44.454+0000] {dag.py:3239} INFO - Sync 1 DAGs
[2025-02-06T18:43:44.503+0000] {logging_mixin.py:190} INFO - [2025-02-06T18:43:44.503+0000] {dag.py:4180} INFO - Setting next_dagrun for latest_only to 2025-02-06 12:00:00+00:00, run_after=2025-02-06 16:00:00+00:00
[2025-02-06T18:43:44.534+0000] {processor.py:208} INFO - Processing /home/airflow/.local/lib/python3.12/site-packages/airflow/example_dags/example_latest_only.py took 0.170 seconds
[2025-02-06T18:44:15.057+0000] {processor.py:186} INFO - Started process (PID=3211) to work on /home/airflow/.local/lib/python3.12/site-packages/airflow/example_dags/example_latest_only.py
[2025-02-06T18:44:15.058+0000] {processor.py:914} INFO - Processing file /home/airflow/.local/lib/python3.12/site-packages/airflow/example_dags/example_latest_only.py for tasks to queue
[2025-02-06T18:44:15.062+0000] {logging_mixin.py:190} INFO - [2025-02-06T18:44:15.062+0000] {dagbag.py:588} INFO - Filling up the DagBag from /home/airflow/.local/lib/python3.12/site-packages/airflow/example_dags/example_latest_only.py
[2025-02-06T18:44:15.075+0000] {processor.py:925} INFO - DAG(s) 'latest_only' retrieved from /home/airflow/.local/lib/python3.12/site-packages/airflow/example_dags/example_latest_only.py
[2025-02-06T18:44:15.108+0000] {logging_mixin.py:190} INFO - [2025-02-06T18:44:15.107+0000] {dag.py:3239} INFO - Sync 1 DAGs
[2025-02-06T18:44:15.144+0000] {logging_mixin.py:190} INFO - [2025-02-06T18:44:15.144+0000] {dag.py:4180} INFO - Setting next_dagrun for latest_only to 2025-02-06 12:00:00+00:00, run_after=2025-02-06 16:00:00+00:00
[2025-02-06T18:44:15.175+0000] {processor.py:208} INFO - Processing /home/airflow/.local/lib/python3.12/site-packages/airflow/example_dags/example_latest_only.py took 0.128 seconds
[2025-02-06T18:44:45.343+0000] {processor.py:186} INFO - Started process (PID=3267) to work on /home/airflow/.local/lib/python3.12/site-packages/airflow/example_dags/example_latest_only.py
[2025-02-06T18:44:45.346+0000] {processor.py:914} INFO - Processing file /home/airflow/.local/lib/python3.12/site-packages/airflow/example_dags/example_latest_only.py for tasks to queue
[2025-02-06T18:44:45.352+0000] {logging_mixin.py:190} INFO - [2025-02-06T18:44:45.352+0000] {dagbag.py:588} INFO - Filling up the DagBag from /home/airflow/.local/lib/python3.12/site-packages/airflow/example_dags/example_latest_only.py
[2025-02-06T18:44:45.368+0000] {processor.py:925} INFO - DAG(s) 'latest_only' retrieved from /home/airflow/.local/lib/python3.12/site-packages/airflow/example_dags/example_latest_only.py
[2025-02-06T18:44:45.410+0000] {logging_mixin.py:190} INFO - [2025-02-06T18:44:45.410+0000] {dag.py:3239} INFO - Sync 1 DAGs
[2025-02-06T18:44:45.453+0000] {logging_mixin.py:190} INFO - [2025-02-06T18:44:45.453+0000] {dag.py:4180} INFO - Setting next_dagrun for latest_only to 2025-02-06 12:00:00+00:00, run_after=2025-02-06 16:00:00+00:00
[2025-02-06T18:44:45.485+0000] {processor.py:208} INFO - Processing /home/airflow/.local/lib/python3.12/site-packages/airflow/example_dags/example_latest_only.py took 0.155 seconds
[2025-02-06T18:45:16.299+0000] {processor.py:186} INFO - Started process (PID=3323) to work on /home/airflow/.local/lib/python3.12/site-packages/airflow/example_dags/example_latest_only.py
[2025-02-06T18:45:16.300+0000] {processor.py:914} INFO - Processing file /home/airflow/.local/lib/python3.12/site-packages/airflow/example_dags/example_latest_only.py for tasks to queue
[2025-02-06T18:45:16.306+0000] {logging_mixin.py:190} INFO - [2025-02-06T18:45:16.306+0000] {dagbag.py:588} INFO - Filling up the DagBag from /home/airflow/.local/lib/python3.12/site-packages/airflow/example_dags/example_latest_only.py
[2025-02-06T18:45:16.321+0000] {processor.py:925} INFO - DAG(s) 'latest_only' retrieved from /home/airflow/.local/lib/python3.12/site-packages/airflow/example_dags/example_latest_only.py
[2025-02-06T18:45:16.357+0000] {logging_mixin.py:190} INFO - [2025-02-06T18:45:16.356+0000] {dag.py:3239} INFO - Sync 1 DAGs
[2025-02-06T18:45:16.403+0000] {logging_mixin.py:190} INFO - [2025-02-06T18:45:16.402+0000] {dag.py:4180} INFO - Setting next_dagrun for latest_only to 2025-02-06 12:00:00+00:00, run_after=2025-02-06 16:00:00+00:00
[2025-02-06T18:45:16.439+0000] {processor.py:208} INFO - Processing /home/airflow/.local/lib/python3.12/site-packages/airflow/example_dags/example_latest_only.py took 0.152 seconds
[2025-02-06T18:45:47.249+0000] {processor.py:186} INFO - Started process (PID=3380) to work on /home/airflow/.local/lib/python3.12/site-packages/airflow/example_dags/example_latest_only.py
[2025-02-06T18:45:47.256+0000] {processor.py:914} INFO - Processing file /home/airflow/.local/lib/python3.12/site-packages/airflow/example_dags/example_latest_only.py for tasks to queue
[2025-02-06T18:45:47.263+0000] {logging_mixin.py:190} INFO - [2025-02-06T18:45:47.262+0000] {dagbag.py:588} INFO - Filling up the DagBag from /home/airflow/.local/lib/python3.12/site-packages/airflow/example_dags/example_latest_only.py
[2025-02-06T18:45:47.293+0000] {processor.py:925} INFO - DAG(s) 'latest_only' retrieved from /home/airflow/.local/lib/python3.12/site-packages/airflow/example_dags/example_latest_only.py
[2025-02-06T18:45:47.378+0000] {logging_mixin.py:190} INFO - [2025-02-06T18:45:47.378+0000] {dag.py:3239} INFO - Sync 1 DAGs
[2025-02-06T18:45:47.502+0000] {logging_mixin.py:190} INFO - [2025-02-06T18:45:47.502+0000] {dag.py:4180} INFO - Setting next_dagrun for latest_only to 2025-02-06 12:00:00+00:00, run_after=2025-02-06 16:00:00+00:00
[2025-02-06T18:45:47.592+0000] {processor.py:208} INFO - Processing /home/airflow/.local/lib/python3.12/site-packages/airflow/example_dags/example_latest_only.py took 0.356 seconds
[2025-02-06T18:46:17.806+0000] {processor.py:186} INFO - Started process (PID=3437) to work on /home/airflow/.local/lib/python3.12/site-packages/airflow/example_dags/example_latest_only.py
[2025-02-06T18:46:17.808+0000] {processor.py:914} INFO - Processing file /home/airflow/.local/lib/python3.12/site-packages/airflow/example_dags/example_latest_only.py for tasks to queue
[2025-02-06T18:46:17.812+0000] {logging_mixin.py:190} INFO - [2025-02-06T18:46:17.812+0000] {dagbag.py:588} INFO - Filling up the DagBag from /home/airflow/.local/lib/python3.12/site-packages/airflow/example_dags/example_latest_only.py
[2025-02-06T18:46:17.823+0000] {processor.py:925} INFO - DAG(s) 'latest_only' retrieved from /home/airflow/.local/lib/python3.12/site-packages/airflow/example_dags/example_latest_only.py
[2025-02-06T18:46:17.857+0000] {logging_mixin.py:190} INFO - [2025-02-06T18:46:17.857+0000] {dag.py:3239} INFO - Sync 1 DAGs
[2025-02-06T18:46:17.904+0000] {logging_mixin.py:190} INFO - [2025-02-06T18:46:17.903+0000] {dag.py:4180} INFO - Setting next_dagrun for latest_only to 2025-02-06 12:00:00+00:00, run_after=2025-02-06 16:00:00+00:00
[2025-02-06T18:46:17.929+0000] {processor.py:208} INFO - Processing /home/airflow/.local/lib/python3.12/site-packages/airflow/example_dags/example_latest_only.py took 0.135 seconds
[2025-02-06T18:46:48.798+0000] {processor.py:186} INFO - Started process (PID=3494) to work on /home/airflow/.local/lib/python3.12/site-packages/airflow/example_dags/example_latest_only.py
[2025-02-06T18:46:48.800+0000] {processor.py:914} INFO - Processing file /home/airflow/.local/lib/python3.12/site-packages/airflow/example_dags/example_latest_only.py for tasks to queue
[2025-02-06T18:46:48.804+0000] {logging_mixin.py:190} INFO - [2025-02-06T18:46:48.803+0000] {dagbag.py:588} INFO - Filling up the DagBag from /home/airflow/.local/lib/python3.12/site-packages/airflow/example_dags/example_latest_only.py
[2025-02-06T18:46:48.816+0000] {processor.py:925} INFO - DAG(s) 'latest_only' retrieved from /home/airflow/.local/lib/python3.12/site-packages/airflow/example_dags/example_latest_only.py
[2025-02-06T18:46:48.842+0000] {logging_mixin.py:190} INFO - [2025-02-06T18:46:48.842+0000] {dag.py:3239} INFO - Sync 1 DAGs
[2025-02-06T18:46:48.879+0000] {logging_mixin.py:190} INFO - [2025-02-06T18:46:48.878+0000] {dag.py:4180} INFO - Setting next_dagrun for latest_only to 2025-02-06 12:00:00+00:00, run_after=2025-02-06 16:00:00+00:00
[2025-02-06T18:46:48.909+0000] {processor.py:208} INFO - Processing /home/airflow/.local/lib/python3.12/site-packages/airflow/example_dags/example_latest_only.py took 0.122 seconds
[2025-02-06T18:47:19.161+0000] {processor.py:186} INFO - Started process (PID=3551) to work on /home/airflow/.local/lib/python3.12/site-packages/airflow/example_dags/example_latest_only.py
[2025-02-06T18:47:19.163+0000] {processor.py:914} INFO - Processing file /home/airflow/.local/lib/python3.12/site-packages/airflow/example_dags/example_latest_only.py for tasks to queue
[2025-02-06T18:47:19.167+0000] {logging_mixin.py:190} INFO - [2025-02-06T18:47:19.166+0000] {dagbag.py:588} INFO - Filling up the DagBag from /home/airflow/.local/lib/python3.12/site-packages/airflow/example_dags/example_latest_only.py
[2025-02-06T18:47:19.178+0000] {processor.py:925} INFO - DAG(s) 'latest_only' retrieved from /home/airflow/.local/lib/python3.12/site-packages/airflow/example_dags/example_latest_only.py
[2025-02-06T18:47:19.208+0000] {logging_mixin.py:190} INFO - [2025-02-06T18:47:19.208+0000] {dag.py:3239} INFO - Sync 1 DAGs
[2025-02-06T18:47:19.247+0000] {logging_mixin.py:190} INFO - [2025-02-06T18:47:19.247+0000] {dag.py:4180} INFO - Setting next_dagrun for latest_only to 2025-02-06 12:00:00+00:00, run_after=2025-02-06 16:00:00+00:00
[2025-02-06T18:47:19.277+0000] {processor.py:208} INFO - Processing /home/airflow/.local/lib/python3.12/site-packages/airflow/example_dags/example_latest_only.py took 0.124 seconds
[2025-02-06T18:47:49.655+0000] {processor.py:186} INFO - Started process (PID=3608) to work on /home/airflow/.local/lib/python3.12/site-packages/airflow/example_dags/example_latest_only.py
[2025-02-06T18:47:49.657+0000] {processor.py:914} INFO - Processing file /home/airflow/.local/lib/python3.12/site-packages/airflow/example_dags/example_latest_only.py for tasks to queue
[2025-02-06T18:47:49.661+0000] {logging_mixin.py:190} INFO - [2025-02-06T18:47:49.660+0000] {dagbag.py:588} INFO - Filling up the DagBag from /home/airflow/.local/lib/python3.12/site-packages/airflow/example_dags/example_latest_only.py
[2025-02-06T18:47:49.670+0000] {processor.py:925} INFO - DAG(s) 'latest_only' retrieved from /home/airflow/.local/lib/python3.12/site-packages/airflow/example_dags/example_latest_only.py
[2025-02-06T18:47:49.698+0000] {logging_mixin.py:190} INFO - [2025-02-06T18:47:49.698+0000] {dag.py:3239} INFO - Sync 1 DAGs
[2025-02-06T18:47:49.734+0000] {logging_mixin.py:190} INFO - [2025-02-06T18:47:49.734+0000] {dag.py:4180} INFO - Setting next_dagrun for latest_only to 2025-02-06 12:00:00+00:00, run_after=2025-02-06 16:00:00+00:00
[2025-02-06T18:47:49.764+0000] {processor.py:208} INFO - Processing /home/airflow/.local/lib/python3.12/site-packages/airflow/example_dags/example_latest_only.py took 0.118 seconds
[2025-02-06T18:48:20.142+0000] {processor.py:186} INFO - Started process (PID=3665) to work on /home/airflow/.local/lib/python3.12/site-packages/airflow/example_dags/example_latest_only.py
[2025-02-06T18:48:20.143+0000] {processor.py:914} INFO - Processing file /home/airflow/.local/lib/python3.12/site-packages/airflow/example_dags/example_latest_only.py for tasks to queue
[2025-02-06T18:48:20.146+0000] {logging_mixin.py:190} INFO - [2025-02-06T18:48:20.146+0000] {dagbag.py:588} INFO - Filling up the DagBag from /home/airflow/.local/lib/python3.12/site-packages/airflow/example_dags/example_latest_only.py
[2025-02-06T18:48:20.155+0000] {processor.py:925} INFO - DAG(s) 'latest_only' retrieved from /home/airflow/.local/lib/python3.12/site-packages/airflow/example_dags/example_latest_only.py
[2025-02-06T18:48:20.179+0000] {logging_mixin.py:190} INFO - [2025-02-06T18:48:20.178+0000] {dag.py:3239} INFO - Sync 1 DAGs
[2025-02-06T18:48:20.208+0000] {logging_mixin.py:190} INFO - [2025-02-06T18:48:20.208+0000] {dag.py:4180} INFO - Setting next_dagrun for latest_only to 2025-02-06 12:00:00+00:00, run_after=2025-02-06 16:00:00+00:00
[2025-02-06T18:48:20.230+0000] {processor.py:208} INFO - Processing /home/airflow/.local/lib/python3.12/site-packages/airflow/example_dags/example_latest_only.py took 0.096 seconds
[2025-02-06T18:48:50.514+0000] {processor.py:186} INFO - Started process (PID=3722) to work on /home/airflow/.local/lib/python3.12/site-packages/airflow/example_dags/example_latest_only.py
[2025-02-06T18:48:50.515+0000] {processor.py:914} INFO - Processing file /home/airflow/.local/lib/python3.12/site-packages/airflow/example_dags/example_latest_only.py for tasks to queue
[2025-02-06T18:48:50.518+0000] {logging_mixin.py:190} INFO - [2025-02-06T18:48:50.518+0000] {dagbag.py:588} INFO - Filling up the DagBag from /home/airflow/.local/lib/python3.12/site-packages/airflow/example_dags/example_latest_only.py
[2025-02-06T18:48:50.528+0000] {processor.py:925} INFO - DAG(s) 'latest_only' retrieved from /home/airflow/.local/lib/python3.12/site-packages/airflow/example_dags/example_latest_only.py
[2025-02-06T18:48:50.552+0000] {logging_mixin.py:190} INFO - [2025-02-06T18:48:50.552+0000] {dag.py:3239} INFO - Sync 1 DAGs
[2025-02-06T18:48:50.582+0000] {logging_mixin.py:190} INFO - [2025-02-06T18:48:50.582+0000] {dag.py:4180} INFO - Setting next_dagrun for latest_only to 2025-02-06 12:00:00+00:00, run_after=2025-02-06 16:00:00+00:00
[2025-02-06T18:48:50.607+0000] {processor.py:208} INFO - Processing /home/airflow/.local/lib/python3.12/site-packages/airflow/example_dags/example_latest_only.py took 0.101 seconds
[2025-02-06T18:49:20.929+0000] {processor.py:186} INFO - Started process (PID=3779) to work on /home/airflow/.local/lib/python3.12/site-packages/airflow/example_dags/example_latest_only.py
[2025-02-06T18:49:20.931+0000] {processor.py:914} INFO - Processing file /home/airflow/.local/lib/python3.12/site-packages/airflow/example_dags/example_latest_only.py for tasks to queue
[2025-02-06T18:49:20.935+0000] {logging_mixin.py:190} INFO - [2025-02-06T18:49:20.934+0000] {dagbag.py:588} INFO - Filling up the DagBag from /home/airflow/.local/lib/python3.12/site-packages/airflow/example_dags/example_latest_only.py
[2025-02-06T18:49:20.947+0000] {processor.py:925} INFO - DAG(s) 'latest_only' retrieved from /home/airflow/.local/lib/python3.12/site-packages/airflow/example_dags/example_latest_only.py
[2025-02-06T18:49:20.976+0000] {logging_mixin.py:190} INFO - [2025-02-06T18:49:20.975+0000] {dag.py:3239} INFO - Sync 1 DAGs
[2025-02-06T18:49:21.008+0000] {logging_mixin.py:190} INFO - [2025-02-06T18:49:21.007+0000] {dag.py:4180} INFO - Setting next_dagrun for latest_only to 2025-02-06 12:00:00+00:00, run_after=2025-02-06 16:00:00+00:00
[2025-02-06T18:49:21.034+0000] {processor.py:208} INFO - Processing /home/airflow/.local/lib/python3.12/site-packages/airflow/example_dags/example_latest_only.py took 0.116 seconds
[2025-02-06T18:49:51.649+0000] {processor.py:186} INFO - Started process (PID=3836) to work on /home/airflow/.local/lib/python3.12/site-packages/airflow/example_dags/example_latest_only.py
[2025-02-06T18:49:51.651+0000] {processor.py:914} INFO - Processing file /home/airflow/.local/lib/python3.12/site-packages/airflow/example_dags/example_latest_only.py for tasks to queue
[2025-02-06T18:49:51.655+0000] {logging_mixin.py:190} INFO - [2025-02-06T18:49:51.654+0000] {dagbag.py:588} INFO - Filling up the DagBag from /home/airflow/.local/lib/python3.12/site-packages/airflow/example_dags/example_latest_only.py
[2025-02-06T18:49:51.668+0000] {processor.py:925} INFO - DAG(s) 'latest_only' retrieved from /home/airflow/.local/lib/python3.12/site-packages/airflow/example_dags/example_latest_only.py
[2025-02-06T18:49:51.701+0000] {logging_mixin.py:190} INFO - [2025-02-06T18:49:51.701+0000] {dag.py:3239} INFO - Sync 1 DAGs
[2025-02-06T18:49:51.739+0000] {logging_mixin.py:190} INFO - [2025-02-06T18:49:51.739+0000] {dag.py:4180} INFO - Setting next_dagrun for latest_only to 2025-02-06 12:00:00+00:00, run_after=2025-02-06 16:00:00+00:00
[2025-02-06T18:49:51.771+0000] {processor.py:208} INFO - Processing /home/airflow/.local/lib/python3.12/site-packages/airflow/example_dags/example_latest_only.py took 0.134 seconds
[2025-02-06T18:50:21.843+0000] {processor.py:186} INFO - Started process (PID=3892) to work on /home/airflow/.local/lib/python3.12/site-packages/airflow/example_dags/example_latest_only.py
[2025-02-06T18:50:21.845+0000] {processor.py:914} INFO - Processing file /home/airflow/.local/lib/python3.12/site-packages/airflow/example_dags/example_latest_only.py for tasks to queue
[2025-02-06T18:50:21.849+0000] {logging_mixin.py:190} INFO - [2025-02-06T18:50:21.848+0000] {dagbag.py:588} INFO - Filling up the DagBag from /home/airflow/.local/lib/python3.12/site-packages/airflow/example_dags/example_latest_only.py
[2025-02-06T18:50:21.863+0000] {processor.py:925} INFO - DAG(s) 'latest_only' retrieved from /home/airflow/.local/lib/python3.12/site-packages/airflow/example_dags/example_latest_only.py
[2025-02-06T18:50:21.908+0000] {logging_mixin.py:190} INFO - [2025-02-06T18:50:21.907+0000] {dag.py:3239} INFO - Sync 1 DAGs
[2025-02-06T18:50:21.973+0000] {logging_mixin.py:190} INFO - [2025-02-06T18:50:21.973+0000] {dag.py:4180} INFO - Setting next_dagrun for latest_only to 2025-02-06 12:00:00+00:00, run_after=2025-02-06 16:00:00+00:00
[2025-02-06T18:50:22.016+0000] {processor.py:208} INFO - Processing /home/airflow/.local/lib/python3.12/site-packages/airflow/example_dags/example_latest_only.py took 0.188 seconds
[2025-02-06T18:50:52.259+0000] {processor.py:186} INFO - Started process (PID=3946) to work on /home/airflow/.local/lib/python3.12/site-packages/airflow/example_dags/example_latest_only.py
[2025-02-06T18:50:52.261+0000] {processor.py:914} INFO - Processing file /home/airflow/.local/lib/python3.12/site-packages/airflow/example_dags/example_latest_only.py for tasks to queue
[2025-02-06T18:50:52.265+0000] {logging_mixin.py:190} INFO - [2025-02-06T18:50:52.264+0000] {dagbag.py:588} INFO - Filling up the DagBag from /home/airflow/.local/lib/python3.12/site-packages/airflow/example_dags/example_latest_only.py
[2025-02-06T18:50:52.277+0000] {processor.py:925} INFO - DAG(s) 'latest_only' retrieved from /home/airflow/.local/lib/python3.12/site-packages/airflow/example_dags/example_latest_only.py
[2025-02-06T18:50:52.306+0000] {logging_mixin.py:190} INFO - [2025-02-06T18:50:52.305+0000] {dag.py:3239} INFO - Sync 1 DAGs
[2025-02-06T18:50:52.338+0000] {logging_mixin.py:190} INFO - [2025-02-06T18:50:52.338+0000] {dag.py:4180} INFO - Setting next_dagrun for latest_only to 2025-02-06 12:00:00+00:00, run_after=2025-02-06 16:00:00+00:00
[2025-02-06T18:50:52.384+0000] {processor.py:208} INFO - Processing /home/airflow/.local/lib/python3.12/site-packages/airflow/example_dags/example_latest_only.py took 0.134 seconds
[2025-02-06T18:51:22.460+0000] {processor.py:186} INFO - Started process (PID=4003) to work on /home/airflow/.local/lib/python3.12/site-packages/airflow/example_dags/example_latest_only.py
[2025-02-06T18:51:22.461+0000] {processor.py:914} INFO - Processing file /home/airflow/.local/lib/python3.12/site-packages/airflow/example_dags/example_latest_only.py for tasks to queue
[2025-02-06T18:51:22.466+0000] {logging_mixin.py:190} INFO - [2025-02-06T18:51:22.465+0000] {dagbag.py:588} INFO - Filling up the DagBag from /home/airflow/.local/lib/python3.12/site-packages/airflow/example_dags/example_latest_only.py
[2025-02-06T18:51:22.478+0000] {processor.py:925} INFO - DAG(s) 'latest_only' retrieved from /home/airflow/.local/lib/python3.12/site-packages/airflow/example_dags/example_latest_only.py
[2025-02-06T18:51:22.507+0000] {logging_mixin.py:190} INFO - [2025-02-06T18:51:22.507+0000] {dag.py:3239} INFO - Sync 1 DAGs
[2025-02-06T18:51:22.550+0000] {logging_mixin.py:190} INFO - [2025-02-06T18:51:22.549+0000] {dag.py:4180} INFO - Setting next_dagrun for latest_only to 2025-02-06 12:00:00+00:00, run_after=2025-02-06 16:00:00+00:00
[2025-02-06T18:51:22.580+0000] {processor.py:208} INFO - Processing /home/airflow/.local/lib/python3.12/site-packages/airflow/example_dags/example_latest_only.py took 0.131 seconds
[2025-02-06T18:51:52.991+0000] {processor.py:186} INFO - Started process (PID=4060) to work on /home/airflow/.local/lib/python3.12/site-packages/airflow/example_dags/example_latest_only.py
[2025-02-06T18:51:52.993+0000] {processor.py:914} INFO - Processing file /home/airflow/.local/lib/python3.12/site-packages/airflow/example_dags/example_latest_only.py for tasks to queue
[2025-02-06T18:51:52.997+0000] {logging_mixin.py:190} INFO - [2025-02-06T18:51:52.996+0000] {dagbag.py:588} INFO - Filling up the DagBag from /home/airflow/.local/lib/python3.12/site-packages/airflow/example_dags/example_latest_only.py
[2025-02-06T18:51:53.008+0000] {processor.py:925} INFO - DAG(s) 'latest_only' retrieved from /home/airflow/.local/lib/python3.12/site-packages/airflow/example_dags/example_latest_only.py
[2025-02-06T18:51:53.045+0000] {logging_mixin.py:190} INFO - [2025-02-06T18:51:53.044+0000] {dag.py:3239} INFO - Sync 1 DAGs
[2025-02-06T18:51:53.089+0000] {logging_mixin.py:190} INFO - [2025-02-06T18:51:53.089+0000] {dag.py:4180} INFO - Setting next_dagrun for latest_only to 2025-02-06 12:00:00+00:00, run_after=2025-02-06 16:00:00+00:00
[2025-02-06T18:51:53.131+0000] {processor.py:208} INFO - Processing /home/airflow/.local/lib/python3.12/site-packages/airflow/example_dags/example_latest_only.py took 0.151 seconds
[2025-02-06T18:52:23.414+0000] {processor.py:186} INFO - Started process (PID=4116) to work on /home/airflow/.local/lib/python3.12/site-packages/airflow/example_dags/example_latest_only.py
[2025-02-06T18:52:23.416+0000] {processor.py:914} INFO - Processing file /home/airflow/.local/lib/python3.12/site-packages/airflow/example_dags/example_latest_only.py for tasks to queue
[2025-02-06T18:52:23.421+0000] {logging_mixin.py:190} INFO - [2025-02-06T18:52:23.420+0000] {dagbag.py:588} INFO - Filling up the DagBag from /home/airflow/.local/lib/python3.12/site-packages/airflow/example_dags/example_latest_only.py
[2025-02-06T18:52:23.441+0000] {processor.py:925} INFO - DAG(s) 'latest_only' retrieved from /home/airflow/.local/lib/python3.12/site-packages/airflow/example_dags/example_latest_only.py
[2025-02-06T18:52:23.500+0000] {logging_mixin.py:190} INFO - [2025-02-06T18:52:23.500+0000] {dag.py:3239} INFO - Sync 1 DAGs
[2025-02-06T18:52:23.554+0000] {logging_mixin.py:190} INFO - [2025-02-06T18:52:23.553+0000] {dag.py:4180} INFO - Setting next_dagrun for latest_only to 2025-02-06 12:00:00+00:00, run_after=2025-02-06 16:00:00+00:00
[2025-02-06T18:52:23.582+0000] {processor.py:208} INFO - Processing /home/airflow/.local/lib/python3.12/site-packages/airflow/example_dags/example_latest_only.py took 0.182 seconds
[2025-02-06T18:52:54.021+0000] {processor.py:186} INFO - Started process (PID=4170) to work on /home/airflow/.local/lib/python3.12/site-packages/airflow/example_dags/example_latest_only.py
[2025-02-06T18:52:54.023+0000] {processor.py:914} INFO - Processing file /home/airflow/.local/lib/python3.12/site-packages/airflow/example_dags/example_latest_only.py for tasks to queue
[2025-02-06T18:52:54.028+0000] {logging_mixin.py:190} INFO - [2025-02-06T18:52:54.027+0000] {dagbag.py:588} INFO - Filling up the DagBag from /home/airflow/.local/lib/python3.12/site-packages/airflow/example_dags/example_latest_only.py
[2025-02-06T18:52:54.043+0000] {processor.py:925} INFO - DAG(s) 'latest_only' retrieved from /home/airflow/.local/lib/python3.12/site-packages/airflow/example_dags/example_latest_only.py
[2025-02-06T18:52:54.068+0000] {logging_mixin.py:190} INFO - [2025-02-06T18:52:54.067+0000] {dag.py:3239} INFO - Sync 1 DAGs
[2025-02-06T18:52:54.099+0000] {logging_mixin.py:190} INFO - [2025-02-06T18:52:54.099+0000] {dag.py:4180} INFO - Setting next_dagrun for latest_only to 2025-02-06 12:00:00+00:00, run_after=2025-02-06 16:00:00+00:00
[2025-02-06T18:52:54.128+0000] {processor.py:208} INFO - Processing /home/airflow/.local/lib/python3.12/site-packages/airflow/example_dags/example_latest_only.py took 0.118 seconds
[2025-02-06T18:53:25.542+0000] {processor.py:186} INFO - Started process (PID=4227) to work on /home/airflow/.local/lib/python3.12/site-packages/airflow/example_dags/example_latest_only.py
[2025-02-06T18:53:25.544+0000] {processor.py:914} INFO - Processing file /home/airflow/.local/lib/python3.12/site-packages/airflow/example_dags/example_latest_only.py for tasks to queue
[2025-02-06T18:53:25.547+0000] {logging_mixin.py:190} INFO - [2025-02-06T18:53:25.547+0000] {dagbag.py:588} INFO - Filling up the DagBag from /home/airflow/.local/lib/python3.12/site-packages/airflow/example_dags/example_latest_only.py
[2025-02-06T18:53:25.558+0000] {processor.py:925} INFO - DAG(s) 'latest_only' retrieved from /home/airflow/.local/lib/python3.12/site-packages/airflow/example_dags/example_latest_only.py
[2025-02-06T18:53:25.592+0000] {logging_mixin.py:190} INFO - [2025-02-06T18:53:25.592+0000] {dag.py:3239} INFO - Sync 1 DAGs
[2025-02-06T18:53:25.646+0000] {logging_mixin.py:190} INFO - [2025-02-06T18:53:25.646+0000] {dag.py:4180} INFO - Setting next_dagrun for latest_only to 2025-02-06 12:00:00+00:00, run_after=2025-02-06 16:00:00+00:00
[2025-02-06T18:53:25.701+0000] {processor.py:208} INFO - Processing /home/airflow/.local/lib/python3.12/site-packages/airflow/example_dags/example_latest_only.py took 0.169 seconds
[2025-02-06T18:53:56.477+0000] {processor.py:186} INFO - Started process (PID=4283) to work on /home/airflow/.local/lib/python3.12/site-packages/airflow/example_dags/example_latest_only.py
[2025-02-06T18:53:56.479+0000] {processor.py:914} INFO - Processing file /home/airflow/.local/lib/python3.12/site-packages/airflow/example_dags/example_latest_only.py for tasks to queue
[2025-02-06T18:53:56.484+0000] {logging_mixin.py:190} INFO - [2025-02-06T18:53:56.483+0000] {dagbag.py:588} INFO - Filling up the DagBag from /home/airflow/.local/lib/python3.12/site-packages/airflow/example_dags/example_latest_only.py
[2025-02-06T18:53:56.496+0000] {processor.py:925} INFO - DAG(s) 'latest_only' retrieved from /home/airflow/.local/lib/python3.12/site-packages/airflow/example_dags/example_latest_only.py
[2025-02-06T18:53:56.524+0000] {logging_mixin.py:190} INFO - [2025-02-06T18:53:56.523+0000] {dag.py:3239} INFO - Sync 1 DAGs
[2025-02-06T18:53:56.565+0000] {logging_mixin.py:190} INFO - [2025-02-06T18:53:56.565+0000] {dag.py:4180} INFO - Setting next_dagrun for latest_only to 2025-02-06 12:00:00+00:00, run_after=2025-02-06 16:00:00+00:00
[2025-02-06T18:53:56.599+0000] {processor.py:208} INFO - Processing /home/airflow/.local/lib/python3.12/site-packages/airflow/example_dags/example_latest_only.py took 0.135 seconds
[2025-02-06T18:54:26.922+0000] {processor.py:186} INFO - Started process (PID=4339) to work on /home/airflow/.local/lib/python3.12/site-packages/airflow/example_dags/example_latest_only.py
[2025-02-06T18:54:26.924+0000] {processor.py:914} INFO - Processing file /home/airflow/.local/lib/python3.12/site-packages/airflow/example_dags/example_latest_only.py for tasks to queue
[2025-02-06T18:54:26.927+0000] {logging_mixin.py:190} INFO - [2025-02-06T18:54:26.927+0000] {dagbag.py:588} INFO - Filling up the DagBag from /home/airflow/.local/lib/python3.12/site-packages/airflow/example_dags/example_latest_only.py
[2025-02-06T18:54:26.940+0000] {processor.py:925} INFO - DAG(s) 'latest_only' retrieved from /home/airflow/.local/lib/python3.12/site-packages/airflow/example_dags/example_latest_only.py
[2025-02-06T18:54:26.988+0000] {logging_mixin.py:190} INFO - [2025-02-06T18:54:26.988+0000] {dag.py:3239} INFO - Sync 1 DAGs
[2025-02-06T18:54:27.042+0000] {logging_mixin.py:190} INFO - [2025-02-06T18:54:27.041+0000] {dag.py:4180} INFO - Setting next_dagrun for latest_only to 2025-02-06 12:00:00+00:00, run_after=2025-02-06 16:00:00+00:00
[2025-02-06T18:54:27.074+0000] {processor.py:208} INFO - Processing /home/airflow/.local/lib/python3.12/site-packages/airflow/example_dags/example_latest_only.py took 0.161 seconds
[2025-02-06T18:54:57.196+0000] {processor.py:186} INFO - Started process (PID=4396) to work on /home/airflow/.local/lib/python3.12/site-packages/airflow/example_dags/example_latest_only.py
[2025-02-06T18:54:57.197+0000] {processor.py:914} INFO - Processing file /home/airflow/.local/lib/python3.12/site-packages/airflow/example_dags/example_latest_only.py for tasks to queue
[2025-02-06T18:54:57.202+0000] {logging_mixin.py:190} INFO - [2025-02-06T18:54:57.201+0000] {dagbag.py:588} INFO - Filling up the DagBag from /home/airflow/.local/lib/python3.12/site-packages/airflow/example_dags/example_latest_only.py
[2025-02-06T18:54:57.215+0000] {processor.py:925} INFO - DAG(s) 'latest_only' retrieved from /home/airflow/.local/lib/python3.12/site-packages/airflow/example_dags/example_latest_only.py
[2025-02-06T18:54:57.256+0000] {logging_mixin.py:190} INFO - [2025-02-06T18:54:57.255+0000] {dag.py:3239} INFO - Sync 1 DAGs
[2025-02-06T18:54:57.303+0000] {logging_mixin.py:190} INFO - [2025-02-06T18:54:57.303+0000] {dag.py:4180} INFO - Setting next_dagrun for latest_only to 2025-02-06 12:00:00+00:00, run_after=2025-02-06 16:00:00+00:00
[2025-02-06T18:54:57.338+0000] {processor.py:208} INFO - Processing /home/airflow/.local/lib/python3.12/site-packages/airflow/example_dags/example_latest_only.py took 0.164 seconds
[2025-02-06T18:55:28.103+0000] {processor.py:186} INFO - Started process (PID=4453) to work on /home/airflow/.local/lib/python3.12/site-packages/airflow/example_dags/example_latest_only.py
[2025-02-06T18:55:28.104+0000] {processor.py:914} INFO - Processing file /home/airflow/.local/lib/python3.12/site-packages/airflow/example_dags/example_latest_only.py for tasks to queue
[2025-02-06T18:55:28.110+0000] {logging_mixin.py:190} INFO - [2025-02-06T18:55:28.109+0000] {dagbag.py:588} INFO - Filling up the DagBag from /home/airflow/.local/lib/python3.12/site-packages/airflow/example_dags/example_latest_only.py
[2025-02-06T18:55:28.126+0000] {processor.py:925} INFO - DAG(s) 'latest_only' retrieved from /home/airflow/.local/lib/python3.12/site-packages/airflow/example_dags/example_latest_only.py
[2025-02-06T18:55:28.167+0000] {logging_mixin.py:190} INFO - [2025-02-06T18:55:28.166+0000] {dag.py:3239} INFO - Sync 1 DAGs
[2025-02-06T18:55:28.221+0000] {logging_mixin.py:190} INFO - [2025-02-06T18:55:28.221+0000] {dag.py:4180} INFO - Setting next_dagrun for latest_only to 2025-02-06 12:00:00+00:00, run_after=2025-02-06 16:00:00+00:00
[2025-02-06T18:55:28.258+0000] {processor.py:208} INFO - Processing /home/airflow/.local/lib/python3.12/site-packages/airflow/example_dags/example_latest_only.py took 0.171 seconds
[2025-02-06T18:55:58.989+0000] {processor.py:186} INFO - Started process (PID=4510) to work on /home/airflow/.local/lib/python3.12/site-packages/airflow/example_dags/example_latest_only.py
[2025-02-06T18:55:58.990+0000] {processor.py:914} INFO - Processing file /home/airflow/.local/lib/python3.12/site-packages/airflow/example_dags/example_latest_only.py for tasks to queue
[2025-02-06T18:55:58.996+0000] {logging_mixin.py:190} INFO - [2025-02-06T18:55:58.995+0000] {dagbag.py:588} INFO - Filling up the DagBag from /home/airflow/.local/lib/python3.12/site-packages/airflow/example_dags/example_latest_only.py
[2025-02-06T18:55:59.007+0000] {processor.py:925} INFO - DAG(s) 'latest_only' retrieved from /home/airflow/.local/lib/python3.12/site-packages/airflow/example_dags/example_latest_only.py
[2025-02-06T18:55:59.039+0000] {logging_mixin.py:190} INFO - [2025-02-06T18:55:59.038+0000] {dag.py:3239} INFO - Sync 1 DAGs
[2025-02-06T18:55:59.077+0000] {logging_mixin.py:190} INFO - [2025-02-06T18:55:59.077+0000] {dag.py:4180} INFO - Setting next_dagrun for latest_only to 2025-02-06 12:00:00+00:00, run_after=2025-02-06 16:00:00+00:00
[2025-02-06T18:55:59.109+0000] {processor.py:208} INFO - Processing /home/airflow/.local/lib/python3.12/site-packages/airflow/example_dags/example_latest_only.py took 0.130 seconds
[2025-02-06T18:56:29.480+0000] {processor.py:186} INFO - Started process (PID=4567) to work on /home/airflow/.local/lib/python3.12/site-packages/airflow/example_dags/example_latest_only.py
[2025-02-06T18:56:29.481+0000] {processor.py:914} INFO - Processing file /home/airflow/.local/lib/python3.12/site-packages/airflow/example_dags/example_latest_only.py for tasks to queue
[2025-02-06T18:56:29.485+0000] {logging_mixin.py:190} INFO - [2025-02-06T18:56:29.485+0000] {dagbag.py:588} INFO - Filling up the DagBag from /home/airflow/.local/lib/python3.12/site-packages/airflow/example_dags/example_latest_only.py
[2025-02-06T18:56:29.494+0000] {processor.py:925} INFO - DAG(s) 'latest_only' retrieved from /home/airflow/.local/lib/python3.12/site-packages/airflow/example_dags/example_latest_only.py
[2025-02-06T18:56:29.518+0000] {logging_mixin.py:190} INFO - [2025-02-06T18:56:29.518+0000] {dag.py:3239} INFO - Sync 1 DAGs
[2025-02-06T18:56:29.551+0000] {logging_mixin.py:190} INFO - [2025-02-06T18:56:29.551+0000] {dag.py:4180} INFO - Setting next_dagrun for latest_only to 2025-02-06 12:00:00+00:00, run_after=2025-02-06 16:00:00+00:00
[2025-02-06T18:56:29.584+0000] {processor.py:208} INFO - Processing /home/airflow/.local/lib/python3.12/site-packages/airflow/example_dags/example_latest_only.py took 0.112 seconds
[2025-02-06T18:56:59.794+0000] {processor.py:186} INFO - Started process (PID=4624) to work on /home/airflow/.local/lib/python3.12/site-packages/airflow/example_dags/example_latest_only.py
[2025-02-06T18:56:59.796+0000] {processor.py:914} INFO - Processing file /home/airflow/.local/lib/python3.12/site-packages/airflow/example_dags/example_latest_only.py for tasks to queue
[2025-02-06T18:56:59.803+0000] {logging_mixin.py:190} INFO - [2025-02-06T18:56:59.802+0000] {dagbag.py:588} INFO - Filling up the DagBag from /home/airflow/.local/lib/python3.12/site-packages/airflow/example_dags/example_latest_only.py
[2025-02-06T18:56:59.815+0000] {processor.py:925} INFO - DAG(s) 'latest_only' retrieved from /home/airflow/.local/lib/python3.12/site-packages/airflow/example_dags/example_latest_only.py
[2025-02-06T18:56:59.840+0000] {logging_mixin.py:190} INFO - [2025-02-06T18:56:59.839+0000] {dag.py:3239} INFO - Sync 1 DAGs
[2025-02-06T18:56:59.879+0000] {logging_mixin.py:190} INFO - [2025-02-06T18:56:59.878+0000] {dag.py:4180} INFO - Setting next_dagrun for latest_only to 2025-02-06 12:00:00+00:00, run_after=2025-02-06 16:00:00+00:00
[2025-02-06T18:56:59.911+0000] {processor.py:208} INFO - Processing /home/airflow/.local/lib/python3.12/site-packages/airflow/example_dags/example_latest_only.py took 0.130 seconds
[2025-02-06T18:57:30.372+0000] {processor.py:186} INFO - Started process (PID=4681) to work on /home/airflow/.local/lib/python3.12/site-packages/airflow/example_dags/example_latest_only.py
[2025-02-06T18:57:30.374+0000] {processor.py:914} INFO - Processing file /home/airflow/.local/lib/python3.12/site-packages/airflow/example_dags/example_latest_only.py for tasks to queue
[2025-02-06T18:57:30.378+0000] {logging_mixin.py:190} INFO - [2025-02-06T18:57:30.377+0000] {dagbag.py:588} INFO - Filling up the DagBag from /home/airflow/.local/lib/python3.12/site-packages/airflow/example_dags/example_latest_only.py
[2025-02-06T18:57:30.388+0000] {processor.py:925} INFO - DAG(s) 'latest_only' retrieved from /home/airflow/.local/lib/python3.12/site-packages/airflow/example_dags/example_latest_only.py
[2025-02-06T18:57:30.412+0000] {logging_mixin.py:190} INFO - [2025-02-06T18:57:30.412+0000] {dag.py:3239} INFO - Sync 1 DAGs
[2025-02-06T18:57:30.445+0000] {logging_mixin.py:190} INFO - [2025-02-06T18:57:30.444+0000] {dag.py:4180} INFO - Setting next_dagrun for latest_only to 2025-02-06 12:00:00+00:00, run_after=2025-02-06 16:00:00+00:00
[2025-02-06T18:57:30.472+0000] {processor.py:208} INFO - Processing /home/airflow/.local/lib/python3.12/site-packages/airflow/example_dags/example_latest_only.py took 0.108 seconds
[2025-02-06T18:58:00.842+0000] {processor.py:186} INFO - Started process (PID=4738) to work on /home/airflow/.local/lib/python3.12/site-packages/airflow/example_dags/example_latest_only.py
[2025-02-06T18:58:00.843+0000] {processor.py:914} INFO - Processing file /home/airflow/.local/lib/python3.12/site-packages/airflow/example_dags/example_latest_only.py for tasks to queue
[2025-02-06T18:58:00.847+0000] {logging_mixin.py:190} INFO - [2025-02-06T18:58:00.846+0000] {dagbag.py:588} INFO - Filling up the DagBag from /home/airflow/.local/lib/python3.12/site-packages/airflow/example_dags/example_latest_only.py
[2025-02-06T18:58:00.858+0000] {processor.py:925} INFO - DAG(s) 'latest_only' retrieved from /home/airflow/.local/lib/python3.12/site-packages/airflow/example_dags/example_latest_only.py
[2025-02-06T18:58:00.895+0000] {logging_mixin.py:190} INFO - [2025-02-06T18:58:00.894+0000] {dag.py:3239} INFO - Sync 1 DAGs
[2025-02-06T18:58:00.939+0000] {logging_mixin.py:190} INFO - [2025-02-06T18:58:00.939+0000] {dag.py:4180} INFO - Setting next_dagrun for latest_only to 2025-02-06 12:00:00+00:00, run_after=2025-02-06 16:00:00+00:00
[2025-02-06T18:58:00.975+0000] {processor.py:208} INFO - Processing /home/airflow/.local/lib/python3.12/site-packages/airflow/example_dags/example_latest_only.py took 0.143 seconds
[2025-02-06T18:58:31.229+0000] {processor.py:186} INFO - Started process (PID=4795) to work on /home/airflow/.local/lib/python3.12/site-packages/airflow/example_dags/example_latest_only.py
[2025-02-06T18:58:31.231+0000] {processor.py:914} INFO - Processing file /home/airflow/.local/lib/python3.12/site-packages/airflow/example_dags/example_latest_only.py for tasks to queue
[2025-02-06T18:58:31.235+0000] {logging_mixin.py:190} INFO - [2025-02-06T18:58:31.234+0000] {dagbag.py:588} INFO - Filling up the DagBag from /home/airflow/.local/lib/python3.12/site-packages/airflow/example_dags/example_latest_only.py
[2025-02-06T18:58:31.249+0000] {processor.py:925} INFO - DAG(s) 'latest_only' retrieved from /home/airflow/.local/lib/python3.12/site-packages/airflow/example_dags/example_latest_only.py
[2025-02-06T18:58:31.284+0000] {logging_mixin.py:190} INFO - [2025-02-06T18:58:31.284+0000] {dag.py:3239} INFO - Sync 1 DAGs
[2025-02-06T18:58:31.323+0000] {logging_mixin.py:190} INFO - [2025-02-06T18:58:31.323+0000] {dag.py:4180} INFO - Setting next_dagrun for latest_only to 2025-02-06 12:00:00+00:00, run_after=2025-02-06 16:00:00+00:00
[2025-02-06T18:58:31.358+0000] {processor.py:208} INFO - Processing /home/airflow/.local/lib/python3.12/site-packages/airflow/example_dags/example_latest_only.py took 0.144 seconds
[2025-02-06T18:59:02.349+0000] {processor.py:186} INFO - Started process (PID=4851) to work on /home/airflow/.local/lib/python3.12/site-packages/airflow/example_dags/example_latest_only.py
[2025-02-06T18:59:02.351+0000] {processor.py:914} INFO - Processing file /home/airflow/.local/lib/python3.12/site-packages/airflow/example_dags/example_latest_only.py for tasks to queue
[2025-02-06T18:59:02.355+0000] {logging_mixin.py:190} INFO - [2025-02-06T18:59:02.355+0000] {dagbag.py:588} INFO - Filling up the DagBag from /home/airflow/.local/lib/python3.12/site-packages/airflow/example_dags/example_latest_only.py
[2025-02-06T18:59:02.366+0000] {processor.py:925} INFO - DAG(s) 'latest_only' retrieved from /home/airflow/.local/lib/python3.12/site-packages/airflow/example_dags/example_latest_only.py
[2025-02-06T18:59:02.397+0000] {logging_mixin.py:190} INFO - [2025-02-06T18:59:02.397+0000] {dag.py:3239} INFO - Sync 1 DAGs
[2025-02-06T18:59:02.438+0000] {logging_mixin.py:190} INFO - [2025-02-06T18:59:02.437+0000] {dag.py:4180} INFO - Setting next_dagrun for latest_only to 2025-02-06 12:00:00+00:00, run_after=2025-02-06 16:00:00+00:00
[2025-02-06T18:59:02.465+0000] {processor.py:208} INFO - Processing /home/airflow/.local/lib/python3.12/site-packages/airflow/example_dags/example_latest_only.py took 0.125 seconds
[2025-02-06T18:59:32.757+0000] {processor.py:186} INFO - Started process (PID=4905) to work on /home/airflow/.local/lib/python3.12/site-packages/airflow/example_dags/example_latest_only.py
[2025-02-06T18:59:32.758+0000] {processor.py:914} INFO - Processing file /home/airflow/.local/lib/python3.12/site-packages/airflow/example_dags/example_latest_only.py for tasks to queue
[2025-02-06T18:59:32.762+0000] {logging_mixin.py:190} INFO - [2025-02-06T18:59:32.762+0000] {dagbag.py:588} INFO - Filling up the DagBag from /home/airflow/.local/lib/python3.12/site-packages/airflow/example_dags/example_latest_only.py
[2025-02-06T18:59:32.774+0000] {processor.py:925} INFO - DAG(s) 'latest_only' retrieved from /home/airflow/.local/lib/python3.12/site-packages/airflow/example_dags/example_latest_only.py
[2025-02-06T18:59:32.801+0000] {logging_mixin.py:190} INFO - [2025-02-06T18:59:32.800+0000] {dag.py:3239} INFO - Sync 1 DAGs
[2025-02-06T18:59:32.839+0000] {logging_mixin.py:190} INFO - [2025-02-06T18:59:32.839+0000] {dag.py:4180} INFO - Setting next_dagrun for latest_only to 2025-02-06 12:00:00+00:00, run_after=2025-02-06 16:00:00+00:00
[2025-02-06T18:59:32.866+0000] {processor.py:208} INFO - Processing /home/airflow/.local/lib/python3.12/site-packages/airflow/example_dags/example_latest_only.py took 0.117 seconds
[2025-02-06T19:00:03.843+0000] {processor.py:186} INFO - Started process (PID=4960) to work on /home/airflow/.local/lib/python3.12/site-packages/airflow/example_dags/example_latest_only.py
[2025-02-06T19:00:03.853+0000] {processor.py:914} INFO - Processing file /home/airflow/.local/lib/python3.12/site-packages/airflow/example_dags/example_latest_only.py for tasks to queue
[2025-02-06T19:00:03.858+0000] {logging_mixin.py:190} INFO - [2025-02-06T19:00:03.857+0000] {dagbag.py:588} INFO - Filling up the DagBag from /home/airflow/.local/lib/python3.12/site-packages/airflow/example_dags/example_latest_only.py
[2025-02-06T19:00:03.886+0000] {processor.py:925} INFO - DAG(s) 'latest_only' retrieved from /home/airflow/.local/lib/python3.12/site-packages/airflow/example_dags/example_latest_only.py
[2025-02-06T19:00:03.958+0000] {logging_mixin.py:190} INFO - [2025-02-06T19:00:03.957+0000] {dag.py:3239} INFO - Sync 1 DAGs
[2025-02-06T19:00:04.041+0000] {logging_mixin.py:190} INFO - [2025-02-06T19:00:04.041+0000] {dag.py:4180} INFO - Setting next_dagrun for latest_only to 2025-02-06 12:00:00+00:00, run_after=2025-02-06 16:00:00+00:00
[2025-02-06T19:00:04.076+0000] {processor.py:208} INFO - Processing /home/airflow/.local/lib/python3.12/site-packages/airflow/example_dags/example_latest_only.py took 0.256 seconds
[2025-02-06T19:00:34.522+0000] {processor.py:186} INFO - Started process (PID=5012) to work on /home/airflow/.local/lib/python3.12/site-packages/airflow/example_dags/example_latest_only.py
[2025-02-06T19:00:34.524+0000] {processor.py:914} INFO - Processing file /home/airflow/.local/lib/python3.12/site-packages/airflow/example_dags/example_latest_only.py for tasks to queue
[2025-02-06T19:00:34.531+0000] {logging_mixin.py:190} INFO - [2025-02-06T19:00:34.530+0000] {dagbag.py:588} INFO - Filling up the DagBag from /home/airflow/.local/lib/python3.12/site-packages/airflow/example_dags/example_latest_only.py
[2025-02-06T19:00:34.549+0000] {processor.py:925} INFO - DAG(s) 'latest_only' retrieved from /home/airflow/.local/lib/python3.12/site-packages/airflow/example_dags/example_latest_only.py
[2025-02-06T19:00:34.584+0000] {logging_mixin.py:190} INFO - [2025-02-06T19:00:34.583+0000] {dag.py:3239} INFO - Sync 1 DAGs
[2025-02-06T19:00:34.634+0000] {logging_mixin.py:190} INFO - [2025-02-06T19:00:34.633+0000] {dag.py:4180} INFO - Setting next_dagrun for latest_only to 2025-02-06 12:00:00+00:00, run_after=2025-02-06 16:00:00+00:00
[2025-02-06T19:00:34.675+0000] {processor.py:208} INFO - Processing /home/airflow/.local/lib/python3.12/site-packages/airflow/example_dags/example_latest_only.py took 0.171 seconds
[2025-02-06T19:01:04.965+0000] {processor.py:186} INFO - Started process (PID=5065) to work on /home/airflow/.local/lib/python3.12/site-packages/airflow/example_dags/example_latest_only.py
[2025-02-06T19:01:04.967+0000] {processor.py:914} INFO - Processing file /home/airflow/.local/lib/python3.12/site-packages/airflow/example_dags/example_latest_only.py for tasks to queue
[2025-02-06T19:01:04.972+0000] {logging_mixin.py:190} INFO - [2025-02-06T19:01:04.971+0000] {dagbag.py:588} INFO - Filling up the DagBag from /home/airflow/.local/lib/python3.12/site-packages/airflow/example_dags/example_latest_only.py
[2025-02-06T19:01:04.992+0000] {processor.py:925} INFO - DAG(s) 'latest_only' retrieved from /home/airflow/.local/lib/python3.12/site-packages/airflow/example_dags/example_latest_only.py
[2025-02-06T19:01:05.041+0000] {logging_mixin.py:190} INFO - [2025-02-06T19:01:05.040+0000] {dag.py:3239} INFO - Sync 1 DAGs
[2025-02-06T19:01:05.095+0000] {logging_mixin.py:190} INFO - [2025-02-06T19:01:05.095+0000] {dag.py:4180} INFO - Setting next_dagrun for latest_only to 2025-02-06 12:00:00+00:00, run_after=2025-02-06 16:00:00+00:00
[2025-02-06T19:01:05.132+0000] {processor.py:208} INFO - Processing /home/airflow/.local/lib/python3.12/site-packages/airflow/example_dags/example_latest_only.py took 0.181 seconds
[2025-02-06T19:01:35.407+0000] {processor.py:186} INFO - Started process (PID=5121) to work on /home/airflow/.local/lib/python3.12/site-packages/airflow/example_dags/example_latest_only.py
[2025-02-06T19:01:35.409+0000] {processor.py:914} INFO - Processing file /home/airflow/.local/lib/python3.12/site-packages/airflow/example_dags/example_latest_only.py for tasks to queue
[2025-02-06T19:01:35.415+0000] {logging_mixin.py:190} INFO - [2025-02-06T19:01:35.414+0000] {dagbag.py:588} INFO - Filling up the DagBag from /home/airflow/.local/lib/python3.12/site-packages/airflow/example_dags/example_latest_only.py
[2025-02-06T19:01:35.439+0000] {processor.py:925} INFO - DAG(s) 'latest_only' retrieved from /home/airflow/.local/lib/python3.12/site-packages/airflow/example_dags/example_latest_only.py
[2025-02-06T19:01:35.504+0000] {logging_mixin.py:190} INFO - [2025-02-06T19:01:35.504+0000] {dag.py:3239} INFO - Sync 1 DAGs
[2025-02-06T19:01:35.620+0000] {logging_mixin.py:190} INFO - [2025-02-06T19:01:35.619+0000] {dag.py:4180} INFO - Setting next_dagrun for latest_only to 2025-02-06 12:00:00+00:00, run_after=2025-02-06 16:00:00+00:00
[2025-02-06T19:01:35.695+0000] {processor.py:208} INFO - Processing /home/airflow/.local/lib/python3.12/site-packages/airflow/example_dags/example_latest_only.py took 0.302 seconds
[2025-02-06T19:02:06.445+0000] {processor.py:186} INFO - Started process (PID=5178) to work on /home/airflow/.local/lib/python3.12/site-packages/airflow/example_dags/example_latest_only.py
[2025-02-06T19:02:06.446+0000] {processor.py:914} INFO - Processing file /home/airflow/.local/lib/python3.12/site-packages/airflow/example_dags/example_latest_only.py for tasks to queue
[2025-02-06T19:02:06.457+0000] {logging_mixin.py:190} INFO - [2025-02-06T19:02:06.456+0000] {dagbag.py:588} INFO - Filling up the DagBag from /home/airflow/.local/lib/python3.12/site-packages/airflow/example_dags/example_latest_only.py
[2025-02-06T19:02:06.481+0000] {processor.py:925} INFO - DAG(s) 'latest_only' retrieved from /home/airflow/.local/lib/python3.12/site-packages/airflow/example_dags/example_latest_only.py
[2025-02-06T19:02:06.544+0000] {logging_mixin.py:190} INFO - [2025-02-06T19:02:06.544+0000] {dag.py:3239} INFO - Sync 1 DAGs
[2025-02-06T19:02:06.595+0000] {logging_mixin.py:190} INFO - [2025-02-06T19:02:06.594+0000] {dag.py:4180} INFO - Setting next_dagrun for latest_only to 2025-02-06 12:00:00+00:00, run_after=2025-02-06 16:00:00+00:00
[2025-02-06T19:02:06.652+0000] {processor.py:208} INFO - Processing /home/airflow/.local/lib/python3.12/site-packages/airflow/example_dags/example_latest_only.py took 0.221 seconds
[2025-02-06T19:02:36.775+0000] {processor.py:186} INFO - Started process (PID=5235) to work on /home/airflow/.local/lib/python3.12/site-packages/airflow/example_dags/example_latest_only.py
[2025-02-06T19:02:36.776+0000] {processor.py:914} INFO - Processing file /home/airflow/.local/lib/python3.12/site-packages/airflow/example_dags/example_latest_only.py for tasks to queue
[2025-02-06T19:02:36.780+0000] {logging_mixin.py:190} INFO - [2025-02-06T19:02:36.779+0000] {dagbag.py:588} INFO - Filling up the DagBag from /home/airflow/.local/lib/python3.12/site-packages/airflow/example_dags/example_latest_only.py
[2025-02-06T19:02:36.789+0000] {processor.py:925} INFO - DAG(s) 'latest_only' retrieved from /home/airflow/.local/lib/python3.12/site-packages/airflow/example_dags/example_latest_only.py
[2025-02-06T19:02:36.815+0000] {logging_mixin.py:190} INFO - [2025-02-06T19:02:36.815+0000] {dag.py:3239} INFO - Sync 1 DAGs
[2025-02-06T19:02:36.848+0000] {logging_mixin.py:190} INFO - [2025-02-06T19:02:36.848+0000] {dag.py:4180} INFO - Setting next_dagrun for latest_only to 2025-02-06 12:00:00+00:00, run_after=2025-02-06 16:00:00+00:00
[2025-02-06T19:02:36.875+0000] {processor.py:208} INFO - Processing /home/airflow/.local/lib/python3.12/site-packages/airflow/example_dags/example_latest_only.py took 0.107 seconds
[2025-02-06T19:03:07.494+0000] {processor.py:186} INFO - Started process (PID=5292) to work on /home/airflow/.local/lib/python3.12/site-packages/airflow/example_dags/example_latest_only.py
[2025-02-06T19:03:07.496+0000] {processor.py:914} INFO - Processing file /home/airflow/.local/lib/python3.12/site-packages/airflow/example_dags/example_latest_only.py for tasks to queue
[2025-02-06T19:03:07.500+0000] {logging_mixin.py:190} INFO - [2025-02-06T19:03:07.499+0000] {dagbag.py:588} INFO - Filling up the DagBag from /home/airflow/.local/lib/python3.12/site-packages/airflow/example_dags/example_latest_only.py
[2025-02-06T19:03:07.509+0000] {processor.py:925} INFO - DAG(s) 'latest_only' retrieved from /home/airflow/.local/lib/python3.12/site-packages/airflow/example_dags/example_latest_only.py
[2025-02-06T19:03:07.535+0000] {logging_mixin.py:190} INFO - [2025-02-06T19:03:07.534+0000] {dag.py:3239} INFO - Sync 1 DAGs
[2025-02-06T19:03:07.568+0000] {logging_mixin.py:190} INFO - [2025-02-06T19:03:07.568+0000] {dag.py:4180} INFO - Setting next_dagrun for latest_only to 2025-02-06 12:00:00+00:00, run_after=2025-02-06 16:00:00+00:00
[2025-02-06T19:03:07.608+0000] {processor.py:208} INFO - Processing /home/airflow/.local/lib/python3.12/site-packages/airflow/example_dags/example_latest_only.py took 0.122 seconds
[2025-02-06T19:03:37.991+0000] {processor.py:186} INFO - Started process (PID=5346) to work on /home/airflow/.local/lib/python3.12/site-packages/airflow/example_dags/example_latest_only.py
[2025-02-06T19:03:37.993+0000] {processor.py:914} INFO - Processing file /home/airflow/.local/lib/python3.12/site-packages/airflow/example_dags/example_latest_only.py for tasks to queue
[2025-02-06T19:03:37.996+0000] {logging_mixin.py:190} INFO - [2025-02-06T19:03:37.995+0000] {dagbag.py:588} INFO - Filling up the DagBag from /home/airflow/.local/lib/python3.12/site-packages/airflow/example_dags/example_latest_only.py
[2025-02-06T19:03:38.009+0000] {processor.py:925} INFO - DAG(s) 'latest_only' retrieved from /home/airflow/.local/lib/python3.12/site-packages/airflow/example_dags/example_latest_only.py
[2025-02-06T19:03:38.035+0000] {logging_mixin.py:190} INFO - [2025-02-06T19:03:38.035+0000] {dag.py:3239} INFO - Sync 1 DAGs
[2025-02-06T19:03:38.071+0000] {logging_mixin.py:190} INFO - [2025-02-06T19:03:38.071+0000] {dag.py:4180} INFO - Setting next_dagrun for latest_only to 2025-02-06 12:00:00+00:00, run_after=2025-02-06 16:00:00+00:00
[2025-02-06T19:03:38.105+0000] {processor.py:208} INFO - Processing /home/airflow/.local/lib/python3.12/site-packages/airflow/example_dags/example_latest_only.py took 0.123 seconds
[2025-02-06T19:04:08.279+0000] {processor.py:186} INFO - Started process (PID=5403) to work on /home/airflow/.local/lib/python3.12/site-packages/airflow/example_dags/example_latest_only.py
[2025-02-06T19:04:08.280+0000] {processor.py:914} INFO - Processing file /home/airflow/.local/lib/python3.12/site-packages/airflow/example_dags/example_latest_only.py for tasks to queue
[2025-02-06T19:04:08.284+0000] {logging_mixin.py:190} INFO - [2025-02-06T19:04:08.283+0000] {dagbag.py:588} INFO - Filling up the DagBag from /home/airflow/.local/lib/python3.12/site-packages/airflow/example_dags/example_latest_only.py
[2025-02-06T19:04:08.295+0000] {processor.py:925} INFO - DAG(s) 'latest_only' retrieved from /home/airflow/.local/lib/python3.12/site-packages/airflow/example_dags/example_latest_only.py
[2025-02-06T19:04:08.331+0000] {logging_mixin.py:190} INFO - [2025-02-06T19:04:08.330+0000] {dag.py:3239} INFO - Sync 1 DAGs
[2025-02-06T19:04:08.368+0000] {logging_mixin.py:190} INFO - [2025-02-06T19:04:08.368+0000] {dag.py:4180} INFO - Setting next_dagrun for latest_only to 2025-02-06 12:00:00+00:00, run_after=2025-02-06 16:00:00+00:00
[2025-02-06T19:04:08.395+0000] {processor.py:208} INFO - Processing /home/airflow/.local/lib/python3.12/site-packages/airflow/example_dags/example_latest_only.py took 0.126 seconds
[2025-02-06T19:04:38.750+0000] {processor.py:186} INFO - Started process (PID=5458) to work on /home/airflow/.local/lib/python3.12/site-packages/airflow/example_dags/example_latest_only.py
[2025-02-06T19:04:38.751+0000] {processor.py:914} INFO - Processing file /home/airflow/.local/lib/python3.12/site-packages/airflow/example_dags/example_latest_only.py for tasks to queue
[2025-02-06T19:04:38.755+0000] {logging_mixin.py:190} INFO - [2025-02-06T19:04:38.754+0000] {dagbag.py:588} INFO - Filling up the DagBag from /home/airflow/.local/lib/python3.12/site-packages/airflow/example_dags/example_latest_only.py
[2025-02-06T19:04:38.764+0000] {processor.py:925} INFO - DAG(s) 'latest_only' retrieved from /home/airflow/.local/lib/python3.12/site-packages/airflow/example_dags/example_latest_only.py
[2025-02-06T19:04:38.794+0000] {logging_mixin.py:190} INFO - [2025-02-06T19:04:38.793+0000] {dag.py:3239} INFO - Sync 1 DAGs
[2025-02-06T19:04:38.826+0000] {logging_mixin.py:190} INFO - [2025-02-06T19:04:38.825+0000] {dag.py:4180} INFO - Setting next_dagrun for latest_only to 2025-02-06 12:00:00+00:00, run_after=2025-02-06 16:00:00+00:00
[2025-02-06T19:04:38.849+0000] {processor.py:208} INFO - Processing /home/airflow/.local/lib/python3.12/site-packages/airflow/example_dags/example_latest_only.py took 0.109 seconds
[2025-02-06T19:05:08.948+0000] {processor.py:186} INFO - Started process (PID=5513) to work on /home/airflow/.local/lib/python3.12/site-packages/airflow/example_dags/example_latest_only.py
[2025-02-06T19:05:08.950+0000] {processor.py:914} INFO - Processing file /home/airflow/.local/lib/python3.12/site-packages/airflow/example_dags/example_latest_only.py for tasks to queue
[2025-02-06T19:05:08.954+0000] {logging_mixin.py:190} INFO - [2025-02-06T19:05:08.953+0000] {dagbag.py:588} INFO - Filling up the DagBag from /home/airflow/.local/lib/python3.12/site-packages/airflow/example_dags/example_latest_only.py
[2025-02-06T19:05:08.966+0000] {processor.py:925} INFO - DAG(s) 'latest_only' retrieved from /home/airflow/.local/lib/python3.12/site-packages/airflow/example_dags/example_latest_only.py
[2025-02-06T19:05:08.999+0000] {logging_mixin.py:190} INFO - [2025-02-06T19:05:08.998+0000] {dag.py:3239} INFO - Sync 1 DAGs
[2025-02-06T19:05:09.042+0000] {logging_mixin.py:190} INFO - [2025-02-06T19:05:09.041+0000] {dag.py:4180} INFO - Setting next_dagrun for latest_only to 2025-02-06 12:00:00+00:00, run_after=2025-02-06 16:00:00+00:00
[2025-02-06T19:05:09.073+0000] {processor.py:208} INFO - Processing /home/airflow/.local/lib/python3.12/site-packages/airflow/example_dags/example_latest_only.py took 0.135 seconds
[2025-02-06T19:05:40.270+0000] {processor.py:186} INFO - Started process (PID=5570) to work on /home/airflow/.local/lib/python3.12/site-packages/airflow/example_dags/example_latest_only.py
[2025-02-06T19:05:40.271+0000] {processor.py:914} INFO - Processing file /home/airflow/.local/lib/python3.12/site-packages/airflow/example_dags/example_latest_only.py for tasks to queue
[2025-02-06T19:05:40.274+0000] {logging_mixin.py:190} INFO - [2025-02-06T19:05:40.274+0000] {dagbag.py:588} INFO - Filling up the DagBag from /home/airflow/.local/lib/python3.12/site-packages/airflow/example_dags/example_latest_only.py
[2025-02-06T19:05:40.284+0000] {processor.py:925} INFO - DAG(s) 'latest_only' retrieved from /home/airflow/.local/lib/python3.12/site-packages/airflow/example_dags/example_latest_only.py
[2025-02-06T19:05:40.320+0000] {logging_mixin.py:190} INFO - [2025-02-06T19:05:40.319+0000] {dag.py:3239} INFO - Sync 1 DAGs
[2025-02-06T19:05:40.360+0000] {logging_mixin.py:190} INFO - [2025-02-06T19:05:40.360+0000] {dag.py:4180} INFO - Setting next_dagrun for latest_only to 2025-02-06 12:00:00+00:00, run_after=2025-02-06 16:00:00+00:00
[2025-02-06T19:05:40.396+0000] {processor.py:208} INFO - Processing /home/airflow/.local/lib/python3.12/site-packages/airflow/example_dags/example_latest_only.py took 0.134 seconds
[2025-02-06T19:06:10.838+0000] {processor.py:186} INFO - Started process (PID=5626) to work on /home/airflow/.local/lib/python3.12/site-packages/airflow/example_dags/example_latest_only.py
[2025-02-06T19:06:10.840+0000] {processor.py:914} INFO - Processing file /home/airflow/.local/lib/python3.12/site-packages/airflow/example_dags/example_latest_only.py for tasks to queue
[2025-02-06T19:06:10.843+0000] {logging_mixin.py:190} INFO - [2025-02-06T19:06:10.843+0000] {dagbag.py:588} INFO - Filling up the DagBag from /home/airflow/.local/lib/python3.12/site-packages/airflow/example_dags/example_latest_only.py
[2025-02-06T19:06:10.857+0000] {processor.py:925} INFO - DAG(s) 'latest_only' retrieved from /home/airflow/.local/lib/python3.12/site-packages/airflow/example_dags/example_latest_only.py
[2025-02-06T19:06:10.897+0000] {logging_mixin.py:190} INFO - [2025-02-06T19:06:10.896+0000] {dag.py:3239} INFO - Sync 1 DAGs
[2025-02-06T19:06:10.961+0000] {logging_mixin.py:190} INFO - [2025-02-06T19:06:10.960+0000] {dag.py:4180} INFO - Setting next_dagrun for latest_only to 2025-02-06 12:00:00+00:00, run_after=2025-02-06 16:00:00+00:00
[2025-02-06T19:06:11.009+0000] {processor.py:208} INFO - Processing /home/airflow/.local/lib/python3.12/site-packages/airflow/example_dags/example_latest_only.py took 0.185 seconds
[2025-02-06T19:06:41.434+0000] {processor.py:186} INFO - Started process (PID=5683) to work on /home/airflow/.local/lib/python3.12/site-packages/airflow/example_dags/example_latest_only.py
[2025-02-06T19:06:41.437+0000] {processor.py:914} INFO - Processing file /home/airflow/.local/lib/python3.12/site-packages/airflow/example_dags/example_latest_only.py for tasks to queue
[2025-02-06T19:06:41.443+0000] {logging_mixin.py:190} INFO - [2025-02-06T19:06:41.442+0000] {dagbag.py:588} INFO - Filling up the DagBag from /home/airflow/.local/lib/python3.12/site-packages/airflow/example_dags/example_latest_only.py
[2025-02-06T19:06:41.462+0000] {processor.py:925} INFO - DAG(s) 'latest_only' retrieved from /home/airflow/.local/lib/python3.12/site-packages/airflow/example_dags/example_latest_only.py
[2025-02-06T19:06:41.508+0000] {logging_mixin.py:190} INFO - [2025-02-06T19:06:41.507+0000] {dag.py:3239} INFO - Sync 1 DAGs
[2025-02-06T19:06:41.576+0000] {logging_mixin.py:190} INFO - [2025-02-06T19:06:41.574+0000] {dag.py:4180} INFO - Setting next_dagrun for latest_only to 2025-02-06 12:00:00+00:00, run_after=2025-02-06 16:00:00+00:00
[2025-02-06T19:06:41.624+0000] {processor.py:208} INFO - Processing /home/airflow/.local/lib/python3.12/site-packages/airflow/example_dags/example_latest_only.py took 0.216 seconds
[2025-02-06T19:07:11.733+0000] {processor.py:186} INFO - Started process (PID=5740) to work on /home/airflow/.local/lib/python3.12/site-packages/airflow/example_dags/example_latest_only.py
[2025-02-06T19:07:11.735+0000] {processor.py:914} INFO - Processing file /home/airflow/.local/lib/python3.12/site-packages/airflow/example_dags/example_latest_only.py for tasks to queue
[2025-02-06T19:07:11.747+0000] {logging_mixin.py:190} INFO - [2025-02-06T19:07:11.746+0000] {dagbag.py:588} INFO - Filling up the DagBag from /home/airflow/.local/lib/python3.12/site-packages/airflow/example_dags/example_latest_only.py
[2025-02-06T19:07:11.778+0000] {processor.py:925} INFO - DAG(s) 'latest_only' retrieved from /home/airflow/.local/lib/python3.12/site-packages/airflow/example_dags/example_latest_only.py
[2025-02-06T19:07:11.824+0000] {logging_mixin.py:190} INFO - [2025-02-06T19:07:11.823+0000] {dag.py:3239} INFO - Sync 1 DAGs
[2025-02-06T19:07:11.876+0000] {logging_mixin.py:190} INFO - [2025-02-06T19:07:11.876+0000] {dag.py:4180} INFO - Setting next_dagrun for latest_only to 2025-02-06 12:00:00+00:00, run_after=2025-02-06 16:00:00+00:00
[2025-02-06T19:07:11.930+0000] {processor.py:208} INFO - Processing /home/airflow/.local/lib/python3.12/site-packages/airflow/example_dags/example_latest_only.py took 0.208 seconds
[2025-02-06T19:07:42.543+0000] {processor.py:186} INFO - Started process (PID=5796) to work on /home/airflow/.local/lib/python3.12/site-packages/airflow/example_dags/example_latest_only.py
[2025-02-06T19:07:42.545+0000] {processor.py:914} INFO - Processing file /home/airflow/.local/lib/python3.12/site-packages/airflow/example_dags/example_latest_only.py for tasks to queue
[2025-02-06T19:07:42.551+0000] {logging_mixin.py:190} INFO - [2025-02-06T19:07:42.550+0000] {dagbag.py:588} INFO - Filling up the DagBag from /home/airflow/.local/lib/python3.12/site-packages/airflow/example_dags/example_latest_only.py
[2025-02-06T19:07:42.571+0000] {processor.py:925} INFO - DAG(s) 'latest_only' retrieved from /home/airflow/.local/lib/python3.12/site-packages/airflow/example_dags/example_latest_only.py
[2025-02-06T19:07:42.622+0000] {logging_mixin.py:190} INFO - [2025-02-06T19:07:42.622+0000] {dag.py:3239} INFO - Sync 1 DAGs
[2025-02-06T19:07:42.692+0000] {logging_mixin.py:190} INFO - [2025-02-06T19:07:42.691+0000] {dag.py:4180} INFO - Setting next_dagrun for latest_only to 2025-02-06 12:00:00+00:00, run_after=2025-02-06 16:00:00+00:00
[2025-02-06T19:07:42.742+0000] {processor.py:208} INFO - Processing /home/airflow/.local/lib/python3.12/site-packages/airflow/example_dags/example_latest_only.py took 0.211 seconds
[2025-02-06T19:08:12.804+0000] {processor.py:186} INFO - Started process (PID=5853) to work on /home/airflow/.local/lib/python3.12/site-packages/airflow/example_dags/example_latest_only.py
[2025-02-06T19:08:12.805+0000] {processor.py:914} INFO - Processing file /home/airflow/.local/lib/python3.12/site-packages/airflow/example_dags/example_latest_only.py for tasks to queue
[2025-02-06T19:08:12.808+0000] {logging_mixin.py:190} INFO - [2025-02-06T19:08:12.808+0000] {dagbag.py:588} INFO - Filling up the DagBag from /home/airflow/.local/lib/python3.12/site-packages/airflow/example_dags/example_latest_only.py
[2025-02-06T19:08:12.818+0000] {processor.py:925} INFO - DAG(s) 'latest_only' retrieved from /home/airflow/.local/lib/python3.12/site-packages/airflow/example_dags/example_latest_only.py
[2025-02-06T19:08:12.845+0000] {logging_mixin.py:190} INFO - [2025-02-06T19:08:12.845+0000] {dag.py:3239} INFO - Sync 1 DAGs
[2025-02-06T19:08:12.878+0000] {logging_mixin.py:190} INFO - [2025-02-06T19:08:12.878+0000] {dag.py:4180} INFO - Setting next_dagrun for latest_only to 2025-02-06 12:00:00+00:00, run_after=2025-02-06 16:00:00+00:00
[2025-02-06T19:08:12.930+0000] {processor.py:208} INFO - Processing /home/airflow/.local/lib/python3.12/site-packages/airflow/example_dags/example_latest_only.py took 0.136 seconds
