[2025-02-06T16:36:29.586+0000] {processor.py:186} INFO - Started process (PID=56) to work on /home/airflow/.local/lib/python3.12/site-packages/airflow/example_dags/example_local_kubernetes_executor.py
[2025-02-06T16:36:29.587+0000] {processor.py:914} INFO - Processing file /home/airflow/.local/lib/python3.12/site-packages/airflow/example_dags/example_local_kubernetes_executor.py for tasks to queue
[2025-02-06T16:36:29.590+0000] {logging_mixin.py:190} INFO - [2025-02-06T16:36:29.590+0000] {dagbag.py:588} INFO - Filling up the DagBag from /home/airflow/.local/lib/python3.12/site-packages/airflow/example_dags/example_local_kubernetes_executor.py
[2025-02-06T16:36:29.619+0000] {processor.py:925} INFO - DAG(s) 'example_local_kubernetes_executor' retrieved from /home/airflow/.local/lib/python3.12/site-packages/airflow/example_dags/example_local_kubernetes_executor.py
[2025-02-06T16:36:29.802+0000] {logging_mixin.py:190} INFO - [2025-02-06T16:36:29.801+0000] {override.py:1911} INFO - Created Permission View: can edit on DAG:example_local_kubernetes_executor
[2025-02-06T16:36:29.819+0000] {logging_mixin.py:190} INFO - [2025-02-06T16:36:29.818+0000] {override.py:1911} INFO - Created Permission View: can delete on DAG:example_local_kubernetes_executor
[2025-02-06T16:36:29.836+0000] {logging_mixin.py:190} INFO - [2025-02-06T16:36:29.836+0000] {override.py:1911} INFO - Created Permission View: can read on DAG:example_local_kubernetes_executor
[2025-02-06T16:36:29.856+0000] {logging_mixin.py:190} INFO - [2025-02-06T16:36:29.855+0000] {override.py:1911} INFO - Created Permission View: menu access on DAG Run:example_local_kubernetes_executor
[2025-02-06T16:36:29.868+0000] {logging_mixin.py:190} INFO - [2025-02-06T16:36:29.868+0000] {override.py:1911} INFO - Created Permission View: can create on DAG Run:example_local_kubernetes_executor
[2025-02-06T16:36:29.884+0000] {logging_mixin.py:190} INFO - [2025-02-06T16:36:29.884+0000] {override.py:1911} INFO - Created Permission View: can delete on DAG Run:example_local_kubernetes_executor
[2025-02-06T16:36:29.898+0000] {logging_mixin.py:190} INFO - [2025-02-06T16:36:29.898+0000] {override.py:1911} INFO - Created Permission View: can read on DAG Run:example_local_kubernetes_executor
[2025-02-06T16:36:29.899+0000] {logging_mixin.py:190} INFO - [2025-02-06T16:36:29.899+0000] {dag.py:3239} INFO - Sync 1 DAGs
[2025-02-06T16:36:29.921+0000] {logging_mixin.py:190} INFO - [2025-02-06T16:36:29.920+0000] {dag.py:3262} INFO - Creating ORM DAG for example_local_kubernetes_executor
[2025-02-06T16:36:29.922+0000] {logging_mixin.py:190} INFO - [2025-02-06T16:36:29.921+0000] {dag.py:4180} INFO - Setting next_dagrun for example_local_kubernetes_executor to None, run_after=None
[2025-02-06T16:36:29.950+0000] {processor.py:208} INFO - Processing /home/airflow/.local/lib/python3.12/site-packages/airflow/example_dags/example_local_kubernetes_executor.py took 0.373 seconds
[2025-02-06T16:37:00.207+0000] {processor.py:186} INFO - Started process (PID=113) to work on /home/airflow/.local/lib/python3.12/site-packages/airflow/example_dags/example_local_kubernetes_executor.py
[2025-02-06T16:37:00.209+0000] {processor.py:914} INFO - Processing file /home/airflow/.local/lib/python3.12/site-packages/airflow/example_dags/example_local_kubernetes_executor.py for tasks to queue
[2025-02-06T16:37:00.212+0000] {logging_mixin.py:190} INFO - [2025-02-06T16:37:00.211+0000] {dagbag.py:588} INFO - Filling up the DagBag from /home/airflow/.local/lib/python3.12/site-packages/airflow/example_dags/example_local_kubernetes_executor.py
[2025-02-06T16:37:00.223+0000] {processor.py:925} INFO - DAG(s) 'example_local_kubernetes_executor' retrieved from /home/airflow/.local/lib/python3.12/site-packages/airflow/example_dags/example_local_kubernetes_executor.py
[2025-02-06T16:37:00.252+0000] {logging_mixin.py:190} INFO - [2025-02-06T16:37:00.251+0000] {dag.py:3239} INFO - Sync 1 DAGs
[2025-02-06T16:37:00.272+0000] {logging_mixin.py:190} INFO - [2025-02-06T16:37:00.272+0000] {dag.py:4180} INFO - Setting next_dagrun for example_local_kubernetes_executor to None, run_after=None
[2025-02-06T16:37:00.296+0000] {processor.py:208} INFO - Processing /home/airflow/.local/lib/python3.12/site-packages/airflow/example_dags/example_local_kubernetes_executor.py took 0.096 seconds
[2025-02-06T16:37:30.712+0000] {processor.py:186} INFO - Started process (PID=169) to work on /home/airflow/.local/lib/python3.12/site-packages/airflow/example_dags/example_local_kubernetes_executor.py
[2025-02-06T16:37:30.713+0000] {processor.py:914} INFO - Processing file /home/airflow/.local/lib/python3.12/site-packages/airflow/example_dags/example_local_kubernetes_executor.py for tasks to queue
[2025-02-06T16:37:30.716+0000] {logging_mixin.py:190} INFO - [2025-02-06T16:37:30.716+0000] {dagbag.py:588} INFO - Filling up the DagBag from /home/airflow/.local/lib/python3.12/site-packages/airflow/example_dags/example_local_kubernetes_executor.py
[2025-02-06T16:37:30.728+0000] {processor.py:925} INFO - DAG(s) 'example_local_kubernetes_executor' retrieved from /home/airflow/.local/lib/python3.12/site-packages/airflow/example_dags/example_local_kubernetes_executor.py
[2025-02-06T16:37:30.755+0000] {logging_mixin.py:190} INFO - [2025-02-06T16:37:30.754+0000] {dag.py:3239} INFO - Sync 1 DAGs
[2025-02-06T16:37:30.775+0000] {logging_mixin.py:190} INFO - [2025-02-06T16:37:30.775+0000] {dag.py:4180} INFO - Setting next_dagrun for example_local_kubernetes_executor to None, run_after=None
[2025-02-06T16:37:30.801+0000] {processor.py:208} INFO - Processing /home/airflow/.local/lib/python3.12/site-packages/airflow/example_dags/example_local_kubernetes_executor.py took 0.096 seconds
[2025-02-06T16:38:01.175+0000] {processor.py:186} INFO - Started process (PID=225) to work on /home/airflow/.local/lib/python3.12/site-packages/airflow/example_dags/example_local_kubernetes_executor.py
[2025-02-06T16:38:01.177+0000] {processor.py:914} INFO - Processing file /home/airflow/.local/lib/python3.12/site-packages/airflow/example_dags/example_local_kubernetes_executor.py for tasks to queue
[2025-02-06T16:38:01.180+0000] {logging_mixin.py:190} INFO - [2025-02-06T16:38:01.180+0000] {dagbag.py:588} INFO - Filling up the DagBag from /home/airflow/.local/lib/python3.12/site-packages/airflow/example_dags/example_local_kubernetes_executor.py
[2025-02-06T16:38:01.191+0000] {processor.py:925} INFO - DAG(s) 'example_local_kubernetes_executor' retrieved from /home/airflow/.local/lib/python3.12/site-packages/airflow/example_dags/example_local_kubernetes_executor.py
[2025-02-06T16:38:01.216+0000] {logging_mixin.py:190} INFO - [2025-02-06T16:38:01.216+0000] {dag.py:3239} INFO - Sync 1 DAGs
[2025-02-06T16:38:01.235+0000] {logging_mixin.py:190} INFO - [2025-02-06T16:38:01.235+0000] {dag.py:4180} INFO - Setting next_dagrun for example_local_kubernetes_executor to None, run_after=None
[2025-02-06T16:38:01.258+0000] {processor.py:208} INFO - Processing /home/airflow/.local/lib/python3.12/site-packages/airflow/example_dags/example_local_kubernetes_executor.py took 0.090 seconds
[2025-02-06T16:38:31.554+0000] {processor.py:186} INFO - Started process (PID=282) to work on /home/airflow/.local/lib/python3.12/site-packages/airflow/example_dags/example_local_kubernetes_executor.py
[2025-02-06T16:38:31.556+0000] {processor.py:914} INFO - Processing file /home/airflow/.local/lib/python3.12/site-packages/airflow/example_dags/example_local_kubernetes_executor.py for tasks to queue
[2025-02-06T16:38:31.558+0000] {logging_mixin.py:190} INFO - [2025-02-06T16:38:31.558+0000] {dagbag.py:588} INFO - Filling up the DagBag from /home/airflow/.local/lib/python3.12/site-packages/airflow/example_dags/example_local_kubernetes_executor.py
[2025-02-06T16:38:31.570+0000] {processor.py:925} INFO - DAG(s) 'example_local_kubernetes_executor' retrieved from /home/airflow/.local/lib/python3.12/site-packages/airflow/example_dags/example_local_kubernetes_executor.py
[2025-02-06T16:38:31.597+0000] {logging_mixin.py:190} INFO - [2025-02-06T16:38:31.597+0000] {dag.py:3239} INFO - Sync 1 DAGs
[2025-02-06T16:38:31.616+0000] {logging_mixin.py:190} INFO - [2025-02-06T16:38:31.615+0000] {dag.py:4180} INFO - Setting next_dagrun for example_local_kubernetes_executor to None, run_after=None
[2025-02-06T16:38:31.640+0000] {processor.py:208} INFO - Processing /home/airflow/.local/lib/python3.12/site-packages/airflow/example_dags/example_local_kubernetes_executor.py took 0.094 seconds
[2025-02-06T16:39:02.497+0000] {processor.py:186} INFO - Started process (PID=339) to work on /home/airflow/.local/lib/python3.12/site-packages/airflow/example_dags/example_local_kubernetes_executor.py
[2025-02-06T16:39:02.499+0000] {processor.py:914} INFO - Processing file /home/airflow/.local/lib/python3.12/site-packages/airflow/example_dags/example_local_kubernetes_executor.py for tasks to queue
[2025-02-06T16:39:02.501+0000] {logging_mixin.py:190} INFO - [2025-02-06T16:39:02.501+0000] {dagbag.py:588} INFO - Filling up the DagBag from /home/airflow/.local/lib/python3.12/site-packages/airflow/example_dags/example_local_kubernetes_executor.py
[2025-02-06T16:39:02.512+0000] {processor.py:925} INFO - DAG(s) 'example_local_kubernetes_executor' retrieved from /home/airflow/.local/lib/python3.12/site-packages/airflow/example_dags/example_local_kubernetes_executor.py
[2025-02-06T16:39:02.536+0000] {logging_mixin.py:190} INFO - [2025-02-06T16:39:02.535+0000] {dag.py:3239} INFO - Sync 1 DAGs
[2025-02-06T16:39:02.553+0000] {logging_mixin.py:190} INFO - [2025-02-06T16:39:02.553+0000] {dag.py:4180} INFO - Setting next_dagrun for example_local_kubernetes_executor to None, run_after=None
[2025-02-06T16:39:02.575+0000] {processor.py:208} INFO - Processing /home/airflow/.local/lib/python3.12/site-packages/airflow/example_dags/example_local_kubernetes_executor.py took 0.085 seconds
[2025-02-06T16:39:33.027+0000] {processor.py:186} INFO - Started process (PID=396) to work on /home/airflow/.local/lib/python3.12/site-packages/airflow/example_dags/example_local_kubernetes_executor.py
[2025-02-06T16:39:33.028+0000] {processor.py:914} INFO - Processing file /home/airflow/.local/lib/python3.12/site-packages/airflow/example_dags/example_local_kubernetes_executor.py for tasks to queue
[2025-02-06T16:39:33.031+0000] {logging_mixin.py:190} INFO - [2025-02-06T16:39:33.031+0000] {dagbag.py:588} INFO - Filling up the DagBag from /home/airflow/.local/lib/python3.12/site-packages/airflow/example_dags/example_local_kubernetes_executor.py
[2025-02-06T16:39:33.044+0000] {processor.py:925} INFO - DAG(s) 'example_local_kubernetes_executor' retrieved from /home/airflow/.local/lib/python3.12/site-packages/airflow/example_dags/example_local_kubernetes_executor.py
[2025-02-06T16:39:33.074+0000] {logging_mixin.py:190} INFO - [2025-02-06T16:39:33.074+0000] {dag.py:3239} INFO - Sync 1 DAGs
[2025-02-06T16:39:33.098+0000] {logging_mixin.py:190} INFO - [2025-02-06T16:39:33.097+0000] {dag.py:4180} INFO - Setting next_dagrun for example_local_kubernetes_executor to None, run_after=None
[2025-02-06T16:39:33.127+0000] {processor.py:208} INFO - Processing /home/airflow/.local/lib/python3.12/site-packages/airflow/example_dags/example_local_kubernetes_executor.py took 0.107 seconds
[2025-02-06T16:40:03.486+0000] {processor.py:186} INFO - Started process (PID=452) to work on /home/airflow/.local/lib/python3.12/site-packages/airflow/example_dags/example_local_kubernetes_executor.py
[2025-02-06T16:40:03.487+0000] {processor.py:914} INFO - Processing file /home/airflow/.local/lib/python3.12/site-packages/airflow/example_dags/example_local_kubernetes_executor.py for tasks to queue
[2025-02-06T16:40:03.490+0000] {logging_mixin.py:190} INFO - [2025-02-06T16:40:03.490+0000] {dagbag.py:588} INFO - Filling up the DagBag from /home/airflow/.local/lib/python3.12/site-packages/airflow/example_dags/example_local_kubernetes_executor.py
[2025-02-06T16:40:03.502+0000] {processor.py:925} INFO - DAG(s) 'example_local_kubernetes_executor' retrieved from /home/airflow/.local/lib/python3.12/site-packages/airflow/example_dags/example_local_kubernetes_executor.py
[2025-02-06T16:40:03.527+0000] {logging_mixin.py:190} INFO - [2025-02-06T16:40:03.526+0000] {dag.py:3239} INFO - Sync 1 DAGs
[2025-02-06T16:40:03.545+0000] {logging_mixin.py:190} INFO - [2025-02-06T16:40:03.544+0000] {dag.py:4180} INFO - Setting next_dagrun for example_local_kubernetes_executor to None, run_after=None
[2025-02-06T16:40:03.567+0000] {processor.py:208} INFO - Processing /home/airflow/.local/lib/python3.12/site-packages/airflow/example_dags/example_local_kubernetes_executor.py took 0.088 seconds
[2025-02-06T16:40:33.902+0000] {processor.py:186} INFO - Started process (PID=509) to work on /home/airflow/.local/lib/python3.12/site-packages/airflow/example_dags/example_local_kubernetes_executor.py
[2025-02-06T16:40:33.903+0000] {processor.py:914} INFO - Processing file /home/airflow/.local/lib/python3.12/site-packages/airflow/example_dags/example_local_kubernetes_executor.py for tasks to queue
[2025-02-06T16:40:33.906+0000] {logging_mixin.py:190} INFO - [2025-02-06T16:40:33.906+0000] {dagbag.py:588} INFO - Filling up the DagBag from /home/airflow/.local/lib/python3.12/site-packages/airflow/example_dags/example_local_kubernetes_executor.py
[2025-02-06T16:40:33.918+0000] {processor.py:925} INFO - DAG(s) 'example_local_kubernetes_executor' retrieved from /home/airflow/.local/lib/python3.12/site-packages/airflow/example_dags/example_local_kubernetes_executor.py
[2025-02-06T16:40:33.944+0000] {logging_mixin.py:190} INFO - [2025-02-06T16:40:33.944+0000] {dag.py:3239} INFO - Sync 1 DAGs
[2025-02-06T16:40:33.962+0000] {logging_mixin.py:190} INFO - [2025-02-06T16:40:33.961+0000] {dag.py:4180} INFO - Setting next_dagrun for example_local_kubernetes_executor to None, run_after=None
[2025-02-06T16:40:33.983+0000] {processor.py:208} INFO - Processing /home/airflow/.local/lib/python3.12/site-packages/airflow/example_dags/example_local_kubernetes_executor.py took 0.089 seconds
[2025-02-06T16:41:04.100+0000] {processor.py:186} INFO - Started process (PID=566) to work on /home/airflow/.local/lib/python3.12/site-packages/airflow/example_dags/example_local_kubernetes_executor.py
[2025-02-06T16:41:04.101+0000] {processor.py:914} INFO - Processing file /home/airflow/.local/lib/python3.12/site-packages/airflow/example_dags/example_local_kubernetes_executor.py for tasks to queue
[2025-02-06T16:41:04.105+0000] {logging_mixin.py:190} INFO - [2025-02-06T16:41:04.104+0000] {dagbag.py:588} INFO - Filling up the DagBag from /home/airflow/.local/lib/python3.12/site-packages/airflow/example_dags/example_local_kubernetes_executor.py
[2025-02-06T16:41:04.117+0000] {processor.py:925} INFO - DAG(s) 'example_local_kubernetes_executor' retrieved from /home/airflow/.local/lib/python3.12/site-packages/airflow/example_dags/example_local_kubernetes_executor.py
[2025-02-06T16:41:04.142+0000] {logging_mixin.py:190} INFO - [2025-02-06T16:41:04.142+0000] {dag.py:3239} INFO - Sync 1 DAGs
[2025-02-06T16:41:04.166+0000] {logging_mixin.py:190} INFO - [2025-02-06T16:41:04.165+0000] {dag.py:4180} INFO - Setting next_dagrun for example_local_kubernetes_executor to None, run_after=None
[2025-02-06T16:41:04.191+0000] {processor.py:208} INFO - Processing /home/airflow/.local/lib/python3.12/site-packages/airflow/example_dags/example_local_kubernetes_executor.py took 0.099 seconds
[2025-02-06T16:41:34.446+0000] {processor.py:186} INFO - Started process (PID=623) to work on /home/airflow/.local/lib/python3.12/site-packages/airflow/example_dags/example_local_kubernetes_executor.py
[2025-02-06T16:41:34.448+0000] {processor.py:914} INFO - Processing file /home/airflow/.local/lib/python3.12/site-packages/airflow/example_dags/example_local_kubernetes_executor.py for tasks to queue
[2025-02-06T16:41:34.450+0000] {logging_mixin.py:190} INFO - [2025-02-06T16:41:34.450+0000] {dagbag.py:588} INFO - Filling up the DagBag from /home/airflow/.local/lib/python3.12/site-packages/airflow/example_dags/example_local_kubernetes_executor.py
[2025-02-06T16:41:34.461+0000] {processor.py:925} INFO - DAG(s) 'example_local_kubernetes_executor' retrieved from /home/airflow/.local/lib/python3.12/site-packages/airflow/example_dags/example_local_kubernetes_executor.py
[2025-02-06T16:41:34.487+0000] {logging_mixin.py:190} INFO - [2025-02-06T16:41:34.487+0000] {dag.py:3239} INFO - Sync 1 DAGs
[2025-02-06T16:41:34.505+0000] {logging_mixin.py:190} INFO - [2025-02-06T16:41:34.505+0000] {dag.py:4180} INFO - Setting next_dagrun for example_local_kubernetes_executor to None, run_after=None
[2025-02-06T16:41:34.531+0000] {processor.py:208} INFO - Processing /home/airflow/.local/lib/python3.12/site-packages/airflow/example_dags/example_local_kubernetes_executor.py took 0.093 seconds
[2025-02-06T16:42:05.058+0000] {processor.py:186} INFO - Started process (PID=680) to work on /home/airflow/.local/lib/python3.12/site-packages/airflow/example_dags/example_local_kubernetes_executor.py
[2025-02-06T16:42:05.059+0000] {processor.py:914} INFO - Processing file /home/airflow/.local/lib/python3.12/site-packages/airflow/example_dags/example_local_kubernetes_executor.py for tasks to queue
[2025-02-06T16:42:05.062+0000] {logging_mixin.py:190} INFO - [2025-02-06T16:42:05.062+0000] {dagbag.py:588} INFO - Filling up the DagBag from /home/airflow/.local/lib/python3.12/site-packages/airflow/example_dags/example_local_kubernetes_executor.py
[2025-02-06T16:42:05.073+0000] {processor.py:925} INFO - DAG(s) 'example_local_kubernetes_executor' retrieved from /home/airflow/.local/lib/python3.12/site-packages/airflow/example_dags/example_local_kubernetes_executor.py
[2025-02-06T16:42:05.098+0000] {logging_mixin.py:190} INFO - [2025-02-06T16:42:05.098+0000] {dag.py:3239} INFO - Sync 1 DAGs
[2025-02-06T16:42:05.116+0000] {logging_mixin.py:190} INFO - [2025-02-06T16:42:05.116+0000] {dag.py:4180} INFO - Setting next_dagrun for example_local_kubernetes_executor to None, run_after=None
[2025-02-06T16:42:05.140+0000] {processor.py:208} INFO - Processing /home/airflow/.local/lib/python3.12/site-packages/airflow/example_dags/example_local_kubernetes_executor.py took 0.090 seconds
[2025-02-06T16:42:35.253+0000] {processor.py:186} INFO - Started process (PID=737) to work on /home/airflow/.local/lib/python3.12/site-packages/airflow/example_dags/example_local_kubernetes_executor.py
[2025-02-06T16:42:35.255+0000] {processor.py:914} INFO - Processing file /home/airflow/.local/lib/python3.12/site-packages/airflow/example_dags/example_local_kubernetes_executor.py for tasks to queue
[2025-02-06T16:42:35.258+0000] {logging_mixin.py:190} INFO - [2025-02-06T16:42:35.257+0000] {dagbag.py:588} INFO - Filling up the DagBag from /home/airflow/.local/lib/python3.12/site-packages/airflow/example_dags/example_local_kubernetes_executor.py
[2025-02-06T16:42:35.269+0000] {processor.py:925} INFO - DAG(s) 'example_local_kubernetes_executor' retrieved from /home/airflow/.local/lib/python3.12/site-packages/airflow/example_dags/example_local_kubernetes_executor.py
[2025-02-06T16:42:35.294+0000] {logging_mixin.py:190} INFO - [2025-02-06T16:42:35.294+0000] {dag.py:3239} INFO - Sync 1 DAGs
[2025-02-06T16:42:35.311+0000] {logging_mixin.py:190} INFO - [2025-02-06T16:42:35.311+0000] {dag.py:4180} INFO - Setting next_dagrun for example_local_kubernetes_executor to None, run_after=None
[2025-02-06T16:42:35.334+0000] {processor.py:208} INFO - Processing /home/airflow/.local/lib/python3.12/site-packages/airflow/example_dags/example_local_kubernetes_executor.py took 0.088 seconds
[2025-02-06T16:43:06.203+0000] {processor.py:186} INFO - Started process (PID=794) to work on /home/airflow/.local/lib/python3.12/site-packages/airflow/example_dags/example_local_kubernetes_executor.py
[2025-02-06T16:43:06.205+0000] {processor.py:914} INFO - Processing file /home/airflow/.local/lib/python3.12/site-packages/airflow/example_dags/example_local_kubernetes_executor.py for tasks to queue
[2025-02-06T16:43:06.216+0000] {logging_mixin.py:190} INFO - [2025-02-06T16:43:06.215+0000] {dagbag.py:588} INFO - Filling up the DagBag from /home/airflow/.local/lib/python3.12/site-packages/airflow/example_dags/example_local_kubernetes_executor.py
[2025-02-06T16:43:06.239+0000] {processor.py:925} INFO - DAG(s) 'example_local_kubernetes_executor' retrieved from /home/airflow/.local/lib/python3.12/site-packages/airflow/example_dags/example_local_kubernetes_executor.py
[2025-02-06T16:43:06.272+0000] {logging_mixin.py:190} INFO - [2025-02-06T16:43:06.271+0000] {dag.py:3239} INFO - Sync 1 DAGs
[2025-02-06T16:43:06.310+0000] {logging_mixin.py:190} INFO - [2025-02-06T16:43:06.310+0000] {dag.py:4180} INFO - Setting next_dagrun for example_local_kubernetes_executor to None, run_after=None
[2025-02-06T16:43:06.350+0000] {processor.py:208} INFO - Processing /home/airflow/.local/lib/python3.12/site-packages/airflow/example_dags/example_local_kubernetes_executor.py took 0.165 seconds
[2025-02-06T16:43:36.950+0000] {processor.py:186} INFO - Started process (PID=851) to work on /home/airflow/.local/lib/python3.12/site-packages/airflow/example_dags/example_local_kubernetes_executor.py
[2025-02-06T16:43:36.951+0000] {processor.py:914} INFO - Processing file /home/airflow/.local/lib/python3.12/site-packages/airflow/example_dags/example_local_kubernetes_executor.py for tasks to queue
[2025-02-06T16:43:36.954+0000] {logging_mixin.py:190} INFO - [2025-02-06T16:43:36.953+0000] {dagbag.py:588} INFO - Filling up the DagBag from /home/airflow/.local/lib/python3.12/site-packages/airflow/example_dags/example_local_kubernetes_executor.py
[2025-02-06T16:43:36.966+0000] {processor.py:925} INFO - DAG(s) 'example_local_kubernetes_executor' retrieved from /home/airflow/.local/lib/python3.12/site-packages/airflow/example_dags/example_local_kubernetes_executor.py
[2025-02-06T16:43:36.992+0000] {logging_mixin.py:190} INFO - [2025-02-06T16:43:36.991+0000] {dag.py:3239} INFO - Sync 1 DAGs
[2025-02-06T16:43:37.009+0000] {logging_mixin.py:190} INFO - [2025-02-06T16:43:37.009+0000] {dag.py:4180} INFO - Setting next_dagrun for example_local_kubernetes_executor to None, run_after=None
[2025-02-06T16:43:37.032+0000] {processor.py:208} INFO - Processing /home/airflow/.local/lib/python3.12/site-packages/airflow/example_dags/example_local_kubernetes_executor.py took 0.089 seconds
[2025-02-06T16:44:07.163+0000] {processor.py:186} INFO - Started process (PID=908) to work on /home/airflow/.local/lib/python3.12/site-packages/airflow/example_dags/example_local_kubernetes_executor.py
[2025-02-06T16:44:07.164+0000] {processor.py:914} INFO - Processing file /home/airflow/.local/lib/python3.12/site-packages/airflow/example_dags/example_local_kubernetes_executor.py for tasks to queue
[2025-02-06T16:44:07.168+0000] {logging_mixin.py:190} INFO - [2025-02-06T16:44:07.168+0000] {dagbag.py:588} INFO - Filling up the DagBag from /home/airflow/.local/lib/python3.12/site-packages/airflow/example_dags/example_local_kubernetes_executor.py
[2025-02-06T16:44:07.184+0000] {processor.py:925} INFO - DAG(s) 'example_local_kubernetes_executor' retrieved from /home/airflow/.local/lib/python3.12/site-packages/airflow/example_dags/example_local_kubernetes_executor.py
[2025-02-06T16:44:07.211+0000] {logging_mixin.py:190} INFO - [2025-02-06T16:44:07.211+0000] {dag.py:3239} INFO - Sync 1 DAGs
[2025-02-06T16:44:07.230+0000] {logging_mixin.py:190} INFO - [2025-02-06T16:44:07.230+0000] {dag.py:4180} INFO - Setting next_dagrun for example_local_kubernetes_executor to None, run_after=None
[2025-02-06T16:44:07.260+0000] {processor.py:208} INFO - Processing /home/airflow/.local/lib/python3.12/site-packages/airflow/example_dags/example_local_kubernetes_executor.py took 0.106 seconds
[2025-02-06T16:44:37.421+0000] {processor.py:186} INFO - Started process (PID=965) to work on /home/airflow/.local/lib/python3.12/site-packages/airflow/example_dags/example_local_kubernetes_executor.py
[2025-02-06T16:44:37.422+0000] {processor.py:914} INFO - Processing file /home/airflow/.local/lib/python3.12/site-packages/airflow/example_dags/example_local_kubernetes_executor.py for tasks to queue
[2025-02-06T16:44:37.425+0000] {logging_mixin.py:190} INFO - [2025-02-06T16:44:37.425+0000] {dagbag.py:588} INFO - Filling up the DagBag from /home/airflow/.local/lib/python3.12/site-packages/airflow/example_dags/example_local_kubernetes_executor.py
[2025-02-06T16:44:37.437+0000] {processor.py:925} INFO - DAG(s) 'example_local_kubernetes_executor' retrieved from /home/airflow/.local/lib/python3.12/site-packages/airflow/example_dags/example_local_kubernetes_executor.py
[2025-02-06T16:44:37.464+0000] {logging_mixin.py:190} INFO - [2025-02-06T16:44:37.463+0000] {dag.py:3239} INFO - Sync 1 DAGs
[2025-02-06T16:44:37.482+0000] {logging_mixin.py:190} INFO - [2025-02-06T16:44:37.482+0000] {dag.py:4180} INFO - Setting next_dagrun for example_local_kubernetes_executor to None, run_after=None
[2025-02-06T16:44:37.516+0000] {processor.py:208} INFO - Processing /home/airflow/.local/lib/python3.12/site-packages/airflow/example_dags/example_local_kubernetes_executor.py took 0.103 seconds
[2025-02-06T16:45:07.710+0000] {processor.py:186} INFO - Started process (PID=1022) to work on /home/airflow/.local/lib/python3.12/site-packages/airflow/example_dags/example_local_kubernetes_executor.py
[2025-02-06T16:45:07.711+0000] {processor.py:914} INFO - Processing file /home/airflow/.local/lib/python3.12/site-packages/airflow/example_dags/example_local_kubernetes_executor.py for tasks to queue
[2025-02-06T16:45:07.715+0000] {logging_mixin.py:190} INFO - [2025-02-06T16:45:07.714+0000] {dagbag.py:588} INFO - Filling up the DagBag from /home/airflow/.local/lib/python3.12/site-packages/airflow/example_dags/example_local_kubernetes_executor.py
[2025-02-06T16:45:07.728+0000] {processor.py:925} INFO - DAG(s) 'example_local_kubernetes_executor' retrieved from /home/airflow/.local/lib/python3.12/site-packages/airflow/example_dags/example_local_kubernetes_executor.py
[2025-02-06T16:45:07.755+0000] {logging_mixin.py:190} INFO - [2025-02-06T16:45:07.754+0000] {dag.py:3239} INFO - Sync 1 DAGs
[2025-02-06T16:45:07.772+0000] {logging_mixin.py:190} INFO - [2025-02-06T16:45:07.772+0000] {dag.py:4180} INFO - Setting next_dagrun for example_local_kubernetes_executor to None, run_after=None
[2025-02-06T16:45:07.805+0000] {processor.py:208} INFO - Processing /home/airflow/.local/lib/python3.12/site-packages/airflow/example_dags/example_local_kubernetes_executor.py took 0.105 seconds
[2025-02-06T16:45:38.063+0000] {processor.py:186} INFO - Started process (PID=1079) to work on /home/airflow/.local/lib/python3.12/site-packages/airflow/example_dags/example_local_kubernetes_executor.py
[2025-02-06T16:45:38.065+0000] {processor.py:914} INFO - Processing file /home/airflow/.local/lib/python3.12/site-packages/airflow/example_dags/example_local_kubernetes_executor.py for tasks to queue
[2025-02-06T16:45:38.068+0000] {logging_mixin.py:190} INFO - [2025-02-06T16:45:38.067+0000] {dagbag.py:588} INFO - Filling up the DagBag from /home/airflow/.local/lib/python3.12/site-packages/airflow/example_dags/example_local_kubernetes_executor.py
[2025-02-06T16:45:38.085+0000] {processor.py:925} INFO - DAG(s) 'example_local_kubernetes_executor' retrieved from /home/airflow/.local/lib/python3.12/site-packages/airflow/example_dags/example_local_kubernetes_executor.py
[2025-02-06T16:45:38.122+0000] {logging_mixin.py:190} INFO - [2025-02-06T16:45:38.122+0000] {dag.py:3239} INFO - Sync 1 DAGs
[2025-02-06T16:45:38.146+0000] {logging_mixin.py:190} INFO - [2025-02-06T16:45:38.146+0000] {dag.py:4180} INFO - Setting next_dagrun for example_local_kubernetes_executor to None, run_after=None
[2025-02-06T16:45:38.170+0000] {processor.py:208} INFO - Processing /home/airflow/.local/lib/python3.12/site-packages/airflow/example_dags/example_local_kubernetes_executor.py took 0.124 seconds
[2025-02-06T16:46:09.974+0000] {processor.py:186} INFO - Started process (PID=1136) to work on /home/airflow/.local/lib/python3.12/site-packages/airflow/example_dags/example_local_kubernetes_executor.py
[2025-02-06T16:46:09.976+0000] {processor.py:914} INFO - Processing file /home/airflow/.local/lib/python3.12/site-packages/airflow/example_dags/example_local_kubernetes_executor.py for tasks to queue
[2025-02-06T16:46:09.980+0000] {logging_mixin.py:190} INFO - [2025-02-06T16:46:09.979+0000] {dagbag.py:588} INFO - Filling up the DagBag from /home/airflow/.local/lib/python3.12/site-packages/airflow/example_dags/example_local_kubernetes_executor.py
[2025-02-06T16:46:10.004+0000] {processor.py:925} INFO - DAG(s) 'example_local_kubernetes_executor' retrieved from /home/airflow/.local/lib/python3.12/site-packages/airflow/example_dags/example_local_kubernetes_executor.py
[2025-02-06T16:46:10.046+0000] {logging_mixin.py:190} INFO - [2025-02-06T16:46:10.045+0000] {dag.py:3239} INFO - Sync 1 DAGs
[2025-02-06T16:46:10.084+0000] {logging_mixin.py:190} INFO - [2025-02-06T16:46:10.084+0000] {dag.py:4180} INFO - Setting next_dagrun for example_local_kubernetes_executor to None, run_after=None
[2025-02-06T16:46:10.125+0000] {processor.py:208} INFO - Processing /home/airflow/.local/lib/python3.12/site-packages/airflow/example_dags/example_local_kubernetes_executor.py took 0.169 seconds
[2025-02-06T16:46:40.811+0000] {processor.py:186} INFO - Started process (PID=1192) to work on /home/airflow/.local/lib/python3.12/site-packages/airflow/example_dags/example_local_kubernetes_executor.py
[2025-02-06T16:46:40.812+0000] {processor.py:914} INFO - Processing file /home/airflow/.local/lib/python3.12/site-packages/airflow/example_dags/example_local_kubernetes_executor.py for tasks to queue
[2025-02-06T16:46:40.816+0000] {logging_mixin.py:190} INFO - [2025-02-06T16:46:40.815+0000] {dagbag.py:588} INFO - Filling up the DagBag from /home/airflow/.local/lib/python3.12/site-packages/airflow/example_dags/example_local_kubernetes_executor.py
[2025-02-06T16:46:40.828+0000] {processor.py:925} INFO - DAG(s) 'example_local_kubernetes_executor' retrieved from /home/airflow/.local/lib/python3.12/site-packages/airflow/example_dags/example_local_kubernetes_executor.py
[2025-02-06T16:46:40.858+0000] {logging_mixin.py:190} INFO - [2025-02-06T16:46:40.858+0000] {dag.py:3239} INFO - Sync 1 DAGs
[2025-02-06T16:46:40.878+0000] {logging_mixin.py:190} INFO - [2025-02-06T16:46:40.878+0000] {dag.py:4180} INFO - Setting next_dagrun for example_local_kubernetes_executor to None, run_after=None
[2025-02-06T16:46:40.902+0000] {processor.py:208} INFO - Processing /home/airflow/.local/lib/python3.12/site-packages/airflow/example_dags/example_local_kubernetes_executor.py took 0.099 seconds
[2025-02-06T16:47:13.805+0000] {processor.py:186} INFO - Started process (PID=1249) to work on /home/airflow/.local/lib/python3.12/site-packages/airflow/example_dags/example_local_kubernetes_executor.py
[2025-02-06T16:47:13.808+0000] {processor.py:914} INFO - Processing file /home/airflow/.local/lib/python3.12/site-packages/airflow/example_dags/example_local_kubernetes_executor.py for tasks to queue
[2025-02-06T16:47:13.815+0000] {logging_mixin.py:190} INFO - [2025-02-06T16:47:13.814+0000] {dagbag.py:588} INFO - Filling up the DagBag from /home/airflow/.local/lib/python3.12/site-packages/airflow/example_dags/example_local_kubernetes_executor.py
[2025-02-06T16:47:13.852+0000] {processor.py:925} INFO - DAG(s) 'example_local_kubernetes_executor' retrieved from /home/airflow/.local/lib/python3.12/site-packages/airflow/example_dags/example_local_kubernetes_executor.py
[2025-02-06T16:47:13.959+0000] {logging_mixin.py:190} INFO - [2025-02-06T16:47:13.958+0000] {dag.py:3239} INFO - Sync 1 DAGs
[2025-02-06T16:47:14.078+0000] {logging_mixin.py:190} INFO - [2025-02-06T16:47:14.077+0000] {dag.py:4180} INFO - Setting next_dagrun for example_local_kubernetes_executor to None, run_after=None
[2025-02-06T16:47:14.168+0000] {processor.py:208} INFO - Processing /home/airflow/.local/lib/python3.12/site-packages/airflow/example_dags/example_local_kubernetes_executor.py took 0.381 seconds
[2025-02-06T16:47:44.229+0000] {processor.py:186} INFO - Started process (PID=1306) to work on /home/airflow/.local/lib/python3.12/site-packages/airflow/example_dags/example_local_kubernetes_executor.py
[2025-02-06T16:47:44.230+0000] {processor.py:914} INFO - Processing file /home/airflow/.local/lib/python3.12/site-packages/airflow/example_dags/example_local_kubernetes_executor.py for tasks to queue
[2025-02-06T16:47:44.233+0000] {logging_mixin.py:190} INFO - [2025-02-06T16:47:44.232+0000] {dagbag.py:588} INFO - Filling up the DagBag from /home/airflow/.local/lib/python3.12/site-packages/airflow/example_dags/example_local_kubernetes_executor.py
[2025-02-06T16:47:44.244+0000] {processor.py:925} INFO - DAG(s) 'example_local_kubernetes_executor' retrieved from /home/airflow/.local/lib/python3.12/site-packages/airflow/example_dags/example_local_kubernetes_executor.py
[2025-02-06T16:47:44.269+0000] {logging_mixin.py:190} INFO - [2025-02-06T16:47:44.268+0000] {dag.py:3239} INFO - Sync 1 DAGs
[2025-02-06T16:47:44.287+0000] {logging_mixin.py:190} INFO - [2025-02-06T16:47:44.287+0000] {dag.py:4180} INFO - Setting next_dagrun for example_local_kubernetes_executor to None, run_after=None
[2025-02-06T16:47:44.310+0000] {processor.py:208} INFO - Processing /home/airflow/.local/lib/python3.12/site-packages/airflow/example_dags/example_local_kubernetes_executor.py took 0.088 seconds
[2025-02-06T16:48:14.478+0000] {processor.py:186} INFO - Started process (PID=1362) to work on /home/airflow/.local/lib/python3.12/site-packages/airflow/example_dags/example_local_kubernetes_executor.py
[2025-02-06T16:48:14.479+0000] {processor.py:914} INFO - Processing file /home/airflow/.local/lib/python3.12/site-packages/airflow/example_dags/example_local_kubernetes_executor.py for tasks to queue
[2025-02-06T16:48:14.482+0000] {logging_mixin.py:190} INFO - [2025-02-06T16:48:14.481+0000] {dagbag.py:588} INFO - Filling up the DagBag from /home/airflow/.local/lib/python3.12/site-packages/airflow/example_dags/example_local_kubernetes_executor.py
[2025-02-06T16:48:14.494+0000] {processor.py:925} INFO - DAG(s) 'example_local_kubernetes_executor' retrieved from /home/airflow/.local/lib/python3.12/site-packages/airflow/example_dags/example_local_kubernetes_executor.py
[2025-02-06T16:48:14.520+0000] {logging_mixin.py:190} INFO - [2025-02-06T16:48:14.519+0000] {dag.py:3239} INFO - Sync 1 DAGs
[2025-02-06T16:48:14.538+0000] {logging_mixin.py:190} INFO - [2025-02-06T16:48:14.537+0000] {dag.py:4180} INFO - Setting next_dagrun for example_local_kubernetes_executor to None, run_after=None
[2025-02-06T16:48:14.561+0000] {processor.py:208} INFO - Processing /home/airflow/.local/lib/python3.12/site-packages/airflow/example_dags/example_local_kubernetes_executor.py took 0.091 seconds
[2025-02-06T16:48:44.996+0000] {processor.py:186} INFO - Started process (PID=1419) to work on /home/airflow/.local/lib/python3.12/site-packages/airflow/example_dags/example_local_kubernetes_executor.py
[2025-02-06T16:48:44.997+0000] {processor.py:914} INFO - Processing file /home/airflow/.local/lib/python3.12/site-packages/airflow/example_dags/example_local_kubernetes_executor.py for tasks to queue
[2025-02-06T16:48:45.000+0000] {logging_mixin.py:190} INFO - [2025-02-06T16:48:44.999+0000] {dagbag.py:588} INFO - Filling up the DagBag from /home/airflow/.local/lib/python3.12/site-packages/airflow/example_dags/example_local_kubernetes_executor.py
[2025-02-06T16:48:45.014+0000] {processor.py:925} INFO - DAG(s) 'example_local_kubernetes_executor' retrieved from /home/airflow/.local/lib/python3.12/site-packages/airflow/example_dags/example_local_kubernetes_executor.py
[2025-02-06T16:48:45.043+0000] {logging_mixin.py:190} INFO - [2025-02-06T16:48:45.042+0000] {dag.py:3239} INFO - Sync 1 DAGs
[2025-02-06T16:48:45.062+0000] {logging_mixin.py:190} INFO - [2025-02-06T16:48:45.061+0000] {dag.py:4180} INFO - Setting next_dagrun for example_local_kubernetes_executor to None, run_after=None
[2025-02-06T16:48:45.093+0000] {processor.py:208} INFO - Processing /home/airflow/.local/lib/python3.12/site-packages/airflow/example_dags/example_local_kubernetes_executor.py took 0.105 seconds
[2025-02-06T16:49:15.242+0000] {processor.py:186} INFO - Started process (PID=1476) to work on /home/airflow/.local/lib/python3.12/site-packages/airflow/example_dags/example_local_kubernetes_executor.py
[2025-02-06T16:49:15.243+0000] {processor.py:914} INFO - Processing file /home/airflow/.local/lib/python3.12/site-packages/airflow/example_dags/example_local_kubernetes_executor.py for tasks to queue
[2025-02-06T16:49:15.246+0000] {logging_mixin.py:190} INFO - [2025-02-06T16:49:15.246+0000] {dagbag.py:588} INFO - Filling up the DagBag from /home/airflow/.local/lib/python3.12/site-packages/airflow/example_dags/example_local_kubernetes_executor.py
[2025-02-06T16:49:15.258+0000] {processor.py:925} INFO - DAG(s) 'example_local_kubernetes_executor' retrieved from /home/airflow/.local/lib/python3.12/site-packages/airflow/example_dags/example_local_kubernetes_executor.py
[2025-02-06T16:49:15.283+0000] {logging_mixin.py:190} INFO - [2025-02-06T16:49:15.283+0000] {dag.py:3239} INFO - Sync 1 DAGs
[2025-02-06T16:49:15.310+0000] {logging_mixin.py:190} INFO - [2025-02-06T16:49:15.310+0000] {dag.py:4180} INFO - Setting next_dagrun for example_local_kubernetes_executor to None, run_after=None
[2025-02-06T16:49:15.346+0000] {processor.py:208} INFO - Processing /home/airflow/.local/lib/python3.12/site-packages/airflow/example_dags/example_local_kubernetes_executor.py took 0.112 seconds
[2025-02-06T16:49:45.981+0000] {processor.py:186} INFO - Started process (PID=1533) to work on /home/airflow/.local/lib/python3.12/site-packages/airflow/example_dags/example_local_kubernetes_executor.py
[2025-02-06T16:49:45.982+0000] {processor.py:914} INFO - Processing file /home/airflow/.local/lib/python3.12/site-packages/airflow/example_dags/example_local_kubernetes_executor.py for tasks to queue
[2025-02-06T16:49:45.986+0000] {logging_mixin.py:190} INFO - [2025-02-06T16:49:45.985+0000] {dagbag.py:588} INFO - Filling up the DagBag from /home/airflow/.local/lib/python3.12/site-packages/airflow/example_dags/example_local_kubernetes_executor.py
[2025-02-06T16:49:46.007+0000] {processor.py:925} INFO - DAG(s) 'example_local_kubernetes_executor' retrieved from /home/airflow/.local/lib/python3.12/site-packages/airflow/example_dags/example_local_kubernetes_executor.py
[2025-02-06T16:49:46.045+0000] {logging_mixin.py:190} INFO - [2025-02-06T16:49:46.044+0000] {dag.py:3239} INFO - Sync 1 DAGs
[2025-02-06T16:49:46.063+0000] {logging_mixin.py:190} INFO - [2025-02-06T16:49:46.063+0000] {dag.py:4180} INFO - Setting next_dagrun for example_local_kubernetes_executor to None, run_after=None
[2025-02-06T16:49:46.085+0000] {processor.py:208} INFO - Processing /home/airflow/.local/lib/python3.12/site-packages/airflow/example_dags/example_local_kubernetes_executor.py took 0.111 seconds
[2025-02-06T16:50:16.313+0000] {processor.py:186} INFO - Started process (PID=1590) to work on /home/airflow/.local/lib/python3.12/site-packages/airflow/example_dags/example_local_kubernetes_executor.py
[2025-02-06T16:50:16.314+0000] {processor.py:914} INFO - Processing file /home/airflow/.local/lib/python3.12/site-packages/airflow/example_dags/example_local_kubernetes_executor.py for tasks to queue
[2025-02-06T16:50:16.318+0000] {logging_mixin.py:190} INFO - [2025-02-06T16:50:16.317+0000] {dagbag.py:588} INFO - Filling up the DagBag from /home/airflow/.local/lib/python3.12/site-packages/airflow/example_dags/example_local_kubernetes_executor.py
[2025-02-06T16:50:16.338+0000] {processor.py:925} INFO - DAG(s) 'example_local_kubernetes_executor' retrieved from /home/airflow/.local/lib/python3.12/site-packages/airflow/example_dags/example_local_kubernetes_executor.py
[2025-02-06T16:50:16.389+0000] {logging_mixin.py:190} INFO - [2025-02-06T16:50:16.388+0000] {dag.py:3239} INFO - Sync 1 DAGs
[2025-02-06T16:50:16.423+0000] {logging_mixin.py:190} INFO - [2025-02-06T16:50:16.422+0000] {dag.py:4180} INFO - Setting next_dagrun for example_local_kubernetes_executor to None, run_after=None
[2025-02-06T16:50:16.480+0000] {processor.py:208} INFO - Processing /home/airflow/.local/lib/python3.12/site-packages/airflow/example_dags/example_local_kubernetes_executor.py took 0.176 seconds
[2025-02-06T16:50:46.889+0000] {processor.py:186} INFO - Started process (PID=1647) to work on /home/airflow/.local/lib/python3.12/site-packages/airflow/example_dags/example_local_kubernetes_executor.py
[2025-02-06T16:50:46.890+0000] {processor.py:914} INFO - Processing file /home/airflow/.local/lib/python3.12/site-packages/airflow/example_dags/example_local_kubernetes_executor.py for tasks to queue
[2025-02-06T16:50:46.900+0000] {logging_mixin.py:190} INFO - [2025-02-06T16:50:46.899+0000] {dagbag.py:588} INFO - Filling up the DagBag from /home/airflow/.local/lib/python3.12/site-packages/airflow/example_dags/example_local_kubernetes_executor.py
[2025-02-06T16:50:46.924+0000] {processor.py:925} INFO - DAG(s) 'example_local_kubernetes_executor' retrieved from /home/airflow/.local/lib/python3.12/site-packages/airflow/example_dags/example_local_kubernetes_executor.py
[2025-02-06T16:50:46.951+0000] {logging_mixin.py:190} INFO - [2025-02-06T16:50:46.951+0000] {dag.py:3239} INFO - Sync 1 DAGs
[2025-02-06T16:50:46.972+0000] {logging_mixin.py:190} INFO - [2025-02-06T16:50:46.972+0000] {dag.py:4180} INFO - Setting next_dagrun for example_local_kubernetes_executor to None, run_after=None
[2025-02-06T16:50:46.995+0000] {processor.py:208} INFO - Processing /home/airflow/.local/lib/python3.12/site-packages/airflow/example_dags/example_local_kubernetes_executor.py took 0.126 seconds
[2025-02-06T16:51:17.323+0000] {processor.py:186} INFO - Started process (PID=1704) to work on /home/airflow/.local/lib/python3.12/site-packages/airflow/example_dags/example_local_kubernetes_executor.py
[2025-02-06T16:51:17.327+0000] {processor.py:914} INFO - Processing file /home/airflow/.local/lib/python3.12/site-packages/airflow/example_dags/example_local_kubernetes_executor.py for tasks to queue
[2025-02-06T16:51:17.344+0000] {logging_mixin.py:190} INFO - [2025-02-06T16:51:17.344+0000] {dagbag.py:588} INFO - Filling up the DagBag from /home/airflow/.local/lib/python3.12/site-packages/airflow/example_dags/example_local_kubernetes_executor.py
[2025-02-06T16:51:17.386+0000] {processor.py:925} INFO - DAG(s) 'example_local_kubernetes_executor' retrieved from /home/airflow/.local/lib/python3.12/site-packages/airflow/example_dags/example_local_kubernetes_executor.py
[2025-02-06T16:51:17.469+0000] {logging_mixin.py:190} INFO - [2025-02-06T16:51:17.469+0000] {dag.py:3239} INFO - Sync 1 DAGs
[2025-02-06T16:51:17.512+0000] {logging_mixin.py:190} INFO - [2025-02-06T16:51:17.511+0000] {dag.py:4180} INFO - Setting next_dagrun for example_local_kubernetes_executor to None, run_after=None
[2025-02-06T16:51:17.572+0000] {processor.py:208} INFO - Processing /home/airflow/.local/lib/python3.12/site-packages/airflow/example_dags/example_local_kubernetes_executor.py took 0.271 seconds
[2025-02-06T16:51:48.055+0000] {processor.py:186} INFO - Started process (PID=1761) to work on /home/airflow/.local/lib/python3.12/site-packages/airflow/example_dags/example_local_kubernetes_executor.py
[2025-02-06T16:51:48.056+0000] {processor.py:914} INFO - Processing file /home/airflow/.local/lib/python3.12/site-packages/airflow/example_dags/example_local_kubernetes_executor.py for tasks to queue
[2025-02-06T16:51:48.059+0000] {logging_mixin.py:190} INFO - [2025-02-06T16:51:48.059+0000] {dagbag.py:588} INFO - Filling up the DagBag from /home/airflow/.local/lib/python3.12/site-packages/airflow/example_dags/example_local_kubernetes_executor.py
[2025-02-06T16:51:48.076+0000] {processor.py:925} INFO - DAG(s) 'example_local_kubernetes_executor' retrieved from /home/airflow/.local/lib/python3.12/site-packages/airflow/example_dags/example_local_kubernetes_executor.py
[2025-02-06T16:51:48.107+0000] {logging_mixin.py:190} INFO - [2025-02-06T16:51:48.107+0000] {dag.py:3239} INFO - Sync 1 DAGs
[2025-02-06T16:51:48.134+0000] {logging_mixin.py:190} INFO - [2025-02-06T16:51:48.134+0000] {dag.py:4180} INFO - Setting next_dagrun for example_local_kubernetes_executor to None, run_after=None
[2025-02-06T16:51:48.161+0000] {processor.py:208} INFO - Processing /home/airflow/.local/lib/python3.12/site-packages/airflow/example_dags/example_local_kubernetes_executor.py took 0.113 seconds
[2025-02-06T16:52:20.422+0000] {processor.py:186} INFO - Started process (PID=1818) to work on /home/airflow/.local/lib/python3.12/site-packages/airflow/example_dags/example_local_kubernetes_executor.py
[2025-02-06T16:52:20.425+0000] {processor.py:914} INFO - Processing file /home/airflow/.local/lib/python3.12/site-packages/airflow/example_dags/example_local_kubernetes_executor.py for tasks to queue
[2025-02-06T16:52:20.430+0000] {logging_mixin.py:190} INFO - [2025-02-06T16:52:20.429+0000] {dagbag.py:588} INFO - Filling up the DagBag from /home/airflow/.local/lib/python3.12/site-packages/airflow/example_dags/example_local_kubernetes_executor.py
[2025-02-06T16:52:20.454+0000] {processor.py:925} INFO - DAG(s) 'example_local_kubernetes_executor' retrieved from /home/airflow/.local/lib/python3.12/site-packages/airflow/example_dags/example_local_kubernetes_executor.py
[2025-02-06T16:52:20.508+0000] {logging_mixin.py:190} INFO - [2025-02-06T16:52:20.508+0000] {dag.py:3239} INFO - Sync 1 DAGs
[2025-02-06T16:52:20.546+0000] {logging_mixin.py:190} INFO - [2025-02-06T16:52:20.545+0000] {dag.py:4180} INFO - Setting next_dagrun for example_local_kubernetes_executor to None, run_after=None
[2025-02-06T16:52:20.592+0000] {processor.py:208} INFO - Processing /home/airflow/.local/lib/python3.12/site-packages/airflow/example_dags/example_local_kubernetes_executor.py took 0.187 seconds
[2025-02-06T16:52:51.658+0000] {processor.py:186} INFO - Started process (PID=1875) to work on /home/airflow/.local/lib/python3.12/site-packages/airflow/example_dags/example_local_kubernetes_executor.py
[2025-02-06T16:52:51.659+0000] {processor.py:914} INFO - Processing file /home/airflow/.local/lib/python3.12/site-packages/airflow/example_dags/example_local_kubernetes_executor.py for tasks to queue
[2025-02-06T16:52:51.662+0000] {logging_mixin.py:190} INFO - [2025-02-06T16:52:51.662+0000] {dagbag.py:588} INFO - Filling up the DagBag from /home/airflow/.local/lib/python3.12/site-packages/airflow/example_dags/example_local_kubernetes_executor.py
[2025-02-06T16:52:51.674+0000] {processor.py:925} INFO - DAG(s) 'example_local_kubernetes_executor' retrieved from /home/airflow/.local/lib/python3.12/site-packages/airflow/example_dags/example_local_kubernetes_executor.py
[2025-02-06T16:52:51.699+0000] {logging_mixin.py:190} INFO - [2025-02-06T16:52:51.699+0000] {dag.py:3239} INFO - Sync 1 DAGs
[2025-02-06T16:52:51.718+0000] {logging_mixin.py:190} INFO - [2025-02-06T16:52:51.718+0000] {dag.py:4180} INFO - Setting next_dagrun for example_local_kubernetes_executor to None, run_after=None
[2025-02-06T16:52:51.744+0000] {processor.py:208} INFO - Processing /home/airflow/.local/lib/python3.12/site-packages/airflow/example_dags/example_local_kubernetes_executor.py took 0.094 seconds
[2025-02-06T16:53:23.064+0000] {processor.py:186} INFO - Started process (PID=1932) to work on /home/airflow/.local/lib/python3.12/site-packages/airflow/example_dags/example_local_kubernetes_executor.py
[2025-02-06T16:53:23.065+0000] {processor.py:914} INFO - Processing file /home/airflow/.local/lib/python3.12/site-packages/airflow/example_dags/example_local_kubernetes_executor.py for tasks to queue
[2025-02-06T16:53:23.067+0000] {logging_mixin.py:190} INFO - [2025-02-06T16:53:23.067+0000] {dagbag.py:588} INFO - Filling up the DagBag from /home/airflow/.local/lib/python3.12/site-packages/airflow/example_dags/example_local_kubernetes_executor.py
[2025-02-06T16:53:23.079+0000] {processor.py:925} INFO - DAG(s) 'example_local_kubernetes_executor' retrieved from /home/airflow/.local/lib/python3.12/site-packages/airflow/example_dags/example_local_kubernetes_executor.py
[2025-02-06T16:53:23.105+0000] {logging_mixin.py:190} INFO - [2025-02-06T16:53:23.104+0000] {dag.py:3239} INFO - Sync 1 DAGs
[2025-02-06T16:53:23.123+0000] {logging_mixin.py:190} INFO - [2025-02-06T16:53:23.123+0000] {dag.py:4180} INFO - Setting next_dagrun for example_local_kubernetes_executor to None, run_after=None
[2025-02-06T16:53:23.147+0000] {processor.py:208} INFO - Processing /home/airflow/.local/lib/python3.12/site-packages/airflow/example_dags/example_local_kubernetes_executor.py took 0.091 seconds
[2025-02-06T16:53:55.121+0000] {processor.py:186} INFO - Started process (PID=1987) to work on /home/airflow/.local/lib/python3.12/site-packages/airflow/example_dags/example_local_kubernetes_executor.py
[2025-02-06T16:53:55.123+0000] {processor.py:914} INFO - Processing file /home/airflow/.local/lib/python3.12/site-packages/airflow/example_dags/example_local_kubernetes_executor.py for tasks to queue
[2025-02-06T16:53:55.127+0000] {logging_mixin.py:190} INFO - [2025-02-06T16:53:55.127+0000] {dagbag.py:588} INFO - Filling up the DagBag from /home/airflow/.local/lib/python3.12/site-packages/airflow/example_dags/example_local_kubernetes_executor.py
[2025-02-06T16:53:55.146+0000] {processor.py:925} INFO - DAG(s) 'example_local_kubernetes_executor' retrieved from /home/airflow/.local/lib/python3.12/site-packages/airflow/example_dags/example_local_kubernetes_executor.py
[2025-02-06T16:53:55.184+0000] {logging_mixin.py:190} INFO - [2025-02-06T16:53:55.184+0000] {dag.py:3239} INFO - Sync 1 DAGs
[2025-02-06T16:53:55.215+0000] {logging_mixin.py:190} INFO - [2025-02-06T16:53:55.214+0000] {dag.py:4180} INFO - Setting next_dagrun for example_local_kubernetes_executor to None, run_after=None
[2025-02-06T16:53:55.276+0000] {processor.py:208} INFO - Processing /home/airflow/.local/lib/python3.12/site-packages/airflow/example_dags/example_local_kubernetes_executor.py took 0.167 seconds
[2025-02-06T16:54:27.649+0000] {processor.py:186} INFO - Started process (PID=2044) to work on /home/airflow/.local/lib/python3.12/site-packages/airflow/example_dags/example_local_kubernetes_executor.py
[2025-02-06T16:54:27.651+0000] {processor.py:914} INFO - Processing file /home/airflow/.local/lib/python3.12/site-packages/airflow/example_dags/example_local_kubernetes_executor.py for tasks to queue
[2025-02-06T16:54:27.666+0000] {logging_mixin.py:190} INFO - [2025-02-06T16:54:27.665+0000] {dagbag.py:588} INFO - Filling up the DagBag from /home/airflow/.local/lib/python3.12/site-packages/airflow/example_dags/example_local_kubernetes_executor.py
[2025-02-06T16:54:27.695+0000] {processor.py:925} INFO - DAG(s) 'example_local_kubernetes_executor' retrieved from /home/airflow/.local/lib/python3.12/site-packages/airflow/example_dags/example_local_kubernetes_executor.py
[2025-02-06T16:54:27.748+0000] {logging_mixin.py:190} INFO - [2025-02-06T16:54:27.747+0000] {dag.py:3239} INFO - Sync 1 DAGs
[2025-02-06T16:54:27.776+0000] {logging_mixin.py:190} INFO - [2025-02-06T16:54:27.776+0000] {dag.py:4180} INFO - Setting next_dagrun for example_local_kubernetes_executor to None, run_after=None
[2025-02-06T16:54:27.813+0000] {processor.py:208} INFO - Processing /home/airflow/.local/lib/python3.12/site-packages/airflow/example_dags/example_local_kubernetes_executor.py took 0.188 seconds
[2025-02-06T16:54:59.092+0000] {processor.py:186} INFO - Started process (PID=2101) to work on /home/airflow/.local/lib/python3.12/site-packages/airflow/example_dags/example_local_kubernetes_executor.py
[2025-02-06T16:54:59.094+0000] {processor.py:914} INFO - Processing file /home/airflow/.local/lib/python3.12/site-packages/airflow/example_dags/example_local_kubernetes_executor.py for tasks to queue
[2025-02-06T16:54:59.097+0000] {logging_mixin.py:190} INFO - [2025-02-06T16:54:59.097+0000] {dagbag.py:588} INFO - Filling up the DagBag from /home/airflow/.local/lib/python3.12/site-packages/airflow/example_dags/example_local_kubernetes_executor.py
[2025-02-06T16:54:59.111+0000] {processor.py:925} INFO - DAG(s) 'example_local_kubernetes_executor' retrieved from /home/airflow/.local/lib/python3.12/site-packages/airflow/example_dags/example_local_kubernetes_executor.py
[2025-02-06T16:54:59.141+0000] {logging_mixin.py:190} INFO - [2025-02-06T16:54:59.141+0000] {dag.py:3239} INFO - Sync 1 DAGs
[2025-02-06T16:54:59.180+0000] {logging_mixin.py:190} INFO - [2025-02-06T16:54:59.180+0000] {dag.py:4180} INFO - Setting next_dagrun for example_local_kubernetes_executor to None, run_after=None
[2025-02-06T16:54:59.202+0000] {processor.py:208} INFO - Processing /home/airflow/.local/lib/python3.12/site-packages/airflow/example_dags/example_local_kubernetes_executor.py took 0.117 seconds
[2025-02-06T17:23:33.664+0000] {processor.py:186} INFO - Started process (PID=57) to work on /home/airflow/.local/lib/python3.12/site-packages/airflow/example_dags/example_local_kubernetes_executor.py
[2025-02-06T17:23:33.666+0000] {processor.py:914} INFO - Processing file /home/airflow/.local/lib/python3.12/site-packages/airflow/example_dags/example_local_kubernetes_executor.py for tasks to queue
[2025-02-06T17:23:33.670+0000] {logging_mixin.py:190} INFO - [2025-02-06T17:23:33.669+0000] {dagbag.py:588} INFO - Filling up the DagBag from /home/airflow/.local/lib/python3.12/site-packages/airflow/example_dags/example_local_kubernetes_executor.py
[2025-02-06T17:23:33.689+0000] {processor.py:925} INFO - DAG(s) 'example_local_kubernetes_executor' retrieved from /home/airflow/.local/lib/python3.12/site-packages/airflow/example_dags/example_local_kubernetes_executor.py
[2025-02-06T17:23:33.857+0000] {logging_mixin.py:190} INFO - [2025-02-06T17:23:33.856+0000] {override.py:1911} INFO - Created Permission View: can delete on DAG:example_local_kubernetes_executor
[2025-02-06T17:23:33.876+0000] {logging_mixin.py:190} INFO - [2025-02-06T17:23:33.875+0000] {override.py:1911} INFO - Created Permission View: can read on DAG:example_local_kubernetes_executor
[2025-02-06T17:23:33.886+0000] {logging_mixin.py:190} INFO - [2025-02-06T17:23:33.885+0000] {override.py:1911} INFO - Created Permission View: can edit on DAG:example_local_kubernetes_executor
[2025-02-06T17:23:33.896+0000] {logging_mixin.py:190} INFO - [2025-02-06T17:23:33.896+0000] {override.py:1911} INFO - Created Permission View: menu access on DAG Run:example_local_kubernetes_executor
[2025-02-06T17:23:33.905+0000] {logging_mixin.py:190} INFO - [2025-02-06T17:23:33.905+0000] {override.py:1911} INFO - Created Permission View: can delete on DAG Run:example_local_kubernetes_executor
[2025-02-06T17:23:33.913+0000] {logging_mixin.py:190} INFO - [2025-02-06T17:23:33.913+0000] {override.py:1911} INFO - Created Permission View: can create on DAG Run:example_local_kubernetes_executor
[2025-02-06T17:23:33.922+0000] {logging_mixin.py:190} INFO - [2025-02-06T17:23:33.922+0000] {override.py:1911} INFO - Created Permission View: can read on DAG Run:example_local_kubernetes_executor
[2025-02-06T17:23:33.923+0000] {logging_mixin.py:190} INFO - [2025-02-06T17:23:33.923+0000] {dag.py:3239} INFO - Sync 1 DAGs
[2025-02-06T17:23:33.942+0000] {logging_mixin.py:190} INFO - [2025-02-06T17:23:33.941+0000] {dag.py:3262} INFO - Creating ORM DAG for example_local_kubernetes_executor
[2025-02-06T17:23:33.943+0000] {logging_mixin.py:190} INFO - [2025-02-06T17:23:33.943+0000] {dag.py:4180} INFO - Setting next_dagrun for example_local_kubernetes_executor to None, run_after=None
[2025-02-06T17:23:33.965+0000] {processor.py:208} INFO - Processing /home/airflow/.local/lib/python3.12/site-packages/airflow/example_dags/example_local_kubernetes_executor.py took 0.319 seconds
[2025-02-06T17:24:04.713+0000] {processor.py:186} INFO - Started process (PID=114) to work on /home/airflow/.local/lib/python3.12/site-packages/airflow/example_dags/example_local_kubernetes_executor.py
[2025-02-06T17:24:04.715+0000] {processor.py:914} INFO - Processing file /home/airflow/.local/lib/python3.12/site-packages/airflow/example_dags/example_local_kubernetes_executor.py for tasks to queue
[2025-02-06T17:24:04.719+0000] {logging_mixin.py:190} INFO - [2025-02-06T17:24:04.718+0000] {dagbag.py:588} INFO - Filling up the DagBag from /home/airflow/.local/lib/python3.12/site-packages/airflow/example_dags/example_local_kubernetes_executor.py
[2025-02-06T17:24:04.747+0000] {processor.py:925} INFO - DAG(s) 'example_local_kubernetes_executor' retrieved from /home/airflow/.local/lib/python3.12/site-packages/airflow/example_dags/example_local_kubernetes_executor.py
[2025-02-06T17:24:04.780+0000] {logging_mixin.py:190} INFO - [2025-02-06T17:24:04.780+0000] {dag.py:3239} INFO - Sync 1 DAGs
[2025-02-06T17:24:04.802+0000] {logging_mixin.py:190} INFO - [2025-02-06T17:24:04.802+0000] {dag.py:4180} INFO - Setting next_dagrun for example_local_kubernetes_executor to None, run_after=None
[2025-02-06T17:24:04.835+0000] {processor.py:208} INFO - Processing /home/airflow/.local/lib/python3.12/site-packages/airflow/example_dags/example_local_kubernetes_executor.py took 0.130 seconds
[2025-02-06T17:24:37.225+0000] {processor.py:186} INFO - Started process (PID=171) to work on /home/airflow/.local/lib/python3.12/site-packages/airflow/example_dags/example_local_kubernetes_executor.py
[2025-02-06T17:24:37.226+0000] {processor.py:914} INFO - Processing file /home/airflow/.local/lib/python3.12/site-packages/airflow/example_dags/example_local_kubernetes_executor.py for tasks to queue
[2025-02-06T17:24:37.234+0000] {logging_mixin.py:190} INFO - [2025-02-06T17:24:37.234+0000] {dagbag.py:588} INFO - Filling up the DagBag from /home/airflow/.local/lib/python3.12/site-packages/airflow/example_dags/example_local_kubernetes_executor.py
[2025-02-06T17:24:37.246+0000] {processor.py:925} INFO - DAG(s) 'example_local_kubernetes_executor' retrieved from /home/airflow/.local/lib/python3.12/site-packages/airflow/example_dags/example_local_kubernetes_executor.py
[2025-02-06T17:24:37.278+0000] {logging_mixin.py:190} INFO - [2025-02-06T17:24:37.278+0000] {dag.py:3239} INFO - Sync 1 DAGs
[2025-02-06T17:24:37.298+0000] {logging_mixin.py:190} INFO - [2025-02-06T17:24:37.298+0000] {dag.py:4180} INFO - Setting next_dagrun for example_local_kubernetes_executor to None, run_after=None
[2025-02-06T17:24:37.319+0000] {processor.py:208} INFO - Processing /home/airflow/.local/lib/python3.12/site-packages/airflow/example_dags/example_local_kubernetes_executor.py took 0.101 seconds
[2025-02-06T17:25:09.355+0000] {processor.py:186} INFO - Started process (PID=228) to work on /home/airflow/.local/lib/python3.12/site-packages/airflow/example_dags/example_local_kubernetes_executor.py
[2025-02-06T17:25:09.357+0000] {processor.py:914} INFO - Processing file /home/airflow/.local/lib/python3.12/site-packages/airflow/example_dags/example_local_kubernetes_executor.py for tasks to queue
[2025-02-06T17:25:09.362+0000] {logging_mixin.py:190} INFO - [2025-02-06T17:25:09.361+0000] {dagbag.py:588} INFO - Filling up the DagBag from /home/airflow/.local/lib/python3.12/site-packages/airflow/example_dags/example_local_kubernetes_executor.py
[2025-02-06T17:25:09.379+0000] {processor.py:925} INFO - DAG(s) 'example_local_kubernetes_executor' retrieved from /home/airflow/.local/lib/python3.12/site-packages/airflow/example_dags/example_local_kubernetes_executor.py
[2025-02-06T17:25:09.428+0000] {logging_mixin.py:190} INFO - [2025-02-06T17:25:09.428+0000] {dag.py:3239} INFO - Sync 1 DAGs
[2025-02-06T17:25:09.466+0000] {logging_mixin.py:190} INFO - [2025-02-06T17:25:09.466+0000] {dag.py:4180} INFO - Setting next_dagrun for example_local_kubernetes_executor to None, run_after=None
[2025-02-06T17:25:09.505+0000] {processor.py:208} INFO - Processing /home/airflow/.local/lib/python3.12/site-packages/airflow/example_dags/example_local_kubernetes_executor.py took 0.162 seconds
[2025-02-06T17:25:40.757+0000] {processor.py:186} INFO - Started process (PID=285) to work on /home/airflow/.local/lib/python3.12/site-packages/airflow/example_dags/example_local_kubernetes_executor.py
[2025-02-06T17:25:40.759+0000] {processor.py:914} INFO - Processing file /home/airflow/.local/lib/python3.12/site-packages/airflow/example_dags/example_local_kubernetes_executor.py for tasks to queue
[2025-02-06T17:25:40.764+0000] {logging_mixin.py:190} INFO - [2025-02-06T17:25:40.764+0000] {dagbag.py:588} INFO - Filling up the DagBag from /home/airflow/.local/lib/python3.12/site-packages/airflow/example_dags/example_local_kubernetes_executor.py
[2025-02-06T17:25:40.788+0000] {processor.py:925} INFO - DAG(s) 'example_local_kubernetes_executor' retrieved from /home/airflow/.local/lib/python3.12/site-packages/airflow/example_dags/example_local_kubernetes_executor.py
[2025-02-06T17:25:40.844+0000] {logging_mixin.py:190} INFO - [2025-02-06T17:25:40.843+0000] {dag.py:3239} INFO - Sync 1 DAGs
[2025-02-06T17:25:40.887+0000] {logging_mixin.py:190} INFO - [2025-02-06T17:25:40.886+0000] {dag.py:4180} INFO - Setting next_dagrun for example_local_kubernetes_executor to None, run_after=None
[2025-02-06T17:25:40.948+0000] {processor.py:208} INFO - Processing /home/airflow/.local/lib/python3.12/site-packages/airflow/example_dags/example_local_kubernetes_executor.py took 0.206 seconds
[2025-02-06T17:26:12.370+0000] {processor.py:186} INFO - Started process (PID=342) to work on /home/airflow/.local/lib/python3.12/site-packages/airflow/example_dags/example_local_kubernetes_executor.py
[2025-02-06T17:26:12.372+0000] {processor.py:914} INFO - Processing file /home/airflow/.local/lib/python3.12/site-packages/airflow/example_dags/example_local_kubernetes_executor.py for tasks to queue
[2025-02-06T17:26:12.375+0000] {logging_mixin.py:190} INFO - [2025-02-06T17:26:12.375+0000] {dagbag.py:588} INFO - Filling up the DagBag from /home/airflow/.local/lib/python3.12/site-packages/airflow/example_dags/example_local_kubernetes_executor.py
[2025-02-06T17:26:12.393+0000] {processor.py:925} INFO - DAG(s) 'example_local_kubernetes_executor' retrieved from /home/airflow/.local/lib/python3.12/site-packages/airflow/example_dags/example_local_kubernetes_executor.py
[2025-02-06T17:26:12.439+0000] {logging_mixin.py:190} INFO - [2025-02-06T17:26:12.439+0000] {dag.py:3239} INFO - Sync 1 DAGs
[2025-02-06T17:26:12.482+0000] {logging_mixin.py:190} INFO - [2025-02-06T17:26:12.481+0000] {dag.py:4180} INFO - Setting next_dagrun for example_local_kubernetes_executor to None, run_after=None
[2025-02-06T17:26:12.548+0000] {processor.py:208} INFO - Processing /home/airflow/.local/lib/python3.12/site-packages/airflow/example_dags/example_local_kubernetes_executor.py took 0.186 seconds
[2025-02-06T17:29:20.581+0000] {processor.py:186} INFO - Started process (PID=56) to work on /home/airflow/.local/lib/python3.12/site-packages/airflow/example_dags/example_local_kubernetes_executor.py
[2025-02-06T17:29:20.584+0000] {processor.py:914} INFO - Processing file /home/airflow/.local/lib/python3.12/site-packages/airflow/example_dags/example_local_kubernetes_executor.py for tasks to queue
[2025-02-06T17:29:20.589+0000] {logging_mixin.py:190} INFO - [2025-02-06T17:29:20.588+0000] {dagbag.py:588} INFO - Filling up the DagBag from /home/airflow/.local/lib/python3.12/site-packages/airflow/example_dags/example_local_kubernetes_executor.py
[2025-02-06T17:29:20.621+0000] {processor.py:925} INFO - DAG(s) 'example_local_kubernetes_executor' retrieved from /home/airflow/.local/lib/python3.12/site-packages/airflow/example_dags/example_local_kubernetes_executor.py
[2025-02-06T17:29:20.929+0000] {logging_mixin.py:190} INFO - [2025-02-06T17:29:20.927+0000] {override.py:1911} INFO - Created Permission View: can read on DAG:example_local_kubernetes_executor
[2025-02-06T17:29:20.960+0000] {logging_mixin.py:190} INFO - [2025-02-06T17:29:20.958+0000] {override.py:1911} INFO - Created Permission View: can edit on DAG:example_local_kubernetes_executor
[2025-02-06T17:29:20.977+0000] {logging_mixin.py:190} INFO - [2025-02-06T17:29:20.977+0000] {override.py:1911} INFO - Created Permission View: can delete on DAG:example_local_kubernetes_executor
[2025-02-06T17:29:20.996+0000] {logging_mixin.py:190} INFO - [2025-02-06T17:29:20.995+0000] {override.py:1911} INFO - Created Permission View: can read on DAG Run:example_local_kubernetes_executor
[2025-02-06T17:29:21.021+0000] {logging_mixin.py:190} INFO - [2025-02-06T17:29:21.018+0000] {override.py:1911} INFO - Created Permission View: menu access on DAG Run:example_local_kubernetes_executor
[2025-02-06T17:29:21.042+0000] {logging_mixin.py:190} INFO - [2025-02-06T17:29:21.041+0000] {override.py:1911} INFO - Created Permission View: can delete on DAG Run:example_local_kubernetes_executor
[2025-02-06T17:29:21.059+0000] {logging_mixin.py:190} INFO - [2025-02-06T17:29:21.059+0000] {override.py:1911} INFO - Created Permission View: can create on DAG Run:example_local_kubernetes_executor
[2025-02-06T17:29:21.061+0000] {logging_mixin.py:190} INFO - [2025-02-06T17:29:21.061+0000] {dag.py:3239} INFO - Sync 1 DAGs
[2025-02-06T17:29:21.096+0000] {logging_mixin.py:190} INFO - [2025-02-06T17:29:21.094+0000] {dag.py:3262} INFO - Creating ORM DAG for example_local_kubernetes_executor
[2025-02-06T17:29:21.098+0000] {logging_mixin.py:190} INFO - [2025-02-06T17:29:21.097+0000] {dag.py:4180} INFO - Setting next_dagrun for example_local_kubernetes_executor to None, run_after=None
[2025-02-06T17:29:21.150+0000] {processor.py:208} INFO - Processing /home/airflow/.local/lib/python3.12/site-packages/airflow/example_dags/example_local_kubernetes_executor.py took 0.585 seconds
[2025-02-06T17:29:54.632+0000] {processor.py:186} INFO - Started process (PID=113) to work on /home/airflow/.local/lib/python3.12/site-packages/airflow/example_dags/example_local_kubernetes_executor.py
[2025-02-06T17:29:54.634+0000] {processor.py:914} INFO - Processing file /home/airflow/.local/lib/python3.12/site-packages/airflow/example_dags/example_local_kubernetes_executor.py for tasks to queue
[2025-02-06T17:29:54.643+0000] {logging_mixin.py:190} INFO - [2025-02-06T17:29:54.642+0000] {dagbag.py:588} INFO - Filling up the DagBag from /home/airflow/.local/lib/python3.12/site-packages/airflow/example_dags/example_local_kubernetes_executor.py
[2025-02-06T17:29:54.680+0000] {processor.py:925} INFO - DAG(s) 'example_local_kubernetes_executor' retrieved from /home/airflow/.local/lib/python3.12/site-packages/airflow/example_dags/example_local_kubernetes_executor.py
[2025-02-06T17:29:54.788+0000] {logging_mixin.py:190} INFO - [2025-02-06T17:29:54.787+0000] {dag.py:3239} INFO - Sync 1 DAGs
[2025-02-06T17:29:54.860+0000] {logging_mixin.py:190} INFO - [2025-02-06T17:29:54.859+0000] {dag.py:4180} INFO - Setting next_dagrun for example_local_kubernetes_executor to None, run_after=None
[2025-02-06T17:29:54.941+0000] {processor.py:208} INFO - Processing /home/airflow/.local/lib/python3.12/site-packages/airflow/example_dags/example_local_kubernetes_executor.py took 0.330 seconds
[2025-02-06T17:30:27.463+0000] {processor.py:186} INFO - Started process (PID=170) to work on /home/airflow/.local/lib/python3.12/site-packages/airflow/example_dags/example_local_kubernetes_executor.py
[2025-02-06T17:30:27.465+0000] {processor.py:914} INFO - Processing file /home/airflow/.local/lib/python3.12/site-packages/airflow/example_dags/example_local_kubernetes_executor.py for tasks to queue
[2025-02-06T17:30:27.470+0000] {logging_mixin.py:190} INFO - [2025-02-06T17:30:27.469+0000] {dagbag.py:588} INFO - Filling up the DagBag from /home/airflow/.local/lib/python3.12/site-packages/airflow/example_dags/example_local_kubernetes_executor.py
[2025-02-06T17:30:27.609+0000] {processor.py:925} INFO - DAG(s) 'example_local_kubernetes_executor' retrieved from /home/airflow/.local/lib/python3.12/site-packages/airflow/example_dags/example_local_kubernetes_executor.py
[2025-02-06T17:30:27.653+0000] {logging_mixin.py:190} INFO - [2025-02-06T17:30:27.653+0000] {dag.py:3239} INFO - Sync 1 DAGs
[2025-02-06T17:30:27.697+0000] {logging_mixin.py:190} INFO - [2025-02-06T17:30:27.697+0000] {dag.py:4180} INFO - Setting next_dagrun for example_local_kubernetes_executor to None, run_after=None
[2025-02-06T17:30:27.743+0000] {processor.py:208} INFO - Processing /home/airflow/.local/lib/python3.12/site-packages/airflow/example_dags/example_local_kubernetes_executor.py took 0.293 seconds
[2025-02-06T17:31:00.137+0000] {processor.py:186} INFO - Started process (PID=227) to work on /home/airflow/.local/lib/python3.12/site-packages/airflow/example_dags/example_local_kubernetes_executor.py
[2025-02-06T17:31:00.139+0000] {processor.py:914} INFO - Processing file /home/airflow/.local/lib/python3.12/site-packages/airflow/example_dags/example_local_kubernetes_executor.py for tasks to queue
[2025-02-06T17:31:00.146+0000] {logging_mixin.py:190} INFO - [2025-02-06T17:31:00.144+0000] {dagbag.py:588} INFO - Filling up the DagBag from /home/airflow/.local/lib/python3.12/site-packages/airflow/example_dags/example_local_kubernetes_executor.py
[2025-02-06T17:31:00.187+0000] {processor.py:925} INFO - DAG(s) 'example_local_kubernetes_executor' retrieved from /home/airflow/.local/lib/python3.12/site-packages/airflow/example_dags/example_local_kubernetes_executor.py
[2025-02-06T17:31:00.267+0000] {logging_mixin.py:190} INFO - [2025-02-06T17:31:00.267+0000] {dag.py:3239} INFO - Sync 1 DAGs
[2025-02-06T17:31:00.316+0000] {logging_mixin.py:190} INFO - [2025-02-06T17:31:00.315+0000] {dag.py:4180} INFO - Setting next_dagrun for example_local_kubernetes_executor to None, run_after=None
[2025-02-06T17:31:00.358+0000] {processor.py:208} INFO - Processing /home/airflow/.local/lib/python3.12/site-packages/airflow/example_dags/example_local_kubernetes_executor.py took 0.244 seconds
[2025-02-06T17:31:31.332+0000] {processor.py:186} INFO - Started process (PID=284) to work on /home/airflow/.local/lib/python3.12/site-packages/airflow/example_dags/example_local_kubernetes_executor.py
[2025-02-06T17:31:31.333+0000] {processor.py:914} INFO - Processing file /home/airflow/.local/lib/python3.12/site-packages/airflow/example_dags/example_local_kubernetes_executor.py for tasks to queue
[2025-02-06T17:31:31.336+0000] {logging_mixin.py:190} INFO - [2025-02-06T17:31:31.336+0000] {dagbag.py:588} INFO - Filling up the DagBag from /home/airflow/.local/lib/python3.12/site-packages/airflow/example_dags/example_local_kubernetes_executor.py
[2025-02-06T17:31:31.349+0000] {processor.py:925} INFO - DAG(s) 'example_local_kubernetes_executor' retrieved from /home/airflow/.local/lib/python3.12/site-packages/airflow/example_dags/example_local_kubernetes_executor.py
[2025-02-06T17:31:31.376+0000] {logging_mixin.py:190} INFO - [2025-02-06T17:31:31.376+0000] {dag.py:3239} INFO - Sync 1 DAGs
[2025-02-06T17:31:31.397+0000] {logging_mixin.py:190} INFO - [2025-02-06T17:31:31.396+0000] {dag.py:4180} INFO - Setting next_dagrun for example_local_kubernetes_executor to None, run_after=None
[2025-02-06T17:31:31.419+0000] {processor.py:208} INFO - Processing /home/airflow/.local/lib/python3.12/site-packages/airflow/example_dags/example_local_kubernetes_executor.py took 0.094 seconds
[2025-02-06T17:32:02.519+0000] {processor.py:186} INFO - Started process (PID=341) to work on /home/airflow/.local/lib/python3.12/site-packages/airflow/example_dags/example_local_kubernetes_executor.py
[2025-02-06T17:32:02.521+0000] {processor.py:914} INFO - Processing file /home/airflow/.local/lib/python3.12/site-packages/airflow/example_dags/example_local_kubernetes_executor.py for tasks to queue
[2025-02-06T17:32:02.524+0000] {logging_mixin.py:190} INFO - [2025-02-06T17:32:02.524+0000] {dagbag.py:588} INFO - Filling up the DagBag from /home/airflow/.local/lib/python3.12/site-packages/airflow/example_dags/example_local_kubernetes_executor.py
[2025-02-06T17:32:02.541+0000] {processor.py:925} INFO - DAG(s) 'example_local_kubernetes_executor' retrieved from /home/airflow/.local/lib/python3.12/site-packages/airflow/example_dags/example_local_kubernetes_executor.py
[2025-02-06T17:32:02.588+0000] {logging_mixin.py:190} INFO - [2025-02-06T17:32:02.587+0000] {dag.py:3239} INFO - Sync 1 DAGs
[2025-02-06T17:32:02.612+0000] {logging_mixin.py:190} INFO - [2025-02-06T17:32:02.612+0000] {dag.py:4180} INFO - Setting next_dagrun for example_local_kubernetes_executor to None, run_after=None
[2025-02-06T17:32:02.647+0000] {processor.py:208} INFO - Processing /home/airflow/.local/lib/python3.12/site-packages/airflow/example_dags/example_local_kubernetes_executor.py took 0.136 seconds
[2025-02-06T17:32:34.052+0000] {processor.py:186} INFO - Started process (PID=398) to work on /home/airflow/.local/lib/python3.12/site-packages/airflow/example_dags/example_local_kubernetes_executor.py
[2025-02-06T17:32:34.053+0000] {processor.py:914} INFO - Processing file /home/airflow/.local/lib/python3.12/site-packages/airflow/example_dags/example_local_kubernetes_executor.py for tasks to queue
[2025-02-06T17:32:34.056+0000] {logging_mixin.py:190} INFO - [2025-02-06T17:32:34.056+0000] {dagbag.py:588} INFO - Filling up the DagBag from /home/airflow/.local/lib/python3.12/site-packages/airflow/example_dags/example_local_kubernetes_executor.py
[2025-02-06T17:32:34.070+0000] {processor.py:925} INFO - DAG(s) 'example_local_kubernetes_executor' retrieved from /home/airflow/.local/lib/python3.12/site-packages/airflow/example_dags/example_local_kubernetes_executor.py
[2025-02-06T17:32:34.101+0000] {logging_mixin.py:190} INFO - [2025-02-06T17:32:34.100+0000] {dag.py:3239} INFO - Sync 1 DAGs
[2025-02-06T17:32:34.121+0000] {logging_mixin.py:190} INFO - [2025-02-06T17:32:34.120+0000] {dag.py:4180} INFO - Setting next_dagrun for example_local_kubernetes_executor to None, run_after=None
[2025-02-06T17:32:34.179+0000] {processor.py:208} INFO - Processing /home/airflow/.local/lib/python3.12/site-packages/airflow/example_dags/example_local_kubernetes_executor.py took 0.135 seconds
[2025-02-06T17:33:05.560+0000] {processor.py:186} INFO - Started process (PID=455) to work on /home/airflow/.local/lib/python3.12/site-packages/airflow/example_dags/example_local_kubernetes_executor.py
[2025-02-06T17:33:05.561+0000] {processor.py:914} INFO - Processing file /home/airflow/.local/lib/python3.12/site-packages/airflow/example_dags/example_local_kubernetes_executor.py for tasks to queue
[2025-02-06T17:33:05.564+0000] {logging_mixin.py:190} INFO - [2025-02-06T17:33:05.564+0000] {dagbag.py:588} INFO - Filling up the DagBag from /home/airflow/.local/lib/python3.12/site-packages/airflow/example_dags/example_local_kubernetes_executor.py
[2025-02-06T17:33:05.576+0000] {processor.py:925} INFO - DAG(s) 'example_local_kubernetes_executor' retrieved from /home/airflow/.local/lib/python3.12/site-packages/airflow/example_dags/example_local_kubernetes_executor.py
[2025-02-06T17:33:05.602+0000] {logging_mixin.py:190} INFO - [2025-02-06T17:33:05.602+0000] {dag.py:3239} INFO - Sync 1 DAGs
[2025-02-06T17:33:05.620+0000] {logging_mixin.py:190} INFO - [2025-02-06T17:33:05.620+0000] {dag.py:4180} INFO - Setting next_dagrun for example_local_kubernetes_executor to None, run_after=None
[2025-02-06T17:33:05.645+0000] {processor.py:208} INFO - Processing /home/airflow/.local/lib/python3.12/site-packages/airflow/example_dags/example_local_kubernetes_executor.py took 0.096 seconds
[2025-02-06T17:33:36.788+0000] {processor.py:186} INFO - Started process (PID=512) to work on /home/airflow/.local/lib/python3.12/site-packages/airflow/example_dags/example_local_kubernetes_executor.py
[2025-02-06T17:33:36.789+0000] {processor.py:914} INFO - Processing file /home/airflow/.local/lib/python3.12/site-packages/airflow/example_dags/example_local_kubernetes_executor.py for tasks to queue
[2025-02-06T17:33:36.792+0000] {logging_mixin.py:190} INFO - [2025-02-06T17:33:36.792+0000] {dagbag.py:588} INFO - Filling up the DagBag from /home/airflow/.local/lib/python3.12/site-packages/airflow/example_dags/example_local_kubernetes_executor.py
[2025-02-06T17:33:36.804+0000] {processor.py:925} INFO - DAG(s) 'example_local_kubernetes_executor' retrieved from /home/airflow/.local/lib/python3.12/site-packages/airflow/example_dags/example_local_kubernetes_executor.py
[2025-02-06T17:33:36.830+0000] {logging_mixin.py:190} INFO - [2025-02-06T17:33:36.830+0000] {dag.py:3239} INFO - Sync 1 DAGs
[2025-02-06T17:33:36.848+0000] {logging_mixin.py:190} INFO - [2025-02-06T17:33:36.847+0000] {dag.py:4180} INFO - Setting next_dagrun for example_local_kubernetes_executor to None, run_after=None
[2025-02-06T17:33:36.872+0000] {processor.py:208} INFO - Processing /home/airflow/.local/lib/python3.12/site-packages/airflow/example_dags/example_local_kubernetes_executor.py took 0.092 seconds
[2025-02-06T17:34:08.716+0000] {processor.py:186} INFO - Started process (PID=569) to work on /home/airflow/.local/lib/python3.12/site-packages/airflow/example_dags/example_local_kubernetes_executor.py
[2025-02-06T17:34:08.718+0000] {processor.py:914} INFO - Processing file /home/airflow/.local/lib/python3.12/site-packages/airflow/example_dags/example_local_kubernetes_executor.py for tasks to queue
[2025-02-06T17:34:08.723+0000] {logging_mixin.py:190} INFO - [2025-02-06T17:34:08.722+0000] {dagbag.py:588} INFO - Filling up the DagBag from /home/airflow/.local/lib/python3.12/site-packages/airflow/example_dags/example_local_kubernetes_executor.py
[2025-02-06T17:34:08.755+0000] {processor.py:925} INFO - DAG(s) 'example_local_kubernetes_executor' retrieved from /home/airflow/.local/lib/python3.12/site-packages/airflow/example_dags/example_local_kubernetes_executor.py
[2025-02-06T17:34:08.797+0000] {logging_mixin.py:190} INFO - [2025-02-06T17:34:08.797+0000] {dag.py:3239} INFO - Sync 1 DAGs
[2025-02-06T17:34:08.824+0000] {logging_mixin.py:190} INFO - [2025-02-06T17:34:08.824+0000] {dag.py:4180} INFO - Setting next_dagrun for example_local_kubernetes_executor to None, run_after=None
[2025-02-06T17:34:08.858+0000] {processor.py:208} INFO - Processing /home/airflow/.local/lib/python3.12/site-packages/airflow/example_dags/example_local_kubernetes_executor.py took 0.160 seconds
[2025-02-06T17:34:40.304+0000] {processor.py:186} INFO - Started process (PID=626) to work on /home/airflow/.local/lib/python3.12/site-packages/airflow/example_dags/example_local_kubernetes_executor.py
[2025-02-06T17:34:40.305+0000] {processor.py:914} INFO - Processing file /home/airflow/.local/lib/python3.12/site-packages/airflow/example_dags/example_local_kubernetes_executor.py for tasks to queue
[2025-02-06T17:34:40.308+0000] {logging_mixin.py:190} INFO - [2025-02-06T17:34:40.308+0000] {dagbag.py:588} INFO - Filling up the DagBag from /home/airflow/.local/lib/python3.12/site-packages/airflow/example_dags/example_local_kubernetes_executor.py
[2025-02-06T17:34:40.326+0000] {processor.py:925} INFO - DAG(s) 'example_local_kubernetes_executor' retrieved from /home/airflow/.local/lib/python3.12/site-packages/airflow/example_dags/example_local_kubernetes_executor.py
[2025-02-06T17:34:40.358+0000] {logging_mixin.py:190} INFO - [2025-02-06T17:34:40.358+0000] {dag.py:3239} INFO - Sync 1 DAGs
[2025-02-06T17:34:40.378+0000] {logging_mixin.py:190} INFO - [2025-02-06T17:34:40.378+0000] {dag.py:4180} INFO - Setting next_dagrun for example_local_kubernetes_executor to None, run_after=None
[2025-02-06T17:34:40.403+0000] {processor.py:208} INFO - Processing /home/airflow/.local/lib/python3.12/site-packages/airflow/example_dags/example_local_kubernetes_executor.py took 0.108 seconds
[2025-02-06T17:35:11.537+0000] {processor.py:186} INFO - Started process (PID=683) to work on /home/airflow/.local/lib/python3.12/site-packages/airflow/example_dags/example_local_kubernetes_executor.py
[2025-02-06T17:35:11.539+0000] {processor.py:914} INFO - Processing file /home/airflow/.local/lib/python3.12/site-packages/airflow/example_dags/example_local_kubernetes_executor.py for tasks to queue
[2025-02-06T17:35:11.543+0000] {logging_mixin.py:190} INFO - [2025-02-06T17:35:11.542+0000] {dagbag.py:588} INFO - Filling up the DagBag from /home/airflow/.local/lib/python3.12/site-packages/airflow/example_dags/example_local_kubernetes_executor.py
[2025-02-06T17:35:11.567+0000] {processor.py:925} INFO - DAG(s) 'example_local_kubernetes_executor' retrieved from /home/airflow/.local/lib/python3.12/site-packages/airflow/example_dags/example_local_kubernetes_executor.py
[2025-02-06T17:35:11.609+0000] {logging_mixin.py:190} INFO - [2025-02-06T17:35:11.608+0000] {dag.py:3239} INFO - Sync 1 DAGs
[2025-02-06T17:35:11.656+0000] {logging_mixin.py:190} INFO - [2025-02-06T17:35:11.655+0000] {dag.py:4180} INFO - Setting next_dagrun for example_local_kubernetes_executor to None, run_after=None
[2025-02-06T17:35:11.717+0000] {processor.py:208} INFO - Processing /home/airflow/.local/lib/python3.12/site-packages/airflow/example_dags/example_local_kubernetes_executor.py took 0.189 seconds
[2025-02-06T17:35:43.028+0000] {processor.py:186} INFO - Started process (PID=740) to work on /home/airflow/.local/lib/python3.12/site-packages/airflow/example_dags/example_local_kubernetes_executor.py
[2025-02-06T17:35:43.030+0000] {processor.py:914} INFO - Processing file /home/airflow/.local/lib/python3.12/site-packages/airflow/example_dags/example_local_kubernetes_executor.py for tasks to queue
[2025-02-06T17:35:43.033+0000] {logging_mixin.py:190} INFO - [2025-02-06T17:35:43.032+0000] {dagbag.py:588} INFO - Filling up the DagBag from /home/airflow/.local/lib/python3.12/site-packages/airflow/example_dags/example_local_kubernetes_executor.py
[2025-02-06T17:35:43.046+0000] {processor.py:925} INFO - DAG(s) 'example_local_kubernetes_executor' retrieved from /home/airflow/.local/lib/python3.12/site-packages/airflow/example_dags/example_local_kubernetes_executor.py
[2025-02-06T17:35:43.073+0000] {logging_mixin.py:190} INFO - [2025-02-06T17:35:43.073+0000] {dag.py:3239} INFO - Sync 1 DAGs
[2025-02-06T17:35:43.094+0000] {logging_mixin.py:190} INFO - [2025-02-06T17:35:43.093+0000] {dag.py:4180} INFO - Setting next_dagrun for example_local_kubernetes_executor to None, run_after=None
[2025-02-06T17:35:43.115+0000] {processor.py:208} INFO - Processing /home/airflow/.local/lib/python3.12/site-packages/airflow/example_dags/example_local_kubernetes_executor.py took 0.097 seconds
[2025-02-06T17:36:14.316+0000] {processor.py:186} INFO - Started process (PID=797) to work on /home/airflow/.local/lib/python3.12/site-packages/airflow/example_dags/example_local_kubernetes_executor.py
[2025-02-06T17:36:14.317+0000] {processor.py:914} INFO - Processing file /home/airflow/.local/lib/python3.12/site-packages/airflow/example_dags/example_local_kubernetes_executor.py for tasks to queue
[2025-02-06T17:36:14.320+0000] {logging_mixin.py:190} INFO - [2025-02-06T17:36:14.320+0000] {dagbag.py:588} INFO - Filling up the DagBag from /home/airflow/.local/lib/python3.12/site-packages/airflow/example_dags/example_local_kubernetes_executor.py
[2025-02-06T17:36:14.340+0000] {processor.py:925} INFO - DAG(s) 'example_local_kubernetes_executor' retrieved from /home/airflow/.local/lib/python3.12/site-packages/airflow/example_dags/example_local_kubernetes_executor.py
[2025-02-06T17:36:14.392+0000] {logging_mixin.py:190} INFO - [2025-02-06T17:36:14.392+0000] {dag.py:3239} INFO - Sync 1 DAGs
[2025-02-06T17:36:14.436+0000] {logging_mixin.py:190} INFO - [2025-02-06T17:36:14.436+0000] {dag.py:4180} INFO - Setting next_dagrun for example_local_kubernetes_executor to None, run_after=None
[2025-02-06T17:36:14.476+0000] {processor.py:208} INFO - Processing /home/airflow/.local/lib/python3.12/site-packages/airflow/example_dags/example_local_kubernetes_executor.py took 0.172 seconds
[2025-02-06T17:41:43.725+0000] {processor.py:186} INFO - Started process (PID=56) to work on /home/airflow/.local/lib/python3.12/site-packages/airflow/example_dags/example_local_kubernetes_executor.py
[2025-02-06T17:41:43.727+0000] {processor.py:914} INFO - Processing file /home/airflow/.local/lib/python3.12/site-packages/airflow/example_dags/example_local_kubernetes_executor.py for tasks to queue
[2025-02-06T17:41:43.731+0000] {logging_mixin.py:190} INFO - [2025-02-06T17:41:43.730+0000] {dagbag.py:588} INFO - Filling up the DagBag from /home/airflow/.local/lib/python3.12/site-packages/airflow/example_dags/example_local_kubernetes_executor.py
[2025-02-06T17:41:43.762+0000] {processor.py:925} INFO - DAG(s) 'example_local_kubernetes_executor' retrieved from /home/airflow/.local/lib/python3.12/site-packages/airflow/example_dags/example_local_kubernetes_executor.py
[2025-02-06T17:41:44.003+0000] {logging_mixin.py:190} INFO - [2025-02-06T17:41:44.002+0000] {override.py:1911} INFO - Created Permission View: can delete on DAG:example_local_kubernetes_executor
[2025-02-06T17:41:44.058+0000] {logging_mixin.py:190} INFO - [2025-02-06T17:41:44.057+0000] {override.py:1911} INFO - Created Permission View: can read on DAG:example_local_kubernetes_executor
[2025-02-06T17:41:44.080+0000] {logging_mixin.py:190} INFO - [2025-02-06T17:41:44.079+0000] {override.py:1911} INFO - Created Permission View: can edit on DAG:example_local_kubernetes_executor
[2025-02-06T17:41:44.094+0000] {logging_mixin.py:190} INFO - [2025-02-06T17:41:44.094+0000] {override.py:1911} INFO - Created Permission View: can delete on DAG Run:example_local_kubernetes_executor
[2025-02-06T17:41:44.109+0000] {logging_mixin.py:190} INFO - [2025-02-06T17:41:44.108+0000] {override.py:1911} INFO - Created Permission View: can create on DAG Run:example_local_kubernetes_executor
[2025-02-06T17:41:44.167+0000] {logging_mixin.py:190} INFO - [2025-02-06T17:41:44.166+0000] {override.py:1911} INFO - Created Permission View: can read on DAG Run:example_local_kubernetes_executor
[2025-02-06T17:41:44.186+0000] {logging_mixin.py:190} INFO - [2025-02-06T17:41:44.186+0000] {override.py:1911} INFO - Created Permission View: menu access on DAG Run:example_local_kubernetes_executor
[2025-02-06T17:41:44.188+0000] {logging_mixin.py:190} INFO - [2025-02-06T17:41:44.188+0000] {dag.py:3239} INFO - Sync 1 DAGs
[2025-02-06T17:41:44.211+0000] {logging_mixin.py:190} INFO - [2025-02-06T17:41:44.211+0000] {dag.py:3262} INFO - Creating ORM DAG for example_local_kubernetes_executor
[2025-02-06T17:41:44.213+0000] {logging_mixin.py:190} INFO - [2025-02-06T17:41:44.213+0000] {dag.py:4180} INFO - Setting next_dagrun for example_local_kubernetes_executor to None, run_after=None
[2025-02-06T17:41:44.246+0000] {processor.py:208} INFO - Processing /home/airflow/.local/lib/python3.12/site-packages/airflow/example_dags/example_local_kubernetes_executor.py took 0.531 seconds
[2025-02-06T17:42:14.939+0000] {processor.py:186} INFO - Started process (PID=113) to work on /home/airflow/.local/lib/python3.12/site-packages/airflow/example_dags/example_local_kubernetes_executor.py
[2025-02-06T17:42:14.940+0000] {processor.py:914} INFO - Processing file /home/airflow/.local/lib/python3.12/site-packages/airflow/example_dags/example_local_kubernetes_executor.py for tasks to queue
[2025-02-06T17:42:14.943+0000] {logging_mixin.py:190} INFO - [2025-02-06T17:42:14.943+0000] {dagbag.py:588} INFO - Filling up the DagBag from /home/airflow/.local/lib/python3.12/site-packages/airflow/example_dags/example_local_kubernetes_executor.py
[2025-02-06T17:42:14.967+0000] {processor.py:925} INFO - DAG(s) 'example_local_kubernetes_executor' retrieved from /home/airflow/.local/lib/python3.12/site-packages/airflow/example_dags/example_local_kubernetes_executor.py
[2025-02-06T17:42:15.027+0000] {logging_mixin.py:190} INFO - [2025-02-06T17:42:15.026+0000] {dag.py:3239} INFO - Sync 1 DAGs
[2025-02-06T17:42:15.064+0000] {logging_mixin.py:190} INFO - [2025-02-06T17:42:15.064+0000] {dag.py:4180} INFO - Setting next_dagrun for example_local_kubernetes_executor to None, run_after=None
[2025-02-06T17:42:15.097+0000] {processor.py:208} INFO - Processing /home/airflow/.local/lib/python3.12/site-packages/airflow/example_dags/example_local_kubernetes_executor.py took 0.170 seconds
[2025-02-06T17:42:46.079+0000] {processor.py:186} INFO - Started process (PID=170) to work on /home/airflow/.local/lib/python3.12/site-packages/airflow/example_dags/example_local_kubernetes_executor.py
[2025-02-06T17:42:46.081+0000] {processor.py:914} INFO - Processing file /home/airflow/.local/lib/python3.12/site-packages/airflow/example_dags/example_local_kubernetes_executor.py for tasks to queue
[2025-02-06T17:42:46.089+0000] {logging_mixin.py:190} INFO - [2025-02-06T17:42:46.088+0000] {dagbag.py:588} INFO - Filling up the DagBag from /home/airflow/.local/lib/python3.12/site-packages/airflow/example_dags/example_local_kubernetes_executor.py
[2025-02-06T17:42:46.136+0000] {processor.py:925} INFO - DAG(s) 'example_local_kubernetes_executor' retrieved from /home/airflow/.local/lib/python3.12/site-packages/airflow/example_dags/example_local_kubernetes_executor.py
[2025-02-06T17:42:46.190+0000] {logging_mixin.py:190} INFO - [2025-02-06T17:42:46.189+0000] {dag.py:3239} INFO - Sync 1 DAGs
[2025-02-06T17:42:46.246+0000] {logging_mixin.py:190} INFO - [2025-02-06T17:42:46.246+0000] {dag.py:4180} INFO - Setting next_dagrun for example_local_kubernetes_executor to None, run_after=None
[2025-02-06T17:42:46.292+0000] {processor.py:208} INFO - Processing /home/airflow/.local/lib/python3.12/site-packages/airflow/example_dags/example_local_kubernetes_executor.py took 0.222 seconds
[2025-02-06T17:43:16.399+0000] {processor.py:186} INFO - Started process (PID=227) to work on /home/airflow/.local/lib/python3.12/site-packages/airflow/example_dags/example_local_kubernetes_executor.py
[2025-02-06T17:43:16.400+0000] {processor.py:914} INFO - Processing file /home/airflow/.local/lib/python3.12/site-packages/airflow/example_dags/example_local_kubernetes_executor.py for tasks to queue
[2025-02-06T17:43:16.404+0000] {logging_mixin.py:190} INFO - [2025-02-06T17:43:16.404+0000] {dagbag.py:588} INFO - Filling up the DagBag from /home/airflow/.local/lib/python3.12/site-packages/airflow/example_dags/example_local_kubernetes_executor.py
[2025-02-06T17:43:16.420+0000] {processor.py:925} INFO - DAG(s) 'example_local_kubernetes_executor' retrieved from /home/airflow/.local/lib/python3.12/site-packages/airflow/example_dags/example_local_kubernetes_executor.py
[2025-02-06T17:43:16.456+0000] {logging_mixin.py:190} INFO - [2025-02-06T17:43:16.455+0000] {dag.py:3239} INFO - Sync 1 DAGs
[2025-02-06T17:43:16.483+0000] {logging_mixin.py:190} INFO - [2025-02-06T17:43:16.482+0000] {dag.py:4180} INFO - Setting next_dagrun for example_local_kubernetes_executor to None, run_after=None
[2025-02-06T17:43:16.522+0000] {processor.py:208} INFO - Processing /home/airflow/.local/lib/python3.12/site-packages/airflow/example_dags/example_local_kubernetes_executor.py took 0.131 seconds
[2025-02-06T17:43:46.623+0000] {processor.py:186} INFO - Started process (PID=283) to work on /home/airflow/.local/lib/python3.12/site-packages/airflow/example_dags/example_local_kubernetes_executor.py
[2025-02-06T17:43:46.624+0000] {processor.py:914} INFO - Processing file /home/airflow/.local/lib/python3.12/site-packages/airflow/example_dags/example_local_kubernetes_executor.py for tasks to queue
[2025-02-06T17:43:46.628+0000] {logging_mixin.py:190} INFO - [2025-02-06T17:43:46.628+0000] {dagbag.py:588} INFO - Filling up the DagBag from /home/airflow/.local/lib/python3.12/site-packages/airflow/example_dags/example_local_kubernetes_executor.py
[2025-02-06T17:43:46.642+0000] {processor.py:925} INFO - DAG(s) 'example_local_kubernetes_executor' retrieved from /home/airflow/.local/lib/python3.12/site-packages/airflow/example_dags/example_local_kubernetes_executor.py
[2025-02-06T17:43:46.671+0000] {logging_mixin.py:190} INFO - [2025-02-06T17:43:46.670+0000] {dag.py:3239} INFO - Sync 1 DAGs
[2025-02-06T17:43:46.690+0000] {logging_mixin.py:190} INFO - [2025-02-06T17:43:46.689+0000] {dag.py:4180} INFO - Setting next_dagrun for example_local_kubernetes_executor to None, run_after=None
[2025-02-06T17:43:46.717+0000] {processor.py:208} INFO - Processing /home/airflow/.local/lib/python3.12/site-packages/airflow/example_dags/example_local_kubernetes_executor.py took 0.102 seconds
[2025-02-06T17:44:17.029+0000] {processor.py:186} INFO - Started process (PID=339) to work on /home/airflow/.local/lib/python3.12/site-packages/airflow/example_dags/example_local_kubernetes_executor.py
[2025-02-06T17:44:17.030+0000] {processor.py:914} INFO - Processing file /home/airflow/.local/lib/python3.12/site-packages/airflow/example_dags/example_local_kubernetes_executor.py for tasks to queue
[2025-02-06T17:44:17.033+0000] {logging_mixin.py:190} INFO - [2025-02-06T17:44:17.033+0000] {dagbag.py:588} INFO - Filling up the DagBag from /home/airflow/.local/lib/python3.12/site-packages/airflow/example_dags/example_local_kubernetes_executor.py
[2025-02-06T17:44:17.045+0000] {processor.py:925} INFO - DAG(s) 'example_local_kubernetes_executor' retrieved from /home/airflow/.local/lib/python3.12/site-packages/airflow/example_dags/example_local_kubernetes_executor.py
[2025-02-06T17:44:17.071+0000] {logging_mixin.py:190} INFO - [2025-02-06T17:44:17.071+0000] {dag.py:3239} INFO - Sync 1 DAGs
[2025-02-06T17:44:17.089+0000] {logging_mixin.py:190} INFO - [2025-02-06T17:44:17.089+0000] {dag.py:4180} INFO - Setting next_dagrun for example_local_kubernetes_executor to None, run_after=None
[2025-02-06T17:44:17.132+0000] {processor.py:208} INFO - Processing /home/airflow/.local/lib/python3.12/site-packages/airflow/example_dags/example_local_kubernetes_executor.py took 0.111 seconds
[2025-02-06T17:44:47.685+0000] {processor.py:186} INFO - Started process (PID=396) to work on /home/airflow/.local/lib/python3.12/site-packages/airflow/example_dags/example_local_kubernetes_executor.py
[2025-02-06T17:44:47.686+0000] {processor.py:914} INFO - Processing file /home/airflow/.local/lib/python3.12/site-packages/airflow/example_dags/example_local_kubernetes_executor.py for tasks to queue
[2025-02-06T17:44:47.689+0000] {logging_mixin.py:190} INFO - [2025-02-06T17:44:47.689+0000] {dagbag.py:588} INFO - Filling up the DagBag from /home/airflow/.local/lib/python3.12/site-packages/airflow/example_dags/example_local_kubernetes_executor.py
[2025-02-06T17:44:47.701+0000] {processor.py:925} INFO - DAG(s) 'example_local_kubernetes_executor' retrieved from /home/airflow/.local/lib/python3.12/site-packages/airflow/example_dags/example_local_kubernetes_executor.py
[2025-02-06T17:44:47.728+0000] {logging_mixin.py:190} INFO - [2025-02-06T17:44:47.728+0000] {dag.py:3239} INFO - Sync 1 DAGs
[2025-02-06T17:44:47.760+0000] {logging_mixin.py:190} INFO - [2025-02-06T17:44:47.760+0000] {dag.py:4180} INFO - Setting next_dagrun for example_local_kubernetes_executor to None, run_after=None
[2025-02-06T17:44:47.785+0000] {processor.py:208} INFO - Processing /home/airflow/.local/lib/python3.12/site-packages/airflow/example_dags/example_local_kubernetes_executor.py took 0.108 seconds
[2025-02-06T17:53:28.889+0000] {processor.py:186} INFO - Started process (PID=57) to work on /home/airflow/.local/lib/python3.12/site-packages/airflow/example_dags/example_local_kubernetes_executor.py
[2025-02-06T17:53:28.890+0000] {processor.py:914} INFO - Processing file /home/airflow/.local/lib/python3.12/site-packages/airflow/example_dags/example_local_kubernetes_executor.py for tasks to queue
[2025-02-06T17:53:28.893+0000] {logging_mixin.py:190} INFO - [2025-02-06T17:53:28.893+0000] {dagbag.py:588} INFO - Filling up the DagBag from /home/airflow/.local/lib/python3.12/site-packages/airflow/example_dags/example_local_kubernetes_executor.py
[2025-02-06T17:53:28.914+0000] {processor.py:925} INFO - DAG(s) 'example_local_kubernetes_executor' retrieved from /home/airflow/.local/lib/python3.12/site-packages/airflow/example_dags/example_local_kubernetes_executor.py
[2025-02-06T17:53:28.956+0000] {logging_mixin.py:190} INFO - [2025-02-06T17:53:28.956+0000] {dag.py:3239} INFO - Sync 1 DAGs
[2025-02-06T17:53:28.981+0000] {logging_mixin.py:190} INFO - [2025-02-06T17:53:28.981+0000] {dag.py:4180} INFO - Setting next_dagrun for example_local_kubernetes_executor to None, run_after=None
[2025-02-06T17:53:29.013+0000] {processor.py:208} INFO - Processing /home/airflow/.local/lib/python3.12/site-packages/airflow/example_dags/example_local_kubernetes_executor.py took 0.132 seconds
[2025-02-06T17:54:00.387+0000] {processor.py:186} INFO - Started process (PID=115) to work on /home/airflow/.local/lib/python3.12/site-packages/airflow/example_dags/example_local_kubernetes_executor.py
[2025-02-06T17:54:00.391+0000] {processor.py:914} INFO - Processing file /home/airflow/.local/lib/python3.12/site-packages/airflow/example_dags/example_local_kubernetes_executor.py for tasks to queue
[2025-02-06T17:54:00.403+0000] {logging_mixin.py:190} INFO - [2025-02-06T17:54:00.402+0000] {dagbag.py:588} INFO - Filling up the DagBag from /home/airflow/.local/lib/python3.12/site-packages/airflow/example_dags/example_local_kubernetes_executor.py
[2025-02-06T17:54:00.424+0000] {processor.py:925} INFO - DAG(s) 'example_local_kubernetes_executor' retrieved from /home/airflow/.local/lib/python3.12/site-packages/airflow/example_dags/example_local_kubernetes_executor.py
[2025-02-06T17:54:00.463+0000] {logging_mixin.py:190} INFO - [2025-02-06T17:54:00.463+0000] {dag.py:3239} INFO - Sync 1 DAGs
[2025-02-06T17:54:00.488+0000] {logging_mixin.py:190} INFO - [2025-02-06T17:54:00.488+0000] {dag.py:4180} INFO - Setting next_dagrun for example_local_kubernetes_executor to None, run_after=None
[2025-02-06T17:54:00.530+0000] {processor.py:208} INFO - Processing /home/airflow/.local/lib/python3.12/site-packages/airflow/example_dags/example_local_kubernetes_executor.py took 0.155 seconds
[2025-02-06T17:56:03.121+0000] {processor.py:186} INFO - Started process (PID=57) to work on /home/airflow/.local/lib/python3.12/site-packages/airflow/example_dags/example_local_kubernetes_executor.py
[2025-02-06T17:56:03.122+0000] {processor.py:914} INFO - Processing file /home/airflow/.local/lib/python3.12/site-packages/airflow/example_dags/example_local_kubernetes_executor.py for tasks to queue
[2025-02-06T17:56:03.126+0000] {logging_mixin.py:190} INFO - [2025-02-06T17:56:03.125+0000] {dagbag.py:588} INFO - Filling up the DagBag from /home/airflow/.local/lib/python3.12/site-packages/airflow/example_dags/example_local_kubernetes_executor.py
[2025-02-06T17:56:03.140+0000] {processor.py:925} INFO - DAG(s) 'example_local_kubernetes_executor' retrieved from /home/airflow/.local/lib/python3.12/site-packages/airflow/example_dags/example_local_kubernetes_executor.py
[2025-02-06T17:56:03.199+0000] {logging_mixin.py:190} INFO - [2025-02-06T17:56:03.198+0000] {dag.py:3239} INFO - Sync 1 DAGs
[2025-02-06T17:56:03.232+0000] {logging_mixin.py:190} INFO - [2025-02-06T17:56:03.231+0000] {dag.py:4180} INFO - Setting next_dagrun for example_local_kubernetes_executor to None, run_after=None
[2025-02-06T17:56:03.270+0000] {processor.py:208} INFO - Processing /home/airflow/.local/lib/python3.12/site-packages/airflow/example_dags/example_local_kubernetes_executor.py took 0.160 seconds
[2025-02-06T17:56:34.089+0000] {processor.py:186} INFO - Started process (PID=115) to work on /home/airflow/.local/lib/python3.12/site-packages/airflow/example_dags/example_local_kubernetes_executor.py
[2025-02-06T17:56:34.090+0000] {processor.py:914} INFO - Processing file /home/airflow/.local/lib/python3.12/site-packages/airflow/example_dags/example_local_kubernetes_executor.py for tasks to queue
[2025-02-06T17:56:34.093+0000] {logging_mixin.py:190} INFO - [2025-02-06T17:56:34.093+0000] {dagbag.py:588} INFO - Filling up the DagBag from /home/airflow/.local/lib/python3.12/site-packages/airflow/example_dags/example_local_kubernetes_executor.py
[2025-02-06T17:56:34.105+0000] {processor.py:925} INFO - DAG(s) 'example_local_kubernetes_executor' retrieved from /home/airflow/.local/lib/python3.12/site-packages/airflow/example_dags/example_local_kubernetes_executor.py
[2025-02-06T17:56:34.132+0000] {logging_mixin.py:190} INFO - [2025-02-06T17:56:34.132+0000] {dag.py:3239} INFO - Sync 1 DAGs
[2025-02-06T17:56:34.150+0000] {logging_mixin.py:190} INFO - [2025-02-06T17:56:34.150+0000] {dag.py:4180} INFO - Setting next_dagrun for example_local_kubernetes_executor to None, run_after=None
[2025-02-06T17:56:34.173+0000] {processor.py:208} INFO - Processing /home/airflow/.local/lib/python3.12/site-packages/airflow/example_dags/example_local_kubernetes_executor.py took 0.092 seconds
[2025-02-06T17:57:05.777+0000] {processor.py:186} INFO - Started process (PID=173) to work on /home/airflow/.local/lib/python3.12/site-packages/airflow/example_dags/example_local_kubernetes_executor.py
[2025-02-06T17:57:05.779+0000] {processor.py:914} INFO - Processing file /home/airflow/.local/lib/python3.12/site-packages/airflow/example_dags/example_local_kubernetes_executor.py for tasks to queue
[2025-02-06T17:57:05.783+0000] {logging_mixin.py:190} INFO - [2025-02-06T17:57:05.783+0000] {dagbag.py:588} INFO - Filling up the DagBag from /home/airflow/.local/lib/python3.12/site-packages/airflow/example_dags/example_local_kubernetes_executor.py
[2025-02-06T17:57:05.796+0000] {processor.py:925} INFO - DAG(s) 'example_local_kubernetes_executor' retrieved from /home/airflow/.local/lib/python3.12/site-packages/airflow/example_dags/example_local_kubernetes_executor.py
[2025-02-06T17:57:05.825+0000] {logging_mixin.py:190} INFO - [2025-02-06T17:57:05.825+0000] {dag.py:3239} INFO - Sync 1 DAGs
[2025-02-06T17:57:05.846+0000] {logging_mixin.py:190} INFO - [2025-02-06T17:57:05.846+0000] {dag.py:4180} INFO - Setting next_dagrun for example_local_kubernetes_executor to None, run_after=None
[2025-02-06T17:57:05.870+0000] {processor.py:208} INFO - Processing /home/airflow/.local/lib/python3.12/site-packages/airflow/example_dags/example_local_kubernetes_executor.py took 0.101 seconds
[2025-02-06T17:57:37.476+0000] {processor.py:186} INFO - Started process (PID=231) to work on /home/airflow/.local/lib/python3.12/site-packages/airflow/example_dags/example_local_kubernetes_executor.py
[2025-02-06T17:57:37.477+0000] {processor.py:914} INFO - Processing file /home/airflow/.local/lib/python3.12/site-packages/airflow/example_dags/example_local_kubernetes_executor.py for tasks to queue
[2025-02-06T17:57:37.480+0000] {logging_mixin.py:190} INFO - [2025-02-06T17:57:37.479+0000] {dagbag.py:588} INFO - Filling up the DagBag from /home/airflow/.local/lib/python3.12/site-packages/airflow/example_dags/example_local_kubernetes_executor.py
[2025-02-06T17:57:37.492+0000] {processor.py:925} INFO - DAG(s) 'example_local_kubernetes_executor' retrieved from /home/airflow/.local/lib/python3.12/site-packages/airflow/example_dags/example_local_kubernetes_executor.py
[2025-02-06T17:57:37.518+0000] {logging_mixin.py:190} INFO - [2025-02-06T17:57:37.517+0000] {dag.py:3239} INFO - Sync 1 DAGs
[2025-02-06T17:57:37.535+0000] {logging_mixin.py:190} INFO - [2025-02-06T17:57:37.535+0000] {dag.py:4180} INFO - Setting next_dagrun for example_local_kubernetes_executor to None, run_after=None
[2025-02-06T17:57:37.558+0000] {processor.py:208} INFO - Processing /home/airflow/.local/lib/python3.12/site-packages/airflow/example_dags/example_local_kubernetes_executor.py took 0.093 seconds
[2025-02-06T17:58:08.709+0000] {processor.py:186} INFO - Started process (PID=289) to work on /home/airflow/.local/lib/python3.12/site-packages/airflow/example_dags/example_local_kubernetes_executor.py
[2025-02-06T17:58:08.710+0000] {processor.py:914} INFO - Processing file /home/airflow/.local/lib/python3.12/site-packages/airflow/example_dags/example_local_kubernetes_executor.py for tasks to queue
[2025-02-06T17:58:08.714+0000] {logging_mixin.py:190} INFO - [2025-02-06T17:58:08.713+0000] {dagbag.py:588} INFO - Filling up the DagBag from /home/airflow/.local/lib/python3.12/site-packages/airflow/example_dags/example_local_kubernetes_executor.py
[2025-02-06T17:58:08.726+0000] {processor.py:925} INFO - DAG(s) 'example_local_kubernetes_executor' retrieved from /home/airflow/.local/lib/python3.12/site-packages/airflow/example_dags/example_local_kubernetes_executor.py
[2025-02-06T17:58:08.753+0000] {logging_mixin.py:190} INFO - [2025-02-06T17:58:08.752+0000] {dag.py:3239} INFO - Sync 1 DAGs
[2025-02-06T17:58:08.773+0000] {logging_mixin.py:190} INFO - [2025-02-06T17:58:08.772+0000] {dag.py:4180} INFO - Setting next_dagrun for example_local_kubernetes_executor to None, run_after=None
[2025-02-06T17:58:08.799+0000] {processor.py:208} INFO - Processing /home/airflow/.local/lib/python3.12/site-packages/airflow/example_dags/example_local_kubernetes_executor.py took 0.099 seconds
[2025-02-06T17:58:40.338+0000] {processor.py:186} INFO - Started process (PID=347) to work on /home/airflow/.local/lib/python3.12/site-packages/airflow/example_dags/example_local_kubernetes_executor.py
[2025-02-06T17:58:40.340+0000] {processor.py:914} INFO - Processing file /home/airflow/.local/lib/python3.12/site-packages/airflow/example_dags/example_local_kubernetes_executor.py for tasks to queue
[2025-02-06T17:58:40.343+0000] {logging_mixin.py:190} INFO - [2025-02-06T17:58:40.343+0000] {dagbag.py:588} INFO - Filling up the DagBag from /home/airflow/.local/lib/python3.12/site-packages/airflow/example_dags/example_local_kubernetes_executor.py
[2025-02-06T17:58:40.359+0000] {processor.py:925} INFO - DAG(s) 'example_local_kubernetes_executor' retrieved from /home/airflow/.local/lib/python3.12/site-packages/airflow/example_dags/example_local_kubernetes_executor.py
[2025-02-06T17:58:40.388+0000] {logging_mixin.py:190} INFO - [2025-02-06T17:58:40.387+0000] {dag.py:3239} INFO - Sync 1 DAGs
[2025-02-06T17:58:40.407+0000] {logging_mixin.py:190} INFO - [2025-02-06T17:58:40.406+0000] {dag.py:4180} INFO - Setting next_dagrun for example_local_kubernetes_executor to None, run_after=None
[2025-02-06T17:58:40.432+0000] {processor.py:208} INFO - Processing /home/airflow/.local/lib/python3.12/site-packages/airflow/example_dags/example_local_kubernetes_executor.py took 0.102 seconds
[2025-02-06T17:59:11.643+0000] {processor.py:186} INFO - Started process (PID=405) to work on /home/airflow/.local/lib/python3.12/site-packages/airflow/example_dags/example_local_kubernetes_executor.py
[2025-02-06T17:59:11.645+0000] {processor.py:914} INFO - Processing file /home/airflow/.local/lib/python3.12/site-packages/airflow/example_dags/example_local_kubernetes_executor.py for tasks to queue
[2025-02-06T17:59:11.648+0000] {logging_mixin.py:190} INFO - [2025-02-06T17:59:11.647+0000] {dagbag.py:588} INFO - Filling up the DagBag from /home/airflow/.local/lib/python3.12/site-packages/airflow/example_dags/example_local_kubernetes_executor.py
[2025-02-06T17:59:11.660+0000] {processor.py:925} INFO - DAG(s) 'example_local_kubernetes_executor' retrieved from /home/airflow/.local/lib/python3.12/site-packages/airflow/example_dags/example_local_kubernetes_executor.py
[2025-02-06T17:59:11.686+0000] {logging_mixin.py:190} INFO - [2025-02-06T17:59:11.686+0000] {dag.py:3239} INFO - Sync 1 DAGs
[2025-02-06T17:59:11.705+0000] {logging_mixin.py:190} INFO - [2025-02-06T17:59:11.705+0000] {dag.py:4180} INFO - Setting next_dagrun for example_local_kubernetes_executor to None, run_after=None
[2025-02-06T17:59:11.726+0000] {processor.py:208} INFO - Processing /home/airflow/.local/lib/python3.12/site-packages/airflow/example_dags/example_local_kubernetes_executor.py took 0.091 seconds
[2025-02-06T17:59:43.248+0000] {processor.py:186} INFO - Started process (PID=463) to work on /home/airflow/.local/lib/python3.12/site-packages/airflow/example_dags/example_local_kubernetes_executor.py
[2025-02-06T17:59:43.250+0000] {processor.py:914} INFO - Processing file /home/airflow/.local/lib/python3.12/site-packages/airflow/example_dags/example_local_kubernetes_executor.py for tasks to queue
[2025-02-06T17:59:43.255+0000] {logging_mixin.py:190} INFO - [2025-02-06T17:59:43.255+0000] {dagbag.py:588} INFO - Filling up the DagBag from /home/airflow/.local/lib/python3.12/site-packages/airflow/example_dags/example_local_kubernetes_executor.py
[2025-02-06T17:59:43.284+0000] {processor.py:925} INFO - DAG(s) 'example_local_kubernetes_executor' retrieved from /home/airflow/.local/lib/python3.12/site-packages/airflow/example_dags/example_local_kubernetes_executor.py
[2025-02-06T17:59:43.357+0000] {logging_mixin.py:190} INFO - [2025-02-06T17:59:43.357+0000] {dag.py:3239} INFO - Sync 1 DAGs
[2025-02-06T17:59:43.399+0000] {logging_mixin.py:190} INFO - [2025-02-06T17:59:43.399+0000] {dag.py:4180} INFO - Setting next_dagrun for example_local_kubernetes_executor to None, run_after=None
[2025-02-06T17:59:43.434+0000] {processor.py:208} INFO - Processing /home/airflow/.local/lib/python3.12/site-packages/airflow/example_dags/example_local_kubernetes_executor.py took 0.198 seconds
[2025-02-06T18:00:14.218+0000] {processor.py:186} INFO - Started process (PID=521) to work on /home/airflow/.local/lib/python3.12/site-packages/airflow/example_dags/example_local_kubernetes_executor.py
[2025-02-06T18:00:14.219+0000] {processor.py:914} INFO - Processing file /home/airflow/.local/lib/python3.12/site-packages/airflow/example_dags/example_local_kubernetes_executor.py for tasks to queue
[2025-02-06T18:00:14.222+0000] {logging_mixin.py:190} INFO - [2025-02-06T18:00:14.222+0000] {dagbag.py:588} INFO - Filling up the DagBag from /home/airflow/.local/lib/python3.12/site-packages/airflow/example_dags/example_local_kubernetes_executor.py
[2025-02-06T18:00:14.234+0000] {processor.py:925} INFO - DAG(s) 'example_local_kubernetes_executor' retrieved from /home/airflow/.local/lib/python3.12/site-packages/airflow/example_dags/example_local_kubernetes_executor.py
[2025-02-06T18:00:14.260+0000] {logging_mixin.py:190} INFO - [2025-02-06T18:00:14.260+0000] {dag.py:3239} INFO - Sync 1 DAGs
[2025-02-06T18:00:14.279+0000] {logging_mixin.py:190} INFO - [2025-02-06T18:00:14.279+0000] {dag.py:4180} INFO - Setting next_dagrun for example_local_kubernetes_executor to None, run_after=None
[2025-02-06T18:00:14.306+0000] {processor.py:208} INFO - Processing /home/airflow/.local/lib/python3.12/site-packages/airflow/example_dags/example_local_kubernetes_executor.py took 0.096 seconds
[2025-02-06T18:00:45.875+0000] {processor.py:186} INFO - Started process (PID=579) to work on /home/airflow/.local/lib/python3.12/site-packages/airflow/example_dags/example_local_kubernetes_executor.py
[2025-02-06T18:00:45.877+0000] {processor.py:914} INFO - Processing file /home/airflow/.local/lib/python3.12/site-packages/airflow/example_dags/example_local_kubernetes_executor.py for tasks to queue
[2025-02-06T18:00:45.885+0000] {logging_mixin.py:190} INFO - [2025-02-06T18:00:45.885+0000] {dagbag.py:588} INFO - Filling up the DagBag from /home/airflow/.local/lib/python3.12/site-packages/airflow/example_dags/example_local_kubernetes_executor.py
[2025-02-06T18:00:45.905+0000] {processor.py:925} INFO - DAG(s) 'example_local_kubernetes_executor' retrieved from /home/airflow/.local/lib/python3.12/site-packages/airflow/example_dags/example_local_kubernetes_executor.py
[2025-02-06T18:00:45.939+0000] {logging_mixin.py:190} INFO - [2025-02-06T18:00:45.938+0000] {dag.py:3239} INFO - Sync 1 DAGs
[2025-02-06T18:00:45.973+0000] {logging_mixin.py:190} INFO - [2025-02-06T18:00:45.972+0000] {dag.py:4180} INFO - Setting next_dagrun for example_local_kubernetes_executor to None, run_after=None
[2025-02-06T18:00:46.011+0000] {processor.py:208} INFO - Processing /home/airflow/.local/lib/python3.12/site-packages/airflow/example_dags/example_local_kubernetes_executor.py took 0.145 seconds
[2025-02-06T18:01:17.447+0000] {processor.py:186} INFO - Started process (PID=637) to work on /home/airflow/.local/lib/python3.12/site-packages/airflow/example_dags/example_local_kubernetes_executor.py
[2025-02-06T18:01:17.448+0000] {processor.py:914} INFO - Processing file /home/airflow/.local/lib/python3.12/site-packages/airflow/example_dags/example_local_kubernetes_executor.py for tasks to queue
[2025-02-06T18:01:17.452+0000] {logging_mixin.py:190} INFO - [2025-02-06T18:01:17.452+0000] {dagbag.py:588} INFO - Filling up the DagBag from /home/airflow/.local/lib/python3.12/site-packages/airflow/example_dags/example_local_kubernetes_executor.py
[2025-02-06T18:01:17.469+0000] {processor.py:925} INFO - DAG(s) 'example_local_kubernetes_executor' retrieved from /home/airflow/.local/lib/python3.12/site-packages/airflow/example_dags/example_local_kubernetes_executor.py
[2025-02-06T18:01:17.508+0000] {logging_mixin.py:190} INFO - [2025-02-06T18:01:17.508+0000] {dag.py:3239} INFO - Sync 1 DAGs
[2025-02-06T18:01:17.536+0000] {logging_mixin.py:190} INFO - [2025-02-06T18:01:17.535+0000] {dag.py:4180} INFO - Setting next_dagrun for example_local_kubernetes_executor to None, run_after=None
[2025-02-06T18:01:17.570+0000] {processor.py:208} INFO - Processing /home/airflow/.local/lib/python3.12/site-packages/airflow/example_dags/example_local_kubernetes_executor.py took 0.134 seconds
[2025-02-06T18:01:48.540+0000] {processor.py:186} INFO - Started process (PID=695) to work on /home/airflow/.local/lib/python3.12/site-packages/airflow/example_dags/example_local_kubernetes_executor.py
[2025-02-06T18:01:48.541+0000] {processor.py:914} INFO - Processing file /home/airflow/.local/lib/python3.12/site-packages/airflow/example_dags/example_local_kubernetes_executor.py for tasks to queue
[2025-02-06T18:01:48.547+0000] {logging_mixin.py:190} INFO - [2025-02-06T18:01:48.547+0000] {dagbag.py:588} INFO - Filling up the DagBag from /home/airflow/.local/lib/python3.12/site-packages/airflow/example_dags/example_local_kubernetes_executor.py
[2025-02-06T18:01:48.569+0000] {processor.py:925} INFO - DAG(s) 'example_local_kubernetes_executor' retrieved from /home/airflow/.local/lib/python3.12/site-packages/airflow/example_dags/example_local_kubernetes_executor.py
[2025-02-06T18:01:48.608+0000] {logging_mixin.py:190} INFO - [2025-02-06T18:01:48.608+0000] {dag.py:3239} INFO - Sync 1 DAGs
[2025-02-06T18:01:48.636+0000] {logging_mixin.py:190} INFO - [2025-02-06T18:01:48.635+0000] {dag.py:4180} INFO - Setting next_dagrun for example_local_kubernetes_executor to None, run_after=None
[2025-02-06T18:01:48.668+0000] {processor.py:208} INFO - Processing /home/airflow/.local/lib/python3.12/site-packages/airflow/example_dags/example_local_kubernetes_executor.py took 0.138 seconds
[2025-02-06T18:15:37.984+0000] {processor.py:186} INFO - Started process (PID=56) to work on /home/airflow/.local/lib/python3.12/site-packages/airflow/example_dags/example_local_kubernetes_executor.py
[2025-02-06T18:15:37.985+0000] {processor.py:914} INFO - Processing file /home/airflow/.local/lib/python3.12/site-packages/airflow/example_dags/example_local_kubernetes_executor.py for tasks to queue
[2025-02-06T18:15:37.988+0000] {logging_mixin.py:190} INFO - [2025-02-06T18:15:37.988+0000] {dagbag.py:588} INFO - Filling up the DagBag from /home/airflow/.local/lib/python3.12/site-packages/airflow/example_dags/example_local_kubernetes_executor.py
[2025-02-06T18:15:38.006+0000] {processor.py:925} INFO - DAG(s) 'example_local_kubernetes_executor' retrieved from /home/airflow/.local/lib/python3.12/site-packages/airflow/example_dags/example_local_kubernetes_executor.py
[2025-02-06T18:15:38.061+0000] {logging_mixin.py:190} INFO - [2025-02-06T18:15:38.060+0000] {dag.py:3239} INFO - Sync 1 DAGs
[2025-02-06T18:15:38.095+0000] {logging_mixin.py:190} INFO - [2025-02-06T18:15:38.094+0000] {dag.py:4180} INFO - Setting next_dagrun for example_local_kubernetes_executor to None, run_after=None
[2025-02-06T18:15:38.156+0000] {processor.py:208} INFO - Processing /home/airflow/.local/lib/python3.12/site-packages/airflow/example_dags/example_local_kubernetes_executor.py took 0.182 seconds
[2025-02-06T18:16:09.117+0000] {processor.py:186} INFO - Started process (PID=113) to work on /home/airflow/.local/lib/python3.12/site-packages/airflow/example_dags/example_local_kubernetes_executor.py
[2025-02-06T18:16:09.119+0000] {processor.py:914} INFO - Processing file /home/airflow/.local/lib/python3.12/site-packages/airflow/example_dags/example_local_kubernetes_executor.py for tasks to queue
[2025-02-06T18:16:09.124+0000] {logging_mixin.py:190} INFO - [2025-02-06T18:16:09.124+0000] {dagbag.py:588} INFO - Filling up the DagBag from /home/airflow/.local/lib/python3.12/site-packages/airflow/example_dags/example_local_kubernetes_executor.py
[2025-02-06T18:16:09.145+0000] {processor.py:925} INFO - DAG(s) 'example_local_kubernetes_executor' retrieved from /home/airflow/.local/lib/python3.12/site-packages/airflow/example_dags/example_local_kubernetes_executor.py
[2025-02-06T18:16:09.189+0000] {logging_mixin.py:190} INFO - [2025-02-06T18:16:09.188+0000] {dag.py:3239} INFO - Sync 1 DAGs
[2025-02-06T18:16:09.215+0000] {logging_mixin.py:190} INFO - [2025-02-06T18:16:09.215+0000] {dag.py:4180} INFO - Setting next_dagrun for example_local_kubernetes_executor to None, run_after=None
[2025-02-06T18:16:09.250+0000] {processor.py:208} INFO - Processing /home/airflow/.local/lib/python3.12/site-packages/airflow/example_dags/example_local_kubernetes_executor.py took 0.145 seconds
[2025-02-06T18:16:39.376+0000] {processor.py:186} INFO - Started process (PID=170) to work on /home/airflow/.local/lib/python3.12/site-packages/airflow/example_dags/example_local_kubernetes_executor.py
[2025-02-06T18:16:39.377+0000] {processor.py:914} INFO - Processing file /home/airflow/.local/lib/python3.12/site-packages/airflow/example_dags/example_local_kubernetes_executor.py for tasks to queue
[2025-02-06T18:16:39.381+0000] {logging_mixin.py:190} INFO - [2025-02-06T18:16:39.380+0000] {dagbag.py:588} INFO - Filling up the DagBag from /home/airflow/.local/lib/python3.12/site-packages/airflow/example_dags/example_local_kubernetes_executor.py
[2025-02-06T18:16:39.395+0000] {processor.py:925} INFO - DAG(s) 'example_local_kubernetes_executor' retrieved from /home/airflow/.local/lib/python3.12/site-packages/airflow/example_dags/example_local_kubernetes_executor.py
[2025-02-06T18:16:39.423+0000] {logging_mixin.py:190} INFO - [2025-02-06T18:16:39.423+0000] {dag.py:3239} INFO - Sync 1 DAGs
[2025-02-06T18:16:39.446+0000] {logging_mixin.py:190} INFO - [2025-02-06T18:16:39.446+0000] {dag.py:4180} INFO - Setting next_dagrun for example_local_kubernetes_executor to None, run_after=None
[2025-02-06T18:16:39.479+0000] {processor.py:208} INFO - Processing /home/airflow/.local/lib/python3.12/site-packages/airflow/example_dags/example_local_kubernetes_executor.py took 0.113 seconds
[2025-02-06T18:17:09.678+0000] {processor.py:186} INFO - Started process (PID=226) to work on /home/airflow/.local/lib/python3.12/site-packages/airflow/example_dags/example_local_kubernetes_executor.py
[2025-02-06T18:17:09.679+0000] {processor.py:914} INFO - Processing file /home/airflow/.local/lib/python3.12/site-packages/airflow/example_dags/example_local_kubernetes_executor.py for tasks to queue
[2025-02-06T18:17:09.683+0000] {logging_mixin.py:190} INFO - [2025-02-06T18:17:09.682+0000] {dagbag.py:588} INFO - Filling up the DagBag from /home/airflow/.local/lib/python3.12/site-packages/airflow/example_dags/example_local_kubernetes_executor.py
[2025-02-06T18:17:09.699+0000] {processor.py:925} INFO - DAG(s) 'example_local_kubernetes_executor' retrieved from /home/airflow/.local/lib/python3.12/site-packages/airflow/example_dags/example_local_kubernetes_executor.py
[2025-02-06T18:17:09.736+0000] {logging_mixin.py:190} INFO - [2025-02-06T18:17:09.736+0000] {dag.py:3239} INFO - Sync 1 DAGs
[2025-02-06T18:17:09.767+0000] {logging_mixin.py:190} INFO - [2025-02-06T18:17:09.767+0000] {dag.py:4180} INFO - Setting next_dagrun for example_local_kubernetes_executor to None, run_after=None
[2025-02-06T18:17:09.804+0000] {processor.py:208} INFO - Processing /home/airflow/.local/lib/python3.12/site-packages/airflow/example_dags/example_local_kubernetes_executor.py took 0.134 seconds
[2025-02-06T18:17:40.052+0000] {processor.py:186} INFO - Started process (PID=282) to work on /home/airflow/.local/lib/python3.12/site-packages/airflow/example_dags/example_local_kubernetes_executor.py
[2025-02-06T18:17:40.054+0000] {processor.py:914} INFO - Processing file /home/airflow/.local/lib/python3.12/site-packages/airflow/example_dags/example_local_kubernetes_executor.py for tasks to queue
[2025-02-06T18:17:40.057+0000] {logging_mixin.py:190} INFO - [2025-02-06T18:17:40.056+0000] {dagbag.py:588} INFO - Filling up the DagBag from /home/airflow/.local/lib/python3.12/site-packages/airflow/example_dags/example_local_kubernetes_executor.py
[2025-02-06T18:17:40.070+0000] {processor.py:925} INFO - DAG(s) 'example_local_kubernetes_executor' retrieved from /home/airflow/.local/lib/python3.12/site-packages/airflow/example_dags/example_local_kubernetes_executor.py
[2025-02-06T18:17:40.100+0000] {logging_mixin.py:190} INFO - [2025-02-06T18:17:40.100+0000] {dag.py:3239} INFO - Sync 1 DAGs
[2025-02-06T18:17:40.120+0000] {logging_mixin.py:190} INFO - [2025-02-06T18:17:40.120+0000] {dag.py:4180} INFO - Setting next_dagrun for example_local_kubernetes_executor to None, run_after=None
[2025-02-06T18:17:40.144+0000] {processor.py:208} INFO - Processing /home/airflow/.local/lib/python3.12/site-packages/airflow/example_dags/example_local_kubernetes_executor.py took 0.099 seconds
[2025-02-06T18:18:10.526+0000] {processor.py:186} INFO - Started process (PID=338) to work on /home/airflow/.local/lib/python3.12/site-packages/airflow/example_dags/example_local_kubernetes_executor.py
[2025-02-06T18:18:10.527+0000] {processor.py:914} INFO - Processing file /home/airflow/.local/lib/python3.12/site-packages/airflow/example_dags/example_local_kubernetes_executor.py for tasks to queue
[2025-02-06T18:18:10.530+0000] {logging_mixin.py:190} INFO - [2025-02-06T18:18:10.530+0000] {dagbag.py:588} INFO - Filling up the DagBag from /home/airflow/.local/lib/python3.12/site-packages/airflow/example_dags/example_local_kubernetes_executor.py
[2025-02-06T18:18:10.543+0000] {processor.py:925} INFO - DAG(s) 'example_local_kubernetes_executor' retrieved from /home/airflow/.local/lib/python3.12/site-packages/airflow/example_dags/example_local_kubernetes_executor.py
[2025-02-06T18:18:10.573+0000] {logging_mixin.py:190} INFO - [2025-02-06T18:18:10.572+0000] {dag.py:3239} INFO - Sync 1 DAGs
[2025-02-06T18:18:10.592+0000] {logging_mixin.py:190} INFO - [2025-02-06T18:18:10.592+0000] {dag.py:4180} INFO - Setting next_dagrun for example_local_kubernetes_executor to None, run_after=None
[2025-02-06T18:18:10.616+0000] {processor.py:208} INFO - Processing /home/airflow/.local/lib/python3.12/site-packages/airflow/example_dags/example_local_kubernetes_executor.py took 0.098 seconds
[2025-02-06T18:18:41.217+0000] {processor.py:186} INFO - Started process (PID=395) to work on /home/airflow/.local/lib/python3.12/site-packages/airflow/example_dags/example_local_kubernetes_executor.py
[2025-02-06T18:18:41.221+0000] {processor.py:914} INFO - Processing file /home/airflow/.local/lib/python3.12/site-packages/airflow/example_dags/example_local_kubernetes_executor.py for tasks to queue
[2025-02-06T18:18:41.234+0000] {logging_mixin.py:190} INFO - [2025-02-06T18:18:41.233+0000] {dagbag.py:588} INFO - Filling up the DagBag from /home/airflow/.local/lib/python3.12/site-packages/airflow/example_dags/example_local_kubernetes_executor.py
[2025-02-06T18:18:41.275+0000] {processor.py:925} INFO - DAG(s) 'example_local_kubernetes_executor' retrieved from /home/airflow/.local/lib/python3.12/site-packages/airflow/example_dags/example_local_kubernetes_executor.py
[2025-02-06T18:18:41.335+0000] {logging_mixin.py:190} INFO - [2025-02-06T18:18:41.335+0000] {dag.py:3239} INFO - Sync 1 DAGs
[2025-02-06T18:18:41.381+0000] {logging_mixin.py:190} INFO - [2025-02-06T18:18:41.380+0000] {dag.py:4180} INFO - Setting next_dagrun for example_local_kubernetes_executor to None, run_after=None
[2025-02-06T18:18:41.446+0000] {processor.py:208} INFO - Processing /home/airflow/.local/lib/python3.12/site-packages/airflow/example_dags/example_local_kubernetes_executor.py took 0.249 seconds
[2025-02-06T18:19:12.295+0000] {processor.py:186} INFO - Started process (PID=452) to work on /home/airflow/.local/lib/python3.12/site-packages/airflow/example_dags/example_local_kubernetes_executor.py
[2025-02-06T18:19:12.296+0000] {processor.py:914} INFO - Processing file /home/airflow/.local/lib/python3.12/site-packages/airflow/example_dags/example_local_kubernetes_executor.py for tasks to queue
[2025-02-06T18:19:12.302+0000] {logging_mixin.py:190} INFO - [2025-02-06T18:19:12.301+0000] {dagbag.py:588} INFO - Filling up the DagBag from /home/airflow/.local/lib/python3.12/site-packages/airflow/example_dags/example_local_kubernetes_executor.py
[2025-02-06T18:19:12.316+0000] {processor.py:925} INFO - DAG(s) 'example_local_kubernetes_executor' retrieved from /home/airflow/.local/lib/python3.12/site-packages/airflow/example_dags/example_local_kubernetes_executor.py
[2025-02-06T18:19:12.346+0000] {logging_mixin.py:190} INFO - [2025-02-06T18:19:12.346+0000] {dag.py:3239} INFO - Sync 1 DAGs
[2025-02-06T18:19:12.371+0000] {logging_mixin.py:190} INFO - [2025-02-06T18:19:12.370+0000] {dag.py:4180} INFO - Setting next_dagrun for example_local_kubernetes_executor to None, run_after=None
[2025-02-06T18:19:12.429+0000] {processor.py:208} INFO - Processing /home/airflow/.local/lib/python3.12/site-packages/airflow/example_dags/example_local_kubernetes_executor.py took 0.145 seconds
[2025-02-06T18:19:42.958+0000] {processor.py:186} INFO - Started process (PID=509) to work on /home/airflow/.local/lib/python3.12/site-packages/airflow/example_dags/example_local_kubernetes_executor.py
[2025-02-06T18:19:42.960+0000] {processor.py:914} INFO - Processing file /home/airflow/.local/lib/python3.12/site-packages/airflow/example_dags/example_local_kubernetes_executor.py for tasks to queue
[2025-02-06T18:19:42.964+0000] {logging_mixin.py:190} INFO - [2025-02-06T18:19:42.963+0000] {dagbag.py:588} INFO - Filling up the DagBag from /home/airflow/.local/lib/python3.12/site-packages/airflow/example_dags/example_local_kubernetes_executor.py
[2025-02-06T18:19:42.985+0000] {processor.py:925} INFO - DAG(s) 'example_local_kubernetes_executor' retrieved from /home/airflow/.local/lib/python3.12/site-packages/airflow/example_dags/example_local_kubernetes_executor.py
[2025-02-06T18:19:43.028+0000] {logging_mixin.py:190} INFO - [2025-02-06T18:19:43.028+0000] {dag.py:3239} INFO - Sync 1 DAGs
[2025-02-06T18:19:43.058+0000] {logging_mixin.py:190} INFO - [2025-02-06T18:19:43.058+0000] {dag.py:4180} INFO - Setting next_dagrun for example_local_kubernetes_executor to None, run_after=None
[2025-02-06T18:19:43.097+0000] {processor.py:208} INFO - Processing /home/airflow/.local/lib/python3.12/site-packages/airflow/example_dags/example_local_kubernetes_executor.py took 0.152 seconds
[2025-02-06T18:20:13.925+0000] {processor.py:186} INFO - Started process (PID=566) to work on /home/airflow/.local/lib/python3.12/site-packages/airflow/example_dags/example_local_kubernetes_executor.py
[2025-02-06T18:20:13.927+0000] {processor.py:914} INFO - Processing file /home/airflow/.local/lib/python3.12/site-packages/airflow/example_dags/example_local_kubernetes_executor.py for tasks to queue
[2025-02-06T18:20:13.930+0000] {logging_mixin.py:190} INFO - [2025-02-06T18:20:13.930+0000] {dagbag.py:588} INFO - Filling up the DagBag from /home/airflow/.local/lib/python3.12/site-packages/airflow/example_dags/example_local_kubernetes_executor.py
[2025-02-06T18:20:13.944+0000] {processor.py:925} INFO - DAG(s) 'example_local_kubernetes_executor' retrieved from /home/airflow/.local/lib/python3.12/site-packages/airflow/example_dags/example_local_kubernetes_executor.py
[2025-02-06T18:20:13.974+0000] {logging_mixin.py:190} INFO - [2025-02-06T18:20:13.974+0000] {dag.py:3239} INFO - Sync 1 DAGs
[2025-02-06T18:20:13.998+0000] {logging_mixin.py:190} INFO - [2025-02-06T18:20:13.998+0000] {dag.py:4180} INFO - Setting next_dagrun for example_local_kubernetes_executor to None, run_after=None
[2025-02-06T18:20:14.035+0000] {processor.py:208} INFO - Processing /home/airflow/.local/lib/python3.12/site-packages/airflow/example_dags/example_local_kubernetes_executor.py took 0.119 seconds
[2025-02-06T18:20:44.512+0000] {processor.py:186} INFO - Started process (PID=623) to work on /home/airflow/.local/lib/python3.12/site-packages/airflow/example_dags/example_local_kubernetes_executor.py
[2025-02-06T18:20:44.514+0000] {processor.py:914} INFO - Processing file /home/airflow/.local/lib/python3.12/site-packages/airflow/example_dags/example_local_kubernetes_executor.py for tasks to queue
[2025-02-06T18:20:44.519+0000] {logging_mixin.py:190} INFO - [2025-02-06T18:20:44.518+0000] {dagbag.py:588} INFO - Filling up the DagBag from /home/airflow/.local/lib/python3.12/site-packages/airflow/example_dags/example_local_kubernetes_executor.py
[2025-02-06T18:20:44.536+0000] {processor.py:925} INFO - DAG(s) 'example_local_kubernetes_executor' retrieved from /home/airflow/.local/lib/python3.12/site-packages/airflow/example_dags/example_local_kubernetes_executor.py
[2025-02-06T18:20:44.576+0000] {logging_mixin.py:190} INFO - [2025-02-06T18:20:44.575+0000] {dag.py:3239} INFO - Sync 1 DAGs
[2025-02-06T18:20:44.608+0000] {logging_mixin.py:190} INFO - [2025-02-06T18:20:44.608+0000] {dag.py:4180} INFO - Setting next_dagrun for example_local_kubernetes_executor to None, run_after=None
[2025-02-06T18:20:44.636+0000] {processor.py:208} INFO - Processing /home/airflow/.local/lib/python3.12/site-packages/airflow/example_dags/example_local_kubernetes_executor.py took 0.134 seconds
[2025-02-06T18:21:15.116+0000] {processor.py:186} INFO - Started process (PID=680) to work on /home/airflow/.local/lib/python3.12/site-packages/airflow/example_dags/example_local_kubernetes_executor.py
[2025-02-06T18:21:15.118+0000] {processor.py:914} INFO - Processing file /home/airflow/.local/lib/python3.12/site-packages/airflow/example_dags/example_local_kubernetes_executor.py for tasks to queue
[2025-02-06T18:21:15.121+0000] {logging_mixin.py:190} INFO - [2025-02-06T18:21:15.121+0000] {dagbag.py:588} INFO - Filling up the DagBag from /home/airflow/.local/lib/python3.12/site-packages/airflow/example_dags/example_local_kubernetes_executor.py
[2025-02-06T18:21:15.133+0000] {processor.py:925} INFO - DAG(s) 'example_local_kubernetes_executor' retrieved from /home/airflow/.local/lib/python3.12/site-packages/airflow/example_dags/example_local_kubernetes_executor.py
[2025-02-06T18:21:15.167+0000] {logging_mixin.py:190} INFO - [2025-02-06T18:21:15.167+0000] {dag.py:3239} INFO - Sync 1 DAGs
[2025-02-06T18:21:15.192+0000] {logging_mixin.py:190} INFO - [2025-02-06T18:21:15.192+0000] {dag.py:4180} INFO - Setting next_dagrun for example_local_kubernetes_executor to None, run_after=None
[2025-02-06T18:21:15.229+0000] {processor.py:208} INFO - Processing /home/airflow/.local/lib/python3.12/site-packages/airflow/example_dags/example_local_kubernetes_executor.py took 0.121 seconds
[2025-02-06T18:21:45.764+0000] {processor.py:186} INFO - Started process (PID=737) to work on /home/airflow/.local/lib/python3.12/site-packages/airflow/example_dags/example_local_kubernetes_executor.py
[2025-02-06T18:21:45.766+0000] {processor.py:914} INFO - Processing file /home/airflow/.local/lib/python3.12/site-packages/airflow/example_dags/example_local_kubernetes_executor.py for tasks to queue
[2025-02-06T18:21:45.769+0000] {logging_mixin.py:190} INFO - [2025-02-06T18:21:45.768+0000] {dagbag.py:588} INFO - Filling up the DagBag from /home/airflow/.local/lib/python3.12/site-packages/airflow/example_dags/example_local_kubernetes_executor.py
[2025-02-06T18:21:45.782+0000] {processor.py:925} INFO - DAG(s) 'example_local_kubernetes_executor' retrieved from /home/airflow/.local/lib/python3.12/site-packages/airflow/example_dags/example_local_kubernetes_executor.py
[2025-02-06T18:21:45.811+0000] {logging_mixin.py:190} INFO - [2025-02-06T18:21:45.810+0000] {dag.py:3239} INFO - Sync 1 DAGs
[2025-02-06T18:21:45.829+0000] {logging_mixin.py:190} INFO - [2025-02-06T18:21:45.829+0000] {dag.py:4180} INFO - Setting next_dagrun for example_local_kubernetes_executor to None, run_after=None
[2025-02-06T18:21:45.863+0000] {processor.py:208} INFO - Processing /home/airflow/.local/lib/python3.12/site-packages/airflow/example_dags/example_local_kubernetes_executor.py took 0.106 seconds
[2025-02-06T18:22:16.033+0000] {processor.py:186} INFO - Started process (PID=794) to work on /home/airflow/.local/lib/python3.12/site-packages/airflow/example_dags/example_local_kubernetes_executor.py
[2025-02-06T18:22:16.040+0000] {processor.py:914} INFO - Processing file /home/airflow/.local/lib/python3.12/site-packages/airflow/example_dags/example_local_kubernetes_executor.py for tasks to queue
[2025-02-06T18:22:16.045+0000] {logging_mixin.py:190} INFO - [2025-02-06T18:22:16.044+0000] {dagbag.py:588} INFO - Filling up the DagBag from /home/airflow/.local/lib/python3.12/site-packages/airflow/example_dags/example_local_kubernetes_executor.py
[2025-02-06T18:22:16.070+0000] {processor.py:925} INFO - DAG(s) 'example_local_kubernetes_executor' retrieved from /home/airflow/.local/lib/python3.12/site-packages/airflow/example_dags/example_local_kubernetes_executor.py
[2025-02-06T18:22:16.116+0000] {logging_mixin.py:190} INFO - [2025-02-06T18:22:16.115+0000] {dag.py:3239} INFO - Sync 1 DAGs
[2025-02-06T18:22:16.156+0000] {logging_mixin.py:190} INFO - [2025-02-06T18:22:16.156+0000] {dag.py:4180} INFO - Setting next_dagrun for example_local_kubernetes_executor to None, run_after=None
[2025-02-06T18:22:16.227+0000] {processor.py:208} INFO - Processing /home/airflow/.local/lib/python3.12/site-packages/airflow/example_dags/example_local_kubernetes_executor.py took 0.208 seconds
[2025-02-06T18:22:47.202+0000] {processor.py:186} INFO - Started process (PID=851) to work on /home/airflow/.local/lib/python3.12/site-packages/airflow/example_dags/example_local_kubernetes_executor.py
[2025-02-06T18:22:47.204+0000] {processor.py:914} INFO - Processing file /home/airflow/.local/lib/python3.12/site-packages/airflow/example_dags/example_local_kubernetes_executor.py for tasks to queue
[2025-02-06T18:22:47.209+0000] {logging_mixin.py:190} INFO - [2025-02-06T18:22:47.208+0000] {dagbag.py:588} INFO - Filling up the DagBag from /home/airflow/.local/lib/python3.12/site-packages/airflow/example_dags/example_local_kubernetes_executor.py
[2025-02-06T18:22:47.226+0000] {processor.py:925} INFO - DAG(s) 'example_local_kubernetes_executor' retrieved from /home/airflow/.local/lib/python3.12/site-packages/airflow/example_dags/example_local_kubernetes_executor.py
[2025-02-06T18:22:47.280+0000] {logging_mixin.py:190} INFO - [2025-02-06T18:22:47.279+0000] {dag.py:3239} INFO - Sync 1 DAGs
[2025-02-06T18:22:47.320+0000] {logging_mixin.py:190} INFO - [2025-02-06T18:22:47.319+0000] {dag.py:4180} INFO - Setting next_dagrun for example_local_kubernetes_executor to None, run_after=None
[2025-02-06T18:22:47.362+0000] {processor.py:208} INFO - Processing /home/airflow/.local/lib/python3.12/site-packages/airflow/example_dags/example_local_kubernetes_executor.py took 0.172 seconds
[2025-02-06T18:23:17.554+0000] {processor.py:186} INFO - Started process (PID=908) to work on /home/airflow/.local/lib/python3.12/site-packages/airflow/example_dags/example_local_kubernetes_executor.py
[2025-02-06T18:23:17.555+0000] {processor.py:914} INFO - Processing file /home/airflow/.local/lib/python3.12/site-packages/airflow/example_dags/example_local_kubernetes_executor.py for tasks to queue
[2025-02-06T18:23:17.558+0000] {logging_mixin.py:190} INFO - [2025-02-06T18:23:17.558+0000] {dagbag.py:588} INFO - Filling up the DagBag from /home/airflow/.local/lib/python3.12/site-packages/airflow/example_dags/example_local_kubernetes_executor.py
[2025-02-06T18:23:17.573+0000] {processor.py:925} INFO - DAG(s) 'example_local_kubernetes_executor' retrieved from /home/airflow/.local/lib/python3.12/site-packages/airflow/example_dags/example_local_kubernetes_executor.py
[2025-02-06T18:23:17.605+0000] {logging_mixin.py:190} INFO - [2025-02-06T18:23:17.605+0000] {dag.py:3239} INFO - Sync 1 DAGs
[2025-02-06T18:23:17.627+0000] {logging_mixin.py:190} INFO - [2025-02-06T18:23:17.626+0000] {dag.py:4180} INFO - Setting next_dagrun for example_local_kubernetes_executor to None, run_after=None
[2025-02-06T18:23:17.653+0000] {processor.py:208} INFO - Processing /home/airflow/.local/lib/python3.12/site-packages/airflow/example_dags/example_local_kubernetes_executor.py took 0.109 seconds
[2025-02-06T18:23:48.730+0000] {processor.py:186} INFO - Started process (PID=965) to work on /home/airflow/.local/lib/python3.12/site-packages/airflow/example_dags/example_local_kubernetes_executor.py
[2025-02-06T18:23:48.732+0000] {processor.py:914} INFO - Processing file /home/airflow/.local/lib/python3.12/site-packages/airflow/example_dags/example_local_kubernetes_executor.py for tasks to queue
[2025-02-06T18:23:48.738+0000] {logging_mixin.py:190} INFO - [2025-02-06T18:23:48.737+0000] {dagbag.py:588} INFO - Filling up the DagBag from /home/airflow/.local/lib/python3.12/site-packages/airflow/example_dags/example_local_kubernetes_executor.py
[2025-02-06T18:23:48.754+0000] {processor.py:925} INFO - DAG(s) 'example_local_kubernetes_executor' retrieved from /home/airflow/.local/lib/python3.12/site-packages/airflow/example_dags/example_local_kubernetes_executor.py
[2025-02-06T18:23:48.787+0000] {logging_mixin.py:190} INFO - [2025-02-06T18:23:48.787+0000] {dag.py:3239} INFO - Sync 1 DAGs
[2025-02-06T18:23:48.813+0000] {logging_mixin.py:190} INFO - [2025-02-06T18:23:48.813+0000] {dag.py:4180} INFO - Setting next_dagrun for example_local_kubernetes_executor to None, run_after=None
[2025-02-06T18:23:48.843+0000] {processor.py:208} INFO - Processing /home/airflow/.local/lib/python3.12/site-packages/airflow/example_dags/example_local_kubernetes_executor.py took 0.123 seconds
[2025-02-06T18:24:19.525+0000] {processor.py:186} INFO - Started process (PID=1022) to work on /home/airflow/.local/lib/python3.12/site-packages/airflow/example_dags/example_local_kubernetes_executor.py
[2025-02-06T18:24:19.526+0000] {processor.py:914} INFO - Processing file /home/airflow/.local/lib/python3.12/site-packages/airflow/example_dags/example_local_kubernetes_executor.py for tasks to queue
[2025-02-06T18:24:19.531+0000] {logging_mixin.py:190} INFO - [2025-02-06T18:24:19.530+0000] {dagbag.py:588} INFO - Filling up the DagBag from /home/airflow/.local/lib/python3.12/site-packages/airflow/example_dags/example_local_kubernetes_executor.py
[2025-02-06T18:24:19.544+0000] {processor.py:925} INFO - DAG(s) 'example_local_kubernetes_executor' retrieved from /home/airflow/.local/lib/python3.12/site-packages/airflow/example_dags/example_local_kubernetes_executor.py
[2025-02-06T18:24:19.571+0000] {logging_mixin.py:190} INFO - [2025-02-06T18:24:19.571+0000] {dag.py:3239} INFO - Sync 1 DAGs
[2025-02-06T18:24:19.591+0000] {logging_mixin.py:190} INFO - [2025-02-06T18:24:19.590+0000] {dag.py:4180} INFO - Setting next_dagrun for example_local_kubernetes_executor to None, run_after=None
[2025-02-06T18:24:19.620+0000] {processor.py:208} INFO - Processing /home/airflow/.local/lib/python3.12/site-packages/airflow/example_dags/example_local_kubernetes_executor.py took 0.105 seconds
[2025-02-06T18:24:49.786+0000] {processor.py:186} INFO - Started process (PID=1079) to work on /home/airflow/.local/lib/python3.12/site-packages/airflow/example_dags/example_local_kubernetes_executor.py
[2025-02-06T18:24:49.787+0000] {processor.py:914} INFO - Processing file /home/airflow/.local/lib/python3.12/site-packages/airflow/example_dags/example_local_kubernetes_executor.py for tasks to queue
[2025-02-06T18:24:49.791+0000] {logging_mixin.py:190} INFO - [2025-02-06T18:24:49.790+0000] {dagbag.py:588} INFO - Filling up the DagBag from /home/airflow/.local/lib/python3.12/site-packages/airflow/example_dags/example_local_kubernetes_executor.py
[2025-02-06T18:24:49.808+0000] {processor.py:925} INFO - DAG(s) 'example_local_kubernetes_executor' retrieved from /home/airflow/.local/lib/python3.12/site-packages/airflow/example_dags/example_local_kubernetes_executor.py
[2025-02-06T18:24:49.845+0000] {logging_mixin.py:190} INFO - [2025-02-06T18:24:49.845+0000] {dag.py:3239} INFO - Sync 1 DAGs
[2025-02-06T18:24:49.887+0000] {logging_mixin.py:190} INFO - [2025-02-06T18:24:49.886+0000] {dag.py:4180} INFO - Setting next_dagrun for example_local_kubernetes_executor to None, run_after=None
[2025-02-06T18:24:49.915+0000] {processor.py:208} INFO - Processing /home/airflow/.local/lib/python3.12/site-packages/airflow/example_dags/example_local_kubernetes_executor.py took 0.139 seconds
[2025-02-06T18:25:20.218+0000] {processor.py:186} INFO - Started process (PID=1136) to work on /home/airflow/.local/lib/python3.12/site-packages/airflow/example_dags/example_local_kubernetes_executor.py
[2025-02-06T18:25:20.221+0000] {processor.py:914} INFO - Processing file /home/airflow/.local/lib/python3.12/site-packages/airflow/example_dags/example_local_kubernetes_executor.py for tasks to queue
[2025-02-06T18:25:20.226+0000] {logging_mixin.py:190} INFO - [2025-02-06T18:25:20.225+0000] {dagbag.py:588} INFO - Filling up the DagBag from /home/airflow/.local/lib/python3.12/site-packages/airflow/example_dags/example_local_kubernetes_executor.py
[2025-02-06T18:25:20.251+0000] {processor.py:925} INFO - DAG(s) 'example_local_kubernetes_executor' retrieved from /home/airflow/.local/lib/python3.12/site-packages/airflow/example_dags/example_local_kubernetes_executor.py
[2025-02-06T18:25:20.287+0000] {logging_mixin.py:190} INFO - [2025-02-06T18:25:20.285+0000] {dag.py:3239} INFO - Sync 1 DAGs
[2025-02-06T18:25:20.318+0000] {logging_mixin.py:190} INFO - [2025-02-06T18:25:20.318+0000] {dag.py:4180} INFO - Setting next_dagrun for example_local_kubernetes_executor to None, run_after=None
[2025-02-06T18:25:20.362+0000] {processor.py:208} INFO - Processing /home/airflow/.local/lib/python3.12/site-packages/airflow/example_dags/example_local_kubernetes_executor.py took 0.158 seconds
[2025-02-06T18:25:51.054+0000] {processor.py:186} INFO - Started process (PID=1193) to work on /home/airflow/.local/lib/python3.12/site-packages/airflow/example_dags/example_local_kubernetes_executor.py
[2025-02-06T18:25:51.056+0000] {processor.py:914} INFO - Processing file /home/airflow/.local/lib/python3.12/site-packages/airflow/example_dags/example_local_kubernetes_executor.py for tasks to queue
[2025-02-06T18:25:51.062+0000] {logging_mixin.py:190} INFO - [2025-02-06T18:25:51.061+0000] {dagbag.py:588} INFO - Filling up the DagBag from /home/airflow/.local/lib/python3.12/site-packages/airflow/example_dags/example_local_kubernetes_executor.py
[2025-02-06T18:25:51.082+0000] {processor.py:925} INFO - DAG(s) 'example_local_kubernetes_executor' retrieved from /home/airflow/.local/lib/python3.12/site-packages/airflow/example_dags/example_local_kubernetes_executor.py
[2025-02-06T18:25:51.127+0000] {logging_mixin.py:190} INFO - [2025-02-06T18:25:51.126+0000] {dag.py:3239} INFO - Sync 1 DAGs
[2025-02-06T18:25:51.174+0000] {logging_mixin.py:190} INFO - [2025-02-06T18:25:51.174+0000] {dag.py:4180} INFO - Setting next_dagrun for example_local_kubernetes_executor to None, run_after=None
[2025-02-06T18:25:51.216+0000] {processor.py:208} INFO - Processing /home/airflow/.local/lib/python3.12/site-packages/airflow/example_dags/example_local_kubernetes_executor.py took 0.177 seconds
[2025-02-06T18:26:21.475+0000] {processor.py:186} INFO - Started process (PID=1250) to work on /home/airflow/.local/lib/python3.12/site-packages/airflow/example_dags/example_local_kubernetes_executor.py
[2025-02-06T18:26:21.476+0000] {processor.py:914} INFO - Processing file /home/airflow/.local/lib/python3.12/site-packages/airflow/example_dags/example_local_kubernetes_executor.py for tasks to queue
[2025-02-06T18:26:21.479+0000] {logging_mixin.py:190} INFO - [2025-02-06T18:26:21.479+0000] {dagbag.py:588} INFO - Filling up the DagBag from /home/airflow/.local/lib/python3.12/site-packages/airflow/example_dags/example_local_kubernetes_executor.py
[2025-02-06T18:26:21.493+0000] {processor.py:925} INFO - DAG(s) 'example_local_kubernetes_executor' retrieved from /home/airflow/.local/lib/python3.12/site-packages/airflow/example_dags/example_local_kubernetes_executor.py
[2025-02-06T18:26:21.527+0000] {logging_mixin.py:190} INFO - [2025-02-06T18:26:21.527+0000] {dag.py:3239} INFO - Sync 1 DAGs
[2025-02-06T18:26:21.550+0000] {logging_mixin.py:190} INFO - [2025-02-06T18:26:21.550+0000] {dag.py:4180} INFO - Setting next_dagrun for example_local_kubernetes_executor to None, run_after=None
[2025-02-06T18:26:21.606+0000] {processor.py:208} INFO - Processing /home/airflow/.local/lib/python3.12/site-packages/airflow/example_dags/example_local_kubernetes_executor.py took 0.140 seconds
[2025-02-06T18:26:52.012+0000] {processor.py:186} INFO - Started process (PID=1307) to work on /home/airflow/.local/lib/python3.12/site-packages/airflow/example_dags/example_local_kubernetes_executor.py
[2025-02-06T18:26:52.013+0000] {processor.py:914} INFO - Processing file /home/airflow/.local/lib/python3.12/site-packages/airflow/example_dags/example_local_kubernetes_executor.py for tasks to queue
[2025-02-06T18:26:52.017+0000] {logging_mixin.py:190} INFO - [2025-02-06T18:26:52.016+0000] {dagbag.py:588} INFO - Filling up the DagBag from /home/airflow/.local/lib/python3.12/site-packages/airflow/example_dags/example_local_kubernetes_executor.py
[2025-02-06T18:26:52.035+0000] {processor.py:925} INFO - DAG(s) 'example_local_kubernetes_executor' retrieved from /home/airflow/.local/lib/python3.12/site-packages/airflow/example_dags/example_local_kubernetes_executor.py
[2025-02-06T18:26:52.071+0000] {logging_mixin.py:190} INFO - [2025-02-06T18:26:52.071+0000] {dag.py:3239} INFO - Sync 1 DAGs
[2025-02-06T18:26:52.099+0000] {logging_mixin.py:190} INFO - [2025-02-06T18:26:52.098+0000] {dag.py:4180} INFO - Setting next_dagrun for example_local_kubernetes_executor to None, run_after=None
[2025-02-06T18:26:52.130+0000] {processor.py:208} INFO - Processing /home/airflow/.local/lib/python3.12/site-packages/airflow/example_dags/example_local_kubernetes_executor.py took 0.131 seconds
[2025-02-06T18:27:22.323+0000] {processor.py:186} INFO - Started process (PID=1364) to work on /home/airflow/.local/lib/python3.12/site-packages/airflow/example_dags/example_local_kubernetes_executor.py
[2025-02-06T18:27:22.325+0000] {processor.py:914} INFO - Processing file /home/airflow/.local/lib/python3.12/site-packages/airflow/example_dags/example_local_kubernetes_executor.py for tasks to queue
[2025-02-06T18:27:22.333+0000] {logging_mixin.py:190} INFO - [2025-02-06T18:27:22.331+0000] {dagbag.py:588} INFO - Filling up the DagBag from /home/airflow/.local/lib/python3.12/site-packages/airflow/example_dags/example_local_kubernetes_executor.py
[2025-02-06T18:27:22.365+0000] {processor.py:925} INFO - DAG(s) 'example_local_kubernetes_executor' retrieved from /home/airflow/.local/lib/python3.12/site-packages/airflow/example_dags/example_local_kubernetes_executor.py
[2025-02-06T18:27:22.421+0000] {logging_mixin.py:190} INFO - [2025-02-06T18:27:22.420+0000] {dag.py:3239} INFO - Sync 1 DAGs
[2025-02-06T18:27:22.458+0000] {logging_mixin.py:190} INFO - [2025-02-06T18:27:22.457+0000] {dag.py:4180} INFO - Setting next_dagrun for example_local_kubernetes_executor to None, run_after=None
[2025-02-06T18:27:22.529+0000] {processor.py:208} INFO - Processing /home/airflow/.local/lib/python3.12/site-packages/airflow/example_dags/example_local_kubernetes_executor.py took 0.220 seconds
[2025-02-06T18:27:52.767+0000] {processor.py:186} INFO - Started process (PID=1420) to work on /home/airflow/.local/lib/python3.12/site-packages/airflow/example_dags/example_local_kubernetes_executor.py
[2025-02-06T18:27:52.771+0000] {processor.py:914} INFO - Processing file /home/airflow/.local/lib/python3.12/site-packages/airflow/example_dags/example_local_kubernetes_executor.py for tasks to queue
[2025-02-06T18:27:52.781+0000] {logging_mixin.py:190} INFO - [2025-02-06T18:27:52.780+0000] {dagbag.py:588} INFO - Filling up the DagBag from /home/airflow/.local/lib/python3.12/site-packages/airflow/example_dags/example_local_kubernetes_executor.py
[2025-02-06T18:27:52.823+0000] {processor.py:925} INFO - DAG(s) 'example_local_kubernetes_executor' retrieved from /home/airflow/.local/lib/python3.12/site-packages/airflow/example_dags/example_local_kubernetes_executor.py
[2025-02-06T18:27:52.862+0000] {logging_mixin.py:190} INFO - [2025-02-06T18:27:52.862+0000] {dag.py:3239} INFO - Sync 1 DAGs
[2025-02-06T18:27:52.903+0000] {logging_mixin.py:190} INFO - [2025-02-06T18:27:52.902+0000] {dag.py:4180} INFO - Setting next_dagrun for example_local_kubernetes_executor to None, run_after=None
[2025-02-06T18:27:52.952+0000] {processor.py:208} INFO - Processing /home/airflow/.local/lib/python3.12/site-packages/airflow/example_dags/example_local_kubernetes_executor.py took 0.202 seconds
[2025-02-06T18:28:24.237+0000] {processor.py:186} INFO - Started process (PID=1478) to work on /home/airflow/.local/lib/python3.12/site-packages/airflow/example_dags/example_local_kubernetes_executor.py
[2025-02-06T18:28:24.241+0000] {processor.py:914} INFO - Processing file /home/airflow/.local/lib/python3.12/site-packages/airflow/example_dags/example_local_kubernetes_executor.py for tasks to queue
[2025-02-06T18:28:24.252+0000] {logging_mixin.py:190} INFO - [2025-02-06T18:28:24.250+0000] {dagbag.py:588} INFO - Filling up the DagBag from /home/airflow/.local/lib/python3.12/site-packages/airflow/example_dags/example_local_kubernetes_executor.py
[2025-02-06T18:28:24.286+0000] {processor.py:925} INFO - DAG(s) 'example_local_kubernetes_executor' retrieved from /home/airflow/.local/lib/python3.12/site-packages/airflow/example_dags/example_local_kubernetes_executor.py
[2025-02-06T18:28:24.346+0000] {logging_mixin.py:190} INFO - [2025-02-06T18:28:24.345+0000] {dag.py:3239} INFO - Sync 1 DAGs
[2025-02-06T18:28:24.396+0000] {logging_mixin.py:190} INFO - [2025-02-06T18:28:24.396+0000] {dag.py:4180} INFO - Setting next_dagrun for example_local_kubernetes_executor to None, run_after=None
[2025-02-06T18:28:24.442+0000] {processor.py:208} INFO - Processing /home/airflow/.local/lib/python3.12/site-packages/airflow/example_dags/example_local_kubernetes_executor.py took 0.223 seconds
[2025-02-06T18:28:55.225+0000] {processor.py:186} INFO - Started process (PID=1533) to work on /home/airflow/.local/lib/python3.12/site-packages/airflow/example_dags/example_local_kubernetes_executor.py
[2025-02-06T18:28:55.228+0000] {processor.py:914} INFO - Processing file /home/airflow/.local/lib/python3.12/site-packages/airflow/example_dags/example_local_kubernetes_executor.py for tasks to queue
[2025-02-06T18:28:55.233+0000] {logging_mixin.py:190} INFO - [2025-02-06T18:28:55.232+0000] {dagbag.py:588} INFO - Filling up the DagBag from /home/airflow/.local/lib/python3.12/site-packages/airflow/example_dags/example_local_kubernetes_executor.py
[2025-02-06T18:28:55.257+0000] {processor.py:925} INFO - DAG(s) 'example_local_kubernetes_executor' retrieved from /home/airflow/.local/lib/python3.12/site-packages/airflow/example_dags/example_local_kubernetes_executor.py
[2025-02-06T18:28:55.319+0000] {logging_mixin.py:190} INFO - [2025-02-06T18:28:55.319+0000] {dag.py:3239} INFO - Sync 1 DAGs
[2025-02-06T18:28:55.372+0000] {logging_mixin.py:190} INFO - [2025-02-06T18:28:55.372+0000] {dag.py:4180} INFO - Setting next_dagrun for example_local_kubernetes_executor to None, run_after=None
[2025-02-06T18:28:55.430+0000] {processor.py:208} INFO - Processing /home/airflow/.local/lib/python3.12/site-packages/airflow/example_dags/example_local_kubernetes_executor.py took 0.226 seconds
[2025-02-06T18:29:27.016+0000] {processor.py:186} INFO - Started process (PID=1590) to work on /home/airflow/.local/lib/python3.12/site-packages/airflow/example_dags/example_local_kubernetes_executor.py
[2025-02-06T18:29:27.019+0000] {processor.py:914} INFO - Processing file /home/airflow/.local/lib/python3.12/site-packages/airflow/example_dags/example_local_kubernetes_executor.py for tasks to queue
[2025-02-06T18:29:27.023+0000] {logging_mixin.py:190} INFO - [2025-02-06T18:29:27.022+0000] {dagbag.py:588} INFO - Filling up the DagBag from /home/airflow/.local/lib/python3.12/site-packages/airflow/example_dags/example_local_kubernetes_executor.py
[2025-02-06T18:29:27.043+0000] {processor.py:925} INFO - DAG(s) 'example_local_kubernetes_executor' retrieved from /home/airflow/.local/lib/python3.12/site-packages/airflow/example_dags/example_local_kubernetes_executor.py
[2025-02-06T18:29:27.081+0000] {logging_mixin.py:190} INFO - [2025-02-06T18:29:27.081+0000] {dag.py:3239} INFO - Sync 1 DAGs
[2025-02-06T18:29:27.117+0000] {logging_mixin.py:190} INFO - [2025-02-06T18:29:27.116+0000] {dag.py:4180} INFO - Setting next_dagrun for example_local_kubernetes_executor to None, run_after=None
[2025-02-06T18:29:27.152+0000] {processor.py:208} INFO - Processing /home/airflow/.local/lib/python3.12/site-packages/airflow/example_dags/example_local_kubernetes_executor.py took 0.148 seconds
[2025-02-06T18:29:59.095+0000] {processor.py:186} INFO - Started process (PID=1647) to work on /home/airflow/.local/lib/python3.12/site-packages/airflow/example_dags/example_local_kubernetes_executor.py
[2025-02-06T18:29:59.096+0000] {processor.py:914} INFO - Processing file /home/airflow/.local/lib/python3.12/site-packages/airflow/example_dags/example_local_kubernetes_executor.py for tasks to queue
[2025-02-06T18:29:59.100+0000] {logging_mixin.py:190} INFO - [2025-02-06T18:29:59.099+0000] {dagbag.py:588} INFO - Filling up the DagBag from /home/airflow/.local/lib/python3.12/site-packages/airflow/example_dags/example_local_kubernetes_executor.py
[2025-02-06T18:29:59.117+0000] {processor.py:925} INFO - DAG(s) 'example_local_kubernetes_executor' retrieved from /home/airflow/.local/lib/python3.12/site-packages/airflow/example_dags/example_local_kubernetes_executor.py
[2025-02-06T18:29:59.147+0000] {logging_mixin.py:190} INFO - [2025-02-06T18:29:59.147+0000] {dag.py:3239} INFO - Sync 1 DAGs
[2025-02-06T18:29:59.168+0000] {logging_mixin.py:190} INFO - [2025-02-06T18:29:59.168+0000] {dag.py:4180} INFO - Setting next_dagrun for example_local_kubernetes_executor to None, run_after=None
[2025-02-06T18:29:59.193+0000] {processor.py:208} INFO - Processing /home/airflow/.local/lib/python3.12/site-packages/airflow/example_dags/example_local_kubernetes_executor.py took 0.111 seconds
[2025-02-06T18:30:30.785+0000] {processor.py:186} INFO - Started process (PID=1704) to work on /home/airflow/.local/lib/python3.12/site-packages/airflow/example_dags/example_local_kubernetes_executor.py
[2025-02-06T18:30:30.787+0000] {processor.py:914} INFO - Processing file /home/airflow/.local/lib/python3.12/site-packages/airflow/example_dags/example_local_kubernetes_executor.py for tasks to queue
[2025-02-06T18:30:30.793+0000] {logging_mixin.py:190} INFO - [2025-02-06T18:30:30.792+0000] {dagbag.py:588} INFO - Filling up the DagBag from /home/airflow/.local/lib/python3.12/site-packages/airflow/example_dags/example_local_kubernetes_executor.py
[2025-02-06T18:30:30.813+0000] {processor.py:925} INFO - DAG(s) 'example_local_kubernetes_executor' retrieved from /home/airflow/.local/lib/python3.12/site-packages/airflow/example_dags/example_local_kubernetes_executor.py
[2025-02-06T18:30:30.846+0000] {logging_mixin.py:190} INFO - [2025-02-06T18:30:30.846+0000] {dag.py:3239} INFO - Sync 1 DAGs
[2025-02-06T18:30:30.869+0000] {logging_mixin.py:190} INFO - [2025-02-06T18:30:30.868+0000] {dag.py:4180} INFO - Setting next_dagrun for example_local_kubernetes_executor to None, run_after=None
[2025-02-06T18:30:30.895+0000] {processor.py:208} INFO - Processing /home/airflow/.local/lib/python3.12/site-packages/airflow/example_dags/example_local_kubernetes_executor.py took 0.119 seconds
[2025-02-06T18:31:02.507+0000] {processor.py:186} INFO - Started process (PID=1761) to work on /home/airflow/.local/lib/python3.12/site-packages/airflow/example_dags/example_local_kubernetes_executor.py
[2025-02-06T18:31:02.509+0000] {processor.py:914} INFO - Processing file /home/airflow/.local/lib/python3.12/site-packages/airflow/example_dags/example_local_kubernetes_executor.py for tasks to queue
[2025-02-06T18:31:02.513+0000] {logging_mixin.py:190} INFO - [2025-02-06T18:31:02.512+0000] {dagbag.py:588} INFO - Filling up the DagBag from /home/airflow/.local/lib/python3.12/site-packages/airflow/example_dags/example_local_kubernetes_executor.py
[2025-02-06T18:31:02.531+0000] {processor.py:925} INFO - DAG(s) 'example_local_kubernetes_executor' retrieved from /home/airflow/.local/lib/python3.12/site-packages/airflow/example_dags/example_local_kubernetes_executor.py
[2025-02-06T18:31:02.566+0000] {logging_mixin.py:190} INFO - [2025-02-06T18:31:02.565+0000] {dag.py:3239} INFO - Sync 1 DAGs
[2025-02-06T18:31:02.588+0000] {logging_mixin.py:190} INFO - [2025-02-06T18:31:02.587+0000] {dag.py:4180} INFO - Setting next_dagrun for example_local_kubernetes_executor to None, run_after=None
[2025-02-06T18:31:02.622+0000] {processor.py:208} INFO - Processing /home/airflow/.local/lib/python3.12/site-packages/airflow/example_dags/example_local_kubernetes_executor.py took 0.124 seconds
[2025-02-06T18:31:34.895+0000] {processor.py:186} INFO - Started process (PID=1818) to work on /home/airflow/.local/lib/python3.12/site-packages/airflow/example_dags/example_local_kubernetes_executor.py
[2025-02-06T18:31:34.897+0000] {processor.py:914} INFO - Processing file /home/airflow/.local/lib/python3.12/site-packages/airflow/example_dags/example_local_kubernetes_executor.py for tasks to queue
[2025-02-06T18:31:34.902+0000] {logging_mixin.py:190} INFO - [2025-02-06T18:31:34.902+0000] {dagbag.py:588} INFO - Filling up the DagBag from /home/airflow/.local/lib/python3.12/site-packages/airflow/example_dags/example_local_kubernetes_executor.py
[2025-02-06T18:31:34.931+0000] {processor.py:925} INFO - DAG(s) 'example_local_kubernetes_executor' retrieved from /home/airflow/.local/lib/python3.12/site-packages/airflow/example_dags/example_local_kubernetes_executor.py
[2025-02-06T18:31:34.975+0000] {logging_mixin.py:190} INFO - [2025-02-06T18:31:34.974+0000] {dag.py:3239} INFO - Sync 1 DAGs
[2025-02-06T18:31:35.015+0000] {logging_mixin.py:190} INFO - [2025-02-06T18:31:35.015+0000] {dag.py:4180} INFO - Setting next_dagrun for example_local_kubernetes_executor to None, run_after=None
[2025-02-06T18:31:35.064+0000] {processor.py:208} INFO - Processing /home/airflow/.local/lib/python3.12/site-packages/airflow/example_dags/example_local_kubernetes_executor.py took 0.183 seconds
[2025-02-06T18:32:06.415+0000] {processor.py:186} INFO - Started process (PID=1875) to work on /home/airflow/.local/lib/python3.12/site-packages/airflow/example_dags/example_local_kubernetes_executor.py
[2025-02-06T18:32:06.417+0000] {processor.py:914} INFO - Processing file /home/airflow/.local/lib/python3.12/site-packages/airflow/example_dags/example_local_kubernetes_executor.py for tasks to queue
[2025-02-06T18:32:06.420+0000] {logging_mixin.py:190} INFO - [2025-02-06T18:32:06.420+0000] {dagbag.py:588} INFO - Filling up the DagBag from /home/airflow/.local/lib/python3.12/site-packages/airflow/example_dags/example_local_kubernetes_executor.py
[2025-02-06T18:32:06.433+0000] {processor.py:925} INFO - DAG(s) 'example_local_kubernetes_executor' retrieved from /home/airflow/.local/lib/python3.12/site-packages/airflow/example_dags/example_local_kubernetes_executor.py
[2025-02-06T18:32:06.458+0000] {logging_mixin.py:190} INFO - [2025-02-06T18:32:06.458+0000] {dag.py:3239} INFO - Sync 1 DAGs
[2025-02-06T18:32:06.489+0000] {logging_mixin.py:190} INFO - [2025-02-06T18:32:06.489+0000] {dag.py:4180} INFO - Setting next_dagrun for example_local_kubernetes_executor to None, run_after=None
[2025-02-06T18:32:06.531+0000] {processor.py:208} INFO - Processing /home/airflow/.local/lib/python3.12/site-packages/airflow/example_dags/example_local_kubernetes_executor.py took 0.124 seconds
[2025-02-06T18:32:37.474+0000] {processor.py:186} INFO - Started process (PID=1932) to work on /home/airflow/.local/lib/python3.12/site-packages/airflow/example_dags/example_local_kubernetes_executor.py
[2025-02-06T18:32:37.476+0000] {processor.py:914} INFO - Processing file /home/airflow/.local/lib/python3.12/site-packages/airflow/example_dags/example_local_kubernetes_executor.py for tasks to queue
[2025-02-06T18:32:37.482+0000] {logging_mixin.py:190} INFO - [2025-02-06T18:32:37.481+0000] {dagbag.py:588} INFO - Filling up the DagBag from /home/airflow/.local/lib/python3.12/site-packages/airflow/example_dags/example_local_kubernetes_executor.py
[2025-02-06T18:32:37.503+0000] {processor.py:925} INFO - DAG(s) 'example_local_kubernetes_executor' retrieved from /home/airflow/.local/lib/python3.12/site-packages/airflow/example_dags/example_local_kubernetes_executor.py
[2025-02-06T18:32:37.543+0000] {logging_mixin.py:190} INFO - [2025-02-06T18:32:37.542+0000] {dag.py:3239} INFO - Sync 1 DAGs
[2025-02-06T18:32:37.574+0000] {logging_mixin.py:190} INFO - [2025-02-06T18:32:37.573+0000] {dag.py:4180} INFO - Setting next_dagrun for example_local_kubernetes_executor to None, run_after=None
[2025-02-06T18:32:37.615+0000] {processor.py:208} INFO - Processing /home/airflow/.local/lib/python3.12/site-packages/airflow/example_dags/example_local_kubernetes_executor.py took 0.157 seconds
[2025-02-06T18:33:10.541+0000] {processor.py:186} INFO - Started process (PID=1989) to work on /home/airflow/.local/lib/python3.12/site-packages/airflow/example_dags/example_local_kubernetes_executor.py
[2025-02-06T18:33:10.542+0000] {processor.py:914} INFO - Processing file /home/airflow/.local/lib/python3.12/site-packages/airflow/example_dags/example_local_kubernetes_executor.py for tasks to queue
[2025-02-06T18:33:10.546+0000] {logging_mixin.py:190} INFO - [2025-02-06T18:33:10.545+0000] {dagbag.py:588} INFO - Filling up the DagBag from /home/airflow/.local/lib/python3.12/site-packages/airflow/example_dags/example_local_kubernetes_executor.py
[2025-02-06T18:33:10.563+0000] {processor.py:925} INFO - DAG(s) 'example_local_kubernetes_executor' retrieved from /home/airflow/.local/lib/python3.12/site-packages/airflow/example_dags/example_local_kubernetes_executor.py
[2025-02-06T18:33:10.594+0000] {logging_mixin.py:190} INFO - [2025-02-06T18:33:10.593+0000] {dag.py:3239} INFO - Sync 1 DAGs
[2025-02-06T18:33:10.614+0000] {logging_mixin.py:190} INFO - [2025-02-06T18:33:10.614+0000] {dag.py:4180} INFO - Setting next_dagrun for example_local_kubernetes_executor to None, run_after=None
[2025-02-06T18:33:10.647+0000] {processor.py:208} INFO - Processing /home/airflow/.local/lib/python3.12/site-packages/airflow/example_dags/example_local_kubernetes_executor.py took 0.117 seconds
[2025-02-06T18:33:42.143+0000] {processor.py:186} INFO - Started process (PID=2046) to work on /home/airflow/.local/lib/python3.12/site-packages/airflow/example_dags/example_local_kubernetes_executor.py
[2025-02-06T18:33:42.144+0000] {processor.py:914} INFO - Processing file /home/airflow/.local/lib/python3.12/site-packages/airflow/example_dags/example_local_kubernetes_executor.py for tasks to queue
[2025-02-06T18:33:42.150+0000] {logging_mixin.py:190} INFO - [2025-02-06T18:33:42.148+0000] {dagbag.py:588} INFO - Filling up the DagBag from /home/airflow/.local/lib/python3.12/site-packages/airflow/example_dags/example_local_kubernetes_executor.py
[2025-02-06T18:33:42.167+0000] {processor.py:925} INFO - DAG(s) 'example_local_kubernetes_executor' retrieved from /home/airflow/.local/lib/python3.12/site-packages/airflow/example_dags/example_local_kubernetes_executor.py
[2025-02-06T18:33:42.204+0000] {logging_mixin.py:190} INFO - [2025-02-06T18:33:42.203+0000] {dag.py:3239} INFO - Sync 1 DAGs
[2025-02-06T18:33:42.229+0000] {logging_mixin.py:190} INFO - [2025-02-06T18:33:42.228+0000] {dag.py:4180} INFO - Setting next_dagrun for example_local_kubernetes_executor to None, run_after=None
[2025-02-06T18:33:42.267+0000] {processor.py:208} INFO - Processing /home/airflow/.local/lib/python3.12/site-packages/airflow/example_dags/example_local_kubernetes_executor.py took 0.135 seconds
[2025-02-06T18:34:13.713+0000] {processor.py:186} INFO - Started process (PID=2103) to work on /home/airflow/.local/lib/python3.12/site-packages/airflow/example_dags/example_local_kubernetes_executor.py
[2025-02-06T18:34:13.714+0000] {processor.py:914} INFO - Processing file /home/airflow/.local/lib/python3.12/site-packages/airflow/example_dags/example_local_kubernetes_executor.py for tasks to queue
[2025-02-06T18:34:13.718+0000] {logging_mixin.py:190} INFO - [2025-02-06T18:34:13.718+0000] {dagbag.py:588} INFO - Filling up the DagBag from /home/airflow/.local/lib/python3.12/site-packages/airflow/example_dags/example_local_kubernetes_executor.py
[2025-02-06T18:34:13.732+0000] {processor.py:925} INFO - DAG(s) 'example_local_kubernetes_executor' retrieved from /home/airflow/.local/lib/python3.12/site-packages/airflow/example_dags/example_local_kubernetes_executor.py
[2025-02-06T18:34:13.760+0000] {logging_mixin.py:190} INFO - [2025-02-06T18:34:13.760+0000] {dag.py:3239} INFO - Sync 1 DAGs
[2025-02-06T18:34:13.780+0000] {logging_mixin.py:190} INFO - [2025-02-06T18:34:13.780+0000] {dag.py:4180} INFO - Setting next_dagrun for example_local_kubernetes_executor to None, run_after=None
[2025-02-06T18:34:13.810+0000] {processor.py:208} INFO - Processing /home/airflow/.local/lib/python3.12/site-packages/airflow/example_dags/example_local_kubernetes_executor.py took 0.107 seconds
[2025-02-06T18:34:45.888+0000] {processor.py:186} INFO - Started process (PID=2160) to work on /home/airflow/.local/lib/python3.12/site-packages/airflow/example_dags/example_local_kubernetes_executor.py
[2025-02-06T18:34:45.890+0000] {processor.py:914} INFO - Processing file /home/airflow/.local/lib/python3.12/site-packages/airflow/example_dags/example_local_kubernetes_executor.py for tasks to queue
[2025-02-06T18:34:45.894+0000] {logging_mixin.py:190} INFO - [2025-02-06T18:34:45.893+0000] {dagbag.py:588} INFO - Filling up the DagBag from /home/airflow/.local/lib/python3.12/site-packages/airflow/example_dags/example_local_kubernetes_executor.py
[2025-02-06T18:34:45.908+0000] {processor.py:925} INFO - DAG(s) 'example_local_kubernetes_executor' retrieved from /home/airflow/.local/lib/python3.12/site-packages/airflow/example_dags/example_local_kubernetes_executor.py
[2025-02-06T18:34:45.945+0000] {logging_mixin.py:190} INFO - [2025-02-06T18:34:45.945+0000] {dag.py:3239} INFO - Sync 1 DAGs
[2025-02-06T18:34:45.971+0000] {logging_mixin.py:190} INFO - [2025-02-06T18:34:45.970+0000] {dag.py:4180} INFO - Setting next_dagrun for example_local_kubernetes_executor to None, run_after=None
[2025-02-06T18:34:46.002+0000] {processor.py:208} INFO - Processing /home/airflow/.local/lib/python3.12/site-packages/airflow/example_dags/example_local_kubernetes_executor.py took 0.124 seconds
[2025-02-06T18:35:18.112+0000] {processor.py:186} INFO - Started process (PID=2217) to work on /home/airflow/.local/lib/python3.12/site-packages/airflow/example_dags/example_local_kubernetes_executor.py
[2025-02-06T18:35:18.114+0000] {processor.py:914} INFO - Processing file /home/airflow/.local/lib/python3.12/site-packages/airflow/example_dags/example_local_kubernetes_executor.py for tasks to queue
[2025-02-06T18:35:18.121+0000] {logging_mixin.py:190} INFO - [2025-02-06T18:35:18.120+0000] {dagbag.py:588} INFO - Filling up the DagBag from /home/airflow/.local/lib/python3.12/site-packages/airflow/example_dags/example_local_kubernetes_executor.py
[2025-02-06T18:35:18.155+0000] {processor.py:925} INFO - DAG(s) 'example_local_kubernetes_executor' retrieved from /home/airflow/.local/lib/python3.12/site-packages/airflow/example_dags/example_local_kubernetes_executor.py
[2025-02-06T18:35:18.231+0000] {logging_mixin.py:190} INFO - [2025-02-06T18:35:18.230+0000] {dag.py:3239} INFO - Sync 1 DAGs
[2025-02-06T18:35:18.289+0000] {logging_mixin.py:190} INFO - [2025-02-06T18:35:18.283+0000] {dag.py:4180} INFO - Setting next_dagrun for example_local_kubernetes_executor to None, run_after=None
[2025-02-06T18:35:18.364+0000] {processor.py:208} INFO - Processing /home/airflow/.local/lib/python3.12/site-packages/airflow/example_dags/example_local_kubernetes_executor.py took 0.271 seconds
[2025-02-06T18:35:50.610+0000] {processor.py:186} INFO - Started process (PID=2274) to work on /home/airflow/.local/lib/python3.12/site-packages/airflow/example_dags/example_local_kubernetes_executor.py
[2025-02-06T18:35:50.613+0000] {processor.py:914} INFO - Processing file /home/airflow/.local/lib/python3.12/site-packages/airflow/example_dags/example_local_kubernetes_executor.py for tasks to queue
[2025-02-06T18:35:50.618+0000] {logging_mixin.py:190} INFO - [2025-02-06T18:35:50.617+0000] {dagbag.py:588} INFO - Filling up the DagBag from /home/airflow/.local/lib/python3.12/site-packages/airflow/example_dags/example_local_kubernetes_executor.py
[2025-02-06T18:35:50.640+0000] {processor.py:925} INFO - DAG(s) 'example_local_kubernetes_executor' retrieved from /home/airflow/.local/lib/python3.12/site-packages/airflow/example_dags/example_local_kubernetes_executor.py
[2025-02-06T18:35:50.681+0000] {logging_mixin.py:190} INFO - [2025-02-06T18:35:50.681+0000] {dag.py:3239} INFO - Sync 1 DAGs
[2025-02-06T18:35:50.708+0000] {logging_mixin.py:190} INFO - [2025-02-06T18:35:50.708+0000] {dag.py:4180} INFO - Setting next_dagrun for example_local_kubernetes_executor to None, run_after=None
[2025-02-06T18:35:50.775+0000] {processor.py:208} INFO - Processing /home/airflow/.local/lib/python3.12/site-packages/airflow/example_dags/example_local_kubernetes_executor.py took 0.178 seconds
[2025-02-06T18:36:22.333+0000] {processor.py:186} INFO - Started process (PID=2331) to work on /home/airflow/.local/lib/python3.12/site-packages/airflow/example_dags/example_local_kubernetes_executor.py
[2025-02-06T18:36:22.335+0000] {processor.py:914} INFO - Processing file /home/airflow/.local/lib/python3.12/site-packages/airflow/example_dags/example_local_kubernetes_executor.py for tasks to queue
[2025-02-06T18:36:22.341+0000] {logging_mixin.py:190} INFO - [2025-02-06T18:36:22.340+0000] {dagbag.py:588} INFO - Filling up the DagBag from /home/airflow/.local/lib/python3.12/site-packages/airflow/example_dags/example_local_kubernetes_executor.py
[2025-02-06T18:36:22.363+0000] {processor.py:925} INFO - DAG(s) 'example_local_kubernetes_executor' retrieved from /home/airflow/.local/lib/python3.12/site-packages/airflow/example_dags/example_local_kubernetes_executor.py
[2025-02-06T18:36:22.401+0000] {logging_mixin.py:190} INFO - [2025-02-06T18:36:22.401+0000] {dag.py:3239} INFO - Sync 1 DAGs
[2025-02-06T18:36:22.432+0000] {logging_mixin.py:190} INFO - [2025-02-06T18:36:22.431+0000] {dag.py:4180} INFO - Setting next_dagrun for example_local_kubernetes_executor to None, run_after=None
[2025-02-06T18:36:22.471+0000] {processor.py:208} INFO - Processing /home/airflow/.local/lib/python3.12/site-packages/airflow/example_dags/example_local_kubernetes_executor.py took 0.151 seconds
[2025-02-06T18:36:53.494+0000] {processor.py:186} INFO - Started process (PID=2388) to work on /home/airflow/.local/lib/python3.12/site-packages/airflow/example_dags/example_local_kubernetes_executor.py
[2025-02-06T18:36:53.495+0000] {processor.py:914} INFO - Processing file /home/airflow/.local/lib/python3.12/site-packages/airflow/example_dags/example_local_kubernetes_executor.py for tasks to queue
[2025-02-06T18:36:53.500+0000] {logging_mixin.py:190} INFO - [2025-02-06T18:36:53.499+0000] {dagbag.py:588} INFO - Filling up the DagBag from /home/airflow/.local/lib/python3.12/site-packages/airflow/example_dags/example_local_kubernetes_executor.py
[2025-02-06T18:36:53.516+0000] {processor.py:925} INFO - DAG(s) 'example_local_kubernetes_executor' retrieved from /home/airflow/.local/lib/python3.12/site-packages/airflow/example_dags/example_local_kubernetes_executor.py
[2025-02-06T18:36:53.550+0000] {logging_mixin.py:190} INFO - [2025-02-06T18:36:53.549+0000] {dag.py:3239} INFO - Sync 1 DAGs
[2025-02-06T18:36:53.580+0000] {logging_mixin.py:190} INFO - [2025-02-06T18:36:53.580+0000] {dag.py:4180} INFO - Setting next_dagrun for example_local_kubernetes_executor to None, run_after=None
[2025-02-06T18:36:53.616+0000] {processor.py:208} INFO - Processing /home/airflow/.local/lib/python3.12/site-packages/airflow/example_dags/example_local_kubernetes_executor.py took 0.134 seconds
[2025-02-06T18:37:25.428+0000] {processor.py:186} INFO - Started process (PID=2445) to work on /home/airflow/.local/lib/python3.12/site-packages/airflow/example_dags/example_local_kubernetes_executor.py
[2025-02-06T18:37:25.430+0000] {processor.py:914} INFO - Processing file /home/airflow/.local/lib/python3.12/site-packages/airflow/example_dags/example_local_kubernetes_executor.py for tasks to queue
[2025-02-06T18:37:25.433+0000] {logging_mixin.py:190} INFO - [2025-02-06T18:37:25.433+0000] {dagbag.py:588} INFO - Filling up the DagBag from /home/airflow/.local/lib/python3.12/site-packages/airflow/example_dags/example_local_kubernetes_executor.py
[2025-02-06T18:37:25.447+0000] {processor.py:925} INFO - DAG(s) 'example_local_kubernetes_executor' retrieved from /home/airflow/.local/lib/python3.12/site-packages/airflow/example_dags/example_local_kubernetes_executor.py
[2025-02-06T18:37:25.476+0000] {logging_mixin.py:190} INFO - [2025-02-06T18:37:25.476+0000] {dag.py:3239} INFO - Sync 1 DAGs
[2025-02-06T18:37:25.499+0000] {logging_mixin.py:190} INFO - [2025-02-06T18:37:25.499+0000] {dag.py:4180} INFO - Setting next_dagrun for example_local_kubernetes_executor to None, run_after=None
[2025-02-06T18:37:25.524+0000] {processor.py:208} INFO - Processing /home/airflow/.local/lib/python3.12/site-packages/airflow/example_dags/example_local_kubernetes_executor.py took 0.105 seconds
[2025-02-06T18:37:56.630+0000] {processor.py:186} INFO - Started process (PID=2502) to work on /home/airflow/.local/lib/python3.12/site-packages/airflow/example_dags/example_local_kubernetes_executor.py
[2025-02-06T18:37:56.632+0000] {processor.py:914} INFO - Processing file /home/airflow/.local/lib/python3.12/site-packages/airflow/example_dags/example_local_kubernetes_executor.py for tasks to queue
[2025-02-06T18:37:56.636+0000] {logging_mixin.py:190} INFO - [2025-02-06T18:37:56.636+0000] {dagbag.py:588} INFO - Filling up the DagBag from /home/airflow/.local/lib/python3.12/site-packages/airflow/example_dags/example_local_kubernetes_executor.py
[2025-02-06T18:37:56.649+0000] {processor.py:925} INFO - DAG(s) 'example_local_kubernetes_executor' retrieved from /home/airflow/.local/lib/python3.12/site-packages/airflow/example_dags/example_local_kubernetes_executor.py
[2025-02-06T18:37:56.678+0000] {logging_mixin.py:190} INFO - [2025-02-06T18:37:56.678+0000] {dag.py:3239} INFO - Sync 1 DAGs
[2025-02-06T18:37:56.703+0000] {logging_mixin.py:190} INFO - [2025-02-06T18:37:56.703+0000] {dag.py:4180} INFO - Setting next_dagrun for example_local_kubernetes_executor to None, run_after=None
[2025-02-06T18:37:56.730+0000] {processor.py:208} INFO - Processing /home/airflow/.local/lib/python3.12/site-packages/airflow/example_dags/example_local_kubernetes_executor.py took 0.108 seconds
[2025-02-06T18:38:28.756+0000] {processor.py:186} INFO - Started process (PID=2559) to work on /home/airflow/.local/lib/python3.12/site-packages/airflow/example_dags/example_local_kubernetes_executor.py
[2025-02-06T18:38:28.758+0000] {processor.py:914} INFO - Processing file /home/airflow/.local/lib/python3.12/site-packages/airflow/example_dags/example_local_kubernetes_executor.py for tasks to queue
[2025-02-06T18:38:28.761+0000] {logging_mixin.py:190} INFO - [2025-02-06T18:38:28.761+0000] {dagbag.py:588} INFO - Filling up the DagBag from /home/airflow/.local/lib/python3.12/site-packages/airflow/example_dags/example_local_kubernetes_executor.py
[2025-02-06T18:38:28.776+0000] {processor.py:925} INFO - DAG(s) 'example_local_kubernetes_executor' retrieved from /home/airflow/.local/lib/python3.12/site-packages/airflow/example_dags/example_local_kubernetes_executor.py
[2025-02-06T18:38:28.808+0000] {logging_mixin.py:190} INFO - [2025-02-06T18:38:28.807+0000] {dag.py:3239} INFO - Sync 1 DAGs
[2025-02-06T18:38:28.832+0000] {logging_mixin.py:190} INFO - [2025-02-06T18:38:28.831+0000] {dag.py:4180} INFO - Setting next_dagrun for example_local_kubernetes_executor to None, run_after=None
[2025-02-06T18:38:28.861+0000] {processor.py:208} INFO - Processing /home/airflow/.local/lib/python3.12/site-packages/airflow/example_dags/example_local_kubernetes_executor.py took 0.116 seconds
[2025-02-06T18:39:00.025+0000] {processor.py:186} INFO - Started process (PID=2616) to work on /home/airflow/.local/lib/python3.12/site-packages/airflow/example_dags/example_local_kubernetes_executor.py
[2025-02-06T18:39:00.029+0000] {processor.py:914} INFO - Processing file /home/airflow/.local/lib/python3.12/site-packages/airflow/example_dags/example_local_kubernetes_executor.py for tasks to queue
[2025-02-06T18:39:00.035+0000] {logging_mixin.py:190} INFO - [2025-02-06T18:39:00.034+0000] {dagbag.py:588} INFO - Filling up the DagBag from /home/airflow/.local/lib/python3.12/site-packages/airflow/example_dags/example_local_kubernetes_executor.py
[2025-02-06T18:39:00.062+0000] {processor.py:925} INFO - DAG(s) 'example_local_kubernetes_executor' retrieved from /home/airflow/.local/lib/python3.12/site-packages/airflow/example_dags/example_local_kubernetes_executor.py
[2025-02-06T18:39:00.105+0000] {logging_mixin.py:190} INFO - [2025-02-06T18:39:00.105+0000] {dag.py:3239} INFO - Sync 1 DAGs
[2025-02-06T18:39:00.146+0000] {logging_mixin.py:190} INFO - [2025-02-06T18:39:00.146+0000] {dag.py:4180} INFO - Setting next_dagrun for example_local_kubernetes_executor to None, run_after=None
[2025-02-06T18:39:00.190+0000] {processor.py:208} INFO - Processing /home/airflow/.local/lib/python3.12/site-packages/airflow/example_dags/example_local_kubernetes_executor.py took 0.183 seconds
[2025-02-06T18:39:30.411+0000] {processor.py:186} INFO - Started process (PID=2672) to work on /home/airflow/.local/lib/python3.12/site-packages/airflow/example_dags/example_local_kubernetes_executor.py
[2025-02-06T18:39:30.413+0000] {processor.py:914} INFO - Processing file /home/airflow/.local/lib/python3.12/site-packages/airflow/example_dags/example_local_kubernetes_executor.py for tasks to queue
[2025-02-06T18:39:30.416+0000] {logging_mixin.py:190} INFO - [2025-02-06T18:39:30.415+0000] {dagbag.py:588} INFO - Filling up the DagBag from /home/airflow/.local/lib/python3.12/site-packages/airflow/example_dags/example_local_kubernetes_executor.py
[2025-02-06T18:39:30.430+0000] {processor.py:925} INFO - DAG(s) 'example_local_kubernetes_executor' retrieved from /home/airflow/.local/lib/python3.12/site-packages/airflow/example_dags/example_local_kubernetes_executor.py
[2025-02-06T18:39:30.461+0000] {logging_mixin.py:190} INFO - [2025-02-06T18:39:30.461+0000] {dag.py:3239} INFO - Sync 1 DAGs
[2025-02-06T18:39:30.483+0000] {logging_mixin.py:190} INFO - [2025-02-06T18:39:30.482+0000] {dag.py:4180} INFO - Setting next_dagrun for example_local_kubernetes_executor to None, run_after=None
[2025-02-06T18:39:30.837+0000] {processor.py:208} INFO - Processing /home/airflow/.local/lib/python3.12/site-packages/airflow/example_dags/example_local_kubernetes_executor.py took 0.435 seconds
[2025-02-06T18:40:01.710+0000] {processor.py:186} INFO - Started process (PID=2729) to work on /home/airflow/.local/lib/python3.12/site-packages/airflow/example_dags/example_local_kubernetes_executor.py
[2025-02-06T18:40:01.711+0000] {processor.py:914} INFO - Processing file /home/airflow/.local/lib/python3.12/site-packages/airflow/example_dags/example_local_kubernetes_executor.py for tasks to queue
[2025-02-06T18:40:01.715+0000] {logging_mixin.py:190} INFO - [2025-02-06T18:40:01.714+0000] {dagbag.py:588} INFO - Filling up the DagBag from /home/airflow/.local/lib/python3.12/site-packages/airflow/example_dags/example_local_kubernetes_executor.py
[2025-02-06T18:40:01.727+0000] {processor.py:925} INFO - DAG(s) 'example_local_kubernetes_executor' retrieved from /home/airflow/.local/lib/python3.12/site-packages/airflow/example_dags/example_local_kubernetes_executor.py
[2025-02-06T18:40:01.768+0000] {logging_mixin.py:190} INFO - [2025-02-06T18:40:01.768+0000] {dag.py:3239} INFO - Sync 1 DAGs
[2025-02-06T18:40:01.799+0000] {logging_mixin.py:190} INFO - [2025-02-06T18:40:01.798+0000] {dag.py:4180} INFO - Setting next_dagrun for example_local_kubernetes_executor to None, run_after=None
[2025-02-06T18:40:01.838+0000] {processor.py:208} INFO - Processing /home/airflow/.local/lib/python3.12/site-packages/airflow/example_dags/example_local_kubernetes_executor.py took 0.135 seconds
[2025-02-06T18:40:32.608+0000] {processor.py:186} INFO - Started process (PID=2785) to work on /home/airflow/.local/lib/python3.12/site-packages/airflow/example_dags/example_local_kubernetes_executor.py
[2025-02-06T18:40:32.610+0000] {processor.py:914} INFO - Processing file /home/airflow/.local/lib/python3.12/site-packages/airflow/example_dags/example_local_kubernetes_executor.py for tasks to queue
[2025-02-06T18:40:32.614+0000] {logging_mixin.py:190} INFO - [2025-02-06T18:40:32.613+0000] {dagbag.py:588} INFO - Filling up the DagBag from /home/airflow/.local/lib/python3.12/site-packages/airflow/example_dags/example_local_kubernetes_executor.py
[2025-02-06T18:40:32.626+0000] {processor.py:925} INFO - DAG(s) 'example_local_kubernetes_executor' retrieved from /home/airflow/.local/lib/python3.12/site-packages/airflow/example_dags/example_local_kubernetes_executor.py
[2025-02-06T18:40:32.654+0000] {logging_mixin.py:190} INFO - [2025-02-06T18:40:32.654+0000] {dag.py:3239} INFO - Sync 1 DAGs
[2025-02-06T18:40:32.683+0000] {logging_mixin.py:190} INFO - [2025-02-06T18:40:32.682+0000] {dag.py:4180} INFO - Setting next_dagrun for example_local_kubernetes_executor to None, run_after=None
[2025-02-06T18:40:32.718+0000] {processor.py:208} INFO - Processing /home/airflow/.local/lib/python3.12/site-packages/airflow/example_dags/example_local_kubernetes_executor.py took 0.117 seconds
[2025-02-06T18:41:03.271+0000] {processor.py:186} INFO - Started process (PID=2842) to work on /home/airflow/.local/lib/python3.12/site-packages/airflow/example_dags/example_local_kubernetes_executor.py
[2025-02-06T18:41:03.273+0000] {processor.py:914} INFO - Processing file /home/airflow/.local/lib/python3.12/site-packages/airflow/example_dags/example_local_kubernetes_executor.py for tasks to queue
[2025-02-06T18:41:03.277+0000] {logging_mixin.py:190} INFO - [2025-02-06T18:41:03.276+0000] {dagbag.py:588} INFO - Filling up the DagBag from /home/airflow/.local/lib/python3.12/site-packages/airflow/example_dags/example_local_kubernetes_executor.py
[2025-02-06T18:41:03.292+0000] {processor.py:925} INFO - DAG(s) 'example_local_kubernetes_executor' retrieved from /home/airflow/.local/lib/python3.12/site-packages/airflow/example_dags/example_local_kubernetes_executor.py
[2025-02-06T18:41:03.321+0000] {logging_mixin.py:190} INFO - [2025-02-06T18:41:03.321+0000] {dag.py:3239} INFO - Sync 1 DAGs
[2025-02-06T18:41:03.343+0000] {logging_mixin.py:190} INFO - [2025-02-06T18:41:03.342+0000] {dag.py:4180} INFO - Setting next_dagrun for example_local_kubernetes_executor to None, run_after=None
[2025-02-06T18:41:03.383+0000] {processor.py:208} INFO - Processing /home/airflow/.local/lib/python3.12/site-packages/airflow/example_dags/example_local_kubernetes_executor.py took 0.123 seconds
[2025-02-06T18:41:33.649+0000] {processor.py:186} INFO - Started process (PID=2899) to work on /home/airflow/.local/lib/python3.12/site-packages/airflow/example_dags/example_local_kubernetes_executor.py
[2025-02-06T18:41:33.650+0000] {processor.py:914} INFO - Processing file /home/airflow/.local/lib/python3.12/site-packages/airflow/example_dags/example_local_kubernetes_executor.py for tasks to queue
[2025-02-06T18:41:33.654+0000] {logging_mixin.py:190} INFO - [2025-02-06T18:41:33.653+0000] {dagbag.py:588} INFO - Filling up the DagBag from /home/airflow/.local/lib/python3.12/site-packages/airflow/example_dags/example_local_kubernetes_executor.py
[2025-02-06T18:41:33.667+0000] {processor.py:925} INFO - DAG(s) 'example_local_kubernetes_executor' retrieved from /home/airflow/.local/lib/python3.12/site-packages/airflow/example_dags/example_local_kubernetes_executor.py
[2025-02-06T18:41:33.696+0000] {logging_mixin.py:190} INFO - [2025-02-06T18:41:33.696+0000] {dag.py:3239} INFO - Sync 1 DAGs
[2025-02-06T18:41:33.716+0000] {logging_mixin.py:190} INFO - [2025-02-06T18:41:33.716+0000] {dag.py:4180} INFO - Setting next_dagrun for example_local_kubernetes_executor to None, run_after=None
[2025-02-06T18:41:33.749+0000] {processor.py:208} INFO - Processing /home/airflow/.local/lib/python3.12/site-packages/airflow/example_dags/example_local_kubernetes_executor.py took 0.109 seconds
[2025-02-06T18:42:04.560+0000] {processor.py:186} INFO - Started process (PID=2956) to work on /home/airflow/.local/lib/python3.12/site-packages/airflow/example_dags/example_local_kubernetes_executor.py
[2025-02-06T18:42:04.562+0000] {processor.py:914} INFO - Processing file /home/airflow/.local/lib/python3.12/site-packages/airflow/example_dags/example_local_kubernetes_executor.py for tasks to queue
[2025-02-06T18:42:04.565+0000] {logging_mixin.py:190} INFO - [2025-02-06T18:42:04.564+0000] {dagbag.py:588} INFO - Filling up the DagBag from /home/airflow/.local/lib/python3.12/site-packages/airflow/example_dags/example_local_kubernetes_executor.py
[2025-02-06T18:42:04.576+0000] {processor.py:925} INFO - DAG(s) 'example_local_kubernetes_executor' retrieved from /home/airflow/.local/lib/python3.12/site-packages/airflow/example_dags/example_local_kubernetes_executor.py
[2025-02-06T18:42:04.601+0000] {logging_mixin.py:190} INFO - [2025-02-06T18:42:04.601+0000] {dag.py:3239} INFO - Sync 1 DAGs
[2025-02-06T18:42:04.623+0000] {logging_mixin.py:190} INFO - [2025-02-06T18:42:04.623+0000] {dag.py:4180} INFO - Setting next_dagrun for example_local_kubernetes_executor to None, run_after=None
[2025-02-06T18:42:04.662+0000] {processor.py:208} INFO - Processing /home/airflow/.local/lib/python3.12/site-packages/airflow/example_dags/example_local_kubernetes_executor.py took 0.109 seconds
[2025-02-06T18:42:34.762+0000] {processor.py:186} INFO - Started process (PID=3013) to work on /home/airflow/.local/lib/python3.12/site-packages/airflow/example_dags/example_local_kubernetes_executor.py
[2025-02-06T18:42:34.763+0000] {processor.py:914} INFO - Processing file /home/airflow/.local/lib/python3.12/site-packages/airflow/example_dags/example_local_kubernetes_executor.py for tasks to queue
[2025-02-06T18:42:34.766+0000] {logging_mixin.py:190} INFO - [2025-02-06T18:42:34.766+0000] {dagbag.py:588} INFO - Filling up the DagBag from /home/airflow/.local/lib/python3.12/site-packages/airflow/example_dags/example_local_kubernetes_executor.py
[2025-02-06T18:42:34.778+0000] {processor.py:925} INFO - DAG(s) 'example_local_kubernetes_executor' retrieved from /home/airflow/.local/lib/python3.12/site-packages/airflow/example_dags/example_local_kubernetes_executor.py
[2025-02-06T18:42:34.809+0000] {logging_mixin.py:190} INFO - [2025-02-06T18:42:34.809+0000] {dag.py:3239} INFO - Sync 1 DAGs
[2025-02-06T18:42:34.851+0000] {logging_mixin.py:190} INFO - [2025-02-06T18:42:34.847+0000] {dag.py:4180} INFO - Setting next_dagrun for example_local_kubernetes_executor to None, run_after=None
[2025-02-06T18:42:34.890+0000] {processor.py:208} INFO - Processing /home/airflow/.local/lib/python3.12/site-packages/airflow/example_dags/example_local_kubernetes_executor.py took 0.136 seconds
[2025-02-06T18:43:05.138+0000] {processor.py:186} INFO - Started process (PID=3070) to work on /home/airflow/.local/lib/python3.12/site-packages/airflow/example_dags/example_local_kubernetes_executor.py
[2025-02-06T18:43:05.140+0000] {processor.py:914} INFO - Processing file /home/airflow/.local/lib/python3.12/site-packages/airflow/example_dags/example_local_kubernetes_executor.py for tasks to queue
[2025-02-06T18:43:05.143+0000] {logging_mixin.py:190} INFO - [2025-02-06T18:43:05.142+0000] {dagbag.py:588} INFO - Filling up the DagBag from /home/airflow/.local/lib/python3.12/site-packages/airflow/example_dags/example_local_kubernetes_executor.py
[2025-02-06T18:43:05.155+0000] {processor.py:925} INFO - DAG(s) 'example_local_kubernetes_executor' retrieved from /home/airflow/.local/lib/python3.12/site-packages/airflow/example_dags/example_local_kubernetes_executor.py
[2025-02-06T18:43:05.185+0000] {logging_mixin.py:190} INFO - [2025-02-06T18:43:05.185+0000] {dag.py:3239} INFO - Sync 1 DAGs
[2025-02-06T18:43:05.208+0000] {logging_mixin.py:190} INFO - [2025-02-06T18:43:05.208+0000] {dag.py:4180} INFO - Setting next_dagrun for example_local_kubernetes_executor to None, run_after=None
[2025-02-06T18:43:05.238+0000] {processor.py:208} INFO - Processing /home/airflow/.local/lib/python3.12/site-packages/airflow/example_dags/example_local_kubernetes_executor.py took 0.108 seconds
[2025-02-06T18:43:35.849+0000] {processor.py:186} INFO - Started process (PID=3127) to work on /home/airflow/.local/lib/python3.12/site-packages/airflow/example_dags/example_local_kubernetes_executor.py
[2025-02-06T18:43:35.851+0000] {processor.py:914} INFO - Processing file /home/airflow/.local/lib/python3.12/site-packages/airflow/example_dags/example_local_kubernetes_executor.py for tasks to queue
[2025-02-06T18:43:35.857+0000] {logging_mixin.py:190} INFO - [2025-02-06T18:43:35.856+0000] {dagbag.py:588} INFO - Filling up the DagBag from /home/airflow/.local/lib/python3.12/site-packages/airflow/example_dags/example_local_kubernetes_executor.py
[2025-02-06T18:43:35.904+0000] {processor.py:925} INFO - DAG(s) 'example_local_kubernetes_executor' retrieved from /home/airflow/.local/lib/python3.12/site-packages/airflow/example_dags/example_local_kubernetes_executor.py
[2025-02-06T18:43:35.972+0000] {logging_mixin.py:190} INFO - [2025-02-06T18:43:35.966+0000] {dag.py:3239} INFO - Sync 1 DAGs
[2025-02-06T18:43:36.020+0000] {logging_mixin.py:190} INFO - [2025-02-06T18:43:36.019+0000] {dag.py:4180} INFO - Setting next_dagrun for example_local_kubernetes_executor to None, run_after=None
[2025-02-06T18:43:36.086+0000] {processor.py:208} INFO - Processing /home/airflow/.local/lib/python3.12/site-packages/airflow/example_dags/example_local_kubernetes_executor.py took 0.262 seconds
[2025-02-06T18:44:06.516+0000] {processor.py:186} INFO - Started process (PID=3184) to work on /home/airflow/.local/lib/python3.12/site-packages/airflow/example_dags/example_local_kubernetes_executor.py
[2025-02-06T18:44:06.517+0000] {processor.py:914} INFO - Processing file /home/airflow/.local/lib/python3.12/site-packages/airflow/example_dags/example_local_kubernetes_executor.py for tasks to queue
[2025-02-06T18:44:06.521+0000] {logging_mixin.py:190} INFO - [2025-02-06T18:44:06.520+0000] {dagbag.py:588} INFO - Filling up the DagBag from /home/airflow/.local/lib/python3.12/site-packages/airflow/example_dags/example_local_kubernetes_executor.py
[2025-02-06T18:44:06.532+0000] {processor.py:925} INFO - DAG(s) 'example_local_kubernetes_executor' retrieved from /home/airflow/.local/lib/python3.12/site-packages/airflow/example_dags/example_local_kubernetes_executor.py
[2025-02-06T18:44:06.560+0000] {logging_mixin.py:190} INFO - [2025-02-06T18:44:06.560+0000] {dag.py:3239} INFO - Sync 1 DAGs
[2025-02-06T18:44:06.584+0000] {logging_mixin.py:190} INFO - [2025-02-06T18:44:06.583+0000] {dag.py:4180} INFO - Setting next_dagrun for example_local_kubernetes_executor to None, run_after=None
[2025-02-06T18:44:06.612+0000] {processor.py:208} INFO - Processing /home/airflow/.local/lib/python3.12/site-packages/airflow/example_dags/example_local_kubernetes_executor.py took 0.105 seconds
[2025-02-06T18:44:36.868+0000] {processor.py:186} INFO - Started process (PID=3240) to work on /home/airflow/.local/lib/python3.12/site-packages/airflow/example_dags/example_local_kubernetes_executor.py
[2025-02-06T18:44:36.871+0000] {processor.py:914} INFO - Processing file /home/airflow/.local/lib/python3.12/site-packages/airflow/example_dags/example_local_kubernetes_executor.py for tasks to queue
[2025-02-06T18:44:36.876+0000] {logging_mixin.py:190} INFO - [2025-02-06T18:44:36.875+0000] {dagbag.py:588} INFO - Filling up the DagBag from /home/airflow/.local/lib/python3.12/site-packages/airflow/example_dags/example_local_kubernetes_executor.py
[2025-02-06T18:44:36.901+0000] {processor.py:925} INFO - DAG(s) 'example_local_kubernetes_executor' retrieved from /home/airflow/.local/lib/python3.12/site-packages/airflow/example_dags/example_local_kubernetes_executor.py
[2025-02-06T18:44:36.956+0000] {logging_mixin.py:190} INFO - [2025-02-06T18:44:36.956+0000] {dag.py:3239} INFO - Sync 1 DAGs
[2025-02-06T18:44:36.999+0000] {logging_mixin.py:190} INFO - [2025-02-06T18:44:36.999+0000] {dag.py:4180} INFO - Setting next_dagrun for example_local_kubernetes_executor to None, run_after=None
[2025-02-06T18:44:37.068+0000] {processor.py:208} INFO - Processing /home/airflow/.local/lib/python3.12/site-packages/airflow/example_dags/example_local_kubernetes_executor.py took 0.214 seconds
[2025-02-06T18:45:07.186+0000] {processor.py:186} INFO - Started process (PID=3297) to work on /home/airflow/.local/lib/python3.12/site-packages/airflow/example_dags/example_local_kubernetes_executor.py
[2025-02-06T18:45:07.187+0000] {processor.py:914} INFO - Processing file /home/airflow/.local/lib/python3.12/site-packages/airflow/example_dags/example_local_kubernetes_executor.py for tasks to queue
[2025-02-06T18:45:07.192+0000] {logging_mixin.py:190} INFO - [2025-02-06T18:45:07.191+0000] {dagbag.py:588} INFO - Filling up the DagBag from /home/airflow/.local/lib/python3.12/site-packages/airflow/example_dags/example_local_kubernetes_executor.py
[2025-02-06T18:45:07.205+0000] {processor.py:925} INFO - DAG(s) 'example_local_kubernetes_executor' retrieved from /home/airflow/.local/lib/python3.12/site-packages/airflow/example_dags/example_local_kubernetes_executor.py
[2025-02-06T18:45:07.246+0000] {logging_mixin.py:190} INFO - [2025-02-06T18:45:07.246+0000] {dag.py:3239} INFO - Sync 1 DAGs
[2025-02-06T18:45:07.272+0000] {logging_mixin.py:190} INFO - [2025-02-06T18:45:07.272+0000] {dag.py:4180} INFO - Setting next_dagrun for example_local_kubernetes_executor to None, run_after=None
[2025-02-06T18:45:07.301+0000] {processor.py:208} INFO - Processing /home/airflow/.local/lib/python3.12/site-packages/airflow/example_dags/example_local_kubernetes_executor.py took 0.126 seconds
[2025-02-06T18:45:37.786+0000] {processor.py:186} INFO - Started process (PID=3354) to work on /home/airflow/.local/lib/python3.12/site-packages/airflow/example_dags/example_local_kubernetes_executor.py
[2025-02-06T18:45:37.788+0000] {processor.py:914} INFO - Processing file /home/airflow/.local/lib/python3.12/site-packages/airflow/example_dags/example_local_kubernetes_executor.py for tasks to queue
[2025-02-06T18:45:37.803+0000] {logging_mixin.py:190} INFO - [2025-02-06T18:45:37.802+0000] {dagbag.py:588} INFO - Filling up the DagBag from /home/airflow/.local/lib/python3.12/site-packages/airflow/example_dags/example_local_kubernetes_executor.py
[2025-02-06T18:45:37.843+0000] {processor.py:925} INFO - DAG(s) 'example_local_kubernetes_executor' retrieved from /home/airflow/.local/lib/python3.12/site-packages/airflow/example_dags/example_local_kubernetes_executor.py
[2025-02-06T18:45:37.913+0000] {logging_mixin.py:190} INFO - [2025-02-06T18:45:37.912+0000] {dag.py:3239} INFO - Sync 1 DAGs
[2025-02-06T18:45:37.960+0000] {logging_mixin.py:190} INFO - [2025-02-06T18:45:37.959+0000] {dag.py:4180} INFO - Setting next_dagrun for example_local_kubernetes_executor to None, run_after=None
[2025-02-06T18:45:38.054+0000] {processor.py:208} INFO - Processing /home/airflow/.local/lib/python3.12/site-packages/airflow/example_dags/example_local_kubernetes_executor.py took 0.290 seconds
[2025-02-06T18:46:08.598+0000] {processor.py:186} INFO - Started process (PID=3411) to work on /home/airflow/.local/lib/python3.12/site-packages/airflow/example_dags/example_local_kubernetes_executor.py
[2025-02-06T18:46:08.600+0000] {processor.py:914} INFO - Processing file /home/airflow/.local/lib/python3.12/site-packages/airflow/example_dags/example_local_kubernetes_executor.py for tasks to queue
[2025-02-06T18:46:08.606+0000] {logging_mixin.py:190} INFO - [2025-02-06T18:46:08.605+0000] {dagbag.py:588} INFO - Filling up the DagBag from /home/airflow/.local/lib/python3.12/site-packages/airflow/example_dags/example_local_kubernetes_executor.py
[2025-02-06T18:46:08.632+0000] {processor.py:925} INFO - DAG(s) 'example_local_kubernetes_executor' retrieved from /home/airflow/.local/lib/python3.12/site-packages/airflow/example_dags/example_local_kubernetes_executor.py
[2025-02-06T18:46:08.687+0000] {logging_mixin.py:190} INFO - [2025-02-06T18:46:08.686+0000] {dag.py:3239} INFO - Sync 1 DAGs
[2025-02-06T18:46:08.728+0000] {logging_mixin.py:190} INFO - [2025-02-06T18:46:08.728+0000] {dag.py:4180} INFO - Setting next_dagrun for example_local_kubernetes_executor to None, run_after=None
[2025-02-06T18:46:08.773+0000] {processor.py:208} INFO - Processing /home/airflow/.local/lib/python3.12/site-packages/airflow/example_dags/example_local_kubernetes_executor.py took 0.189 seconds
[2025-02-06T18:46:39.553+0000] {processor.py:186} INFO - Started process (PID=3470) to work on /home/airflow/.local/lib/python3.12/site-packages/airflow/example_dags/example_local_kubernetes_executor.py
[2025-02-06T18:46:39.555+0000] {processor.py:914} INFO - Processing file /home/airflow/.local/lib/python3.12/site-packages/airflow/example_dags/example_local_kubernetes_executor.py for tasks to queue
[2025-02-06T18:46:39.558+0000] {logging_mixin.py:190} INFO - [2025-02-06T18:46:39.558+0000] {dagbag.py:588} INFO - Filling up the DagBag from /home/airflow/.local/lib/python3.12/site-packages/airflow/example_dags/example_local_kubernetes_executor.py
[2025-02-06T18:46:39.572+0000] {processor.py:925} INFO - DAG(s) 'example_local_kubernetes_executor' retrieved from /home/airflow/.local/lib/python3.12/site-packages/airflow/example_dags/example_local_kubernetes_executor.py
[2025-02-06T18:46:39.608+0000] {logging_mixin.py:190} INFO - [2025-02-06T18:46:39.607+0000] {dag.py:3239} INFO - Sync 1 DAGs
[2025-02-06T18:46:39.632+0000] {logging_mixin.py:190} INFO - [2025-02-06T18:46:39.632+0000] {dag.py:4180} INFO - Setting next_dagrun for example_local_kubernetes_executor to None, run_after=None
[2025-02-06T18:46:39.669+0000] {processor.py:208} INFO - Processing /home/airflow/.local/lib/python3.12/site-packages/airflow/example_dags/example_local_kubernetes_executor.py took 0.126 seconds
[2025-02-06T18:47:09.829+0000] {processor.py:186} INFO - Started process (PID=3527) to work on /home/airflow/.local/lib/python3.12/site-packages/airflow/example_dags/example_local_kubernetes_executor.py
[2025-02-06T18:47:09.830+0000] {processor.py:914} INFO - Processing file /home/airflow/.local/lib/python3.12/site-packages/airflow/example_dags/example_local_kubernetes_executor.py for tasks to queue
[2025-02-06T18:47:09.834+0000] {logging_mixin.py:190} INFO - [2025-02-06T18:47:09.834+0000] {dagbag.py:588} INFO - Filling up the DagBag from /home/airflow/.local/lib/python3.12/site-packages/airflow/example_dags/example_local_kubernetes_executor.py
[2025-02-06T18:47:09.851+0000] {processor.py:925} INFO - DAG(s) 'example_local_kubernetes_executor' retrieved from /home/airflow/.local/lib/python3.12/site-packages/airflow/example_dags/example_local_kubernetes_executor.py
[2025-02-06T18:47:09.882+0000] {logging_mixin.py:190} INFO - [2025-02-06T18:47:09.881+0000] {dag.py:3239} INFO - Sync 1 DAGs
[2025-02-06T18:47:09.901+0000] {logging_mixin.py:190} INFO - [2025-02-06T18:47:09.900+0000] {dag.py:4180} INFO - Setting next_dagrun for example_local_kubernetes_executor to None, run_after=None
[2025-02-06T18:47:09.929+0000] {processor.py:208} INFO - Processing /home/airflow/.local/lib/python3.12/site-packages/airflow/example_dags/example_local_kubernetes_executor.py took 0.109 seconds
[2025-02-06T18:47:40.405+0000] {processor.py:186} INFO - Started process (PID=3584) to work on /home/airflow/.local/lib/python3.12/site-packages/airflow/example_dags/example_local_kubernetes_executor.py
[2025-02-06T18:47:40.406+0000] {processor.py:914} INFO - Processing file /home/airflow/.local/lib/python3.12/site-packages/airflow/example_dags/example_local_kubernetes_executor.py for tasks to queue
[2025-02-06T18:47:40.410+0000] {logging_mixin.py:190} INFO - [2025-02-06T18:47:40.409+0000] {dagbag.py:588} INFO - Filling up the DagBag from /home/airflow/.local/lib/python3.12/site-packages/airflow/example_dags/example_local_kubernetes_executor.py
[2025-02-06T18:47:40.425+0000] {processor.py:925} INFO - DAG(s) 'example_local_kubernetes_executor' retrieved from /home/airflow/.local/lib/python3.12/site-packages/airflow/example_dags/example_local_kubernetes_executor.py
[2025-02-06T18:47:40.458+0000] {logging_mixin.py:190} INFO - [2025-02-06T18:47:40.458+0000] {dag.py:3239} INFO - Sync 1 DAGs
[2025-02-06T18:47:40.492+0000] {logging_mixin.py:190} INFO - [2025-02-06T18:47:40.491+0000] {dag.py:4180} INFO - Setting next_dagrun for example_local_kubernetes_executor to None, run_after=None
[2025-02-06T18:47:40.535+0000] {processor.py:208} INFO - Processing /home/airflow/.local/lib/python3.12/site-packages/airflow/example_dags/example_local_kubernetes_executor.py took 0.139 seconds
[2025-02-06T18:48:11.333+0000] {processor.py:186} INFO - Started process (PID=3641) to work on /home/airflow/.local/lib/python3.12/site-packages/airflow/example_dags/example_local_kubernetes_executor.py
[2025-02-06T18:48:11.334+0000] {processor.py:914} INFO - Processing file /home/airflow/.local/lib/python3.12/site-packages/airflow/example_dags/example_local_kubernetes_executor.py for tasks to queue
[2025-02-06T18:48:11.338+0000] {logging_mixin.py:190} INFO - [2025-02-06T18:48:11.338+0000] {dagbag.py:588} INFO - Filling up the DagBag from /home/airflow/.local/lib/python3.12/site-packages/airflow/example_dags/example_local_kubernetes_executor.py
[2025-02-06T18:48:11.365+0000] {processor.py:925} INFO - DAG(s) 'example_local_kubernetes_executor' retrieved from /home/airflow/.local/lib/python3.12/site-packages/airflow/example_dags/example_local_kubernetes_executor.py
[2025-02-06T18:48:11.419+0000] {logging_mixin.py:190} INFO - [2025-02-06T18:48:11.418+0000] {dag.py:3239} INFO - Sync 1 DAGs
[2025-02-06T18:48:11.447+0000] {logging_mixin.py:190} INFO - [2025-02-06T18:48:11.447+0000] {dag.py:4180} INFO - Setting next_dagrun for example_local_kubernetes_executor to None, run_after=None
[2025-02-06T18:48:11.479+0000] {processor.py:208} INFO - Processing /home/airflow/.local/lib/python3.12/site-packages/airflow/example_dags/example_local_kubernetes_executor.py took 0.161 seconds
[2025-02-06T18:48:41.657+0000] {processor.py:186} INFO - Started process (PID=3698) to work on /home/airflow/.local/lib/python3.12/site-packages/airflow/example_dags/example_local_kubernetes_executor.py
[2025-02-06T18:48:41.659+0000] {processor.py:914} INFO - Processing file /home/airflow/.local/lib/python3.12/site-packages/airflow/example_dags/example_local_kubernetes_executor.py for tasks to queue
[2025-02-06T18:48:41.662+0000] {logging_mixin.py:190} INFO - [2025-02-06T18:48:41.662+0000] {dagbag.py:588} INFO - Filling up the DagBag from /home/airflow/.local/lib/python3.12/site-packages/airflow/example_dags/example_local_kubernetes_executor.py
[2025-02-06T18:48:41.677+0000] {processor.py:925} INFO - DAG(s) 'example_local_kubernetes_executor' retrieved from /home/airflow/.local/lib/python3.12/site-packages/airflow/example_dags/example_local_kubernetes_executor.py
[2025-02-06T18:48:41.705+0000] {logging_mixin.py:190} INFO - [2025-02-06T18:48:41.705+0000] {dag.py:3239} INFO - Sync 1 DAGs
[2025-02-06T18:48:41.723+0000] {logging_mixin.py:190} INFO - [2025-02-06T18:48:41.723+0000] {dag.py:4180} INFO - Setting next_dagrun for example_local_kubernetes_executor to None, run_after=None
[2025-02-06T18:48:41.746+0000] {processor.py:208} INFO - Processing /home/airflow/.local/lib/python3.12/site-packages/airflow/example_dags/example_local_kubernetes_executor.py took 0.098 seconds
[2025-02-06T18:49:12.515+0000] {processor.py:186} INFO - Started process (PID=3755) to work on /home/airflow/.local/lib/python3.12/site-packages/airflow/example_dags/example_local_kubernetes_executor.py
[2025-02-06T18:49:12.517+0000] {processor.py:914} INFO - Processing file /home/airflow/.local/lib/python3.12/site-packages/airflow/example_dags/example_local_kubernetes_executor.py for tasks to queue
[2025-02-06T18:49:12.520+0000] {logging_mixin.py:190} INFO - [2025-02-06T18:49:12.519+0000] {dagbag.py:588} INFO - Filling up the DagBag from /home/airflow/.local/lib/python3.12/site-packages/airflow/example_dags/example_local_kubernetes_executor.py
[2025-02-06T18:49:12.533+0000] {processor.py:925} INFO - DAG(s) 'example_local_kubernetes_executor' retrieved from /home/airflow/.local/lib/python3.12/site-packages/airflow/example_dags/example_local_kubernetes_executor.py
[2025-02-06T18:49:12.564+0000] {logging_mixin.py:190} INFO - [2025-02-06T18:49:12.564+0000] {dag.py:3239} INFO - Sync 1 DAGs
[2025-02-06T18:49:12.590+0000] {logging_mixin.py:190} INFO - [2025-02-06T18:49:12.589+0000] {dag.py:4180} INFO - Setting next_dagrun for example_local_kubernetes_executor to None, run_after=None
[2025-02-06T18:49:12.623+0000] {processor.py:208} INFO - Processing /home/airflow/.local/lib/python3.12/site-packages/airflow/example_dags/example_local_kubernetes_executor.py took 0.116 seconds
[2025-02-06T18:49:43.142+0000] {processor.py:186} INFO - Started process (PID=3810) to work on /home/airflow/.local/lib/python3.12/site-packages/airflow/example_dags/example_local_kubernetes_executor.py
[2025-02-06T18:49:43.143+0000] {processor.py:914} INFO - Processing file /home/airflow/.local/lib/python3.12/site-packages/airflow/example_dags/example_local_kubernetes_executor.py for tasks to queue
[2025-02-06T18:49:43.146+0000] {logging_mixin.py:190} INFO - [2025-02-06T18:49:43.146+0000] {dagbag.py:588} INFO - Filling up the DagBag from /home/airflow/.local/lib/python3.12/site-packages/airflow/example_dags/example_local_kubernetes_executor.py
[2025-02-06T18:49:43.160+0000] {processor.py:925} INFO - DAG(s) 'example_local_kubernetes_executor' retrieved from /home/airflow/.local/lib/python3.12/site-packages/airflow/example_dags/example_local_kubernetes_executor.py
[2025-02-06T18:49:43.191+0000] {logging_mixin.py:190} INFO - [2025-02-06T18:49:43.190+0000] {dag.py:3239} INFO - Sync 1 DAGs
[2025-02-06T18:49:43.211+0000] {logging_mixin.py:190} INFO - [2025-02-06T18:49:43.210+0000] {dag.py:4180} INFO - Setting next_dagrun for example_local_kubernetes_executor to None, run_after=None
[2025-02-06T18:49:43.239+0000] {processor.py:208} INFO - Processing /home/airflow/.local/lib/python3.12/site-packages/airflow/example_dags/example_local_kubernetes_executor.py took 0.105 seconds
[2025-02-06T18:50:13.403+0000] {processor.py:186} INFO - Started process (PID=3867) to work on /home/airflow/.local/lib/python3.12/site-packages/airflow/example_dags/example_local_kubernetes_executor.py
[2025-02-06T18:50:13.405+0000] {processor.py:914} INFO - Processing file /home/airflow/.local/lib/python3.12/site-packages/airflow/example_dags/example_local_kubernetes_executor.py for tasks to queue
[2025-02-06T18:50:13.409+0000] {logging_mixin.py:190} INFO - [2025-02-06T18:50:13.408+0000] {dagbag.py:588} INFO - Filling up the DagBag from /home/airflow/.local/lib/python3.12/site-packages/airflow/example_dags/example_local_kubernetes_executor.py
[2025-02-06T18:50:13.425+0000] {processor.py:925} INFO - DAG(s) 'example_local_kubernetes_executor' retrieved from /home/airflow/.local/lib/python3.12/site-packages/airflow/example_dags/example_local_kubernetes_executor.py
[2025-02-06T18:50:13.454+0000] {logging_mixin.py:190} INFO - [2025-02-06T18:50:13.454+0000] {dag.py:3239} INFO - Sync 1 DAGs
[2025-02-06T18:50:13.474+0000] {logging_mixin.py:190} INFO - [2025-02-06T18:50:13.474+0000] {dag.py:4180} INFO - Setting next_dagrun for example_local_kubernetes_executor to None, run_after=None
[2025-02-06T18:50:13.501+0000] {processor.py:208} INFO - Processing /home/airflow/.local/lib/python3.12/site-packages/airflow/example_dags/example_local_kubernetes_executor.py took 0.106 seconds
[2025-02-06T18:50:44.199+0000] {processor.py:186} INFO - Started process (PID=3924) to work on /home/airflow/.local/lib/python3.12/site-packages/airflow/example_dags/example_local_kubernetes_executor.py
[2025-02-06T18:50:44.200+0000] {processor.py:914} INFO - Processing file /home/airflow/.local/lib/python3.12/site-packages/airflow/example_dags/example_local_kubernetes_executor.py for tasks to queue
[2025-02-06T18:50:44.205+0000] {logging_mixin.py:190} INFO - [2025-02-06T18:50:44.204+0000] {dagbag.py:588} INFO - Filling up the DagBag from /home/airflow/.local/lib/python3.12/site-packages/airflow/example_dags/example_local_kubernetes_executor.py
[2025-02-06T18:50:44.220+0000] {processor.py:925} INFO - DAG(s) 'example_local_kubernetes_executor' retrieved from /home/airflow/.local/lib/python3.12/site-packages/airflow/example_dags/example_local_kubernetes_executor.py
[2025-02-06T18:50:44.254+0000] {logging_mixin.py:190} INFO - [2025-02-06T18:50:44.254+0000] {dag.py:3239} INFO - Sync 1 DAGs
[2025-02-06T18:50:44.282+0000] {logging_mixin.py:190} INFO - [2025-02-06T18:50:44.282+0000] {dag.py:4180} INFO - Setting next_dagrun for example_local_kubernetes_executor to None, run_after=None
[2025-02-06T18:50:44.316+0000] {processor.py:208} INFO - Processing /home/airflow/.local/lib/python3.12/site-packages/airflow/example_dags/example_local_kubernetes_executor.py took 0.129 seconds
[2025-02-06T18:51:14.477+0000] {processor.py:186} INFO - Started process (PID=3981) to work on /home/airflow/.local/lib/python3.12/site-packages/airflow/example_dags/example_local_kubernetes_executor.py
[2025-02-06T18:51:14.478+0000] {processor.py:914} INFO - Processing file /home/airflow/.local/lib/python3.12/site-packages/airflow/example_dags/example_local_kubernetes_executor.py for tasks to queue
[2025-02-06T18:51:14.482+0000] {logging_mixin.py:190} INFO - [2025-02-06T18:51:14.481+0000] {dagbag.py:588} INFO - Filling up the DagBag from /home/airflow/.local/lib/python3.12/site-packages/airflow/example_dags/example_local_kubernetes_executor.py
[2025-02-06T18:51:14.504+0000] {processor.py:925} INFO - DAG(s) 'example_local_kubernetes_executor' retrieved from /home/airflow/.local/lib/python3.12/site-packages/airflow/example_dags/example_local_kubernetes_executor.py
[2025-02-06T18:51:14.549+0000] {logging_mixin.py:190} INFO - [2025-02-06T18:51:14.549+0000] {dag.py:3239} INFO - Sync 1 DAGs
[2025-02-06T18:51:14.569+0000] {logging_mixin.py:190} INFO - [2025-02-06T18:51:14.569+0000] {dag.py:4180} INFO - Setting next_dagrun for example_local_kubernetes_executor to None, run_after=None
[2025-02-06T18:51:14.592+0000] {processor.py:208} INFO - Processing /home/airflow/.local/lib/python3.12/site-packages/airflow/example_dags/example_local_kubernetes_executor.py took 0.124 seconds
[2025-02-06T18:51:45.141+0000] {processor.py:186} INFO - Started process (PID=4038) to work on /home/airflow/.local/lib/python3.12/site-packages/airflow/example_dags/example_local_kubernetes_executor.py
[2025-02-06T18:51:45.142+0000] {processor.py:914} INFO - Processing file /home/airflow/.local/lib/python3.12/site-packages/airflow/example_dags/example_local_kubernetes_executor.py for tasks to queue
[2025-02-06T18:51:45.147+0000] {logging_mixin.py:190} INFO - [2025-02-06T18:51:45.147+0000] {dagbag.py:588} INFO - Filling up the DagBag from /home/airflow/.local/lib/python3.12/site-packages/airflow/example_dags/example_local_kubernetes_executor.py
[2025-02-06T18:51:45.163+0000] {processor.py:925} INFO - DAG(s) 'example_local_kubernetes_executor' retrieved from /home/airflow/.local/lib/python3.12/site-packages/airflow/example_dags/example_local_kubernetes_executor.py
[2025-02-06T18:51:45.200+0000] {logging_mixin.py:190} INFO - [2025-02-06T18:51:45.200+0000] {dag.py:3239} INFO - Sync 1 DAGs
[2025-02-06T18:51:45.227+0000] {logging_mixin.py:190} INFO - [2025-02-06T18:51:45.226+0000] {dag.py:4180} INFO - Setting next_dagrun for example_local_kubernetes_executor to None, run_after=None
[2025-02-06T18:51:45.260+0000] {processor.py:208} INFO - Processing /home/airflow/.local/lib/python3.12/site-packages/airflow/example_dags/example_local_kubernetes_executor.py took 0.128 seconds
[2025-02-06T18:52:16.113+0000] {processor.py:186} INFO - Started process (PID=4095) to work on /home/airflow/.local/lib/python3.12/site-packages/airflow/example_dags/example_local_kubernetes_executor.py
[2025-02-06T18:52:16.115+0000] {processor.py:914} INFO - Processing file /home/airflow/.local/lib/python3.12/site-packages/airflow/example_dags/example_local_kubernetes_executor.py for tasks to queue
[2025-02-06T18:52:16.120+0000] {logging_mixin.py:190} INFO - [2025-02-06T18:52:16.120+0000] {dagbag.py:588} INFO - Filling up the DagBag from /home/airflow/.local/lib/python3.12/site-packages/airflow/example_dags/example_local_kubernetes_executor.py
[2025-02-06T18:52:16.136+0000] {processor.py:925} INFO - DAG(s) 'example_local_kubernetes_executor' retrieved from /home/airflow/.local/lib/python3.12/site-packages/airflow/example_dags/example_local_kubernetes_executor.py
[2025-02-06T18:52:16.169+0000] {logging_mixin.py:190} INFO - [2025-02-06T18:52:16.168+0000] {dag.py:3239} INFO - Sync 1 DAGs
[2025-02-06T18:52:16.196+0000] {logging_mixin.py:190} INFO - [2025-02-06T18:52:16.196+0000] {dag.py:4180} INFO - Setting next_dagrun for example_local_kubernetes_executor to None, run_after=None
[2025-02-06T18:52:16.264+0000] {processor.py:208} INFO - Processing /home/airflow/.local/lib/python3.12/site-packages/airflow/example_dags/example_local_kubernetes_executor.py took 0.160 seconds
[2025-02-06T18:52:47.190+0000] {processor.py:186} INFO - Started process (PID=4152) to work on /home/airflow/.local/lib/python3.12/site-packages/airflow/example_dags/example_local_kubernetes_executor.py
[2025-02-06T18:52:47.192+0000] {processor.py:914} INFO - Processing file /home/airflow/.local/lib/python3.12/site-packages/airflow/example_dags/example_local_kubernetes_executor.py for tasks to queue
[2025-02-06T18:52:47.198+0000] {logging_mixin.py:190} INFO - [2025-02-06T18:52:47.197+0000] {dagbag.py:588} INFO - Filling up the DagBag from /home/airflow/.local/lib/python3.12/site-packages/airflow/example_dags/example_local_kubernetes_executor.py
[2025-02-06T18:52:47.218+0000] {processor.py:925} INFO - DAG(s) 'example_local_kubernetes_executor' retrieved from /home/airflow/.local/lib/python3.12/site-packages/airflow/example_dags/example_local_kubernetes_executor.py
[2025-02-06T18:52:47.255+0000] {logging_mixin.py:190} INFO - [2025-02-06T18:52:47.254+0000] {dag.py:3239} INFO - Sync 1 DAGs
[2025-02-06T18:52:47.292+0000] {logging_mixin.py:190} INFO - [2025-02-06T18:52:47.292+0000] {dag.py:4180} INFO - Setting next_dagrun for example_local_kubernetes_executor to None, run_after=None
[2025-02-06T18:52:47.333+0000] {processor.py:208} INFO - Processing /home/airflow/.local/lib/python3.12/site-packages/airflow/example_dags/example_local_kubernetes_executor.py took 0.155 seconds
[2025-02-06T18:53:17.632+0000] {processor.py:186} INFO - Started process (PID=4209) to work on /home/airflow/.local/lib/python3.12/site-packages/airflow/example_dags/example_local_kubernetes_executor.py
[2025-02-06T18:53:17.634+0000] {processor.py:914} INFO - Processing file /home/airflow/.local/lib/python3.12/site-packages/airflow/example_dags/example_local_kubernetes_executor.py for tasks to queue
[2025-02-06T18:53:17.639+0000] {logging_mixin.py:190} INFO - [2025-02-06T18:53:17.638+0000] {dagbag.py:588} INFO - Filling up the DagBag from /home/airflow/.local/lib/python3.12/site-packages/airflow/example_dags/example_local_kubernetes_executor.py
[2025-02-06T18:53:17.655+0000] {processor.py:925} INFO - DAG(s) 'example_local_kubernetes_executor' retrieved from /home/airflow/.local/lib/python3.12/site-packages/airflow/example_dags/example_local_kubernetes_executor.py
[2025-02-06T18:53:17.685+0000] {logging_mixin.py:190} INFO - [2025-02-06T18:53:17.684+0000] {dag.py:3239} INFO - Sync 1 DAGs
[2025-02-06T18:53:17.703+0000] {logging_mixin.py:190} INFO - [2025-02-06T18:53:17.703+0000] {dag.py:4180} INFO - Setting next_dagrun for example_local_kubernetes_executor to None, run_after=None
[2025-02-06T18:53:17.726+0000] {processor.py:208} INFO - Processing /home/airflow/.local/lib/python3.12/site-packages/airflow/example_dags/example_local_kubernetes_executor.py took 0.106 seconds
[2025-02-06T18:53:47.822+0000] {processor.py:186} INFO - Started process (PID=4266) to work on /home/airflow/.local/lib/python3.12/site-packages/airflow/example_dags/example_local_kubernetes_executor.py
[2025-02-06T18:53:47.823+0000] {processor.py:914} INFO - Processing file /home/airflow/.local/lib/python3.12/site-packages/airflow/example_dags/example_local_kubernetes_executor.py for tasks to queue
[2025-02-06T18:53:47.827+0000] {logging_mixin.py:190} INFO - [2025-02-06T18:53:47.826+0000] {dagbag.py:588} INFO - Filling up the DagBag from /home/airflow/.local/lib/python3.12/site-packages/airflow/example_dags/example_local_kubernetes_executor.py
[2025-02-06T18:53:47.840+0000] {processor.py:925} INFO - DAG(s) 'example_local_kubernetes_executor' retrieved from /home/airflow/.local/lib/python3.12/site-packages/airflow/example_dags/example_local_kubernetes_executor.py
[2025-02-06T18:53:47.874+0000] {logging_mixin.py:190} INFO - [2025-02-06T18:53:47.874+0000] {dag.py:3239} INFO - Sync 1 DAGs
[2025-02-06T18:53:47.896+0000] {logging_mixin.py:190} INFO - [2025-02-06T18:53:47.896+0000] {dag.py:4180} INFO - Setting next_dagrun for example_local_kubernetes_executor to None, run_after=None
[2025-02-06T18:53:47.924+0000] {processor.py:208} INFO - Processing /home/airflow/.local/lib/python3.12/site-packages/airflow/example_dags/example_local_kubernetes_executor.py took 0.110 seconds
[2025-02-06T18:54:18.489+0000] {processor.py:186} INFO - Started process (PID=4323) to work on /home/airflow/.local/lib/python3.12/site-packages/airflow/example_dags/example_local_kubernetes_executor.py
[2025-02-06T18:54:18.490+0000] {processor.py:914} INFO - Processing file /home/airflow/.local/lib/python3.12/site-packages/airflow/example_dags/example_local_kubernetes_executor.py for tasks to queue
[2025-02-06T18:54:18.495+0000] {logging_mixin.py:190} INFO - [2025-02-06T18:54:18.494+0000] {dagbag.py:588} INFO - Filling up the DagBag from /home/airflow/.local/lib/python3.12/site-packages/airflow/example_dags/example_local_kubernetes_executor.py
[2025-02-06T18:54:18.516+0000] {processor.py:925} INFO - DAG(s) 'example_local_kubernetes_executor' retrieved from /home/airflow/.local/lib/python3.12/site-packages/airflow/example_dags/example_local_kubernetes_executor.py
[2025-02-06T18:54:18.548+0000] {logging_mixin.py:190} INFO - [2025-02-06T18:54:18.547+0000] {dag.py:3239} INFO - Sync 1 DAGs
[2025-02-06T18:54:18.579+0000] {logging_mixin.py:190} INFO - [2025-02-06T18:54:18.579+0000] {dag.py:4180} INFO - Setting next_dagrun for example_local_kubernetes_executor to None, run_after=None
[2025-02-06T18:54:18.617+0000] {processor.py:208} INFO - Processing /home/airflow/.local/lib/python3.12/site-packages/airflow/example_dags/example_local_kubernetes_executor.py took 0.140 seconds
[2025-02-06T18:54:49.053+0000] {processor.py:186} INFO - Started process (PID=4380) to work on /home/airflow/.local/lib/python3.12/site-packages/airflow/example_dags/example_local_kubernetes_executor.py
[2025-02-06T18:54:49.054+0000] {processor.py:914} INFO - Processing file /home/airflow/.local/lib/python3.12/site-packages/airflow/example_dags/example_local_kubernetes_executor.py for tasks to queue
[2025-02-06T18:54:49.058+0000] {logging_mixin.py:190} INFO - [2025-02-06T18:54:49.057+0000] {dagbag.py:588} INFO - Filling up the DagBag from /home/airflow/.local/lib/python3.12/site-packages/airflow/example_dags/example_local_kubernetes_executor.py
[2025-02-06T18:54:49.072+0000] {processor.py:925} INFO - DAG(s) 'example_local_kubernetes_executor' retrieved from /home/airflow/.local/lib/python3.12/site-packages/airflow/example_dags/example_local_kubernetes_executor.py
[2025-02-06T18:54:49.099+0000] {logging_mixin.py:190} INFO - [2025-02-06T18:54:49.099+0000] {dag.py:3239} INFO - Sync 1 DAGs
[2025-02-06T18:54:49.121+0000] {logging_mixin.py:190} INFO - [2025-02-06T18:54:49.120+0000] {dag.py:4180} INFO - Setting next_dagrun for example_local_kubernetes_executor to None, run_after=None
[2025-02-06T18:54:49.143+0000] {processor.py:208} INFO - Processing /home/airflow/.local/lib/python3.12/site-packages/airflow/example_dags/example_local_kubernetes_executor.py took 0.098 seconds
[2025-02-06T18:55:19.505+0000] {processor.py:186} INFO - Started process (PID=4437) to work on /home/airflow/.local/lib/python3.12/site-packages/airflow/example_dags/example_local_kubernetes_executor.py
[2025-02-06T18:55:19.506+0000] {processor.py:914} INFO - Processing file /home/airflow/.local/lib/python3.12/site-packages/airflow/example_dags/example_local_kubernetes_executor.py for tasks to queue
[2025-02-06T18:55:19.510+0000] {logging_mixin.py:190} INFO - [2025-02-06T18:55:19.510+0000] {dagbag.py:588} INFO - Filling up the DagBag from /home/airflow/.local/lib/python3.12/site-packages/airflow/example_dags/example_local_kubernetes_executor.py
[2025-02-06T18:55:19.525+0000] {processor.py:925} INFO - DAG(s) 'example_local_kubernetes_executor' retrieved from /home/airflow/.local/lib/python3.12/site-packages/airflow/example_dags/example_local_kubernetes_executor.py
[2025-02-06T18:55:19.563+0000] {logging_mixin.py:190} INFO - [2025-02-06T18:55:19.563+0000] {dag.py:3239} INFO - Sync 1 DAGs
[2025-02-06T18:55:19.592+0000] {logging_mixin.py:190} INFO - [2025-02-06T18:55:19.592+0000] {dag.py:4180} INFO - Setting next_dagrun for example_local_kubernetes_executor to None, run_after=None
[2025-02-06T18:55:19.621+0000] {processor.py:208} INFO - Processing /home/airflow/.local/lib/python3.12/site-packages/airflow/example_dags/example_local_kubernetes_executor.py took 0.126 seconds
[2025-02-06T18:55:50.429+0000] {processor.py:186} INFO - Started process (PID=4494) to work on /home/airflow/.local/lib/python3.12/site-packages/airflow/example_dags/example_local_kubernetes_executor.py
[2025-02-06T18:55:50.430+0000] {processor.py:914} INFO - Processing file /home/airflow/.local/lib/python3.12/site-packages/airflow/example_dags/example_local_kubernetes_executor.py for tasks to queue
[2025-02-06T18:55:50.434+0000] {logging_mixin.py:190} INFO - [2025-02-06T18:55:50.433+0000] {dagbag.py:588} INFO - Filling up the DagBag from /home/airflow/.local/lib/python3.12/site-packages/airflow/example_dags/example_local_kubernetes_executor.py
[2025-02-06T18:55:50.457+0000] {processor.py:925} INFO - DAG(s) 'example_local_kubernetes_executor' retrieved from /home/airflow/.local/lib/python3.12/site-packages/airflow/example_dags/example_local_kubernetes_executor.py
[2025-02-06T18:55:50.497+0000] {logging_mixin.py:190} INFO - [2025-02-06T18:55:50.497+0000] {dag.py:3239} INFO - Sync 1 DAGs
[2025-02-06T18:55:50.522+0000] {logging_mixin.py:190} INFO - [2025-02-06T18:55:50.522+0000] {dag.py:4180} INFO - Setting next_dagrun for example_local_kubernetes_executor to None, run_after=None
[2025-02-06T18:55:50.548+0000] {processor.py:208} INFO - Processing /home/airflow/.local/lib/python3.12/site-packages/airflow/example_dags/example_local_kubernetes_executor.py took 0.130 seconds
[2025-02-06T18:56:20.743+0000] {processor.py:186} INFO - Started process (PID=4551) to work on /home/airflow/.local/lib/python3.12/site-packages/airflow/example_dags/example_local_kubernetes_executor.py
[2025-02-06T18:56:20.745+0000] {processor.py:914} INFO - Processing file /home/airflow/.local/lib/python3.12/site-packages/airflow/example_dags/example_local_kubernetes_executor.py for tasks to queue
[2025-02-06T18:56:20.749+0000] {logging_mixin.py:190} INFO - [2025-02-06T18:56:20.748+0000] {dagbag.py:588} INFO - Filling up the DagBag from /home/airflow/.local/lib/python3.12/site-packages/airflow/example_dags/example_local_kubernetes_executor.py
[2025-02-06T18:56:20.769+0000] {processor.py:925} INFO - DAG(s) 'example_local_kubernetes_executor' retrieved from /home/airflow/.local/lib/python3.12/site-packages/airflow/example_dags/example_local_kubernetes_executor.py
[2025-02-06T18:56:20.802+0000] {logging_mixin.py:190} INFO - [2025-02-06T18:56:20.801+0000] {dag.py:3239} INFO - Sync 1 DAGs
[2025-02-06T18:56:20.835+0000] {logging_mixin.py:190} INFO - [2025-02-06T18:56:20.834+0000] {dag.py:4180} INFO - Setting next_dagrun for example_local_kubernetes_executor to None, run_after=None
[2025-02-06T18:56:20.872+0000] {processor.py:208} INFO - Processing /home/airflow/.local/lib/python3.12/site-packages/airflow/example_dags/example_local_kubernetes_executor.py took 0.143 seconds
[2025-02-06T18:56:52.040+0000] {processor.py:186} INFO - Started process (PID=4608) to work on /home/airflow/.local/lib/python3.12/site-packages/airflow/example_dags/example_local_kubernetes_executor.py
[2025-02-06T18:56:52.042+0000] {processor.py:914} INFO - Processing file /home/airflow/.local/lib/python3.12/site-packages/airflow/example_dags/example_local_kubernetes_executor.py for tasks to queue
[2025-02-06T18:56:52.045+0000] {logging_mixin.py:190} INFO - [2025-02-06T18:56:52.045+0000] {dagbag.py:588} INFO - Filling up the DagBag from /home/airflow/.local/lib/python3.12/site-packages/airflow/example_dags/example_local_kubernetes_executor.py
[2025-02-06T18:56:52.063+0000] {processor.py:925} INFO - DAG(s) 'example_local_kubernetes_executor' retrieved from /home/airflow/.local/lib/python3.12/site-packages/airflow/example_dags/example_local_kubernetes_executor.py
[2025-02-06T18:56:52.094+0000] {logging_mixin.py:190} INFO - [2025-02-06T18:56:52.093+0000] {dag.py:3239} INFO - Sync 1 DAGs
[2025-02-06T18:56:52.117+0000] {logging_mixin.py:190} INFO - [2025-02-06T18:56:52.117+0000] {dag.py:4180} INFO - Setting next_dagrun for example_local_kubernetes_executor to None, run_after=None
[2025-02-06T18:56:52.148+0000] {processor.py:208} INFO - Processing /home/airflow/.local/lib/python3.12/site-packages/airflow/example_dags/example_local_kubernetes_executor.py took 0.117 seconds
[2025-02-06T18:57:22.756+0000] {processor.py:186} INFO - Started process (PID=4650) to work on /home/airflow/.local/lib/python3.12/site-packages/airflow/example_dags/example_local_kubernetes_executor.py
[2025-02-06T18:57:22.757+0000] {processor.py:914} INFO - Processing file /home/airflow/.local/lib/python3.12/site-packages/airflow/example_dags/example_local_kubernetes_executor.py for tasks to queue
[2025-02-06T18:57:22.762+0000] {logging_mixin.py:190} INFO - [2025-02-06T18:57:22.761+0000] {dagbag.py:588} INFO - Filling up the DagBag from /home/airflow/.local/lib/python3.12/site-packages/airflow/example_dags/example_local_kubernetes_executor.py
[2025-02-06T18:57:22.781+0000] {processor.py:925} INFO - DAG(s) 'example_local_kubernetes_executor' retrieved from /home/airflow/.local/lib/python3.12/site-packages/airflow/example_dags/example_local_kubernetes_executor.py
[2025-02-06T18:57:22.827+0000] {logging_mixin.py:190} INFO - [2025-02-06T18:57:22.827+0000] {dag.py:3239} INFO - Sync 1 DAGs
[2025-02-06T18:57:22.864+0000] {logging_mixin.py:190} INFO - [2025-02-06T18:57:22.863+0000] {dag.py:4180} INFO - Setting next_dagrun for example_local_kubernetes_executor to None, run_after=None
[2025-02-06T18:57:22.908+0000] {processor.py:208} INFO - Processing /home/airflow/.local/lib/python3.12/site-packages/airflow/example_dags/example_local_kubernetes_executor.py took 0.162 seconds
[2025-02-06T18:57:54.717+0000] {processor.py:186} INFO - Started process (PID=4707) to work on /home/airflow/.local/lib/python3.12/site-packages/airflow/example_dags/example_local_kubernetes_executor.py
[2025-02-06T18:57:54.720+0000] {processor.py:914} INFO - Processing file /home/airflow/.local/lib/python3.12/site-packages/airflow/example_dags/example_local_kubernetes_executor.py for tasks to queue
[2025-02-06T18:57:54.731+0000] {logging_mixin.py:190} INFO - [2025-02-06T18:57:54.730+0000] {dagbag.py:588} INFO - Filling up the DagBag from /home/airflow/.local/lib/python3.12/site-packages/airflow/example_dags/example_local_kubernetes_executor.py
[2025-02-06T18:57:54.787+0000] {processor.py:925} INFO - DAG(s) 'example_local_kubernetes_executor' retrieved from /home/airflow/.local/lib/python3.12/site-packages/airflow/example_dags/example_local_kubernetes_executor.py
[2025-02-06T18:57:54.851+0000] {logging_mixin.py:190} INFO - [2025-02-06T18:57:54.850+0000] {dag.py:3239} INFO - Sync 1 DAGs
[2025-02-06T18:57:54.906+0000] {logging_mixin.py:190} INFO - [2025-02-06T18:57:54.905+0000] {dag.py:4180} INFO - Setting next_dagrun for example_local_kubernetes_executor to None, run_after=None
[2025-02-06T18:57:54.979+0000] {processor.py:208} INFO - Processing /home/airflow/.local/lib/python3.12/site-packages/airflow/example_dags/example_local_kubernetes_executor.py took 0.279 seconds
[2025-02-06T18:58:26.978+0000] {processor.py:186} INFO - Started process (PID=4767) to work on /home/airflow/.local/lib/python3.12/site-packages/airflow/example_dags/example_local_kubernetes_executor.py
[2025-02-06T18:58:26.980+0000] {processor.py:914} INFO - Processing file /home/airflow/.local/lib/python3.12/site-packages/airflow/example_dags/example_local_kubernetes_executor.py for tasks to queue
[2025-02-06T18:58:26.985+0000] {logging_mixin.py:190} INFO - [2025-02-06T18:58:26.984+0000] {dagbag.py:588} INFO - Filling up the DagBag from /home/airflow/.local/lib/python3.12/site-packages/airflow/example_dags/example_local_kubernetes_executor.py
[2025-02-06T18:58:27.007+0000] {processor.py:925} INFO - DAG(s) 'example_local_kubernetes_executor' retrieved from /home/airflow/.local/lib/python3.12/site-packages/airflow/example_dags/example_local_kubernetes_executor.py
[2025-02-06T18:58:27.054+0000] {logging_mixin.py:190} INFO - [2025-02-06T18:58:27.053+0000] {dag.py:3239} INFO - Sync 1 DAGs
[2025-02-06T18:58:27.089+0000] {logging_mixin.py:190} INFO - [2025-02-06T18:58:27.088+0000] {dag.py:4180} INFO - Setting next_dagrun for example_local_kubernetes_executor to None, run_after=None
[2025-02-06T18:58:27.135+0000] {processor.py:208} INFO - Processing /home/airflow/.local/lib/python3.12/site-packages/airflow/example_dags/example_local_kubernetes_executor.py took 0.170 seconds
[2025-02-06T18:58:58.317+0000] {processor.py:186} INFO - Started process (PID=4824) to work on /home/airflow/.local/lib/python3.12/site-packages/airflow/example_dags/example_local_kubernetes_executor.py
[2025-02-06T18:58:58.320+0000] {processor.py:914} INFO - Processing file /home/airflow/.local/lib/python3.12/site-packages/airflow/example_dags/example_local_kubernetes_executor.py for tasks to queue
[2025-02-06T18:58:58.336+0000] {logging_mixin.py:190} INFO - [2025-02-06T18:58:58.335+0000] {dagbag.py:588} INFO - Filling up the DagBag from /home/airflow/.local/lib/python3.12/site-packages/airflow/example_dags/example_local_kubernetes_executor.py
[2025-02-06T18:58:58.360+0000] {processor.py:925} INFO - DAG(s) 'example_local_kubernetes_executor' retrieved from /home/airflow/.local/lib/python3.12/site-packages/airflow/example_dags/example_local_kubernetes_executor.py
[2025-02-06T18:58:58.411+0000] {logging_mixin.py:190} INFO - [2025-02-06T18:58:58.410+0000] {dag.py:3239} INFO - Sync 1 DAGs
[2025-02-06T18:58:58.445+0000] {logging_mixin.py:190} INFO - [2025-02-06T18:58:58.445+0000] {dag.py:4180} INFO - Setting next_dagrun for example_local_kubernetes_executor to None, run_after=None
[2025-02-06T18:58:58.485+0000] {processor.py:208} INFO - Processing /home/airflow/.local/lib/python3.12/site-packages/airflow/example_dags/example_local_kubernetes_executor.py took 0.192 seconds
[2025-02-06T18:59:29.031+0000] {processor.py:186} INFO - Started process (PID=4880) to work on /home/airflow/.local/lib/python3.12/site-packages/airflow/example_dags/example_local_kubernetes_executor.py
[2025-02-06T18:59:29.033+0000] {processor.py:914} INFO - Processing file /home/airflow/.local/lib/python3.12/site-packages/airflow/example_dags/example_local_kubernetes_executor.py for tasks to queue
[2025-02-06T18:59:29.037+0000] {logging_mixin.py:190} INFO - [2025-02-06T18:59:29.036+0000] {dagbag.py:588} INFO - Filling up the DagBag from /home/airflow/.local/lib/python3.12/site-packages/airflow/example_dags/example_local_kubernetes_executor.py
[2025-02-06T18:59:29.055+0000] {processor.py:925} INFO - DAG(s) 'example_local_kubernetes_executor' retrieved from /home/airflow/.local/lib/python3.12/site-packages/airflow/example_dags/example_local_kubernetes_executor.py
[2025-02-06T18:59:29.088+0000] {logging_mixin.py:190} INFO - [2025-02-06T18:59:29.088+0000] {dag.py:3239} INFO - Sync 1 DAGs
[2025-02-06T18:59:29.125+0000] {logging_mixin.py:190} INFO - [2025-02-06T18:59:29.124+0000] {dag.py:4180} INFO - Setting next_dagrun for example_local_kubernetes_executor to None, run_after=None
[2025-02-06T18:59:29.175+0000] {processor.py:208} INFO - Processing /home/airflow/.local/lib/python3.12/site-packages/airflow/example_dags/example_local_kubernetes_executor.py took 0.158 seconds
[2025-02-06T19:00:00.171+0000] {processor.py:186} INFO - Started process (PID=4937) to work on /home/airflow/.local/lib/python3.12/site-packages/airflow/example_dags/example_local_kubernetes_executor.py
[2025-02-06T19:00:00.173+0000] {processor.py:914} INFO - Processing file /home/airflow/.local/lib/python3.12/site-packages/airflow/example_dags/example_local_kubernetes_executor.py for tasks to queue
[2025-02-06T19:00:00.177+0000] {logging_mixin.py:190} INFO - [2025-02-06T19:00:00.177+0000] {dagbag.py:588} INFO - Filling up the DagBag from /home/airflow/.local/lib/python3.12/site-packages/airflow/example_dags/example_local_kubernetes_executor.py
[2025-02-06T19:00:00.194+0000] {processor.py:925} INFO - DAG(s) 'example_local_kubernetes_executor' retrieved from /home/airflow/.local/lib/python3.12/site-packages/airflow/example_dags/example_local_kubernetes_executor.py
[2025-02-06T19:00:00.227+0000] {logging_mixin.py:190} INFO - [2025-02-06T19:00:00.226+0000] {dag.py:3239} INFO - Sync 1 DAGs
[2025-02-06T19:00:00.257+0000] {logging_mixin.py:190} INFO - [2025-02-06T19:00:00.256+0000] {dag.py:4180} INFO - Setting next_dagrun for example_local_kubernetes_executor to None, run_after=None
[2025-02-06T19:00:00.289+0000] {processor.py:208} INFO - Processing /home/airflow/.local/lib/python3.12/site-packages/airflow/example_dags/example_local_kubernetes_executor.py took 0.129 seconds
[2025-02-06T19:00:31.082+0000] {processor.py:186} INFO - Started process (PID=4993) to work on /home/airflow/.local/lib/python3.12/site-packages/airflow/example_dags/example_local_kubernetes_executor.py
[2025-02-06T19:00:31.085+0000] {processor.py:914} INFO - Processing file /home/airflow/.local/lib/python3.12/site-packages/airflow/example_dags/example_local_kubernetes_executor.py for tasks to queue
[2025-02-06T19:00:31.091+0000] {logging_mixin.py:190} INFO - [2025-02-06T19:00:31.090+0000] {dagbag.py:588} INFO - Filling up the DagBag from /home/airflow/.local/lib/python3.12/site-packages/airflow/example_dags/example_local_kubernetes_executor.py
[2025-02-06T19:00:31.111+0000] {processor.py:925} INFO - DAG(s) 'example_local_kubernetes_executor' retrieved from /home/airflow/.local/lib/python3.12/site-packages/airflow/example_dags/example_local_kubernetes_executor.py
[2025-02-06T19:00:31.140+0000] {logging_mixin.py:190} INFO - [2025-02-06T19:00:31.139+0000] {dag.py:3239} INFO - Sync 1 DAGs
[2025-02-06T19:00:31.164+0000] {logging_mixin.py:190} INFO - [2025-02-06T19:00:31.164+0000] {dag.py:4180} INFO - Setting next_dagrun for example_local_kubernetes_executor to None, run_after=None
[2025-02-06T19:00:31.196+0000] {processor.py:208} INFO - Processing /home/airflow/.local/lib/python3.12/site-packages/airflow/example_dags/example_local_kubernetes_executor.py took 0.125 seconds
[2025-02-06T19:01:02.178+0000] {processor.py:186} INFO - Started process (PID=5052) to work on /home/airflow/.local/lib/python3.12/site-packages/airflow/example_dags/example_local_kubernetes_executor.py
[2025-02-06T19:01:02.180+0000] {processor.py:914} INFO - Processing file /home/airflow/.local/lib/python3.12/site-packages/airflow/example_dags/example_local_kubernetes_executor.py for tasks to queue
[2025-02-06T19:01:02.187+0000] {logging_mixin.py:190} INFO - [2025-02-06T19:01:02.186+0000] {dagbag.py:588} INFO - Filling up the DagBag from /home/airflow/.local/lib/python3.12/site-packages/airflow/example_dags/example_local_kubernetes_executor.py
[2025-02-06T19:01:02.222+0000] {processor.py:925} INFO - DAG(s) 'example_local_kubernetes_executor' retrieved from /home/airflow/.local/lib/python3.12/site-packages/airflow/example_dags/example_local_kubernetes_executor.py
[2025-02-06T19:01:02.288+0000] {logging_mixin.py:190} INFO - [2025-02-06T19:01:02.288+0000] {dag.py:3239} INFO - Sync 1 DAGs
[2025-02-06T19:01:02.366+0000] {logging_mixin.py:190} INFO - [2025-02-06T19:01:02.366+0000] {dag.py:4180} INFO - Setting next_dagrun for example_local_kubernetes_executor to None, run_after=None
[2025-02-06T19:01:02.440+0000] {processor.py:208} INFO - Processing /home/airflow/.local/lib/python3.12/site-packages/airflow/example_dags/example_local_kubernetes_executor.py took 0.277 seconds
[2025-02-06T19:01:33.083+0000] {processor.py:186} INFO - Started process (PID=5109) to work on /home/airflow/.local/lib/python3.12/site-packages/airflow/example_dags/example_local_kubernetes_executor.py
[2025-02-06T19:01:33.085+0000] {processor.py:914} INFO - Processing file /home/airflow/.local/lib/python3.12/site-packages/airflow/example_dags/example_local_kubernetes_executor.py for tasks to queue
[2025-02-06T19:01:33.089+0000] {logging_mixin.py:190} INFO - [2025-02-06T19:01:33.089+0000] {dagbag.py:588} INFO - Filling up the DagBag from /home/airflow/.local/lib/python3.12/site-packages/airflow/example_dags/example_local_kubernetes_executor.py
[2025-02-06T19:01:33.108+0000] {processor.py:925} INFO - DAG(s) 'example_local_kubernetes_executor' retrieved from /home/airflow/.local/lib/python3.12/site-packages/airflow/example_dags/example_local_kubernetes_executor.py
[2025-02-06T19:01:33.158+0000] {logging_mixin.py:190} INFO - [2025-02-06T19:01:33.158+0000] {dag.py:3239} INFO - Sync 1 DAGs
[2025-02-06T19:01:33.190+0000] {logging_mixin.py:190} INFO - [2025-02-06T19:01:33.189+0000] {dag.py:4180} INFO - Setting next_dagrun for example_local_kubernetes_executor to None, run_after=None
[2025-02-06T19:01:33.230+0000] {processor.py:208} INFO - Processing /home/airflow/.local/lib/python3.12/site-packages/airflow/example_dags/example_local_kubernetes_executor.py took 0.157 seconds
[2025-02-06T19:02:03.513+0000] {processor.py:186} INFO - Started process (PID=5166) to work on /home/airflow/.local/lib/python3.12/site-packages/airflow/example_dags/example_local_kubernetes_executor.py
[2025-02-06T19:02:03.525+0000] {processor.py:914} INFO - Processing file /home/airflow/.local/lib/python3.12/site-packages/airflow/example_dags/example_local_kubernetes_executor.py for tasks to queue
[2025-02-06T19:02:03.531+0000] {logging_mixin.py:190} INFO - [2025-02-06T19:02:03.530+0000] {dagbag.py:588} INFO - Filling up the DagBag from /home/airflow/.local/lib/python3.12/site-packages/airflow/example_dags/example_local_kubernetes_executor.py
[2025-02-06T19:02:03.552+0000] {processor.py:925} INFO - DAG(s) 'example_local_kubernetes_executor' retrieved from /home/airflow/.local/lib/python3.12/site-packages/airflow/example_dags/example_local_kubernetes_executor.py
[2025-02-06T19:02:03.597+0000] {logging_mixin.py:190} INFO - [2025-02-06T19:02:03.597+0000] {dag.py:3239} INFO - Sync 1 DAGs
[2025-02-06T19:02:03.631+0000] {logging_mixin.py:190} INFO - [2025-02-06T19:02:03.631+0000] {dag.py:4180} INFO - Setting next_dagrun for example_local_kubernetes_executor to None, run_after=None
[2025-02-06T19:02:03.668+0000] {processor.py:208} INFO - Processing /home/airflow/.local/lib/python3.12/site-packages/airflow/example_dags/example_local_kubernetes_executor.py took 0.169 seconds
[2025-02-06T19:02:34.559+0000] {processor.py:186} INFO - Started process (PID=5223) to work on /home/airflow/.local/lib/python3.12/site-packages/airflow/example_dags/example_local_kubernetes_executor.py
[2025-02-06T19:02:34.561+0000] {processor.py:914} INFO - Processing file /home/airflow/.local/lib/python3.12/site-packages/airflow/example_dags/example_local_kubernetes_executor.py for tasks to queue
[2025-02-06T19:02:34.564+0000] {logging_mixin.py:190} INFO - [2025-02-06T19:02:34.564+0000] {dagbag.py:588} INFO - Filling up the DagBag from /home/airflow/.local/lib/python3.12/site-packages/airflow/example_dags/example_local_kubernetes_executor.py
[2025-02-06T19:02:34.577+0000] {processor.py:925} INFO - DAG(s) 'example_local_kubernetes_executor' retrieved from /home/airflow/.local/lib/python3.12/site-packages/airflow/example_dags/example_local_kubernetes_executor.py
[2025-02-06T19:02:34.608+0000] {logging_mixin.py:190} INFO - [2025-02-06T19:02:34.607+0000] {dag.py:3239} INFO - Sync 1 DAGs
[2025-02-06T19:02:34.630+0000] {logging_mixin.py:190} INFO - [2025-02-06T19:02:34.629+0000] {dag.py:4180} INFO - Setting next_dagrun for example_local_kubernetes_executor to None, run_after=None
[2025-02-06T19:02:34.656+0000] {processor.py:208} INFO - Processing /home/airflow/.local/lib/python3.12/site-packages/airflow/example_dags/example_local_kubernetes_executor.py took 0.106 seconds
[2025-02-06T19:03:04.932+0000] {processor.py:186} INFO - Started process (PID=5280) to work on /home/airflow/.local/lib/python3.12/site-packages/airflow/example_dags/example_local_kubernetes_executor.py
[2025-02-06T19:03:04.934+0000] {processor.py:914} INFO - Processing file /home/airflow/.local/lib/python3.12/site-packages/airflow/example_dags/example_local_kubernetes_executor.py for tasks to queue
[2025-02-06T19:03:04.936+0000] {logging_mixin.py:190} INFO - [2025-02-06T19:03:04.936+0000] {dagbag.py:588} INFO - Filling up the DagBag from /home/airflow/.local/lib/python3.12/site-packages/airflow/example_dags/example_local_kubernetes_executor.py
[2025-02-06T19:03:04.948+0000] {processor.py:925} INFO - DAG(s) 'example_local_kubernetes_executor' retrieved from /home/airflow/.local/lib/python3.12/site-packages/airflow/example_dags/example_local_kubernetes_executor.py
[2025-02-06T19:03:04.974+0000] {logging_mixin.py:190} INFO - [2025-02-06T19:03:04.974+0000] {dag.py:3239} INFO - Sync 1 DAGs
[2025-02-06T19:03:04.995+0000] {logging_mixin.py:190} INFO - [2025-02-06T19:03:04.995+0000] {dag.py:4180} INFO - Setting next_dagrun for example_local_kubernetes_executor to None, run_after=None
[2025-02-06T19:03:05.024+0000] {processor.py:208} INFO - Processing /home/airflow/.local/lib/python3.12/site-packages/airflow/example_dags/example_local_kubernetes_executor.py took 0.099 seconds
[2025-02-06T19:03:35.178+0000] {processor.py:186} INFO - Started process (PID=5337) to work on /home/airflow/.local/lib/python3.12/site-packages/airflow/example_dags/example_local_kubernetes_executor.py
[2025-02-06T19:03:35.180+0000] {processor.py:914} INFO - Processing file /home/airflow/.local/lib/python3.12/site-packages/airflow/example_dags/example_local_kubernetes_executor.py for tasks to queue
[2025-02-06T19:03:35.184+0000] {logging_mixin.py:190} INFO - [2025-02-06T19:03:35.184+0000] {dagbag.py:588} INFO - Filling up the DagBag from /home/airflow/.local/lib/python3.12/site-packages/airflow/example_dags/example_local_kubernetes_executor.py
[2025-02-06T19:03:35.199+0000] {processor.py:925} INFO - DAG(s) 'example_local_kubernetes_executor' retrieved from /home/airflow/.local/lib/python3.12/site-packages/airflow/example_dags/example_local_kubernetes_executor.py
[2025-02-06T19:03:35.227+0000] {logging_mixin.py:190} INFO - [2025-02-06T19:03:35.226+0000] {dag.py:3239} INFO - Sync 1 DAGs
[2025-02-06T19:03:35.256+0000] {logging_mixin.py:190} INFO - [2025-02-06T19:03:35.255+0000] {dag.py:4180} INFO - Setting next_dagrun for example_local_kubernetes_executor to None, run_after=None
[2025-02-06T19:03:35.293+0000] {processor.py:208} INFO - Processing /home/airflow/.local/lib/python3.12/site-packages/airflow/example_dags/example_local_kubernetes_executor.py took 0.124 seconds
[2025-02-06T19:04:05.861+0000] {processor.py:186} INFO - Started process (PID=5394) to work on /home/airflow/.local/lib/python3.12/site-packages/airflow/example_dags/example_local_kubernetes_executor.py
[2025-02-06T19:04:05.863+0000] {processor.py:914} INFO - Processing file /home/airflow/.local/lib/python3.12/site-packages/airflow/example_dags/example_local_kubernetes_executor.py for tasks to queue
[2025-02-06T19:04:05.867+0000] {logging_mixin.py:190} INFO - [2025-02-06T19:04:05.867+0000] {dagbag.py:588} INFO - Filling up the DagBag from /home/airflow/.local/lib/python3.12/site-packages/airflow/example_dags/example_local_kubernetes_executor.py
[2025-02-06T19:04:05.886+0000] {processor.py:925} INFO - DAG(s) 'example_local_kubernetes_executor' retrieved from /home/airflow/.local/lib/python3.12/site-packages/airflow/example_dags/example_local_kubernetes_executor.py
[2025-02-06T19:04:05.936+0000] {logging_mixin.py:190} INFO - [2025-02-06T19:04:05.935+0000] {dag.py:3239} INFO - Sync 1 DAGs
[2025-02-06T19:04:05.987+0000] {logging_mixin.py:190} INFO - [2025-02-06T19:04:05.986+0000] {dag.py:4180} INFO - Setting next_dagrun for example_local_kubernetes_executor to None, run_after=None
[2025-02-06T19:04:06.030+0000] {processor.py:208} INFO - Processing /home/airflow/.local/lib/python3.12/site-packages/airflow/example_dags/example_local_kubernetes_executor.py took 0.180 seconds
[2025-02-06T19:04:36.923+0000] {processor.py:186} INFO - Started process (PID=5451) to work on /home/airflow/.local/lib/python3.12/site-packages/airflow/example_dags/example_local_kubernetes_executor.py
[2025-02-06T19:04:36.926+0000] {processor.py:914} INFO - Processing file /home/airflow/.local/lib/python3.12/site-packages/airflow/example_dags/example_local_kubernetes_executor.py for tasks to queue
[2025-02-06T19:04:36.938+0000] {logging_mixin.py:190} INFO - [2025-02-06T19:04:36.931+0000] {dagbag.py:588} INFO - Filling up the DagBag from /home/airflow/.local/lib/python3.12/site-packages/airflow/example_dags/example_local_kubernetes_executor.py
[2025-02-06T19:04:36.967+0000] {processor.py:925} INFO - DAG(s) 'example_local_kubernetes_executor' retrieved from /home/airflow/.local/lib/python3.12/site-packages/airflow/example_dags/example_local_kubernetes_executor.py
[2025-02-06T19:04:37.016+0000] {logging_mixin.py:190} INFO - [2025-02-06T19:04:37.015+0000] {dag.py:3239} INFO - Sync 1 DAGs
[2025-02-06T19:04:37.045+0000] {logging_mixin.py:190} INFO - [2025-02-06T19:04:37.045+0000] {dag.py:4180} INFO - Setting next_dagrun for example_local_kubernetes_executor to None, run_after=None
[2025-02-06T19:04:37.075+0000] {processor.py:208} INFO - Processing /home/airflow/.local/lib/python3.12/site-packages/airflow/example_dags/example_local_kubernetes_executor.py took 0.177 seconds
[2025-02-06T19:05:07.323+0000] {processor.py:186} INFO - Started process (PID=5507) to work on /home/airflow/.local/lib/python3.12/site-packages/airflow/example_dags/example_local_kubernetes_executor.py
[2025-02-06T19:05:07.325+0000] {processor.py:914} INFO - Processing file /home/airflow/.local/lib/python3.12/site-packages/airflow/example_dags/example_local_kubernetes_executor.py for tasks to queue
[2025-02-06T19:05:07.329+0000] {logging_mixin.py:190} INFO - [2025-02-06T19:05:07.329+0000] {dagbag.py:588} INFO - Filling up the DagBag from /home/airflow/.local/lib/python3.12/site-packages/airflow/example_dags/example_local_kubernetes_executor.py
[2025-02-06T19:05:07.346+0000] {processor.py:925} INFO - DAG(s) 'example_local_kubernetes_executor' retrieved from /home/airflow/.local/lib/python3.12/site-packages/airflow/example_dags/example_local_kubernetes_executor.py
[2025-02-06T19:05:07.386+0000] {logging_mixin.py:190} INFO - [2025-02-06T19:05:07.386+0000] {dag.py:3239} INFO - Sync 1 DAGs
[2025-02-06T19:05:07.428+0000] {logging_mixin.py:190} INFO - [2025-02-06T19:05:07.428+0000] {dag.py:4180} INFO - Setting next_dagrun for example_local_kubernetes_executor to None, run_after=None
[2025-02-06T19:05:07.491+0000] {processor.py:208} INFO - Processing /home/airflow/.local/lib/python3.12/site-packages/airflow/example_dags/example_local_kubernetes_executor.py took 0.181 seconds
[2025-02-06T19:05:37.682+0000] {processor.py:186} INFO - Started process (PID=5564) to work on /home/airflow/.local/lib/python3.12/site-packages/airflow/example_dags/example_local_kubernetes_executor.py
[2025-02-06T19:05:37.683+0000] {processor.py:914} INFO - Processing file /home/airflow/.local/lib/python3.12/site-packages/airflow/example_dags/example_local_kubernetes_executor.py for tasks to queue
[2025-02-06T19:05:37.687+0000] {logging_mixin.py:190} INFO - [2025-02-06T19:05:37.687+0000] {dagbag.py:588} INFO - Filling up the DagBag from /home/airflow/.local/lib/python3.12/site-packages/airflow/example_dags/example_local_kubernetes_executor.py
[2025-02-06T19:05:37.704+0000] {processor.py:925} INFO - DAG(s) 'example_local_kubernetes_executor' retrieved from /home/airflow/.local/lib/python3.12/site-packages/airflow/example_dags/example_local_kubernetes_executor.py
[2025-02-06T19:05:37.733+0000] {logging_mixin.py:190} INFO - [2025-02-06T19:05:37.732+0000] {dag.py:3239} INFO - Sync 1 DAGs
[2025-02-06T19:05:37.756+0000] {logging_mixin.py:190} INFO - [2025-02-06T19:05:37.756+0000] {dag.py:4180} INFO - Setting next_dagrun for example_local_kubernetes_executor to None, run_after=None
[2025-02-06T19:05:37.788+0000] {processor.py:208} INFO - Processing /home/airflow/.local/lib/python3.12/site-packages/airflow/example_dags/example_local_kubernetes_executor.py took 0.117 seconds
[2025-02-06T19:06:07.989+0000] {processor.py:186} INFO - Started process (PID=5620) to work on /home/airflow/.local/lib/python3.12/site-packages/airflow/example_dags/example_local_kubernetes_executor.py
[2025-02-06T19:06:07.990+0000] {processor.py:914} INFO - Processing file /home/airflow/.local/lib/python3.12/site-packages/airflow/example_dags/example_local_kubernetes_executor.py for tasks to queue
[2025-02-06T19:06:07.993+0000] {logging_mixin.py:190} INFO - [2025-02-06T19:06:07.993+0000] {dagbag.py:588} INFO - Filling up the DagBag from /home/airflow/.local/lib/python3.12/site-packages/airflow/example_dags/example_local_kubernetes_executor.py
[2025-02-06T19:06:08.006+0000] {processor.py:925} INFO - DAG(s) 'example_local_kubernetes_executor' retrieved from /home/airflow/.local/lib/python3.12/site-packages/airflow/example_dags/example_local_kubernetes_executor.py
[2025-02-06T19:06:08.033+0000] {logging_mixin.py:190} INFO - [2025-02-06T19:06:08.033+0000] {dag.py:3239} INFO - Sync 1 DAGs
[2025-02-06T19:06:08.054+0000] {logging_mixin.py:190} INFO - [2025-02-06T19:06:08.054+0000] {dag.py:4180} INFO - Setting next_dagrun for example_local_kubernetes_executor to None, run_after=None
[2025-02-06T19:06:08.088+0000] {processor.py:208} INFO - Processing /home/airflow/.local/lib/python3.12/site-packages/airflow/example_dags/example_local_kubernetes_executor.py took 0.109 seconds
[2025-02-06T19:06:38.449+0000] {processor.py:186} INFO - Started process (PID=5677) to work on /home/airflow/.local/lib/python3.12/site-packages/airflow/example_dags/example_local_kubernetes_executor.py
[2025-02-06T19:06:38.450+0000] {processor.py:914} INFO - Processing file /home/airflow/.local/lib/python3.12/site-packages/airflow/example_dags/example_local_kubernetes_executor.py for tasks to queue
[2025-02-06T19:06:38.453+0000] {logging_mixin.py:190} INFO - [2025-02-06T19:06:38.453+0000] {dagbag.py:588} INFO - Filling up the DagBag from /home/airflow/.local/lib/python3.12/site-packages/airflow/example_dags/example_local_kubernetes_executor.py
[2025-02-06T19:06:38.470+0000] {processor.py:925} INFO - DAG(s) 'example_local_kubernetes_executor' retrieved from /home/airflow/.local/lib/python3.12/site-packages/airflow/example_dags/example_local_kubernetes_executor.py
[2025-02-06T19:06:38.500+0000] {logging_mixin.py:190} INFO - [2025-02-06T19:06:38.499+0000] {dag.py:3239} INFO - Sync 1 DAGs
[2025-02-06T19:06:38.521+0000] {logging_mixin.py:190} INFO - [2025-02-06T19:06:38.521+0000] {dag.py:4180} INFO - Setting next_dagrun for example_local_kubernetes_executor to None, run_after=None
[2025-02-06T19:06:38.543+0000] {processor.py:208} INFO - Processing /home/airflow/.local/lib/python3.12/site-packages/airflow/example_dags/example_local_kubernetes_executor.py took 0.103 seconds
[2025-02-06T19:07:09.087+0000] {processor.py:186} INFO - Started process (PID=5734) to work on /home/airflow/.local/lib/python3.12/site-packages/airflow/example_dags/example_local_kubernetes_executor.py
[2025-02-06T19:07:09.090+0000] {processor.py:914} INFO - Processing file /home/airflow/.local/lib/python3.12/site-packages/airflow/example_dags/example_local_kubernetes_executor.py for tasks to queue
[2025-02-06T19:07:09.095+0000] {logging_mixin.py:190} INFO - [2025-02-06T19:07:09.094+0000] {dagbag.py:588} INFO - Filling up the DagBag from /home/airflow/.local/lib/python3.12/site-packages/airflow/example_dags/example_local_kubernetes_executor.py
[2025-02-06T19:07:09.124+0000] {processor.py:925} INFO - DAG(s) 'example_local_kubernetes_executor' retrieved from /home/airflow/.local/lib/python3.12/site-packages/airflow/example_dags/example_local_kubernetes_executor.py
[2025-02-06T19:07:09.188+0000] {logging_mixin.py:190} INFO - [2025-02-06T19:07:09.187+0000] {dag.py:3239} INFO - Sync 1 DAGs
[2025-02-06T19:07:09.237+0000] {logging_mixin.py:190} INFO - [2025-02-06T19:07:09.237+0000] {dag.py:4180} INFO - Setting next_dagrun for example_local_kubernetes_executor to None, run_after=None
[2025-02-06T19:07:09.283+0000] {processor.py:208} INFO - Processing /home/airflow/.local/lib/python3.12/site-packages/airflow/example_dags/example_local_kubernetes_executor.py took 0.211 seconds
[2025-02-06T19:07:40.150+0000] {processor.py:186} INFO - Started process (PID=5791) to work on /home/airflow/.local/lib/python3.12/site-packages/airflow/example_dags/example_local_kubernetes_executor.py
[2025-02-06T19:07:40.151+0000] {processor.py:914} INFO - Processing file /home/airflow/.local/lib/python3.12/site-packages/airflow/example_dags/example_local_kubernetes_executor.py for tasks to queue
[2025-02-06T19:07:40.154+0000] {logging_mixin.py:190} INFO - [2025-02-06T19:07:40.154+0000] {dagbag.py:588} INFO - Filling up the DagBag from /home/airflow/.local/lib/python3.12/site-packages/airflow/example_dags/example_local_kubernetes_executor.py
[2025-02-06T19:07:40.166+0000] {processor.py:925} INFO - DAG(s) 'example_local_kubernetes_executor' retrieved from /home/airflow/.local/lib/python3.12/site-packages/airflow/example_dags/example_local_kubernetes_executor.py
[2025-02-06T19:07:40.196+0000] {logging_mixin.py:190} INFO - [2025-02-06T19:07:40.195+0000] {dag.py:3239} INFO - Sync 1 DAGs
[2025-02-06T19:07:40.215+0000] {logging_mixin.py:190} INFO - [2025-02-06T19:07:40.215+0000] {dag.py:4180} INFO - Setting next_dagrun for example_local_kubernetes_executor to None, run_after=None
[2025-02-06T19:07:40.244+0000] {processor.py:208} INFO - Processing /home/airflow/.local/lib/python3.12/site-packages/airflow/example_dags/example_local_kubernetes_executor.py took 0.101 seconds
[2025-02-06T19:08:10.946+0000] {processor.py:186} INFO - Started process (PID=5848) to work on /home/airflow/.local/lib/python3.12/site-packages/airflow/example_dags/example_local_kubernetes_executor.py
[2025-02-06T19:08:10.947+0000] {processor.py:914} INFO - Processing file /home/airflow/.local/lib/python3.12/site-packages/airflow/example_dags/example_local_kubernetes_executor.py for tasks to queue
[2025-02-06T19:08:10.951+0000] {logging_mixin.py:190} INFO - [2025-02-06T19:08:10.950+0000] {dagbag.py:588} INFO - Filling up the DagBag from /home/airflow/.local/lib/python3.12/site-packages/airflow/example_dags/example_local_kubernetes_executor.py
[2025-02-06T19:08:10.968+0000] {processor.py:925} INFO - DAG(s) 'example_local_kubernetes_executor' retrieved from /home/airflow/.local/lib/python3.12/site-packages/airflow/example_dags/example_local_kubernetes_executor.py
[2025-02-06T19:08:11.003+0000] {logging_mixin.py:190} INFO - [2025-02-06T19:08:11.003+0000] {dag.py:3239} INFO - Sync 1 DAGs
[2025-02-06T19:08:11.033+0000] {logging_mixin.py:190} INFO - [2025-02-06T19:08:11.032+0000] {dag.py:4180} INFO - Setting next_dagrun for example_local_kubernetes_executor to None, run_after=None
[2025-02-06T19:08:11.068+0000] {processor.py:208} INFO - Processing /home/airflow/.local/lib/python3.12/site-packages/airflow/example_dags/example_local_kubernetes_executor.py took 0.130 seconds
[2025-02-06T19:08:41.512+0000] {processor.py:186} INFO - Started process (PID=5905) to work on /home/airflow/.local/lib/python3.12/site-packages/airflow/example_dags/example_local_kubernetes_executor.py
[2025-02-06T19:08:41.515+0000] {processor.py:914} INFO - Processing file /home/airflow/.local/lib/python3.12/site-packages/airflow/example_dags/example_local_kubernetes_executor.py for tasks to queue
[2025-02-06T19:08:41.522+0000] {logging_mixin.py:190} INFO - [2025-02-06T19:08:41.521+0000] {dagbag.py:588} INFO - Filling up the DagBag from /home/airflow/.local/lib/python3.12/site-packages/airflow/example_dags/example_local_kubernetes_executor.py
[2025-02-06T19:08:41.555+0000] {processor.py:925} INFO - DAG(s) 'example_local_kubernetes_executor' retrieved from /home/airflow/.local/lib/python3.12/site-packages/airflow/example_dags/example_local_kubernetes_executor.py
[2025-02-06T19:08:41.606+0000] {logging_mixin.py:190} INFO - [2025-02-06T19:08:41.605+0000] {dag.py:3239} INFO - Sync 1 DAGs
[2025-02-06T19:08:41.644+0000] {logging_mixin.py:190} INFO - [2025-02-06T19:08:41.644+0000] {dag.py:4180} INFO - Setting next_dagrun for example_local_kubernetes_executor to None, run_after=None
[2025-02-06T19:08:41.691+0000] {processor.py:208} INFO - Processing /home/airflow/.local/lib/python3.12/site-packages/airflow/example_dags/example_local_kubernetes_executor.py took 0.195 seconds
