[2025-02-06T16:36:26.330+0000] {processor.py:186} INFO - Started process (PID=49) to work on /home/airflow/.local/lib/python3.12/site-packages/airflow/example_dags/example_complex.py
[2025-02-06T16:36:26.332+0000] {processor.py:914} INFO - Processing file /home/airflow/.local/lib/python3.12/site-packages/airflow/example_dags/example_complex.py for tasks to queue
[2025-02-06T16:36:26.346+0000] {logging_mixin.py:190} INFO - [2025-02-06T16:36:26.346+0000] {dagbag.py:588} INFO - Filling up the DagBag from /home/airflow/.local/lib/python3.12/site-packages/airflow/example_dags/example_complex.py
[2025-02-06T16:36:26.394+0000] {processor.py:925} INFO - DAG(s) 'example_complex' retrieved from /home/airflow/.local/lib/python3.12/site-packages/airflow/example_dags/example_complex.py
[2025-02-06T16:36:26.826+0000] {logging_mixin.py:190} INFO - [2025-02-06T16:36:26.825+0000] {override.py:1911} INFO - Created Permission View: can edit on DAG:example_complex
[2025-02-06T16:36:26.876+0000] {logging_mixin.py:190} INFO - [2025-02-06T16:36:26.875+0000] {override.py:1911} INFO - Created Permission View: can delete on DAG:example_complex
[2025-02-06T16:36:26.920+0000] {logging_mixin.py:190} INFO - [2025-02-06T16:36:26.919+0000] {override.py:1911} INFO - Created Permission View: can read on DAG:example_complex
[2025-02-06T16:36:26.963+0000] {logging_mixin.py:190} INFO - [2025-02-06T16:36:26.963+0000] {override.py:1911} INFO - Created Permission View: menu access on DAG Run:example_complex
[2025-02-06T16:36:27.015+0000] {logging_mixin.py:190} INFO - [2025-02-06T16:36:27.014+0000] {override.py:1911} INFO - Created Permission View: can create on DAG Run:example_complex
[2025-02-06T16:36:27.051+0000] {logging_mixin.py:190} INFO - [2025-02-06T16:36:27.051+0000] {override.py:1911} INFO - Created Permission View: can delete on DAG Run:example_complex
[2025-02-06T16:36:27.082+0000] {logging_mixin.py:190} INFO - [2025-02-06T16:36:27.081+0000] {override.py:1911} INFO - Created Permission View: can read on DAG Run:example_complex
[2025-02-06T16:36:27.090+0000] {logging_mixin.py:190} INFO - [2025-02-06T16:36:27.084+0000] {dag.py:3239} INFO - Sync 1 DAGs
[2025-02-06T16:36:27.121+0000] {logging_mixin.py:190} INFO - [2025-02-06T16:36:27.121+0000] {dag.py:3262} INFO - Creating ORM DAG for example_complex
[2025-02-06T16:36:27.123+0000] {logging_mixin.py:190} INFO - [2025-02-06T16:36:27.123+0000] {dag.py:4180} INFO - Setting next_dagrun for example_complex to None, run_after=None
[2025-02-06T16:36:27.164+0000] {processor.py:208} INFO - Processing /home/airflow/.local/lib/python3.12/site-packages/airflow/example_dags/example_complex.py took 0.856 seconds
[2025-02-06T16:36:57.669+0000] {processor.py:186} INFO - Started process (PID=105) to work on /home/airflow/.local/lib/python3.12/site-packages/airflow/example_dags/example_complex.py
[2025-02-06T16:36:57.671+0000] {processor.py:914} INFO - Processing file /home/airflow/.local/lib/python3.12/site-packages/airflow/example_dags/example_complex.py for tasks to queue
[2025-02-06T16:36:57.674+0000] {logging_mixin.py:190} INFO - [2025-02-06T16:36:57.673+0000] {dagbag.py:588} INFO - Filling up the DagBag from /home/airflow/.local/lib/python3.12/site-packages/airflow/example_dags/example_complex.py
[2025-02-06T16:36:57.688+0000] {processor.py:925} INFO - DAG(s) 'example_complex' retrieved from /home/airflow/.local/lib/python3.12/site-packages/airflow/example_dags/example_complex.py
[2025-02-06T16:36:57.742+0000] {logging_mixin.py:190} INFO - [2025-02-06T16:36:57.742+0000] {dag.py:3239} INFO - Sync 1 DAGs
[2025-02-06T16:36:57.761+0000] {logging_mixin.py:190} INFO - [2025-02-06T16:36:57.761+0000] {dag.py:4180} INFO - Setting next_dagrun for example_complex to None, run_after=None
[2025-02-06T16:36:57.796+0000] {processor.py:208} INFO - Processing /home/airflow/.local/lib/python3.12/site-packages/airflow/example_dags/example_complex.py took 0.133 seconds
[2025-02-06T16:37:28.134+0000] {processor.py:186} INFO - Started process (PID=162) to work on /home/airflow/.local/lib/python3.12/site-packages/airflow/example_dags/example_complex.py
[2025-02-06T16:37:28.135+0000] {processor.py:914} INFO - Processing file /home/airflow/.local/lib/python3.12/site-packages/airflow/example_dags/example_complex.py for tasks to queue
[2025-02-06T16:37:28.138+0000] {logging_mixin.py:190} INFO - [2025-02-06T16:37:28.138+0000] {dagbag.py:588} INFO - Filling up the DagBag from /home/airflow/.local/lib/python3.12/site-packages/airflow/example_dags/example_complex.py
[2025-02-06T16:37:28.154+0000] {processor.py:925} INFO - DAG(s) 'example_complex' retrieved from /home/airflow/.local/lib/python3.12/site-packages/airflow/example_dags/example_complex.py
[2025-02-06T16:37:28.197+0000] {logging_mixin.py:190} INFO - [2025-02-06T16:37:28.197+0000] {dag.py:3239} INFO - Sync 1 DAGs
[2025-02-06T16:37:28.215+0000] {logging_mixin.py:190} INFO - [2025-02-06T16:37:28.215+0000] {dag.py:4180} INFO - Setting next_dagrun for example_complex to None, run_after=None
[2025-02-06T16:37:28.241+0000] {processor.py:208} INFO - Processing /home/airflow/.local/lib/python3.12/site-packages/airflow/example_dags/example_complex.py took 0.114 seconds
[2025-02-06T16:37:58.582+0000] {processor.py:186} INFO - Started process (PID=219) to work on /home/airflow/.local/lib/python3.12/site-packages/airflow/example_dags/example_complex.py
[2025-02-06T16:37:58.584+0000] {processor.py:914} INFO - Processing file /home/airflow/.local/lib/python3.12/site-packages/airflow/example_dags/example_complex.py for tasks to queue
[2025-02-06T16:37:58.587+0000] {logging_mixin.py:190} INFO - [2025-02-06T16:37:58.586+0000] {dagbag.py:588} INFO - Filling up the DagBag from /home/airflow/.local/lib/python3.12/site-packages/airflow/example_dags/example_complex.py
[2025-02-06T16:37:58.601+0000] {processor.py:925} INFO - DAG(s) 'example_complex' retrieved from /home/airflow/.local/lib/python3.12/site-packages/airflow/example_dags/example_complex.py
[2025-02-06T16:37:58.642+0000] {logging_mixin.py:190} INFO - [2025-02-06T16:37:58.641+0000] {dag.py:3239} INFO - Sync 1 DAGs
[2025-02-06T16:37:58.662+0000] {logging_mixin.py:190} INFO - [2025-02-06T16:37:58.661+0000] {dag.py:4180} INFO - Setting next_dagrun for example_complex to None, run_after=None
[2025-02-06T16:37:58.687+0000] {processor.py:208} INFO - Processing /home/airflow/.local/lib/python3.12/site-packages/airflow/example_dags/example_complex.py took 0.113 seconds
[2025-02-06T16:38:29.175+0000] {processor.py:186} INFO - Started process (PID=275) to work on /home/airflow/.local/lib/python3.12/site-packages/airflow/example_dags/example_complex.py
[2025-02-06T16:38:29.176+0000] {processor.py:914} INFO - Processing file /home/airflow/.local/lib/python3.12/site-packages/airflow/example_dags/example_complex.py for tasks to queue
[2025-02-06T16:38:29.179+0000] {logging_mixin.py:190} INFO - [2025-02-06T16:38:29.179+0000] {dagbag.py:588} INFO - Filling up the DagBag from /home/airflow/.local/lib/python3.12/site-packages/airflow/example_dags/example_complex.py
[2025-02-06T16:38:29.200+0000] {processor.py:925} INFO - DAG(s) 'example_complex' retrieved from /home/airflow/.local/lib/python3.12/site-packages/airflow/example_dags/example_complex.py
[2025-02-06T16:38:29.244+0000] {logging_mixin.py:190} INFO - [2025-02-06T16:38:29.244+0000] {dag.py:3239} INFO - Sync 1 DAGs
[2025-02-06T16:38:29.263+0000] {logging_mixin.py:190} INFO - [2025-02-06T16:38:29.263+0000] {dag.py:4180} INFO - Setting next_dagrun for example_complex to None, run_after=None
[2025-02-06T16:38:29.287+0000] {processor.py:208} INFO - Processing /home/airflow/.local/lib/python3.12/site-packages/airflow/example_dags/example_complex.py took 0.120 seconds
[2025-02-06T16:38:59.704+0000] {processor.py:186} INFO - Started process (PID=332) to work on /home/airflow/.local/lib/python3.12/site-packages/airflow/example_dags/example_complex.py
[2025-02-06T16:38:59.705+0000] {processor.py:914} INFO - Processing file /home/airflow/.local/lib/python3.12/site-packages/airflow/example_dags/example_complex.py for tasks to queue
[2025-02-06T16:38:59.708+0000] {logging_mixin.py:190} INFO - [2025-02-06T16:38:59.708+0000] {dagbag.py:588} INFO - Filling up the DagBag from /home/airflow/.local/lib/python3.12/site-packages/airflow/example_dags/example_complex.py
[2025-02-06T16:38:59.724+0000] {processor.py:925} INFO - DAG(s) 'example_complex' retrieved from /home/airflow/.local/lib/python3.12/site-packages/airflow/example_dags/example_complex.py
[2025-02-06T16:38:59.763+0000] {logging_mixin.py:190} INFO - [2025-02-06T16:38:59.763+0000] {dag.py:3239} INFO - Sync 1 DAGs
[2025-02-06T16:38:59.780+0000] {logging_mixin.py:190} INFO - [2025-02-06T16:38:59.780+0000] {dag.py:4180} INFO - Setting next_dagrun for example_complex to None, run_after=None
[2025-02-06T16:38:59.813+0000] {processor.py:208} INFO - Processing /home/airflow/.local/lib/python3.12/site-packages/airflow/example_dags/example_complex.py took 0.116 seconds
[2025-02-06T16:39:30.357+0000] {processor.py:186} INFO - Started process (PID=389) to work on /home/airflow/.local/lib/python3.12/site-packages/airflow/example_dags/example_complex.py
[2025-02-06T16:39:30.358+0000] {processor.py:914} INFO - Processing file /home/airflow/.local/lib/python3.12/site-packages/airflow/example_dags/example_complex.py for tasks to queue
[2025-02-06T16:39:30.361+0000] {logging_mixin.py:190} INFO - [2025-02-06T16:39:30.360+0000] {dagbag.py:588} INFO - Filling up the DagBag from /home/airflow/.local/lib/python3.12/site-packages/airflow/example_dags/example_complex.py
[2025-02-06T16:39:30.376+0000] {processor.py:925} INFO - DAG(s) 'example_complex' retrieved from /home/airflow/.local/lib/python3.12/site-packages/airflow/example_dags/example_complex.py
[2025-02-06T16:39:30.417+0000] {logging_mixin.py:190} INFO - [2025-02-06T16:39:30.416+0000] {dag.py:3239} INFO - Sync 1 DAGs
[2025-02-06T16:39:30.434+0000] {logging_mixin.py:190} INFO - [2025-02-06T16:39:30.434+0000] {dag.py:4180} INFO - Setting next_dagrun for example_complex to None, run_after=None
[2025-02-06T16:39:30.457+0000] {processor.py:208} INFO - Processing /home/airflow/.local/lib/python3.12/site-packages/airflow/example_dags/example_complex.py took 0.107 seconds
[2025-02-06T16:40:01.051+0000] {processor.py:186} INFO - Started process (PID=446) to work on /home/airflow/.local/lib/python3.12/site-packages/airflow/example_dags/example_complex.py
[2025-02-06T16:40:01.052+0000] {processor.py:914} INFO - Processing file /home/airflow/.local/lib/python3.12/site-packages/airflow/example_dags/example_complex.py for tasks to queue
[2025-02-06T16:40:01.055+0000] {logging_mixin.py:190} INFO - [2025-02-06T16:40:01.054+0000] {dagbag.py:588} INFO - Filling up the DagBag from /home/airflow/.local/lib/python3.12/site-packages/airflow/example_dags/example_complex.py
[2025-02-06T16:40:01.070+0000] {processor.py:925} INFO - DAG(s) 'example_complex' retrieved from /home/airflow/.local/lib/python3.12/site-packages/airflow/example_dags/example_complex.py
[2025-02-06T16:40:01.110+0000] {logging_mixin.py:190} INFO - [2025-02-06T16:40:01.110+0000] {dag.py:3239} INFO - Sync 1 DAGs
[2025-02-06T16:40:01.128+0000] {logging_mixin.py:190} INFO - [2025-02-06T16:40:01.127+0000] {dag.py:4180} INFO - Setting next_dagrun for example_complex to None, run_after=None
[2025-02-06T16:40:01.151+0000] {processor.py:208} INFO - Processing /home/airflow/.local/lib/python3.12/site-packages/airflow/example_dags/example_complex.py took 0.108 seconds
[2025-02-06T16:40:31.312+0000] {processor.py:186} INFO - Started process (PID=503) to work on /home/airflow/.local/lib/python3.12/site-packages/airflow/example_dags/example_complex.py
[2025-02-06T16:40:31.313+0000] {processor.py:914} INFO - Processing file /home/airflow/.local/lib/python3.12/site-packages/airflow/example_dags/example_complex.py for tasks to queue
[2025-02-06T16:40:31.315+0000] {logging_mixin.py:190} INFO - [2025-02-06T16:40:31.315+0000] {dagbag.py:588} INFO - Filling up the DagBag from /home/airflow/.local/lib/python3.12/site-packages/airflow/example_dags/example_complex.py
[2025-02-06T16:40:31.330+0000] {processor.py:925} INFO - DAG(s) 'example_complex' retrieved from /home/airflow/.local/lib/python3.12/site-packages/airflow/example_dags/example_complex.py
[2025-02-06T16:40:31.371+0000] {logging_mixin.py:190} INFO - [2025-02-06T16:40:31.371+0000] {dag.py:3239} INFO - Sync 1 DAGs
[2025-02-06T16:40:31.389+0000] {logging_mixin.py:190} INFO - [2025-02-06T16:40:31.389+0000] {dag.py:4180} INFO - Setting next_dagrun for example_complex to None, run_after=None
[2025-02-06T16:40:31.418+0000] {processor.py:208} INFO - Processing /home/airflow/.local/lib/python3.12/site-packages/airflow/example_dags/example_complex.py took 0.113 seconds
[2025-02-06T16:41:01.483+0000] {processor.py:186} INFO - Started process (PID=559) to work on /home/airflow/.local/lib/python3.12/site-packages/airflow/example_dags/example_complex.py
[2025-02-06T16:41:01.485+0000] {processor.py:914} INFO - Processing file /home/airflow/.local/lib/python3.12/site-packages/airflow/example_dags/example_complex.py for tasks to queue
[2025-02-06T16:41:01.488+0000] {logging_mixin.py:190} INFO - [2025-02-06T16:41:01.487+0000] {dagbag.py:588} INFO - Filling up the DagBag from /home/airflow/.local/lib/python3.12/site-packages/airflow/example_dags/example_complex.py
[2025-02-06T16:41:01.502+0000] {processor.py:925} INFO - DAG(s) 'example_complex' retrieved from /home/airflow/.local/lib/python3.12/site-packages/airflow/example_dags/example_complex.py
[2025-02-06T16:41:01.545+0000] {logging_mixin.py:190} INFO - [2025-02-06T16:41:01.544+0000] {dag.py:3239} INFO - Sync 1 DAGs
[2025-02-06T16:41:01.564+0000] {logging_mixin.py:190} INFO - [2025-02-06T16:41:01.564+0000] {dag.py:4180} INFO - Setting next_dagrun for example_complex to None, run_after=None
[2025-02-06T16:41:01.596+0000] {processor.py:208} INFO - Processing /home/airflow/.local/lib/python3.12/site-packages/airflow/example_dags/example_complex.py took 0.119 seconds
[2025-02-06T16:41:31.805+0000] {processor.py:186} INFO - Started process (PID=617) to work on /home/airflow/.local/lib/python3.12/site-packages/airflow/example_dags/example_complex.py
[2025-02-06T16:41:31.807+0000] {processor.py:914} INFO - Processing file /home/airflow/.local/lib/python3.12/site-packages/airflow/example_dags/example_complex.py for tasks to queue
[2025-02-06T16:41:31.811+0000] {logging_mixin.py:190} INFO - [2025-02-06T16:41:31.810+0000] {dagbag.py:588} INFO - Filling up the DagBag from /home/airflow/.local/lib/python3.12/site-packages/airflow/example_dags/example_complex.py
[2025-02-06T16:41:31.832+0000] {processor.py:925} INFO - DAG(s) 'example_complex' retrieved from /home/airflow/.local/lib/python3.12/site-packages/airflow/example_dags/example_complex.py
[2025-02-06T16:41:31.899+0000] {logging_mixin.py:190} INFO - [2025-02-06T16:41:31.898+0000] {dag.py:3239} INFO - Sync 1 DAGs
[2025-02-06T16:41:31.928+0000] {logging_mixin.py:190} INFO - [2025-02-06T16:41:31.928+0000] {dag.py:4180} INFO - Setting next_dagrun for example_complex to None, run_after=None
[2025-02-06T16:41:31.974+0000] {processor.py:208} INFO - Processing /home/airflow/.local/lib/python3.12/site-packages/airflow/example_dags/example_complex.py took 0.176 seconds
[2025-02-06T16:42:02.069+0000] {processor.py:186} INFO - Started process (PID=673) to work on /home/airflow/.local/lib/python3.12/site-packages/airflow/example_dags/example_complex.py
[2025-02-06T16:42:02.071+0000] {processor.py:914} INFO - Processing file /home/airflow/.local/lib/python3.12/site-packages/airflow/example_dags/example_complex.py for tasks to queue
[2025-02-06T16:42:02.075+0000] {logging_mixin.py:190} INFO - [2025-02-06T16:42:02.074+0000] {dagbag.py:588} INFO - Filling up the DagBag from /home/airflow/.local/lib/python3.12/site-packages/airflow/example_dags/example_complex.py
[2025-02-06T16:42:02.096+0000] {processor.py:925} INFO - DAG(s) 'example_complex' retrieved from /home/airflow/.local/lib/python3.12/site-packages/airflow/example_dags/example_complex.py
[2025-02-06T16:42:02.161+0000] {logging_mixin.py:190} INFO - [2025-02-06T16:42:02.160+0000] {dag.py:3239} INFO - Sync 1 DAGs
[2025-02-06T16:42:02.199+0000] {logging_mixin.py:190} INFO - [2025-02-06T16:42:02.199+0000] {dag.py:4180} INFO - Setting next_dagrun for example_complex to None, run_after=None
[2025-02-06T16:42:02.244+0000] {processor.py:208} INFO - Processing /home/airflow/.local/lib/python3.12/site-packages/airflow/example_dags/example_complex.py took 0.188 seconds
[2025-02-06T16:42:32.688+0000] {processor.py:186} INFO - Started process (PID=731) to work on /home/airflow/.local/lib/python3.12/site-packages/airflow/example_dags/example_complex.py
[2025-02-06T16:42:32.690+0000] {processor.py:914} INFO - Processing file /home/airflow/.local/lib/python3.12/site-packages/airflow/example_dags/example_complex.py for tasks to queue
[2025-02-06T16:42:32.692+0000] {logging_mixin.py:190} INFO - [2025-02-06T16:42:32.692+0000] {dagbag.py:588} INFO - Filling up the DagBag from /home/airflow/.local/lib/python3.12/site-packages/airflow/example_dags/example_complex.py
[2025-02-06T16:42:32.708+0000] {processor.py:925} INFO - DAG(s) 'example_complex' retrieved from /home/airflow/.local/lib/python3.12/site-packages/airflow/example_dags/example_complex.py
[2025-02-06T16:42:32.748+0000] {logging_mixin.py:190} INFO - [2025-02-06T16:42:32.748+0000] {dag.py:3239} INFO - Sync 1 DAGs
[2025-02-06T16:42:32.765+0000] {logging_mixin.py:190} INFO - [2025-02-06T16:42:32.765+0000] {dag.py:4180} INFO - Setting next_dagrun for example_complex to None, run_after=None
[2025-02-06T16:42:32.793+0000] {processor.py:208} INFO - Processing /home/airflow/.local/lib/python3.12/site-packages/airflow/example_dags/example_complex.py took 0.111 seconds
[2025-02-06T16:43:03.636+0000] {processor.py:186} INFO - Started process (PID=788) to work on /home/airflow/.local/lib/python3.12/site-packages/airflow/example_dags/example_complex.py
[2025-02-06T16:43:03.671+0000] {processor.py:914} INFO - Processing file /home/airflow/.local/lib/python3.12/site-packages/airflow/example_dags/example_complex.py for tasks to queue
[2025-02-06T16:43:03.678+0000] {logging_mixin.py:190} INFO - [2025-02-06T16:43:03.677+0000] {dagbag.py:588} INFO - Filling up the DagBag from /home/airflow/.local/lib/python3.12/site-packages/airflow/example_dags/example_complex.py
[2025-02-06T16:43:03.786+0000] {processor.py:925} INFO - DAG(s) 'example_complex' retrieved from /home/airflow/.local/lib/python3.12/site-packages/airflow/example_dags/example_complex.py
[2025-02-06T16:43:03.930+0000] {logging_mixin.py:190} INFO - [2025-02-06T16:43:03.930+0000] {dag.py:3239} INFO - Sync 1 DAGs
[2025-02-06T16:43:03.995+0000] {logging_mixin.py:190} INFO - [2025-02-06T16:43:03.994+0000] {dag.py:4180} INFO - Setting next_dagrun for example_complex to None, run_after=None
[2025-02-06T16:43:04.059+0000] {processor.py:208} INFO - Processing /home/airflow/.local/lib/python3.12/site-packages/airflow/example_dags/example_complex.py took 0.496 seconds
[2025-02-06T16:43:34.280+0000] {processor.py:186} INFO - Started process (PID=844) to work on /home/airflow/.local/lib/python3.12/site-packages/airflow/example_dags/example_complex.py
[2025-02-06T16:43:34.281+0000] {processor.py:914} INFO - Processing file /home/airflow/.local/lib/python3.12/site-packages/airflow/example_dags/example_complex.py for tasks to queue
[2025-02-06T16:43:34.284+0000] {logging_mixin.py:190} INFO - [2025-02-06T16:43:34.284+0000] {dagbag.py:588} INFO - Filling up the DagBag from /home/airflow/.local/lib/python3.12/site-packages/airflow/example_dags/example_complex.py
[2025-02-06T16:43:34.299+0000] {processor.py:925} INFO - DAG(s) 'example_complex' retrieved from /home/airflow/.local/lib/python3.12/site-packages/airflow/example_dags/example_complex.py
[2025-02-06T16:43:34.341+0000] {logging_mixin.py:190} INFO - [2025-02-06T16:43:34.340+0000] {dag.py:3239} INFO - Sync 1 DAGs
[2025-02-06T16:43:34.360+0000] {logging_mixin.py:190} INFO - [2025-02-06T16:43:34.360+0000] {dag.py:4180} INFO - Setting next_dagrun for example_complex to None, run_after=None
[2025-02-06T16:43:34.392+0000] {processor.py:208} INFO - Processing /home/airflow/.local/lib/python3.12/site-packages/airflow/example_dags/example_complex.py took 0.120 seconds
[2025-02-06T16:44:04.535+0000] {processor.py:186} INFO - Started process (PID=902) to work on /home/airflow/.local/lib/python3.12/site-packages/airflow/example_dags/example_complex.py
[2025-02-06T16:44:04.536+0000] {processor.py:914} INFO - Processing file /home/airflow/.local/lib/python3.12/site-packages/airflow/example_dags/example_complex.py for tasks to queue
[2025-02-06T16:44:04.539+0000] {logging_mixin.py:190} INFO - [2025-02-06T16:44:04.538+0000] {dagbag.py:588} INFO - Filling up the DagBag from /home/airflow/.local/lib/python3.12/site-packages/airflow/example_dags/example_complex.py
[2025-02-06T16:44:04.556+0000] {processor.py:925} INFO - DAG(s) 'example_complex' retrieved from /home/airflow/.local/lib/python3.12/site-packages/airflow/example_dags/example_complex.py
[2025-02-06T16:44:04.602+0000] {logging_mixin.py:190} INFO - [2025-02-06T16:44:04.602+0000] {dag.py:3239} INFO - Sync 1 DAGs
[2025-02-06T16:44:04.623+0000] {logging_mixin.py:190} INFO - [2025-02-06T16:44:04.623+0000] {dag.py:4180} INFO - Setting next_dagrun for example_complex to None, run_after=None
[2025-02-06T16:44:04.647+0000] {processor.py:208} INFO - Processing /home/airflow/.local/lib/python3.12/site-packages/airflow/example_dags/example_complex.py took 0.120 seconds
[2025-02-06T16:44:34.733+0000] {processor.py:186} INFO - Started process (PID=959) to work on /home/airflow/.local/lib/python3.12/site-packages/airflow/example_dags/example_complex.py
[2025-02-06T16:44:34.734+0000] {processor.py:914} INFO - Processing file /home/airflow/.local/lib/python3.12/site-packages/airflow/example_dags/example_complex.py for tasks to queue
[2025-02-06T16:44:34.737+0000] {logging_mixin.py:190} INFO - [2025-02-06T16:44:34.737+0000] {dagbag.py:588} INFO - Filling up the DagBag from /home/airflow/.local/lib/python3.12/site-packages/airflow/example_dags/example_complex.py
[2025-02-06T16:44:34.752+0000] {processor.py:925} INFO - DAG(s) 'example_complex' retrieved from /home/airflow/.local/lib/python3.12/site-packages/airflow/example_dags/example_complex.py
[2025-02-06T16:44:34.796+0000] {logging_mixin.py:190} INFO - [2025-02-06T16:44:34.795+0000] {dag.py:3239} INFO - Sync 1 DAGs
[2025-02-06T16:44:34.821+0000] {logging_mixin.py:190} INFO - [2025-02-06T16:44:34.820+0000] {dag.py:4180} INFO - Setting next_dagrun for example_complex to None, run_after=None
[2025-02-06T16:44:34.867+0000] {processor.py:208} INFO - Processing /home/airflow/.local/lib/python3.12/site-packages/airflow/example_dags/example_complex.py took 0.142 seconds
[2025-02-06T16:45:05.675+0000] {processor.py:186} INFO - Started process (PID=1016) to work on /home/airflow/.local/lib/python3.12/site-packages/airflow/example_dags/example_complex.py
[2025-02-06T16:45:05.685+0000] {processor.py:914} INFO - Processing file /home/airflow/.local/lib/python3.12/site-packages/airflow/example_dags/example_complex.py for tasks to queue
[2025-02-06T16:45:05.691+0000] {logging_mixin.py:190} INFO - [2025-02-06T16:45:05.690+0000] {dagbag.py:588} INFO - Filling up the DagBag from /home/airflow/.local/lib/python3.12/site-packages/airflow/example_dags/example_complex.py
[2025-02-06T16:45:05.731+0000] {processor.py:925} INFO - DAG(s) 'example_complex' retrieved from /home/airflow/.local/lib/python3.12/site-packages/airflow/example_dags/example_complex.py
[2025-02-06T16:45:05.813+0000] {logging_mixin.py:190} INFO - [2025-02-06T16:45:05.812+0000] {dag.py:3239} INFO - Sync 1 DAGs
[2025-02-06T16:45:05.843+0000] {logging_mixin.py:190} INFO - [2025-02-06T16:45:05.843+0000] {dag.py:4180} INFO - Setting next_dagrun for example_complex to None, run_after=None
[2025-02-06T16:45:05.888+0000] {processor.py:208} INFO - Processing /home/airflow/.local/lib/python3.12/site-packages/airflow/example_dags/example_complex.py took 0.235 seconds
[2025-02-06T16:45:37.315+0000] {processor.py:186} INFO - Started process (PID=1073) to work on /home/airflow/.local/lib/python3.12/site-packages/airflow/example_dags/example_complex.py
[2025-02-06T16:45:37.316+0000] {processor.py:914} INFO - Processing file /home/airflow/.local/lib/python3.12/site-packages/airflow/example_dags/example_complex.py for tasks to queue
[2025-02-06T16:45:37.324+0000] {logging_mixin.py:190} INFO - [2025-02-06T16:45:37.324+0000] {dagbag.py:588} INFO - Filling up the DagBag from /home/airflow/.local/lib/python3.12/site-packages/airflow/example_dags/example_complex.py
[2025-02-06T16:45:37.346+0000] {processor.py:925} INFO - DAG(s) 'example_complex' retrieved from /home/airflow/.local/lib/python3.12/site-packages/airflow/example_dags/example_complex.py
[2025-02-06T16:45:37.399+0000] {logging_mixin.py:190} INFO - [2025-02-06T16:45:37.399+0000] {dag.py:3239} INFO - Sync 1 DAGs
[2025-02-06T16:45:37.424+0000] {logging_mixin.py:190} INFO - [2025-02-06T16:45:37.423+0000] {dag.py:4180} INFO - Setting next_dagrun for example_complex to None, run_after=None
[2025-02-06T16:45:37.448+0000] {processor.py:208} INFO - Processing /home/airflow/.local/lib/python3.12/site-packages/airflow/example_dags/example_complex.py took 0.141 seconds
[2025-02-06T16:46:08.029+0000] {processor.py:186} INFO - Started process (PID=1127) to work on /home/airflow/.local/lib/python3.12/site-packages/airflow/example_dags/example_complex.py
[2025-02-06T16:46:08.030+0000] {processor.py:914} INFO - Processing file /home/airflow/.local/lib/python3.12/site-packages/airflow/example_dags/example_complex.py for tasks to queue
[2025-02-06T16:46:08.033+0000] {logging_mixin.py:190} INFO - [2025-02-06T16:46:08.033+0000] {dagbag.py:588} INFO - Filling up the DagBag from /home/airflow/.local/lib/python3.12/site-packages/airflow/example_dags/example_complex.py
[2025-02-06T16:46:08.048+0000] {processor.py:925} INFO - DAG(s) 'example_complex' retrieved from /home/airflow/.local/lib/python3.12/site-packages/airflow/example_dags/example_complex.py
[2025-02-06T16:46:08.089+0000] {logging_mixin.py:190} INFO - [2025-02-06T16:46:08.089+0000] {dag.py:3239} INFO - Sync 1 DAGs
[2025-02-06T16:46:08.109+0000] {logging_mixin.py:190} INFO - [2025-02-06T16:46:08.109+0000] {dag.py:4180} INFO - Setting next_dagrun for example_complex to None, run_after=None
[2025-02-06T16:46:08.137+0000] {processor.py:208} INFO - Processing /home/airflow/.local/lib/python3.12/site-packages/airflow/example_dags/example_complex.py took 0.116 seconds
[2025-02-06T16:46:38.988+0000] {processor.py:186} INFO - Started process (PID=1184) to work on /home/airflow/.local/lib/python3.12/site-packages/airflow/example_dags/example_complex.py
[2025-02-06T16:46:38.989+0000] {processor.py:914} INFO - Processing file /home/airflow/.local/lib/python3.12/site-packages/airflow/example_dags/example_complex.py for tasks to queue
[2025-02-06T16:46:38.992+0000] {logging_mixin.py:190} INFO - [2025-02-06T16:46:38.992+0000] {dagbag.py:588} INFO - Filling up the DagBag from /home/airflow/.local/lib/python3.12/site-packages/airflow/example_dags/example_complex.py
[2025-02-06T16:46:39.008+0000] {processor.py:925} INFO - DAG(s) 'example_complex' retrieved from /home/airflow/.local/lib/python3.12/site-packages/airflow/example_dags/example_complex.py
[2025-02-06T16:46:39.110+0000] {logging_mixin.py:190} INFO - [2025-02-06T16:46:39.109+0000] {dag.py:3239} INFO - Sync 1 DAGs
[2025-02-06T16:46:39.153+0000] {logging_mixin.py:190} INFO - [2025-02-06T16:46:39.153+0000] {dag.py:4180} INFO - Setting next_dagrun for example_complex to None, run_after=None
[2025-02-06T16:46:39.212+0000] {processor.py:208} INFO - Processing /home/airflow/.local/lib/python3.12/site-packages/airflow/example_dags/example_complex.py took 0.233 seconds
[2025-02-06T16:47:10.503+0000] {processor.py:186} INFO - Started process (PID=1240) to work on /home/airflow/.local/lib/python3.12/site-packages/airflow/example_dags/example_complex.py
[2025-02-06T16:47:10.504+0000] {processor.py:914} INFO - Processing file /home/airflow/.local/lib/python3.12/site-packages/airflow/example_dags/example_complex.py for tasks to queue
[2025-02-06T16:47:10.507+0000] {logging_mixin.py:190} INFO - [2025-02-06T16:47:10.507+0000] {dagbag.py:588} INFO - Filling up the DagBag from /home/airflow/.local/lib/python3.12/site-packages/airflow/example_dags/example_complex.py
[2025-02-06T16:47:10.569+0000] {processor.py:925} INFO - DAG(s) 'example_complex' retrieved from /home/airflow/.local/lib/python3.12/site-packages/airflow/example_dags/example_complex.py
[2025-02-06T16:47:10.718+0000] {logging_mixin.py:190} INFO - [2025-02-06T16:47:10.717+0000] {dag.py:3239} INFO - Sync 1 DAGs
[2025-02-06T16:47:10.784+0000] {logging_mixin.py:190} INFO - [2025-02-06T16:47:10.783+0000] {dag.py:4180} INFO - Setting next_dagrun for example_complex to None, run_after=None
[2025-02-06T16:47:10.848+0000] {processor.py:208} INFO - Processing /home/airflow/.local/lib/python3.12/site-packages/airflow/example_dags/example_complex.py took 0.361 seconds
[2025-02-06T16:47:41.023+0000] {processor.py:186} INFO - Started process (PID=1296) to work on /home/airflow/.local/lib/python3.12/site-packages/airflow/example_dags/example_complex.py
[2025-02-06T16:47:41.025+0000] {processor.py:914} INFO - Processing file /home/airflow/.local/lib/python3.12/site-packages/airflow/example_dags/example_complex.py for tasks to queue
[2025-02-06T16:47:41.032+0000] {logging_mixin.py:190} INFO - [2025-02-06T16:47:41.031+0000] {dagbag.py:588} INFO - Filling up the DagBag from /home/airflow/.local/lib/python3.12/site-packages/airflow/example_dags/example_complex.py
[2025-02-06T16:47:41.076+0000] {processor.py:925} INFO - DAG(s) 'example_complex' retrieved from /home/airflow/.local/lib/python3.12/site-packages/airflow/example_dags/example_complex.py
[2025-02-06T16:47:41.224+0000] {logging_mixin.py:190} INFO - [2025-02-06T16:47:41.223+0000] {dag.py:3239} INFO - Sync 1 DAGs
[2025-02-06T16:47:41.284+0000] {logging_mixin.py:190} INFO - [2025-02-06T16:47:41.283+0000] {dag.py:4180} INFO - Setting next_dagrun for example_complex to None, run_after=None
[2025-02-06T16:47:41.346+0000] {processor.py:208} INFO - Processing /home/airflow/.local/lib/python3.12/site-packages/airflow/example_dags/example_complex.py took 0.344 seconds
[2025-02-06T16:48:11.841+0000] {processor.py:186} INFO - Started process (PID=1353) to work on /home/airflow/.local/lib/python3.12/site-packages/airflow/example_dags/example_complex.py
[2025-02-06T16:48:11.842+0000] {processor.py:914} INFO - Processing file /home/airflow/.local/lib/python3.12/site-packages/airflow/example_dags/example_complex.py for tasks to queue
[2025-02-06T16:48:11.845+0000] {logging_mixin.py:190} INFO - [2025-02-06T16:48:11.845+0000] {dagbag.py:588} INFO - Filling up the DagBag from /home/airflow/.local/lib/python3.12/site-packages/airflow/example_dags/example_complex.py
[2025-02-06T16:48:11.861+0000] {processor.py:925} INFO - DAG(s) 'example_complex' retrieved from /home/airflow/.local/lib/python3.12/site-packages/airflow/example_dags/example_complex.py
[2025-02-06T16:48:11.903+0000] {logging_mixin.py:190} INFO - [2025-02-06T16:48:11.903+0000] {dag.py:3239} INFO - Sync 1 DAGs
[2025-02-06T16:48:11.922+0000] {logging_mixin.py:190} INFO - [2025-02-06T16:48:11.921+0000] {dag.py:4180} INFO - Setting next_dagrun for example_complex to None, run_after=None
[2025-02-06T16:48:11.946+0000] {processor.py:208} INFO - Processing /home/airflow/.local/lib/python3.12/site-packages/airflow/example_dags/example_complex.py took 0.113 seconds
[2025-02-06T16:48:42.067+0000] {processor.py:186} INFO - Started process (PID=1410) to work on /home/airflow/.local/lib/python3.12/site-packages/airflow/example_dags/example_complex.py
[2025-02-06T16:48:42.069+0000] {processor.py:914} INFO - Processing file /home/airflow/.local/lib/python3.12/site-packages/airflow/example_dags/example_complex.py for tasks to queue
[2025-02-06T16:48:42.073+0000] {logging_mixin.py:190} INFO - [2025-02-06T16:48:42.072+0000] {dagbag.py:588} INFO - Filling up the DagBag from /home/airflow/.local/lib/python3.12/site-packages/airflow/example_dags/example_complex.py
[2025-02-06T16:48:42.106+0000] {processor.py:925} INFO - DAG(s) 'example_complex' retrieved from /home/airflow/.local/lib/python3.12/site-packages/airflow/example_dags/example_complex.py
[2025-02-06T16:48:42.309+0000] {logging_mixin.py:190} INFO - [2025-02-06T16:48:42.308+0000] {dag.py:3239} INFO - Sync 1 DAGs
[2025-02-06T16:48:42.366+0000] {logging_mixin.py:190} INFO - [2025-02-06T16:48:42.365+0000] {dag.py:4180} INFO - Setting next_dagrun for example_complex to None, run_after=None
[2025-02-06T16:48:42.395+0000] {processor.py:208} INFO - Processing /home/airflow/.local/lib/python3.12/site-packages/airflow/example_dags/example_complex.py took 0.341 seconds
[2025-02-06T16:49:12.490+0000] {processor.py:186} INFO - Started process (PID=1466) to work on /home/airflow/.local/lib/python3.12/site-packages/airflow/example_dags/example_complex.py
[2025-02-06T16:49:12.491+0000] {processor.py:914} INFO - Processing file /home/airflow/.local/lib/python3.12/site-packages/airflow/example_dags/example_complex.py for tasks to queue
[2025-02-06T16:49:12.495+0000] {logging_mixin.py:190} INFO - [2025-02-06T16:49:12.494+0000] {dagbag.py:588} INFO - Filling up the DagBag from /home/airflow/.local/lib/python3.12/site-packages/airflow/example_dags/example_complex.py
[2025-02-06T16:49:12.511+0000] {processor.py:925} INFO - DAG(s) 'example_complex' retrieved from /home/airflow/.local/lib/python3.12/site-packages/airflow/example_dags/example_complex.py
[2025-02-06T16:49:12.556+0000] {logging_mixin.py:190} INFO - [2025-02-06T16:49:12.555+0000] {dag.py:3239} INFO - Sync 1 DAGs
[2025-02-06T16:49:12.575+0000] {logging_mixin.py:190} INFO - [2025-02-06T16:49:12.574+0000] {dag.py:4180} INFO - Setting next_dagrun for example_complex to None, run_after=None
[2025-02-06T16:49:12.603+0000] {processor.py:208} INFO - Processing /home/airflow/.local/lib/python3.12/site-packages/airflow/example_dags/example_complex.py took 0.121 seconds
[2025-02-06T16:49:43.317+0000] {processor.py:186} INFO - Started process (PID=1524) to work on /home/airflow/.local/lib/python3.12/site-packages/airflow/example_dags/example_complex.py
[2025-02-06T16:49:43.319+0000] {processor.py:914} INFO - Processing file /home/airflow/.local/lib/python3.12/site-packages/airflow/example_dags/example_complex.py for tasks to queue
[2025-02-06T16:49:43.329+0000] {logging_mixin.py:190} INFO - [2025-02-06T16:49:43.329+0000] {dagbag.py:588} INFO - Filling up the DagBag from /home/airflow/.local/lib/python3.12/site-packages/airflow/example_dags/example_complex.py
[2025-02-06T16:49:43.352+0000] {processor.py:925} INFO - DAG(s) 'example_complex' retrieved from /home/airflow/.local/lib/python3.12/site-packages/airflow/example_dags/example_complex.py
[2025-02-06T16:49:43.413+0000] {logging_mixin.py:190} INFO - [2025-02-06T16:49:43.413+0000] {dag.py:3239} INFO - Sync 1 DAGs
[2025-02-06T16:49:43.431+0000] {logging_mixin.py:190} INFO - [2025-02-06T16:49:43.431+0000] {dag.py:4180} INFO - Setting next_dagrun for example_complex to None, run_after=None
[2025-02-06T16:49:43.462+0000] {processor.py:208} INFO - Processing /home/airflow/.local/lib/python3.12/site-packages/airflow/example_dags/example_complex.py took 0.154 seconds
[2025-02-06T16:50:13.753+0000] {processor.py:186} INFO - Started process (PID=1581) to work on /home/airflow/.local/lib/python3.12/site-packages/airflow/example_dags/example_complex.py
[2025-02-06T16:50:13.754+0000] {processor.py:914} INFO - Processing file /home/airflow/.local/lib/python3.12/site-packages/airflow/example_dags/example_complex.py for tasks to queue
[2025-02-06T16:50:13.757+0000] {logging_mixin.py:190} INFO - [2025-02-06T16:50:13.757+0000] {dagbag.py:588} INFO - Filling up the DagBag from /home/airflow/.local/lib/python3.12/site-packages/airflow/example_dags/example_complex.py
[2025-02-06T16:50:13.773+0000] {processor.py:925} INFO - DAG(s) 'example_complex' retrieved from /home/airflow/.local/lib/python3.12/site-packages/airflow/example_dags/example_complex.py
[2025-02-06T16:50:13.818+0000] {logging_mixin.py:190} INFO - [2025-02-06T16:50:13.818+0000] {dag.py:3239} INFO - Sync 1 DAGs
[2025-02-06T16:50:13.837+0000] {logging_mixin.py:190} INFO - [2025-02-06T16:50:13.837+0000] {dag.py:4180} INFO - Setting next_dagrun for example_complex to None, run_after=None
[2025-02-06T16:50:13.862+0000] {processor.py:208} INFO - Processing /home/airflow/.local/lib/python3.12/site-packages/airflow/example_dags/example_complex.py took 0.116 seconds
[2025-02-06T16:50:44.038+0000] {processor.py:186} INFO - Started process (PID=1638) to work on /home/airflow/.local/lib/python3.12/site-packages/airflow/example_dags/example_complex.py
[2025-02-06T16:50:44.040+0000] {processor.py:914} INFO - Processing file /home/airflow/.local/lib/python3.12/site-packages/airflow/example_dags/example_complex.py for tasks to queue
[2025-02-06T16:50:44.043+0000] {logging_mixin.py:190} INFO - [2025-02-06T16:50:44.043+0000] {dagbag.py:588} INFO - Filling up the DagBag from /home/airflow/.local/lib/python3.12/site-packages/airflow/example_dags/example_complex.py
[2025-02-06T16:50:44.058+0000] {processor.py:925} INFO - DAG(s) 'example_complex' retrieved from /home/airflow/.local/lib/python3.12/site-packages/airflow/example_dags/example_complex.py
[2025-02-06T16:50:44.106+0000] {logging_mixin.py:190} INFO - [2025-02-06T16:50:44.105+0000] {dag.py:3239} INFO - Sync 1 DAGs
[2025-02-06T16:50:44.124+0000] {logging_mixin.py:190} INFO - [2025-02-06T16:50:44.124+0000] {dag.py:4180} INFO - Setting next_dagrun for example_complex to None, run_after=None
[2025-02-06T16:50:44.146+0000] {processor.py:208} INFO - Processing /home/airflow/.local/lib/python3.12/site-packages/airflow/example_dags/example_complex.py took 0.116 seconds
[2025-02-06T16:51:15.311+0000] {processor.py:186} INFO - Started process (PID=1695) to work on /home/airflow/.local/lib/python3.12/site-packages/airflow/example_dags/example_complex.py
[2025-02-06T16:51:15.312+0000] {processor.py:914} INFO - Processing file /home/airflow/.local/lib/python3.12/site-packages/airflow/example_dags/example_complex.py for tasks to queue
[2025-02-06T16:51:15.315+0000] {logging_mixin.py:190} INFO - [2025-02-06T16:51:15.315+0000] {dagbag.py:588} INFO - Filling up the DagBag from /home/airflow/.local/lib/python3.12/site-packages/airflow/example_dags/example_complex.py
[2025-02-06T16:51:15.331+0000] {processor.py:925} INFO - DAG(s) 'example_complex' retrieved from /home/airflow/.local/lib/python3.12/site-packages/airflow/example_dags/example_complex.py
[2025-02-06T16:51:15.375+0000] {logging_mixin.py:190} INFO - [2025-02-06T16:51:15.375+0000] {dag.py:3239} INFO - Sync 1 DAGs
[2025-02-06T16:51:15.396+0000] {logging_mixin.py:190} INFO - [2025-02-06T16:51:15.395+0000] {dag.py:4180} INFO - Setting next_dagrun for example_complex to None, run_after=None
[2025-02-06T16:51:15.423+0000] {processor.py:208} INFO - Processing /home/airflow/.local/lib/python3.12/site-packages/airflow/example_dags/example_complex.py took 0.120 seconds
[2025-02-06T16:51:46.183+0000] {processor.py:186} INFO - Started process (PID=1752) to work on /home/airflow/.local/lib/python3.12/site-packages/airflow/example_dags/example_complex.py
[2025-02-06T16:51:46.184+0000] {processor.py:914} INFO - Processing file /home/airflow/.local/lib/python3.12/site-packages/airflow/example_dags/example_complex.py for tasks to queue
[2025-02-06T16:51:46.187+0000] {logging_mixin.py:190} INFO - [2025-02-06T16:51:46.187+0000] {dagbag.py:588} INFO - Filling up the DagBag from /home/airflow/.local/lib/python3.12/site-packages/airflow/example_dags/example_complex.py
[2025-02-06T16:51:46.203+0000] {processor.py:925} INFO - DAG(s) 'example_complex' retrieved from /home/airflow/.local/lib/python3.12/site-packages/airflow/example_dags/example_complex.py
[2025-02-06T16:51:46.247+0000] {logging_mixin.py:190} INFO - [2025-02-06T16:51:46.247+0000] {dag.py:3239} INFO - Sync 1 DAGs
[2025-02-06T16:51:46.266+0000] {logging_mixin.py:190} INFO - [2025-02-06T16:51:46.266+0000] {dag.py:4180} INFO - Setting next_dagrun for example_complex to None, run_after=None
[2025-02-06T16:51:46.292+0000] {processor.py:208} INFO - Processing /home/airflow/.local/lib/python3.12/site-packages/airflow/example_dags/example_complex.py took 0.117 seconds
[2025-02-06T16:52:16.611+0000] {processor.py:186} INFO - Started process (PID=1808) to work on /home/airflow/.local/lib/python3.12/site-packages/airflow/example_dags/example_complex.py
[2025-02-06T16:52:16.612+0000] {processor.py:914} INFO - Processing file /home/airflow/.local/lib/python3.12/site-packages/airflow/example_dags/example_complex.py for tasks to queue
[2025-02-06T16:52:16.624+0000] {logging_mixin.py:190} INFO - [2025-02-06T16:52:16.624+0000] {dagbag.py:588} INFO - Filling up the DagBag from /home/airflow/.local/lib/python3.12/site-packages/airflow/example_dags/example_complex.py
[2025-02-06T16:52:16.670+0000] {processor.py:925} INFO - DAG(s) 'example_complex' retrieved from /home/airflow/.local/lib/python3.12/site-packages/airflow/example_dags/example_complex.py
[2025-02-06T16:52:16.779+0000] {logging_mixin.py:190} INFO - [2025-02-06T16:52:16.779+0000] {dag.py:3239} INFO - Sync 1 DAGs
[2025-02-06T16:52:16.844+0000] {logging_mixin.py:190} INFO - [2025-02-06T16:52:16.844+0000] {dag.py:4180} INFO - Setting next_dagrun for example_complex to None, run_after=None
[2025-02-06T16:52:16.924+0000] {processor.py:208} INFO - Processing /home/airflow/.local/lib/python3.12/site-packages/airflow/example_dags/example_complex.py took 0.332 seconds
[2025-02-06T16:52:47.015+0000] {processor.py:186} INFO - Started process (PID=1864) to work on /home/airflow/.local/lib/python3.12/site-packages/airflow/example_dags/example_complex.py
[2025-02-06T16:52:47.016+0000] {processor.py:914} INFO - Processing file /home/airflow/.local/lib/python3.12/site-packages/airflow/example_dags/example_complex.py for tasks to queue
[2025-02-06T16:52:47.019+0000] {logging_mixin.py:190} INFO - [2025-02-06T16:52:47.019+0000] {dagbag.py:588} INFO - Filling up the DagBag from /home/airflow/.local/lib/python3.12/site-packages/airflow/example_dags/example_complex.py
[2025-02-06T16:52:47.034+0000] {processor.py:925} INFO - DAG(s) 'example_complex' retrieved from /home/airflow/.local/lib/python3.12/site-packages/airflow/example_dags/example_complex.py
[2025-02-06T16:52:47.079+0000] {logging_mixin.py:190} INFO - [2025-02-06T16:52:47.078+0000] {dag.py:3239} INFO - Sync 1 DAGs
[2025-02-06T16:52:47.098+0000] {logging_mixin.py:190} INFO - [2025-02-06T16:52:47.097+0000] {dag.py:4180} INFO - Setting next_dagrun for example_complex to None, run_after=None
[2025-02-06T16:52:47.123+0000] {processor.py:208} INFO - Processing /home/airflow/.local/lib/python3.12/site-packages/airflow/example_dags/example_complex.py took 0.116 seconds
[2025-02-06T16:53:17.424+0000] {processor.py:186} INFO - Started process (PID=1922) to work on /home/airflow/.local/lib/python3.12/site-packages/airflow/example_dags/example_complex.py
[2025-02-06T16:53:17.425+0000] {processor.py:914} INFO - Processing file /home/airflow/.local/lib/python3.12/site-packages/airflow/example_dags/example_complex.py for tasks to queue
[2025-02-06T16:53:17.429+0000] {logging_mixin.py:190} INFO - [2025-02-06T16:53:17.428+0000] {dagbag.py:588} INFO - Filling up the DagBag from /home/airflow/.local/lib/python3.12/site-packages/airflow/example_dags/example_complex.py
[2025-02-06T16:53:17.447+0000] {processor.py:925} INFO - DAG(s) 'example_complex' retrieved from /home/airflow/.local/lib/python3.12/site-packages/airflow/example_dags/example_complex.py
[2025-02-06T16:53:17.520+0000] {logging_mixin.py:190} INFO - [2025-02-06T16:53:17.520+0000] {dag.py:3239} INFO - Sync 1 DAGs
[2025-02-06T16:53:17.548+0000] {logging_mixin.py:190} INFO - [2025-02-06T16:53:17.547+0000] {dag.py:4180} INFO - Setting next_dagrun for example_complex to None, run_after=None
[2025-02-06T16:53:17.587+0000] {processor.py:208} INFO - Processing /home/airflow/.local/lib/python3.12/site-packages/airflow/example_dags/example_complex.py took 0.171 seconds
[2025-02-06T16:53:48.123+0000] {processor.py:186} INFO - Started process (PID=1979) to work on /home/airflow/.local/lib/python3.12/site-packages/airflow/example_dags/example_complex.py
[2025-02-06T16:53:48.125+0000] {processor.py:914} INFO - Processing file /home/airflow/.local/lib/python3.12/site-packages/airflow/example_dags/example_complex.py for tasks to queue
[2025-02-06T16:53:48.128+0000] {logging_mixin.py:190} INFO - [2025-02-06T16:53:48.127+0000] {dagbag.py:588} INFO - Filling up the DagBag from /home/airflow/.local/lib/python3.12/site-packages/airflow/example_dags/example_complex.py
[2025-02-06T16:53:48.144+0000] {processor.py:925} INFO - DAG(s) 'example_complex' retrieved from /home/airflow/.local/lib/python3.12/site-packages/airflow/example_dags/example_complex.py
[2025-02-06T16:53:48.188+0000] {logging_mixin.py:190} INFO - [2025-02-06T16:53:48.188+0000] {dag.py:3239} INFO - Sync 1 DAGs
[2025-02-06T16:53:48.208+0000] {logging_mixin.py:190} INFO - [2025-02-06T16:53:48.207+0000] {dag.py:4180} INFO - Setting next_dagrun for example_complex to None, run_after=None
[2025-02-06T16:53:48.232+0000] {processor.py:208} INFO - Processing /home/airflow/.local/lib/python3.12/site-packages/airflow/example_dags/example_complex.py took 0.116 seconds
[2025-02-06T16:54:18.875+0000] {processor.py:186} INFO - Started process (PID=2036) to work on /home/airflow/.local/lib/python3.12/site-packages/airflow/example_dags/example_complex.py
[2025-02-06T16:54:18.876+0000] {processor.py:914} INFO - Processing file /home/airflow/.local/lib/python3.12/site-packages/airflow/example_dags/example_complex.py for tasks to queue
[2025-02-06T16:54:18.879+0000] {logging_mixin.py:190} INFO - [2025-02-06T16:54:18.879+0000] {dagbag.py:588} INFO - Filling up the DagBag from /home/airflow/.local/lib/python3.12/site-packages/airflow/example_dags/example_complex.py
[2025-02-06T16:54:18.902+0000] {processor.py:925} INFO - DAG(s) 'example_complex' retrieved from /home/airflow/.local/lib/python3.12/site-packages/airflow/example_dags/example_complex.py
[2025-02-06T16:54:18.963+0000] {logging_mixin.py:190} INFO - [2025-02-06T16:54:18.962+0000] {dag.py:3239} INFO - Sync 1 DAGs
[2025-02-06T16:54:18.992+0000] {logging_mixin.py:190} INFO - [2025-02-06T16:54:18.992+0000] {dag.py:4180} INFO - Setting next_dagrun for example_complex to None, run_after=None
[2025-02-06T16:54:19.029+0000] {processor.py:208} INFO - Processing /home/airflow/.local/lib/python3.12/site-packages/airflow/example_dags/example_complex.py took 0.166 seconds
[2025-02-06T16:54:49.097+0000] {processor.py:186} INFO - Started process (PID=2093) to work on /home/airflow/.local/lib/python3.12/site-packages/airflow/example_dags/example_complex.py
[2025-02-06T16:54:49.098+0000] {processor.py:914} INFO - Processing file /home/airflow/.local/lib/python3.12/site-packages/airflow/example_dags/example_complex.py for tasks to queue
[2025-02-06T16:54:49.103+0000] {logging_mixin.py:190} INFO - [2025-02-06T16:54:49.102+0000] {dagbag.py:588} INFO - Filling up the DagBag from /home/airflow/.local/lib/python3.12/site-packages/airflow/example_dags/example_complex.py
[2025-02-06T16:54:49.123+0000] {processor.py:925} INFO - DAG(s) 'example_complex' retrieved from /home/airflow/.local/lib/python3.12/site-packages/airflow/example_dags/example_complex.py
[2025-02-06T16:54:49.167+0000] {logging_mixin.py:190} INFO - [2025-02-06T16:54:49.166+0000] {dag.py:3239} INFO - Sync 1 DAGs
[2025-02-06T16:54:49.184+0000] {logging_mixin.py:190} INFO - [2025-02-06T16:54:49.184+0000] {dag.py:4180} INFO - Setting next_dagrun for example_complex to None, run_after=None
[2025-02-06T16:54:49.206+0000] {processor.py:208} INFO - Processing /home/airflow/.local/lib/python3.12/site-packages/airflow/example_dags/example_complex.py took 0.119 seconds
[2025-02-06T17:23:31.022+0000] {processor.py:186} INFO - Started process (PID=50) to work on /home/airflow/.local/lib/python3.12/site-packages/airflow/example_dags/example_complex.py
[2025-02-06T17:23:31.025+0000] {processor.py:914} INFO - Processing file /home/airflow/.local/lib/python3.12/site-packages/airflow/example_dags/example_complex.py for tasks to queue
[2025-02-06T17:23:31.029+0000] {logging_mixin.py:190} INFO - [2025-02-06T17:23:31.029+0000] {dagbag.py:588} INFO - Filling up the DagBag from /home/airflow/.local/lib/python3.12/site-packages/airflow/example_dags/example_complex.py
[2025-02-06T17:23:31.059+0000] {processor.py:925} INFO - DAG(s) 'example_complex' retrieved from /home/airflow/.local/lib/python3.12/site-packages/airflow/example_dags/example_complex.py
[2025-02-06T17:23:31.415+0000] {logging_mixin.py:190} INFO - [2025-02-06T17:23:31.414+0000] {override.py:1911} INFO - Created Permission View: can delete on DAG:example_complex
[2025-02-06T17:23:31.441+0000] {logging_mixin.py:190} INFO - [2025-02-06T17:23:31.441+0000] {override.py:1911} INFO - Created Permission View: can read on DAG:example_complex
[2025-02-06T17:23:31.457+0000] {logging_mixin.py:190} INFO - [2025-02-06T17:23:31.456+0000] {override.py:1911} INFO - Created Permission View: can edit on DAG:example_complex
[2025-02-06T17:23:31.479+0000] {logging_mixin.py:190} INFO - [2025-02-06T17:23:31.478+0000] {override.py:1911} INFO - Created Permission View: menu access on DAG Run:example_complex
[2025-02-06T17:23:31.496+0000] {logging_mixin.py:190} INFO - [2025-02-06T17:23:31.495+0000] {override.py:1911} INFO - Created Permission View: can delete on DAG Run:example_complex
[2025-02-06T17:23:31.511+0000] {logging_mixin.py:190} INFO - [2025-02-06T17:23:31.511+0000] {override.py:1911} INFO - Created Permission View: can create on DAG Run:example_complex
[2025-02-06T17:23:31.527+0000] {logging_mixin.py:190} INFO - [2025-02-06T17:23:31.526+0000] {override.py:1911} INFO - Created Permission View: can read on DAG Run:example_complex
[2025-02-06T17:23:31.528+0000] {logging_mixin.py:190} INFO - [2025-02-06T17:23:31.527+0000] {dag.py:3239} INFO - Sync 1 DAGs
[2025-02-06T17:23:31.561+0000] {logging_mixin.py:190} INFO - [2025-02-06T17:23:31.561+0000] {dag.py:3262} INFO - Creating ORM DAG for example_complex
[2025-02-06T17:23:31.563+0000] {logging_mixin.py:190} INFO - [2025-02-06T17:23:31.562+0000] {dag.py:4180} INFO - Setting next_dagrun for example_complex to None, run_after=None
[2025-02-06T17:23:31.610+0000] {processor.py:208} INFO - Processing /home/airflow/.local/lib/python3.12/site-packages/airflow/example_dags/example_complex.py took 0.597 seconds
[2025-02-06T17:24:02.084+0000] {processor.py:186} INFO - Started process (PID=106) to work on /home/airflow/.local/lib/python3.12/site-packages/airflow/example_dags/example_complex.py
[2025-02-06T17:24:02.085+0000] {processor.py:914} INFO - Processing file /home/airflow/.local/lib/python3.12/site-packages/airflow/example_dags/example_complex.py for tasks to queue
[2025-02-06T17:24:02.092+0000] {logging_mixin.py:190} INFO - [2025-02-06T17:24:02.091+0000] {dagbag.py:588} INFO - Filling up the DagBag from /home/airflow/.local/lib/python3.12/site-packages/airflow/example_dags/example_complex.py
[2025-02-06T17:24:02.111+0000] {processor.py:925} INFO - DAG(s) 'example_complex' retrieved from /home/airflow/.local/lib/python3.12/site-packages/airflow/example_dags/example_complex.py
[2025-02-06T17:24:02.155+0000] {logging_mixin.py:190} INFO - [2025-02-06T17:24:02.155+0000] {dag.py:3239} INFO - Sync 1 DAGs
[2025-02-06T17:24:02.173+0000] {logging_mixin.py:190} INFO - [2025-02-06T17:24:02.172+0000] {dag.py:4180} INFO - Setting next_dagrun for example_complex to None, run_after=None
[2025-02-06T17:24:02.195+0000] {processor.py:208} INFO - Processing /home/airflow/.local/lib/python3.12/site-packages/airflow/example_dags/example_complex.py took 0.119 seconds
[2025-02-06T17:24:32.984+0000] {processor.py:186} INFO - Started process (PID=163) to work on /home/airflow/.local/lib/python3.12/site-packages/airflow/example_dags/example_complex.py
[2025-02-06T17:24:32.986+0000] {processor.py:914} INFO - Processing file /home/airflow/.local/lib/python3.12/site-packages/airflow/example_dags/example_complex.py for tasks to queue
[2025-02-06T17:24:32.991+0000] {logging_mixin.py:190} INFO - [2025-02-06T17:24:32.990+0000] {dagbag.py:588} INFO - Filling up the DagBag from /home/airflow/.local/lib/python3.12/site-packages/airflow/example_dags/example_complex.py
[2025-02-06T17:24:33.031+0000] {processor.py:925} INFO - DAG(s) 'example_complex' retrieved from /home/airflow/.local/lib/python3.12/site-packages/airflow/example_dags/example_complex.py
[2025-02-06T17:24:33.119+0000] {logging_mixin.py:190} INFO - [2025-02-06T17:24:33.119+0000] {dag.py:3239} INFO - Sync 1 DAGs
[2025-02-06T17:24:33.154+0000] {logging_mixin.py:190} INFO - [2025-02-06T17:24:33.153+0000] {dag.py:4180} INFO - Setting next_dagrun for example_complex to None, run_after=None
[2025-02-06T17:24:33.192+0000] {processor.py:208} INFO - Processing /home/airflow/.local/lib/python3.12/site-packages/airflow/example_dags/example_complex.py took 0.228 seconds
[2025-02-06T17:25:04.052+0000] {processor.py:186} INFO - Started process (PID=219) to work on /home/airflow/.local/lib/python3.12/site-packages/airflow/example_dags/example_complex.py
[2025-02-06T17:25:04.053+0000] {processor.py:914} INFO - Processing file /home/airflow/.local/lib/python3.12/site-packages/airflow/example_dags/example_complex.py for tasks to queue
[2025-02-06T17:25:04.056+0000] {logging_mixin.py:190} INFO - [2025-02-06T17:25:04.055+0000] {dagbag.py:588} INFO - Filling up the DagBag from /home/airflow/.local/lib/python3.12/site-packages/airflow/example_dags/example_complex.py
[2025-02-06T17:25:04.071+0000] {processor.py:925} INFO - DAG(s) 'example_complex' retrieved from /home/airflow/.local/lib/python3.12/site-packages/airflow/example_dags/example_complex.py
[2025-02-06T17:25:04.116+0000] {logging_mixin.py:190} INFO - [2025-02-06T17:25:04.115+0000] {dag.py:3239} INFO - Sync 1 DAGs
[2025-02-06T17:25:04.139+0000] {logging_mixin.py:190} INFO - [2025-02-06T17:25:04.139+0000] {dag.py:4180} INFO - Setting next_dagrun for example_complex to None, run_after=None
[2025-02-06T17:25:04.164+0000] {processor.py:208} INFO - Processing /home/airflow/.local/lib/python3.12/site-packages/airflow/example_dags/example_complex.py took 0.120 seconds
[2025-02-06T17:25:34.870+0000] {processor.py:186} INFO - Started process (PID=276) to work on /home/airflow/.local/lib/python3.12/site-packages/airflow/example_dags/example_complex.py
[2025-02-06T17:25:34.876+0000] {processor.py:914} INFO - Processing file /home/airflow/.local/lib/python3.12/site-packages/airflow/example_dags/example_complex.py for tasks to queue
[2025-02-06T17:25:34.879+0000] {logging_mixin.py:190} INFO - [2025-02-06T17:25:34.878+0000] {dagbag.py:588} INFO - Filling up the DagBag from /home/airflow/.local/lib/python3.12/site-packages/airflow/example_dags/example_complex.py
[2025-02-06T17:25:34.904+0000] {processor.py:925} INFO - DAG(s) 'example_complex' retrieved from /home/airflow/.local/lib/python3.12/site-packages/airflow/example_dags/example_complex.py
[2025-02-06T17:25:34.960+0000] {logging_mixin.py:190} INFO - [2025-02-06T17:25:34.960+0000] {dag.py:3239} INFO - Sync 1 DAGs
[2025-02-06T17:25:34.987+0000] {logging_mixin.py:190} INFO - [2025-02-06T17:25:34.987+0000] {dag.py:4180} INFO - Setting next_dagrun for example_complex to None, run_after=None
[2025-02-06T17:25:35.031+0000] {processor.py:208} INFO - Processing /home/airflow/.local/lib/python3.12/site-packages/airflow/example_dags/example_complex.py took 0.169 seconds
[2025-02-06T17:26:05.094+0000] {processor.py:186} INFO - Started process (PID=333) to work on /home/airflow/.local/lib/python3.12/site-packages/airflow/example_dags/example_complex.py
[2025-02-06T17:26:05.096+0000] {processor.py:914} INFO - Processing file /home/airflow/.local/lib/python3.12/site-packages/airflow/example_dags/example_complex.py for tasks to queue
[2025-02-06T17:26:05.099+0000] {logging_mixin.py:190} INFO - [2025-02-06T17:26:05.098+0000] {dagbag.py:588} INFO - Filling up the DagBag from /home/airflow/.local/lib/python3.12/site-packages/airflow/example_dags/example_complex.py
[2025-02-06T17:26:05.115+0000] {processor.py:925} INFO - DAG(s) 'example_complex' retrieved from /home/airflow/.local/lib/python3.12/site-packages/airflow/example_dags/example_complex.py
[2025-02-06T17:26:05.159+0000] {logging_mixin.py:190} INFO - [2025-02-06T17:26:05.159+0000] {dag.py:3239} INFO - Sync 1 DAGs
[2025-02-06T17:26:05.181+0000] {logging_mixin.py:190} INFO - [2025-02-06T17:26:05.180+0000] {dag.py:4180} INFO - Setting next_dagrun for example_complex to None, run_after=None
[2025-02-06T17:26:05.211+0000] {processor.py:208} INFO - Processing /home/airflow/.local/lib/python3.12/site-packages/airflow/example_dags/example_complex.py took 0.124 seconds
[2025-02-06T17:29:12.279+0000] {processor.py:186} INFO - Started process (PID=49) to work on /home/airflow/.local/lib/python3.12/site-packages/airflow/example_dags/example_complex.py
[2025-02-06T17:29:12.282+0000] {processor.py:914} INFO - Processing file /home/airflow/.local/lib/python3.12/site-packages/airflow/example_dags/example_complex.py for tasks to queue
[2025-02-06T17:29:12.291+0000] {logging_mixin.py:190} INFO - [2025-02-06T17:29:12.290+0000] {dagbag.py:588} INFO - Filling up the DagBag from /home/airflow/.local/lib/python3.12/site-packages/airflow/example_dags/example_complex.py
[2025-02-06T17:29:12.325+0000] {processor.py:925} INFO - DAG(s) 'example_complex' retrieved from /home/airflow/.local/lib/python3.12/site-packages/airflow/example_dags/example_complex.py
[2025-02-06T17:29:12.708+0000] {logging_mixin.py:190} INFO - [2025-02-06T17:29:12.706+0000] {override.py:1911} INFO - Created Permission View: can read on DAG:example_complex
[2025-02-06T17:29:12.743+0000] {logging_mixin.py:190} INFO - [2025-02-06T17:29:12.743+0000] {override.py:1911} INFO - Created Permission View: can edit on DAG:example_complex
[2025-02-06T17:29:12.763+0000] {logging_mixin.py:190} INFO - [2025-02-06T17:29:12.763+0000] {override.py:1911} INFO - Created Permission View: can delete on DAG:example_complex
[2025-02-06T17:29:12.787+0000] {logging_mixin.py:190} INFO - [2025-02-06T17:29:12.786+0000] {override.py:1911} INFO - Created Permission View: can read on DAG Run:example_complex
[2025-02-06T17:29:12.808+0000] {logging_mixin.py:190} INFO - [2025-02-06T17:29:12.807+0000] {override.py:1911} INFO - Created Permission View: menu access on DAG Run:example_complex
[2025-02-06T17:29:12.833+0000] {logging_mixin.py:190} INFO - [2025-02-06T17:29:12.832+0000] {override.py:1911} INFO - Created Permission View: can delete on DAG Run:example_complex
[2025-02-06T17:29:12.857+0000] {logging_mixin.py:190} INFO - [2025-02-06T17:29:12.856+0000] {override.py:1911} INFO - Created Permission View: can create on DAG Run:example_complex
[2025-02-06T17:29:12.858+0000] {logging_mixin.py:190} INFO - [2025-02-06T17:29:12.858+0000] {dag.py:3239} INFO - Sync 1 DAGs
[2025-02-06T17:29:12.918+0000] {logging_mixin.py:190} INFO - [2025-02-06T17:29:12.917+0000] {dag.py:3262} INFO - Creating ORM DAG for example_complex
[2025-02-06T17:29:12.920+0000] {logging_mixin.py:190} INFO - [2025-02-06T17:29:12.920+0000] {dag.py:4180} INFO - Setting next_dagrun for example_complex to None, run_after=None
[2025-02-06T17:29:13.045+0000] {processor.py:208} INFO - Processing /home/airflow/.local/lib/python3.12/site-packages/airflow/example_dags/example_complex.py took 0.781 seconds
[2025-02-06T17:29:50.615+0000] {processor.py:186} INFO - Started process (PID=105) to work on /home/airflow/.local/lib/python3.12/site-packages/airflow/example_dags/example_complex.py
[2025-02-06T17:29:50.617+0000] {processor.py:914} INFO - Processing file /home/airflow/.local/lib/python3.12/site-packages/airflow/example_dags/example_complex.py for tasks to queue
[2025-02-06T17:29:50.621+0000] {logging_mixin.py:190} INFO - [2025-02-06T17:29:50.620+0000] {dagbag.py:588} INFO - Filling up the DagBag from /home/airflow/.local/lib/python3.12/site-packages/airflow/example_dags/example_complex.py
[2025-02-06T17:29:50.653+0000] {processor.py:925} INFO - DAG(s) 'example_complex' retrieved from /home/airflow/.local/lib/python3.12/site-packages/airflow/example_dags/example_complex.py
[2025-02-06T17:29:50.749+0000] {logging_mixin.py:190} INFO - [2025-02-06T17:29:50.749+0000] {dag.py:3239} INFO - Sync 1 DAGs
[2025-02-06T17:29:50.787+0000] {logging_mixin.py:190} INFO - [2025-02-06T17:29:50.787+0000] {dag.py:4180} INFO - Setting next_dagrun for example_complex to None, run_after=None
[2025-02-06T17:29:50.840+0000] {processor.py:208} INFO - Processing /home/airflow/.local/lib/python3.12/site-packages/airflow/example_dags/example_complex.py took 0.241 seconds
[2025-02-06T17:30:21.667+0000] {processor.py:186} INFO - Started process (PID=162) to work on /home/airflow/.local/lib/python3.12/site-packages/airflow/example_dags/example_complex.py
[2025-02-06T17:30:21.668+0000] {processor.py:914} INFO - Processing file /home/airflow/.local/lib/python3.12/site-packages/airflow/example_dags/example_complex.py for tasks to queue
[2025-02-06T17:30:21.671+0000] {logging_mixin.py:190} INFO - [2025-02-06T17:30:21.671+0000] {dagbag.py:588} INFO - Filling up the DagBag from /home/airflow/.local/lib/python3.12/site-packages/airflow/example_dags/example_complex.py
[2025-02-06T17:30:21.688+0000] {processor.py:925} INFO - DAG(s) 'example_complex' retrieved from /home/airflow/.local/lib/python3.12/site-packages/airflow/example_dags/example_complex.py
[2025-02-06T17:30:21.734+0000] {logging_mixin.py:190} INFO - [2025-02-06T17:30:21.734+0000] {dag.py:3239} INFO - Sync 1 DAGs
[2025-02-06T17:30:21.756+0000] {logging_mixin.py:190} INFO - [2025-02-06T17:30:21.756+0000] {dag.py:4180} INFO - Setting next_dagrun for example_complex to None, run_after=None
[2025-02-06T17:30:21.816+0000] {processor.py:208} INFO - Processing /home/airflow/.local/lib/python3.12/site-packages/airflow/example_dags/example_complex.py took 0.157 seconds
[2025-02-06T17:30:51.880+0000] {processor.py:186} INFO - Started process (PID=218) to work on /home/airflow/.local/lib/python3.12/site-packages/airflow/example_dags/example_complex.py
[2025-02-06T17:30:51.882+0000] {processor.py:914} INFO - Processing file /home/airflow/.local/lib/python3.12/site-packages/airflow/example_dags/example_complex.py for tasks to queue
[2025-02-06T17:30:51.885+0000] {logging_mixin.py:190} INFO - [2025-02-06T17:30:51.885+0000] {dagbag.py:588} INFO - Filling up the DagBag from /home/airflow/.local/lib/python3.12/site-packages/airflow/example_dags/example_complex.py
[2025-02-06T17:30:51.909+0000] {processor.py:925} INFO - DAG(s) 'example_complex' retrieved from /home/airflow/.local/lib/python3.12/site-packages/airflow/example_dags/example_complex.py
[2025-02-06T17:30:51.978+0000] {logging_mixin.py:190} INFO - [2025-02-06T17:30:51.978+0000] {dag.py:3239} INFO - Sync 1 DAGs
[2025-02-06T17:30:52.008+0000] {logging_mixin.py:190} INFO - [2025-02-06T17:30:52.008+0000] {dag.py:4180} INFO - Setting next_dagrun for example_complex to None, run_after=None
[2025-02-06T17:30:52.039+0000] {processor.py:208} INFO - Processing /home/airflow/.local/lib/python3.12/site-packages/airflow/example_dags/example_complex.py took 0.171 seconds
[2025-02-06T17:31:22.873+0000] {processor.py:186} INFO - Started process (PID=275) to work on /home/airflow/.local/lib/python3.12/site-packages/airflow/example_dags/example_complex.py
[2025-02-06T17:31:22.874+0000] {processor.py:914} INFO - Processing file /home/airflow/.local/lib/python3.12/site-packages/airflow/example_dags/example_complex.py for tasks to queue
[2025-02-06T17:31:22.877+0000] {logging_mixin.py:190} INFO - [2025-02-06T17:31:22.876+0000] {dagbag.py:588} INFO - Filling up the DagBag from /home/airflow/.local/lib/python3.12/site-packages/airflow/example_dags/example_complex.py
[2025-02-06T17:31:22.894+0000] {processor.py:925} INFO - DAG(s) 'example_complex' retrieved from /home/airflow/.local/lib/python3.12/site-packages/airflow/example_dags/example_complex.py
[2025-02-06T17:31:22.938+0000] {logging_mixin.py:190} INFO - [2025-02-06T17:31:22.938+0000] {dag.py:3239} INFO - Sync 1 DAGs
[2025-02-06T17:31:22.959+0000] {logging_mixin.py:190} INFO - [2025-02-06T17:31:22.959+0000] {dag.py:4180} INFO - Setting next_dagrun for example_complex to None, run_after=None
[2025-02-06T17:31:22.992+0000] {processor.py:208} INFO - Processing /home/airflow/.local/lib/python3.12/site-packages/airflow/example_dags/example_complex.py took 0.127 seconds
[2025-02-06T17:31:53.120+0000] {processor.py:186} INFO - Started process (PID=332) to work on /home/airflow/.local/lib/python3.12/site-packages/airflow/example_dags/example_complex.py
[2025-02-06T17:31:53.121+0000] {processor.py:914} INFO - Processing file /home/airflow/.local/lib/python3.12/site-packages/airflow/example_dags/example_complex.py for tasks to queue
[2025-02-06T17:31:53.124+0000] {logging_mixin.py:190} INFO - [2025-02-06T17:31:53.124+0000] {dagbag.py:588} INFO - Filling up the DagBag from /home/airflow/.local/lib/python3.12/site-packages/airflow/example_dags/example_complex.py
[2025-02-06T17:31:53.140+0000] {processor.py:925} INFO - DAG(s) 'example_complex' retrieved from /home/airflow/.local/lib/python3.12/site-packages/airflow/example_dags/example_complex.py
[2025-02-06T17:31:53.184+0000] {logging_mixin.py:190} INFO - [2025-02-06T17:31:53.183+0000] {dag.py:3239} INFO - Sync 1 DAGs
[2025-02-06T17:31:53.202+0000] {logging_mixin.py:190} INFO - [2025-02-06T17:31:53.202+0000] {dag.py:4180} INFO - Setting next_dagrun for example_complex to None, run_after=None
[2025-02-06T17:31:53.226+0000] {processor.py:208} INFO - Processing /home/airflow/.local/lib/python3.12/site-packages/airflow/example_dags/example_complex.py took 0.114 seconds
[2025-02-06T17:32:23.299+0000] {processor.py:186} INFO - Started process (PID=388) to work on /home/airflow/.local/lib/python3.12/site-packages/airflow/example_dags/example_complex.py
[2025-02-06T17:32:23.300+0000] {processor.py:914} INFO - Processing file /home/airflow/.local/lib/python3.12/site-packages/airflow/example_dags/example_complex.py for tasks to queue
[2025-02-06T17:32:23.303+0000] {logging_mixin.py:190} INFO - [2025-02-06T17:32:23.303+0000] {dagbag.py:588} INFO - Filling up the DagBag from /home/airflow/.local/lib/python3.12/site-packages/airflow/example_dags/example_complex.py
[2025-02-06T17:32:23.323+0000] {processor.py:925} INFO - DAG(s) 'example_complex' retrieved from /home/airflow/.local/lib/python3.12/site-packages/airflow/example_dags/example_complex.py
[2025-02-06T17:32:23.376+0000] {logging_mixin.py:190} INFO - [2025-02-06T17:32:23.375+0000] {dag.py:3239} INFO - Sync 1 DAGs
[2025-02-06T17:32:23.400+0000] {logging_mixin.py:190} INFO - [2025-02-06T17:32:23.400+0000] {dag.py:4180} INFO - Setting next_dagrun for example_complex to None, run_after=None
[2025-02-06T17:32:23.441+0000] {processor.py:208} INFO - Processing /home/airflow/.local/lib/python3.12/site-packages/airflow/example_dags/example_complex.py took 0.152 seconds
[2025-02-06T17:32:53.881+0000] {processor.py:186} INFO - Started process (PID=445) to work on /home/airflow/.local/lib/python3.12/site-packages/airflow/example_dags/example_complex.py
[2025-02-06T17:32:53.882+0000] {processor.py:914} INFO - Processing file /home/airflow/.local/lib/python3.12/site-packages/airflow/example_dags/example_complex.py for tasks to queue
[2025-02-06T17:32:53.886+0000] {logging_mixin.py:190} INFO - [2025-02-06T17:32:53.885+0000] {dagbag.py:588} INFO - Filling up the DagBag from /home/airflow/.local/lib/python3.12/site-packages/airflow/example_dags/example_complex.py
[2025-02-06T17:32:53.902+0000] {processor.py:925} INFO - DAG(s) 'example_complex' retrieved from /home/airflow/.local/lib/python3.12/site-packages/airflow/example_dags/example_complex.py
[2025-02-06T17:32:53.946+0000] {logging_mixin.py:190} INFO - [2025-02-06T17:32:53.946+0000] {dag.py:3239} INFO - Sync 1 DAGs
[2025-02-06T17:32:53.964+0000] {logging_mixin.py:190} INFO - [2025-02-06T17:32:53.964+0000] {dag.py:4180} INFO - Setting next_dagrun for example_complex to None, run_after=None
[2025-02-06T17:32:53.989+0000] {processor.py:208} INFO - Processing /home/airflow/.local/lib/python3.12/site-packages/airflow/example_dags/example_complex.py took 0.116 seconds
[2025-02-06T17:33:25.022+0000] {processor.py:186} INFO - Started process (PID=503) to work on /home/airflow/.local/lib/python3.12/site-packages/airflow/example_dags/example_complex.py
[2025-02-06T17:33:25.023+0000] {processor.py:914} INFO - Processing file /home/airflow/.local/lib/python3.12/site-packages/airflow/example_dags/example_complex.py for tasks to queue
[2025-02-06T17:33:25.027+0000] {logging_mixin.py:190} INFO - [2025-02-06T17:33:25.026+0000] {dagbag.py:588} INFO - Filling up the DagBag from /home/airflow/.local/lib/python3.12/site-packages/airflow/example_dags/example_complex.py
[2025-02-06T17:33:25.045+0000] {processor.py:925} INFO - DAG(s) 'example_complex' retrieved from /home/airflow/.local/lib/python3.12/site-packages/airflow/example_dags/example_complex.py
[2025-02-06T17:33:25.087+0000] {logging_mixin.py:190} INFO - [2025-02-06T17:33:25.087+0000] {dag.py:3239} INFO - Sync 1 DAGs
[2025-02-06T17:33:25.106+0000] {logging_mixin.py:190} INFO - [2025-02-06T17:33:25.106+0000] {dag.py:4180} INFO - Setting next_dagrun for example_complex to None, run_after=None
[2025-02-06T17:33:25.133+0000] {processor.py:208} INFO - Processing /home/airflow/.local/lib/python3.12/site-packages/airflow/example_dags/example_complex.py took 0.118 seconds
[2025-02-06T17:33:55.903+0000] {processor.py:186} INFO - Started process (PID=560) to work on /home/airflow/.local/lib/python3.12/site-packages/airflow/example_dags/example_complex.py
[2025-02-06T17:33:55.904+0000] {processor.py:914} INFO - Processing file /home/airflow/.local/lib/python3.12/site-packages/airflow/example_dags/example_complex.py for tasks to queue
[2025-02-06T17:33:55.907+0000] {logging_mixin.py:190} INFO - [2025-02-06T17:33:55.907+0000] {dagbag.py:588} INFO - Filling up the DagBag from /home/airflow/.local/lib/python3.12/site-packages/airflow/example_dags/example_complex.py
[2025-02-06T17:33:55.923+0000] {processor.py:925} INFO - DAG(s) 'example_complex' retrieved from /home/airflow/.local/lib/python3.12/site-packages/airflow/example_dags/example_complex.py
[2025-02-06T17:33:55.965+0000] {logging_mixin.py:190} INFO - [2025-02-06T17:33:55.965+0000] {dag.py:3239} INFO - Sync 1 DAGs
[2025-02-06T17:33:55.984+0000] {logging_mixin.py:190} INFO - [2025-02-06T17:33:55.984+0000] {dag.py:4180} INFO - Setting next_dagrun for example_complex to None, run_after=None
[2025-02-06T17:33:56.008+0000] {processor.py:208} INFO - Processing /home/airflow/.local/lib/python3.12/site-packages/airflow/example_dags/example_complex.py took 0.113 seconds
[2025-02-06T17:34:26.674+0000] {processor.py:186} INFO - Started process (PID=617) to work on /home/airflow/.local/lib/python3.12/site-packages/airflow/example_dags/example_complex.py
[2025-02-06T17:34:26.675+0000] {processor.py:914} INFO - Processing file /home/airflow/.local/lib/python3.12/site-packages/airflow/example_dags/example_complex.py for tasks to queue
[2025-02-06T17:34:26.678+0000] {logging_mixin.py:190} INFO - [2025-02-06T17:34:26.678+0000] {dagbag.py:588} INFO - Filling up the DagBag from /home/airflow/.local/lib/python3.12/site-packages/airflow/example_dags/example_complex.py
[2025-02-06T17:34:26.693+0000] {processor.py:925} INFO - DAG(s) 'example_complex' retrieved from /home/airflow/.local/lib/python3.12/site-packages/airflow/example_dags/example_complex.py
[2025-02-06T17:34:26.733+0000] {logging_mixin.py:190} INFO - [2025-02-06T17:34:26.733+0000] {dag.py:3239} INFO - Sync 1 DAGs
[2025-02-06T17:34:26.752+0000] {logging_mixin.py:190} INFO - [2025-02-06T17:34:26.751+0000] {dag.py:4180} INFO - Setting next_dagrun for example_complex to None, run_after=None
[2025-02-06T17:34:26.775+0000] {processor.py:208} INFO - Processing /home/airflow/.local/lib/python3.12/site-packages/airflow/example_dags/example_complex.py took 0.109 seconds
[2025-02-06T17:34:57.021+0000] {processor.py:186} INFO - Started process (PID=674) to work on /home/airflow/.local/lib/python3.12/site-packages/airflow/example_dags/example_complex.py
[2025-02-06T17:34:57.023+0000] {processor.py:914} INFO - Processing file /home/airflow/.local/lib/python3.12/site-packages/airflow/example_dags/example_complex.py for tasks to queue
[2025-02-06T17:34:57.027+0000] {logging_mixin.py:190} INFO - [2025-02-06T17:34:57.026+0000] {dagbag.py:588} INFO - Filling up the DagBag from /home/airflow/.local/lib/python3.12/site-packages/airflow/example_dags/example_complex.py
[2025-02-06T17:34:57.052+0000] {processor.py:925} INFO - DAG(s) 'example_complex' retrieved from /home/airflow/.local/lib/python3.12/site-packages/airflow/example_dags/example_complex.py
[2025-02-06T17:34:57.116+0000] {logging_mixin.py:190} INFO - [2025-02-06T17:34:57.112+0000] {dag.py:3239} INFO - Sync 1 DAGs
[2025-02-06T17:34:57.145+0000] {logging_mixin.py:190} INFO - [2025-02-06T17:34:57.145+0000] {dag.py:4180} INFO - Setting next_dagrun for example_complex to None, run_after=None
[2025-02-06T17:34:57.193+0000] {processor.py:208} INFO - Processing /home/airflow/.local/lib/python3.12/site-packages/airflow/example_dags/example_complex.py took 0.181 seconds
[2025-02-06T17:35:27.644+0000] {processor.py:186} INFO - Started process (PID=730) to work on /home/airflow/.local/lib/python3.12/site-packages/airflow/example_dags/example_complex.py
[2025-02-06T17:35:27.645+0000] {processor.py:914} INFO - Processing file /home/airflow/.local/lib/python3.12/site-packages/airflow/example_dags/example_complex.py for tasks to queue
[2025-02-06T17:35:27.649+0000] {logging_mixin.py:190} INFO - [2025-02-06T17:35:27.648+0000] {dagbag.py:588} INFO - Filling up the DagBag from /home/airflow/.local/lib/python3.12/site-packages/airflow/example_dags/example_complex.py
[2025-02-06T17:35:27.666+0000] {processor.py:925} INFO - DAG(s) 'example_complex' retrieved from /home/airflow/.local/lib/python3.12/site-packages/airflow/example_dags/example_complex.py
[2025-02-06T17:35:27.715+0000] {logging_mixin.py:190} INFO - [2025-02-06T17:35:27.715+0000] {dag.py:3239} INFO - Sync 1 DAGs
[2025-02-06T17:35:27.736+0000] {logging_mixin.py:190} INFO - [2025-02-06T17:35:27.736+0000] {dag.py:4180} INFO - Setting next_dagrun for example_complex to None, run_after=None
[2025-02-06T17:35:27.761+0000] {processor.py:208} INFO - Processing /home/airflow/.local/lib/python3.12/site-packages/airflow/example_dags/example_complex.py took 0.125 seconds
[2025-02-06T17:35:57.915+0000] {processor.py:186} INFO - Started process (PID=787) to work on /home/airflow/.local/lib/python3.12/site-packages/airflow/example_dags/example_complex.py
[2025-02-06T17:35:57.916+0000] {processor.py:914} INFO - Processing file /home/airflow/.local/lib/python3.12/site-packages/airflow/example_dags/example_complex.py for tasks to queue
[2025-02-06T17:35:57.920+0000] {logging_mixin.py:190} INFO - [2025-02-06T17:35:57.919+0000] {dagbag.py:588} INFO - Filling up the DagBag from /home/airflow/.local/lib/python3.12/site-packages/airflow/example_dags/example_complex.py
[2025-02-06T17:35:57.936+0000] {processor.py:925} INFO - DAG(s) 'example_complex' retrieved from /home/airflow/.local/lib/python3.12/site-packages/airflow/example_dags/example_complex.py
[2025-02-06T17:35:57.980+0000] {logging_mixin.py:190} INFO - [2025-02-06T17:35:57.979+0000] {dag.py:3239} INFO - Sync 1 DAGs
[2025-02-06T17:35:58.001+0000] {logging_mixin.py:190} INFO - [2025-02-06T17:35:58.000+0000] {dag.py:4180} INFO - Setting next_dagrun for example_complex to None, run_after=None
[2025-02-06T17:35:58.028+0000] {processor.py:208} INFO - Processing /home/airflow/.local/lib/python3.12/site-packages/airflow/example_dags/example_complex.py took 0.121 seconds
[2025-02-06T17:41:40.264+0000] {processor.py:186} INFO - Started process (PID=49) to work on /home/airflow/.local/lib/python3.12/site-packages/airflow/example_dags/example_complex.py
[2025-02-06T17:41:40.266+0000] {processor.py:914} INFO - Processing file /home/airflow/.local/lib/python3.12/site-packages/airflow/example_dags/example_complex.py for tasks to queue
[2025-02-06T17:41:40.270+0000] {logging_mixin.py:190} INFO - [2025-02-06T17:41:40.270+0000] {dagbag.py:588} INFO - Filling up the DagBag from /home/airflow/.local/lib/python3.12/site-packages/airflow/example_dags/example_complex.py
[2025-02-06T17:41:40.304+0000] {processor.py:925} INFO - DAG(s) 'example_complex' retrieved from /home/airflow/.local/lib/python3.12/site-packages/airflow/example_dags/example_complex.py
[2025-02-06T17:41:40.578+0000] {logging_mixin.py:190} INFO - [2025-02-06T17:41:40.576+0000] {override.py:1911} INFO - Created Permission View: can delete on DAG:example_complex
[2025-02-06T17:41:40.597+0000] {logging_mixin.py:190} INFO - [2025-02-06T17:41:40.597+0000] {override.py:1911} INFO - Created Permission View: can read on DAG:example_complex
[2025-02-06T17:41:40.612+0000] {logging_mixin.py:190} INFO - [2025-02-06T17:41:40.612+0000] {override.py:1911} INFO - Created Permission View: can edit on DAG:example_complex
[2025-02-06T17:41:40.627+0000] {logging_mixin.py:190} INFO - [2025-02-06T17:41:40.626+0000] {override.py:1911} INFO - Created Permission View: can delete on DAG Run:example_complex
[2025-02-06T17:41:40.637+0000] {logging_mixin.py:190} INFO - [2025-02-06T17:41:40.637+0000] {override.py:1911} INFO - Created Permission View: can create on DAG Run:example_complex
[2025-02-06T17:41:40.650+0000] {logging_mixin.py:190} INFO - [2025-02-06T17:41:40.649+0000] {override.py:1911} INFO - Created Permission View: can read on DAG Run:example_complex
[2025-02-06T17:41:40.663+0000] {logging_mixin.py:190} INFO - [2025-02-06T17:41:40.662+0000] {override.py:1911} INFO - Created Permission View: menu access on DAG Run:example_complex
[2025-02-06T17:41:40.664+0000] {logging_mixin.py:190} INFO - [2025-02-06T17:41:40.664+0000] {dag.py:3239} INFO - Sync 1 DAGs
[2025-02-06T17:41:40.690+0000] {logging_mixin.py:190} INFO - [2025-02-06T17:41:40.689+0000] {dag.py:3262} INFO - Creating ORM DAG for example_complex
[2025-02-06T17:41:40.692+0000] {logging_mixin.py:190} INFO - [2025-02-06T17:41:40.691+0000] {dag.py:4180} INFO - Setting next_dagrun for example_complex to None, run_after=None
[2025-02-06T17:41:40.719+0000] {processor.py:208} INFO - Processing /home/airflow/.local/lib/python3.12/site-packages/airflow/example_dags/example_complex.py took 0.467 seconds
[2025-02-06T17:42:11.361+0000] {processor.py:186} INFO - Started process (PID=105) to work on /home/airflow/.local/lib/python3.12/site-packages/airflow/example_dags/example_complex.py
[2025-02-06T17:42:11.363+0000] {processor.py:914} INFO - Processing file /home/airflow/.local/lib/python3.12/site-packages/airflow/example_dags/example_complex.py for tasks to queue
[2025-02-06T17:42:11.366+0000] {logging_mixin.py:190} INFO - [2025-02-06T17:42:11.366+0000] {dagbag.py:588} INFO - Filling up the DagBag from /home/airflow/.local/lib/python3.12/site-packages/airflow/example_dags/example_complex.py
[2025-02-06T17:42:11.382+0000] {processor.py:925} INFO - DAG(s) 'example_complex' retrieved from /home/airflow/.local/lib/python3.12/site-packages/airflow/example_dags/example_complex.py
[2025-02-06T17:42:11.433+0000] {logging_mixin.py:190} INFO - [2025-02-06T17:42:11.433+0000] {dag.py:3239} INFO - Sync 1 DAGs
[2025-02-06T17:42:11.452+0000] {logging_mixin.py:190} INFO - [2025-02-06T17:42:11.452+0000] {dag.py:4180} INFO - Setting next_dagrun for example_complex to None, run_after=None
[2025-02-06T17:42:11.481+0000] {processor.py:208} INFO - Processing /home/airflow/.local/lib/python3.12/site-packages/airflow/example_dags/example_complex.py took 0.128 seconds
[2025-02-06T17:42:41.837+0000] {processor.py:186} INFO - Started process (PID=163) to work on /home/airflow/.local/lib/python3.12/site-packages/airflow/example_dags/example_complex.py
[2025-02-06T17:42:41.838+0000] {processor.py:914} INFO - Processing file /home/airflow/.local/lib/python3.12/site-packages/airflow/example_dags/example_complex.py for tasks to queue
[2025-02-06T17:42:41.845+0000] {logging_mixin.py:190} INFO - [2025-02-06T17:42:41.845+0000] {dagbag.py:588} INFO - Filling up the DagBag from /home/airflow/.local/lib/python3.12/site-packages/airflow/example_dags/example_complex.py
[2025-02-06T17:42:41.862+0000] {processor.py:925} INFO - DAG(s) 'example_complex' retrieved from /home/airflow/.local/lib/python3.12/site-packages/airflow/example_dags/example_complex.py
[2025-02-06T17:42:41.920+0000] {logging_mixin.py:190} INFO - [2025-02-06T17:42:41.919+0000] {dag.py:3239} INFO - Sync 1 DAGs
[2025-02-06T17:42:41.954+0000] {logging_mixin.py:190} INFO - [2025-02-06T17:42:41.953+0000] {dag.py:4180} INFO - Setting next_dagrun for example_complex to None, run_after=None
[2025-02-06T17:42:42.000+0000] {processor.py:208} INFO - Processing /home/airflow/.local/lib/python3.12/site-packages/airflow/example_dags/example_complex.py took 0.172 seconds
[2025-02-06T17:43:12.322+0000] {processor.py:186} INFO - Started process (PID=219) to work on /home/airflow/.local/lib/python3.12/site-packages/airflow/example_dags/example_complex.py
[2025-02-06T17:43:12.323+0000] {processor.py:914} INFO - Processing file /home/airflow/.local/lib/python3.12/site-packages/airflow/example_dags/example_complex.py for tasks to queue
[2025-02-06T17:43:12.326+0000] {logging_mixin.py:190} INFO - [2025-02-06T17:43:12.326+0000] {dagbag.py:588} INFO - Filling up the DagBag from /home/airflow/.local/lib/python3.12/site-packages/airflow/example_dags/example_complex.py
[2025-02-06T17:43:12.342+0000] {processor.py:925} INFO - DAG(s) 'example_complex' retrieved from /home/airflow/.local/lib/python3.12/site-packages/airflow/example_dags/example_complex.py
[2025-02-06T17:43:12.384+0000] {logging_mixin.py:190} INFO - [2025-02-06T17:43:12.384+0000] {dag.py:3239} INFO - Sync 1 DAGs
[2025-02-06T17:43:12.403+0000] {logging_mixin.py:190} INFO - [2025-02-06T17:43:12.403+0000] {dag.py:4180} INFO - Setting next_dagrun for example_complex to None, run_after=None
[2025-02-06T17:43:12.427+0000] {processor.py:208} INFO - Processing /home/airflow/.local/lib/python3.12/site-packages/airflow/example_dags/example_complex.py took 0.114 seconds
[2025-02-06T17:43:43.160+0000] {processor.py:186} INFO - Started process (PID=275) to work on /home/airflow/.local/lib/python3.12/site-packages/airflow/example_dags/example_complex.py
[2025-02-06T17:43:43.162+0000] {processor.py:914} INFO - Processing file /home/airflow/.local/lib/python3.12/site-packages/airflow/example_dags/example_complex.py for tasks to queue
[2025-02-06T17:43:43.165+0000] {logging_mixin.py:190} INFO - [2025-02-06T17:43:43.164+0000] {dagbag.py:588} INFO - Filling up the DagBag from /home/airflow/.local/lib/python3.12/site-packages/airflow/example_dags/example_complex.py
[2025-02-06T17:43:43.183+0000] {processor.py:925} INFO - DAG(s) 'example_complex' retrieved from /home/airflow/.local/lib/python3.12/site-packages/airflow/example_dags/example_complex.py
[2025-02-06T17:43:43.234+0000] {logging_mixin.py:190} INFO - [2025-02-06T17:43:43.234+0000] {dag.py:3239} INFO - Sync 1 DAGs
[2025-02-06T17:43:43.259+0000] {logging_mixin.py:190} INFO - [2025-02-06T17:43:43.259+0000] {dag.py:4180} INFO - Setting next_dagrun for example_complex to None, run_after=None
[2025-02-06T17:43:43.294+0000] {processor.py:208} INFO - Processing /home/airflow/.local/lib/python3.12/site-packages/airflow/example_dags/example_complex.py took 0.142 seconds
[2025-02-06T17:44:13.595+0000] {processor.py:186} INFO - Started process (PID=332) to work on /home/airflow/.local/lib/python3.12/site-packages/airflow/example_dags/example_complex.py
[2025-02-06T17:44:13.596+0000] {processor.py:914} INFO - Processing file /home/airflow/.local/lib/python3.12/site-packages/airflow/example_dags/example_complex.py for tasks to queue
[2025-02-06T17:44:13.599+0000] {logging_mixin.py:190} INFO - [2025-02-06T17:44:13.598+0000] {dagbag.py:588} INFO - Filling up the DagBag from /home/airflow/.local/lib/python3.12/site-packages/airflow/example_dags/example_complex.py
[2025-02-06T17:44:13.615+0000] {processor.py:925} INFO - DAG(s) 'example_complex' retrieved from /home/airflow/.local/lib/python3.12/site-packages/airflow/example_dags/example_complex.py
[2025-02-06T17:44:13.658+0000] {logging_mixin.py:190} INFO - [2025-02-06T17:44:13.657+0000] {dag.py:3239} INFO - Sync 1 DAGs
[2025-02-06T17:44:13.679+0000] {logging_mixin.py:190} INFO - [2025-02-06T17:44:13.679+0000] {dag.py:4180} INFO - Setting next_dagrun for example_complex to None, run_after=None
[2025-02-06T17:44:13.705+0000] {processor.py:208} INFO - Processing /home/airflow/.local/lib/python3.12/site-packages/airflow/example_dags/example_complex.py took 0.118 seconds
[2025-02-06T17:44:44.070+0000] {processor.py:186} INFO - Started process (PID=389) to work on /home/airflow/.local/lib/python3.12/site-packages/airflow/example_dags/example_complex.py
[2025-02-06T17:44:44.071+0000] {processor.py:914} INFO - Processing file /home/airflow/.local/lib/python3.12/site-packages/airflow/example_dags/example_complex.py for tasks to queue
[2025-02-06T17:44:44.074+0000] {logging_mixin.py:190} INFO - [2025-02-06T17:44:44.074+0000] {dagbag.py:588} INFO - Filling up the DagBag from /home/airflow/.local/lib/python3.12/site-packages/airflow/example_dags/example_complex.py
[2025-02-06T17:44:44.091+0000] {processor.py:925} INFO - DAG(s) 'example_complex' retrieved from /home/airflow/.local/lib/python3.12/site-packages/airflow/example_dags/example_complex.py
[2025-02-06T17:44:44.137+0000] {logging_mixin.py:190} INFO - [2025-02-06T17:44:44.137+0000] {dag.py:3239} INFO - Sync 1 DAGs
[2025-02-06T17:44:44.156+0000] {logging_mixin.py:190} INFO - [2025-02-06T17:44:44.156+0000] {dag.py:4180} INFO - Setting next_dagrun for example_complex to None, run_after=None
[2025-02-06T17:44:44.186+0000] {processor.py:208} INFO - Processing /home/airflow/.local/lib/python3.12/site-packages/airflow/example_dags/example_complex.py took 0.125 seconds
[2025-02-06T17:53:26.672+0000] {processor.py:186} INFO - Started process (PID=50) to work on /home/airflow/.local/lib/python3.12/site-packages/airflow/example_dags/example_complex.py
[2025-02-06T17:53:26.674+0000] {processor.py:914} INFO - Processing file /home/airflow/.local/lib/python3.12/site-packages/airflow/example_dags/example_complex.py for tasks to queue
[2025-02-06T17:53:26.677+0000] {logging_mixin.py:190} INFO - [2025-02-06T17:53:26.677+0000] {dagbag.py:588} INFO - Filling up the DagBag from /home/airflow/.local/lib/python3.12/site-packages/airflow/example_dags/example_complex.py
[2025-02-06T17:53:26.709+0000] {processor.py:925} INFO - DAG(s) 'example_complex' retrieved from /home/airflow/.local/lib/python3.12/site-packages/airflow/example_dags/example_complex.py
[2025-02-06T17:53:26.783+0000] {logging_mixin.py:190} INFO - [2025-02-06T17:53:26.782+0000] {dag.py:3239} INFO - Sync 1 DAGs
[2025-02-06T17:53:26.803+0000] {logging_mixin.py:190} INFO - [2025-02-06T17:53:26.803+0000] {dag.py:4180} INFO - Setting next_dagrun for example_complex to None, run_after=None
[2025-02-06T17:53:26.829+0000] {processor.py:208} INFO - Processing /home/airflow/.local/lib/python3.12/site-packages/airflow/example_dags/example_complex.py took 0.174 seconds
[2025-02-06T17:53:57.005+0000] {processor.py:186} INFO - Started process (PID=107) to work on /home/airflow/.local/lib/python3.12/site-packages/airflow/example_dags/example_complex.py
[2025-02-06T17:53:57.007+0000] {processor.py:914} INFO - Processing file /home/airflow/.local/lib/python3.12/site-packages/airflow/example_dags/example_complex.py for tasks to queue
[2025-02-06T17:53:57.009+0000] {logging_mixin.py:190} INFO - [2025-02-06T17:53:57.009+0000] {dagbag.py:588} INFO - Filling up the DagBag from /home/airflow/.local/lib/python3.12/site-packages/airflow/example_dags/example_complex.py
[2025-02-06T17:53:57.037+0000] {processor.py:925} INFO - DAG(s) 'example_complex' retrieved from /home/airflow/.local/lib/python3.12/site-packages/airflow/example_dags/example_complex.py
[2025-02-06T17:53:57.105+0000] {logging_mixin.py:190} INFO - [2025-02-06T17:53:57.104+0000] {dag.py:3239} INFO - Sync 1 DAGs
[2025-02-06T17:53:57.141+0000] {logging_mixin.py:190} INFO - [2025-02-06T17:53:57.138+0000] {dag.py:4180} INFO - Setting next_dagrun for example_complex to None, run_after=None
[2025-02-06T17:53:57.176+0000] {processor.py:208} INFO - Processing /home/airflow/.local/lib/python3.12/site-packages/airflow/example_dags/example_complex.py took 0.179 seconds
[2025-02-06T17:56:01.527+0000] {processor.py:186} INFO - Started process (PID=50) to work on /home/airflow/.local/lib/python3.12/site-packages/airflow/example_dags/example_complex.py
[2025-02-06T17:56:01.529+0000] {processor.py:914} INFO - Processing file /home/airflow/.local/lib/python3.12/site-packages/airflow/example_dags/example_complex.py for tasks to queue
[2025-02-06T17:56:01.532+0000] {logging_mixin.py:190} INFO - [2025-02-06T17:56:01.532+0000] {dagbag.py:588} INFO - Filling up the DagBag from /home/airflow/.local/lib/python3.12/site-packages/airflow/example_dags/example_complex.py
[2025-02-06T17:56:01.577+0000] {processor.py:925} INFO - DAG(s) 'example_complex' retrieved from /home/airflow/.local/lib/python3.12/site-packages/airflow/example_dags/example_complex.py
[2025-02-06T17:56:01.666+0000] {logging_mixin.py:190} INFO - [2025-02-06T17:56:01.665+0000] {dag.py:3239} INFO - Sync 1 DAGs
[2025-02-06T17:56:01.692+0000] {logging_mixin.py:190} INFO - [2025-02-06T17:56:01.692+0000] {dag.py:4180} INFO - Setting next_dagrun for example_complex to None, run_after=None
[2025-02-06T17:56:01.729+0000] {processor.py:208} INFO - Processing /home/airflow/.local/lib/python3.12/site-packages/airflow/example_dags/example_complex.py took 0.214 seconds
[2025-02-06T17:56:32.273+0000] {processor.py:186} INFO - Started process (PID=107) to work on /home/airflow/.local/lib/python3.12/site-packages/airflow/example_dags/example_complex.py
[2025-02-06T17:56:32.274+0000] {processor.py:914} INFO - Processing file /home/airflow/.local/lib/python3.12/site-packages/airflow/example_dags/example_complex.py for tasks to queue
[2025-02-06T17:56:32.277+0000] {logging_mixin.py:190} INFO - [2025-02-06T17:56:32.277+0000] {dagbag.py:588} INFO - Filling up the DagBag from /home/airflow/.local/lib/python3.12/site-packages/airflow/example_dags/example_complex.py
[2025-02-06T17:56:32.295+0000] {processor.py:925} INFO - DAG(s) 'example_complex' retrieved from /home/airflow/.local/lib/python3.12/site-packages/airflow/example_dags/example_complex.py
[2025-02-06T17:56:32.348+0000] {logging_mixin.py:190} INFO - [2025-02-06T17:56:32.348+0000] {dag.py:3239} INFO - Sync 1 DAGs
[2025-02-06T17:56:32.372+0000] {logging_mixin.py:190} INFO - [2025-02-06T17:56:32.372+0000] {dag.py:4180} INFO - Setting next_dagrun for example_complex to None, run_after=None
[2025-02-06T17:56:32.412+0000] {processor.py:208} INFO - Processing /home/airflow/.local/lib/python3.12/site-packages/airflow/example_dags/example_complex.py took 0.147 seconds
[2025-02-06T17:57:03.551+0000] {processor.py:186} INFO - Started process (PID=165) to work on /home/airflow/.local/lib/python3.12/site-packages/airflow/example_dags/example_complex.py
[2025-02-06T17:57:03.553+0000] {processor.py:914} INFO - Processing file /home/airflow/.local/lib/python3.12/site-packages/airflow/example_dags/example_complex.py for tasks to queue
[2025-02-06T17:57:03.564+0000] {logging_mixin.py:190} INFO - [2025-02-06T17:57:03.563+0000] {dagbag.py:588} INFO - Filling up the DagBag from /home/airflow/.local/lib/python3.12/site-packages/airflow/example_dags/example_complex.py
[2025-02-06T17:57:03.595+0000] {processor.py:925} INFO - DAG(s) 'example_complex' retrieved from /home/airflow/.local/lib/python3.12/site-packages/airflow/example_dags/example_complex.py
[2025-02-06T17:57:03.715+0000] {logging_mixin.py:190} INFO - [2025-02-06T17:57:03.714+0000] {dag.py:3239} INFO - Sync 1 DAGs
[2025-02-06T17:57:03.779+0000] {logging_mixin.py:190} INFO - [2025-02-06T17:57:03.779+0000] {dag.py:4180} INFO - Setting next_dagrun for example_complex to None, run_after=None
[2025-02-06T17:57:03.846+0000] {processor.py:208} INFO - Processing /home/airflow/.local/lib/python3.12/site-packages/airflow/example_dags/example_complex.py took 0.306 seconds
[2025-02-06T17:57:34.421+0000] {processor.py:186} INFO - Started process (PID=223) to work on /home/airflow/.local/lib/python3.12/site-packages/airflow/example_dags/example_complex.py
[2025-02-06T17:57:34.423+0000] {processor.py:914} INFO - Processing file /home/airflow/.local/lib/python3.12/site-packages/airflow/example_dags/example_complex.py for tasks to queue
[2025-02-06T17:57:34.426+0000] {logging_mixin.py:190} INFO - [2025-02-06T17:57:34.425+0000] {dagbag.py:588} INFO - Filling up the DagBag from /home/airflow/.local/lib/python3.12/site-packages/airflow/example_dags/example_complex.py
[2025-02-06T17:57:34.443+0000] {processor.py:925} INFO - DAG(s) 'example_complex' retrieved from /home/airflow/.local/lib/python3.12/site-packages/airflow/example_dags/example_complex.py
[2025-02-06T17:57:34.499+0000] {logging_mixin.py:190} INFO - [2025-02-06T17:57:34.498+0000] {dag.py:3239} INFO - Sync 1 DAGs
[2025-02-06T17:57:34.524+0000] {logging_mixin.py:190} INFO - [2025-02-06T17:57:34.524+0000] {dag.py:4180} INFO - Setting next_dagrun for example_complex to None, run_after=None
[2025-02-06T17:57:34.563+0000] {processor.py:208} INFO - Processing /home/airflow/.local/lib/python3.12/site-packages/airflow/example_dags/example_complex.py took 0.151 seconds
[2025-02-06T17:58:04.959+0000] {processor.py:186} INFO - Started process (PID=280) to work on /home/airflow/.local/lib/python3.12/site-packages/airflow/example_dags/example_complex.py
[2025-02-06T17:58:04.961+0000] {processor.py:914} INFO - Processing file /home/airflow/.local/lib/python3.12/site-packages/airflow/example_dags/example_complex.py for tasks to queue
[2025-02-06T17:58:04.964+0000] {logging_mixin.py:190} INFO - [2025-02-06T17:58:04.963+0000] {dagbag.py:588} INFO - Filling up the DagBag from /home/airflow/.local/lib/python3.12/site-packages/airflow/example_dags/example_complex.py
[2025-02-06T17:58:04.981+0000] {processor.py:925} INFO - DAG(s) 'example_complex' retrieved from /home/airflow/.local/lib/python3.12/site-packages/airflow/example_dags/example_complex.py
[2025-02-06T17:58:05.028+0000] {logging_mixin.py:190} INFO - [2025-02-06T17:58:05.028+0000] {dag.py:3239} INFO - Sync 1 DAGs
[2025-02-06T17:58:05.047+0000] {logging_mixin.py:190} INFO - [2025-02-06T17:58:05.046+0000] {dag.py:4180} INFO - Setting next_dagrun for example_complex to None, run_after=None
[2025-02-06T17:58:05.071+0000] {processor.py:208} INFO - Processing /home/airflow/.local/lib/python3.12/site-packages/airflow/example_dags/example_complex.py took 0.120 seconds
[2025-02-06T17:58:35.648+0000] {processor.py:186} INFO - Started process (PID=338) to work on /home/airflow/.local/lib/python3.12/site-packages/airflow/example_dags/example_complex.py
[2025-02-06T17:58:35.650+0000] {processor.py:914} INFO - Processing file /home/airflow/.local/lib/python3.12/site-packages/airflow/example_dags/example_complex.py for tasks to queue
[2025-02-06T17:58:35.653+0000] {logging_mixin.py:190} INFO - [2025-02-06T17:58:35.653+0000] {dagbag.py:588} INFO - Filling up the DagBag from /home/airflow/.local/lib/python3.12/site-packages/airflow/example_dags/example_complex.py
[2025-02-06T17:58:35.669+0000] {processor.py:925} INFO - DAG(s) 'example_complex' retrieved from /home/airflow/.local/lib/python3.12/site-packages/airflow/example_dags/example_complex.py
[2025-02-06T17:58:35.715+0000] {logging_mixin.py:190} INFO - [2025-02-06T17:58:35.715+0000] {dag.py:3239} INFO - Sync 1 DAGs
[2025-02-06T17:58:35.737+0000] {logging_mixin.py:190} INFO - [2025-02-06T17:58:35.737+0000] {dag.py:4180} INFO - Setting next_dagrun for example_complex to None, run_after=None
[2025-02-06T17:58:35.781+0000] {processor.py:208} INFO - Processing /home/airflow/.local/lib/python3.12/site-packages/airflow/example_dags/example_complex.py took 0.142 seconds
[2025-02-06T17:59:06.329+0000] {processor.py:186} INFO - Started process (PID=396) to work on /home/airflow/.local/lib/python3.12/site-packages/airflow/example_dags/example_complex.py
[2025-02-06T17:59:06.330+0000] {processor.py:914} INFO - Processing file /home/airflow/.local/lib/python3.12/site-packages/airflow/example_dags/example_complex.py for tasks to queue
[2025-02-06T17:59:06.336+0000] {logging_mixin.py:190} INFO - [2025-02-06T17:59:06.334+0000] {dagbag.py:588} INFO - Filling up the DagBag from /home/airflow/.local/lib/python3.12/site-packages/airflow/example_dags/example_complex.py
[2025-02-06T17:59:06.353+0000] {processor.py:925} INFO - DAG(s) 'example_complex' retrieved from /home/airflow/.local/lib/python3.12/site-packages/airflow/example_dags/example_complex.py
[2025-02-06T17:59:06.396+0000] {logging_mixin.py:190} INFO - [2025-02-06T17:59:06.396+0000] {dag.py:3239} INFO - Sync 1 DAGs
[2025-02-06T17:59:06.419+0000] {logging_mixin.py:190} INFO - [2025-02-06T17:59:06.419+0000] {dag.py:4180} INFO - Setting next_dagrun for example_complex to None, run_after=None
[2025-02-06T17:59:06.443+0000] {processor.py:208} INFO - Processing /home/airflow/.local/lib/python3.12/site-packages/airflow/example_dags/example_complex.py took 0.125 seconds
[2025-02-06T17:59:37.291+0000] {processor.py:186} INFO - Started process (PID=454) to work on /home/airflow/.local/lib/python3.12/site-packages/airflow/example_dags/example_complex.py
[2025-02-06T17:59:37.292+0000] {processor.py:914} INFO - Processing file /home/airflow/.local/lib/python3.12/site-packages/airflow/example_dags/example_complex.py for tasks to queue
[2025-02-06T17:59:37.296+0000] {logging_mixin.py:190} INFO - [2025-02-06T17:59:37.295+0000] {dagbag.py:588} INFO - Filling up the DagBag from /home/airflow/.local/lib/python3.12/site-packages/airflow/example_dags/example_complex.py
[2025-02-06T17:59:37.317+0000] {processor.py:925} INFO - DAG(s) 'example_complex' retrieved from /home/airflow/.local/lib/python3.12/site-packages/airflow/example_dags/example_complex.py
[2025-02-06T17:59:37.361+0000] {logging_mixin.py:190} INFO - [2025-02-06T17:59:37.360+0000] {dag.py:3239} INFO - Sync 1 DAGs
[2025-02-06T17:59:37.382+0000] {logging_mixin.py:190} INFO - [2025-02-06T17:59:37.382+0000] {dag.py:4180} INFO - Setting next_dagrun for example_complex to None, run_after=None
[2025-02-06T17:59:37.417+0000] {processor.py:208} INFO - Processing /home/airflow/.local/lib/python3.12/site-packages/airflow/example_dags/example_complex.py took 0.133 seconds
[2025-02-06T18:00:07.591+0000] {processor.py:186} INFO - Started process (PID=512) to work on /home/airflow/.local/lib/python3.12/site-packages/airflow/example_dags/example_complex.py
[2025-02-06T18:00:07.592+0000] {processor.py:914} INFO - Processing file /home/airflow/.local/lib/python3.12/site-packages/airflow/example_dags/example_complex.py for tasks to queue
[2025-02-06T18:00:07.595+0000] {logging_mixin.py:190} INFO - [2025-02-06T18:00:07.595+0000] {dagbag.py:588} INFO - Filling up the DagBag from /home/airflow/.local/lib/python3.12/site-packages/airflow/example_dags/example_complex.py
[2025-02-06T18:00:07.610+0000] {processor.py:925} INFO - DAG(s) 'example_complex' retrieved from /home/airflow/.local/lib/python3.12/site-packages/airflow/example_dags/example_complex.py
[2025-02-06T18:00:07.651+0000] {logging_mixin.py:190} INFO - [2025-02-06T18:00:07.651+0000] {dag.py:3239} INFO - Sync 1 DAGs
[2025-02-06T18:00:07.672+0000] {logging_mixin.py:190} INFO - [2025-02-06T18:00:07.672+0000] {dag.py:4180} INFO - Setting next_dagrun for example_complex to None, run_after=None
[2025-02-06T18:00:07.704+0000] {processor.py:208} INFO - Processing /home/airflow/.local/lib/python3.12/site-packages/airflow/example_dags/example_complex.py took 0.122 seconds
[2025-02-06T18:00:37.867+0000] {processor.py:186} INFO - Started process (PID=570) to work on /home/airflow/.local/lib/python3.12/site-packages/airflow/example_dags/example_complex.py
[2025-02-06T18:00:37.869+0000] {processor.py:914} INFO - Processing file /home/airflow/.local/lib/python3.12/site-packages/airflow/example_dags/example_complex.py for tasks to queue
[2025-02-06T18:00:37.872+0000] {logging_mixin.py:190} INFO - [2025-02-06T18:00:37.872+0000] {dagbag.py:588} INFO - Filling up the DagBag from /home/airflow/.local/lib/python3.12/site-packages/airflow/example_dags/example_complex.py
[2025-02-06T18:00:37.890+0000] {processor.py:925} INFO - DAG(s) 'example_complex' retrieved from /home/airflow/.local/lib/python3.12/site-packages/airflow/example_dags/example_complex.py
[2025-02-06T18:00:37.933+0000] {logging_mixin.py:190} INFO - [2025-02-06T18:00:37.932+0000] {dag.py:3239} INFO - Sync 1 DAGs
[2025-02-06T18:00:37.952+0000] {logging_mixin.py:190} INFO - [2025-02-06T18:00:37.951+0000] {dag.py:4180} INFO - Setting next_dagrun for example_complex to None, run_after=None
[2025-02-06T18:00:37.983+0000] {processor.py:208} INFO - Processing /home/airflow/.local/lib/python3.12/site-packages/airflow/example_dags/example_complex.py took 0.122 seconds
[2025-02-06T18:01:08.234+0000] {processor.py:186} INFO - Started process (PID=628) to work on /home/airflow/.local/lib/python3.12/site-packages/airflow/example_dags/example_complex.py
[2025-02-06T18:01:08.236+0000] {processor.py:914} INFO - Processing file /home/airflow/.local/lib/python3.12/site-packages/airflow/example_dags/example_complex.py for tasks to queue
[2025-02-06T18:01:08.239+0000] {logging_mixin.py:190} INFO - [2025-02-06T18:01:08.239+0000] {dagbag.py:588} INFO - Filling up the DagBag from /home/airflow/.local/lib/python3.12/site-packages/airflow/example_dags/example_complex.py
[2025-02-06T18:01:08.257+0000] {processor.py:925} INFO - DAG(s) 'example_complex' retrieved from /home/airflow/.local/lib/python3.12/site-packages/airflow/example_dags/example_complex.py
[2025-02-06T18:01:08.315+0000] {logging_mixin.py:190} INFO - [2025-02-06T18:01:08.315+0000] {dag.py:3239} INFO - Sync 1 DAGs
[2025-02-06T18:01:08.342+0000] {logging_mixin.py:190} INFO - [2025-02-06T18:01:08.342+0000] {dag.py:4180} INFO - Setting next_dagrun for example_complex to None, run_after=None
[2025-02-06T18:01:08.374+0000] {processor.py:208} INFO - Processing /home/airflow/.local/lib/python3.12/site-packages/airflow/example_dags/example_complex.py took 0.149 seconds
[2025-02-06T18:01:38.708+0000] {processor.py:186} INFO - Started process (PID=686) to work on /home/airflow/.local/lib/python3.12/site-packages/airflow/example_dags/example_complex.py
[2025-02-06T18:01:38.709+0000] {processor.py:914} INFO - Processing file /home/airflow/.local/lib/python3.12/site-packages/airflow/example_dags/example_complex.py for tasks to queue
[2025-02-06T18:01:38.712+0000] {logging_mixin.py:190} INFO - [2025-02-06T18:01:38.711+0000] {dagbag.py:588} INFO - Filling up the DagBag from /home/airflow/.local/lib/python3.12/site-packages/airflow/example_dags/example_complex.py
[2025-02-06T18:01:38.728+0000] {processor.py:925} INFO - DAG(s) 'example_complex' retrieved from /home/airflow/.local/lib/python3.12/site-packages/airflow/example_dags/example_complex.py
[2025-02-06T18:01:38.770+0000] {logging_mixin.py:190} INFO - [2025-02-06T18:01:38.770+0000] {dag.py:3239} INFO - Sync 1 DAGs
[2025-02-06T18:01:38.788+0000] {logging_mixin.py:190} INFO - [2025-02-06T18:01:38.788+0000] {dag.py:4180} INFO - Setting next_dagrun for example_complex to None, run_after=None
[2025-02-06T18:01:38.813+0000] {processor.py:208} INFO - Processing /home/airflow/.local/lib/python3.12/site-packages/airflow/example_dags/example_complex.py took 0.112 seconds
[2025-02-06T18:15:34.994+0000] {processor.py:186} INFO - Started process (PID=49) to work on /home/airflow/.local/lib/python3.12/site-packages/airflow/example_dags/example_complex.py
[2025-02-06T18:15:34.996+0000] {processor.py:914} INFO - Processing file /home/airflow/.local/lib/python3.12/site-packages/airflow/example_dags/example_complex.py for tasks to queue
[2025-02-06T18:15:35.001+0000] {logging_mixin.py:190} INFO - [2025-02-06T18:15:35.001+0000] {dagbag.py:588} INFO - Filling up the DagBag from /home/airflow/.local/lib/python3.12/site-packages/airflow/example_dags/example_complex.py
[2025-02-06T18:15:35.057+0000] {processor.py:925} INFO - DAG(s) 'example_complex' retrieved from /home/airflow/.local/lib/python3.12/site-packages/airflow/example_dags/example_complex.py
[2025-02-06T18:15:35.192+0000] {logging_mixin.py:190} INFO - [2025-02-06T18:15:35.192+0000] {dag.py:3239} INFO - Sync 1 DAGs
[2025-02-06T18:15:35.230+0000] {logging_mixin.py:190} INFO - [2025-02-06T18:15:35.229+0000] {dag.py:4180} INFO - Setting next_dagrun for example_complex to None, run_after=None
[2025-02-06T18:15:35.290+0000] {processor.py:208} INFO - Processing /home/airflow/.local/lib/python3.12/site-packages/airflow/example_dags/example_complex.py took 0.311 seconds
[2025-02-06T18:16:05.445+0000] {processor.py:186} INFO - Started process (PID=105) to work on /home/airflow/.local/lib/python3.12/site-packages/airflow/example_dags/example_complex.py
[2025-02-06T18:16:05.446+0000] {processor.py:914} INFO - Processing file /home/airflow/.local/lib/python3.12/site-packages/airflow/example_dags/example_complex.py for tasks to queue
[2025-02-06T18:16:05.450+0000] {logging_mixin.py:190} INFO - [2025-02-06T18:16:05.450+0000] {dagbag.py:588} INFO - Filling up the DagBag from /home/airflow/.local/lib/python3.12/site-packages/airflow/example_dags/example_complex.py
[2025-02-06T18:16:05.520+0000] {processor.py:925} INFO - DAG(s) 'example_complex' retrieved from /home/airflow/.local/lib/python3.12/site-packages/airflow/example_dags/example_complex.py
[2025-02-06T18:16:05.583+0000] {logging_mixin.py:190} INFO - [2025-02-06T18:16:05.583+0000] {dag.py:3239} INFO - Sync 1 DAGs
[2025-02-06T18:16:05.604+0000] {logging_mixin.py:190} INFO - [2025-02-06T18:16:05.604+0000] {dag.py:4180} INFO - Setting next_dagrun for example_complex to None, run_after=None
[2025-02-06T18:16:05.638+0000] {processor.py:208} INFO - Processing /home/airflow/.local/lib/python3.12/site-packages/airflow/example_dags/example_complex.py took 0.202 seconds
[2025-02-06T18:16:35.716+0000] {processor.py:186} INFO - Started process (PID=161) to work on /home/airflow/.local/lib/python3.12/site-packages/airflow/example_dags/example_complex.py
[2025-02-06T18:16:35.718+0000] {processor.py:914} INFO - Processing file /home/airflow/.local/lib/python3.12/site-packages/airflow/example_dags/example_complex.py for tasks to queue
[2025-02-06T18:16:35.721+0000] {logging_mixin.py:190} INFO - [2025-02-06T18:16:35.720+0000] {dagbag.py:588} INFO - Filling up the DagBag from /home/airflow/.local/lib/python3.12/site-packages/airflow/example_dags/example_complex.py
[2025-02-06T18:16:35.741+0000] {processor.py:925} INFO - DAG(s) 'example_complex' retrieved from /home/airflow/.local/lib/python3.12/site-packages/airflow/example_dags/example_complex.py
[2025-02-06T18:16:35.791+0000] {logging_mixin.py:190} INFO - [2025-02-06T18:16:35.791+0000] {dag.py:3239} INFO - Sync 1 DAGs
[2025-02-06T18:16:35.811+0000] {logging_mixin.py:190} INFO - [2025-02-06T18:16:35.810+0000] {dag.py:4180} INFO - Setting next_dagrun for example_complex to None, run_after=None
[2025-02-06T18:16:35.836+0000] {processor.py:208} INFO - Processing /home/airflow/.local/lib/python3.12/site-packages/airflow/example_dags/example_complex.py took 0.130 seconds
[2025-02-06T18:17:06.076+0000] {processor.py:186} INFO - Started process (PID=218) to work on /home/airflow/.local/lib/python3.12/site-packages/airflow/example_dags/example_complex.py
[2025-02-06T18:17:06.077+0000] {processor.py:914} INFO - Processing file /home/airflow/.local/lib/python3.12/site-packages/airflow/example_dags/example_complex.py for tasks to queue
[2025-02-06T18:17:06.080+0000] {logging_mixin.py:190} INFO - [2025-02-06T18:17:06.080+0000] {dagbag.py:588} INFO - Filling up the DagBag from /home/airflow/.local/lib/python3.12/site-packages/airflow/example_dags/example_complex.py
[2025-02-06T18:17:06.097+0000] {processor.py:925} INFO - DAG(s) 'example_complex' retrieved from /home/airflow/.local/lib/python3.12/site-packages/airflow/example_dags/example_complex.py
[2025-02-06T18:17:06.141+0000] {logging_mixin.py:190} INFO - [2025-02-06T18:17:06.141+0000] {dag.py:3239} INFO - Sync 1 DAGs
[2025-02-06T18:17:06.162+0000] {logging_mixin.py:190} INFO - [2025-02-06T18:17:06.161+0000] {dag.py:4180} INFO - Setting next_dagrun for example_complex to None, run_after=None
[2025-02-06T18:17:06.189+0000] {processor.py:208} INFO - Processing /home/airflow/.local/lib/python3.12/site-packages/airflow/example_dags/example_complex.py took 0.121 seconds
[2025-02-06T18:17:36.350+0000] {processor.py:186} INFO - Started process (PID=275) to work on /home/airflow/.local/lib/python3.12/site-packages/airflow/example_dags/example_complex.py
[2025-02-06T18:17:36.351+0000] {processor.py:914} INFO - Processing file /home/airflow/.local/lib/python3.12/site-packages/airflow/example_dags/example_complex.py for tasks to queue
[2025-02-06T18:17:36.354+0000] {logging_mixin.py:190} INFO - [2025-02-06T18:17:36.354+0000] {dagbag.py:588} INFO - Filling up the DagBag from /home/airflow/.local/lib/python3.12/site-packages/airflow/example_dags/example_complex.py
[2025-02-06T18:17:36.373+0000] {processor.py:925} INFO - DAG(s) 'example_complex' retrieved from /home/airflow/.local/lib/python3.12/site-packages/airflow/example_dags/example_complex.py
[2025-02-06T18:17:36.422+0000] {logging_mixin.py:190} INFO - [2025-02-06T18:17:36.422+0000] {dag.py:3239} INFO - Sync 1 DAGs
[2025-02-06T18:17:36.444+0000] {logging_mixin.py:190} INFO - [2025-02-06T18:17:36.443+0000] {dag.py:4180} INFO - Setting next_dagrun for example_complex to None, run_after=None
[2025-02-06T18:17:36.475+0000] {processor.py:208} INFO - Processing /home/airflow/.local/lib/python3.12/site-packages/airflow/example_dags/example_complex.py took 0.133 seconds
[2025-02-06T18:18:06.937+0000] {processor.py:186} INFO - Started process (PID=332) to work on /home/airflow/.local/lib/python3.12/site-packages/airflow/example_dags/example_complex.py
[2025-02-06T18:18:06.938+0000] {processor.py:914} INFO - Processing file /home/airflow/.local/lib/python3.12/site-packages/airflow/example_dags/example_complex.py for tasks to queue
[2025-02-06T18:18:06.942+0000] {logging_mixin.py:190} INFO - [2025-02-06T18:18:06.941+0000] {dagbag.py:588} INFO - Filling up the DagBag from /home/airflow/.local/lib/python3.12/site-packages/airflow/example_dags/example_complex.py
[2025-02-06T18:18:06.963+0000] {processor.py:925} INFO - DAG(s) 'example_complex' retrieved from /home/airflow/.local/lib/python3.12/site-packages/airflow/example_dags/example_complex.py
[2025-02-06T18:18:07.019+0000] {logging_mixin.py:190} INFO - [2025-02-06T18:18:07.019+0000] {dag.py:3239} INFO - Sync 1 DAGs
[2025-02-06T18:18:07.043+0000] {logging_mixin.py:190} INFO - [2025-02-06T18:18:07.043+0000] {dag.py:4180} INFO - Setting next_dagrun for example_complex to None, run_after=None
[2025-02-06T18:18:07.086+0000] {processor.py:208} INFO - Processing /home/airflow/.local/lib/python3.12/site-packages/airflow/example_dags/example_complex.py took 0.160 seconds
[2025-02-06T18:18:37.423+0000] {processor.py:186} INFO - Started process (PID=389) to work on /home/airflow/.local/lib/python3.12/site-packages/airflow/example_dags/example_complex.py
[2025-02-06T18:18:37.424+0000] {processor.py:914} INFO - Processing file /home/airflow/.local/lib/python3.12/site-packages/airflow/example_dags/example_complex.py for tasks to queue
[2025-02-06T18:18:37.428+0000] {logging_mixin.py:190} INFO - [2025-02-06T18:18:37.427+0000] {dagbag.py:588} INFO - Filling up the DagBag from /home/airflow/.local/lib/python3.12/site-packages/airflow/example_dags/example_complex.py
[2025-02-06T18:18:37.452+0000] {processor.py:925} INFO - DAG(s) 'example_complex' retrieved from /home/airflow/.local/lib/python3.12/site-packages/airflow/example_dags/example_complex.py
[2025-02-06T18:18:37.509+0000] {logging_mixin.py:190} INFO - [2025-02-06T18:18:37.509+0000] {dag.py:3239} INFO - Sync 1 DAGs
[2025-02-06T18:18:37.537+0000] {logging_mixin.py:190} INFO - [2025-02-06T18:18:37.537+0000] {dag.py:4180} INFO - Setting next_dagrun for example_complex to None, run_after=None
[2025-02-06T18:18:37.571+0000] {processor.py:208} INFO - Processing /home/airflow/.local/lib/python3.12/site-packages/airflow/example_dags/example_complex.py took 0.162 seconds
[2025-02-06T18:19:08.283+0000] {processor.py:186} INFO - Started process (PID=446) to work on /home/airflow/.local/lib/python3.12/site-packages/airflow/example_dags/example_complex.py
[2025-02-06T18:19:08.287+0000] {processor.py:914} INFO - Processing file /home/airflow/.local/lib/python3.12/site-packages/airflow/example_dags/example_complex.py for tasks to queue
[2025-02-06T18:19:08.293+0000] {logging_mixin.py:190} INFO - [2025-02-06T18:19:08.292+0000] {dagbag.py:588} INFO - Filling up the DagBag from /home/airflow/.local/lib/python3.12/site-packages/airflow/example_dags/example_complex.py
[2025-02-06T18:19:08.346+0000] {processor.py:925} INFO - DAG(s) 'example_complex' retrieved from /home/airflow/.local/lib/python3.12/site-packages/airflow/example_dags/example_complex.py
[2025-02-06T18:19:08.444+0000] {logging_mixin.py:190} INFO - [2025-02-06T18:19:08.443+0000] {dag.py:3239} INFO - Sync 1 DAGs
[2025-02-06T18:19:08.489+0000] {logging_mixin.py:190} INFO - [2025-02-06T18:19:08.489+0000] {dag.py:4180} INFO - Setting next_dagrun for example_complex to None, run_after=None
[2025-02-06T18:19:08.534+0000] {processor.py:208} INFO - Processing /home/airflow/.local/lib/python3.12/site-packages/airflow/example_dags/example_complex.py took 0.268 seconds
[2025-02-06T18:19:38.707+0000] {processor.py:186} INFO - Started process (PID=502) to work on /home/airflow/.local/lib/python3.12/site-packages/airflow/example_dags/example_complex.py
[2025-02-06T18:19:38.709+0000] {processor.py:914} INFO - Processing file /home/airflow/.local/lib/python3.12/site-packages/airflow/example_dags/example_complex.py for tasks to queue
[2025-02-06T18:19:38.715+0000] {logging_mixin.py:190} INFO - [2025-02-06T18:19:38.714+0000] {dagbag.py:588} INFO - Filling up the DagBag from /home/airflow/.local/lib/python3.12/site-packages/airflow/example_dags/example_complex.py
[2025-02-06T18:19:38.755+0000] {processor.py:925} INFO - DAG(s) 'example_complex' retrieved from /home/airflow/.local/lib/python3.12/site-packages/airflow/example_dags/example_complex.py
[2025-02-06T18:19:38.843+0000] {logging_mixin.py:190} INFO - [2025-02-06T18:19:38.843+0000] {dag.py:3239} INFO - Sync 1 DAGs
[2025-02-06T18:19:38.882+0000] {logging_mixin.py:190} INFO - [2025-02-06T18:19:38.882+0000] {dag.py:4180} INFO - Setting next_dagrun for example_complex to None, run_after=None
[2025-02-06T18:19:38.982+0000] {processor.py:208} INFO - Processing /home/airflow/.local/lib/python3.12/site-packages/airflow/example_dags/example_complex.py took 0.290 seconds
[2025-02-06T18:20:09.433+0000] {processor.py:186} INFO - Started process (PID=560) to work on /home/airflow/.local/lib/python3.12/site-packages/airflow/example_dags/example_complex.py
[2025-02-06T18:20:09.434+0000] {processor.py:914} INFO - Processing file /home/airflow/.local/lib/python3.12/site-packages/airflow/example_dags/example_complex.py for tasks to queue
[2025-02-06T18:20:09.438+0000] {logging_mixin.py:190} INFO - [2025-02-06T18:20:09.437+0000] {dagbag.py:588} INFO - Filling up the DagBag from /home/airflow/.local/lib/python3.12/site-packages/airflow/example_dags/example_complex.py
[2025-02-06T18:20:09.454+0000] {processor.py:925} INFO - DAG(s) 'example_complex' retrieved from /home/airflow/.local/lib/python3.12/site-packages/airflow/example_dags/example_complex.py
[2025-02-06T18:20:09.493+0000] {logging_mixin.py:190} INFO - [2025-02-06T18:20:09.493+0000] {dag.py:3239} INFO - Sync 1 DAGs
[2025-02-06T18:20:09.515+0000] {logging_mixin.py:190} INFO - [2025-02-06T18:20:09.514+0000] {dag.py:4180} INFO - Setting next_dagrun for example_complex to None, run_after=None
[2025-02-06T18:20:09.546+0000] {processor.py:208} INFO - Processing /home/airflow/.local/lib/python3.12/site-packages/airflow/example_dags/example_complex.py took 0.121 seconds
[2025-02-06T18:20:39.762+0000] {processor.py:186} INFO - Started process (PID=617) to work on /home/airflow/.local/lib/python3.12/site-packages/airflow/example_dags/example_complex.py
[2025-02-06T18:20:39.764+0000] {processor.py:914} INFO - Processing file /home/airflow/.local/lib/python3.12/site-packages/airflow/example_dags/example_complex.py for tasks to queue
[2025-02-06T18:20:39.769+0000] {logging_mixin.py:190} INFO - [2025-02-06T18:20:39.768+0000] {dagbag.py:588} INFO - Filling up the DagBag from /home/airflow/.local/lib/python3.12/site-packages/airflow/example_dags/example_complex.py
[2025-02-06T18:20:39.799+0000] {processor.py:925} INFO - DAG(s) 'example_complex' retrieved from /home/airflow/.local/lib/python3.12/site-packages/airflow/example_dags/example_complex.py
[2025-02-06T18:20:39.856+0000] {logging_mixin.py:190} INFO - [2025-02-06T18:20:39.856+0000] {dag.py:3239} INFO - Sync 1 DAGs
[2025-02-06T18:20:39.895+0000] {logging_mixin.py:190} INFO - [2025-02-06T18:20:39.895+0000] {dag.py:4180} INFO - Setting next_dagrun for example_complex to None, run_after=None
[2025-02-06T18:20:39.962+0000] {processor.py:208} INFO - Processing /home/airflow/.local/lib/python3.12/site-packages/airflow/example_dags/example_complex.py took 0.211 seconds
[2025-02-06T18:21:10.663+0000] {processor.py:186} INFO - Started process (PID=674) to work on /home/airflow/.local/lib/python3.12/site-packages/airflow/example_dags/example_complex.py
[2025-02-06T18:21:10.665+0000] {processor.py:914} INFO - Processing file /home/airflow/.local/lib/python3.12/site-packages/airflow/example_dags/example_complex.py for tasks to queue
[2025-02-06T18:21:10.668+0000] {logging_mixin.py:190} INFO - [2025-02-06T18:21:10.668+0000] {dagbag.py:588} INFO - Filling up the DagBag from /home/airflow/.local/lib/python3.12/site-packages/airflow/example_dags/example_complex.py
[2025-02-06T18:21:10.684+0000] {processor.py:925} INFO - DAG(s) 'example_complex' retrieved from /home/airflow/.local/lib/python3.12/site-packages/airflow/example_dags/example_complex.py
[2025-02-06T18:21:10.733+0000] {logging_mixin.py:190} INFO - [2025-02-06T18:21:10.733+0000] {dag.py:3239} INFO - Sync 1 DAGs
[2025-02-06T18:21:10.755+0000] {logging_mixin.py:190} INFO - [2025-02-06T18:21:10.754+0000] {dag.py:4180} INFO - Setting next_dagrun for example_complex to None, run_after=None
[2025-02-06T18:21:10.788+0000] {processor.py:208} INFO - Processing /home/airflow/.local/lib/python3.12/site-packages/airflow/example_dags/example_complex.py took 0.135 seconds
[2025-02-06T18:21:41.316+0000] {processor.py:186} INFO - Started process (PID=731) to work on /home/airflow/.local/lib/python3.12/site-packages/airflow/example_dags/example_complex.py
[2025-02-06T18:21:41.317+0000] {processor.py:914} INFO - Processing file /home/airflow/.local/lib/python3.12/site-packages/airflow/example_dags/example_complex.py for tasks to queue
[2025-02-06T18:21:41.320+0000] {logging_mixin.py:190} INFO - [2025-02-06T18:21:41.319+0000] {dagbag.py:588} INFO - Filling up the DagBag from /home/airflow/.local/lib/python3.12/site-packages/airflow/example_dags/example_complex.py
[2025-02-06T18:21:41.338+0000] {processor.py:925} INFO - DAG(s) 'example_complex' retrieved from /home/airflow/.local/lib/python3.12/site-packages/airflow/example_dags/example_complex.py
[2025-02-06T18:21:41.385+0000] {logging_mixin.py:190} INFO - [2025-02-06T18:21:41.385+0000] {dag.py:3239} INFO - Sync 1 DAGs
[2025-02-06T18:21:41.409+0000] {logging_mixin.py:190} INFO - [2025-02-06T18:21:41.408+0000] {dag.py:4180} INFO - Setting next_dagrun for example_complex to None, run_after=None
[2025-02-06T18:21:41.434+0000] {processor.py:208} INFO - Processing /home/airflow/.local/lib/python3.12/site-packages/airflow/example_dags/example_complex.py took 0.126 seconds
[2025-02-06T18:22:12.091+0000] {processor.py:186} INFO - Started process (PID=788) to work on /home/airflow/.local/lib/python3.12/site-packages/airflow/example_dags/example_complex.py
[2025-02-06T18:22:12.092+0000] {processor.py:914} INFO - Processing file /home/airflow/.local/lib/python3.12/site-packages/airflow/example_dags/example_complex.py for tasks to queue
[2025-02-06T18:22:12.098+0000] {logging_mixin.py:190} INFO - [2025-02-06T18:22:12.097+0000] {dagbag.py:588} INFO - Filling up the DagBag from /home/airflow/.local/lib/python3.12/site-packages/airflow/example_dags/example_complex.py
[2025-02-06T18:22:12.147+0000] {processor.py:925} INFO - DAG(s) 'example_complex' retrieved from /home/airflow/.local/lib/python3.12/site-packages/airflow/example_dags/example_complex.py
[2025-02-06T18:22:12.232+0000] {logging_mixin.py:190} INFO - [2025-02-06T18:22:12.231+0000] {dag.py:3239} INFO - Sync 1 DAGs
[2025-02-06T18:22:12.265+0000] {logging_mixin.py:190} INFO - [2025-02-06T18:22:12.264+0000] {dag.py:4180} INFO - Setting next_dagrun for example_complex to None, run_after=None
[2025-02-06T18:22:12.330+0000] {processor.py:208} INFO - Processing /home/airflow/.local/lib/python3.12/site-packages/airflow/example_dags/example_complex.py took 0.253 seconds
[2025-02-06T18:22:42.419+0000] {processor.py:186} INFO - Started process (PID=844) to work on /home/airflow/.local/lib/python3.12/site-packages/airflow/example_dags/example_complex.py
[2025-02-06T18:22:42.420+0000] {processor.py:914} INFO - Processing file /home/airflow/.local/lib/python3.12/site-packages/airflow/example_dags/example_complex.py for tasks to queue
[2025-02-06T18:22:42.423+0000] {logging_mixin.py:190} INFO - [2025-02-06T18:22:42.422+0000] {dagbag.py:588} INFO - Filling up the DagBag from /home/airflow/.local/lib/python3.12/site-packages/airflow/example_dags/example_complex.py
[2025-02-06T18:22:42.439+0000] {processor.py:925} INFO - DAG(s) 'example_complex' retrieved from /home/airflow/.local/lib/python3.12/site-packages/airflow/example_dags/example_complex.py
[2025-02-06T18:22:42.490+0000] {logging_mixin.py:190} INFO - [2025-02-06T18:22:42.490+0000] {dag.py:3239} INFO - Sync 1 DAGs
[2025-02-06T18:22:42.513+0000] {logging_mixin.py:190} INFO - [2025-02-06T18:22:42.513+0000] {dag.py:4180} INFO - Setting next_dagrun for example_complex to None, run_after=None
[2025-02-06T18:22:42.546+0000] {processor.py:208} INFO - Processing /home/airflow/.local/lib/python3.12/site-packages/airflow/example_dags/example_complex.py took 0.135 seconds
[2025-02-06T18:23:12.946+0000] {processor.py:186} INFO - Started process (PID=902) to work on /home/airflow/.local/lib/python3.12/site-packages/airflow/example_dags/example_complex.py
[2025-02-06T18:23:12.947+0000] {processor.py:914} INFO - Processing file /home/airflow/.local/lib/python3.12/site-packages/airflow/example_dags/example_complex.py for tasks to queue
[2025-02-06T18:23:12.950+0000] {logging_mixin.py:190} INFO - [2025-02-06T18:23:12.950+0000] {dagbag.py:588} INFO - Filling up the DagBag from /home/airflow/.local/lib/python3.12/site-packages/airflow/example_dags/example_complex.py
[2025-02-06T18:23:12.971+0000] {processor.py:925} INFO - DAG(s) 'example_complex' retrieved from /home/airflow/.local/lib/python3.12/site-packages/airflow/example_dags/example_complex.py
[2025-02-06T18:23:13.023+0000] {logging_mixin.py:190} INFO - [2025-02-06T18:23:13.022+0000] {dag.py:3239} INFO - Sync 1 DAGs
[2025-02-06T18:23:13.049+0000] {logging_mixin.py:190} INFO - [2025-02-06T18:23:13.048+0000] {dag.py:4180} INFO - Setting next_dagrun for example_complex to None, run_after=None
[2025-02-06T18:23:13.076+0000] {processor.py:208} INFO - Processing /home/airflow/.local/lib/python3.12/site-packages/airflow/example_dags/example_complex.py took 0.138 seconds
[2025-02-06T18:23:43.919+0000] {processor.py:186} INFO - Started process (PID=959) to work on /home/airflow/.local/lib/python3.12/site-packages/airflow/example_dags/example_complex.py
[2025-02-06T18:23:43.920+0000] {processor.py:914} INFO - Processing file /home/airflow/.local/lib/python3.12/site-packages/airflow/example_dags/example_complex.py for tasks to queue
[2025-02-06T18:23:43.928+0000] {logging_mixin.py:190} INFO - [2025-02-06T18:23:43.925+0000] {dagbag.py:588} INFO - Filling up the DagBag from /home/airflow/.local/lib/python3.12/site-packages/airflow/example_dags/example_complex.py
[2025-02-06T18:23:43.974+0000] {processor.py:925} INFO - DAG(s) 'example_complex' retrieved from /home/airflow/.local/lib/python3.12/site-packages/airflow/example_dags/example_complex.py
[2025-02-06T18:23:44.064+0000] {logging_mixin.py:190} INFO - [2025-02-06T18:23:44.064+0000] {dag.py:3239} INFO - Sync 1 DAGs
[2025-02-06T18:23:44.097+0000] {logging_mixin.py:190} INFO - [2025-02-06T18:23:44.097+0000] {dag.py:4180} INFO - Setting next_dagrun for example_complex to None, run_after=None
[2025-02-06T18:23:44.137+0000] {processor.py:208} INFO - Processing /home/airflow/.local/lib/python3.12/site-packages/airflow/example_dags/example_complex.py took 0.232 seconds
[2025-02-06T18:24:14.630+0000] {processor.py:186} INFO - Started process (PID=1016) to work on /home/airflow/.local/lib/python3.12/site-packages/airflow/example_dags/example_complex.py
[2025-02-06T18:24:14.632+0000] {processor.py:914} INFO - Processing file /home/airflow/.local/lib/python3.12/site-packages/airflow/example_dags/example_complex.py for tasks to queue
[2025-02-06T18:24:14.637+0000] {logging_mixin.py:190} INFO - [2025-02-06T18:24:14.636+0000] {dagbag.py:588} INFO - Filling up the DagBag from /home/airflow/.local/lib/python3.12/site-packages/airflow/example_dags/example_complex.py
[2025-02-06T18:24:14.661+0000] {processor.py:925} INFO - DAG(s) 'example_complex' retrieved from /home/airflow/.local/lib/python3.12/site-packages/airflow/example_dags/example_complex.py
[2025-02-06T18:24:14.748+0000] {logging_mixin.py:190} INFO - [2025-02-06T18:24:14.747+0000] {dag.py:3239} INFO - Sync 1 DAGs
[2025-02-06T18:24:14.784+0000] {logging_mixin.py:190} INFO - [2025-02-06T18:24:14.784+0000] {dag.py:4180} INFO - Setting next_dagrun for example_complex to None, run_after=None
[2025-02-06T18:24:14.823+0000] {processor.py:208} INFO - Processing /home/airflow/.local/lib/python3.12/site-packages/airflow/example_dags/example_complex.py took 0.206 seconds
[2025-02-06T18:24:44.936+0000] {processor.py:186} INFO - Started process (PID=1072) to work on /home/airflow/.local/lib/python3.12/site-packages/airflow/example_dags/example_complex.py
[2025-02-06T18:24:44.938+0000] {processor.py:914} INFO - Processing file /home/airflow/.local/lib/python3.12/site-packages/airflow/example_dags/example_complex.py for tasks to queue
[2025-02-06T18:24:44.942+0000] {logging_mixin.py:190} INFO - [2025-02-06T18:24:44.941+0000] {dagbag.py:588} INFO - Filling up the DagBag from /home/airflow/.local/lib/python3.12/site-packages/airflow/example_dags/example_complex.py
[2025-02-06T18:24:44.961+0000] {processor.py:925} INFO - DAG(s) 'example_complex' retrieved from /home/airflow/.local/lib/python3.12/site-packages/airflow/example_dags/example_complex.py
[2025-02-06T18:24:45.016+0000] {logging_mixin.py:190} INFO - [2025-02-06T18:24:45.015+0000] {dag.py:3239} INFO - Sync 1 DAGs
[2025-02-06T18:24:45.039+0000] {logging_mixin.py:190} INFO - [2025-02-06T18:24:45.039+0000] {dag.py:4180} INFO - Setting next_dagrun for example_complex to None, run_after=None
[2025-02-06T18:24:45.075+0000] {processor.py:208} INFO - Processing /home/airflow/.local/lib/python3.12/site-packages/airflow/example_dags/example_complex.py took 0.149 seconds
[2025-02-06T18:25:15.498+0000] {processor.py:186} INFO - Started process (PID=1130) to work on /home/airflow/.local/lib/python3.12/site-packages/airflow/example_dags/example_complex.py
[2025-02-06T18:25:15.504+0000] {processor.py:914} INFO - Processing file /home/airflow/.local/lib/python3.12/site-packages/airflow/example_dags/example_complex.py for tasks to queue
[2025-02-06T18:25:15.509+0000] {logging_mixin.py:190} INFO - [2025-02-06T18:25:15.509+0000] {dagbag.py:588} INFO - Filling up the DagBag from /home/airflow/.local/lib/python3.12/site-packages/airflow/example_dags/example_complex.py
[2025-02-06T18:25:15.531+0000] {processor.py:925} INFO - DAG(s) 'example_complex' retrieved from /home/airflow/.local/lib/python3.12/site-packages/airflow/example_dags/example_complex.py
[2025-02-06T18:25:15.584+0000] {logging_mixin.py:190} INFO - [2025-02-06T18:25:15.584+0000] {dag.py:3239} INFO - Sync 1 DAGs
[2025-02-06T18:25:15.619+0000] {logging_mixin.py:190} INFO - [2025-02-06T18:25:15.618+0000] {dag.py:4180} INFO - Setting next_dagrun for example_complex to None, run_after=None
[2025-02-06T18:25:15.664+0000] {processor.py:208} INFO - Processing /home/airflow/.local/lib/python3.12/site-packages/airflow/example_dags/example_complex.py took 0.183 seconds
[2025-02-06T18:25:46.161+0000] {processor.py:186} INFO - Started process (PID=1187) to work on /home/airflow/.local/lib/python3.12/site-packages/airflow/example_dags/example_complex.py
[2025-02-06T18:25:46.163+0000] {processor.py:914} INFO - Processing file /home/airflow/.local/lib/python3.12/site-packages/airflow/example_dags/example_complex.py for tasks to queue
[2025-02-06T18:25:46.167+0000] {logging_mixin.py:190} INFO - [2025-02-06T18:25:46.166+0000] {dagbag.py:588} INFO - Filling up the DagBag from /home/airflow/.local/lib/python3.12/site-packages/airflow/example_dags/example_complex.py
[2025-02-06T18:25:46.189+0000] {processor.py:925} INFO - DAG(s) 'example_complex' retrieved from /home/airflow/.local/lib/python3.12/site-packages/airflow/example_dags/example_complex.py
[2025-02-06T18:25:46.250+0000] {logging_mixin.py:190} INFO - [2025-02-06T18:25:46.249+0000] {dag.py:3239} INFO - Sync 1 DAGs
[2025-02-06T18:25:46.277+0000] {logging_mixin.py:190} INFO - [2025-02-06T18:25:46.277+0000] {dag.py:4180} INFO - Setting next_dagrun for example_complex to None, run_after=None
[2025-02-06T18:25:46.335+0000] {processor.py:208} INFO - Processing /home/airflow/.local/lib/python3.12/site-packages/airflow/example_dags/example_complex.py took 0.187 seconds
[2025-02-06T18:26:16.800+0000] {processor.py:186} INFO - Started process (PID=1244) to work on /home/airflow/.local/lib/python3.12/site-packages/airflow/example_dags/example_complex.py
[2025-02-06T18:26:16.802+0000] {processor.py:914} INFO - Processing file /home/airflow/.local/lib/python3.12/site-packages/airflow/example_dags/example_complex.py for tasks to queue
[2025-02-06T18:26:16.806+0000] {logging_mixin.py:190} INFO - [2025-02-06T18:26:16.805+0000] {dagbag.py:588} INFO - Filling up the DagBag from /home/airflow/.local/lib/python3.12/site-packages/airflow/example_dags/example_complex.py
[2025-02-06T18:26:16.831+0000] {processor.py:925} INFO - DAG(s) 'example_complex' retrieved from /home/airflow/.local/lib/python3.12/site-packages/airflow/example_dags/example_complex.py
[2025-02-06T18:26:16.891+0000] {logging_mixin.py:190} INFO - [2025-02-06T18:26:16.891+0000] {dag.py:3239} INFO - Sync 1 DAGs
[2025-02-06T18:26:16.917+0000] {logging_mixin.py:190} INFO - [2025-02-06T18:26:16.916+0000] {dag.py:4180} INFO - Setting next_dagrun for example_complex to None, run_after=None
[2025-02-06T18:26:16.962+0000] {processor.py:208} INFO - Processing /home/airflow/.local/lib/python3.12/site-packages/airflow/example_dags/example_complex.py took 0.173 seconds
[2025-02-06T18:26:48.409+0000] {processor.py:186} INFO - Started process (PID=1301) to work on /home/airflow/.local/lib/python3.12/site-packages/airflow/example_dags/example_complex.py
[2025-02-06T18:26:48.411+0000] {processor.py:914} INFO - Processing file /home/airflow/.local/lib/python3.12/site-packages/airflow/example_dags/example_complex.py for tasks to queue
[2025-02-06T18:26:48.416+0000] {logging_mixin.py:190} INFO - [2025-02-06T18:26:48.415+0000] {dagbag.py:588} INFO - Filling up the DagBag from /home/airflow/.local/lib/python3.12/site-packages/airflow/example_dags/example_complex.py
[2025-02-06T18:26:48.441+0000] {processor.py:925} INFO - DAG(s) 'example_complex' retrieved from /home/airflow/.local/lib/python3.12/site-packages/airflow/example_dags/example_complex.py
[2025-02-06T18:26:48.501+0000] {logging_mixin.py:190} INFO - [2025-02-06T18:26:48.501+0000] {dag.py:3239} INFO - Sync 1 DAGs
[2025-02-06T18:26:48.531+0000] {logging_mixin.py:190} INFO - [2025-02-06T18:26:48.531+0000] {dag.py:4180} INFO - Setting next_dagrun for example_complex to None, run_after=None
[2025-02-06T18:26:48.568+0000] {processor.py:208} INFO - Processing /home/airflow/.local/lib/python3.12/site-packages/airflow/example_dags/example_complex.py took 0.171 seconds
[2025-02-06T18:27:19.434+0000] {processor.py:186} INFO - Started process (PID=1358) to work on /home/airflow/.local/lib/python3.12/site-packages/airflow/example_dags/example_complex.py
[2025-02-06T18:27:19.436+0000] {processor.py:914} INFO - Processing file /home/airflow/.local/lib/python3.12/site-packages/airflow/example_dags/example_complex.py for tasks to queue
[2025-02-06T18:27:19.441+0000] {logging_mixin.py:190} INFO - [2025-02-06T18:27:19.440+0000] {dagbag.py:588} INFO - Filling up the DagBag from /home/airflow/.local/lib/python3.12/site-packages/airflow/example_dags/example_complex.py
[2025-02-06T18:27:19.476+0000] {processor.py:925} INFO - DAG(s) 'example_complex' retrieved from /home/airflow/.local/lib/python3.12/site-packages/airflow/example_dags/example_complex.py
[2025-02-06T18:27:19.563+0000] {logging_mixin.py:190} INFO - [2025-02-06T18:27:19.563+0000] {dag.py:3239} INFO - Sync 1 DAGs
[2025-02-06T18:27:19.603+0000] {logging_mixin.py:190} INFO - [2025-02-06T18:27:19.603+0000] {dag.py:4180} INFO - Setting next_dagrun for example_complex to None, run_after=None
[2025-02-06T18:27:19.666+0000] {processor.py:208} INFO - Processing /home/airflow/.local/lib/python3.12/site-packages/airflow/example_dags/example_complex.py took 0.255 seconds
[2025-02-06T18:27:49.964+0000] {processor.py:186} INFO - Started process (PID=1414) to work on /home/airflow/.local/lib/python3.12/site-packages/airflow/example_dags/example_complex.py
[2025-02-06T18:27:49.966+0000] {processor.py:914} INFO - Processing file /home/airflow/.local/lib/python3.12/site-packages/airflow/example_dags/example_complex.py for tasks to queue
[2025-02-06T18:27:49.972+0000] {logging_mixin.py:190} INFO - [2025-02-06T18:27:49.971+0000] {dagbag.py:588} INFO - Filling up the DagBag from /home/airflow/.local/lib/python3.12/site-packages/airflow/example_dags/example_complex.py
[2025-02-06T18:27:50.002+0000] {processor.py:925} INFO - DAG(s) 'example_complex' retrieved from /home/airflow/.local/lib/python3.12/site-packages/airflow/example_dags/example_complex.py
[2025-02-06T18:27:50.075+0000] {logging_mixin.py:190} INFO - [2025-02-06T18:27:50.074+0000] {dag.py:3239} INFO - Sync 1 DAGs
[2025-02-06T18:27:50.111+0000] {logging_mixin.py:190} INFO - [2025-02-06T18:27:50.111+0000] {dag.py:4180} INFO - Setting next_dagrun for example_complex to None, run_after=None
[2025-02-06T18:27:50.157+0000] {processor.py:208} INFO - Processing /home/airflow/.local/lib/python3.12/site-packages/airflow/example_dags/example_complex.py took 0.210 seconds
[2025-02-06T18:28:21.135+0000] {processor.py:186} INFO - Started process (PID=1470) to work on /home/airflow/.local/lib/python3.12/site-packages/airflow/example_dags/example_complex.py
[2025-02-06T18:28:21.138+0000] {processor.py:914} INFO - Processing file /home/airflow/.local/lib/python3.12/site-packages/airflow/example_dags/example_complex.py for tasks to queue
[2025-02-06T18:28:21.143+0000] {logging_mixin.py:190} INFO - [2025-02-06T18:28:21.143+0000] {dagbag.py:588} INFO - Filling up the DagBag from /home/airflow/.local/lib/python3.12/site-packages/airflow/example_dags/example_complex.py
[2025-02-06T18:28:21.178+0000] {processor.py:925} INFO - DAG(s) 'example_complex' retrieved from /home/airflow/.local/lib/python3.12/site-packages/airflow/example_dags/example_complex.py
[2025-02-06T18:28:21.266+0000] {logging_mixin.py:190} INFO - [2025-02-06T18:28:21.266+0000] {dag.py:3239} INFO - Sync 1 DAGs
[2025-02-06T18:28:21.296+0000] {logging_mixin.py:190} INFO - [2025-02-06T18:28:21.296+0000] {dag.py:4180} INFO - Setting next_dagrun for example_complex to None, run_after=None
[2025-02-06T18:28:21.341+0000] {processor.py:208} INFO - Processing /home/airflow/.local/lib/python3.12/site-packages/airflow/example_dags/example_complex.py took 0.221 seconds
[2025-02-06T18:28:54.284+0000] {processor.py:186} INFO - Started process (PID=1527) to work on /home/airflow/.local/lib/python3.12/site-packages/airflow/example_dags/example_complex.py
[2025-02-06T18:28:54.285+0000] {processor.py:914} INFO - Processing file /home/airflow/.local/lib/python3.12/site-packages/airflow/example_dags/example_complex.py for tasks to queue
[2025-02-06T18:28:54.289+0000] {logging_mixin.py:190} INFO - [2025-02-06T18:28:54.289+0000] {dagbag.py:588} INFO - Filling up the DagBag from /home/airflow/.local/lib/python3.12/site-packages/airflow/example_dags/example_complex.py
[2025-02-06T18:28:54.315+0000] {processor.py:925} INFO - DAG(s) 'example_complex' retrieved from /home/airflow/.local/lib/python3.12/site-packages/airflow/example_dags/example_complex.py
[2025-02-06T18:28:54.388+0000] {logging_mixin.py:190} INFO - [2025-02-06T18:28:54.388+0000] {dag.py:3239} INFO - Sync 1 DAGs
[2025-02-06T18:28:54.417+0000] {logging_mixin.py:190} INFO - [2025-02-06T18:28:54.417+0000] {dag.py:4180} INFO - Setting next_dagrun for example_complex to None, run_after=None
[2025-02-06T18:28:54.455+0000] {processor.py:208} INFO - Processing /home/airflow/.local/lib/python3.12/site-packages/airflow/example_dags/example_complex.py took 0.181 seconds
[2025-02-06T18:29:26.426+0000] {processor.py:186} INFO - Started process (PID=1584) to work on /home/airflow/.local/lib/python3.12/site-packages/airflow/example_dags/example_complex.py
[2025-02-06T18:29:26.427+0000] {processor.py:914} INFO - Processing file /home/airflow/.local/lib/python3.12/site-packages/airflow/example_dags/example_complex.py for tasks to queue
[2025-02-06T18:29:26.431+0000] {logging_mixin.py:190} INFO - [2025-02-06T18:29:26.431+0000] {dagbag.py:588} INFO - Filling up the DagBag from /home/airflow/.local/lib/python3.12/site-packages/airflow/example_dags/example_complex.py
[2025-02-06T18:29:26.451+0000] {processor.py:925} INFO - DAG(s) 'example_complex' retrieved from /home/airflow/.local/lib/python3.12/site-packages/airflow/example_dags/example_complex.py
[2025-02-06T18:29:26.512+0000] {logging_mixin.py:190} INFO - [2025-02-06T18:29:26.511+0000] {dag.py:3239} INFO - Sync 1 DAGs
[2025-02-06T18:29:26.544+0000] {logging_mixin.py:190} INFO - [2025-02-06T18:29:26.543+0000] {dag.py:4180} INFO - Setting next_dagrun for example_complex to None, run_after=None
[2025-02-06T18:29:26.577+0000] {processor.py:208} INFO - Processing /home/airflow/.local/lib/python3.12/site-packages/airflow/example_dags/example_complex.py took 0.165 seconds
[2025-02-06T18:29:57.289+0000] {processor.py:186} INFO - Started process (PID=1640) to work on /home/airflow/.local/lib/python3.12/site-packages/airflow/example_dags/example_complex.py
[2025-02-06T18:29:57.290+0000] {processor.py:914} INFO - Processing file /home/airflow/.local/lib/python3.12/site-packages/airflow/example_dags/example_complex.py for tasks to queue
[2025-02-06T18:29:57.294+0000] {logging_mixin.py:190} INFO - [2025-02-06T18:29:57.293+0000] {dagbag.py:588} INFO - Filling up the DagBag from /home/airflow/.local/lib/python3.12/site-packages/airflow/example_dags/example_complex.py
[2025-02-06T18:29:57.312+0000] {processor.py:925} INFO - DAG(s) 'example_complex' retrieved from /home/airflow/.local/lib/python3.12/site-packages/airflow/example_dags/example_complex.py
[2025-02-06T18:29:57.363+0000] {logging_mixin.py:190} INFO - [2025-02-06T18:29:57.362+0000] {dag.py:3239} INFO - Sync 1 DAGs
[2025-02-06T18:29:57.390+0000] {logging_mixin.py:190} INFO - [2025-02-06T18:29:57.390+0000] {dag.py:4180} INFO - Setting next_dagrun for example_complex to None, run_after=None
[2025-02-06T18:29:57.444+0000] {processor.py:208} INFO - Processing /home/airflow/.local/lib/python3.12/site-packages/airflow/example_dags/example_complex.py took 0.164 seconds
[2025-02-06T18:30:27.817+0000] {processor.py:186} INFO - Started process (PID=1696) to work on /home/airflow/.local/lib/python3.12/site-packages/airflow/example_dags/example_complex.py
[2025-02-06T18:30:27.818+0000] {processor.py:914} INFO - Processing file /home/airflow/.local/lib/python3.12/site-packages/airflow/example_dags/example_complex.py for tasks to queue
[2025-02-06T18:30:27.822+0000] {logging_mixin.py:190} INFO - [2025-02-06T18:30:27.822+0000] {dagbag.py:588} INFO - Filling up the DagBag from /home/airflow/.local/lib/python3.12/site-packages/airflow/example_dags/example_complex.py
[2025-02-06T18:30:27.850+0000] {processor.py:925} INFO - DAG(s) 'example_complex' retrieved from /home/airflow/.local/lib/python3.12/site-packages/airflow/example_dags/example_complex.py
[2025-02-06T18:30:27.919+0000] {logging_mixin.py:190} INFO - [2025-02-06T18:30:27.918+0000] {dag.py:3239} INFO - Sync 1 DAGs
[2025-02-06T18:30:27.953+0000] {logging_mixin.py:190} INFO - [2025-02-06T18:30:27.953+0000] {dag.py:4180} INFO - Setting next_dagrun for example_complex to None, run_after=None
[2025-02-06T18:30:27.989+0000] {processor.py:208} INFO - Processing /home/airflow/.local/lib/python3.12/site-packages/airflow/example_dags/example_complex.py took 0.187 seconds
[2025-02-06T18:30:58.544+0000] {processor.py:186} INFO - Started process (PID=1753) to work on /home/airflow/.local/lib/python3.12/site-packages/airflow/example_dags/example_complex.py
[2025-02-06T18:30:58.546+0000] {processor.py:914} INFO - Processing file /home/airflow/.local/lib/python3.12/site-packages/airflow/example_dags/example_complex.py for tasks to queue
[2025-02-06T18:30:58.550+0000] {logging_mixin.py:190} INFO - [2025-02-06T18:30:58.549+0000] {dagbag.py:588} INFO - Filling up the DagBag from /home/airflow/.local/lib/python3.12/site-packages/airflow/example_dags/example_complex.py
[2025-02-06T18:30:58.587+0000] {processor.py:925} INFO - DAG(s) 'example_complex' retrieved from /home/airflow/.local/lib/python3.12/site-packages/airflow/example_dags/example_complex.py
[2025-02-06T18:30:58.676+0000] {logging_mixin.py:190} INFO - [2025-02-06T18:30:58.676+0000] {dag.py:3239} INFO - Sync 1 DAGs
[2025-02-06T18:30:58.707+0000] {logging_mixin.py:190} INFO - [2025-02-06T18:30:58.707+0000] {dag.py:4180} INFO - Setting next_dagrun for example_complex to None, run_after=None
[2025-02-06T18:30:58.794+0000] {processor.py:208} INFO - Processing /home/airflow/.local/lib/python3.12/site-packages/airflow/example_dags/example_complex.py took 0.264 seconds
[2025-02-06T18:31:29.085+0000] {processor.py:186} INFO - Started process (PID=1810) to work on /home/airflow/.local/lib/python3.12/site-packages/airflow/example_dags/example_complex.py
[2025-02-06T18:31:29.086+0000] {processor.py:914} INFO - Processing file /home/airflow/.local/lib/python3.12/site-packages/airflow/example_dags/example_complex.py for tasks to queue
[2025-02-06T18:31:29.090+0000] {logging_mixin.py:190} INFO - [2025-02-06T18:31:29.089+0000] {dagbag.py:588} INFO - Filling up the DagBag from /home/airflow/.local/lib/python3.12/site-packages/airflow/example_dags/example_complex.py
[2025-02-06T18:31:29.107+0000] {processor.py:925} INFO - DAG(s) 'example_complex' retrieved from /home/airflow/.local/lib/python3.12/site-packages/airflow/example_dags/example_complex.py
[2025-02-06T18:31:29.157+0000] {logging_mixin.py:190} INFO - [2025-02-06T18:31:29.157+0000] {dag.py:3239} INFO - Sync 1 DAGs
[2025-02-06T18:31:29.184+0000] {logging_mixin.py:190} INFO - [2025-02-06T18:31:29.184+0000] {dag.py:4180} INFO - Setting next_dagrun for example_complex to None, run_after=None
[2025-02-06T18:31:29.221+0000] {processor.py:208} INFO - Processing /home/airflow/.local/lib/python3.12/site-packages/airflow/example_dags/example_complex.py took 0.147 seconds
[2025-02-06T18:31:59.555+0000] {processor.py:186} INFO - Started process (PID=1867) to work on /home/airflow/.local/lib/python3.12/site-packages/airflow/example_dags/example_complex.py
[2025-02-06T18:31:59.557+0000] {processor.py:914} INFO - Processing file /home/airflow/.local/lib/python3.12/site-packages/airflow/example_dags/example_complex.py for tasks to queue
[2025-02-06T18:31:59.560+0000] {logging_mixin.py:190} INFO - [2025-02-06T18:31:59.559+0000] {dagbag.py:588} INFO - Filling up the DagBag from /home/airflow/.local/lib/python3.12/site-packages/airflow/example_dags/example_complex.py
[2025-02-06T18:31:59.578+0000] {processor.py:925} INFO - DAG(s) 'example_complex' retrieved from /home/airflow/.local/lib/python3.12/site-packages/airflow/example_dags/example_complex.py
[2025-02-06T18:31:59.636+0000] {logging_mixin.py:190} INFO - [2025-02-06T18:31:59.635+0000] {dag.py:3239} INFO - Sync 1 DAGs
[2025-02-06T18:31:59.661+0000] {logging_mixin.py:190} INFO - [2025-02-06T18:31:59.660+0000] {dag.py:4180} INFO - Setting next_dagrun for example_complex to None, run_after=None
[2025-02-06T18:31:59.707+0000] {processor.py:208} INFO - Processing /home/airflow/.local/lib/python3.12/site-packages/airflow/example_dags/example_complex.py took 0.159 seconds
[2025-02-06T18:32:29.842+0000] {processor.py:186} INFO - Started process (PID=1924) to work on /home/airflow/.local/lib/python3.12/site-packages/airflow/example_dags/example_complex.py
[2025-02-06T18:32:29.844+0000] {processor.py:914} INFO - Processing file /home/airflow/.local/lib/python3.12/site-packages/airflow/example_dags/example_complex.py for tasks to queue
[2025-02-06T18:32:29.848+0000] {logging_mixin.py:190} INFO - [2025-02-06T18:32:29.847+0000] {dagbag.py:588} INFO - Filling up the DagBag from /home/airflow/.local/lib/python3.12/site-packages/airflow/example_dags/example_complex.py
[2025-02-06T18:32:29.866+0000] {processor.py:925} INFO - DAG(s) 'example_complex' retrieved from /home/airflow/.local/lib/python3.12/site-packages/airflow/example_dags/example_complex.py
[2025-02-06T18:32:29.920+0000] {logging_mixin.py:190} INFO - [2025-02-06T18:32:29.920+0000] {dag.py:3239} INFO - Sync 1 DAGs
[2025-02-06T18:32:29.944+0000] {logging_mixin.py:190} INFO - [2025-02-06T18:32:29.943+0000] {dag.py:4180} INFO - Setting next_dagrun for example_complex to None, run_after=None
[2025-02-06T18:32:29.969+0000] {processor.py:208} INFO - Processing /home/airflow/.local/lib/python3.12/site-packages/airflow/example_dags/example_complex.py took 0.136 seconds
[2025-02-06T18:33:01.175+0000] {processor.py:186} INFO - Started process (PID=1981) to work on /home/airflow/.local/lib/python3.12/site-packages/airflow/example_dags/example_complex.py
[2025-02-06T18:33:01.192+0000] {processor.py:914} INFO - Processing file /home/airflow/.local/lib/python3.12/site-packages/airflow/example_dags/example_complex.py for tasks to queue
[2025-02-06T18:33:01.202+0000] {logging_mixin.py:190} INFO - [2025-02-06T18:33:01.199+0000] {dagbag.py:588} INFO - Filling up the DagBag from /home/airflow/.local/lib/python3.12/site-packages/airflow/example_dags/example_complex.py
[2025-02-06T18:33:01.329+0000] {processor.py:925} INFO - DAG(s) 'example_complex' retrieved from /home/airflow/.local/lib/python3.12/site-packages/airflow/example_dags/example_complex.py
[2025-02-06T18:33:01.507+0000] {logging_mixin.py:190} INFO - [2025-02-06T18:33:01.506+0000] {dag.py:3239} INFO - Sync 1 DAGs
[2025-02-06T18:33:01.569+0000] {logging_mixin.py:190} INFO - [2025-02-06T18:33:01.569+0000] {dag.py:4180} INFO - Setting next_dagrun for example_complex to None, run_after=None
[2025-02-06T18:33:01.645+0000] {processor.py:208} INFO - Processing /home/airflow/.local/lib/python3.12/site-packages/airflow/example_dags/example_complex.py took 0.499 seconds
[2025-02-06T18:33:31.869+0000] {processor.py:186} INFO - Started process (PID=2037) to work on /home/airflow/.local/lib/python3.12/site-packages/airflow/example_dags/example_complex.py
[2025-02-06T18:33:31.870+0000] {processor.py:914} INFO - Processing file /home/airflow/.local/lib/python3.12/site-packages/airflow/example_dags/example_complex.py for tasks to queue
[2025-02-06T18:33:31.874+0000] {logging_mixin.py:190} INFO - [2025-02-06T18:33:31.873+0000] {dagbag.py:588} INFO - Filling up the DagBag from /home/airflow/.local/lib/python3.12/site-packages/airflow/example_dags/example_complex.py
[2025-02-06T18:33:31.894+0000] {processor.py:925} INFO - DAG(s) 'example_complex' retrieved from /home/airflow/.local/lib/python3.12/site-packages/airflow/example_dags/example_complex.py
[2025-02-06T18:33:31.965+0000] {logging_mixin.py:190} INFO - [2025-02-06T18:33:31.965+0000] {dag.py:3239} INFO - Sync 1 DAGs
[2025-02-06T18:33:32.005+0000] {logging_mixin.py:190} INFO - [2025-02-06T18:33:32.005+0000] {dag.py:4180} INFO - Setting next_dagrun for example_complex to None, run_after=None
[2025-02-06T18:33:32.045+0000] {processor.py:208} INFO - Processing /home/airflow/.local/lib/python3.12/site-packages/airflow/example_dags/example_complex.py took 0.187 seconds
[2025-02-06T18:34:02.156+0000] {processor.py:186} INFO - Started process (PID=2093) to work on /home/airflow/.local/lib/python3.12/site-packages/airflow/example_dags/example_complex.py
[2025-02-06T18:34:02.158+0000] {processor.py:914} INFO - Processing file /home/airflow/.local/lib/python3.12/site-packages/airflow/example_dags/example_complex.py for tasks to queue
[2025-02-06T18:34:02.162+0000] {logging_mixin.py:190} INFO - [2025-02-06T18:34:02.161+0000] {dagbag.py:588} INFO - Filling up the DagBag from /home/airflow/.local/lib/python3.12/site-packages/airflow/example_dags/example_complex.py
[2025-02-06T18:34:02.188+0000] {processor.py:925} INFO - DAG(s) 'example_complex' retrieved from /home/airflow/.local/lib/python3.12/site-packages/airflow/example_dags/example_complex.py
[2025-02-06T18:34:02.245+0000] {logging_mixin.py:190} INFO - [2025-02-06T18:34:02.244+0000] {dag.py:3239} INFO - Sync 1 DAGs
[2025-02-06T18:34:02.269+0000] {logging_mixin.py:190} INFO - [2025-02-06T18:34:02.269+0000] {dag.py:4180} INFO - Setting next_dagrun for example_complex to None, run_after=None
[2025-02-06T18:34:02.305+0000] {processor.py:208} INFO - Processing /home/airflow/.local/lib/python3.12/site-packages/airflow/example_dags/example_complex.py took 0.158 seconds
[2025-02-06T18:34:32.896+0000] {processor.py:186} INFO - Started process (PID=2151) to work on /home/airflow/.local/lib/python3.12/site-packages/airflow/example_dags/example_complex.py
[2025-02-06T18:34:32.898+0000] {processor.py:914} INFO - Processing file /home/airflow/.local/lib/python3.12/site-packages/airflow/example_dags/example_complex.py for tasks to queue
[2025-02-06T18:34:32.903+0000] {logging_mixin.py:190} INFO - [2025-02-06T18:34:32.902+0000] {dagbag.py:588} INFO - Filling up the DagBag from /home/airflow/.local/lib/python3.12/site-packages/airflow/example_dags/example_complex.py
[2025-02-06T18:34:32.938+0000] {processor.py:925} INFO - DAG(s) 'example_complex' retrieved from /home/airflow/.local/lib/python3.12/site-packages/airflow/example_dags/example_complex.py
[2025-02-06T18:34:33.002+0000] {logging_mixin.py:190} INFO - [2025-02-06T18:34:33.001+0000] {dag.py:3239} INFO - Sync 1 DAGs
[2025-02-06T18:34:33.041+0000] {logging_mixin.py:190} INFO - [2025-02-06T18:34:33.040+0000] {dag.py:4180} INFO - Setting next_dagrun for example_complex to None, run_after=None
[2025-02-06T18:34:33.084+0000] {processor.py:208} INFO - Processing /home/airflow/.local/lib/python3.12/site-packages/airflow/example_dags/example_complex.py took 0.200 seconds
[2025-02-06T18:35:03.427+0000] {processor.py:186} INFO - Started process (PID=2208) to work on /home/airflow/.local/lib/python3.12/site-packages/airflow/example_dags/example_complex.py
[2025-02-06T18:35:03.429+0000] {processor.py:914} INFO - Processing file /home/airflow/.local/lib/python3.12/site-packages/airflow/example_dags/example_complex.py for tasks to queue
[2025-02-06T18:35:03.431+0000] {logging_mixin.py:190} INFO - [2025-02-06T18:35:03.431+0000] {dagbag.py:588} INFO - Filling up the DagBag from /home/airflow/.local/lib/python3.12/site-packages/airflow/example_dags/example_complex.py
[2025-02-06T18:35:03.450+0000] {processor.py:925} INFO - DAG(s) 'example_complex' retrieved from /home/airflow/.local/lib/python3.12/site-packages/airflow/example_dags/example_complex.py
[2025-02-06T18:35:03.508+0000] {logging_mixin.py:190} INFO - [2025-02-06T18:35:03.507+0000] {dag.py:3239} INFO - Sync 1 DAGs
[2025-02-06T18:35:03.532+0000] {logging_mixin.py:190} INFO - [2025-02-06T18:35:03.531+0000] {dag.py:4180} INFO - Setting next_dagrun for example_complex to None, run_after=None
[2025-02-06T18:35:03.558+0000] {processor.py:208} INFO - Processing /home/airflow/.local/lib/python3.12/site-packages/airflow/example_dags/example_complex.py took 0.138 seconds
[2025-02-06T18:35:33.817+0000] {processor.py:186} INFO - Started process (PID=2265) to work on /home/airflow/.local/lib/python3.12/site-packages/airflow/example_dags/example_complex.py
[2025-02-06T18:35:33.818+0000] {processor.py:914} INFO - Processing file /home/airflow/.local/lib/python3.12/site-packages/airflow/example_dags/example_complex.py for tasks to queue
[2025-02-06T18:35:33.824+0000] {logging_mixin.py:190} INFO - [2025-02-06T18:35:33.823+0000] {dagbag.py:588} INFO - Filling up the DagBag from /home/airflow/.local/lib/python3.12/site-packages/airflow/example_dags/example_complex.py
[2025-02-06T18:35:33.850+0000] {processor.py:925} INFO - DAG(s) 'example_complex' retrieved from /home/airflow/.local/lib/python3.12/site-packages/airflow/example_dags/example_complex.py
[2025-02-06T18:35:33.929+0000] {logging_mixin.py:190} INFO - [2025-02-06T18:35:33.929+0000] {dag.py:3239} INFO - Sync 1 DAGs
[2025-02-06T18:35:33.961+0000] {logging_mixin.py:190} INFO - [2025-02-06T18:35:33.960+0000] {dag.py:4180} INFO - Setting next_dagrun for example_complex to None, run_after=None
[2025-02-06T18:35:34.035+0000] {processor.py:208} INFO - Processing /home/airflow/.local/lib/python3.12/site-packages/airflow/example_dags/example_complex.py took 0.228 seconds
[2025-02-06T18:36:04.453+0000] {processor.py:186} INFO - Started process (PID=2322) to work on /home/airflow/.local/lib/python3.12/site-packages/airflow/example_dags/example_complex.py
[2025-02-06T18:36:04.456+0000] {processor.py:914} INFO - Processing file /home/airflow/.local/lib/python3.12/site-packages/airflow/example_dags/example_complex.py for tasks to queue
[2025-02-06T18:36:04.461+0000] {logging_mixin.py:190} INFO - [2025-02-06T18:36:04.460+0000] {dagbag.py:588} INFO - Filling up the DagBag from /home/airflow/.local/lib/python3.12/site-packages/airflow/example_dags/example_complex.py
[2025-02-06T18:36:04.490+0000] {processor.py:925} INFO - DAG(s) 'example_complex' retrieved from /home/airflow/.local/lib/python3.12/site-packages/airflow/example_dags/example_complex.py
[2025-02-06T18:36:04.564+0000] {logging_mixin.py:190} INFO - [2025-02-06T18:36:04.563+0000] {dag.py:3239} INFO - Sync 1 DAGs
[2025-02-06T18:36:04.592+0000] {logging_mixin.py:190} INFO - [2025-02-06T18:36:04.592+0000] {dag.py:4180} INFO - Setting next_dagrun for example_complex to None, run_after=None
[2025-02-06T18:36:04.627+0000] {processor.py:208} INFO - Processing /home/airflow/.local/lib/python3.12/site-packages/airflow/example_dags/example_complex.py took 0.188 seconds
[2025-02-06T18:36:35.635+0000] {processor.py:186} INFO - Started process (PID=2379) to work on /home/airflow/.local/lib/python3.12/site-packages/airflow/example_dags/example_complex.py
[2025-02-06T18:36:35.637+0000] {processor.py:914} INFO - Processing file /home/airflow/.local/lib/python3.12/site-packages/airflow/example_dags/example_complex.py for tasks to queue
[2025-02-06T18:36:35.642+0000] {logging_mixin.py:190} INFO - [2025-02-06T18:36:35.642+0000] {dagbag.py:588} INFO - Filling up the DagBag from /home/airflow/.local/lib/python3.12/site-packages/airflow/example_dags/example_complex.py
[2025-02-06T18:36:35.660+0000] {processor.py:925} INFO - DAG(s) 'example_complex' retrieved from /home/airflow/.local/lib/python3.12/site-packages/airflow/example_dags/example_complex.py
[2025-02-06T18:36:35.702+0000] {logging_mixin.py:190} INFO - [2025-02-06T18:36:35.702+0000] {dag.py:3239} INFO - Sync 1 DAGs
[2025-02-06T18:36:35.725+0000] {logging_mixin.py:190} INFO - [2025-02-06T18:36:35.725+0000] {dag.py:4180} INFO - Setting next_dagrun for example_complex to None, run_after=None
[2025-02-06T18:36:35.773+0000] {processor.py:208} INFO - Processing /home/airflow/.local/lib/python3.12/site-packages/airflow/example_dags/example_complex.py took 0.146 seconds
[2025-02-06T18:37:06.534+0000] {processor.py:186} INFO - Started process (PID=2436) to work on /home/airflow/.local/lib/python3.12/site-packages/airflow/example_dags/example_complex.py
[2025-02-06T18:37:06.535+0000] {processor.py:914} INFO - Processing file /home/airflow/.local/lib/python3.12/site-packages/airflow/example_dags/example_complex.py for tasks to queue
[2025-02-06T18:37:06.538+0000] {logging_mixin.py:190} INFO - [2025-02-06T18:37:06.538+0000] {dagbag.py:588} INFO - Filling up the DagBag from /home/airflow/.local/lib/python3.12/site-packages/airflow/example_dags/example_complex.py
[2025-02-06T18:37:06.555+0000] {processor.py:925} INFO - DAG(s) 'example_complex' retrieved from /home/airflow/.local/lib/python3.12/site-packages/airflow/example_dags/example_complex.py
[2025-02-06T18:37:06.612+0000] {logging_mixin.py:190} INFO - [2025-02-06T18:37:06.612+0000] {dag.py:3239} INFO - Sync 1 DAGs
[2025-02-06T18:37:06.640+0000] {logging_mixin.py:190} INFO - [2025-02-06T18:37:06.640+0000] {dag.py:4180} INFO - Setting next_dagrun for example_complex to None, run_after=None
[2025-02-06T18:37:06.667+0000] {processor.py:208} INFO - Processing /home/airflow/.local/lib/python3.12/site-packages/airflow/example_dags/example_complex.py took 0.141 seconds
[2025-02-06T18:37:36.878+0000] {processor.py:186} INFO - Started process (PID=2493) to work on /home/airflow/.local/lib/python3.12/site-packages/airflow/example_dags/example_complex.py
[2025-02-06T18:37:36.879+0000] {processor.py:914} INFO - Processing file /home/airflow/.local/lib/python3.12/site-packages/airflow/example_dags/example_complex.py for tasks to queue
[2025-02-06T18:37:36.882+0000] {logging_mixin.py:190} INFO - [2025-02-06T18:37:36.882+0000] {dagbag.py:588} INFO - Filling up the DagBag from /home/airflow/.local/lib/python3.12/site-packages/airflow/example_dags/example_complex.py
[2025-02-06T18:37:36.899+0000] {processor.py:925} INFO - DAG(s) 'example_complex' retrieved from /home/airflow/.local/lib/python3.12/site-packages/airflow/example_dags/example_complex.py
[2025-02-06T18:37:36.944+0000] {logging_mixin.py:190} INFO - [2025-02-06T18:37:36.943+0000] {dag.py:3239} INFO - Sync 1 DAGs
[2025-02-06T18:37:36.967+0000] {logging_mixin.py:190} INFO - [2025-02-06T18:37:36.967+0000] {dag.py:4180} INFO - Setting next_dagrun for example_complex to None, run_after=None
[2025-02-06T18:37:37.000+0000] {processor.py:208} INFO - Processing /home/airflow/.local/lib/python3.12/site-packages/airflow/example_dags/example_complex.py took 0.130 seconds
[2025-02-06T18:38:08.662+0000] {processor.py:186} INFO - Started process (PID=2550) to work on /home/airflow/.local/lib/python3.12/site-packages/airflow/example_dags/example_complex.py
[2025-02-06T18:38:08.664+0000] {processor.py:914} INFO - Processing file /home/airflow/.local/lib/python3.12/site-packages/airflow/example_dags/example_complex.py for tasks to queue
[2025-02-06T18:38:08.667+0000] {logging_mixin.py:190} INFO - [2025-02-06T18:38:08.667+0000] {dagbag.py:588} INFO - Filling up the DagBag from /home/airflow/.local/lib/python3.12/site-packages/airflow/example_dags/example_complex.py
[2025-02-06T18:38:08.695+0000] {processor.py:925} INFO - DAG(s) 'example_complex' retrieved from /home/airflow/.local/lib/python3.12/site-packages/airflow/example_dags/example_complex.py
[2025-02-06T18:38:08.773+0000] {logging_mixin.py:190} INFO - [2025-02-06T18:38:08.773+0000] {dag.py:3239} INFO - Sync 1 DAGs
[2025-02-06T18:38:08.801+0000] {logging_mixin.py:190} INFO - [2025-02-06T18:38:08.800+0000] {dag.py:4180} INFO - Setting next_dagrun for example_complex to None, run_after=None
[2025-02-06T18:38:08.835+0000] {processor.py:208} INFO - Processing /home/airflow/.local/lib/python3.12/site-packages/airflow/example_dags/example_complex.py took 0.183 seconds
[2025-02-06T18:38:39.267+0000] {processor.py:186} INFO - Started process (PID=2598) to work on /home/airflow/.local/lib/python3.12/site-packages/airflow/example_dags/example_complex.py
[2025-02-06T18:38:39.268+0000] {processor.py:914} INFO - Processing file /home/airflow/.local/lib/python3.12/site-packages/airflow/example_dags/example_complex.py for tasks to queue
[2025-02-06T18:38:39.272+0000] {logging_mixin.py:190} INFO - [2025-02-06T18:38:39.271+0000] {dagbag.py:588} INFO - Filling up the DagBag from /home/airflow/.local/lib/python3.12/site-packages/airflow/example_dags/example_complex.py
[2025-02-06T18:38:39.294+0000] {processor.py:925} INFO - DAG(s) 'example_complex' retrieved from /home/airflow/.local/lib/python3.12/site-packages/airflow/example_dags/example_complex.py
[2025-02-06T18:38:39.351+0000] {logging_mixin.py:190} INFO - [2025-02-06T18:38:39.350+0000] {dag.py:3239} INFO - Sync 1 DAGs
[2025-02-06T18:38:39.376+0000] {logging_mixin.py:190} INFO - [2025-02-06T18:38:39.375+0000] {dag.py:4180} INFO - Setting next_dagrun for example_complex to None, run_after=None
[2025-02-06T18:38:39.411+0000] {processor.py:208} INFO - Processing /home/airflow/.local/lib/python3.12/site-packages/airflow/example_dags/example_complex.py took 0.155 seconds
[2025-02-06T18:39:10.774+0000] {processor.py:186} INFO - Started process (PID=2649) to work on /home/airflow/.local/lib/python3.12/site-packages/airflow/example_dags/example_complex.py
[2025-02-06T18:39:10.776+0000] {processor.py:914} INFO - Processing file /home/airflow/.local/lib/python3.12/site-packages/airflow/example_dags/example_complex.py for tasks to queue
[2025-02-06T18:39:10.780+0000] {logging_mixin.py:190} INFO - [2025-02-06T18:39:10.780+0000] {dagbag.py:588} INFO - Filling up the DagBag from /home/airflow/.local/lib/python3.12/site-packages/airflow/example_dags/example_complex.py
[2025-02-06T18:39:10.802+0000] {processor.py:925} INFO - DAG(s) 'example_complex' retrieved from /home/airflow/.local/lib/python3.12/site-packages/airflow/example_dags/example_complex.py
[2025-02-06T18:39:10.860+0000] {logging_mixin.py:190} INFO - [2025-02-06T18:39:10.860+0000] {dag.py:3239} INFO - Sync 1 DAGs
[2025-02-06T18:39:10.890+0000] {logging_mixin.py:190} INFO - [2025-02-06T18:39:10.889+0000] {dag.py:4180} INFO - Setting next_dagrun for example_complex to None, run_after=None
[2025-02-06T18:39:10.929+0000] {processor.py:208} INFO - Processing /home/airflow/.local/lib/python3.12/site-packages/airflow/example_dags/example_complex.py took 0.166 seconds
[2025-02-06T18:39:41.527+0000] {processor.py:186} INFO - Started process (PID=2706) to work on /home/airflow/.local/lib/python3.12/site-packages/airflow/example_dags/example_complex.py
[2025-02-06T18:39:41.529+0000] {processor.py:914} INFO - Processing file /home/airflow/.local/lib/python3.12/site-packages/airflow/example_dags/example_complex.py for tasks to queue
[2025-02-06T18:39:41.533+0000] {logging_mixin.py:190} INFO - [2025-02-06T18:39:41.532+0000] {dagbag.py:588} INFO - Filling up the DagBag from /home/airflow/.local/lib/python3.12/site-packages/airflow/example_dags/example_complex.py
[2025-02-06T18:39:41.575+0000] {processor.py:925} INFO - DAG(s) 'example_complex' retrieved from /home/airflow/.local/lib/python3.12/site-packages/airflow/example_dags/example_complex.py
[2025-02-06T18:39:41.646+0000] {logging_mixin.py:190} INFO - [2025-02-06T18:39:41.646+0000] {dag.py:3239} INFO - Sync 1 DAGs
[2025-02-06T18:39:41.683+0000] {logging_mixin.py:190} INFO - [2025-02-06T18:39:41.682+0000] {dag.py:4180} INFO - Setting next_dagrun for example_complex to None, run_after=None
[2025-02-06T18:39:41.708+0000] {processor.py:208} INFO - Processing /home/airflow/.local/lib/python3.12/site-packages/airflow/example_dags/example_complex.py took 0.191 seconds
[2025-02-06T18:40:12.606+0000] {processor.py:186} INFO - Started process (PID=2762) to work on /home/airflow/.local/lib/python3.12/site-packages/airflow/example_dags/example_complex.py
[2025-02-06T18:40:12.607+0000] {processor.py:914} INFO - Processing file /home/airflow/.local/lib/python3.12/site-packages/airflow/example_dags/example_complex.py for tasks to queue
[2025-02-06T18:40:12.611+0000] {logging_mixin.py:190} INFO - [2025-02-06T18:40:12.610+0000] {dagbag.py:588} INFO - Filling up the DagBag from /home/airflow/.local/lib/python3.12/site-packages/airflow/example_dags/example_complex.py
[2025-02-06T18:40:12.633+0000] {processor.py:925} INFO - DAG(s) 'example_complex' retrieved from /home/airflow/.local/lib/python3.12/site-packages/airflow/example_dags/example_complex.py
[2025-02-06T18:40:12.690+0000] {logging_mixin.py:190} INFO - [2025-02-06T18:40:12.690+0000] {dag.py:3239} INFO - Sync 1 DAGs
[2025-02-06T18:40:12.714+0000] {logging_mixin.py:190} INFO - [2025-02-06T18:40:12.713+0000] {dag.py:4180} INFO - Setting next_dagrun for example_complex to None, run_after=None
[2025-02-06T18:40:12.741+0000] {processor.py:208} INFO - Processing /home/airflow/.local/lib/python3.12/site-packages/airflow/example_dags/example_complex.py took 0.145 seconds
[2025-02-06T18:40:43.133+0000] {processor.py:186} INFO - Started process (PID=2818) to work on /home/airflow/.local/lib/python3.12/site-packages/airflow/example_dags/example_complex.py
[2025-02-06T18:40:43.135+0000] {processor.py:914} INFO - Processing file /home/airflow/.local/lib/python3.12/site-packages/airflow/example_dags/example_complex.py for tasks to queue
[2025-02-06T18:40:43.139+0000] {logging_mixin.py:190} INFO - [2025-02-06T18:40:43.138+0000] {dagbag.py:588} INFO - Filling up the DagBag from /home/airflow/.local/lib/python3.12/site-packages/airflow/example_dags/example_complex.py
[2025-02-06T18:40:43.163+0000] {processor.py:925} INFO - DAG(s) 'example_complex' retrieved from /home/airflow/.local/lib/python3.12/site-packages/airflow/example_dags/example_complex.py
[2025-02-06T18:40:43.218+0000] {logging_mixin.py:190} INFO - [2025-02-06T18:40:43.217+0000] {dag.py:3239} INFO - Sync 1 DAGs
[2025-02-06T18:40:43.624+0000] {logging_mixin.py:190} INFO - [2025-02-06T18:40:43.623+0000] {dag.py:4180} INFO - Setting next_dagrun for example_complex to None, run_after=None
[2025-02-06T18:40:43.667+0000] {processor.py:208} INFO - Processing /home/airflow/.local/lib/python3.12/site-packages/airflow/example_dags/example_complex.py took 0.546 seconds
[2025-02-06T18:41:13.942+0000] {processor.py:186} INFO - Started process (PID=2875) to work on /home/airflow/.local/lib/python3.12/site-packages/airflow/example_dags/example_complex.py
[2025-02-06T18:41:13.943+0000] {processor.py:914} INFO - Processing file /home/airflow/.local/lib/python3.12/site-packages/airflow/example_dags/example_complex.py for tasks to queue
[2025-02-06T18:41:13.949+0000] {logging_mixin.py:190} INFO - [2025-02-06T18:41:13.949+0000] {dagbag.py:588} INFO - Filling up the DagBag from /home/airflow/.local/lib/python3.12/site-packages/airflow/example_dags/example_complex.py
[2025-02-06T18:41:14.035+0000] {processor.py:925} INFO - DAG(s) 'example_complex' retrieved from /home/airflow/.local/lib/python3.12/site-packages/airflow/example_dags/example_complex.py
[2025-02-06T18:41:14.147+0000] {logging_mixin.py:190} INFO - [2025-02-06T18:41:14.147+0000] {dag.py:3239} INFO - Sync 1 DAGs
[2025-02-06T18:41:14.177+0000] {logging_mixin.py:190} INFO - [2025-02-06T18:41:14.177+0000] {dag.py:4180} INFO - Setting next_dagrun for example_complex to None, run_after=None
[2025-02-06T18:41:14.220+0000] {processor.py:208} INFO - Processing /home/airflow/.local/lib/python3.12/site-packages/airflow/example_dags/example_complex.py took 0.315 seconds
[2025-02-06T18:41:44.625+0000] {processor.py:186} INFO - Started process (PID=2931) to work on /home/airflow/.local/lib/python3.12/site-packages/airflow/example_dags/example_complex.py
[2025-02-06T18:41:44.627+0000] {processor.py:914} INFO - Processing file /home/airflow/.local/lib/python3.12/site-packages/airflow/example_dags/example_complex.py for tasks to queue
[2025-02-06T18:41:44.633+0000] {logging_mixin.py:190} INFO - [2025-02-06T18:41:44.632+0000] {dagbag.py:588} INFO - Filling up the DagBag from /home/airflow/.local/lib/python3.12/site-packages/airflow/example_dags/example_complex.py
[2025-02-06T18:41:44.673+0000] {processor.py:925} INFO - DAG(s) 'example_complex' retrieved from /home/airflow/.local/lib/python3.12/site-packages/airflow/example_dags/example_complex.py
[2025-02-06T18:41:44.733+0000] {logging_mixin.py:190} INFO - [2025-02-06T18:41:44.733+0000] {dag.py:3239} INFO - Sync 1 DAGs
[2025-02-06T18:41:44.767+0000] {logging_mixin.py:190} INFO - [2025-02-06T18:41:44.766+0000] {dag.py:4180} INFO - Setting next_dagrun for example_complex to None, run_after=None
[2025-02-06T18:41:44.807+0000] {processor.py:208} INFO - Processing /home/airflow/.local/lib/python3.12/site-packages/airflow/example_dags/example_complex.py took 0.197 seconds
[2025-02-06T18:42:15.613+0000] {processor.py:186} INFO - Started process (PID=2988) to work on /home/airflow/.local/lib/python3.12/site-packages/airflow/example_dags/example_complex.py
[2025-02-06T18:42:15.615+0000] {processor.py:914} INFO - Processing file /home/airflow/.local/lib/python3.12/site-packages/airflow/example_dags/example_complex.py for tasks to queue
[2025-02-06T18:42:15.618+0000] {logging_mixin.py:190} INFO - [2025-02-06T18:42:15.618+0000] {dagbag.py:588} INFO - Filling up the DagBag from /home/airflow/.local/lib/python3.12/site-packages/airflow/example_dags/example_complex.py
[2025-02-06T18:42:15.646+0000] {processor.py:925} INFO - DAG(s) 'example_complex' retrieved from /home/airflow/.local/lib/python3.12/site-packages/airflow/example_dags/example_complex.py
[2025-02-06T18:42:15.711+0000] {logging_mixin.py:190} INFO - [2025-02-06T18:42:15.710+0000] {dag.py:3239} INFO - Sync 1 DAGs
[2025-02-06T18:42:15.749+0000] {logging_mixin.py:190} INFO - [2025-02-06T18:42:15.747+0000] {dag.py:4180} INFO - Setting next_dagrun for example_complex to None, run_after=None
[2025-02-06T18:42:15.794+0000] {processor.py:208} INFO - Processing /home/airflow/.local/lib/python3.12/site-packages/airflow/example_dags/example_complex.py took 0.191 seconds
[2025-02-06T18:42:46.090+0000] {processor.py:186} INFO - Started process (PID=3045) to work on /home/airflow/.local/lib/python3.12/site-packages/airflow/example_dags/example_complex.py
[2025-02-06T18:42:46.091+0000] {processor.py:914} INFO - Processing file /home/airflow/.local/lib/python3.12/site-packages/airflow/example_dags/example_complex.py for tasks to queue
[2025-02-06T18:42:46.094+0000] {logging_mixin.py:190} INFO - [2025-02-06T18:42:46.094+0000] {dagbag.py:588} INFO - Filling up the DagBag from /home/airflow/.local/lib/python3.12/site-packages/airflow/example_dags/example_complex.py
[2025-02-06T18:42:46.110+0000] {processor.py:925} INFO - DAG(s) 'example_complex' retrieved from /home/airflow/.local/lib/python3.12/site-packages/airflow/example_dags/example_complex.py
[2025-02-06T18:42:46.163+0000] {logging_mixin.py:190} INFO - [2025-02-06T18:42:46.163+0000] {dag.py:3239} INFO - Sync 1 DAGs
[2025-02-06T18:42:46.183+0000] {logging_mixin.py:190} INFO - [2025-02-06T18:42:46.183+0000] {dag.py:4180} INFO - Setting next_dagrun for example_complex to None, run_after=None
[2025-02-06T18:42:46.212+0000] {processor.py:208} INFO - Processing /home/airflow/.local/lib/python3.12/site-packages/airflow/example_dags/example_complex.py took 0.130 seconds
[2025-02-06T18:43:16.415+0000] {processor.py:186} INFO - Started process (PID=3102) to work on /home/airflow/.local/lib/python3.12/site-packages/airflow/example_dags/example_complex.py
[2025-02-06T18:43:16.417+0000] {processor.py:914} INFO - Processing file /home/airflow/.local/lib/python3.12/site-packages/airflow/example_dags/example_complex.py for tasks to queue
[2025-02-06T18:43:16.421+0000] {logging_mixin.py:190} INFO - [2025-02-06T18:43:16.420+0000] {dagbag.py:588} INFO - Filling up the DagBag from /home/airflow/.local/lib/python3.12/site-packages/airflow/example_dags/example_complex.py
[2025-02-06T18:43:16.444+0000] {processor.py:925} INFO - DAG(s) 'example_complex' retrieved from /home/airflow/.local/lib/python3.12/site-packages/airflow/example_dags/example_complex.py
[2025-02-06T18:43:16.507+0000] {logging_mixin.py:190} INFO - [2025-02-06T18:43:16.507+0000] {dag.py:3239} INFO - Sync 1 DAGs
[2025-02-06T18:43:16.530+0000] {logging_mixin.py:190} INFO - [2025-02-06T18:43:16.529+0000] {dag.py:4180} INFO - Setting next_dagrun for example_complex to None, run_after=None
[2025-02-06T18:43:16.561+0000] {processor.py:208} INFO - Processing /home/airflow/.local/lib/python3.12/site-packages/airflow/example_dags/example_complex.py took 0.156 seconds
[2025-02-06T18:43:46.905+0000] {processor.py:186} INFO - Started process (PID=3159) to work on /home/airflow/.local/lib/python3.12/site-packages/airflow/example_dags/example_complex.py
[2025-02-06T18:43:46.906+0000] {processor.py:914} INFO - Processing file /home/airflow/.local/lib/python3.12/site-packages/airflow/example_dags/example_complex.py for tasks to queue
[2025-02-06T18:43:46.910+0000] {logging_mixin.py:190} INFO - [2025-02-06T18:43:46.910+0000] {dagbag.py:588} INFO - Filling up the DagBag from /home/airflow/.local/lib/python3.12/site-packages/airflow/example_dags/example_complex.py
[2025-02-06T18:43:46.930+0000] {processor.py:925} INFO - DAG(s) 'example_complex' retrieved from /home/airflow/.local/lib/python3.12/site-packages/airflow/example_dags/example_complex.py
[2025-02-06T18:43:46.981+0000] {logging_mixin.py:190} INFO - [2025-02-06T18:43:46.981+0000] {dag.py:3239} INFO - Sync 1 DAGs
[2025-02-06T18:43:47.006+0000] {logging_mixin.py:190} INFO - [2025-02-06T18:43:47.006+0000] {dag.py:4180} INFO - Setting next_dagrun for example_complex to None, run_after=None
[2025-02-06T18:43:47.036+0000] {processor.py:208} INFO - Processing /home/airflow/.local/lib/python3.12/site-packages/airflow/example_dags/example_complex.py took 0.140 seconds
[2025-02-06T18:44:17.584+0000] {processor.py:186} INFO - Started process (PID=3216) to work on /home/airflow/.local/lib/python3.12/site-packages/airflow/example_dags/example_complex.py
[2025-02-06T18:44:17.586+0000] {processor.py:914} INFO - Processing file /home/airflow/.local/lib/python3.12/site-packages/airflow/example_dags/example_complex.py for tasks to queue
[2025-02-06T18:44:17.590+0000] {logging_mixin.py:190} INFO - [2025-02-06T18:44:17.589+0000] {dagbag.py:588} INFO - Filling up the DagBag from /home/airflow/.local/lib/python3.12/site-packages/airflow/example_dags/example_complex.py
[2025-02-06T18:44:17.610+0000] {processor.py:925} INFO - DAG(s) 'example_complex' retrieved from /home/airflow/.local/lib/python3.12/site-packages/airflow/example_dags/example_complex.py
[2025-02-06T18:44:17.662+0000] {logging_mixin.py:190} INFO - [2025-02-06T18:44:17.662+0000] {dag.py:3239} INFO - Sync 1 DAGs
[2025-02-06T18:44:17.682+0000] {logging_mixin.py:190} INFO - [2025-02-06T18:44:17.682+0000] {dag.py:4180} INFO - Setting next_dagrun for example_complex to None, run_after=None
[2025-02-06T18:44:17.709+0000] {processor.py:208} INFO - Processing /home/airflow/.local/lib/python3.12/site-packages/airflow/example_dags/example_complex.py took 0.135 seconds
[2025-02-06T18:44:48.120+0000] {processor.py:186} INFO - Started process (PID=3273) to work on /home/airflow/.local/lib/python3.12/site-packages/airflow/example_dags/example_complex.py
[2025-02-06T18:44:48.121+0000] {processor.py:914} INFO - Processing file /home/airflow/.local/lib/python3.12/site-packages/airflow/example_dags/example_complex.py for tasks to queue
[2025-02-06T18:44:48.126+0000] {logging_mixin.py:190} INFO - [2025-02-06T18:44:48.125+0000] {dagbag.py:588} INFO - Filling up the DagBag from /home/airflow/.local/lib/python3.12/site-packages/airflow/example_dags/example_complex.py
[2025-02-06T18:44:48.149+0000] {processor.py:925} INFO - DAG(s) 'example_complex' retrieved from /home/airflow/.local/lib/python3.12/site-packages/airflow/example_dags/example_complex.py
[2025-02-06T18:44:48.218+0000] {logging_mixin.py:190} INFO - [2025-02-06T18:44:48.217+0000] {dag.py:3239} INFO - Sync 1 DAGs
[2025-02-06T18:44:48.253+0000] {logging_mixin.py:190} INFO - [2025-02-06T18:44:48.253+0000] {dag.py:4180} INFO - Setting next_dagrun for example_complex to None, run_after=None
[2025-02-06T18:44:48.291+0000] {processor.py:208} INFO - Processing /home/airflow/.local/lib/python3.12/site-packages/airflow/example_dags/example_complex.py took 0.181 seconds
[2025-02-06T18:45:18.802+0000] {processor.py:186} INFO - Started process (PID=3330) to work on /home/airflow/.local/lib/python3.12/site-packages/airflow/example_dags/example_complex.py
[2025-02-06T18:45:18.804+0000] {processor.py:914} INFO - Processing file /home/airflow/.local/lib/python3.12/site-packages/airflow/example_dags/example_complex.py for tasks to queue
[2025-02-06T18:45:18.807+0000] {logging_mixin.py:190} INFO - [2025-02-06T18:45:18.807+0000] {dagbag.py:588} INFO - Filling up the DagBag from /home/airflow/.local/lib/python3.12/site-packages/airflow/example_dags/example_complex.py
[2025-02-06T18:45:18.839+0000] {processor.py:925} INFO - DAG(s) 'example_complex' retrieved from /home/airflow/.local/lib/python3.12/site-packages/airflow/example_dags/example_complex.py
[2025-02-06T18:45:18.903+0000] {logging_mixin.py:190} INFO - [2025-02-06T18:45:18.902+0000] {dag.py:3239} INFO - Sync 1 DAGs
[2025-02-06T18:45:18.938+0000] {logging_mixin.py:190} INFO - [2025-02-06T18:45:18.938+0000] {dag.py:4180} INFO - Setting next_dagrun for example_complex to None, run_after=None
[2025-02-06T18:45:19.002+0000] {processor.py:208} INFO - Processing /home/airflow/.local/lib/python3.12/site-packages/airflow/example_dags/example_complex.py took 0.211 seconds
[2025-02-06T18:45:50.592+0000] {processor.py:186} INFO - Started process (PID=3387) to work on /home/airflow/.local/lib/python3.12/site-packages/airflow/example_dags/example_complex.py
[2025-02-06T18:45:50.595+0000] {processor.py:914} INFO - Processing file /home/airflow/.local/lib/python3.12/site-packages/airflow/example_dags/example_complex.py for tasks to queue
[2025-02-06T18:45:50.601+0000] {logging_mixin.py:190} INFO - [2025-02-06T18:45:50.600+0000] {dagbag.py:588} INFO - Filling up the DagBag from /home/airflow/.local/lib/python3.12/site-packages/airflow/example_dags/example_complex.py
[2025-02-06T18:45:50.634+0000] {processor.py:925} INFO - DAG(s) 'example_complex' retrieved from /home/airflow/.local/lib/python3.12/site-packages/airflow/example_dags/example_complex.py
[2025-02-06T18:45:50.739+0000] {logging_mixin.py:190} INFO - [2025-02-06T18:45:50.738+0000] {dag.py:3239} INFO - Sync 1 DAGs
[2025-02-06T18:45:50.776+0000] {logging_mixin.py:190} INFO - [2025-02-06T18:45:50.776+0000] {dag.py:4180} INFO - Setting next_dagrun for example_complex to None, run_after=None
[2025-02-06T18:45:50.833+0000] {processor.py:208} INFO - Processing /home/airflow/.local/lib/python3.12/site-packages/airflow/example_dags/example_complex.py took 0.255 seconds
[2025-02-06T18:46:21.360+0000] {processor.py:186} INFO - Started process (PID=3444) to work on /home/airflow/.local/lib/python3.12/site-packages/airflow/example_dags/example_complex.py
[2025-02-06T18:46:21.362+0000] {processor.py:914} INFO - Processing file /home/airflow/.local/lib/python3.12/site-packages/airflow/example_dags/example_complex.py for tasks to queue
[2025-02-06T18:46:21.366+0000] {logging_mixin.py:190} INFO - [2025-02-06T18:46:21.365+0000] {dagbag.py:588} INFO - Filling up the DagBag from /home/airflow/.local/lib/python3.12/site-packages/airflow/example_dags/example_complex.py
[2025-02-06T18:46:21.386+0000] {processor.py:925} INFO - DAG(s) 'example_complex' retrieved from /home/airflow/.local/lib/python3.12/site-packages/airflow/example_dags/example_complex.py
[2025-02-06T18:46:21.437+0000] {logging_mixin.py:190} INFO - [2025-02-06T18:46:21.436+0000] {dag.py:3239} INFO - Sync 1 DAGs
[2025-02-06T18:46:21.458+0000] {logging_mixin.py:190} INFO - [2025-02-06T18:46:21.458+0000] {dag.py:4180} INFO - Setting next_dagrun for example_complex to None, run_after=None
[2025-02-06T18:46:21.485+0000] {processor.py:208} INFO - Processing /home/airflow/.local/lib/python3.12/site-packages/airflow/example_dags/example_complex.py took 0.135 seconds
[2025-02-06T18:46:52.261+0000] {processor.py:186} INFO - Started process (PID=3501) to work on /home/airflow/.local/lib/python3.12/site-packages/airflow/example_dags/example_complex.py
[2025-02-06T18:46:52.264+0000] {processor.py:914} INFO - Processing file /home/airflow/.local/lib/python3.12/site-packages/airflow/example_dags/example_complex.py for tasks to queue
[2025-02-06T18:46:52.270+0000] {logging_mixin.py:190} INFO - [2025-02-06T18:46:52.269+0000] {dagbag.py:588} INFO - Filling up the DagBag from /home/airflow/.local/lib/python3.12/site-packages/airflow/example_dags/example_complex.py
[2025-02-06T18:46:52.298+0000] {processor.py:925} INFO - DAG(s) 'example_complex' retrieved from /home/airflow/.local/lib/python3.12/site-packages/airflow/example_dags/example_complex.py
[2025-02-06T18:46:52.366+0000] {logging_mixin.py:190} INFO - [2025-02-06T18:46:52.365+0000] {dag.py:3239} INFO - Sync 1 DAGs
[2025-02-06T18:46:52.393+0000] {logging_mixin.py:190} INFO - [2025-02-06T18:46:52.393+0000] {dag.py:4180} INFO - Setting next_dagrun for example_complex to None, run_after=None
[2025-02-06T18:46:52.432+0000] {processor.py:208} INFO - Processing /home/airflow/.local/lib/python3.12/site-packages/airflow/example_dags/example_complex.py took 0.184 seconds
[2025-02-06T18:47:22.539+0000] {processor.py:186} INFO - Started process (PID=3556) to work on /home/airflow/.local/lib/python3.12/site-packages/airflow/example_dags/example_complex.py
[2025-02-06T18:47:22.540+0000] {processor.py:914} INFO - Processing file /home/airflow/.local/lib/python3.12/site-packages/airflow/example_dags/example_complex.py for tasks to queue
[2025-02-06T18:47:22.544+0000] {logging_mixin.py:190} INFO - [2025-02-06T18:47:22.543+0000] {dagbag.py:588} INFO - Filling up the DagBag from /home/airflow/.local/lib/python3.12/site-packages/airflow/example_dags/example_complex.py
[2025-02-06T18:47:22.569+0000] {processor.py:925} INFO - DAG(s) 'example_complex' retrieved from /home/airflow/.local/lib/python3.12/site-packages/airflow/example_dags/example_complex.py
[2025-02-06T18:47:22.621+0000] {logging_mixin.py:190} INFO - [2025-02-06T18:47:22.621+0000] {dag.py:3239} INFO - Sync 1 DAGs
[2025-02-06T18:47:22.644+0000] {logging_mixin.py:190} INFO - [2025-02-06T18:47:22.644+0000] {dag.py:4180} INFO - Setting next_dagrun for example_complex to None, run_after=None
[2025-02-06T18:47:22.669+0000] {processor.py:208} INFO - Processing /home/airflow/.local/lib/python3.12/site-packages/airflow/example_dags/example_complex.py took 0.139 seconds
[2025-02-06T18:47:53.002+0000] {processor.py:186} INFO - Started process (PID=3613) to work on /home/airflow/.local/lib/python3.12/site-packages/airflow/example_dags/example_complex.py
[2025-02-06T18:47:53.003+0000] {processor.py:914} INFO - Processing file /home/airflow/.local/lib/python3.12/site-packages/airflow/example_dags/example_complex.py for tasks to queue
[2025-02-06T18:47:53.007+0000] {logging_mixin.py:190} INFO - [2025-02-06T18:47:53.007+0000] {dagbag.py:588} INFO - Filling up the DagBag from /home/airflow/.local/lib/python3.12/site-packages/airflow/example_dags/example_complex.py
[2025-02-06T18:47:53.025+0000] {processor.py:925} INFO - DAG(s) 'example_complex' retrieved from /home/airflow/.local/lib/python3.12/site-packages/airflow/example_dags/example_complex.py
[2025-02-06T18:47:53.069+0000] {logging_mixin.py:190} INFO - [2025-02-06T18:47:53.069+0000] {dag.py:3239} INFO - Sync 1 DAGs
[2025-02-06T18:47:53.092+0000] {logging_mixin.py:190} INFO - [2025-02-06T18:47:53.091+0000] {dag.py:4180} INFO - Setting next_dagrun for example_complex to None, run_after=None
[2025-02-06T18:47:53.124+0000] {processor.py:208} INFO - Processing /home/airflow/.local/lib/python3.12/site-packages/airflow/example_dags/example_complex.py took 0.129 seconds
[2025-02-06T18:48:23.488+0000] {processor.py:186} INFO - Started process (PID=3670) to work on /home/airflow/.local/lib/python3.12/site-packages/airflow/example_dags/example_complex.py
[2025-02-06T18:48:23.489+0000] {processor.py:914} INFO - Processing file /home/airflow/.local/lib/python3.12/site-packages/airflow/example_dags/example_complex.py for tasks to queue
[2025-02-06T18:48:23.493+0000] {logging_mixin.py:190} INFO - [2025-02-06T18:48:23.492+0000] {dagbag.py:588} INFO - Filling up the DagBag from /home/airflow/.local/lib/python3.12/site-packages/airflow/example_dags/example_complex.py
[2025-02-06T18:48:23.510+0000] {processor.py:925} INFO - DAG(s) 'example_complex' retrieved from /home/airflow/.local/lib/python3.12/site-packages/airflow/example_dags/example_complex.py
[2025-02-06T18:48:23.561+0000] {logging_mixin.py:190} INFO - [2025-02-06T18:48:23.560+0000] {dag.py:3239} INFO - Sync 1 DAGs
[2025-02-06T18:48:23.592+0000] {logging_mixin.py:190} INFO - [2025-02-06T18:48:23.592+0000] {dag.py:4180} INFO - Setting next_dagrun for example_complex to None, run_after=None
[2025-02-06T18:48:23.630+0000] {processor.py:208} INFO - Processing /home/airflow/.local/lib/python3.12/site-packages/airflow/example_dags/example_complex.py took 0.149 seconds
[2025-02-06T18:48:53.857+0000] {processor.py:186} INFO - Started process (PID=3727) to work on /home/airflow/.local/lib/python3.12/site-packages/airflow/example_dags/example_complex.py
[2025-02-06T18:48:53.858+0000] {processor.py:914} INFO - Processing file /home/airflow/.local/lib/python3.12/site-packages/airflow/example_dags/example_complex.py for tasks to queue
[2025-02-06T18:48:53.861+0000] {logging_mixin.py:190} INFO - [2025-02-06T18:48:53.861+0000] {dagbag.py:588} INFO - Filling up the DagBag from /home/airflow/.local/lib/python3.12/site-packages/airflow/example_dags/example_complex.py
[2025-02-06T18:48:53.880+0000] {processor.py:925} INFO - DAG(s) 'example_complex' retrieved from /home/airflow/.local/lib/python3.12/site-packages/airflow/example_dags/example_complex.py
[2025-02-06T18:48:53.927+0000] {logging_mixin.py:190} INFO - [2025-02-06T18:48:53.926+0000] {dag.py:3239} INFO - Sync 1 DAGs
[2025-02-06T18:48:53.952+0000] {logging_mixin.py:190} INFO - [2025-02-06T18:48:53.952+0000] {dag.py:4180} INFO - Setting next_dagrun for example_complex to None, run_after=None
[2025-02-06T18:48:53.979+0000] {processor.py:208} INFO - Processing /home/airflow/.local/lib/python3.12/site-packages/airflow/example_dags/example_complex.py took 0.129 seconds
[2025-02-06T18:49:24.288+0000] {processor.py:186} INFO - Started process (PID=3784) to work on /home/airflow/.local/lib/python3.12/site-packages/airflow/example_dags/example_complex.py
[2025-02-06T18:49:24.290+0000] {processor.py:914} INFO - Processing file /home/airflow/.local/lib/python3.12/site-packages/airflow/example_dags/example_complex.py for tasks to queue
[2025-02-06T18:49:24.294+0000] {logging_mixin.py:190} INFO - [2025-02-06T18:49:24.293+0000] {dagbag.py:588} INFO - Filling up the DagBag from /home/airflow/.local/lib/python3.12/site-packages/airflow/example_dags/example_complex.py
[2025-02-06T18:49:24.313+0000] {processor.py:925} INFO - DAG(s) 'example_complex' retrieved from /home/airflow/.local/lib/python3.12/site-packages/airflow/example_dags/example_complex.py
[2025-02-06T18:49:24.361+0000] {logging_mixin.py:190} INFO - [2025-02-06T18:49:24.360+0000] {dag.py:3239} INFO - Sync 1 DAGs
[2025-02-06T18:49:24.384+0000] {logging_mixin.py:190} INFO - [2025-02-06T18:49:24.384+0000] {dag.py:4180} INFO - Setting next_dagrun for example_complex to None, run_after=None
[2025-02-06T18:49:24.416+0000] {processor.py:208} INFO - Processing /home/airflow/.local/lib/python3.12/site-packages/airflow/example_dags/example_complex.py took 0.139 seconds
[2025-02-06T18:49:55.037+0000] {processor.py:186} INFO - Started process (PID=3841) to work on /home/airflow/.local/lib/python3.12/site-packages/airflow/example_dags/example_complex.py
[2025-02-06T18:49:55.039+0000] {processor.py:914} INFO - Processing file /home/airflow/.local/lib/python3.12/site-packages/airflow/example_dags/example_complex.py for tasks to queue
[2025-02-06T18:49:55.042+0000] {logging_mixin.py:190} INFO - [2025-02-06T18:49:55.041+0000] {dagbag.py:588} INFO - Filling up the DagBag from /home/airflow/.local/lib/python3.12/site-packages/airflow/example_dags/example_complex.py
[2025-02-06T18:49:55.063+0000] {processor.py:925} INFO - DAG(s) 'example_complex' retrieved from /home/airflow/.local/lib/python3.12/site-packages/airflow/example_dags/example_complex.py
[2025-02-06T18:49:55.116+0000] {logging_mixin.py:190} INFO - [2025-02-06T18:49:55.115+0000] {dag.py:3239} INFO - Sync 1 DAGs
[2025-02-06T18:49:55.139+0000] {logging_mixin.py:190} INFO - [2025-02-06T18:49:55.138+0000] {dag.py:4180} INFO - Setting next_dagrun for example_complex to None, run_after=None
[2025-02-06T18:49:55.171+0000] {processor.py:208} INFO - Processing /home/airflow/.local/lib/python3.12/site-packages/airflow/example_dags/example_complex.py took 0.144 seconds
[2025-02-06T18:50:25.788+0000] {processor.py:186} INFO - Started process (PID=3898) to work on /home/airflow/.local/lib/python3.12/site-packages/airflow/example_dags/example_complex.py
[2025-02-06T18:50:25.790+0000] {processor.py:914} INFO - Processing file /home/airflow/.local/lib/python3.12/site-packages/airflow/example_dags/example_complex.py for tasks to queue
[2025-02-06T18:50:25.793+0000] {logging_mixin.py:190} INFO - [2025-02-06T18:50:25.792+0000] {dagbag.py:588} INFO - Filling up the DagBag from /home/airflow/.local/lib/python3.12/site-packages/airflow/example_dags/example_complex.py
[2025-02-06T18:50:25.811+0000] {processor.py:925} INFO - DAG(s) 'example_complex' retrieved from /home/airflow/.local/lib/python3.12/site-packages/airflow/example_dags/example_complex.py
[2025-02-06T18:50:25.854+0000] {logging_mixin.py:190} INFO - [2025-02-06T18:50:25.854+0000] {dag.py:3239} INFO - Sync 1 DAGs
[2025-02-06T18:50:25.877+0000] {logging_mixin.py:190} INFO - [2025-02-06T18:50:25.876+0000] {dag.py:4180} INFO - Setting next_dagrun for example_complex to None, run_after=None
[2025-02-06T18:50:25.903+0000] {processor.py:208} INFO - Processing /home/airflow/.local/lib/python3.12/site-packages/airflow/example_dags/example_complex.py took 0.122 seconds
[2025-02-06T18:50:56.104+0000] {processor.py:186} INFO - Started process (PID=3955) to work on /home/airflow/.local/lib/python3.12/site-packages/airflow/example_dags/example_complex.py
[2025-02-06T18:50:56.105+0000] {processor.py:914} INFO - Processing file /home/airflow/.local/lib/python3.12/site-packages/airflow/example_dags/example_complex.py for tasks to queue
[2025-02-06T18:50:56.109+0000] {logging_mixin.py:190} INFO - [2025-02-06T18:50:56.109+0000] {dagbag.py:588} INFO - Filling up the DagBag from /home/airflow/.local/lib/python3.12/site-packages/airflow/example_dags/example_complex.py
[2025-02-06T18:50:56.133+0000] {processor.py:925} INFO - DAG(s) 'example_complex' retrieved from /home/airflow/.local/lib/python3.12/site-packages/airflow/example_dags/example_complex.py
[2025-02-06T18:50:56.190+0000] {logging_mixin.py:190} INFO - [2025-02-06T18:50:56.189+0000] {dag.py:3239} INFO - Sync 1 DAGs
[2025-02-06T18:50:56.215+0000] {logging_mixin.py:190} INFO - [2025-02-06T18:50:56.215+0000] {dag.py:4180} INFO - Setting next_dagrun for example_complex to None, run_after=None
[2025-02-06T18:50:56.246+0000] {processor.py:208} INFO - Processing /home/airflow/.local/lib/python3.12/site-packages/airflow/example_dags/example_complex.py took 0.150 seconds
[2025-02-06T18:51:26.425+0000] {processor.py:186} INFO - Started process (PID=4012) to work on /home/airflow/.local/lib/python3.12/site-packages/airflow/example_dags/example_complex.py
[2025-02-06T18:51:26.427+0000] {processor.py:914} INFO - Processing file /home/airflow/.local/lib/python3.12/site-packages/airflow/example_dags/example_complex.py for tasks to queue
[2025-02-06T18:51:26.431+0000] {logging_mixin.py:190} INFO - [2025-02-06T18:51:26.430+0000] {dagbag.py:588} INFO - Filling up the DagBag from /home/airflow/.local/lib/python3.12/site-packages/airflow/example_dags/example_complex.py
[2025-02-06T18:51:26.453+0000] {processor.py:925} INFO - DAG(s) 'example_complex' retrieved from /home/airflow/.local/lib/python3.12/site-packages/airflow/example_dags/example_complex.py
[2025-02-06T18:51:26.509+0000] {logging_mixin.py:190} INFO - [2025-02-06T18:51:26.509+0000] {dag.py:3239} INFO - Sync 1 DAGs
[2025-02-06T18:51:26.539+0000] {logging_mixin.py:190} INFO - [2025-02-06T18:51:26.538+0000] {dag.py:4180} INFO - Setting next_dagrun for example_complex to None, run_after=None
[2025-02-06T18:51:26.585+0000] {processor.py:208} INFO - Processing /home/airflow/.local/lib/python3.12/site-packages/airflow/example_dags/example_complex.py took 0.172 seconds
[2025-02-06T18:51:56.875+0000] {processor.py:186} INFO - Started process (PID=4069) to work on /home/airflow/.local/lib/python3.12/site-packages/airflow/example_dags/example_complex.py
[2025-02-06T18:51:56.877+0000] {processor.py:914} INFO - Processing file /home/airflow/.local/lib/python3.12/site-packages/airflow/example_dags/example_complex.py for tasks to queue
[2025-02-06T18:51:56.880+0000] {logging_mixin.py:190} INFO - [2025-02-06T18:51:56.879+0000] {dagbag.py:588} INFO - Filling up the DagBag from /home/airflow/.local/lib/python3.12/site-packages/airflow/example_dags/example_complex.py
[2025-02-06T18:51:56.898+0000] {processor.py:925} INFO - DAG(s) 'example_complex' retrieved from /home/airflow/.local/lib/python3.12/site-packages/airflow/example_dags/example_complex.py
[2025-02-06T18:51:56.950+0000] {logging_mixin.py:190} INFO - [2025-02-06T18:51:56.950+0000] {dag.py:3239} INFO - Sync 1 DAGs
[2025-02-06T18:51:56.972+0000] {logging_mixin.py:190} INFO - [2025-02-06T18:51:56.972+0000] {dag.py:4180} INFO - Setting next_dagrun for example_complex to None, run_after=None
[2025-02-06T18:51:56.997+0000] {processor.py:208} INFO - Processing /home/airflow/.local/lib/python3.12/site-packages/airflow/example_dags/example_complex.py took 0.130 seconds
[2025-02-06T18:52:27.906+0000] {processor.py:186} INFO - Started process (PID=4126) to work on /home/airflow/.local/lib/python3.12/site-packages/airflow/example_dags/example_complex.py
[2025-02-06T18:52:27.908+0000] {processor.py:914} INFO - Processing file /home/airflow/.local/lib/python3.12/site-packages/airflow/example_dags/example_complex.py for tasks to queue
[2025-02-06T18:52:27.913+0000] {logging_mixin.py:190} INFO - [2025-02-06T18:52:27.912+0000] {dagbag.py:588} INFO - Filling up the DagBag from /home/airflow/.local/lib/python3.12/site-packages/airflow/example_dags/example_complex.py
[2025-02-06T18:52:27.934+0000] {processor.py:925} INFO - DAG(s) 'example_complex' retrieved from /home/airflow/.local/lib/python3.12/site-packages/airflow/example_dags/example_complex.py
[2025-02-06T18:52:27.987+0000] {logging_mixin.py:190} INFO - [2025-02-06T18:52:27.987+0000] {dag.py:3239} INFO - Sync 1 DAGs
[2025-02-06T18:52:28.013+0000] {logging_mixin.py:190} INFO - [2025-02-06T18:52:28.013+0000] {dag.py:4180} INFO - Setting next_dagrun for example_complex to None, run_after=None
[2025-02-06T18:52:28.041+0000] {processor.py:208} INFO - Processing /home/airflow/.local/lib/python3.12/site-packages/airflow/example_dags/example_complex.py took 0.156 seconds
[2025-02-06T18:52:58.965+0000] {processor.py:186} INFO - Started process (PID=4183) to work on /home/airflow/.local/lib/python3.12/site-packages/airflow/example_dags/example_complex.py
[2025-02-06T18:52:58.967+0000] {processor.py:914} INFO - Processing file /home/airflow/.local/lib/python3.12/site-packages/airflow/example_dags/example_complex.py for tasks to queue
[2025-02-06T18:52:58.974+0000] {logging_mixin.py:190} INFO - [2025-02-06T18:52:58.973+0000] {dagbag.py:588} INFO - Filling up the DagBag from /home/airflow/.local/lib/python3.12/site-packages/airflow/example_dags/example_complex.py
[2025-02-06T18:52:59.005+0000] {processor.py:925} INFO - DAG(s) 'example_complex' retrieved from /home/airflow/.local/lib/python3.12/site-packages/airflow/example_dags/example_complex.py
[2025-02-06T18:52:59.093+0000] {logging_mixin.py:190} INFO - [2025-02-06T18:52:59.093+0000] {dag.py:3239} INFO - Sync 1 DAGs
[2025-02-06T18:52:59.128+0000] {logging_mixin.py:190} INFO - [2025-02-06T18:52:59.127+0000] {dag.py:4180} INFO - Setting next_dagrun for example_complex to None, run_after=None
[2025-02-06T18:52:59.169+0000] {processor.py:208} INFO - Processing /home/airflow/.local/lib/python3.12/site-packages/airflow/example_dags/example_complex.py took 0.216 seconds
[2025-02-06T18:53:30.014+0000] {processor.py:186} INFO - Started process (PID=4240) to work on /home/airflow/.local/lib/python3.12/site-packages/airflow/example_dags/example_complex.py
[2025-02-06T18:53:30.016+0000] {processor.py:914} INFO - Processing file /home/airflow/.local/lib/python3.12/site-packages/airflow/example_dags/example_complex.py for tasks to queue
[2025-02-06T18:53:30.023+0000] {logging_mixin.py:190} INFO - [2025-02-06T18:53:30.021+0000] {dagbag.py:588} INFO - Filling up the DagBag from /home/airflow/.local/lib/python3.12/site-packages/airflow/example_dags/example_complex.py
[2025-02-06T18:53:30.057+0000] {processor.py:925} INFO - DAG(s) 'example_complex' retrieved from /home/airflow/.local/lib/python3.12/site-packages/airflow/example_dags/example_complex.py
[2025-02-06T18:53:30.162+0000] {logging_mixin.py:190} INFO - [2025-02-06T18:53:30.162+0000] {dag.py:3239} INFO - Sync 1 DAGs
[2025-02-06T18:53:30.190+0000] {logging_mixin.py:190} INFO - [2025-02-06T18:53:30.190+0000] {dag.py:4180} INFO - Setting next_dagrun for example_complex to None, run_after=None
[2025-02-06T18:53:30.241+0000] {processor.py:208} INFO - Processing /home/airflow/.local/lib/python3.12/site-packages/airflow/example_dags/example_complex.py took 0.238 seconds
[2025-02-06T18:54:00.322+0000] {processor.py:186} INFO - Started process (PID=4297) to work on /home/airflow/.local/lib/python3.12/site-packages/airflow/example_dags/example_complex.py
[2025-02-06T18:54:00.323+0000] {processor.py:914} INFO - Processing file /home/airflow/.local/lib/python3.12/site-packages/airflow/example_dags/example_complex.py for tasks to queue
[2025-02-06T18:54:00.327+0000] {logging_mixin.py:190} INFO - [2025-02-06T18:54:00.327+0000] {dagbag.py:588} INFO - Filling up the DagBag from /home/airflow/.local/lib/python3.12/site-packages/airflow/example_dags/example_complex.py
[2025-02-06T18:54:00.345+0000] {processor.py:925} INFO - DAG(s) 'example_complex' retrieved from /home/airflow/.local/lib/python3.12/site-packages/airflow/example_dags/example_complex.py
[2025-02-06T18:54:00.394+0000] {logging_mixin.py:190} INFO - [2025-02-06T18:54:00.393+0000] {dag.py:3239} INFO - Sync 1 DAGs
[2025-02-06T18:54:00.419+0000] {logging_mixin.py:190} INFO - [2025-02-06T18:54:00.419+0000] {dag.py:4180} INFO - Setting next_dagrun for example_complex to None, run_after=None
[2025-02-06T18:54:00.455+0000] {processor.py:208} INFO - Processing /home/airflow/.local/lib/python3.12/site-packages/airflow/example_dags/example_complex.py took 0.143 seconds
[2025-02-06T18:54:30.709+0000] {processor.py:186} INFO - Started process (PID=4353) to work on /home/airflow/.local/lib/python3.12/site-packages/airflow/example_dags/example_complex.py
[2025-02-06T18:54:30.711+0000] {processor.py:914} INFO - Processing file /home/airflow/.local/lib/python3.12/site-packages/airflow/example_dags/example_complex.py for tasks to queue
[2025-02-06T18:54:30.716+0000] {logging_mixin.py:190} INFO - [2025-02-06T18:54:30.715+0000] {dagbag.py:588} INFO - Filling up the DagBag from /home/airflow/.local/lib/python3.12/site-packages/airflow/example_dags/example_complex.py
[2025-02-06T18:54:30.742+0000] {processor.py:925} INFO - DAG(s) 'example_complex' retrieved from /home/airflow/.local/lib/python3.12/site-packages/airflow/example_dags/example_complex.py
[2025-02-06T18:54:30.822+0000] {logging_mixin.py:190} INFO - [2025-02-06T18:54:30.822+0000] {dag.py:3239} INFO - Sync 1 DAGs
[2025-02-06T18:54:30.848+0000] {logging_mixin.py:190} INFO - [2025-02-06T18:54:30.847+0000] {dag.py:4180} INFO - Setting next_dagrun for example_complex to None, run_after=None
[2025-02-06T18:54:30.878+0000] {processor.py:208} INFO - Processing /home/airflow/.local/lib/python3.12/site-packages/airflow/example_dags/example_complex.py took 0.182 seconds
[2025-02-06T18:55:01.067+0000] {processor.py:186} INFO - Started process (PID=4409) to work on /home/airflow/.local/lib/python3.12/site-packages/airflow/example_dags/example_complex.py
[2025-02-06T18:55:01.068+0000] {processor.py:914} INFO - Processing file /home/airflow/.local/lib/python3.12/site-packages/airflow/example_dags/example_complex.py for tasks to queue
[2025-02-06T18:55:01.072+0000] {logging_mixin.py:190} INFO - [2025-02-06T18:55:01.072+0000] {dagbag.py:588} INFO - Filling up the DagBag from /home/airflow/.local/lib/python3.12/site-packages/airflow/example_dags/example_complex.py
[2025-02-06T18:55:01.092+0000] {processor.py:925} INFO - DAG(s) 'example_complex' retrieved from /home/airflow/.local/lib/python3.12/site-packages/airflow/example_dags/example_complex.py
[2025-02-06T18:55:01.169+0000] {logging_mixin.py:190} INFO - [2025-02-06T18:55:01.168+0000] {dag.py:3239} INFO - Sync 1 DAGs
[2025-02-06T18:55:01.202+0000] {logging_mixin.py:190} INFO - [2025-02-06T18:55:01.201+0000] {dag.py:4180} INFO - Setting next_dagrun for example_complex to None, run_after=None
[2025-02-06T18:55:01.246+0000] {processor.py:208} INFO - Processing /home/airflow/.local/lib/python3.12/site-packages/airflow/example_dags/example_complex.py took 0.189 seconds
[2025-02-06T18:55:31.873+0000] {processor.py:186} INFO - Started process (PID=4465) to work on /home/airflow/.local/lib/python3.12/site-packages/airflow/example_dags/example_complex.py
[2025-02-06T18:55:31.874+0000] {processor.py:914} INFO - Processing file /home/airflow/.local/lib/python3.12/site-packages/airflow/example_dags/example_complex.py for tasks to queue
[2025-02-06T18:55:31.879+0000] {logging_mixin.py:190} INFO - [2025-02-06T18:55:31.878+0000] {dagbag.py:588} INFO - Filling up the DagBag from /home/airflow/.local/lib/python3.12/site-packages/airflow/example_dags/example_complex.py
[2025-02-06T18:55:31.899+0000] {processor.py:925} INFO - DAG(s) 'example_complex' retrieved from /home/airflow/.local/lib/python3.12/site-packages/airflow/example_dags/example_complex.py
[2025-02-06T18:55:31.955+0000] {logging_mixin.py:190} INFO - [2025-02-06T18:55:31.955+0000] {dag.py:3239} INFO - Sync 1 DAGs
[2025-02-06T18:55:31.976+0000] {logging_mixin.py:190} INFO - [2025-02-06T18:55:31.976+0000] {dag.py:4180} INFO - Setting next_dagrun for example_complex to None, run_after=None
[2025-02-06T18:55:32.008+0000] {processor.py:208} INFO - Processing /home/airflow/.local/lib/python3.12/site-packages/airflow/example_dags/example_complex.py took 0.149 seconds
[2025-02-06T18:56:02.381+0000] {processor.py:186} INFO - Started process (PID=4522) to work on /home/airflow/.local/lib/python3.12/site-packages/airflow/example_dags/example_complex.py
[2025-02-06T18:56:02.382+0000] {processor.py:914} INFO - Processing file /home/airflow/.local/lib/python3.12/site-packages/airflow/example_dags/example_complex.py for tasks to queue
[2025-02-06T18:56:02.387+0000] {logging_mixin.py:190} INFO - [2025-02-06T18:56:02.386+0000] {dagbag.py:588} INFO - Filling up the DagBag from /home/airflow/.local/lib/python3.12/site-packages/airflow/example_dags/example_complex.py
[2025-02-06T18:56:02.407+0000] {processor.py:925} INFO - DAG(s) 'example_complex' retrieved from /home/airflow/.local/lib/python3.12/site-packages/airflow/example_dags/example_complex.py
[2025-02-06T18:56:02.455+0000] {logging_mixin.py:190} INFO - [2025-02-06T18:56:02.454+0000] {dag.py:3239} INFO - Sync 1 DAGs
[2025-02-06T18:56:02.479+0000] {logging_mixin.py:190} INFO - [2025-02-06T18:56:02.479+0000] {dag.py:4180} INFO - Setting next_dagrun for example_complex to None, run_after=None
[2025-02-06T18:56:02.514+0000] {processor.py:208} INFO - Processing /home/airflow/.local/lib/python3.12/site-packages/airflow/example_dags/example_complex.py took 0.142 seconds
[2025-02-06T18:56:32.858+0000] {processor.py:186} INFO - Started process (PID=4578) to work on /home/airflow/.local/lib/python3.12/site-packages/airflow/example_dags/example_complex.py
[2025-02-06T18:56:32.860+0000] {processor.py:914} INFO - Processing file /home/airflow/.local/lib/python3.12/site-packages/airflow/example_dags/example_complex.py for tasks to queue
[2025-02-06T18:56:32.866+0000] {logging_mixin.py:190} INFO - [2025-02-06T18:56:32.865+0000] {dagbag.py:588} INFO - Filling up the DagBag from /home/airflow/.local/lib/python3.12/site-packages/airflow/example_dags/example_complex.py
[2025-02-06T18:56:32.902+0000] {processor.py:925} INFO - DAG(s) 'example_complex' retrieved from /home/airflow/.local/lib/python3.12/site-packages/airflow/example_dags/example_complex.py
[2025-02-06T18:56:32.966+0000] {logging_mixin.py:190} INFO - [2025-02-06T18:56:32.965+0000] {dag.py:3239} INFO - Sync 1 DAGs
[2025-02-06T18:56:33.001+0000] {logging_mixin.py:190} INFO - [2025-02-06T18:56:33.001+0000] {dag.py:4180} INFO - Setting next_dagrun for example_complex to None, run_after=None
[2025-02-06T18:56:33.059+0000] {processor.py:208} INFO - Processing /home/airflow/.local/lib/python3.12/site-packages/airflow/example_dags/example_complex.py took 0.218 seconds
[2025-02-06T18:57:03.663+0000] {processor.py:186} INFO - Started process (PID=4635) to work on /home/airflow/.local/lib/python3.12/site-packages/airflow/example_dags/example_complex.py
[2025-02-06T18:57:03.664+0000] {processor.py:914} INFO - Processing file /home/airflow/.local/lib/python3.12/site-packages/airflow/example_dags/example_complex.py for tasks to queue
[2025-02-06T18:57:03.667+0000] {logging_mixin.py:190} INFO - [2025-02-06T18:57:03.667+0000] {dagbag.py:588} INFO - Filling up the DagBag from /home/airflow/.local/lib/python3.12/site-packages/airflow/example_dags/example_complex.py
[2025-02-06T18:57:03.686+0000] {processor.py:925} INFO - DAG(s) 'example_complex' retrieved from /home/airflow/.local/lib/python3.12/site-packages/airflow/example_dags/example_complex.py
[2025-02-06T18:57:03.753+0000] {logging_mixin.py:190} INFO - [2025-02-06T18:57:03.752+0000] {dag.py:3239} INFO - Sync 1 DAGs
[2025-02-06T18:57:03.777+0000] {logging_mixin.py:190} INFO - [2025-02-06T18:57:03.777+0000] {dag.py:4180} INFO - Setting next_dagrun for example_complex to None, run_after=None
[2025-02-06T18:57:03.807+0000] {processor.py:208} INFO - Processing /home/airflow/.local/lib/python3.12/site-packages/airflow/example_dags/example_complex.py took 0.153 seconds
[2025-02-06T18:57:34.060+0000] {processor.py:186} INFO - Started process (PID=4692) to work on /home/airflow/.local/lib/python3.12/site-packages/airflow/example_dags/example_complex.py
[2025-02-06T18:57:34.061+0000] {processor.py:914} INFO - Processing file /home/airflow/.local/lib/python3.12/site-packages/airflow/example_dags/example_complex.py for tasks to queue
[2025-02-06T18:57:34.064+0000] {logging_mixin.py:190} INFO - [2025-02-06T18:57:34.064+0000] {dagbag.py:588} INFO - Filling up the DagBag from /home/airflow/.local/lib/python3.12/site-packages/airflow/example_dags/example_complex.py
[2025-02-06T18:57:34.081+0000] {processor.py:925} INFO - DAG(s) 'example_complex' retrieved from /home/airflow/.local/lib/python3.12/site-packages/airflow/example_dags/example_complex.py
[2025-02-06T18:57:34.124+0000] {logging_mixin.py:190} INFO - [2025-02-06T18:57:34.124+0000] {dag.py:3239} INFO - Sync 1 DAGs
[2025-02-06T18:57:34.144+0000] {logging_mixin.py:190} INFO - [2025-02-06T18:57:34.144+0000] {dag.py:4180} INFO - Setting next_dagrun for example_complex to None, run_after=None
[2025-02-06T18:57:34.168+0000] {processor.py:208} INFO - Processing /home/airflow/.local/lib/python3.12/site-packages/airflow/example_dags/example_complex.py took 0.116 seconds
[2025-02-06T18:58:04.561+0000] {processor.py:186} INFO - Started process (PID=4749) to work on /home/airflow/.local/lib/python3.12/site-packages/airflow/example_dags/example_complex.py
[2025-02-06T18:58:04.562+0000] {processor.py:914} INFO - Processing file /home/airflow/.local/lib/python3.12/site-packages/airflow/example_dags/example_complex.py for tasks to queue
[2025-02-06T18:58:04.566+0000] {logging_mixin.py:190} INFO - [2025-02-06T18:58:04.565+0000] {dagbag.py:588} INFO - Filling up the DagBag from /home/airflow/.local/lib/python3.12/site-packages/airflow/example_dags/example_complex.py
[2025-02-06T18:58:04.584+0000] {processor.py:925} INFO - DAG(s) 'example_complex' retrieved from /home/airflow/.local/lib/python3.12/site-packages/airflow/example_dags/example_complex.py
[2025-02-06T18:58:04.627+0000] {logging_mixin.py:190} INFO - [2025-02-06T18:58:04.627+0000] {dag.py:3239} INFO - Sync 1 DAGs
[2025-02-06T18:58:04.647+0000] {logging_mixin.py:190} INFO - [2025-02-06T18:58:04.647+0000] {dag.py:4180} INFO - Setting next_dagrun for example_complex to None, run_after=None
[2025-02-06T18:58:04.688+0000] {processor.py:208} INFO - Processing /home/airflow/.local/lib/python3.12/site-packages/airflow/example_dags/example_complex.py took 0.136 seconds
[2025-02-06T18:58:35.164+0000] {processor.py:186} INFO - Started process (PID=4806) to work on /home/airflow/.local/lib/python3.12/site-packages/airflow/example_dags/example_complex.py
[2025-02-06T18:58:35.165+0000] {processor.py:914} INFO - Processing file /home/airflow/.local/lib/python3.12/site-packages/airflow/example_dags/example_complex.py for tasks to queue
[2025-02-06T18:58:35.169+0000] {logging_mixin.py:190} INFO - [2025-02-06T18:58:35.169+0000] {dagbag.py:588} INFO - Filling up the DagBag from /home/airflow/.local/lib/python3.12/site-packages/airflow/example_dags/example_complex.py
[2025-02-06T18:58:35.191+0000] {processor.py:925} INFO - DAG(s) 'example_complex' retrieved from /home/airflow/.local/lib/python3.12/site-packages/airflow/example_dags/example_complex.py
[2025-02-06T18:58:35.261+0000] {logging_mixin.py:190} INFO - [2025-02-06T18:58:35.261+0000] {dag.py:3239} INFO - Sync 1 DAGs
[2025-02-06T18:58:35.293+0000] {logging_mixin.py:190} INFO - [2025-02-06T18:58:35.293+0000] {dag.py:4180} INFO - Setting next_dagrun for example_complex to None, run_after=None
[2025-02-06T18:58:35.342+0000] {processor.py:208} INFO - Processing /home/airflow/.local/lib/python3.12/site-packages/airflow/example_dags/example_complex.py took 0.189 seconds
[2025-02-06T18:59:05.956+0000] {processor.py:186} INFO - Started process (PID=4863) to work on /home/airflow/.local/lib/python3.12/site-packages/airflow/example_dags/example_complex.py
[2025-02-06T18:59:05.958+0000] {processor.py:914} INFO - Processing file /home/airflow/.local/lib/python3.12/site-packages/airflow/example_dags/example_complex.py for tasks to queue
[2025-02-06T18:59:05.961+0000] {logging_mixin.py:190} INFO - [2025-02-06T18:59:05.961+0000] {dagbag.py:588} INFO - Filling up the DagBag from /home/airflow/.local/lib/python3.12/site-packages/airflow/example_dags/example_complex.py
[2025-02-06T18:59:05.986+0000] {processor.py:925} INFO - DAG(s) 'example_complex' retrieved from /home/airflow/.local/lib/python3.12/site-packages/airflow/example_dags/example_complex.py
[2025-02-06T18:59:06.043+0000] {logging_mixin.py:190} INFO - [2025-02-06T18:59:06.042+0000] {dag.py:3239} INFO - Sync 1 DAGs
[2025-02-06T18:59:06.078+0000] {logging_mixin.py:190} INFO - [2025-02-06T18:59:06.078+0000] {dag.py:4180} INFO - Setting next_dagrun for example_complex to None, run_after=None
[2025-02-06T18:59:06.121+0000] {processor.py:208} INFO - Processing /home/airflow/.local/lib/python3.12/site-packages/airflow/example_dags/example_complex.py took 0.175 seconds
[2025-02-06T18:59:36.303+0000] {processor.py:186} INFO - Started process (PID=4919) to work on /home/airflow/.local/lib/python3.12/site-packages/airflow/example_dags/example_complex.py
[2025-02-06T18:59:36.304+0000] {processor.py:914} INFO - Processing file /home/airflow/.local/lib/python3.12/site-packages/airflow/example_dags/example_complex.py for tasks to queue
[2025-02-06T18:59:36.311+0000] {logging_mixin.py:190} INFO - [2025-02-06T18:59:36.310+0000] {dagbag.py:588} INFO - Filling up the DagBag from /home/airflow/.local/lib/python3.12/site-packages/airflow/example_dags/example_complex.py
[2025-02-06T18:59:36.344+0000] {processor.py:925} INFO - DAG(s) 'example_complex' retrieved from /home/airflow/.local/lib/python3.12/site-packages/airflow/example_dags/example_complex.py
[2025-02-06T18:59:36.399+0000] {logging_mixin.py:190} INFO - [2025-02-06T18:59:36.398+0000] {dag.py:3239} INFO - Sync 1 DAGs
[2025-02-06T18:59:36.423+0000] {logging_mixin.py:190} INFO - [2025-02-06T18:59:36.422+0000] {dag.py:4180} INFO - Setting next_dagrun for example_complex to None, run_after=None
[2025-02-06T18:59:36.454+0000] {processor.py:208} INFO - Processing /home/airflow/.local/lib/python3.12/site-packages/airflow/example_dags/example_complex.py took 0.160 seconds
[2025-02-06T19:00:06.548+0000] {processor.py:186} INFO - Started process (PID=4976) to work on /home/airflow/.local/lib/python3.12/site-packages/airflow/example_dags/example_complex.py
[2025-02-06T19:00:06.549+0000] {processor.py:914} INFO - Processing file /home/airflow/.local/lib/python3.12/site-packages/airflow/example_dags/example_complex.py for tasks to queue
[2025-02-06T19:00:06.553+0000] {logging_mixin.py:190} INFO - [2025-02-06T19:00:06.552+0000] {dagbag.py:588} INFO - Filling up the DagBag from /home/airflow/.local/lib/python3.12/site-packages/airflow/example_dags/example_complex.py
[2025-02-06T19:00:06.583+0000] {processor.py:925} INFO - DAG(s) 'example_complex' retrieved from /home/airflow/.local/lib/python3.12/site-packages/airflow/example_dags/example_complex.py
[2025-02-06T19:00:06.664+0000] {logging_mixin.py:190} INFO - [2025-02-06T19:00:06.664+0000] {dag.py:3239} INFO - Sync 1 DAGs
[2025-02-06T19:00:06.698+0000] {logging_mixin.py:190} INFO - [2025-02-06T19:00:06.697+0000] {dag.py:4180} INFO - Setting next_dagrun for example_complex to None, run_after=None
[2025-02-06T19:00:06.735+0000] {processor.py:208} INFO - Processing /home/airflow/.local/lib/python3.12/site-packages/airflow/example_dags/example_complex.py took 0.198 seconds
[2025-02-06T19:00:36.980+0000] {processor.py:186} INFO - Started process (PID=5033) to work on /home/airflow/.local/lib/python3.12/site-packages/airflow/example_dags/example_complex.py
[2025-02-06T19:00:36.982+0000] {processor.py:914} INFO - Processing file /home/airflow/.local/lib/python3.12/site-packages/airflow/example_dags/example_complex.py for tasks to queue
[2025-02-06T19:00:36.989+0000] {logging_mixin.py:190} INFO - [2025-02-06T19:00:36.988+0000] {dagbag.py:588} INFO - Filling up the DagBag from /home/airflow/.local/lib/python3.12/site-packages/airflow/example_dags/example_complex.py
[2025-02-06T19:00:37.038+0000] {processor.py:925} INFO - DAG(s) 'example_complex' retrieved from /home/airflow/.local/lib/python3.12/site-packages/airflow/example_dags/example_complex.py
[2025-02-06T19:00:37.128+0000] {logging_mixin.py:190} INFO - [2025-02-06T19:00:37.128+0000] {dag.py:3239} INFO - Sync 1 DAGs
[2025-02-06T19:00:37.156+0000] {logging_mixin.py:190} INFO - [2025-02-06T19:00:37.155+0000] {dag.py:4180} INFO - Setting next_dagrun for example_complex to None, run_after=None
[2025-02-06T19:00:37.197+0000] {processor.py:208} INFO - Processing /home/airflow/.local/lib/python3.12/site-packages/airflow/example_dags/example_complex.py took 0.241 seconds
[2025-02-06T19:01:08.584+0000] {processor.py:186} INFO - Started process (PID=5083) to work on /home/airflow/.local/lib/python3.12/site-packages/airflow/example_dags/example_complex.py
[2025-02-06T19:01:08.585+0000] {processor.py:914} INFO - Processing file /home/airflow/.local/lib/python3.12/site-packages/airflow/example_dags/example_complex.py for tasks to queue
[2025-02-06T19:01:08.589+0000] {logging_mixin.py:190} INFO - [2025-02-06T19:01:08.589+0000] {dagbag.py:588} INFO - Filling up the DagBag from /home/airflow/.local/lib/python3.12/site-packages/airflow/example_dags/example_complex.py
[2025-02-06T19:01:08.614+0000] {processor.py:925} INFO - DAG(s) 'example_complex' retrieved from /home/airflow/.local/lib/python3.12/site-packages/airflow/example_dags/example_complex.py
[2025-02-06T19:01:08.669+0000] {logging_mixin.py:190} INFO - [2025-02-06T19:01:08.669+0000] {dag.py:3239} INFO - Sync 1 DAGs
[2025-02-06T19:01:08.692+0000] {logging_mixin.py:190} INFO - [2025-02-06T19:01:08.691+0000] {dag.py:4180} INFO - Setting next_dagrun for example_complex to None, run_after=None
[2025-02-06T19:01:08.717+0000] {processor.py:208} INFO - Processing /home/airflow/.local/lib/python3.12/site-packages/airflow/example_dags/example_complex.py took 0.149 seconds
[2025-02-06T19:01:39.368+0000] {processor.py:186} INFO - Started process (PID=5137) to work on /home/airflow/.local/lib/python3.12/site-packages/airflow/example_dags/example_complex.py
[2025-02-06T19:01:39.369+0000] {processor.py:914} INFO - Processing file /home/airflow/.local/lib/python3.12/site-packages/airflow/example_dags/example_complex.py for tasks to queue
[2025-02-06T19:01:39.373+0000] {logging_mixin.py:190} INFO - [2025-02-06T19:01:39.372+0000] {dagbag.py:588} INFO - Filling up the DagBag from /home/airflow/.local/lib/python3.12/site-packages/airflow/example_dags/example_complex.py
[2025-02-06T19:01:39.390+0000] {processor.py:925} INFO - DAG(s) 'example_complex' retrieved from /home/airflow/.local/lib/python3.12/site-packages/airflow/example_dags/example_complex.py
[2025-02-06T19:01:39.436+0000] {logging_mixin.py:190} INFO - [2025-02-06T19:01:39.436+0000] {dag.py:3239} INFO - Sync 1 DAGs
[2025-02-06T19:01:39.459+0000] {logging_mixin.py:190} INFO - [2025-02-06T19:01:39.459+0000] {dag.py:4180} INFO - Setting next_dagrun for example_complex to None, run_after=None
[2025-02-06T19:01:39.499+0000] {processor.py:208} INFO - Processing /home/airflow/.local/lib/python3.12/site-packages/airflow/example_dags/example_complex.py took 0.140 seconds
[2025-02-06T19:02:10.983+0000] {processor.py:186} INFO - Started process (PID=5194) to work on /home/airflow/.local/lib/python3.12/site-packages/airflow/example_dags/example_complex.py
[2025-02-06T19:02:10.985+0000] {processor.py:914} INFO - Processing file /home/airflow/.local/lib/python3.12/site-packages/airflow/example_dags/example_complex.py for tasks to queue
[2025-02-06T19:02:10.989+0000] {logging_mixin.py:190} INFO - [2025-02-06T19:02:10.988+0000] {dagbag.py:588} INFO - Filling up the DagBag from /home/airflow/.local/lib/python3.12/site-packages/airflow/example_dags/example_complex.py
[2025-02-06T19:02:11.020+0000] {processor.py:925} INFO - DAG(s) 'example_complex' retrieved from /home/airflow/.local/lib/python3.12/site-packages/airflow/example_dags/example_complex.py
[2025-02-06T19:02:11.121+0000] {logging_mixin.py:190} INFO - [2025-02-06T19:02:11.115+0000] {dag.py:3239} INFO - Sync 1 DAGs
[2025-02-06T19:02:11.160+0000] {logging_mixin.py:190} INFO - [2025-02-06T19:02:11.160+0000] {dag.py:4180} INFO - Setting next_dagrun for example_complex to None, run_after=None
[2025-02-06T19:02:11.209+0000] {processor.py:208} INFO - Processing /home/airflow/.local/lib/python3.12/site-packages/airflow/example_dags/example_complex.py took 0.239 seconds
[2025-02-06T19:02:42.094+0000] {processor.py:186} INFO - Started process (PID=5251) to work on /home/airflow/.local/lib/python3.12/site-packages/airflow/example_dags/example_complex.py
[2025-02-06T19:02:42.096+0000] {processor.py:914} INFO - Processing file /home/airflow/.local/lib/python3.12/site-packages/airflow/example_dags/example_complex.py for tasks to queue
[2025-02-06T19:02:42.099+0000] {logging_mixin.py:190} INFO - [2025-02-06T19:02:42.099+0000] {dagbag.py:588} INFO - Filling up the DagBag from /home/airflow/.local/lib/python3.12/site-packages/airflow/example_dags/example_complex.py
[2025-02-06T19:02:42.118+0000] {processor.py:925} INFO - DAG(s) 'example_complex' retrieved from /home/airflow/.local/lib/python3.12/site-packages/airflow/example_dags/example_complex.py
[2025-02-06T19:02:42.172+0000] {logging_mixin.py:190} INFO - [2025-02-06T19:02:42.172+0000] {dag.py:3239} INFO - Sync 1 DAGs
[2025-02-06T19:02:42.197+0000] {logging_mixin.py:190} INFO - [2025-02-06T19:02:42.197+0000] {dag.py:4180} INFO - Setting next_dagrun for example_complex to None, run_after=None
[2025-02-06T19:02:42.228+0000] {processor.py:208} INFO - Processing /home/airflow/.local/lib/python3.12/site-packages/airflow/example_dags/example_complex.py took 0.144 seconds
[2025-02-06T19:03:12.838+0000] {processor.py:186} INFO - Started process (PID=5306) to work on /home/airflow/.local/lib/python3.12/site-packages/airflow/example_dags/example_complex.py
[2025-02-06T19:03:12.840+0000] {processor.py:914} INFO - Processing file /home/airflow/.local/lib/python3.12/site-packages/airflow/example_dags/example_complex.py for tasks to queue
[2025-02-06T19:03:12.844+0000] {logging_mixin.py:190} INFO - [2025-02-06T19:03:12.843+0000] {dagbag.py:588} INFO - Filling up the DagBag from /home/airflow/.local/lib/python3.12/site-packages/airflow/example_dags/example_complex.py
[2025-02-06T19:03:12.867+0000] {processor.py:925} INFO - DAG(s) 'example_complex' retrieved from /home/airflow/.local/lib/python3.12/site-packages/airflow/example_dags/example_complex.py
[2025-02-06T19:03:12.938+0000] {logging_mixin.py:190} INFO - [2025-02-06T19:03:12.937+0000] {dag.py:3239} INFO - Sync 1 DAGs
[2025-02-06T19:03:12.966+0000] {logging_mixin.py:190} INFO - [2025-02-06T19:03:12.966+0000] {dag.py:4180} INFO - Setting next_dagrun for example_complex to None, run_after=None
[2025-02-06T19:03:13.008+0000] {processor.py:208} INFO - Processing /home/airflow/.local/lib/python3.12/site-packages/airflow/example_dags/example_complex.py took 0.182 seconds
[2025-02-06T19:03:43.302+0000] {processor.py:186} INFO - Started process (PID=5363) to work on /home/airflow/.local/lib/python3.12/site-packages/airflow/example_dags/example_complex.py
[2025-02-06T19:03:43.305+0000] {processor.py:914} INFO - Processing file /home/airflow/.local/lib/python3.12/site-packages/airflow/example_dags/example_complex.py for tasks to queue
[2025-02-06T19:03:43.310+0000] {logging_mixin.py:190} INFO - [2025-02-06T19:03:43.309+0000] {dagbag.py:588} INFO - Filling up the DagBag from /home/airflow/.local/lib/python3.12/site-packages/airflow/example_dags/example_complex.py
[2025-02-06T19:03:43.337+0000] {processor.py:925} INFO - DAG(s) 'example_complex' retrieved from /home/airflow/.local/lib/python3.12/site-packages/airflow/example_dags/example_complex.py
[2025-02-06T19:03:43.407+0000] {logging_mixin.py:190} INFO - [2025-02-06T19:03:43.407+0000] {dag.py:3239} INFO - Sync 1 DAGs
[2025-02-06T19:03:43.439+0000] {logging_mixin.py:190} INFO - [2025-02-06T19:03:43.439+0000] {dag.py:4180} INFO - Setting next_dagrun for example_complex to None, run_after=None
[2025-02-06T19:03:43.471+0000] {processor.py:208} INFO - Processing /home/airflow/.local/lib/python3.12/site-packages/airflow/example_dags/example_complex.py took 0.181 seconds
[2025-02-06T19:04:13.593+0000] {processor.py:186} INFO - Started process (PID=5419) to work on /home/airflow/.local/lib/python3.12/site-packages/airflow/example_dags/example_complex.py
[2025-02-06T19:04:13.595+0000] {processor.py:914} INFO - Processing file /home/airflow/.local/lib/python3.12/site-packages/airflow/example_dags/example_complex.py for tasks to queue
[2025-02-06T19:04:13.599+0000] {logging_mixin.py:190} INFO - [2025-02-06T19:04:13.599+0000] {dagbag.py:588} INFO - Filling up the DagBag from /home/airflow/.local/lib/python3.12/site-packages/airflow/example_dags/example_complex.py
[2025-02-06T19:04:13.620+0000] {processor.py:925} INFO - DAG(s) 'example_complex' retrieved from /home/airflow/.local/lib/python3.12/site-packages/airflow/example_dags/example_complex.py
[2025-02-06T19:04:13.676+0000] {logging_mixin.py:190} INFO - [2025-02-06T19:04:13.675+0000] {dag.py:3239} INFO - Sync 1 DAGs
[2025-02-06T19:04:13.702+0000] {logging_mixin.py:190} INFO - [2025-02-06T19:04:13.702+0000] {dag.py:4180} INFO - Setting next_dagrun for example_complex to None, run_after=None
[2025-02-06T19:04:13.731+0000] {processor.py:208} INFO - Processing /home/airflow/.local/lib/python3.12/site-packages/airflow/example_dags/example_complex.py took 0.149 seconds
[2025-02-06T19:04:44.201+0000] {processor.py:186} INFO - Started process (PID=5473) to work on /home/airflow/.local/lib/python3.12/site-packages/airflow/example_dags/example_complex.py
[2025-02-06T19:04:44.203+0000] {processor.py:914} INFO - Processing file /home/airflow/.local/lib/python3.12/site-packages/airflow/example_dags/example_complex.py for tasks to queue
[2025-02-06T19:04:44.206+0000] {logging_mixin.py:190} INFO - [2025-02-06T19:04:44.206+0000] {dagbag.py:588} INFO - Filling up the DagBag from /home/airflow/.local/lib/python3.12/site-packages/airflow/example_dags/example_complex.py
[2025-02-06T19:04:44.226+0000] {processor.py:925} INFO - DAG(s) 'example_complex' retrieved from /home/airflow/.local/lib/python3.12/site-packages/airflow/example_dags/example_complex.py
[2025-02-06T19:04:44.286+0000] {logging_mixin.py:190} INFO - [2025-02-06T19:04:44.286+0000] {dag.py:3239} INFO - Sync 1 DAGs
[2025-02-06T19:04:44.308+0000] {logging_mixin.py:190} INFO - [2025-02-06T19:04:44.308+0000] {dag.py:4180} INFO - Setting next_dagrun for example_complex to None, run_after=None
[2025-02-06T19:04:44.339+0000] {processor.py:208} INFO - Processing /home/airflow/.local/lib/python3.12/site-packages/airflow/example_dags/example_complex.py took 0.150 seconds
[2025-02-06T19:05:14.595+0000] {processor.py:186} INFO - Started process (PID=5530) to work on /home/airflow/.local/lib/python3.12/site-packages/airflow/example_dags/example_complex.py
[2025-02-06T19:05:14.597+0000] {processor.py:914} INFO - Processing file /home/airflow/.local/lib/python3.12/site-packages/airflow/example_dags/example_complex.py for tasks to queue
[2025-02-06T19:05:14.600+0000] {logging_mixin.py:190} INFO - [2025-02-06T19:05:14.600+0000] {dagbag.py:588} INFO - Filling up the DagBag from /home/airflow/.local/lib/python3.12/site-packages/airflow/example_dags/example_complex.py
[2025-02-06T19:05:14.620+0000] {processor.py:925} INFO - DAG(s) 'example_complex' retrieved from /home/airflow/.local/lib/python3.12/site-packages/airflow/example_dags/example_complex.py
[2025-02-06T19:05:14.682+0000] {logging_mixin.py:190} INFO - [2025-02-06T19:05:14.682+0000] {dag.py:3239} INFO - Sync 1 DAGs
[2025-02-06T19:05:14.705+0000] {logging_mixin.py:190} INFO - [2025-02-06T19:05:14.704+0000] {dag.py:4180} INFO - Setting next_dagrun for example_complex to None, run_after=None
[2025-02-06T19:05:14.735+0000] {processor.py:208} INFO - Processing /home/airflow/.local/lib/python3.12/site-packages/airflow/example_dags/example_complex.py took 0.150 seconds
[2025-02-06T19:05:45.132+0000] {processor.py:186} INFO - Started process (PID=5587) to work on /home/airflow/.local/lib/python3.12/site-packages/airflow/example_dags/example_complex.py
[2025-02-06T19:05:45.134+0000] {processor.py:914} INFO - Processing file /home/airflow/.local/lib/python3.12/site-packages/airflow/example_dags/example_complex.py for tasks to queue
[2025-02-06T19:05:45.137+0000] {logging_mixin.py:190} INFO - [2025-02-06T19:05:45.136+0000] {dagbag.py:588} INFO - Filling up the DagBag from /home/airflow/.local/lib/python3.12/site-packages/airflow/example_dags/example_complex.py
[2025-02-06T19:05:45.160+0000] {processor.py:925} INFO - DAG(s) 'example_complex' retrieved from /home/airflow/.local/lib/python3.12/site-packages/airflow/example_dags/example_complex.py
[2025-02-06T19:05:45.222+0000] {logging_mixin.py:190} INFO - [2025-02-06T19:05:45.222+0000] {dag.py:3239} INFO - Sync 1 DAGs
[2025-02-06T19:05:45.244+0000] {logging_mixin.py:190} INFO - [2025-02-06T19:05:45.243+0000] {dag.py:4180} INFO - Setting next_dagrun for example_complex to None, run_after=None
[2025-02-06T19:05:45.270+0000] {processor.py:208} INFO - Processing /home/airflow/.local/lib/python3.12/site-packages/airflow/example_dags/example_complex.py took 0.146 seconds
[2025-02-06T19:06:15.697+0000] {processor.py:186} INFO - Started process (PID=5644) to work on /home/airflow/.local/lib/python3.12/site-packages/airflow/example_dags/example_complex.py
[2025-02-06T19:06:15.699+0000] {processor.py:914} INFO - Processing file /home/airflow/.local/lib/python3.12/site-packages/airflow/example_dags/example_complex.py for tasks to queue
[2025-02-06T19:06:15.704+0000] {logging_mixin.py:190} INFO - [2025-02-06T19:06:15.703+0000] {dagbag.py:588} INFO - Filling up the DagBag from /home/airflow/.local/lib/python3.12/site-packages/airflow/example_dags/example_complex.py
[2025-02-06T19:06:15.733+0000] {processor.py:925} INFO - DAG(s) 'example_complex' retrieved from /home/airflow/.local/lib/python3.12/site-packages/airflow/example_dags/example_complex.py
[2025-02-06T19:06:15.798+0000] {logging_mixin.py:190} INFO - [2025-02-06T19:06:15.797+0000] {dag.py:3239} INFO - Sync 1 DAGs
[2025-02-06T19:06:15.822+0000] {logging_mixin.py:190} INFO - [2025-02-06T19:06:15.822+0000] {dag.py:4180} INFO - Setting next_dagrun for example_complex to None, run_after=None
[2025-02-06T19:06:15.856+0000] {processor.py:208} INFO - Processing /home/airflow/.local/lib/python3.12/site-packages/airflow/example_dags/example_complex.py took 0.169 seconds
[2025-02-06T19:06:46.070+0000] {processor.py:186} INFO - Started process (PID=5701) to work on /home/airflow/.local/lib/python3.12/site-packages/airflow/example_dags/example_complex.py
[2025-02-06T19:06:46.073+0000] {processor.py:914} INFO - Processing file /home/airflow/.local/lib/python3.12/site-packages/airflow/example_dags/example_complex.py for tasks to queue
[2025-02-06T19:06:46.076+0000] {logging_mixin.py:190} INFO - [2025-02-06T19:06:46.075+0000] {dagbag.py:588} INFO - Filling up the DagBag from /home/airflow/.local/lib/python3.12/site-packages/airflow/example_dags/example_complex.py
[2025-02-06T19:06:46.106+0000] {processor.py:925} INFO - DAG(s) 'example_complex' retrieved from /home/airflow/.local/lib/python3.12/site-packages/airflow/example_dags/example_complex.py
[2025-02-06T19:06:46.185+0000] {logging_mixin.py:190} INFO - [2025-02-06T19:06:46.185+0000] {dag.py:3239} INFO - Sync 1 DAGs
[2025-02-06T19:06:46.221+0000] {logging_mixin.py:190} INFO - [2025-02-06T19:06:46.221+0000] {dag.py:4180} INFO - Setting next_dagrun for example_complex to None, run_after=None
[2025-02-06T19:06:46.268+0000] {processor.py:208} INFO - Processing /home/airflow/.local/lib/python3.12/site-packages/airflow/example_dags/example_complex.py took 0.207 seconds
[2025-02-06T19:07:17.205+0000] {processor.py:186} INFO - Started process (PID=5758) to work on /home/airflow/.local/lib/python3.12/site-packages/airflow/example_dags/example_complex.py
[2025-02-06T19:07:17.207+0000] {processor.py:914} INFO - Processing file /home/airflow/.local/lib/python3.12/site-packages/airflow/example_dags/example_complex.py for tasks to queue
[2025-02-06T19:07:17.212+0000] {logging_mixin.py:190} INFO - [2025-02-06T19:07:17.210+0000] {dagbag.py:588} INFO - Filling up the DagBag from /home/airflow/.local/lib/python3.12/site-packages/airflow/example_dags/example_complex.py
[2025-02-06T19:07:17.241+0000] {processor.py:925} INFO - DAG(s) 'example_complex' retrieved from /home/airflow/.local/lib/python3.12/site-packages/airflow/example_dags/example_complex.py
[2025-02-06T19:07:17.305+0000] {logging_mixin.py:190} INFO - [2025-02-06T19:07:17.305+0000] {dag.py:3239} INFO - Sync 1 DAGs
[2025-02-06T19:07:17.330+0000] {logging_mixin.py:190} INFO - [2025-02-06T19:07:17.330+0000] {dag.py:4180} INFO - Setting next_dagrun for example_complex to None, run_after=None
[2025-02-06T19:07:17.382+0000] {processor.py:208} INFO - Processing /home/airflow/.local/lib/python3.12/site-packages/airflow/example_dags/example_complex.py took 0.187 seconds
[2025-02-06T19:07:47.857+0000] {processor.py:186} INFO - Started process (PID=5813) to work on /home/airflow/.local/lib/python3.12/site-packages/airflow/example_dags/example_complex.py
[2025-02-06T19:07:47.859+0000] {processor.py:914} INFO - Processing file /home/airflow/.local/lib/python3.12/site-packages/airflow/example_dags/example_complex.py for tasks to queue
[2025-02-06T19:07:47.863+0000] {logging_mixin.py:190} INFO - [2025-02-06T19:07:47.862+0000] {dagbag.py:588} INFO - Filling up the DagBag from /home/airflow/.local/lib/python3.12/site-packages/airflow/example_dags/example_complex.py
[2025-02-06T19:07:47.889+0000] {processor.py:925} INFO - DAG(s) 'example_complex' retrieved from /home/airflow/.local/lib/python3.12/site-packages/airflow/example_dags/example_complex.py
[2025-02-06T19:07:47.955+0000] {logging_mixin.py:190} INFO - [2025-02-06T19:07:47.955+0000] {dag.py:3239} INFO - Sync 1 DAGs
[2025-02-06T19:07:47.988+0000] {logging_mixin.py:190} INFO - [2025-02-06T19:07:47.987+0000] {dag.py:4180} INFO - Setting next_dagrun for example_complex to None, run_after=None
[2025-02-06T19:07:48.014+0000] {processor.py:208} INFO - Processing /home/airflow/.local/lib/python3.12/site-packages/airflow/example_dags/example_complex.py took 0.169 seconds
[2025-02-06T19:08:18.711+0000] {processor.py:186} INFO - Started process (PID=5869) to work on /home/airflow/.local/lib/python3.12/site-packages/airflow/example_dags/example_complex.py
[2025-02-06T19:08:18.712+0000] {processor.py:914} INFO - Processing file /home/airflow/.local/lib/python3.12/site-packages/airflow/example_dags/example_complex.py for tasks to queue
[2025-02-06T19:08:18.719+0000] {logging_mixin.py:190} INFO - [2025-02-06T19:08:18.718+0000] {dagbag.py:588} INFO - Filling up the DagBag from /home/airflow/.local/lib/python3.12/site-packages/airflow/example_dags/example_complex.py
[2025-02-06T19:08:18.745+0000] {processor.py:925} INFO - DAG(s) 'example_complex' retrieved from /home/airflow/.local/lib/python3.12/site-packages/airflow/example_dags/example_complex.py
[2025-02-06T19:08:18.812+0000] {logging_mixin.py:190} INFO - [2025-02-06T19:08:18.811+0000] {dag.py:3239} INFO - Sync 1 DAGs
[2025-02-06T19:08:18.841+0000] {logging_mixin.py:190} INFO - [2025-02-06T19:08:18.841+0000] {dag.py:4180} INFO - Setting next_dagrun for example_complex to None, run_after=None
[2025-02-06T19:08:18.880+0000] {processor.py:208} INFO - Processing /home/airflow/.local/lib/python3.12/site-packages/airflow/example_dags/example_complex.py took 0.181 seconds
