[2025-02-06T16:36:31.621+0000] {processor.py:186} INFO - Started process (PID=63) to work on /home/airflow/.local/lib/python3.12/site-packages/airflow/example_dags/example_python_operator.py
[2025-02-06T16:36:31.624+0000] {processor.py:914} INFO - Processing file /home/airflow/.local/lib/python3.12/site-packages/airflow/example_dags/example_python_operator.py for tasks to queue
[2025-02-06T16:36:31.630+0000] {logging_mixin.py:190} INFO - [2025-02-06T16:36:31.629+0000] {dagbag.py:588} INFO - Filling up the DagBag from /home/airflow/.local/lib/python3.12/site-packages/airflow/example_dags/example_python_operator.py
[2025-02-06T16:36:31.715+0000] {processor.py:925} INFO - DAG(s) 'example_python_operator' retrieved from /home/airflow/.local/lib/python3.12/site-packages/airflow/example_dags/example_python_operator.py
[2025-02-06T16:36:32.414+0000] {logging_mixin.py:190} INFO - [2025-02-06T16:36:32.413+0000] {override.py:1911} INFO - Created Permission View: can edit on DAG:example_python_operator
[2025-02-06T16:36:32.460+0000] {logging_mixin.py:190} INFO - [2025-02-06T16:36:32.459+0000] {override.py:1911} INFO - Created Permission View: can delete on DAG:example_python_operator
[2025-02-06T16:36:32.483+0000] {logging_mixin.py:190} INFO - [2025-02-06T16:36:32.483+0000] {override.py:1911} INFO - Created Permission View: can read on DAG:example_python_operator
[2025-02-06T16:36:32.506+0000] {logging_mixin.py:190} INFO - [2025-02-06T16:36:32.506+0000] {override.py:1911} INFO - Created Permission View: menu access on DAG Run:example_python_operator
[2025-02-06T16:36:32.528+0000] {logging_mixin.py:190} INFO - [2025-02-06T16:36:32.527+0000] {override.py:1911} INFO - Created Permission View: can create on DAG Run:example_python_operator
[2025-02-06T16:36:32.549+0000] {logging_mixin.py:190} INFO - [2025-02-06T16:36:32.549+0000] {override.py:1911} INFO - Created Permission View: can delete on DAG Run:example_python_operator
[2025-02-06T16:36:32.580+0000] {logging_mixin.py:190} INFO - [2025-02-06T16:36:32.571+0000] {override.py:1911} INFO - Created Permission View: can read on DAG Run:example_python_operator
[2025-02-06T16:36:32.582+0000] {logging_mixin.py:190} INFO - [2025-02-06T16:36:32.581+0000] {dag.py:3239} INFO - Sync 1 DAGs
[2025-02-06T16:36:32.624+0000] {logging_mixin.py:190} INFO - [2025-02-06T16:36:32.624+0000] {dag.py:3262} INFO - Creating ORM DAG for example_python_operator
[2025-02-06T16:36:32.626+0000] {logging_mixin.py:190} INFO - [2025-02-06T16:36:32.626+0000] {dag.py:4180} INFO - Setting next_dagrun for example_python_operator to None, run_after=None
[2025-02-06T16:36:32.676+0000] {processor.py:208} INFO - Processing /home/airflow/.local/lib/python3.12/site-packages/airflow/example_dags/example_python_operator.py took 1.077 seconds
[2025-02-06T16:37:03.474+0000] {processor.py:186} INFO - Started process (PID=120) to work on /home/airflow/.local/lib/python3.12/site-packages/airflow/example_dags/example_python_operator.py
[2025-02-06T16:37:03.475+0000] {processor.py:914} INFO - Processing file /home/airflow/.local/lib/python3.12/site-packages/airflow/example_dags/example_python_operator.py for tasks to queue
[2025-02-06T16:37:03.478+0000] {logging_mixin.py:190} INFO - [2025-02-06T16:37:03.478+0000] {dagbag.py:588} INFO - Filling up the DagBag from /home/airflow/.local/lib/python3.12/site-packages/airflow/example_dags/example_python_operator.py
[2025-02-06T16:37:03.493+0000] {processor.py:925} INFO - DAG(s) 'example_python_operator' retrieved from /home/airflow/.local/lib/python3.12/site-packages/airflow/example_dags/example_python_operator.py
[2025-02-06T16:37:03.520+0000] {logging_mixin.py:190} INFO - [2025-02-06T16:37:03.519+0000] {dag.py:3239} INFO - Sync 1 DAGs
[2025-02-06T16:37:03.538+0000] {logging_mixin.py:190} INFO - [2025-02-06T16:37:03.537+0000] {dag.py:4180} INFO - Setting next_dagrun for example_python_operator to None, run_after=None
[2025-02-06T16:37:03.561+0000] {processor.py:208} INFO - Processing /home/airflow/.local/lib/python3.12/site-packages/airflow/example_dags/example_python_operator.py took 0.095 seconds
[2025-02-06T16:37:34.085+0000] {processor.py:186} INFO - Started process (PID=177) to work on /home/airflow/.local/lib/python3.12/site-packages/airflow/example_dags/example_python_operator.py
[2025-02-06T16:37:34.086+0000] {processor.py:914} INFO - Processing file /home/airflow/.local/lib/python3.12/site-packages/airflow/example_dags/example_python_operator.py for tasks to queue
[2025-02-06T16:37:34.089+0000] {logging_mixin.py:190} INFO - [2025-02-06T16:37:34.089+0000] {dagbag.py:588} INFO - Filling up the DagBag from /home/airflow/.local/lib/python3.12/site-packages/airflow/example_dags/example_python_operator.py
[2025-02-06T16:37:34.104+0000] {processor.py:925} INFO - DAG(s) 'example_python_operator' retrieved from /home/airflow/.local/lib/python3.12/site-packages/airflow/example_dags/example_python_operator.py
[2025-02-06T16:37:34.130+0000] {logging_mixin.py:190} INFO - [2025-02-06T16:37:34.130+0000] {dag.py:3239} INFO - Sync 1 DAGs
[2025-02-06T16:37:34.147+0000] {logging_mixin.py:190} INFO - [2025-02-06T16:37:34.147+0000] {dag.py:4180} INFO - Setting next_dagrun for example_python_operator to None, run_after=None
[2025-02-06T16:37:34.178+0000] {processor.py:208} INFO - Processing /home/airflow/.local/lib/python3.12/site-packages/airflow/example_dags/example_python_operator.py took 0.101 seconds
[2025-02-06T16:38:04.310+0000] {processor.py:186} INFO - Started process (PID=234) to work on /home/airflow/.local/lib/python3.12/site-packages/airflow/example_dags/example_python_operator.py
[2025-02-06T16:38:04.312+0000] {processor.py:914} INFO - Processing file /home/airflow/.local/lib/python3.12/site-packages/airflow/example_dags/example_python_operator.py for tasks to queue
[2025-02-06T16:38:04.315+0000] {logging_mixin.py:190} INFO - [2025-02-06T16:38:04.315+0000] {dagbag.py:588} INFO - Filling up the DagBag from /home/airflow/.local/lib/python3.12/site-packages/airflow/example_dags/example_python_operator.py
[2025-02-06T16:38:04.330+0000] {processor.py:925} INFO - DAG(s) 'example_python_operator' retrieved from /home/airflow/.local/lib/python3.12/site-packages/airflow/example_dags/example_python_operator.py
[2025-02-06T16:38:04.357+0000] {logging_mixin.py:190} INFO - [2025-02-06T16:38:04.357+0000] {dag.py:3239} INFO - Sync 1 DAGs
[2025-02-06T16:38:04.374+0000] {logging_mixin.py:190} INFO - [2025-02-06T16:38:04.374+0000] {dag.py:4180} INFO - Setting next_dagrun for example_python_operator to None, run_after=None
[2025-02-06T16:38:04.403+0000] {processor.py:208} INFO - Processing /home/airflow/.local/lib/python3.12/site-packages/airflow/example_dags/example_python_operator.py took 0.100 seconds
[2025-02-06T16:38:35.162+0000] {processor.py:186} INFO - Started process (PID=291) to work on /home/airflow/.local/lib/python3.12/site-packages/airflow/example_dags/example_python_operator.py
[2025-02-06T16:38:35.163+0000] {processor.py:914} INFO - Processing file /home/airflow/.local/lib/python3.12/site-packages/airflow/example_dags/example_python_operator.py for tasks to queue
[2025-02-06T16:38:35.166+0000] {logging_mixin.py:190} INFO - [2025-02-06T16:38:35.165+0000] {dagbag.py:588} INFO - Filling up the DagBag from /home/airflow/.local/lib/python3.12/site-packages/airflow/example_dags/example_python_operator.py
[2025-02-06T16:38:35.181+0000] {processor.py:925} INFO - DAG(s) 'example_python_operator' retrieved from /home/airflow/.local/lib/python3.12/site-packages/airflow/example_dags/example_python_operator.py
[2025-02-06T16:38:35.208+0000] {logging_mixin.py:190} INFO - [2025-02-06T16:38:35.208+0000] {dag.py:3239} INFO - Sync 1 DAGs
[2025-02-06T16:38:35.227+0000] {logging_mixin.py:190} INFO - [2025-02-06T16:38:35.227+0000] {dag.py:4180} INFO - Setting next_dagrun for example_python_operator to None, run_after=None
[2025-02-06T16:38:35.262+0000] {processor.py:208} INFO - Processing /home/airflow/.local/lib/python3.12/site-packages/airflow/example_dags/example_python_operator.py took 0.108 seconds
[2025-02-06T16:39:05.467+0000] {processor.py:186} INFO - Started process (PID=348) to work on /home/airflow/.local/lib/python3.12/site-packages/airflow/example_dags/example_python_operator.py
[2025-02-06T16:39:05.468+0000] {processor.py:914} INFO - Processing file /home/airflow/.local/lib/python3.12/site-packages/airflow/example_dags/example_python_operator.py for tasks to queue
[2025-02-06T16:39:05.472+0000] {logging_mixin.py:190} INFO - [2025-02-06T16:39:05.471+0000] {dagbag.py:588} INFO - Filling up the DagBag from /home/airflow/.local/lib/python3.12/site-packages/airflow/example_dags/example_python_operator.py
[2025-02-06T16:39:05.488+0000] {processor.py:925} INFO - DAG(s) 'example_python_operator' retrieved from /home/airflow/.local/lib/python3.12/site-packages/airflow/example_dags/example_python_operator.py
[2025-02-06T16:39:05.516+0000] {logging_mixin.py:190} INFO - [2025-02-06T16:39:05.515+0000] {dag.py:3239} INFO - Sync 1 DAGs
[2025-02-06T16:39:05.533+0000] {logging_mixin.py:190} INFO - [2025-02-06T16:39:05.532+0000] {dag.py:4180} INFO - Setting next_dagrun for example_python_operator to None, run_after=None
[2025-02-06T16:39:05.555+0000] {processor.py:208} INFO - Processing /home/airflow/.local/lib/python3.12/site-packages/airflow/example_dags/example_python_operator.py took 0.095 seconds
[2025-02-06T16:39:35.795+0000] {processor.py:186} INFO - Started process (PID=405) to work on /home/airflow/.local/lib/python3.12/site-packages/airflow/example_dags/example_python_operator.py
[2025-02-06T16:39:35.796+0000] {processor.py:914} INFO - Processing file /home/airflow/.local/lib/python3.12/site-packages/airflow/example_dags/example_python_operator.py for tasks to queue
[2025-02-06T16:39:35.799+0000] {logging_mixin.py:190} INFO - [2025-02-06T16:39:35.799+0000] {dagbag.py:588} INFO - Filling up the DagBag from /home/airflow/.local/lib/python3.12/site-packages/airflow/example_dags/example_python_operator.py
[2025-02-06T16:39:35.814+0000] {processor.py:925} INFO - DAG(s) 'example_python_operator' retrieved from /home/airflow/.local/lib/python3.12/site-packages/airflow/example_dags/example_python_operator.py
[2025-02-06T16:39:35.844+0000] {logging_mixin.py:190} INFO - [2025-02-06T16:39:35.844+0000] {dag.py:3239} INFO - Sync 1 DAGs
[2025-02-06T16:39:35.867+0000] {logging_mixin.py:190} INFO - [2025-02-06T16:39:35.867+0000] {dag.py:4180} INFO - Setting next_dagrun for example_python_operator to None, run_after=None
[2025-02-06T16:39:35.899+0000] {processor.py:208} INFO - Processing /home/airflow/.local/lib/python3.12/site-packages/airflow/example_dags/example_python_operator.py took 0.112 seconds
[2025-02-06T16:40:06.210+0000] {processor.py:186} INFO - Started process (PID=461) to work on /home/airflow/.local/lib/python3.12/site-packages/airflow/example_dags/example_python_operator.py
[2025-02-06T16:40:06.211+0000] {processor.py:914} INFO - Processing file /home/airflow/.local/lib/python3.12/site-packages/airflow/example_dags/example_python_operator.py for tasks to queue
[2025-02-06T16:40:06.214+0000] {logging_mixin.py:190} INFO - [2025-02-06T16:40:06.213+0000] {dagbag.py:588} INFO - Filling up the DagBag from /home/airflow/.local/lib/python3.12/site-packages/airflow/example_dags/example_python_operator.py
[2025-02-06T16:40:06.228+0000] {processor.py:925} INFO - DAG(s) 'example_python_operator' retrieved from /home/airflow/.local/lib/python3.12/site-packages/airflow/example_dags/example_python_operator.py
[2025-02-06T16:40:06.257+0000] {logging_mixin.py:190} INFO - [2025-02-06T16:40:06.257+0000] {dag.py:3239} INFO - Sync 1 DAGs
[2025-02-06T16:40:06.274+0000] {logging_mixin.py:190} INFO - [2025-02-06T16:40:06.274+0000] {dag.py:4180} INFO - Setting next_dagrun for example_python_operator to None, run_after=None
[2025-02-06T16:40:06.297+0000] {processor.py:208} INFO - Processing /home/airflow/.local/lib/python3.12/site-packages/airflow/example_dags/example_python_operator.py took 0.094 seconds
[2025-02-06T16:40:36.881+0000] {processor.py:186} INFO - Started process (PID=517) to work on /home/airflow/.local/lib/python3.12/site-packages/airflow/example_dags/example_python_operator.py
[2025-02-06T16:40:36.882+0000] {processor.py:914} INFO - Processing file /home/airflow/.local/lib/python3.12/site-packages/airflow/example_dags/example_python_operator.py for tasks to queue
[2025-02-06T16:40:36.885+0000] {logging_mixin.py:190} INFO - [2025-02-06T16:40:36.885+0000] {dagbag.py:588} INFO - Filling up the DagBag from /home/airflow/.local/lib/python3.12/site-packages/airflow/example_dags/example_python_operator.py
[2025-02-06T16:40:36.900+0000] {processor.py:925} INFO - DAG(s) 'example_python_operator' retrieved from /home/airflow/.local/lib/python3.12/site-packages/airflow/example_dags/example_python_operator.py
[2025-02-06T16:40:36.927+0000] {logging_mixin.py:190} INFO - [2025-02-06T16:40:36.927+0000] {dag.py:3239} INFO - Sync 1 DAGs
[2025-02-06T16:40:36.945+0000] {logging_mixin.py:190} INFO - [2025-02-06T16:40:36.945+0000] {dag.py:4180} INFO - Setting next_dagrun for example_python_operator to None, run_after=None
[2025-02-06T16:40:36.968+0000] {processor.py:208} INFO - Processing /home/airflow/.local/lib/python3.12/site-packages/airflow/example_dags/example_python_operator.py took 0.095 seconds
[2025-02-06T16:41:07.059+0000] {processor.py:186} INFO - Started process (PID=574) to work on /home/airflow/.local/lib/python3.12/site-packages/airflow/example_dags/example_python_operator.py
[2025-02-06T16:41:07.061+0000] {processor.py:914} INFO - Processing file /home/airflow/.local/lib/python3.12/site-packages/airflow/example_dags/example_python_operator.py for tasks to queue
[2025-02-06T16:41:07.064+0000] {logging_mixin.py:190} INFO - [2025-02-06T16:41:07.063+0000] {dagbag.py:588} INFO - Filling up the DagBag from /home/airflow/.local/lib/python3.12/site-packages/airflow/example_dags/example_python_operator.py
[2025-02-06T16:41:07.078+0000] {processor.py:925} INFO - DAG(s) 'example_python_operator' retrieved from /home/airflow/.local/lib/python3.12/site-packages/airflow/example_dags/example_python_operator.py
[2025-02-06T16:41:07.110+0000] {logging_mixin.py:190} INFO - [2025-02-06T16:41:07.109+0000] {dag.py:3239} INFO - Sync 1 DAGs
[2025-02-06T16:41:07.128+0000] {logging_mixin.py:190} INFO - [2025-02-06T16:41:07.127+0000] {dag.py:4180} INFO - Setting next_dagrun for example_python_operator to None, run_after=None
[2025-02-06T16:41:07.152+0000] {processor.py:208} INFO - Processing /home/airflow/.local/lib/python3.12/site-packages/airflow/example_dags/example_python_operator.py took 0.100 seconds
[2025-02-06T16:41:37.275+0000] {processor.py:186} INFO - Started process (PID=631) to work on /home/airflow/.local/lib/python3.12/site-packages/airflow/example_dags/example_python_operator.py
[2025-02-06T16:41:37.276+0000] {processor.py:914} INFO - Processing file /home/airflow/.local/lib/python3.12/site-packages/airflow/example_dags/example_python_operator.py for tasks to queue
[2025-02-06T16:41:37.279+0000] {logging_mixin.py:190} INFO - [2025-02-06T16:41:37.279+0000] {dagbag.py:588} INFO - Filling up the DagBag from /home/airflow/.local/lib/python3.12/site-packages/airflow/example_dags/example_python_operator.py
[2025-02-06T16:41:37.294+0000] {processor.py:925} INFO - DAG(s) 'example_python_operator' retrieved from /home/airflow/.local/lib/python3.12/site-packages/airflow/example_dags/example_python_operator.py
[2025-02-06T16:41:37.321+0000] {logging_mixin.py:190} INFO - [2025-02-06T16:41:37.321+0000] {dag.py:3239} INFO - Sync 1 DAGs
[2025-02-06T16:41:37.340+0000] {logging_mixin.py:190} INFO - [2025-02-06T16:41:37.340+0000] {dag.py:4180} INFO - Setting next_dagrun for example_python_operator to None, run_after=None
[2025-02-06T16:41:37.372+0000] {processor.py:208} INFO - Processing /home/airflow/.local/lib/python3.12/site-packages/airflow/example_dags/example_python_operator.py took 0.104 seconds
[2025-02-06T16:42:07.535+0000] {processor.py:186} INFO - Started process (PID=687) to work on /home/airflow/.local/lib/python3.12/site-packages/airflow/example_dags/example_python_operator.py
[2025-02-06T16:42:07.537+0000] {processor.py:914} INFO - Processing file /home/airflow/.local/lib/python3.12/site-packages/airflow/example_dags/example_python_operator.py for tasks to queue
[2025-02-06T16:42:07.540+0000] {logging_mixin.py:190} INFO - [2025-02-06T16:42:07.539+0000] {dagbag.py:588} INFO - Filling up the DagBag from /home/airflow/.local/lib/python3.12/site-packages/airflow/example_dags/example_python_operator.py
[2025-02-06T16:42:07.554+0000] {processor.py:925} INFO - DAG(s) 'example_python_operator' retrieved from /home/airflow/.local/lib/python3.12/site-packages/airflow/example_dags/example_python_operator.py
[2025-02-06T16:42:07.582+0000] {logging_mixin.py:190} INFO - [2025-02-06T16:42:07.582+0000] {dag.py:3239} INFO - Sync 1 DAGs
[2025-02-06T16:42:07.600+0000] {logging_mixin.py:190} INFO - [2025-02-06T16:42:07.600+0000] {dag.py:4180} INFO - Setting next_dagrun for example_python_operator to None, run_after=None
[2025-02-06T16:42:07.623+0000] {processor.py:208} INFO - Processing /home/airflow/.local/lib/python3.12/site-packages/airflow/example_dags/example_python_operator.py took 0.095 seconds
[2025-02-06T16:42:37.700+0000] {processor.py:186} INFO - Started process (PID=744) to work on /home/airflow/.local/lib/python3.12/site-packages/airflow/example_dags/example_python_operator.py
[2025-02-06T16:42:37.702+0000] {processor.py:914} INFO - Processing file /home/airflow/.local/lib/python3.12/site-packages/airflow/example_dags/example_python_operator.py for tasks to queue
[2025-02-06T16:42:37.705+0000] {logging_mixin.py:190} INFO - [2025-02-06T16:42:37.704+0000] {dagbag.py:588} INFO - Filling up the DagBag from /home/airflow/.local/lib/python3.12/site-packages/airflow/example_dags/example_python_operator.py
[2025-02-06T16:42:37.721+0000] {processor.py:925} INFO - DAG(s) 'example_python_operator' retrieved from /home/airflow/.local/lib/python3.12/site-packages/airflow/example_dags/example_python_operator.py
[2025-02-06T16:42:37.753+0000] {logging_mixin.py:190} INFO - [2025-02-06T16:42:37.753+0000] {dag.py:3239} INFO - Sync 1 DAGs
[2025-02-06T16:42:37.771+0000] {logging_mixin.py:190} INFO - [2025-02-06T16:42:37.771+0000] {dag.py:4180} INFO - Setting next_dagrun for example_python_operator to None, run_after=None
[2025-02-06T16:42:37.795+0000] {processor.py:208} INFO - Processing /home/airflow/.local/lib/python3.12/site-packages/airflow/example_dags/example_python_operator.py took 0.103 seconds
[2025-02-06T16:43:08.642+0000] {processor.py:186} INFO - Started process (PID=801) to work on /home/airflow/.local/lib/python3.12/site-packages/airflow/example_dags/example_python_operator.py
[2025-02-06T16:43:08.643+0000] {processor.py:914} INFO - Processing file /home/airflow/.local/lib/python3.12/site-packages/airflow/example_dags/example_python_operator.py for tasks to queue
[2025-02-06T16:43:08.646+0000] {logging_mixin.py:190} INFO - [2025-02-06T16:43:08.646+0000] {dagbag.py:588} INFO - Filling up the DagBag from /home/airflow/.local/lib/python3.12/site-packages/airflow/example_dags/example_python_operator.py
[2025-02-06T16:43:08.660+0000] {processor.py:925} INFO - DAG(s) 'example_python_operator' retrieved from /home/airflow/.local/lib/python3.12/site-packages/airflow/example_dags/example_python_operator.py
[2025-02-06T16:43:08.686+0000] {logging_mixin.py:190} INFO - [2025-02-06T16:43:08.686+0000] {dag.py:3239} INFO - Sync 1 DAGs
[2025-02-06T16:43:08.703+0000] {logging_mixin.py:190} INFO - [2025-02-06T16:43:08.703+0000] {dag.py:4180} INFO - Setting next_dagrun for example_python_operator to None, run_after=None
[2025-02-06T16:43:08.730+0000] {processor.py:208} INFO - Processing /home/airflow/.local/lib/python3.12/site-packages/airflow/example_dags/example_python_operator.py took 0.096 seconds
[2025-02-06T16:43:39.406+0000] {processor.py:186} INFO - Started process (PID=858) to work on /home/airflow/.local/lib/python3.12/site-packages/airflow/example_dags/example_python_operator.py
[2025-02-06T16:43:39.407+0000] {processor.py:914} INFO - Processing file /home/airflow/.local/lib/python3.12/site-packages/airflow/example_dags/example_python_operator.py for tasks to queue
[2025-02-06T16:43:39.410+0000] {logging_mixin.py:190} INFO - [2025-02-06T16:43:39.410+0000] {dagbag.py:588} INFO - Filling up the DagBag from /home/airflow/.local/lib/python3.12/site-packages/airflow/example_dags/example_python_operator.py
[2025-02-06T16:43:39.425+0000] {processor.py:925} INFO - DAG(s) 'example_python_operator' retrieved from /home/airflow/.local/lib/python3.12/site-packages/airflow/example_dags/example_python_operator.py
[2025-02-06T16:43:39.453+0000] {logging_mixin.py:190} INFO - [2025-02-06T16:43:39.452+0000] {dag.py:3239} INFO - Sync 1 DAGs
[2025-02-06T16:43:39.470+0000] {logging_mixin.py:190} INFO - [2025-02-06T16:43:39.470+0000] {dag.py:4180} INFO - Setting next_dagrun for example_python_operator to None, run_after=None
[2025-02-06T16:43:39.499+0000] {processor.py:208} INFO - Processing /home/airflow/.local/lib/python3.12/site-packages/airflow/example_dags/example_python_operator.py took 0.100 seconds
[2025-02-06T16:44:09.651+0000] {processor.py:186} INFO - Started process (PID=915) to work on /home/airflow/.local/lib/python3.12/site-packages/airflow/example_dags/example_python_operator.py
[2025-02-06T16:44:09.652+0000] {processor.py:914} INFO - Processing file /home/airflow/.local/lib/python3.12/site-packages/airflow/example_dags/example_python_operator.py for tasks to queue
[2025-02-06T16:44:09.656+0000] {logging_mixin.py:190} INFO - [2025-02-06T16:44:09.655+0000] {dagbag.py:588} INFO - Filling up the DagBag from /home/airflow/.local/lib/python3.12/site-packages/airflow/example_dags/example_python_operator.py
[2025-02-06T16:44:09.678+0000] {processor.py:925} INFO - DAG(s) 'example_python_operator' retrieved from /home/airflow/.local/lib/python3.12/site-packages/airflow/example_dags/example_python_operator.py
[2025-02-06T16:44:09.707+0000] {logging_mixin.py:190} INFO - [2025-02-06T16:44:09.706+0000] {dag.py:3239} INFO - Sync 1 DAGs
[2025-02-06T16:44:09.725+0000] {logging_mixin.py:190} INFO - [2025-02-06T16:44:09.725+0000] {dag.py:4180} INFO - Setting next_dagrun for example_python_operator to None, run_after=None
[2025-02-06T16:44:09.753+0000] {processor.py:208} INFO - Processing /home/airflow/.local/lib/python3.12/site-packages/airflow/example_dags/example_python_operator.py took 0.110 seconds
[2025-02-06T16:44:39.957+0000] {processor.py:186} INFO - Started process (PID=972) to work on /home/airflow/.local/lib/python3.12/site-packages/airflow/example_dags/example_python_operator.py
[2025-02-06T16:44:39.958+0000] {processor.py:914} INFO - Processing file /home/airflow/.local/lib/python3.12/site-packages/airflow/example_dags/example_python_operator.py for tasks to queue
[2025-02-06T16:44:39.961+0000] {logging_mixin.py:190} INFO - [2025-02-06T16:44:39.961+0000] {dagbag.py:588} INFO - Filling up the DagBag from /home/airflow/.local/lib/python3.12/site-packages/airflow/example_dags/example_python_operator.py
[2025-02-06T16:44:39.977+0000] {processor.py:925} INFO - DAG(s) 'example_python_operator' retrieved from /home/airflow/.local/lib/python3.12/site-packages/airflow/example_dags/example_python_operator.py
[2025-02-06T16:44:40.004+0000] {logging_mixin.py:190} INFO - [2025-02-06T16:44:40.004+0000] {dag.py:3239} INFO - Sync 1 DAGs
[2025-02-06T16:44:40.022+0000] {logging_mixin.py:190} INFO - [2025-02-06T16:44:40.022+0000] {dag.py:4180} INFO - Setting next_dagrun for example_python_operator to None, run_after=None
[2025-02-06T16:44:40.051+0000] {processor.py:208} INFO - Processing /home/airflow/.local/lib/python3.12/site-packages/airflow/example_dags/example_python_operator.py took 0.102 seconds
[2025-02-06T16:45:10.212+0000] {processor.py:186} INFO - Started process (PID=1029) to work on /home/airflow/.local/lib/python3.12/site-packages/airflow/example_dags/example_python_operator.py
[2025-02-06T16:45:10.214+0000] {processor.py:914} INFO - Processing file /home/airflow/.local/lib/python3.12/site-packages/airflow/example_dags/example_python_operator.py for tasks to queue
[2025-02-06T16:45:10.217+0000] {logging_mixin.py:190} INFO - [2025-02-06T16:45:10.216+0000] {dagbag.py:588} INFO - Filling up the DagBag from /home/airflow/.local/lib/python3.12/site-packages/airflow/example_dags/example_python_operator.py
[2025-02-06T16:45:10.232+0000] {processor.py:925} INFO - DAG(s) 'example_python_operator' retrieved from /home/airflow/.local/lib/python3.12/site-packages/airflow/example_dags/example_python_operator.py
[2025-02-06T16:45:10.257+0000] {logging_mixin.py:190} INFO - [2025-02-06T16:45:10.257+0000] {dag.py:3239} INFO - Sync 1 DAGs
[2025-02-06T16:45:10.275+0000] {logging_mixin.py:190} INFO - [2025-02-06T16:45:10.275+0000] {dag.py:4180} INFO - Setting next_dagrun for example_python_operator to None, run_after=None
[2025-02-06T16:45:10.302+0000] {processor.py:208} INFO - Processing /home/airflow/.local/lib/python3.12/site-packages/airflow/example_dags/example_python_operator.py took 0.102 seconds
[2025-02-06T16:45:40.947+0000] {processor.py:186} INFO - Started process (PID=1086) to work on /home/airflow/.local/lib/python3.12/site-packages/airflow/example_dags/example_python_operator.py
[2025-02-06T16:45:40.948+0000] {processor.py:914} INFO - Processing file /home/airflow/.local/lib/python3.12/site-packages/airflow/example_dags/example_python_operator.py for tasks to queue
[2025-02-06T16:45:40.951+0000] {logging_mixin.py:190} INFO - [2025-02-06T16:45:40.951+0000] {dagbag.py:588} INFO - Filling up the DagBag from /home/airflow/.local/lib/python3.12/site-packages/airflow/example_dags/example_python_operator.py
[2025-02-06T16:45:40.966+0000] {processor.py:925} INFO - DAG(s) 'example_python_operator' retrieved from /home/airflow/.local/lib/python3.12/site-packages/airflow/example_dags/example_python_operator.py
[2025-02-06T16:45:40.992+0000] {logging_mixin.py:190} INFO - [2025-02-06T16:45:40.991+0000] {dag.py:3239} INFO - Sync 1 DAGs
[2025-02-06T16:45:41.008+0000] {logging_mixin.py:190} INFO - [2025-02-06T16:45:41.008+0000] {dag.py:4180} INFO - Setting next_dagrun for example_python_operator to None, run_after=None
[2025-02-06T16:45:41.030+0000] {processor.py:208} INFO - Processing /home/airflow/.local/lib/python3.12/site-packages/airflow/example_dags/example_python_operator.py took 0.091 seconds
[2025-02-06T16:46:11.769+0000] {processor.py:186} INFO - Started process (PID=1143) to work on /home/airflow/.local/lib/python3.12/site-packages/airflow/example_dags/example_python_operator.py
[2025-02-06T16:46:11.771+0000] {processor.py:914} INFO - Processing file /home/airflow/.local/lib/python3.12/site-packages/airflow/example_dags/example_python_operator.py for tasks to queue
[2025-02-06T16:46:11.774+0000] {logging_mixin.py:190} INFO - [2025-02-06T16:46:11.773+0000] {dagbag.py:588} INFO - Filling up the DagBag from /home/airflow/.local/lib/python3.12/site-packages/airflow/example_dags/example_python_operator.py
[2025-02-06T16:46:11.790+0000] {processor.py:925} INFO - DAG(s) 'example_python_operator' retrieved from /home/airflow/.local/lib/python3.12/site-packages/airflow/example_dags/example_python_operator.py
[2025-02-06T16:46:11.818+0000] {logging_mixin.py:190} INFO - [2025-02-06T16:46:11.818+0000] {dag.py:3239} INFO - Sync 1 DAGs
[2025-02-06T16:46:11.846+0000] {logging_mixin.py:190} INFO - [2025-02-06T16:46:11.845+0000] {dag.py:4180} INFO - Setting next_dagrun for example_python_operator to None, run_after=None
[2025-02-06T16:46:11.877+0000] {processor.py:208} INFO - Processing /home/airflow/.local/lib/python3.12/site-packages/airflow/example_dags/example_python_operator.py took 0.115 seconds
[2025-02-06T16:46:42.108+0000] {processor.py:186} INFO - Started process (PID=1200) to work on /home/airflow/.local/lib/python3.12/site-packages/airflow/example_dags/example_python_operator.py
[2025-02-06T16:46:42.109+0000] {processor.py:914} INFO - Processing file /home/airflow/.local/lib/python3.12/site-packages/airflow/example_dags/example_python_operator.py for tasks to queue
[2025-02-06T16:46:42.112+0000] {logging_mixin.py:190} INFO - [2025-02-06T16:46:42.112+0000] {dagbag.py:588} INFO - Filling up the DagBag from /home/airflow/.local/lib/python3.12/site-packages/airflow/example_dags/example_python_operator.py
[2025-02-06T16:46:42.127+0000] {processor.py:925} INFO - DAG(s) 'example_python_operator' retrieved from /home/airflow/.local/lib/python3.12/site-packages/airflow/example_dags/example_python_operator.py
[2025-02-06T16:46:42.153+0000] {logging_mixin.py:190} INFO - [2025-02-06T16:46:42.153+0000] {dag.py:3239} INFO - Sync 1 DAGs
[2025-02-06T16:46:42.171+0000] {logging_mixin.py:190} INFO - [2025-02-06T16:46:42.171+0000] {dag.py:4180} INFO - Setting next_dagrun for example_python_operator to None, run_after=None
[2025-02-06T16:46:42.192+0000] {processor.py:208} INFO - Processing /home/airflow/.local/lib/python3.12/site-packages/airflow/example_dags/example_python_operator.py took 0.092 seconds
[2025-02-06T16:47:15.952+0000] {processor.py:186} INFO - Started process (PID=1256) to work on /home/airflow/.local/lib/python3.12/site-packages/airflow/example_dags/example_python_operator.py
[2025-02-06T16:47:15.965+0000] {processor.py:914} INFO - Processing file /home/airflow/.local/lib/python3.12/site-packages/airflow/example_dags/example_python_operator.py for tasks to queue
[2025-02-06T16:47:15.971+0000] {logging_mixin.py:190} INFO - [2025-02-06T16:47:15.971+0000] {dagbag.py:588} INFO - Filling up the DagBag from /home/airflow/.local/lib/python3.12/site-packages/airflow/example_dags/example_python_operator.py
[2025-02-06T16:47:16.034+0000] {processor.py:925} INFO - DAG(s) 'example_python_operator' retrieved from /home/airflow/.local/lib/python3.12/site-packages/airflow/example_dags/example_python_operator.py
[2025-02-06T16:47:16.188+0000] {logging_mixin.py:190} INFO - [2025-02-06T16:47:16.187+0000] {dag.py:3239} INFO - Sync 1 DAGs
[2025-02-06T16:47:16.334+0000] {logging_mixin.py:190} INFO - [2025-02-06T16:47:16.334+0000] {dag.py:4180} INFO - Setting next_dagrun for example_python_operator to None, run_after=None
[2025-02-06T16:47:16.506+0000] {processor.py:208} INFO - Processing /home/airflow/.local/lib/python3.12/site-packages/airflow/example_dags/example_python_operator.py took 0.576 seconds
[2025-02-06T16:47:47.032+0000] {processor.py:186} INFO - Started process (PID=1313) to work on /home/airflow/.local/lib/python3.12/site-packages/airflow/example_dags/example_python_operator.py
[2025-02-06T16:47:47.034+0000] {processor.py:914} INFO - Processing file /home/airflow/.local/lib/python3.12/site-packages/airflow/example_dags/example_python_operator.py for tasks to queue
[2025-02-06T16:47:47.039+0000] {logging_mixin.py:190} INFO - [2025-02-06T16:47:47.038+0000] {dagbag.py:588} INFO - Filling up the DagBag from /home/airflow/.local/lib/python3.12/site-packages/airflow/example_dags/example_python_operator.py
[2025-02-06T16:47:47.093+0000] {processor.py:925} INFO - DAG(s) 'example_python_operator' retrieved from /home/airflow/.local/lib/python3.12/site-packages/airflow/example_dags/example_python_operator.py
[2025-02-06T16:47:47.160+0000] {logging_mixin.py:190} INFO - [2025-02-06T16:47:47.160+0000] {dag.py:3239} INFO - Sync 1 DAGs
[2025-02-06T16:47:47.225+0000] {logging_mixin.py:190} INFO - [2025-02-06T16:47:47.224+0000] {dag.py:4180} INFO - Setting next_dagrun for example_python_operator to None, run_after=None
[2025-02-06T16:47:47.290+0000] {processor.py:208} INFO - Processing /home/airflow/.local/lib/python3.12/site-packages/airflow/example_dags/example_python_operator.py took 0.279 seconds
[2025-02-06T16:48:17.999+0000] {processor.py:186} INFO - Started process (PID=1370) to work on /home/airflow/.local/lib/python3.12/site-packages/airflow/example_dags/example_python_operator.py
[2025-02-06T16:48:18.000+0000] {processor.py:914} INFO - Processing file /home/airflow/.local/lib/python3.12/site-packages/airflow/example_dags/example_python_operator.py for tasks to queue
[2025-02-06T16:48:18.003+0000] {logging_mixin.py:190} INFO - [2025-02-06T16:48:18.002+0000] {dagbag.py:588} INFO - Filling up the DagBag from /home/airflow/.local/lib/python3.12/site-packages/airflow/example_dags/example_python_operator.py
[2025-02-06T16:48:18.020+0000] {processor.py:925} INFO - DAG(s) 'example_python_operator' retrieved from /home/airflow/.local/lib/python3.12/site-packages/airflow/example_dags/example_python_operator.py
[2025-02-06T16:48:18.052+0000] {logging_mixin.py:190} INFO - [2025-02-06T16:48:18.052+0000] {dag.py:3239} INFO - Sync 1 DAGs
[2025-02-06T16:48:18.073+0000] {logging_mixin.py:190} INFO - [2025-02-06T16:48:18.072+0000] {dag.py:4180} INFO - Setting next_dagrun for example_python_operator to None, run_after=None
[2025-02-06T16:48:18.100+0000] {processor.py:208} INFO - Processing /home/airflow/.local/lib/python3.12/site-packages/airflow/example_dags/example_python_operator.py took 0.112 seconds
[2025-02-06T16:48:48.509+0000] {processor.py:186} INFO - Started process (PID=1427) to work on /home/airflow/.local/lib/python3.12/site-packages/airflow/example_dags/example_python_operator.py
[2025-02-06T16:48:48.511+0000] {processor.py:914} INFO - Processing file /home/airflow/.local/lib/python3.12/site-packages/airflow/example_dags/example_python_operator.py for tasks to queue
[2025-02-06T16:48:48.514+0000] {logging_mixin.py:190} INFO - [2025-02-06T16:48:48.513+0000] {dagbag.py:588} INFO - Filling up the DagBag from /home/airflow/.local/lib/python3.12/site-packages/airflow/example_dags/example_python_operator.py
[2025-02-06T16:48:48.530+0000] {processor.py:925} INFO - DAG(s) 'example_python_operator' retrieved from /home/airflow/.local/lib/python3.12/site-packages/airflow/example_dags/example_python_operator.py
[2025-02-06T16:48:48.560+0000] {logging_mixin.py:190} INFO - [2025-02-06T16:48:48.559+0000] {dag.py:3239} INFO - Sync 1 DAGs
[2025-02-06T16:48:48.578+0000] {logging_mixin.py:190} INFO - [2025-02-06T16:48:48.578+0000] {dag.py:4180} INFO - Setting next_dagrun for example_python_operator to None, run_after=None
[2025-02-06T16:48:48.602+0000] {processor.py:208} INFO - Processing /home/airflow/.local/lib/python3.12/site-packages/airflow/example_dags/example_python_operator.py took 0.100 seconds
[2025-02-06T16:49:19.097+0000] {processor.py:186} INFO - Started process (PID=1483) to work on /home/airflow/.local/lib/python3.12/site-packages/airflow/example_dags/example_python_operator.py
[2025-02-06T16:49:19.099+0000] {processor.py:914} INFO - Processing file /home/airflow/.local/lib/python3.12/site-packages/airflow/example_dags/example_python_operator.py for tasks to queue
[2025-02-06T16:49:19.102+0000] {logging_mixin.py:190} INFO - [2025-02-06T16:49:19.101+0000] {dagbag.py:588} INFO - Filling up the DagBag from /home/airflow/.local/lib/python3.12/site-packages/airflow/example_dags/example_python_operator.py
[2025-02-06T16:49:19.118+0000] {processor.py:925} INFO - DAG(s) 'example_python_operator' retrieved from /home/airflow/.local/lib/python3.12/site-packages/airflow/example_dags/example_python_operator.py
[2025-02-06T16:49:19.147+0000] {logging_mixin.py:190} INFO - [2025-02-06T16:49:19.147+0000] {dag.py:3239} INFO - Sync 1 DAGs
[2025-02-06T16:49:19.165+0000] {logging_mixin.py:190} INFO - [2025-02-06T16:49:19.165+0000] {dag.py:4180} INFO - Setting next_dagrun for example_python_operator to None, run_after=None
[2025-02-06T16:49:19.190+0000] {processor.py:208} INFO - Processing /home/airflow/.local/lib/python3.12/site-packages/airflow/example_dags/example_python_operator.py took 0.101 seconds
[2025-02-06T16:49:49.809+0000] {processor.py:186} INFO - Started process (PID=1540) to work on /home/airflow/.local/lib/python3.12/site-packages/airflow/example_dags/example_python_operator.py
[2025-02-06T16:49:49.811+0000] {processor.py:914} INFO - Processing file /home/airflow/.local/lib/python3.12/site-packages/airflow/example_dags/example_python_operator.py for tasks to queue
[2025-02-06T16:49:49.821+0000] {logging_mixin.py:190} INFO - [2025-02-06T16:49:49.813+0000] {dagbag.py:588} INFO - Filling up the DagBag from /home/airflow/.local/lib/python3.12/site-packages/airflow/example_dags/example_python_operator.py
[2025-02-06T16:49:49.852+0000] {processor.py:925} INFO - DAG(s) 'example_python_operator' retrieved from /home/airflow/.local/lib/python3.12/site-packages/airflow/example_dags/example_python_operator.py
[2025-02-06T16:49:49.934+0000] {logging_mixin.py:190} INFO - [2025-02-06T16:49:49.933+0000] {dag.py:3239} INFO - Sync 1 DAGs
[2025-02-06T16:49:49.979+0000] {logging_mixin.py:190} INFO - [2025-02-06T16:49:49.979+0000] {dag.py:4180} INFO - Setting next_dagrun for example_python_operator to None, run_after=None
[2025-02-06T16:49:50.037+0000] {processor.py:208} INFO - Processing /home/airflow/.local/lib/python3.12/site-packages/airflow/example_dags/example_python_operator.py took 0.249 seconds
[2025-02-06T16:50:20.152+0000] {processor.py:186} INFO - Started process (PID=1597) to work on /home/airflow/.local/lib/python3.12/site-packages/airflow/example_dags/example_python_operator.py
[2025-02-06T16:50:20.153+0000] {processor.py:914} INFO - Processing file /home/airflow/.local/lib/python3.12/site-packages/airflow/example_dags/example_python_operator.py for tasks to queue
[2025-02-06T16:50:20.156+0000] {logging_mixin.py:190} INFO - [2025-02-06T16:50:20.156+0000] {dagbag.py:588} INFO - Filling up the DagBag from /home/airflow/.local/lib/python3.12/site-packages/airflow/example_dags/example_python_operator.py
[2025-02-06T16:50:20.171+0000] {processor.py:925} INFO - DAG(s) 'example_python_operator' retrieved from /home/airflow/.local/lib/python3.12/site-packages/airflow/example_dags/example_python_operator.py
[2025-02-06T16:50:20.201+0000] {logging_mixin.py:190} INFO - [2025-02-06T16:50:20.201+0000] {dag.py:3239} INFO - Sync 1 DAGs
[2025-02-06T16:50:20.247+0000] {logging_mixin.py:190} INFO - [2025-02-06T16:50:20.247+0000] {dag.py:4180} INFO - Setting next_dagrun for example_python_operator to None, run_after=None
[2025-02-06T16:50:20.294+0000] {processor.py:208} INFO - Processing /home/airflow/.local/lib/python3.12/site-packages/airflow/example_dags/example_python_operator.py took 0.150 seconds
[2025-02-06T16:50:50.842+0000] {processor.py:186} INFO - Started process (PID=1654) to work on /home/airflow/.local/lib/python3.12/site-packages/airflow/example_dags/example_python_operator.py
[2025-02-06T16:50:50.843+0000] {processor.py:914} INFO - Processing file /home/airflow/.local/lib/python3.12/site-packages/airflow/example_dags/example_python_operator.py for tasks to queue
[2025-02-06T16:50:50.847+0000] {logging_mixin.py:190} INFO - [2025-02-06T16:50:50.846+0000] {dagbag.py:588} INFO - Filling up the DagBag from /home/airflow/.local/lib/python3.12/site-packages/airflow/example_dags/example_python_operator.py
[2025-02-06T16:50:50.870+0000] {processor.py:925} INFO - DAG(s) 'example_python_operator' retrieved from /home/airflow/.local/lib/python3.12/site-packages/airflow/example_dags/example_python_operator.py
[2025-02-06T16:50:50.902+0000] {logging_mixin.py:190} INFO - [2025-02-06T16:50:50.901+0000] {dag.py:3239} INFO - Sync 1 DAGs
[2025-02-06T16:50:50.923+0000] {logging_mixin.py:190} INFO - [2025-02-06T16:50:50.922+0000] {dag.py:4180} INFO - Setting next_dagrun for example_python_operator to None, run_after=None
[2025-02-06T16:50:50.951+0000] {processor.py:208} INFO - Processing /home/airflow/.local/lib/python3.12/site-packages/airflow/example_dags/example_python_operator.py took 0.116 seconds
[2025-02-06T16:51:21.068+0000] {processor.py:186} INFO - Started process (PID=1711) to work on /home/airflow/.local/lib/python3.12/site-packages/airflow/example_dags/example_python_operator.py
[2025-02-06T16:51:21.070+0000] {processor.py:914} INFO - Processing file /home/airflow/.local/lib/python3.12/site-packages/airflow/example_dags/example_python_operator.py for tasks to queue
[2025-02-06T16:51:21.072+0000] {logging_mixin.py:190} INFO - [2025-02-06T16:51:21.072+0000] {dagbag.py:588} INFO - Filling up the DagBag from /home/airflow/.local/lib/python3.12/site-packages/airflow/example_dags/example_python_operator.py
[2025-02-06T16:51:21.092+0000] {processor.py:925} INFO - DAG(s) 'example_python_operator' retrieved from /home/airflow/.local/lib/python3.12/site-packages/airflow/example_dags/example_python_operator.py
[2025-02-06T16:51:21.124+0000] {logging_mixin.py:190} INFO - [2025-02-06T16:51:21.123+0000] {dag.py:3239} INFO - Sync 1 DAGs
[2025-02-06T16:51:21.143+0000] {logging_mixin.py:190} INFO - [2025-02-06T16:51:21.143+0000] {dag.py:4180} INFO - Setting next_dagrun for example_python_operator to None, run_after=None
[2025-02-06T16:51:21.173+0000] {processor.py:208} INFO - Processing /home/airflow/.local/lib/python3.12/site-packages/airflow/example_dags/example_python_operator.py took 0.113 seconds
[2025-02-06T16:51:51.696+0000] {processor.py:186} INFO - Started process (PID=1768) to work on /home/airflow/.local/lib/python3.12/site-packages/airflow/example_dags/example_python_operator.py
[2025-02-06T16:51:51.697+0000] {processor.py:914} INFO - Processing file /home/airflow/.local/lib/python3.12/site-packages/airflow/example_dags/example_python_operator.py for tasks to queue
[2025-02-06T16:51:51.700+0000] {logging_mixin.py:190} INFO - [2025-02-06T16:51:51.700+0000] {dagbag.py:588} INFO - Filling up the DagBag from /home/airflow/.local/lib/python3.12/site-packages/airflow/example_dags/example_python_operator.py
[2025-02-06T16:51:51.724+0000] {processor.py:925} INFO - DAG(s) 'example_python_operator' retrieved from /home/airflow/.local/lib/python3.12/site-packages/airflow/example_dags/example_python_operator.py
[2025-02-06T16:51:51.751+0000] {logging_mixin.py:190} INFO - [2025-02-06T16:51:51.751+0000] {dag.py:3239} INFO - Sync 1 DAGs
[2025-02-06T16:51:51.769+0000] {logging_mixin.py:190} INFO - [2025-02-06T16:51:51.769+0000] {dag.py:4180} INFO - Setting next_dagrun for example_python_operator to None, run_after=None
[2025-02-06T16:51:51.794+0000] {processor.py:208} INFO - Processing /home/airflow/.local/lib/python3.12/site-packages/airflow/example_dags/example_python_operator.py took 0.107 seconds
[2025-02-06T16:52:22.200+0000] {processor.py:186} INFO - Started process (PID=1825) to work on /home/airflow/.local/lib/python3.12/site-packages/airflow/example_dags/example_python_operator.py
[2025-02-06T16:52:22.201+0000] {processor.py:914} INFO - Processing file /home/airflow/.local/lib/python3.12/site-packages/airflow/example_dags/example_python_operator.py for tasks to queue
[2025-02-06T16:52:22.204+0000] {logging_mixin.py:190} INFO - [2025-02-06T16:52:22.203+0000] {dagbag.py:588} INFO - Filling up the DagBag from /home/airflow/.local/lib/python3.12/site-packages/airflow/example_dags/example_python_operator.py
[2025-02-06T16:52:22.223+0000] {processor.py:925} INFO - DAG(s) 'example_python_operator' retrieved from /home/airflow/.local/lib/python3.12/site-packages/airflow/example_dags/example_python_operator.py
[2025-02-06T16:52:22.253+0000] {logging_mixin.py:190} INFO - [2025-02-06T16:52:22.253+0000] {dag.py:3239} INFO - Sync 1 DAGs
[2025-02-06T16:52:22.272+0000] {logging_mixin.py:190} INFO - [2025-02-06T16:52:22.272+0000] {dag.py:4180} INFO - Setting next_dagrun for example_python_operator to None, run_after=None
[2025-02-06T16:52:22.298+0000] {processor.py:208} INFO - Processing /home/airflow/.local/lib/python3.12/site-packages/airflow/example_dags/example_python_operator.py took 0.106 seconds
[2025-02-06T16:52:52.409+0000] {processor.py:186} INFO - Started process (PID=1882) to work on /home/airflow/.local/lib/python3.12/site-packages/airflow/example_dags/example_python_operator.py
[2025-02-06T16:52:52.411+0000] {processor.py:914} INFO - Processing file /home/airflow/.local/lib/python3.12/site-packages/airflow/example_dags/example_python_operator.py for tasks to queue
[2025-02-06T16:52:52.414+0000] {logging_mixin.py:190} INFO - [2025-02-06T16:52:52.413+0000] {dagbag.py:588} INFO - Filling up the DagBag from /home/airflow/.local/lib/python3.12/site-packages/airflow/example_dags/example_python_operator.py
[2025-02-06T16:52:52.430+0000] {processor.py:925} INFO - DAG(s) 'example_python_operator' retrieved from /home/airflow/.local/lib/python3.12/site-packages/airflow/example_dags/example_python_operator.py
[2025-02-06T16:52:52.459+0000] {logging_mixin.py:190} INFO - [2025-02-06T16:52:52.458+0000] {dag.py:3239} INFO - Sync 1 DAGs
[2025-02-06T16:52:52.477+0000] {logging_mixin.py:190} INFO - [2025-02-06T16:52:52.477+0000] {dag.py:4180} INFO - Setting next_dagrun for example_python_operator to None, run_after=None
[2025-02-06T16:52:52.500+0000] {processor.py:208} INFO - Processing /home/airflow/.local/lib/python3.12/site-packages/airflow/example_dags/example_python_operator.py took 0.099 seconds
[2025-02-06T16:53:23.878+0000] {processor.py:186} INFO - Started process (PID=1939) to work on /home/airflow/.local/lib/python3.12/site-packages/airflow/example_dags/example_python_operator.py
[2025-02-06T16:53:23.880+0000] {processor.py:914} INFO - Processing file /home/airflow/.local/lib/python3.12/site-packages/airflow/example_dags/example_python_operator.py for tasks to queue
[2025-02-06T16:53:23.888+0000] {logging_mixin.py:190} INFO - [2025-02-06T16:53:23.887+0000] {dagbag.py:588} INFO - Filling up the DagBag from /home/airflow/.local/lib/python3.12/site-packages/airflow/example_dags/example_python_operator.py
[2025-02-06T16:53:23.911+0000] {processor.py:925} INFO - DAG(s) 'example_python_operator' retrieved from /home/airflow/.local/lib/python3.12/site-packages/airflow/example_dags/example_python_operator.py
[2025-02-06T16:53:23.942+0000] {logging_mixin.py:190} INFO - [2025-02-06T16:53:23.941+0000] {dag.py:3239} INFO - Sync 1 DAGs
[2025-02-06T16:53:23.965+0000] {logging_mixin.py:190} INFO - [2025-02-06T16:53:23.965+0000] {dag.py:4180} INFO - Setting next_dagrun for example_python_operator to None, run_after=None
[2025-02-06T16:53:23.998+0000] {processor.py:208} INFO - Processing /home/airflow/.local/lib/python3.12/site-packages/airflow/example_dags/example_python_operator.py took 0.128 seconds
[2025-02-06T16:53:56.475+0000] {processor.py:186} INFO - Started process (PID=1996) to work on /home/airflow/.local/lib/python3.12/site-packages/airflow/example_dags/example_python_operator.py
[2025-02-06T16:53:56.477+0000] {processor.py:914} INFO - Processing file /home/airflow/.local/lib/python3.12/site-packages/airflow/example_dags/example_python_operator.py for tasks to queue
[2025-02-06T16:53:56.492+0000] {logging_mixin.py:190} INFO - [2025-02-06T16:53:56.487+0000] {dagbag.py:588} INFO - Filling up the DagBag from /home/airflow/.local/lib/python3.12/site-packages/airflow/example_dags/example_python_operator.py
[2025-02-06T16:53:56.540+0000] {processor.py:925} INFO - DAG(s) 'example_python_operator' retrieved from /home/airflow/.local/lib/python3.12/site-packages/airflow/example_dags/example_python_operator.py
[2025-02-06T16:53:56.604+0000] {logging_mixin.py:190} INFO - [2025-02-06T16:53:56.603+0000] {dag.py:3239} INFO - Sync 1 DAGs
[2025-02-06T16:53:56.668+0000] {logging_mixin.py:190} INFO - [2025-02-06T16:53:56.667+0000] {dag.py:4180} INFO - Setting next_dagrun for example_python_operator to None, run_after=None
[2025-02-06T16:53:56.744+0000] {processor.py:208} INFO - Processing /home/airflow/.local/lib/python3.12/site-packages/airflow/example_dags/example_python_operator.py took 0.279 seconds
[2025-02-06T16:54:28.499+0000] {processor.py:186} INFO - Started process (PID=2051) to work on /home/airflow/.local/lib/python3.12/site-packages/airflow/example_dags/example_python_operator.py
[2025-02-06T16:54:28.500+0000] {processor.py:914} INFO - Processing file /home/airflow/.local/lib/python3.12/site-packages/airflow/example_dags/example_python_operator.py for tasks to queue
[2025-02-06T16:54:28.504+0000] {logging_mixin.py:190} INFO - [2025-02-06T16:54:28.503+0000] {dagbag.py:588} INFO - Filling up the DagBag from /home/airflow/.local/lib/python3.12/site-packages/airflow/example_dags/example_python_operator.py
[2025-02-06T16:54:28.529+0000] {processor.py:925} INFO - DAG(s) 'example_python_operator' retrieved from /home/airflow/.local/lib/python3.12/site-packages/airflow/example_dags/example_python_operator.py
[2025-02-06T16:54:28.575+0000] {logging_mixin.py:190} INFO - [2025-02-06T16:54:28.575+0000] {dag.py:3239} INFO - Sync 1 DAGs
[2025-02-06T16:54:28.602+0000] {logging_mixin.py:190} INFO - [2025-02-06T16:54:28.598+0000] {dag.py:4180} INFO - Setting next_dagrun for example_python_operator to None, run_after=None
[2025-02-06T16:54:28.648+0000] {processor.py:208} INFO - Processing /home/airflow/.local/lib/python3.12/site-packages/airflow/example_dags/example_python_operator.py took 0.168 seconds
[2025-02-06T16:54:59.657+0000] {processor.py:186} INFO - Started process (PID=2108) to work on /home/airflow/.local/lib/python3.12/site-packages/airflow/example_dags/example_python_operator.py
[2025-02-06T16:54:59.659+0000] {processor.py:914} INFO - Processing file /home/airflow/.local/lib/python3.12/site-packages/airflow/example_dags/example_python_operator.py for tasks to queue
[2025-02-06T16:54:59.664+0000] {logging_mixin.py:190} INFO - [2025-02-06T16:54:59.663+0000] {dagbag.py:588} INFO - Filling up the DagBag from /home/airflow/.local/lib/python3.12/site-packages/airflow/example_dags/example_python_operator.py
[2025-02-06T16:54:59.723+0000] {processor.py:925} INFO - DAG(s) 'example_python_operator' retrieved from /home/airflow/.local/lib/python3.12/site-packages/airflow/example_dags/example_python_operator.py
[2025-02-06T16:54:59.787+0000] {logging_mixin.py:190} INFO - [2025-02-06T16:54:59.787+0000] {dag.py:3239} INFO - Sync 1 DAGs
[2025-02-06T16:54:59.831+0000] {logging_mixin.py:190} INFO - [2025-02-06T16:54:59.830+0000] {dag.py:4180} INFO - Setting next_dagrun for example_python_operator to None, run_after=None
[2025-02-06T16:54:59.890+0000] {processor.py:208} INFO - Processing /home/airflow/.local/lib/python3.12/site-packages/airflow/example_dags/example_python_operator.py took 0.245 seconds
[2025-02-06T17:23:35.138+0000] {processor.py:186} INFO - Started process (PID=64) to work on /home/airflow/.local/lib/python3.12/site-packages/airflow/example_dags/example_python_operator.py
[2025-02-06T17:23:35.141+0000] {processor.py:914} INFO - Processing file /home/airflow/.local/lib/python3.12/site-packages/airflow/example_dags/example_python_operator.py for tasks to queue
[2025-02-06T17:23:35.145+0000] {logging_mixin.py:190} INFO - [2025-02-06T17:23:35.145+0000] {dagbag.py:588} INFO - Filling up the DagBag from /home/airflow/.local/lib/python3.12/site-packages/airflow/example_dags/example_python_operator.py
[2025-02-06T17:23:35.191+0000] {processor.py:925} INFO - DAG(s) 'example_python_operator' retrieved from /home/airflow/.local/lib/python3.12/site-packages/airflow/example_dags/example_python_operator.py
[2025-02-06T17:23:35.440+0000] {logging_mixin.py:190} INFO - [2025-02-06T17:23:35.439+0000] {override.py:1911} INFO - Created Permission View: can delete on DAG:example_python_operator
[2025-02-06T17:23:35.454+0000] {logging_mixin.py:190} INFO - [2025-02-06T17:23:35.454+0000] {override.py:1911} INFO - Created Permission View: can read on DAG:example_python_operator
[2025-02-06T17:23:35.463+0000] {logging_mixin.py:190} INFO - [2025-02-06T17:23:35.463+0000] {override.py:1911} INFO - Created Permission View: can edit on DAG:example_python_operator
[2025-02-06T17:23:35.475+0000] {logging_mixin.py:190} INFO - [2025-02-06T17:23:35.474+0000] {override.py:1911} INFO - Created Permission View: menu access on DAG Run:example_python_operator
[2025-02-06T17:23:35.484+0000] {logging_mixin.py:190} INFO - [2025-02-06T17:23:35.483+0000] {override.py:1911} INFO - Created Permission View: can delete on DAG Run:example_python_operator
[2025-02-06T17:23:35.493+0000] {logging_mixin.py:190} INFO - [2025-02-06T17:23:35.493+0000] {override.py:1911} INFO - Created Permission View: can create on DAG Run:example_python_operator
[2025-02-06T17:23:35.505+0000] {logging_mixin.py:190} INFO - [2025-02-06T17:23:35.505+0000] {override.py:1911} INFO - Created Permission View: can read on DAG Run:example_python_operator
[2025-02-06T17:23:35.506+0000] {logging_mixin.py:190} INFO - [2025-02-06T17:23:35.506+0000] {dag.py:3239} INFO - Sync 1 DAGs
[2025-02-06T17:23:35.533+0000] {logging_mixin.py:190} INFO - [2025-02-06T17:23:35.532+0000] {dag.py:3262} INFO - Creating ORM DAG for example_python_operator
[2025-02-06T17:23:35.534+0000] {logging_mixin.py:190} INFO - [2025-02-06T17:23:35.534+0000] {dag.py:4180} INFO - Setting next_dagrun for example_python_operator to None, run_after=None
[2025-02-06T17:23:35.560+0000] {processor.py:208} INFO - Processing /home/airflow/.local/lib/python3.12/site-packages/airflow/example_dags/example_python_operator.py took 0.436 seconds
[2025-02-06T17:24:05.629+0000] {processor.py:186} INFO - Started process (PID=121) to work on /home/airflow/.local/lib/python3.12/site-packages/airflow/example_dags/example_python_operator.py
[2025-02-06T17:24:05.631+0000] {processor.py:914} INFO - Processing file /home/airflow/.local/lib/python3.12/site-packages/airflow/example_dags/example_python_operator.py for tasks to queue
[2025-02-06T17:24:05.634+0000] {logging_mixin.py:190} INFO - [2025-02-06T17:24:05.633+0000] {dagbag.py:588} INFO - Filling up the DagBag from /home/airflow/.local/lib/python3.12/site-packages/airflow/example_dags/example_python_operator.py
[2025-02-06T17:24:05.648+0000] {processor.py:925} INFO - DAG(s) 'example_python_operator' retrieved from /home/airflow/.local/lib/python3.12/site-packages/airflow/example_dags/example_python_operator.py
[2025-02-06T17:24:05.675+0000] {logging_mixin.py:190} INFO - [2025-02-06T17:24:05.674+0000] {dag.py:3239} INFO - Sync 1 DAGs
[2025-02-06T17:24:05.692+0000] {logging_mixin.py:190} INFO - [2025-02-06T17:24:05.692+0000] {dag.py:4180} INFO - Setting next_dagrun for example_python_operator to None, run_after=None
[2025-02-06T17:24:05.715+0000] {processor.py:208} INFO - Processing /home/airflow/.local/lib/python3.12/site-packages/airflow/example_dags/example_python_operator.py took 0.098 seconds
[2025-02-06T17:24:37.989+0000] {processor.py:186} INFO - Started process (PID=178) to work on /home/airflow/.local/lib/python3.12/site-packages/airflow/example_dags/example_python_operator.py
[2025-02-06T17:24:37.991+0000] {processor.py:914} INFO - Processing file /home/airflow/.local/lib/python3.12/site-packages/airflow/example_dags/example_python_operator.py for tasks to queue
[2025-02-06T17:24:37.995+0000] {logging_mixin.py:190} INFO - [2025-02-06T17:24:37.995+0000] {dagbag.py:588} INFO - Filling up the DagBag from /home/airflow/.local/lib/python3.12/site-packages/airflow/example_dags/example_python_operator.py
[2025-02-06T17:24:38.033+0000] {processor.py:925} INFO - DAG(s) 'example_python_operator' retrieved from /home/airflow/.local/lib/python3.12/site-packages/airflow/example_dags/example_python_operator.py
[2025-02-06T17:24:38.080+0000] {logging_mixin.py:190} INFO - [2025-02-06T17:24:38.080+0000] {dag.py:3239} INFO - Sync 1 DAGs
[2025-02-06T17:24:38.105+0000] {logging_mixin.py:190} INFO - [2025-02-06T17:24:38.104+0000] {dag.py:4180} INFO - Setting next_dagrun for example_python_operator to None, run_after=None
[2025-02-06T17:24:38.140+0000] {processor.py:208} INFO - Processing /home/airflow/.local/lib/python3.12/site-packages/airflow/example_dags/example_python_operator.py took 0.170 seconds
[2025-02-06T17:25:10.224+0000] {processor.py:186} INFO - Started process (PID=235) to work on /home/airflow/.local/lib/python3.12/site-packages/airflow/example_dags/example_python_operator.py
[2025-02-06T17:25:10.231+0000] {processor.py:914} INFO - Processing file /home/airflow/.local/lib/python3.12/site-packages/airflow/example_dags/example_python_operator.py for tasks to queue
[2025-02-06T17:25:10.235+0000] {logging_mixin.py:190} INFO - [2025-02-06T17:25:10.234+0000] {dagbag.py:588} INFO - Filling up the DagBag from /home/airflow/.local/lib/python3.12/site-packages/airflow/example_dags/example_python_operator.py
[2025-02-06T17:25:10.258+0000] {processor.py:925} INFO - DAG(s) 'example_python_operator' retrieved from /home/airflow/.local/lib/python3.12/site-packages/airflow/example_dags/example_python_operator.py
[2025-02-06T17:25:10.320+0000] {logging_mixin.py:190} INFO - [2025-02-06T17:25:10.319+0000] {dag.py:3239} INFO - Sync 1 DAGs
[2025-02-06T17:25:10.366+0000] {logging_mixin.py:190} INFO - [2025-02-06T17:25:10.366+0000] {dag.py:4180} INFO - Setting next_dagrun for example_python_operator to None, run_after=None
[2025-02-06T17:25:10.577+0000] {processor.py:208} INFO - Processing /home/airflow/.local/lib/python3.12/site-packages/airflow/example_dags/example_python_operator.py took 0.362 seconds
[2025-02-06T17:25:41.755+0000] {processor.py:186} INFO - Started process (PID=292) to work on /home/airflow/.local/lib/python3.12/site-packages/airflow/example_dags/example_python_operator.py
[2025-02-06T17:25:41.758+0000] {processor.py:914} INFO - Processing file /home/airflow/.local/lib/python3.12/site-packages/airflow/example_dags/example_python_operator.py for tasks to queue
[2025-02-06T17:25:41.761+0000] {logging_mixin.py:190} INFO - [2025-02-06T17:25:41.761+0000] {dagbag.py:588} INFO - Filling up the DagBag from /home/airflow/.local/lib/python3.12/site-packages/airflow/example_dags/example_python_operator.py
[2025-02-06T17:25:41.777+0000] {processor.py:925} INFO - DAG(s) 'example_python_operator' retrieved from /home/airflow/.local/lib/python3.12/site-packages/airflow/example_dags/example_python_operator.py
[2025-02-06T17:25:41.805+0000] {logging_mixin.py:190} INFO - [2025-02-06T17:25:41.805+0000] {dag.py:3239} INFO - Sync 1 DAGs
[2025-02-06T17:25:41.830+0000] {logging_mixin.py:190} INFO - [2025-02-06T17:25:41.829+0000] {dag.py:4180} INFO - Setting next_dagrun for example_python_operator to None, run_after=None
[2025-02-06T17:25:41.863+0000] {processor.py:208} INFO - Processing /home/airflow/.local/lib/python3.12/site-packages/airflow/example_dags/example_python_operator.py took 0.120 seconds
[2025-02-06T17:26:13.278+0000] {processor.py:186} INFO - Started process (PID=349) to work on /home/airflow/.local/lib/python3.12/site-packages/airflow/example_dags/example_python_operator.py
[2025-02-06T17:26:13.279+0000] {processor.py:914} INFO - Processing file /home/airflow/.local/lib/python3.12/site-packages/airflow/example_dags/example_python_operator.py for tasks to queue
[2025-02-06T17:26:13.282+0000] {logging_mixin.py:190} INFO - [2025-02-06T17:26:13.282+0000] {dagbag.py:588} INFO - Filling up the DagBag from /home/airflow/.local/lib/python3.12/site-packages/airflow/example_dags/example_python_operator.py
[2025-02-06T17:26:13.297+0000] {processor.py:925} INFO - DAG(s) 'example_python_operator' retrieved from /home/airflow/.local/lib/python3.12/site-packages/airflow/example_dags/example_python_operator.py
[2025-02-06T17:26:13.325+0000] {logging_mixin.py:190} INFO - [2025-02-06T17:26:13.325+0000] {dag.py:3239} INFO - Sync 1 DAGs
[2025-02-06T17:26:13.350+0000] {logging_mixin.py:190} INFO - [2025-02-06T17:26:13.350+0000] {dag.py:4180} INFO - Setting next_dagrun for example_python_operator to None, run_after=None
[2025-02-06T17:26:13.395+0000] {processor.py:208} INFO - Processing /home/airflow/.local/lib/python3.12/site-packages/airflow/example_dags/example_python_operator.py took 0.126 seconds
[2025-02-06T17:29:24.309+0000] {processor.py:186} INFO - Started process (PID=63) to work on /home/airflow/.local/lib/python3.12/site-packages/airflow/example_dags/example_python_operator.py
[2025-02-06T17:29:24.311+0000] {processor.py:914} INFO - Processing file /home/airflow/.local/lib/python3.12/site-packages/airflow/example_dags/example_python_operator.py for tasks to queue
[2025-02-06T17:29:24.315+0000] {logging_mixin.py:190} INFO - [2025-02-06T17:29:24.315+0000] {dagbag.py:588} INFO - Filling up the DagBag from /home/airflow/.local/lib/python3.12/site-packages/airflow/example_dags/example_python_operator.py
[2025-02-06T17:29:24.351+0000] {processor.py:925} INFO - DAG(s) 'example_python_operator' retrieved from /home/airflow/.local/lib/python3.12/site-packages/airflow/example_dags/example_python_operator.py
[2025-02-06T17:29:24.711+0000] {logging_mixin.py:190} INFO - [2025-02-06T17:29:24.710+0000] {override.py:1911} INFO - Created Permission View: can read on DAG:example_python_operator
[2025-02-06T17:29:24.816+0000] {logging_mixin.py:190} INFO - [2025-02-06T17:29:24.815+0000] {override.py:1911} INFO - Created Permission View: can edit on DAG:example_python_operator
[2025-02-06T17:29:24.888+0000] {logging_mixin.py:190} INFO - [2025-02-06T17:29:24.887+0000] {override.py:1911} INFO - Created Permission View: can delete on DAG:example_python_operator
[2025-02-06T17:29:25.009+0000] {logging_mixin.py:190} INFO - [2025-02-06T17:29:25.008+0000] {override.py:1911} INFO - Created Permission View: can read on DAG Run:example_python_operator
[2025-02-06T17:29:25.055+0000] {logging_mixin.py:190} INFO - [2025-02-06T17:29:25.055+0000] {override.py:1911} INFO - Created Permission View: menu access on DAG Run:example_python_operator
[2025-02-06T17:29:25.097+0000] {logging_mixin.py:190} INFO - [2025-02-06T17:29:25.096+0000] {override.py:1911} INFO - Created Permission View: can delete on DAG Run:example_python_operator
[2025-02-06T17:29:25.120+0000] {logging_mixin.py:190} INFO - [2025-02-06T17:29:25.120+0000] {override.py:1911} INFO - Created Permission View: can create on DAG Run:example_python_operator
[2025-02-06T17:29:25.122+0000] {logging_mixin.py:190} INFO - [2025-02-06T17:29:25.122+0000] {dag.py:3239} INFO - Sync 1 DAGs
[2025-02-06T17:29:25.175+0000] {logging_mixin.py:190} INFO - [2025-02-06T17:29:25.175+0000] {dag.py:3262} INFO - Creating ORM DAG for example_python_operator
[2025-02-06T17:29:25.177+0000] {logging_mixin.py:190} INFO - [2025-02-06T17:29:25.177+0000] {dag.py:4180} INFO - Setting next_dagrun for example_python_operator to None, run_after=None
[2025-02-06T17:29:25.247+0000] {processor.py:208} INFO - Processing /home/airflow/.local/lib/python3.12/site-packages/airflow/example_dags/example_python_operator.py took 0.956 seconds
[2025-02-06T17:29:56.546+0000] {processor.py:186} INFO - Started process (PID=120) to work on /home/airflow/.local/lib/python3.12/site-packages/airflow/example_dags/example_python_operator.py
[2025-02-06T17:29:56.550+0000] {processor.py:914} INFO - Processing file /home/airflow/.local/lib/python3.12/site-packages/airflow/example_dags/example_python_operator.py for tasks to queue
[2025-02-06T17:29:56.555+0000] {logging_mixin.py:190} INFO - [2025-02-06T17:29:56.554+0000] {dagbag.py:588} INFO - Filling up the DagBag from /home/airflow/.local/lib/python3.12/site-packages/airflow/example_dags/example_python_operator.py
[2025-02-06T17:29:56.578+0000] {processor.py:925} INFO - DAG(s) 'example_python_operator' retrieved from /home/airflow/.local/lib/python3.12/site-packages/airflow/example_dags/example_python_operator.py
[2025-02-06T17:29:56.625+0000] {logging_mixin.py:190} INFO - [2025-02-06T17:29:56.624+0000] {dag.py:3239} INFO - Sync 1 DAGs
[2025-02-06T17:29:56.659+0000] {logging_mixin.py:190} INFO - [2025-02-06T17:29:56.658+0000] {dag.py:4180} INFO - Setting next_dagrun for example_python_operator to None, run_after=None
[2025-02-06T17:29:56.701+0000] {processor.py:208} INFO - Processing /home/airflow/.local/lib/python3.12/site-packages/airflow/example_dags/example_python_operator.py took 0.164 seconds
[2025-02-06T17:30:28.471+0000] {processor.py:186} INFO - Started process (PID=177) to work on /home/airflow/.local/lib/python3.12/site-packages/airflow/example_dags/example_python_operator.py
[2025-02-06T17:30:28.472+0000] {processor.py:914} INFO - Processing file /home/airflow/.local/lib/python3.12/site-packages/airflow/example_dags/example_python_operator.py for tasks to queue
[2025-02-06T17:30:28.475+0000] {logging_mixin.py:190} INFO - [2025-02-06T17:30:28.475+0000] {dagbag.py:588} INFO - Filling up the DagBag from /home/airflow/.local/lib/python3.12/site-packages/airflow/example_dags/example_python_operator.py
[2025-02-06T17:30:28.492+0000] {processor.py:925} INFO - DAG(s) 'example_python_operator' retrieved from /home/airflow/.local/lib/python3.12/site-packages/airflow/example_dags/example_python_operator.py
[2025-02-06T17:30:28.526+0000] {logging_mixin.py:190} INFO - [2025-02-06T17:30:28.526+0000] {dag.py:3239} INFO - Sync 1 DAGs
[2025-02-06T17:30:28.545+0000] {logging_mixin.py:190} INFO - [2025-02-06T17:30:28.545+0000] {dag.py:4180} INFO - Setting next_dagrun for example_python_operator to None, run_after=None
[2025-02-06T17:30:28.585+0000] {processor.py:208} INFO - Processing /home/airflow/.local/lib/python3.12/site-packages/airflow/example_dags/example_python_operator.py took 0.122 seconds
[2025-02-06T17:31:01.126+0000] {processor.py:186} INFO - Started process (PID=234) to work on /home/airflow/.local/lib/python3.12/site-packages/airflow/example_dags/example_python_operator.py
[2025-02-06T17:31:01.128+0000] {processor.py:914} INFO - Processing file /home/airflow/.local/lib/python3.12/site-packages/airflow/example_dags/example_python_operator.py for tasks to queue
[2025-02-06T17:31:01.132+0000] {logging_mixin.py:190} INFO - [2025-02-06T17:31:01.132+0000] {dagbag.py:588} INFO - Filling up the DagBag from /home/airflow/.local/lib/python3.12/site-packages/airflow/example_dags/example_python_operator.py
[2025-02-06T17:31:01.155+0000] {processor.py:925} INFO - DAG(s) 'example_python_operator' retrieved from /home/airflow/.local/lib/python3.12/site-packages/airflow/example_dags/example_python_operator.py
[2025-02-06T17:31:01.192+0000] {logging_mixin.py:190} INFO - [2025-02-06T17:31:01.192+0000] {dag.py:3239} INFO - Sync 1 DAGs
[2025-02-06T17:31:01.217+0000] {logging_mixin.py:190} INFO - [2025-02-06T17:31:01.217+0000] {dag.py:4180} INFO - Setting next_dagrun for example_python_operator to None, run_after=None
[2025-02-06T17:31:01.251+0000] {processor.py:208} INFO - Processing /home/airflow/.local/lib/python3.12/site-packages/airflow/example_dags/example_python_operator.py took 0.134 seconds
[2025-02-06T17:31:31.896+0000] {processor.py:186} INFO - Started process (PID=291) to work on /home/airflow/.local/lib/python3.12/site-packages/airflow/example_dags/example_python_operator.py
[2025-02-06T17:31:31.897+0000] {processor.py:914} INFO - Processing file /home/airflow/.local/lib/python3.12/site-packages/airflow/example_dags/example_python_operator.py for tasks to queue
[2025-02-06T17:31:31.900+0000] {logging_mixin.py:190} INFO - [2025-02-06T17:31:31.900+0000] {dagbag.py:588} INFO - Filling up the DagBag from /home/airflow/.local/lib/python3.12/site-packages/airflow/example_dags/example_python_operator.py
[2025-02-06T17:31:31.919+0000] {processor.py:925} INFO - DAG(s) 'example_python_operator' retrieved from /home/airflow/.local/lib/python3.12/site-packages/airflow/example_dags/example_python_operator.py
[2025-02-06T17:31:31.949+0000] {logging_mixin.py:190} INFO - [2025-02-06T17:31:31.949+0000] {dag.py:3239} INFO - Sync 1 DAGs
[2025-02-06T17:31:31.969+0000] {logging_mixin.py:190} INFO - [2025-02-06T17:31:31.969+0000] {dag.py:4180} INFO - Setting next_dagrun for example_python_operator to None, run_after=None
[2025-02-06T17:31:31.994+0000] {processor.py:208} INFO - Processing /home/airflow/.local/lib/python3.12/site-packages/airflow/example_dags/example_python_operator.py took 0.105 seconds
[2025-02-06T17:32:03.515+0000] {processor.py:186} INFO - Started process (PID=348) to work on /home/airflow/.local/lib/python3.12/site-packages/airflow/example_dags/example_python_operator.py
[2025-02-06T17:32:03.523+0000] {processor.py:914} INFO - Processing file /home/airflow/.local/lib/python3.12/site-packages/airflow/example_dags/example_python_operator.py for tasks to queue
[2025-02-06T17:32:03.527+0000] {logging_mixin.py:190} INFO - [2025-02-06T17:32:03.527+0000] {dagbag.py:588} INFO - Filling up the DagBag from /home/airflow/.local/lib/python3.12/site-packages/airflow/example_dags/example_python_operator.py
[2025-02-06T17:32:03.557+0000] {processor.py:925} INFO - DAG(s) 'example_python_operator' retrieved from /home/airflow/.local/lib/python3.12/site-packages/airflow/example_dags/example_python_operator.py
[2025-02-06T17:32:03.613+0000] {logging_mixin.py:190} INFO - [2025-02-06T17:32:03.613+0000] {dag.py:3239} INFO - Sync 1 DAGs
[2025-02-06T17:32:03.643+0000] {logging_mixin.py:190} INFO - [2025-02-06T17:32:03.643+0000] {dag.py:4180} INFO - Setting next_dagrun for example_python_operator to None, run_after=None
[2025-02-06T17:32:03.681+0000] {processor.py:208} INFO - Processing /home/airflow/.local/lib/python3.12/site-packages/airflow/example_dags/example_python_operator.py took 0.175 seconds
[2025-02-06T17:32:34.938+0000] {processor.py:186} INFO - Started process (PID=405) to work on /home/airflow/.local/lib/python3.12/site-packages/airflow/example_dags/example_python_operator.py
[2025-02-06T17:32:34.939+0000] {processor.py:914} INFO - Processing file /home/airflow/.local/lib/python3.12/site-packages/airflow/example_dags/example_python_operator.py for tasks to queue
[2025-02-06T17:32:34.943+0000] {logging_mixin.py:190} INFO - [2025-02-06T17:32:34.942+0000] {dagbag.py:588} INFO - Filling up the DagBag from /home/airflow/.local/lib/python3.12/site-packages/airflow/example_dags/example_python_operator.py
[2025-02-06T17:32:34.964+0000] {processor.py:925} INFO - DAG(s) 'example_python_operator' retrieved from /home/airflow/.local/lib/python3.12/site-packages/airflow/example_dags/example_python_operator.py
[2025-02-06T17:32:35.008+0000] {logging_mixin.py:190} INFO - [2025-02-06T17:32:35.007+0000] {dag.py:3239} INFO - Sync 1 DAGs
[2025-02-06T17:32:35.040+0000] {logging_mixin.py:190} INFO - [2025-02-06T17:32:35.036+0000] {dag.py:4180} INFO - Setting next_dagrun for example_python_operator to None, run_after=None
[2025-02-06T17:32:35.074+0000] {processor.py:208} INFO - Processing /home/airflow/.local/lib/python3.12/site-packages/airflow/example_dags/example_python_operator.py took 0.148 seconds
[2025-02-06T17:33:06.181+0000] {processor.py:186} INFO - Started process (PID=462) to work on /home/airflow/.local/lib/python3.12/site-packages/airflow/example_dags/example_python_operator.py
[2025-02-06T17:33:06.182+0000] {processor.py:914} INFO - Processing file /home/airflow/.local/lib/python3.12/site-packages/airflow/example_dags/example_python_operator.py for tasks to queue
[2025-02-06T17:33:06.185+0000] {logging_mixin.py:190} INFO - [2025-02-06T17:33:06.185+0000] {dagbag.py:588} INFO - Filling up the DagBag from /home/airflow/.local/lib/python3.12/site-packages/airflow/example_dags/example_python_operator.py
[2025-02-06T17:33:06.200+0000] {processor.py:925} INFO - DAG(s) 'example_python_operator' retrieved from /home/airflow/.local/lib/python3.12/site-packages/airflow/example_dags/example_python_operator.py
[2025-02-06T17:33:06.230+0000] {logging_mixin.py:190} INFO - [2025-02-06T17:33:06.229+0000] {dag.py:3239} INFO - Sync 1 DAGs
[2025-02-06T17:33:06.249+0000] {logging_mixin.py:190} INFO - [2025-02-06T17:33:06.249+0000] {dag.py:4180} INFO - Setting next_dagrun for example_python_operator to None, run_after=None
[2025-02-06T17:33:06.275+0000] {processor.py:208} INFO - Processing /home/airflow/.local/lib/python3.12/site-packages/airflow/example_dags/example_python_operator.py took 0.102 seconds
[2025-02-06T17:33:37.280+0000] {processor.py:186} INFO - Started process (PID=519) to work on /home/airflow/.local/lib/python3.12/site-packages/airflow/example_dags/example_python_operator.py
[2025-02-06T17:33:37.282+0000] {processor.py:914} INFO - Processing file /home/airflow/.local/lib/python3.12/site-packages/airflow/example_dags/example_python_operator.py for tasks to queue
[2025-02-06T17:33:37.286+0000] {logging_mixin.py:190} INFO - [2025-02-06T17:33:37.285+0000] {dagbag.py:588} INFO - Filling up the DagBag from /home/airflow/.local/lib/python3.12/site-packages/airflow/example_dags/example_python_operator.py
[2025-02-06T17:33:37.307+0000] {processor.py:925} INFO - DAG(s) 'example_python_operator' retrieved from /home/airflow/.local/lib/python3.12/site-packages/airflow/example_dags/example_python_operator.py
[2025-02-06T17:33:37.352+0000] {logging_mixin.py:190} INFO - [2025-02-06T17:33:37.352+0000] {dag.py:3239} INFO - Sync 1 DAGs
[2025-02-06T17:33:37.403+0000] {logging_mixin.py:190} INFO - [2025-02-06T17:33:37.403+0000] {dag.py:4180} INFO - Setting next_dagrun for example_python_operator to None, run_after=None
[2025-02-06T17:33:37.455+0000] {processor.py:208} INFO - Processing /home/airflow/.local/lib/python3.12/site-packages/airflow/example_dags/example_python_operator.py took 0.184 seconds
[2025-02-06T17:34:09.518+0000] {processor.py:186} INFO - Started process (PID=576) to work on /home/airflow/.local/lib/python3.12/site-packages/airflow/example_dags/example_python_operator.py
[2025-02-06T17:34:09.519+0000] {processor.py:914} INFO - Processing file /home/airflow/.local/lib/python3.12/site-packages/airflow/example_dags/example_python_operator.py for tasks to queue
[2025-02-06T17:34:09.522+0000] {logging_mixin.py:190} INFO - [2025-02-06T17:34:09.522+0000] {dagbag.py:588} INFO - Filling up the DagBag from /home/airflow/.local/lib/python3.12/site-packages/airflow/example_dags/example_python_operator.py
[2025-02-06T17:34:09.538+0000] {processor.py:925} INFO - DAG(s) 'example_python_operator' retrieved from /home/airflow/.local/lib/python3.12/site-packages/airflow/example_dags/example_python_operator.py
[2025-02-06T17:34:09.570+0000] {logging_mixin.py:190} INFO - [2025-02-06T17:34:09.570+0000] {dag.py:3239} INFO - Sync 1 DAGs
[2025-02-06T17:34:09.591+0000] {logging_mixin.py:190} INFO - [2025-02-06T17:34:09.590+0000] {dag.py:4180} INFO - Setting next_dagrun for example_python_operator to None, run_after=None
[2025-02-06T17:34:09.614+0000] {processor.py:208} INFO - Processing /home/airflow/.local/lib/python3.12/site-packages/airflow/example_dags/example_python_operator.py took 0.104 seconds
[2025-02-06T17:34:40.839+0000] {processor.py:186} INFO - Started process (PID=633) to work on /home/airflow/.local/lib/python3.12/site-packages/airflow/example_dags/example_python_operator.py
[2025-02-06T17:34:40.840+0000] {processor.py:914} INFO - Processing file /home/airflow/.local/lib/python3.12/site-packages/airflow/example_dags/example_python_operator.py for tasks to queue
[2025-02-06T17:34:40.844+0000] {logging_mixin.py:190} INFO - [2025-02-06T17:34:40.843+0000] {dagbag.py:588} INFO - Filling up the DagBag from /home/airflow/.local/lib/python3.12/site-packages/airflow/example_dags/example_python_operator.py
[2025-02-06T17:34:40.861+0000] {processor.py:925} INFO - DAG(s) 'example_python_operator' retrieved from /home/airflow/.local/lib/python3.12/site-packages/airflow/example_dags/example_python_operator.py
[2025-02-06T17:34:40.896+0000] {logging_mixin.py:190} INFO - [2025-02-06T17:34:40.895+0000] {dag.py:3239} INFO - Sync 1 DAGs
[2025-02-06T17:34:40.915+0000] {logging_mixin.py:190} INFO - [2025-02-06T17:34:40.915+0000] {dag.py:4180} INFO - Setting next_dagrun for example_python_operator to None, run_after=None
[2025-02-06T17:34:40.942+0000] {processor.py:208} INFO - Processing /home/airflow/.local/lib/python3.12/site-packages/airflow/example_dags/example_python_operator.py took 0.111 seconds
[2025-02-06T17:35:12.297+0000] {processor.py:186} INFO - Started process (PID=690) to work on /home/airflow/.local/lib/python3.12/site-packages/airflow/example_dags/example_python_operator.py
[2025-02-06T17:35:12.299+0000] {processor.py:914} INFO - Processing file /home/airflow/.local/lib/python3.12/site-packages/airflow/example_dags/example_python_operator.py for tasks to queue
[2025-02-06T17:35:12.303+0000] {logging_mixin.py:190} INFO - [2025-02-06T17:35:12.302+0000] {dagbag.py:588} INFO - Filling up the DagBag from /home/airflow/.local/lib/python3.12/site-packages/airflow/example_dags/example_python_operator.py
[2025-02-06T17:35:12.321+0000] {processor.py:925} INFO - DAG(s) 'example_python_operator' retrieved from /home/airflow/.local/lib/python3.12/site-packages/airflow/example_dags/example_python_operator.py
[2025-02-06T17:35:12.351+0000] {logging_mixin.py:190} INFO - [2025-02-06T17:35:12.351+0000] {dag.py:3239} INFO - Sync 1 DAGs
[2025-02-06T17:35:12.369+0000] {logging_mixin.py:190} INFO - [2025-02-06T17:35:12.368+0000] {dag.py:4180} INFO - Setting next_dagrun for example_python_operator to None, run_after=None
[2025-02-06T17:35:12.394+0000] {processor.py:208} INFO - Processing /home/airflow/.local/lib/python3.12/site-packages/airflow/example_dags/example_python_operator.py took 0.108 seconds
[2025-02-06T17:35:43.606+0000] {processor.py:186} INFO - Started process (PID=747) to work on /home/airflow/.local/lib/python3.12/site-packages/airflow/example_dags/example_python_operator.py
[2025-02-06T17:35:43.607+0000] {processor.py:914} INFO - Processing file /home/airflow/.local/lib/python3.12/site-packages/airflow/example_dags/example_python_operator.py for tasks to queue
[2025-02-06T17:35:43.610+0000] {logging_mixin.py:190} INFO - [2025-02-06T17:35:43.610+0000] {dagbag.py:588} INFO - Filling up the DagBag from /home/airflow/.local/lib/python3.12/site-packages/airflow/example_dags/example_python_operator.py
[2025-02-06T17:35:43.635+0000] {processor.py:925} INFO - DAG(s) 'example_python_operator' retrieved from /home/airflow/.local/lib/python3.12/site-packages/airflow/example_dags/example_python_operator.py
[2025-02-06T17:35:43.684+0000] {logging_mixin.py:190} INFO - [2025-02-06T17:35:43.683+0000] {dag.py:3239} INFO - Sync 1 DAGs
[2025-02-06T17:35:43.729+0000] {logging_mixin.py:190} INFO - [2025-02-06T17:35:43.729+0000] {dag.py:4180} INFO - Setting next_dagrun for example_python_operator to None, run_after=None
[2025-02-06T17:35:43.773+0000] {processor.py:208} INFO - Processing /home/airflow/.local/lib/python3.12/site-packages/airflow/example_dags/example_python_operator.py took 0.174 seconds
[2025-02-06T17:36:15.129+0000] {processor.py:186} INFO - Started process (PID=804) to work on /home/airflow/.local/lib/python3.12/site-packages/airflow/example_dags/example_python_operator.py
[2025-02-06T17:36:15.130+0000] {processor.py:914} INFO - Processing file /home/airflow/.local/lib/python3.12/site-packages/airflow/example_dags/example_python_operator.py for tasks to queue
[2025-02-06T17:36:15.134+0000] {logging_mixin.py:190} INFO - [2025-02-06T17:36:15.133+0000] {dagbag.py:588} INFO - Filling up the DagBag from /home/airflow/.local/lib/python3.12/site-packages/airflow/example_dags/example_python_operator.py
[2025-02-06T17:36:15.169+0000] {processor.py:925} INFO - DAG(s) 'example_python_operator' retrieved from /home/airflow/.local/lib/python3.12/site-packages/airflow/example_dags/example_python_operator.py
[2025-02-06T17:36:15.210+0000] {logging_mixin.py:190} INFO - [2025-02-06T17:36:15.210+0000] {dag.py:3239} INFO - Sync 1 DAGs
[2025-02-06T17:36:15.237+0000] {logging_mixin.py:190} INFO - [2025-02-06T17:36:15.237+0000] {dag.py:4180} INFO - Setting next_dagrun for example_python_operator to None, run_after=None
[2025-02-06T17:36:15.275+0000] {processor.py:208} INFO - Processing /home/airflow/.local/lib/python3.12/site-packages/airflow/example_dags/example_python_operator.py took 0.164 seconds
[2025-02-06T17:41:46.274+0000] {processor.py:186} INFO - Started process (PID=63) to work on /home/airflow/.local/lib/python3.12/site-packages/airflow/example_dags/example_python_operator.py
[2025-02-06T17:41:46.275+0000] {processor.py:914} INFO - Processing file /home/airflow/.local/lib/python3.12/site-packages/airflow/example_dags/example_python_operator.py for tasks to queue
[2025-02-06T17:41:46.279+0000] {logging_mixin.py:190} INFO - [2025-02-06T17:41:46.279+0000] {dagbag.py:588} INFO - Filling up the DagBag from /home/airflow/.local/lib/python3.12/site-packages/airflow/example_dags/example_python_operator.py
[2025-02-06T17:41:46.302+0000] {processor.py:925} INFO - DAG(s) 'example_python_operator' retrieved from /home/airflow/.local/lib/python3.12/site-packages/airflow/example_dags/example_python_operator.py
[2025-02-06T17:41:46.526+0000] {logging_mixin.py:190} INFO - [2025-02-06T17:41:46.525+0000] {override.py:1911} INFO - Created Permission View: can delete on DAG:example_python_operator
[2025-02-06T17:41:46.546+0000] {logging_mixin.py:190} INFO - [2025-02-06T17:41:46.545+0000] {override.py:1911} INFO - Created Permission View: can read on DAG:example_python_operator
[2025-02-06T17:41:46.557+0000] {logging_mixin.py:190} INFO - [2025-02-06T17:41:46.557+0000] {override.py:1911} INFO - Created Permission View: can edit on DAG:example_python_operator
[2025-02-06T17:41:46.571+0000] {logging_mixin.py:190} INFO - [2025-02-06T17:41:46.570+0000] {override.py:1911} INFO - Created Permission View: can delete on DAG Run:example_python_operator
[2025-02-06T17:41:46.582+0000] {logging_mixin.py:190} INFO - [2025-02-06T17:41:46.582+0000] {override.py:1911} INFO - Created Permission View: can create on DAG Run:example_python_operator
[2025-02-06T17:41:46.597+0000] {logging_mixin.py:190} INFO - [2025-02-06T17:41:46.596+0000] {override.py:1911} INFO - Created Permission View: can read on DAG Run:example_python_operator
[2025-02-06T17:41:46.619+0000] {logging_mixin.py:190} INFO - [2025-02-06T17:41:46.618+0000] {override.py:1911} INFO - Created Permission View: menu access on DAG Run:example_python_operator
[2025-02-06T17:41:46.622+0000] {logging_mixin.py:190} INFO - [2025-02-06T17:41:46.621+0000] {dag.py:3239} INFO - Sync 1 DAGs
[2025-02-06T17:41:46.658+0000] {logging_mixin.py:190} INFO - [2025-02-06T17:41:46.658+0000] {dag.py:3262} INFO - Creating ORM DAG for example_python_operator
[2025-02-06T17:41:46.661+0000] {logging_mixin.py:190} INFO - [2025-02-06T17:41:46.660+0000] {dag.py:4180} INFO - Setting next_dagrun for example_python_operator to None, run_after=None
[2025-02-06T17:41:46.700+0000] {processor.py:208} INFO - Processing /home/airflow/.local/lib/python3.12/site-packages/airflow/example_dags/example_python_operator.py took 0.441 seconds
[2025-02-06T17:42:16.798+0000] {processor.py:186} INFO - Started process (PID=120) to work on /home/airflow/.local/lib/python3.12/site-packages/airflow/example_dags/example_python_operator.py
[2025-02-06T17:42:16.800+0000] {processor.py:914} INFO - Processing file /home/airflow/.local/lib/python3.12/site-packages/airflow/example_dags/example_python_operator.py for tasks to queue
[2025-02-06T17:42:16.808+0000] {logging_mixin.py:190} INFO - [2025-02-06T17:42:16.803+0000] {dagbag.py:588} INFO - Filling up the DagBag from /home/airflow/.local/lib/python3.12/site-packages/airflow/example_dags/example_python_operator.py
[2025-02-06T17:42:16.834+0000] {processor.py:925} INFO - DAG(s) 'example_python_operator' retrieved from /home/airflow/.local/lib/python3.12/site-packages/airflow/example_dags/example_python_operator.py
[2025-02-06T17:42:16.875+0000] {logging_mixin.py:190} INFO - [2025-02-06T17:42:16.875+0000] {dag.py:3239} INFO - Sync 1 DAGs
[2025-02-06T17:42:16.898+0000] {logging_mixin.py:190} INFO - [2025-02-06T17:42:16.897+0000] {dag.py:4180} INFO - Setting next_dagrun for example_python_operator to None, run_after=None
[2025-02-06T17:42:16.925+0000] {processor.py:208} INFO - Processing /home/airflow/.local/lib/python3.12/site-packages/airflow/example_dags/example_python_operator.py took 0.135 seconds
[2025-02-06T17:42:47.969+0000] {processor.py:186} INFO - Started process (PID=177) to work on /home/airflow/.local/lib/python3.12/site-packages/airflow/example_dags/example_python_operator.py
[2025-02-06T17:42:47.971+0000] {processor.py:914} INFO - Processing file /home/airflow/.local/lib/python3.12/site-packages/airflow/example_dags/example_python_operator.py for tasks to queue
[2025-02-06T17:42:47.976+0000] {logging_mixin.py:190} INFO - [2025-02-06T17:42:47.975+0000] {dagbag.py:588} INFO - Filling up the DagBag from /home/airflow/.local/lib/python3.12/site-packages/airflow/example_dags/example_python_operator.py
[2025-02-06T17:42:48.008+0000] {processor.py:925} INFO - DAG(s) 'example_python_operator' retrieved from /home/airflow/.local/lib/python3.12/site-packages/airflow/example_dags/example_python_operator.py
[2025-02-06T17:42:48.052+0000] {logging_mixin.py:190} INFO - [2025-02-06T17:42:48.052+0000] {dag.py:3239} INFO - Sync 1 DAGs
[2025-02-06T17:42:48.089+0000] {logging_mixin.py:190} INFO - [2025-02-06T17:42:48.089+0000] {dag.py:4180} INFO - Setting next_dagrun for example_python_operator to None, run_after=None
[2025-02-06T17:42:48.127+0000] {processor.py:208} INFO - Processing /home/airflow/.local/lib/python3.12/site-packages/airflow/example_dags/example_python_operator.py took 0.177 seconds
[2025-02-06T17:43:18.564+0000] {processor.py:186} INFO - Started process (PID=234) to work on /home/airflow/.local/lib/python3.12/site-packages/airflow/example_dags/example_python_operator.py
[2025-02-06T17:43:18.565+0000] {processor.py:914} INFO - Processing file /home/airflow/.local/lib/python3.12/site-packages/airflow/example_dags/example_python_operator.py for tasks to queue
[2025-02-06T17:43:18.568+0000] {logging_mixin.py:190} INFO - [2025-02-06T17:43:18.568+0000] {dagbag.py:588} INFO - Filling up the DagBag from /home/airflow/.local/lib/python3.12/site-packages/airflow/example_dags/example_python_operator.py
[2025-02-06T17:43:18.583+0000] {processor.py:925} INFO - DAG(s) 'example_python_operator' retrieved from /home/airflow/.local/lib/python3.12/site-packages/airflow/example_dags/example_python_operator.py
[2025-02-06T17:43:18.614+0000] {logging_mixin.py:190} INFO - [2025-02-06T17:43:18.613+0000] {dag.py:3239} INFO - Sync 1 DAGs
[2025-02-06T17:43:18.634+0000] {logging_mixin.py:190} INFO - [2025-02-06T17:43:18.634+0000] {dag.py:4180} INFO - Setting next_dagrun for example_python_operator to None, run_after=None
[2025-02-06T17:43:18.663+0000] {processor.py:208} INFO - Processing /home/airflow/.local/lib/python3.12/site-packages/airflow/example_dags/example_python_operator.py took 0.107 seconds
[2025-02-06T17:43:48.733+0000] {processor.py:186} INFO - Started process (PID=291) to work on /home/airflow/.local/lib/python3.12/site-packages/airflow/example_dags/example_python_operator.py
[2025-02-06T17:43:48.734+0000] {processor.py:914} INFO - Processing file /home/airflow/.local/lib/python3.12/site-packages/airflow/example_dags/example_python_operator.py for tasks to queue
[2025-02-06T17:43:48.737+0000] {logging_mixin.py:190} INFO - [2025-02-06T17:43:48.736+0000] {dagbag.py:588} INFO - Filling up the DagBag from /home/airflow/.local/lib/python3.12/site-packages/airflow/example_dags/example_python_operator.py
[2025-02-06T17:43:48.753+0000] {processor.py:925} INFO - DAG(s) 'example_python_operator' retrieved from /home/airflow/.local/lib/python3.12/site-packages/airflow/example_dags/example_python_operator.py
[2025-02-06T17:43:48.781+0000] {logging_mixin.py:190} INFO - [2025-02-06T17:43:48.781+0000] {dag.py:3239} INFO - Sync 1 DAGs
[2025-02-06T17:43:48.802+0000] {logging_mixin.py:190} INFO - [2025-02-06T17:43:48.801+0000] {dag.py:4180} INFO - Setting next_dagrun for example_python_operator to None, run_after=None
[2025-02-06T17:43:48.825+0000] {processor.py:208} INFO - Processing /home/airflow/.local/lib/python3.12/site-packages/airflow/example_dags/example_python_operator.py took 0.101 seconds
[2025-02-06T17:44:19.405+0000] {processor.py:186} INFO - Started process (PID=347) to work on /home/airflow/.local/lib/python3.12/site-packages/airflow/example_dags/example_python_operator.py
[2025-02-06T17:44:19.407+0000] {processor.py:914} INFO - Processing file /home/airflow/.local/lib/python3.12/site-packages/airflow/example_dags/example_python_operator.py for tasks to queue
[2025-02-06T17:44:19.410+0000] {logging_mixin.py:190} INFO - [2025-02-06T17:44:19.410+0000] {dagbag.py:588} INFO - Filling up the DagBag from /home/airflow/.local/lib/python3.12/site-packages/airflow/example_dags/example_python_operator.py
[2025-02-06T17:44:19.429+0000] {processor.py:925} INFO - DAG(s) 'example_python_operator' retrieved from /home/airflow/.local/lib/python3.12/site-packages/airflow/example_dags/example_python_operator.py
[2025-02-06T17:44:19.465+0000] {logging_mixin.py:190} INFO - [2025-02-06T17:44:19.465+0000] {dag.py:3239} INFO - Sync 1 DAGs
[2025-02-06T17:44:19.488+0000] {logging_mixin.py:190} INFO - [2025-02-06T17:44:19.487+0000] {dag.py:4180} INFO - Setting next_dagrun for example_python_operator to None, run_after=None
[2025-02-06T17:44:19.521+0000] {processor.py:208} INFO - Processing /home/airflow/.local/lib/python3.12/site-packages/airflow/example_dags/example_python_operator.py took 0.129 seconds
[2025-02-06T17:44:50.229+0000] {processor.py:186} INFO - Started process (PID=404) to work on /home/airflow/.local/lib/python3.12/site-packages/airflow/example_dags/example_python_operator.py
[2025-02-06T17:44:50.230+0000] {processor.py:914} INFO - Processing file /home/airflow/.local/lib/python3.12/site-packages/airflow/example_dags/example_python_operator.py for tasks to queue
[2025-02-06T17:44:50.234+0000] {logging_mixin.py:190} INFO - [2025-02-06T17:44:50.233+0000] {dagbag.py:588} INFO - Filling up the DagBag from /home/airflow/.local/lib/python3.12/site-packages/airflow/example_dags/example_python_operator.py
[2025-02-06T17:44:50.250+0000] {processor.py:925} INFO - DAG(s) 'example_python_operator' retrieved from /home/airflow/.local/lib/python3.12/site-packages/airflow/example_dags/example_python_operator.py
[2025-02-06T17:44:50.282+0000] {logging_mixin.py:190} INFO - [2025-02-06T17:44:50.281+0000] {dag.py:3239} INFO - Sync 1 DAGs
[2025-02-06T17:44:50.308+0000] {logging_mixin.py:190} INFO - [2025-02-06T17:44:50.308+0000] {dag.py:4180} INFO - Setting next_dagrun for example_python_operator to None, run_after=None
[2025-02-06T17:44:50.334+0000] {processor.py:208} INFO - Processing /home/airflow/.local/lib/python3.12/site-packages/airflow/example_dags/example_python_operator.py took 0.113 seconds
[2025-02-06T17:53:29.836+0000] {processor.py:186} INFO - Started process (PID=64) to work on /home/airflow/.local/lib/python3.12/site-packages/airflow/example_dags/example_python_operator.py
[2025-02-06T17:53:29.838+0000] {processor.py:914} INFO - Processing file /home/airflow/.local/lib/python3.12/site-packages/airflow/example_dags/example_python_operator.py for tasks to queue
[2025-02-06T17:53:29.842+0000] {logging_mixin.py:190} INFO - [2025-02-06T17:53:29.841+0000] {dagbag.py:588} INFO - Filling up the DagBag from /home/airflow/.local/lib/python3.12/site-packages/airflow/example_dags/example_python_operator.py
[2025-02-06T17:53:29.866+0000] {processor.py:925} INFO - DAG(s) 'example_python_operator' retrieved from /home/airflow/.local/lib/python3.12/site-packages/airflow/example_dags/example_python_operator.py
[2025-02-06T17:53:30.122+0000] {logging_mixin.py:190} INFO - [2025-02-06T17:53:30.122+0000] {dag.py:3239} INFO - Sync 1 DAGs
[2025-02-06T17:53:30.150+0000] {logging_mixin.py:190} INFO - [2025-02-06T17:53:30.150+0000] {dag.py:4180} INFO - Setting next_dagrun for example_python_operator to None, run_after=None
[2025-02-06T17:53:30.189+0000] {processor.py:208} INFO - Processing /home/airflow/.local/lib/python3.12/site-packages/airflow/example_dags/example_python_operator.py took 0.366 seconds
[2025-02-06T17:54:01.220+0000] {processor.py:186} INFO - Started process (PID=122) to work on /home/airflow/.local/lib/python3.12/site-packages/airflow/example_dags/example_python_operator.py
[2025-02-06T17:54:01.221+0000] {processor.py:914} INFO - Processing file /home/airflow/.local/lib/python3.12/site-packages/airflow/example_dags/example_python_operator.py for tasks to queue
[2025-02-06T17:54:01.226+0000] {logging_mixin.py:190} INFO - [2025-02-06T17:54:01.225+0000] {dagbag.py:588} INFO - Filling up the DagBag from /home/airflow/.local/lib/python3.12/site-packages/airflow/example_dags/example_python_operator.py
[2025-02-06T17:54:01.258+0000] {processor.py:925} INFO - DAG(s) 'example_python_operator' retrieved from /home/airflow/.local/lib/python3.12/site-packages/airflow/example_dags/example_python_operator.py
[2025-02-06T17:54:01.321+0000] {logging_mixin.py:190} INFO - [2025-02-06T17:54:01.321+0000] {dag.py:3239} INFO - Sync 1 DAGs
[2025-02-06T17:54:01.347+0000] {logging_mixin.py:190} INFO - [2025-02-06T17:54:01.347+0000] {dag.py:4180} INFO - Setting next_dagrun for example_python_operator to None, run_after=None
[2025-02-06T17:54:01.385+0000] {processor.py:208} INFO - Processing /home/airflow/.local/lib/python3.12/site-packages/airflow/example_dags/example_python_operator.py took 0.182 seconds
[2025-02-06T17:56:03.909+0000] {processor.py:186} INFO - Started process (PID=64) to work on /home/airflow/.local/lib/python3.12/site-packages/airflow/example_dags/example_python_operator.py
[2025-02-06T17:56:03.911+0000] {processor.py:914} INFO - Processing file /home/airflow/.local/lib/python3.12/site-packages/airflow/example_dags/example_python_operator.py for tasks to queue
[2025-02-06T17:56:03.914+0000] {logging_mixin.py:190} INFO - [2025-02-06T17:56:03.914+0000] {dagbag.py:588} INFO - Filling up the DagBag from /home/airflow/.local/lib/python3.12/site-packages/airflow/example_dags/example_python_operator.py
[2025-02-06T17:56:03.939+0000] {processor.py:925} INFO - DAG(s) 'example_python_operator' retrieved from /home/airflow/.local/lib/python3.12/site-packages/airflow/example_dags/example_python_operator.py
[2025-02-06T17:56:04.135+0000] {logging_mixin.py:190} INFO - [2025-02-06T17:56:04.135+0000] {dag.py:3239} INFO - Sync 1 DAGs
[2025-02-06T17:56:04.160+0000] {logging_mixin.py:190} INFO - [2025-02-06T17:56:04.160+0000] {dag.py:4180} INFO - Setting next_dagrun for example_python_operator to None, run_after=None
[2025-02-06T17:56:04.191+0000] {processor.py:208} INFO - Processing /home/airflow/.local/lib/python3.12/site-packages/airflow/example_dags/example_python_operator.py took 0.290 seconds
[2025-02-06T17:56:34.927+0000] {processor.py:186} INFO - Started process (PID=122) to work on /home/airflow/.local/lib/python3.12/site-packages/airflow/example_dags/example_python_operator.py
[2025-02-06T17:56:34.928+0000] {processor.py:914} INFO - Processing file /home/airflow/.local/lib/python3.12/site-packages/airflow/example_dags/example_python_operator.py for tasks to queue
[2025-02-06T17:56:34.935+0000] {logging_mixin.py:190} INFO - [2025-02-06T17:56:34.934+0000] {dagbag.py:588} INFO - Filling up the DagBag from /home/airflow/.local/lib/python3.12/site-packages/airflow/example_dags/example_python_operator.py
[2025-02-06T17:56:34.950+0000] {processor.py:925} INFO - DAG(s) 'example_python_operator' retrieved from /home/airflow/.local/lib/python3.12/site-packages/airflow/example_dags/example_python_operator.py
[2025-02-06T17:56:34.989+0000] {logging_mixin.py:190} INFO - [2025-02-06T17:56:34.989+0000] {dag.py:3239} INFO - Sync 1 DAGs
[2025-02-06T17:56:35.021+0000] {logging_mixin.py:190} INFO - [2025-02-06T17:56:35.021+0000] {dag.py:4180} INFO - Setting next_dagrun for example_python_operator to None, run_after=None
[2025-02-06T17:56:35.049+0000] {processor.py:208} INFO - Processing /home/airflow/.local/lib/python3.12/site-packages/airflow/example_dags/example_python_operator.py took 0.131 seconds
[2025-02-06T17:57:06.677+0000] {processor.py:186} INFO - Started process (PID=180) to work on /home/airflow/.local/lib/python3.12/site-packages/airflow/example_dags/example_python_operator.py
[2025-02-06T17:57:06.678+0000] {processor.py:914} INFO - Processing file /home/airflow/.local/lib/python3.12/site-packages/airflow/example_dags/example_python_operator.py for tasks to queue
[2025-02-06T17:57:06.681+0000] {logging_mixin.py:190} INFO - [2025-02-06T17:57:06.681+0000] {dagbag.py:588} INFO - Filling up the DagBag from /home/airflow/.local/lib/python3.12/site-packages/airflow/example_dags/example_python_operator.py
[2025-02-06T17:57:06.703+0000] {processor.py:925} INFO - DAG(s) 'example_python_operator' retrieved from /home/airflow/.local/lib/python3.12/site-packages/airflow/example_dags/example_python_operator.py
[2025-02-06T17:57:06.740+0000] {logging_mixin.py:190} INFO - [2025-02-06T17:57:06.740+0000] {dag.py:3239} INFO - Sync 1 DAGs
[2025-02-06T17:57:06.768+0000] {logging_mixin.py:190} INFO - [2025-02-06T17:57:06.767+0000] {dag.py:4180} INFO - Setting next_dagrun for example_python_operator to None, run_after=None
[2025-02-06T17:57:06.805+0000] {processor.py:208} INFO - Processing /home/airflow/.local/lib/python3.12/site-packages/airflow/example_dags/example_python_operator.py took 0.142 seconds
[2025-02-06T17:57:38.262+0000] {processor.py:186} INFO - Started process (PID=238) to work on /home/airflow/.local/lib/python3.12/site-packages/airflow/example_dags/example_python_operator.py
[2025-02-06T17:57:38.263+0000] {processor.py:914} INFO - Processing file /home/airflow/.local/lib/python3.12/site-packages/airflow/example_dags/example_python_operator.py for tasks to queue
[2025-02-06T17:57:38.266+0000] {logging_mixin.py:190} INFO - [2025-02-06T17:57:38.266+0000] {dagbag.py:588} INFO - Filling up the DagBag from /home/airflow/.local/lib/python3.12/site-packages/airflow/example_dags/example_python_operator.py
[2025-02-06T17:57:38.281+0000] {processor.py:925} INFO - DAG(s) 'example_python_operator' retrieved from /home/airflow/.local/lib/python3.12/site-packages/airflow/example_dags/example_python_operator.py
[2025-02-06T17:57:38.320+0000] {logging_mixin.py:190} INFO - [2025-02-06T17:57:38.319+0000] {dag.py:3239} INFO - Sync 1 DAGs
[2025-02-06T17:57:38.339+0000] {logging_mixin.py:190} INFO - [2025-02-06T17:57:38.338+0000] {dag.py:4180} INFO - Setting next_dagrun for example_python_operator to None, run_after=None
[2025-02-06T17:57:38.362+0000] {processor.py:208} INFO - Processing /home/airflow/.local/lib/python3.12/site-packages/airflow/example_dags/example_python_operator.py took 0.108 seconds
[2025-02-06T17:58:09.297+0000] {processor.py:186} INFO - Started process (PID=296) to work on /home/airflow/.local/lib/python3.12/site-packages/airflow/example_dags/example_python_operator.py
[2025-02-06T17:58:09.298+0000] {processor.py:914} INFO - Processing file /home/airflow/.local/lib/python3.12/site-packages/airflow/example_dags/example_python_operator.py for tasks to queue
[2025-02-06T17:58:09.301+0000] {logging_mixin.py:190} INFO - [2025-02-06T17:58:09.301+0000] {dagbag.py:588} INFO - Filling up the DagBag from /home/airflow/.local/lib/python3.12/site-packages/airflow/example_dags/example_python_operator.py
[2025-02-06T17:58:09.317+0000] {processor.py:925} INFO - DAG(s) 'example_python_operator' retrieved from /home/airflow/.local/lib/python3.12/site-packages/airflow/example_dags/example_python_operator.py
[2025-02-06T17:58:09.346+0000] {logging_mixin.py:190} INFO - [2025-02-06T17:58:09.345+0000] {dag.py:3239} INFO - Sync 1 DAGs
[2025-02-06T17:58:09.364+0000] {logging_mixin.py:190} INFO - [2025-02-06T17:58:09.363+0000] {dag.py:4180} INFO - Setting next_dagrun for example_python_operator to None, run_after=None
[2025-02-06T17:58:09.388+0000] {processor.py:208} INFO - Processing /home/airflow/.local/lib/python3.12/site-packages/airflow/example_dags/example_python_operator.py took 0.099 seconds
[2025-02-06T17:58:40.826+0000] {processor.py:186} INFO - Started process (PID=354) to work on /home/airflow/.local/lib/python3.12/site-packages/airflow/example_dags/example_python_operator.py
[2025-02-06T17:58:40.827+0000] {processor.py:914} INFO - Processing file /home/airflow/.local/lib/python3.12/site-packages/airflow/example_dags/example_python_operator.py for tasks to queue
[2025-02-06T17:58:40.830+0000] {logging_mixin.py:190} INFO - [2025-02-06T17:58:40.830+0000] {dagbag.py:588} INFO - Filling up the DagBag from /home/airflow/.local/lib/python3.12/site-packages/airflow/example_dags/example_python_operator.py
[2025-02-06T17:58:40.849+0000] {processor.py:925} INFO - DAG(s) 'example_python_operator' retrieved from /home/airflow/.local/lib/python3.12/site-packages/airflow/example_dags/example_python_operator.py
[2025-02-06T17:58:40.880+0000] {logging_mixin.py:190} INFO - [2025-02-06T17:58:40.879+0000] {dag.py:3239} INFO - Sync 1 DAGs
[2025-02-06T17:58:40.902+0000] {logging_mixin.py:190} INFO - [2025-02-06T17:58:40.901+0000] {dag.py:4180} INFO - Setting next_dagrun for example_python_operator to None, run_after=None
[2025-02-06T17:58:40.930+0000] {processor.py:208} INFO - Processing /home/airflow/.local/lib/python3.12/site-packages/airflow/example_dags/example_python_operator.py took 0.111 seconds
[2025-02-06T17:59:12.200+0000] {processor.py:186} INFO - Started process (PID=412) to work on /home/airflow/.local/lib/python3.12/site-packages/airflow/example_dags/example_python_operator.py
[2025-02-06T17:59:12.202+0000] {processor.py:914} INFO - Processing file /home/airflow/.local/lib/python3.12/site-packages/airflow/example_dags/example_python_operator.py for tasks to queue
[2025-02-06T17:59:12.205+0000] {logging_mixin.py:190} INFO - [2025-02-06T17:59:12.204+0000] {dagbag.py:588} INFO - Filling up the DagBag from /home/airflow/.local/lib/python3.12/site-packages/airflow/example_dags/example_python_operator.py
[2025-02-06T17:59:12.220+0000] {processor.py:925} INFO - DAG(s) 'example_python_operator' retrieved from /home/airflow/.local/lib/python3.12/site-packages/airflow/example_dags/example_python_operator.py
[2025-02-06T17:59:12.247+0000] {logging_mixin.py:190} INFO - [2025-02-06T17:59:12.247+0000] {dag.py:3239} INFO - Sync 1 DAGs
[2025-02-06T17:59:12.265+0000] {logging_mixin.py:190} INFO - [2025-02-06T17:59:12.265+0000] {dag.py:4180} INFO - Setting next_dagrun for example_python_operator to None, run_after=None
[2025-02-06T17:59:12.290+0000] {processor.py:208} INFO - Processing /home/airflow/.local/lib/python3.12/site-packages/airflow/example_dags/example_python_operator.py took 0.098 seconds
[2025-02-06T17:59:44.016+0000] {processor.py:186} INFO - Started process (PID=470) to work on /home/airflow/.local/lib/python3.12/site-packages/airflow/example_dags/example_python_operator.py
[2025-02-06T17:59:44.018+0000] {processor.py:914} INFO - Processing file /home/airflow/.local/lib/python3.12/site-packages/airflow/example_dags/example_python_operator.py for tasks to queue
[2025-02-06T17:59:44.021+0000] {logging_mixin.py:190} INFO - [2025-02-06T17:59:44.021+0000] {dagbag.py:588} INFO - Filling up the DagBag from /home/airflow/.local/lib/python3.12/site-packages/airflow/example_dags/example_python_operator.py
[2025-02-06T17:59:44.050+0000] {processor.py:925} INFO - DAG(s) 'example_python_operator' retrieved from /home/airflow/.local/lib/python3.12/site-packages/airflow/example_dags/example_python_operator.py
[2025-02-06T17:59:44.085+0000] {logging_mixin.py:190} INFO - [2025-02-06T17:59:44.085+0000] {dag.py:3239} INFO - Sync 1 DAGs
[2025-02-06T17:59:44.129+0000] {logging_mixin.py:190} INFO - [2025-02-06T17:59:44.127+0000] {dag.py:4180} INFO - Setting next_dagrun for example_python_operator to None, run_after=None
[2025-02-06T17:59:44.208+0000] {processor.py:208} INFO - Processing /home/airflow/.local/lib/python3.12/site-packages/airflow/example_dags/example_python_operator.py took 0.200 seconds
[2025-02-06T18:00:14.692+0000] {processor.py:186} INFO - Started process (PID=528) to work on /home/airflow/.local/lib/python3.12/site-packages/airflow/example_dags/example_python_operator.py
[2025-02-06T18:00:14.693+0000] {processor.py:914} INFO - Processing file /home/airflow/.local/lib/python3.12/site-packages/airflow/example_dags/example_python_operator.py for tasks to queue
[2025-02-06T18:00:14.696+0000] {logging_mixin.py:190} INFO - [2025-02-06T18:00:14.696+0000] {dagbag.py:588} INFO - Filling up the DagBag from /home/airflow/.local/lib/python3.12/site-packages/airflow/example_dags/example_python_operator.py
[2025-02-06T18:00:14.711+0000] {processor.py:925} INFO - DAG(s) 'example_python_operator' retrieved from /home/airflow/.local/lib/python3.12/site-packages/airflow/example_dags/example_python_operator.py
[2025-02-06T18:00:14.740+0000] {logging_mixin.py:190} INFO - [2025-02-06T18:00:14.739+0000] {dag.py:3239} INFO - Sync 1 DAGs
[2025-02-06T18:00:14.763+0000] {logging_mixin.py:190} INFO - [2025-02-06T18:00:14.763+0000] {dag.py:4180} INFO - Setting next_dagrun for example_python_operator to None, run_after=None
[2025-02-06T18:00:14.789+0000] {processor.py:208} INFO - Processing /home/airflow/.local/lib/python3.12/site-packages/airflow/example_dags/example_python_operator.py took 0.105 seconds
[2025-02-06T18:00:46.785+0000] {processor.py:186} INFO - Started process (PID=586) to work on /home/airflow/.local/lib/python3.12/site-packages/airflow/example_dags/example_python_operator.py
[2025-02-06T18:00:46.787+0000] {processor.py:914} INFO - Processing file /home/airflow/.local/lib/python3.12/site-packages/airflow/example_dags/example_python_operator.py for tasks to queue
[2025-02-06T18:00:46.790+0000] {logging_mixin.py:190} INFO - [2025-02-06T18:00:46.789+0000] {dagbag.py:588} INFO - Filling up the DagBag from /home/airflow/.local/lib/python3.12/site-packages/airflow/example_dags/example_python_operator.py
[2025-02-06T18:00:46.806+0000] {processor.py:925} INFO - DAG(s) 'example_python_operator' retrieved from /home/airflow/.local/lib/python3.12/site-packages/airflow/example_dags/example_python_operator.py
[2025-02-06T18:00:46.836+0000] {logging_mixin.py:190} INFO - [2025-02-06T18:00:46.835+0000] {dag.py:3239} INFO - Sync 1 DAGs
[2025-02-06T18:00:46.856+0000] {logging_mixin.py:190} INFO - [2025-02-06T18:00:46.856+0000] {dag.py:4180} INFO - Setting next_dagrun for example_python_operator to None, run_after=None
[2025-02-06T18:00:46.886+0000] {processor.py:208} INFO - Processing /home/airflow/.local/lib/python3.12/site-packages/airflow/example_dags/example_python_operator.py took 0.111 seconds
[2025-02-06T18:01:18.232+0000] {processor.py:186} INFO - Started process (PID=644) to work on /home/airflow/.local/lib/python3.12/site-packages/airflow/example_dags/example_python_operator.py
[2025-02-06T18:01:18.233+0000] {processor.py:914} INFO - Processing file /home/airflow/.local/lib/python3.12/site-packages/airflow/example_dags/example_python_operator.py for tasks to queue
[2025-02-06T18:01:18.236+0000] {logging_mixin.py:190} INFO - [2025-02-06T18:01:18.236+0000] {dagbag.py:588} INFO - Filling up the DagBag from /home/airflow/.local/lib/python3.12/site-packages/airflow/example_dags/example_python_operator.py
[2025-02-06T18:01:18.251+0000] {processor.py:925} INFO - DAG(s) 'example_python_operator' retrieved from /home/airflow/.local/lib/python3.12/site-packages/airflow/example_dags/example_python_operator.py
[2025-02-06T18:01:18.281+0000] {logging_mixin.py:190} INFO - [2025-02-06T18:01:18.281+0000] {dag.py:3239} INFO - Sync 1 DAGs
[2025-02-06T18:01:18.301+0000] {logging_mixin.py:190} INFO - [2025-02-06T18:01:18.301+0000] {dag.py:4180} INFO - Setting next_dagrun for example_python_operator to None, run_after=None
[2025-02-06T18:01:18.325+0000] {processor.py:208} INFO - Processing /home/airflow/.local/lib/python3.12/site-packages/airflow/example_dags/example_python_operator.py took 0.102 seconds
[2025-02-06T18:01:49.385+0000] {processor.py:186} INFO - Started process (PID=702) to work on /home/airflow/.local/lib/python3.12/site-packages/airflow/example_dags/example_python_operator.py
[2025-02-06T18:01:49.386+0000] {processor.py:914} INFO - Processing file /home/airflow/.local/lib/python3.12/site-packages/airflow/example_dags/example_python_operator.py for tasks to queue
[2025-02-06T18:01:49.389+0000] {logging_mixin.py:190} INFO - [2025-02-06T18:01:49.388+0000] {dagbag.py:588} INFO - Filling up the DagBag from /home/airflow/.local/lib/python3.12/site-packages/airflow/example_dags/example_python_operator.py
[2025-02-06T18:01:49.404+0000] {processor.py:925} INFO - DAG(s) 'example_python_operator' retrieved from /home/airflow/.local/lib/python3.12/site-packages/airflow/example_dags/example_python_operator.py
[2025-02-06T18:01:49.434+0000] {logging_mixin.py:190} INFO - [2025-02-06T18:01:49.433+0000] {dag.py:3239} INFO - Sync 1 DAGs
[2025-02-06T18:01:49.454+0000] {logging_mixin.py:190} INFO - [2025-02-06T18:01:49.454+0000] {dag.py:4180} INFO - Setting next_dagrun for example_python_operator to None, run_after=None
[2025-02-06T18:01:49.481+0000] {processor.py:208} INFO - Processing /home/airflow/.local/lib/python3.12/site-packages/airflow/example_dags/example_python_operator.py took 0.106 seconds
[2025-02-06T18:15:38.864+0000] {processor.py:186} INFO - Started process (PID=63) to work on /home/airflow/.local/lib/python3.12/site-packages/airflow/example_dags/example_python_operator.py
[2025-02-06T18:15:38.866+0000] {processor.py:914} INFO - Processing file /home/airflow/.local/lib/python3.12/site-packages/airflow/example_dags/example_python_operator.py for tasks to queue
[2025-02-06T18:15:38.869+0000] {logging_mixin.py:190} INFO - [2025-02-06T18:15:38.868+0000] {dagbag.py:588} INFO - Filling up the DagBag from /home/airflow/.local/lib/python3.12/site-packages/airflow/example_dags/example_python_operator.py
[2025-02-06T18:15:38.890+0000] {processor.py:925} INFO - DAG(s) 'example_python_operator' retrieved from /home/airflow/.local/lib/python3.12/site-packages/airflow/example_dags/example_python_operator.py
[2025-02-06T18:15:39.107+0000] {logging_mixin.py:190} INFO - [2025-02-06T18:15:39.106+0000] {dag.py:3239} INFO - Sync 1 DAGs
[2025-02-06T18:15:39.126+0000] {logging_mixin.py:190} INFO - [2025-02-06T18:15:39.126+0000] {dag.py:4180} INFO - Setting next_dagrun for example_python_operator to None, run_after=None
[2025-02-06T18:15:39.153+0000] {processor.py:208} INFO - Processing /home/airflow/.local/lib/python3.12/site-packages/airflow/example_dags/example_python_operator.py took 0.297 seconds
[2025-02-06T18:16:09.852+0000] {processor.py:186} INFO - Started process (PID=120) to work on /home/airflow/.local/lib/python3.12/site-packages/airflow/example_dags/example_python_operator.py
[2025-02-06T18:16:09.854+0000] {processor.py:914} INFO - Processing file /home/airflow/.local/lib/python3.12/site-packages/airflow/example_dags/example_python_operator.py for tasks to queue
[2025-02-06T18:16:09.858+0000] {logging_mixin.py:190} INFO - [2025-02-06T18:16:09.858+0000] {dagbag.py:588} INFO - Filling up the DagBag from /home/airflow/.local/lib/python3.12/site-packages/airflow/example_dags/example_python_operator.py
[2025-02-06T18:16:09.888+0000] {processor.py:925} INFO - DAG(s) 'example_python_operator' retrieved from /home/airflow/.local/lib/python3.12/site-packages/airflow/example_dags/example_python_operator.py
[2025-02-06T18:16:09.929+0000] {logging_mixin.py:190} INFO - [2025-02-06T18:16:09.929+0000] {dag.py:3239} INFO - Sync 1 DAGs
[2025-02-06T18:16:09.958+0000] {logging_mixin.py:190} INFO - [2025-02-06T18:16:09.958+0000] {dag.py:4180} INFO - Setting next_dagrun for example_python_operator to None, run_after=None
[2025-02-06T18:16:09.985+0000] {processor.py:208} INFO - Processing /home/airflow/.local/lib/python3.12/site-packages/airflow/example_dags/example_python_operator.py took 0.144 seconds
[2025-02-06T18:16:40.506+0000] {processor.py:186} INFO - Started process (PID=177) to work on /home/airflow/.local/lib/python3.12/site-packages/airflow/example_dags/example_python_operator.py
[2025-02-06T18:16:40.508+0000] {processor.py:914} INFO - Processing file /home/airflow/.local/lib/python3.12/site-packages/airflow/example_dags/example_python_operator.py for tasks to queue
[2025-02-06T18:16:40.513+0000] {logging_mixin.py:190} INFO - [2025-02-06T18:16:40.512+0000] {dagbag.py:588} INFO - Filling up the DagBag from /home/airflow/.local/lib/python3.12/site-packages/airflow/example_dags/example_python_operator.py
[2025-02-06T18:16:40.531+0000] {processor.py:925} INFO - DAG(s) 'example_python_operator' retrieved from /home/airflow/.local/lib/python3.12/site-packages/airflow/example_dags/example_python_operator.py
[2025-02-06T18:16:40.574+0000] {logging_mixin.py:190} INFO - [2025-02-06T18:16:40.573+0000] {dag.py:3239} INFO - Sync 1 DAGs
[2025-02-06T18:16:40.599+0000] {logging_mixin.py:190} INFO - [2025-02-06T18:16:40.598+0000] {dag.py:4180} INFO - Setting next_dagrun for example_python_operator to None, run_after=None
[2025-02-06T18:16:40.638+0000] {processor.py:208} INFO - Processing /home/airflow/.local/lib/python3.12/site-packages/airflow/example_dags/example_python_operator.py took 0.141 seconds
[2025-02-06T18:17:11.227+0000] {processor.py:186} INFO - Started process (PID=234) to work on /home/airflow/.local/lib/python3.12/site-packages/airflow/example_dags/example_python_operator.py
[2025-02-06T18:17:11.229+0000] {processor.py:914} INFO - Processing file /home/airflow/.local/lib/python3.12/site-packages/airflow/example_dags/example_python_operator.py for tasks to queue
[2025-02-06T18:17:11.233+0000] {logging_mixin.py:190} INFO - [2025-02-06T18:17:11.232+0000] {dagbag.py:588} INFO - Filling up the DagBag from /home/airflow/.local/lib/python3.12/site-packages/airflow/example_dags/example_python_operator.py
[2025-02-06T18:17:11.250+0000] {processor.py:925} INFO - DAG(s) 'example_python_operator' retrieved from /home/airflow/.local/lib/python3.12/site-packages/airflow/example_dags/example_python_operator.py
[2025-02-06T18:17:11.288+0000] {logging_mixin.py:190} INFO - [2025-02-06T18:17:11.287+0000] {dag.py:3239} INFO - Sync 1 DAGs
[2025-02-06T18:17:11.311+0000] {logging_mixin.py:190} INFO - [2025-02-06T18:17:11.311+0000] {dag.py:4180} INFO - Setting next_dagrun for example_python_operator to None, run_after=None
[2025-02-06T18:17:11.347+0000] {processor.py:208} INFO - Processing /home/airflow/.local/lib/python3.12/site-packages/airflow/example_dags/example_python_operator.py took 0.129 seconds
[2025-02-06T18:17:41.504+0000] {processor.py:186} INFO - Started process (PID=290) to work on /home/airflow/.local/lib/python3.12/site-packages/airflow/example_dags/example_python_operator.py
[2025-02-06T18:17:41.505+0000] {processor.py:914} INFO - Processing file /home/airflow/.local/lib/python3.12/site-packages/airflow/example_dags/example_python_operator.py for tasks to queue
[2025-02-06T18:17:41.510+0000] {logging_mixin.py:190} INFO - [2025-02-06T18:17:41.509+0000] {dagbag.py:588} INFO - Filling up the DagBag from /home/airflow/.local/lib/python3.12/site-packages/airflow/example_dags/example_python_operator.py
[2025-02-06T18:17:41.536+0000] {processor.py:925} INFO - DAG(s) 'example_python_operator' retrieved from /home/airflow/.local/lib/python3.12/site-packages/airflow/example_dags/example_python_operator.py
[2025-02-06T18:17:41.576+0000] {logging_mixin.py:190} INFO - [2025-02-06T18:17:41.575+0000] {dag.py:3239} INFO - Sync 1 DAGs
[2025-02-06T18:17:41.599+0000] {logging_mixin.py:190} INFO - [2025-02-06T18:17:41.598+0000] {dag.py:4180} INFO - Setting next_dagrun for example_python_operator to None, run_after=None
[2025-02-06T18:17:41.635+0000] {processor.py:208} INFO - Processing /home/airflow/.local/lib/python3.12/site-packages/airflow/example_dags/example_python_operator.py took 0.142 seconds
[2025-02-06T18:18:12.246+0000] {processor.py:186} INFO - Started process (PID=346) to work on /home/airflow/.local/lib/python3.12/site-packages/airflow/example_dags/example_python_operator.py
[2025-02-06T18:18:12.248+0000] {processor.py:914} INFO - Processing file /home/airflow/.local/lib/python3.12/site-packages/airflow/example_dags/example_python_operator.py for tasks to queue
[2025-02-06T18:18:12.252+0000] {logging_mixin.py:190} INFO - [2025-02-06T18:18:12.251+0000] {dagbag.py:588} INFO - Filling up the DagBag from /home/airflow/.local/lib/python3.12/site-packages/airflow/example_dags/example_python_operator.py
[2025-02-06T18:18:12.272+0000] {processor.py:925} INFO - DAG(s) 'example_python_operator' retrieved from /home/airflow/.local/lib/python3.12/site-packages/airflow/example_dags/example_python_operator.py
[2025-02-06T18:18:12.313+0000] {logging_mixin.py:190} INFO - [2025-02-06T18:18:12.312+0000] {dag.py:3239} INFO - Sync 1 DAGs
[2025-02-06T18:18:12.340+0000] {logging_mixin.py:190} INFO - [2025-02-06T18:18:12.340+0000] {dag.py:4180} INFO - Setting next_dagrun for example_python_operator to None, run_after=None
[2025-02-06T18:18:12.377+0000] {processor.py:208} INFO - Processing /home/airflow/.local/lib/python3.12/site-packages/airflow/example_dags/example_python_operator.py took 0.143 seconds
[2025-02-06T18:18:43.737+0000] {processor.py:186} INFO - Started process (PID=403) to work on /home/airflow/.local/lib/python3.12/site-packages/airflow/example_dags/example_python_operator.py
[2025-02-06T18:18:43.738+0000] {processor.py:914} INFO - Processing file /home/airflow/.local/lib/python3.12/site-packages/airflow/example_dags/example_python_operator.py for tasks to queue
[2025-02-06T18:18:43.743+0000] {logging_mixin.py:190} INFO - [2025-02-06T18:18:43.742+0000] {dagbag.py:588} INFO - Filling up the DagBag from /home/airflow/.local/lib/python3.12/site-packages/airflow/example_dags/example_python_operator.py
[2025-02-06T18:18:43.767+0000] {processor.py:925} INFO - DAG(s) 'example_python_operator' retrieved from /home/airflow/.local/lib/python3.12/site-packages/airflow/example_dags/example_python_operator.py
[2025-02-06T18:18:43.840+0000] {logging_mixin.py:190} INFO - [2025-02-06T18:18:43.840+0000] {dag.py:3239} INFO - Sync 1 DAGs
[2025-02-06T18:18:43.896+0000] {logging_mixin.py:190} INFO - [2025-02-06T18:18:43.896+0000] {dag.py:4180} INFO - Setting next_dagrun for example_python_operator to None, run_after=None
[2025-02-06T18:18:43.995+0000] {processor.py:208} INFO - Processing /home/airflow/.local/lib/python3.12/site-packages/airflow/example_dags/example_python_operator.py took 0.268 seconds
[2025-02-06T18:19:14.102+0000] {processor.py:186} INFO - Started process (PID=459) to work on /home/airflow/.local/lib/python3.12/site-packages/airflow/example_dags/example_python_operator.py
[2025-02-06T18:19:14.105+0000] {processor.py:914} INFO - Processing file /home/airflow/.local/lib/python3.12/site-packages/airflow/example_dags/example_python_operator.py for tasks to queue
[2025-02-06T18:19:14.110+0000] {logging_mixin.py:190} INFO - [2025-02-06T18:19:14.109+0000] {dagbag.py:588} INFO - Filling up the DagBag from /home/airflow/.local/lib/python3.12/site-packages/airflow/example_dags/example_python_operator.py
[2025-02-06T18:19:14.142+0000] {processor.py:925} INFO - DAG(s) 'example_python_operator' retrieved from /home/airflow/.local/lib/python3.12/site-packages/airflow/example_dags/example_python_operator.py
[2025-02-06T18:19:14.187+0000] {logging_mixin.py:190} INFO - [2025-02-06T18:19:14.187+0000] {dag.py:3239} INFO - Sync 1 DAGs
[2025-02-06T18:19:14.216+0000] {logging_mixin.py:190} INFO - [2025-02-06T18:19:14.216+0000] {dag.py:4180} INFO - Setting next_dagrun for example_python_operator to None, run_after=None
[2025-02-06T18:19:14.256+0000] {processor.py:208} INFO - Processing /home/airflow/.local/lib/python3.12/site-packages/airflow/example_dags/example_python_operator.py took 0.167 seconds
[2025-02-06T18:19:45.432+0000] {processor.py:186} INFO - Started process (PID=516) to work on /home/airflow/.local/lib/python3.12/site-packages/airflow/example_dags/example_python_operator.py
[2025-02-06T18:19:45.438+0000] {processor.py:914} INFO - Processing file /home/airflow/.local/lib/python3.12/site-packages/airflow/example_dags/example_python_operator.py for tasks to queue
[2025-02-06T18:19:45.445+0000] {logging_mixin.py:190} INFO - [2025-02-06T18:19:45.444+0000] {dagbag.py:588} INFO - Filling up the DagBag from /home/airflow/.local/lib/python3.12/site-packages/airflow/example_dags/example_python_operator.py
[2025-02-06T18:19:45.518+0000] {processor.py:925} INFO - DAG(s) 'example_python_operator' retrieved from /home/airflow/.local/lib/python3.12/site-packages/airflow/example_dags/example_python_operator.py
[2025-02-06T18:19:45.627+0000] {logging_mixin.py:190} INFO - [2025-02-06T18:19:45.626+0000] {dag.py:3239} INFO - Sync 1 DAGs
[2025-02-06T18:19:45.686+0000] {logging_mixin.py:190} INFO - [2025-02-06T18:19:45.686+0000] {dag.py:4180} INFO - Setting next_dagrun for example_python_operator to None, run_after=None
[2025-02-06T18:19:45.763+0000] {processor.py:208} INFO - Processing /home/airflow/.local/lib/python3.12/site-packages/airflow/example_dags/example_python_operator.py took 0.347 seconds
[2025-02-06T18:20:16.506+0000] {processor.py:186} INFO - Started process (PID=573) to work on /home/airflow/.local/lib/python3.12/site-packages/airflow/example_dags/example_python_operator.py
[2025-02-06T18:20:16.508+0000] {processor.py:914} INFO - Processing file /home/airflow/.local/lib/python3.12/site-packages/airflow/example_dags/example_python_operator.py for tasks to queue
[2025-02-06T18:20:16.511+0000] {logging_mixin.py:190} INFO - [2025-02-06T18:20:16.511+0000] {dagbag.py:588} INFO - Filling up the DagBag from /home/airflow/.local/lib/python3.12/site-packages/airflow/example_dags/example_python_operator.py
[2025-02-06T18:20:16.526+0000] {processor.py:925} INFO - DAG(s) 'example_python_operator' retrieved from /home/airflow/.local/lib/python3.12/site-packages/airflow/example_dags/example_python_operator.py
[2025-02-06T18:20:16.554+0000] {logging_mixin.py:190} INFO - [2025-02-06T18:20:16.554+0000] {dag.py:3239} INFO - Sync 1 DAGs
[2025-02-06T18:20:16.577+0000] {logging_mixin.py:190} INFO - [2025-02-06T18:20:16.577+0000] {dag.py:4180} INFO - Setting next_dagrun for example_python_operator to None, run_after=None
[2025-02-06T18:20:16.610+0000] {processor.py:208} INFO - Processing /home/airflow/.local/lib/python3.12/site-packages/airflow/example_dags/example_python_operator.py took 0.111 seconds
[2025-02-06T18:20:47.218+0000] {processor.py:186} INFO - Started process (PID=630) to work on /home/airflow/.local/lib/python3.12/site-packages/airflow/example_dags/example_python_operator.py
[2025-02-06T18:20:47.221+0000] {processor.py:914} INFO - Processing file /home/airflow/.local/lib/python3.12/site-packages/airflow/example_dags/example_python_operator.py for tasks to queue
[2025-02-06T18:20:47.227+0000] {logging_mixin.py:190} INFO - [2025-02-06T18:20:47.226+0000] {dagbag.py:588} INFO - Filling up the DagBag from /home/airflow/.local/lib/python3.12/site-packages/airflow/example_dags/example_python_operator.py
[2025-02-06T18:20:47.290+0000] {processor.py:925} INFO - DAG(s) 'example_python_operator' retrieved from /home/airflow/.local/lib/python3.12/site-packages/airflow/example_dags/example_python_operator.py
[2025-02-06T18:20:47.371+0000] {logging_mixin.py:190} INFO - [2025-02-06T18:20:47.371+0000] {dag.py:3239} INFO - Sync 1 DAGs
[2025-02-06T18:20:47.407+0000] {logging_mixin.py:190} INFO - [2025-02-06T18:20:47.407+0000] {dag.py:4180} INFO - Setting next_dagrun for example_python_operator to None, run_after=None
[2025-02-06T18:20:47.463+0000] {processor.py:208} INFO - Processing /home/airflow/.local/lib/python3.12/site-packages/airflow/example_dags/example_python_operator.py took 0.278 seconds
[2025-02-06T18:21:17.695+0000] {processor.py:186} INFO - Started process (PID=687) to work on /home/airflow/.local/lib/python3.12/site-packages/airflow/example_dags/example_python_operator.py
[2025-02-06T18:21:17.697+0000] {processor.py:914} INFO - Processing file /home/airflow/.local/lib/python3.12/site-packages/airflow/example_dags/example_python_operator.py for tasks to queue
[2025-02-06T18:21:17.700+0000] {logging_mixin.py:190} INFO - [2025-02-06T18:21:17.700+0000] {dagbag.py:588} INFO - Filling up the DagBag from /home/airflow/.local/lib/python3.12/site-packages/airflow/example_dags/example_python_operator.py
[2025-02-06T18:21:17.718+0000] {processor.py:925} INFO - DAG(s) 'example_python_operator' retrieved from /home/airflow/.local/lib/python3.12/site-packages/airflow/example_dags/example_python_operator.py
[2025-02-06T18:21:17.755+0000] {logging_mixin.py:190} INFO - [2025-02-06T18:21:17.755+0000] {dag.py:3239} INFO - Sync 1 DAGs
[2025-02-06T18:21:17.782+0000] {logging_mixin.py:190} INFO - [2025-02-06T18:21:17.782+0000] {dag.py:4180} INFO - Setting next_dagrun for example_python_operator to None, run_after=None
[2025-02-06T18:21:17.815+0000] {processor.py:208} INFO - Processing /home/airflow/.local/lib/python3.12/site-packages/airflow/example_dags/example_python_operator.py took 0.129 seconds
[2025-02-06T18:21:48.341+0000] {processor.py:186} INFO - Started process (PID=744) to work on /home/airflow/.local/lib/python3.12/site-packages/airflow/example_dags/example_python_operator.py
[2025-02-06T18:21:48.343+0000] {processor.py:914} INFO - Processing file /home/airflow/.local/lib/python3.12/site-packages/airflow/example_dags/example_python_operator.py for tasks to queue
[2025-02-06T18:21:48.347+0000] {logging_mixin.py:190} INFO - [2025-02-06T18:21:48.347+0000] {dagbag.py:588} INFO - Filling up the DagBag from /home/airflow/.local/lib/python3.12/site-packages/airflow/example_dags/example_python_operator.py
[2025-02-06T18:21:48.366+0000] {processor.py:925} INFO - DAG(s) 'example_python_operator' retrieved from /home/airflow/.local/lib/python3.12/site-packages/airflow/example_dags/example_python_operator.py
[2025-02-06T18:21:48.400+0000] {logging_mixin.py:190} INFO - [2025-02-06T18:21:48.400+0000] {dag.py:3239} INFO - Sync 1 DAGs
[2025-02-06T18:21:48.432+0000] {logging_mixin.py:190} INFO - [2025-02-06T18:21:48.432+0000] {dag.py:4180} INFO - Setting next_dagrun for example_python_operator to None, run_after=None
[2025-02-06T18:21:48.468+0000] {processor.py:208} INFO - Processing /home/airflow/.local/lib/python3.12/site-packages/airflow/example_dags/example_python_operator.py took 0.137 seconds
[2025-02-06T18:22:19.106+0000] {processor.py:186} INFO - Started process (PID=801) to work on /home/airflow/.local/lib/python3.12/site-packages/airflow/example_dags/example_python_operator.py
[2025-02-06T18:22:19.109+0000] {processor.py:914} INFO - Processing file /home/airflow/.local/lib/python3.12/site-packages/airflow/example_dags/example_python_operator.py for tasks to queue
[2025-02-06T18:22:19.116+0000] {logging_mixin.py:190} INFO - [2025-02-06T18:22:19.115+0000] {dagbag.py:588} INFO - Filling up the DagBag from /home/airflow/.local/lib/python3.12/site-packages/airflow/example_dags/example_python_operator.py
[2025-02-06T18:22:19.169+0000] {processor.py:925} INFO - DAG(s) 'example_python_operator' retrieved from /home/airflow/.local/lib/python3.12/site-packages/airflow/example_dags/example_python_operator.py
[2025-02-06T18:22:19.255+0000] {logging_mixin.py:190} INFO - [2025-02-06T18:22:19.255+0000] {dag.py:3239} INFO - Sync 1 DAGs
[2025-02-06T18:22:19.307+0000] {logging_mixin.py:190} INFO - [2025-02-06T18:22:19.307+0000] {dag.py:4180} INFO - Setting next_dagrun for example_python_operator to None, run_after=None
[2025-02-06T18:22:19.357+0000] {processor.py:208} INFO - Processing /home/airflow/.local/lib/python3.12/site-packages/airflow/example_dags/example_python_operator.py took 0.268 seconds
[2025-02-06T18:22:49.871+0000] {processor.py:186} INFO - Started process (PID=858) to work on /home/airflow/.local/lib/python3.12/site-packages/airflow/example_dags/example_python_operator.py
[2025-02-06T18:22:49.873+0000] {processor.py:914} INFO - Processing file /home/airflow/.local/lib/python3.12/site-packages/airflow/example_dags/example_python_operator.py for tasks to queue
[2025-02-06T18:22:49.877+0000] {logging_mixin.py:190} INFO - [2025-02-06T18:22:49.876+0000] {dagbag.py:588} INFO - Filling up the DagBag from /home/airflow/.local/lib/python3.12/site-packages/airflow/example_dags/example_python_operator.py
[2025-02-06T18:22:49.897+0000] {processor.py:925} INFO - DAG(s) 'example_python_operator' retrieved from /home/airflow/.local/lib/python3.12/site-packages/airflow/example_dags/example_python_operator.py
[2025-02-06T18:22:49.934+0000] {logging_mixin.py:190} INFO - [2025-02-06T18:22:49.933+0000] {dag.py:3239} INFO - Sync 1 DAGs
[2025-02-06T18:22:49.957+0000] {logging_mixin.py:190} INFO - [2025-02-06T18:22:49.956+0000] {dag.py:4180} INFO - Setting next_dagrun for example_python_operator to None, run_after=None
[2025-02-06T18:22:49.993+0000] {processor.py:208} INFO - Processing /home/airflow/.local/lib/python3.12/site-packages/airflow/example_dags/example_python_operator.py took 0.131 seconds
[2025-02-06T18:23:20.310+0000] {processor.py:186} INFO - Started process (PID=915) to work on /home/airflow/.local/lib/python3.12/site-packages/airflow/example_dags/example_python_operator.py
[2025-02-06T18:23:20.312+0000] {processor.py:914} INFO - Processing file /home/airflow/.local/lib/python3.12/site-packages/airflow/example_dags/example_python_operator.py for tasks to queue
[2025-02-06T18:23:20.316+0000] {logging_mixin.py:190} INFO - [2025-02-06T18:23:20.315+0000] {dagbag.py:588} INFO - Filling up the DagBag from /home/airflow/.local/lib/python3.12/site-packages/airflow/example_dags/example_python_operator.py
[2025-02-06T18:23:20.337+0000] {processor.py:925} INFO - DAG(s) 'example_python_operator' retrieved from /home/airflow/.local/lib/python3.12/site-packages/airflow/example_dags/example_python_operator.py
[2025-02-06T18:23:20.373+0000] {logging_mixin.py:190} INFO - [2025-02-06T18:23:20.373+0000] {dag.py:3239} INFO - Sync 1 DAGs
[2025-02-06T18:23:20.396+0000] {logging_mixin.py:190} INFO - [2025-02-06T18:23:20.396+0000] {dag.py:4180} INFO - Setting next_dagrun for example_python_operator to None, run_after=None
[2025-02-06T18:23:20.427+0000] {processor.py:208} INFO - Processing /home/airflow/.local/lib/python3.12/site-packages/airflow/example_dags/example_python_operator.py took 0.129 seconds
[2025-02-06T18:23:50.540+0000] {processor.py:186} INFO - Started process (PID=972) to work on /home/airflow/.local/lib/python3.12/site-packages/airflow/example_dags/example_python_operator.py
[2025-02-06T18:23:50.542+0000] {processor.py:914} INFO - Processing file /home/airflow/.local/lib/python3.12/site-packages/airflow/example_dags/example_python_operator.py for tasks to queue
[2025-02-06T18:23:50.547+0000] {logging_mixin.py:190} INFO - [2025-02-06T18:23:50.546+0000] {dagbag.py:588} INFO - Filling up the DagBag from /home/airflow/.local/lib/python3.12/site-packages/airflow/example_dags/example_python_operator.py
[2025-02-06T18:23:50.596+0000] {processor.py:925} INFO - DAG(s) 'example_python_operator' retrieved from /home/airflow/.local/lib/python3.12/site-packages/airflow/example_dags/example_python_operator.py
[2025-02-06T18:23:50.657+0000] {logging_mixin.py:190} INFO - [2025-02-06T18:23:50.656+0000] {dag.py:3239} INFO - Sync 1 DAGs
[2025-02-06T18:23:50.699+0000] {logging_mixin.py:190} INFO - [2025-02-06T18:23:50.698+0000] {dag.py:4180} INFO - Setting next_dagrun for example_python_operator to None, run_after=None
[2025-02-06T18:23:50.743+0000] {processor.py:208} INFO - Processing /home/airflow/.local/lib/python3.12/site-packages/airflow/example_dags/example_python_operator.py took 0.221 seconds
[2025-02-06T18:24:21.294+0000] {processor.py:186} INFO - Started process (PID=1029) to work on /home/airflow/.local/lib/python3.12/site-packages/airflow/example_dags/example_python_operator.py
[2025-02-06T18:24:21.297+0000] {processor.py:914} INFO - Processing file /home/airflow/.local/lib/python3.12/site-packages/airflow/example_dags/example_python_operator.py for tasks to queue
[2025-02-06T18:24:21.307+0000] {logging_mixin.py:190} INFO - [2025-02-06T18:24:21.306+0000] {dagbag.py:588} INFO - Filling up the DagBag from /home/airflow/.local/lib/python3.12/site-packages/airflow/example_dags/example_python_operator.py
[2025-02-06T18:24:21.332+0000] {processor.py:925} INFO - DAG(s) 'example_python_operator' retrieved from /home/airflow/.local/lib/python3.12/site-packages/airflow/example_dags/example_python_operator.py
[2025-02-06T18:24:21.367+0000] {logging_mixin.py:190} INFO - [2025-02-06T18:24:21.367+0000] {dag.py:3239} INFO - Sync 1 DAGs
[2025-02-06T18:24:21.387+0000] {logging_mixin.py:190} INFO - [2025-02-06T18:24:21.386+0000] {dag.py:4180} INFO - Setting next_dagrun for example_python_operator to None, run_after=None
[2025-02-06T18:24:21.438+0000] {processor.py:208} INFO - Processing /home/airflow/.local/lib/python3.12/site-packages/airflow/example_dags/example_python_operator.py took 0.157 seconds
[2025-02-06T18:24:51.631+0000] {processor.py:186} INFO - Started process (PID=1086) to work on /home/airflow/.local/lib/python3.12/site-packages/airflow/example_dags/example_python_operator.py
[2025-02-06T18:24:51.633+0000] {processor.py:914} INFO - Processing file /home/airflow/.local/lib/python3.12/site-packages/airflow/example_dags/example_python_operator.py for tasks to queue
[2025-02-06T18:24:51.637+0000] {logging_mixin.py:190} INFO - [2025-02-06T18:24:51.637+0000] {dagbag.py:588} INFO - Filling up the DagBag from /home/airflow/.local/lib/python3.12/site-packages/airflow/example_dags/example_python_operator.py
[2025-02-06T18:24:51.657+0000] {processor.py:925} INFO - DAG(s) 'example_python_operator' retrieved from /home/airflow/.local/lib/python3.12/site-packages/airflow/example_dags/example_python_operator.py
[2025-02-06T18:24:51.699+0000] {logging_mixin.py:190} INFO - [2025-02-06T18:24:51.699+0000] {dag.py:3239} INFO - Sync 1 DAGs
[2025-02-06T18:24:51.726+0000] {logging_mixin.py:190} INFO - [2025-02-06T18:24:51.726+0000] {dag.py:4180} INFO - Setting next_dagrun for example_python_operator to None, run_after=None
[2025-02-06T18:24:51.757+0000] {processor.py:208} INFO - Processing /home/airflow/.local/lib/python3.12/site-packages/airflow/example_dags/example_python_operator.py took 0.138 seconds
[2025-02-06T18:25:22.036+0000] {processor.py:186} INFO - Started process (PID=1143) to work on /home/airflow/.local/lib/python3.12/site-packages/airflow/example_dags/example_python_operator.py
[2025-02-06T18:25:22.038+0000] {processor.py:914} INFO - Processing file /home/airflow/.local/lib/python3.12/site-packages/airflow/example_dags/example_python_operator.py for tasks to queue
[2025-02-06T18:25:22.043+0000] {logging_mixin.py:190} INFO - [2025-02-06T18:25:22.042+0000] {dagbag.py:588} INFO - Filling up the DagBag from /home/airflow/.local/lib/python3.12/site-packages/airflow/example_dags/example_python_operator.py
[2025-02-06T18:25:22.062+0000] {processor.py:925} INFO - DAG(s) 'example_python_operator' retrieved from /home/airflow/.local/lib/python3.12/site-packages/airflow/example_dags/example_python_operator.py
[2025-02-06T18:25:22.116+0000] {logging_mixin.py:190} INFO - [2025-02-06T18:25:22.115+0000] {dag.py:3239} INFO - Sync 1 DAGs
[2025-02-06T18:25:22.190+0000] {logging_mixin.py:190} INFO - [2025-02-06T18:25:22.188+0000] {dag.py:4180} INFO - Setting next_dagrun for example_python_operator to None, run_after=None
[2025-02-06T18:25:22.259+0000] {processor.py:208} INFO - Processing /home/airflow/.local/lib/python3.12/site-packages/airflow/example_dags/example_python_operator.py took 0.234 seconds
[2025-02-06T18:25:52.898+0000] {processor.py:186} INFO - Started process (PID=1200) to work on /home/airflow/.local/lib/python3.12/site-packages/airflow/example_dags/example_python_operator.py
[2025-02-06T18:25:52.899+0000] {processor.py:914} INFO - Processing file /home/airflow/.local/lib/python3.12/site-packages/airflow/example_dags/example_python_operator.py for tasks to queue
[2025-02-06T18:25:52.904+0000] {logging_mixin.py:190} INFO - [2025-02-06T18:25:52.903+0000] {dagbag.py:588} INFO - Filling up the DagBag from /home/airflow/.local/lib/python3.12/site-packages/airflow/example_dags/example_python_operator.py
[2025-02-06T18:25:52.932+0000] {processor.py:925} INFO - DAG(s) 'example_python_operator' retrieved from /home/airflow/.local/lib/python3.12/site-packages/airflow/example_dags/example_python_operator.py
[2025-02-06T18:25:52.990+0000] {logging_mixin.py:190} INFO - [2025-02-06T18:25:52.989+0000] {dag.py:3239} INFO - Sync 1 DAGs
[2025-02-06T18:25:53.025+0000] {logging_mixin.py:190} INFO - [2025-02-06T18:25:53.025+0000] {dag.py:4180} INFO - Setting next_dagrun for example_python_operator to None, run_after=None
[2025-02-06T18:25:53.115+0000] {processor.py:208} INFO - Processing /home/airflow/.local/lib/python3.12/site-packages/airflow/example_dags/example_python_operator.py took 0.227 seconds
[2025-02-06T18:26:23.293+0000] {processor.py:186} INFO - Started process (PID=1257) to work on /home/airflow/.local/lib/python3.12/site-packages/airflow/example_dags/example_python_operator.py
[2025-02-06T18:26:23.294+0000] {processor.py:914} INFO - Processing file /home/airflow/.local/lib/python3.12/site-packages/airflow/example_dags/example_python_operator.py for tasks to queue
[2025-02-06T18:26:23.297+0000] {logging_mixin.py:190} INFO - [2025-02-06T18:26:23.297+0000] {dagbag.py:588} INFO - Filling up the DagBag from /home/airflow/.local/lib/python3.12/site-packages/airflow/example_dags/example_python_operator.py
[2025-02-06T18:26:23.315+0000] {processor.py:925} INFO - DAG(s) 'example_python_operator' retrieved from /home/airflow/.local/lib/python3.12/site-packages/airflow/example_dags/example_python_operator.py
[2025-02-06T18:26:23.349+0000] {logging_mixin.py:190} INFO - [2025-02-06T18:26:23.349+0000] {dag.py:3239} INFO - Sync 1 DAGs
[2025-02-06T18:26:23.374+0000] {logging_mixin.py:190} INFO - [2025-02-06T18:26:23.374+0000] {dag.py:4180} INFO - Setting next_dagrun for example_python_operator to None, run_after=None
[2025-02-06T18:26:23.434+0000] {processor.py:208} INFO - Processing /home/airflow/.local/lib/python3.12/site-packages/airflow/example_dags/example_python_operator.py took 0.149 seconds
[2025-02-06T18:26:53.673+0000] {processor.py:186} INFO - Started process (PID=1314) to work on /home/airflow/.local/lib/python3.12/site-packages/airflow/example_dags/example_python_operator.py
[2025-02-06T18:26:53.674+0000] {processor.py:914} INFO - Processing file /home/airflow/.local/lib/python3.12/site-packages/airflow/example_dags/example_python_operator.py for tasks to queue
[2025-02-06T18:26:53.678+0000] {logging_mixin.py:190} INFO - [2025-02-06T18:26:53.677+0000] {dagbag.py:588} INFO - Filling up the DagBag from /home/airflow/.local/lib/python3.12/site-packages/airflow/example_dags/example_python_operator.py
[2025-02-06T18:26:53.696+0000] {processor.py:925} INFO - DAG(s) 'example_python_operator' retrieved from /home/airflow/.local/lib/python3.12/site-packages/airflow/example_dags/example_python_operator.py
[2025-02-06T18:26:53.735+0000] {logging_mixin.py:190} INFO - [2025-02-06T18:26:53.734+0000] {dag.py:3239} INFO - Sync 1 DAGs
[2025-02-06T18:26:53.764+0000] {logging_mixin.py:190} INFO - [2025-02-06T18:26:53.763+0000] {dag.py:4180} INFO - Setting next_dagrun for example_python_operator to None, run_after=None
[2025-02-06T18:26:53.801+0000] {processor.py:208} INFO - Processing /home/airflow/.local/lib/python3.12/site-packages/airflow/example_dags/example_python_operator.py took 0.136 seconds
[2025-02-06T18:27:24.306+0000] {processor.py:186} INFO - Started process (PID=1371) to work on /home/airflow/.local/lib/python3.12/site-packages/airflow/example_dags/example_python_operator.py
[2025-02-06T18:27:24.315+0000] {processor.py:914} INFO - Processing file /home/airflow/.local/lib/python3.12/site-packages/airflow/example_dags/example_python_operator.py for tasks to queue
[2025-02-06T18:27:24.326+0000] {logging_mixin.py:190} INFO - [2025-02-06T18:27:24.325+0000] {dagbag.py:588} INFO - Filling up the DagBag from /home/airflow/.local/lib/python3.12/site-packages/airflow/example_dags/example_python_operator.py
[2025-02-06T18:27:24.379+0000] {processor.py:925} INFO - DAG(s) 'example_python_operator' retrieved from /home/airflow/.local/lib/python3.12/site-packages/airflow/example_dags/example_python_operator.py
[2025-02-06T18:27:24.481+0000] {logging_mixin.py:190} INFO - [2025-02-06T18:27:24.481+0000] {dag.py:3239} INFO - Sync 1 DAGs
[2025-02-06T18:27:24.545+0000] {logging_mixin.py:190} INFO - [2025-02-06T18:27:24.544+0000] {dag.py:4180} INFO - Setting next_dagrun for example_python_operator to None, run_after=None
[2025-02-06T18:27:24.604+0000] {processor.py:208} INFO - Processing /home/airflow/.local/lib/python3.12/site-packages/airflow/example_dags/example_python_operator.py took 0.322 seconds
[2025-02-06T18:27:54.782+0000] {processor.py:186} INFO - Started process (PID=1428) to work on /home/airflow/.local/lib/python3.12/site-packages/airflow/example_dags/example_python_operator.py
[2025-02-06T18:27:54.784+0000] {processor.py:914} INFO - Processing file /home/airflow/.local/lib/python3.12/site-packages/airflow/example_dags/example_python_operator.py for tasks to queue
[2025-02-06T18:27:54.789+0000] {logging_mixin.py:190} INFO - [2025-02-06T18:27:54.789+0000] {dagbag.py:588} INFO - Filling up the DagBag from /home/airflow/.local/lib/python3.12/site-packages/airflow/example_dags/example_python_operator.py
[2025-02-06T18:27:54.810+0000] {processor.py:925} INFO - DAG(s) 'example_python_operator' retrieved from /home/airflow/.local/lib/python3.12/site-packages/airflow/example_dags/example_python_operator.py
[2025-02-06T18:27:54.854+0000] {logging_mixin.py:190} INFO - [2025-02-06T18:27:54.853+0000] {dag.py:3239} INFO - Sync 1 DAGs
[2025-02-06T18:27:54.885+0000] {logging_mixin.py:190} INFO - [2025-02-06T18:27:54.885+0000] {dag.py:4180} INFO - Setting next_dagrun for example_python_operator to None, run_after=None
[2025-02-06T18:27:54.915+0000] {processor.py:208} INFO - Processing /home/airflow/.local/lib/python3.12/site-packages/airflow/example_dags/example_python_operator.py took 0.145 seconds
[2025-02-06T18:28:25.921+0000] {processor.py:186} INFO - Started process (PID=1485) to work on /home/airflow/.local/lib/python3.12/site-packages/airflow/example_dags/example_python_operator.py
[2025-02-06T18:28:25.925+0000] {processor.py:914} INFO - Processing file /home/airflow/.local/lib/python3.12/site-packages/airflow/example_dags/example_python_operator.py for tasks to queue
[2025-02-06T18:28:25.930+0000] {logging_mixin.py:190} INFO - [2025-02-06T18:28:25.929+0000] {dagbag.py:588} INFO - Filling up the DagBag from /home/airflow/.local/lib/python3.12/site-packages/airflow/example_dags/example_python_operator.py
[2025-02-06T18:28:25.975+0000] {processor.py:925} INFO - DAG(s) 'example_python_operator' retrieved from /home/airflow/.local/lib/python3.12/site-packages/airflow/example_dags/example_python_operator.py
[2025-02-06T18:28:26.033+0000] {logging_mixin.py:190} INFO - [2025-02-06T18:28:26.032+0000] {dag.py:3239} INFO - Sync 1 DAGs
[2025-02-06T18:28:26.095+0000] {logging_mixin.py:190} INFO - [2025-02-06T18:28:26.095+0000] {dag.py:4180} INFO - Setting next_dagrun for example_python_operator to None, run_after=None
[2025-02-06T18:28:26.145+0000] {processor.py:208} INFO - Processing /home/airflow/.local/lib/python3.12/site-packages/airflow/example_dags/example_python_operator.py took 0.245 seconds
[2025-02-06T18:28:58.307+0000] {processor.py:186} INFO - Started process (PID=1542) to work on /home/airflow/.local/lib/python3.12/site-packages/airflow/example_dags/example_python_operator.py
[2025-02-06T18:28:58.309+0000] {processor.py:914} INFO - Processing file /home/airflow/.local/lib/python3.12/site-packages/airflow/example_dags/example_python_operator.py for tasks to queue
[2025-02-06T18:28:58.313+0000] {logging_mixin.py:190} INFO - [2025-02-06T18:28:58.313+0000] {dagbag.py:588} INFO - Filling up the DagBag from /home/airflow/.local/lib/python3.12/site-packages/airflow/example_dags/example_python_operator.py
[2025-02-06T18:28:58.331+0000] {processor.py:925} INFO - DAG(s) 'example_python_operator' retrieved from /home/airflow/.local/lib/python3.12/site-packages/airflow/example_dags/example_python_operator.py
[2025-02-06T18:28:58.372+0000] {logging_mixin.py:190} INFO - [2025-02-06T18:28:58.371+0000] {dag.py:3239} INFO - Sync 1 DAGs
[2025-02-06T18:28:58.409+0000] {logging_mixin.py:190} INFO - [2025-02-06T18:28:58.409+0000] {dag.py:4180} INFO - Setting next_dagrun for example_python_operator to None, run_after=None
[2025-02-06T18:28:58.448+0000] {processor.py:208} INFO - Processing /home/airflow/.local/lib/python3.12/site-packages/airflow/example_dags/example_python_operator.py took 0.151 seconds
[2025-02-06T18:29:30.675+0000] {processor.py:186} INFO - Started process (PID=1599) to work on /home/airflow/.local/lib/python3.12/site-packages/airflow/example_dags/example_python_operator.py
[2025-02-06T18:29:30.676+0000] {processor.py:914} INFO - Processing file /home/airflow/.local/lib/python3.12/site-packages/airflow/example_dags/example_python_operator.py for tasks to queue
[2025-02-06T18:29:30.680+0000] {logging_mixin.py:190} INFO - [2025-02-06T18:29:30.679+0000] {dagbag.py:588} INFO - Filling up the DagBag from /home/airflow/.local/lib/python3.12/site-packages/airflow/example_dags/example_python_operator.py
[2025-02-06T18:29:30.702+0000] {processor.py:925} INFO - DAG(s) 'example_python_operator' retrieved from /home/airflow/.local/lib/python3.12/site-packages/airflow/example_dags/example_python_operator.py
[2025-02-06T18:29:30.744+0000] {logging_mixin.py:190} INFO - [2025-02-06T18:29:30.744+0000] {dag.py:3239} INFO - Sync 1 DAGs
[2025-02-06T18:29:30.776+0000] {logging_mixin.py:190} INFO - [2025-02-06T18:29:30.775+0000] {dag.py:4180} INFO - Setting next_dagrun for example_python_operator to None, run_after=None
[2025-02-06T18:29:30.809+0000] {processor.py:208} INFO - Processing /home/airflow/.local/lib/python3.12/site-packages/airflow/example_dags/example_python_operator.py took 0.144 seconds
[2025-02-06T18:30:01.934+0000] {processor.py:186} INFO - Started process (PID=1656) to work on /home/airflow/.local/lib/python3.12/site-packages/airflow/example_dags/example_python_operator.py
[2025-02-06T18:30:01.936+0000] {processor.py:914} INFO - Processing file /home/airflow/.local/lib/python3.12/site-packages/airflow/example_dags/example_python_operator.py for tasks to queue
[2025-02-06T18:30:01.940+0000] {logging_mixin.py:190} INFO - [2025-02-06T18:30:01.939+0000] {dagbag.py:588} INFO - Filling up the DagBag from /home/airflow/.local/lib/python3.12/site-packages/airflow/example_dags/example_python_operator.py
[2025-02-06T18:30:01.963+0000] {processor.py:925} INFO - DAG(s) 'example_python_operator' retrieved from /home/airflow/.local/lib/python3.12/site-packages/airflow/example_dags/example_python_operator.py
[2025-02-06T18:30:01.996+0000] {logging_mixin.py:190} INFO - [2025-02-06T18:30:01.995+0000] {dag.py:3239} INFO - Sync 1 DAGs
[2025-02-06T18:30:02.019+0000] {logging_mixin.py:190} INFO - [2025-02-06T18:30:02.018+0000] {dag.py:4180} INFO - Setting next_dagrun for example_python_operator to None, run_after=None
[2025-02-06T18:30:02.053+0000] {processor.py:208} INFO - Processing /home/airflow/.local/lib/python3.12/site-packages/airflow/example_dags/example_python_operator.py took 0.132 seconds
[2025-02-06T18:30:32.744+0000] {processor.py:186} INFO - Started process (PID=1711) to work on /home/airflow/.local/lib/python3.12/site-packages/airflow/example_dags/example_python_operator.py
[2025-02-06T18:30:32.746+0000] {processor.py:914} INFO - Processing file /home/airflow/.local/lib/python3.12/site-packages/airflow/example_dags/example_python_operator.py for tasks to queue
[2025-02-06T18:30:32.750+0000] {logging_mixin.py:190} INFO - [2025-02-06T18:30:32.749+0000] {dagbag.py:588} INFO - Filling up the DagBag from /home/airflow/.local/lib/python3.12/site-packages/airflow/example_dags/example_python_operator.py
[2025-02-06T18:30:32.772+0000] {processor.py:925} INFO - DAG(s) 'example_python_operator' retrieved from /home/airflow/.local/lib/python3.12/site-packages/airflow/example_dags/example_python_operator.py
[2025-02-06T18:30:32.806+0000] {logging_mixin.py:190} INFO - [2025-02-06T18:30:32.805+0000] {dag.py:3239} INFO - Sync 1 DAGs
[2025-02-06T18:30:32.829+0000] {logging_mixin.py:190} INFO - [2025-02-06T18:30:32.829+0000] {dag.py:4180} INFO - Setting next_dagrun for example_python_operator to None, run_after=None
[2025-02-06T18:30:32.854+0000] {processor.py:208} INFO - Processing /home/airflow/.local/lib/python3.12/site-packages/airflow/example_dags/example_python_operator.py took 0.122 seconds
[2025-02-06T18:31:03.346+0000] {processor.py:186} INFO - Started process (PID=1768) to work on /home/airflow/.local/lib/python3.12/site-packages/airflow/example_dags/example_python_operator.py
[2025-02-06T18:31:03.348+0000] {processor.py:914} INFO - Processing file /home/airflow/.local/lib/python3.12/site-packages/airflow/example_dags/example_python_operator.py for tasks to queue
[2025-02-06T18:31:03.354+0000] {logging_mixin.py:190} INFO - [2025-02-06T18:31:03.353+0000] {dagbag.py:588} INFO - Filling up the DagBag from /home/airflow/.local/lib/python3.12/site-packages/airflow/example_dags/example_python_operator.py
[2025-02-06T18:31:03.377+0000] {processor.py:925} INFO - DAG(s) 'example_python_operator' retrieved from /home/airflow/.local/lib/python3.12/site-packages/airflow/example_dags/example_python_operator.py
[2025-02-06T18:31:03.419+0000] {logging_mixin.py:190} INFO - [2025-02-06T18:31:03.419+0000] {dag.py:3239} INFO - Sync 1 DAGs
[2025-02-06T18:31:03.446+0000] {logging_mixin.py:190} INFO - [2025-02-06T18:31:03.446+0000] {dag.py:4180} INFO - Setting next_dagrun for example_python_operator to None, run_after=None
[2025-02-06T18:31:03.475+0000] {processor.py:208} INFO - Processing /home/airflow/.local/lib/python3.12/site-packages/airflow/example_dags/example_python_operator.py took 0.138 seconds
[2025-02-06T18:31:35.746+0000] {processor.py:186} INFO - Started process (PID=1825) to work on /home/airflow/.local/lib/python3.12/site-packages/airflow/example_dags/example_python_operator.py
[2025-02-06T18:31:35.748+0000] {processor.py:914} INFO - Processing file /home/airflow/.local/lib/python3.12/site-packages/airflow/example_dags/example_python_operator.py for tasks to queue
[2025-02-06T18:31:35.752+0000] {logging_mixin.py:190} INFO - [2025-02-06T18:31:35.752+0000] {dagbag.py:588} INFO - Filling up the DagBag from /home/airflow/.local/lib/python3.12/site-packages/airflow/example_dags/example_python_operator.py
[2025-02-06T18:31:35.782+0000] {processor.py:925} INFO - DAG(s) 'example_python_operator' retrieved from /home/airflow/.local/lib/python3.12/site-packages/airflow/example_dags/example_python_operator.py
[2025-02-06T18:31:35.830+0000] {logging_mixin.py:190} INFO - [2025-02-06T18:31:35.829+0000] {dag.py:3239} INFO - Sync 1 DAGs
[2025-02-06T18:31:35.869+0000] {logging_mixin.py:190} INFO - [2025-02-06T18:31:35.868+0000] {dag.py:4180} INFO - Setting next_dagrun for example_python_operator to None, run_after=None
[2025-02-06T18:31:35.912+0000] {processor.py:208} INFO - Processing /home/airflow/.local/lib/python3.12/site-packages/airflow/example_dags/example_python_operator.py took 0.180 seconds
[2025-02-06T18:32:07.369+0000] {processor.py:186} INFO - Started process (PID=1882) to work on /home/airflow/.local/lib/python3.12/site-packages/airflow/example_dags/example_python_operator.py
[2025-02-06T18:32:07.370+0000] {processor.py:914} INFO - Processing file /home/airflow/.local/lib/python3.12/site-packages/airflow/example_dags/example_python_operator.py for tasks to queue
[2025-02-06T18:32:07.374+0000] {logging_mixin.py:190} INFO - [2025-02-06T18:32:07.374+0000] {dagbag.py:588} INFO - Filling up the DagBag from /home/airflow/.local/lib/python3.12/site-packages/airflow/example_dags/example_python_operator.py
[2025-02-06T18:32:07.396+0000] {processor.py:925} INFO - DAG(s) 'example_python_operator' retrieved from /home/airflow/.local/lib/python3.12/site-packages/airflow/example_dags/example_python_operator.py
[2025-02-06T18:32:07.428+0000] {logging_mixin.py:190} INFO - [2025-02-06T18:32:07.428+0000] {dag.py:3239} INFO - Sync 1 DAGs
[2025-02-06T18:32:07.452+0000] {logging_mixin.py:190} INFO - [2025-02-06T18:32:07.451+0000] {dag.py:4180} INFO - Setting next_dagrun for example_python_operator to None, run_after=None
[2025-02-06T18:32:07.480+0000] {processor.py:208} INFO - Processing /home/airflow/.local/lib/python3.12/site-packages/airflow/example_dags/example_python_operator.py took 0.119 seconds
[2025-02-06T18:32:38.692+0000] {processor.py:186} INFO - Started process (PID=1939) to work on /home/airflow/.local/lib/python3.12/site-packages/airflow/example_dags/example_python_operator.py
[2025-02-06T18:32:38.694+0000] {processor.py:914} INFO - Processing file /home/airflow/.local/lib/python3.12/site-packages/airflow/example_dags/example_python_operator.py for tasks to queue
[2025-02-06T18:32:38.698+0000] {logging_mixin.py:190} INFO - [2025-02-06T18:32:38.697+0000] {dagbag.py:588} INFO - Filling up the DagBag from /home/airflow/.local/lib/python3.12/site-packages/airflow/example_dags/example_python_operator.py
[2025-02-06T18:32:38.719+0000] {processor.py:925} INFO - DAG(s) 'example_python_operator' retrieved from /home/airflow/.local/lib/python3.12/site-packages/airflow/example_dags/example_python_operator.py
[2025-02-06T18:32:38.751+0000] {logging_mixin.py:190} INFO - [2025-02-06T18:32:38.751+0000] {dag.py:3239} INFO - Sync 1 DAGs
[2025-02-06T18:32:38.773+0000] {logging_mixin.py:190} INFO - [2025-02-06T18:32:38.773+0000] {dag.py:4180} INFO - Setting next_dagrun for example_python_operator to None, run_after=None
[2025-02-06T18:32:38.805+0000] {processor.py:208} INFO - Processing /home/airflow/.local/lib/python3.12/site-packages/airflow/example_dags/example_python_operator.py took 0.123 seconds
[2025-02-06T18:33:11.361+0000] {processor.py:186} INFO - Started process (PID=1996) to work on /home/airflow/.local/lib/python3.12/site-packages/airflow/example_dags/example_python_operator.py
[2025-02-06T18:33:11.363+0000] {processor.py:914} INFO - Processing file /home/airflow/.local/lib/python3.12/site-packages/airflow/example_dags/example_python_operator.py for tasks to queue
[2025-02-06T18:33:11.367+0000] {logging_mixin.py:190} INFO - [2025-02-06T18:33:11.367+0000] {dagbag.py:588} INFO - Filling up the DagBag from /home/airflow/.local/lib/python3.12/site-packages/airflow/example_dags/example_python_operator.py
[2025-02-06T18:33:11.389+0000] {processor.py:925} INFO - DAG(s) 'example_python_operator' retrieved from /home/airflow/.local/lib/python3.12/site-packages/airflow/example_dags/example_python_operator.py
[2025-02-06T18:33:11.422+0000] {logging_mixin.py:190} INFO - [2025-02-06T18:33:11.422+0000] {dag.py:3239} INFO - Sync 1 DAGs
[2025-02-06T18:33:11.443+0000] {logging_mixin.py:190} INFO - [2025-02-06T18:33:11.443+0000] {dag.py:4180} INFO - Setting next_dagrun for example_python_operator to None, run_after=None
[2025-02-06T18:33:11.472+0000] {processor.py:208} INFO - Processing /home/airflow/.local/lib/python3.12/site-packages/airflow/example_dags/example_python_operator.py took 0.122 seconds
[2025-02-06T18:33:43.045+0000] {processor.py:186} INFO - Started process (PID=2053) to work on /home/airflow/.local/lib/python3.12/site-packages/airflow/example_dags/example_python_operator.py
[2025-02-06T18:33:43.047+0000] {processor.py:914} INFO - Processing file /home/airflow/.local/lib/python3.12/site-packages/airflow/example_dags/example_python_operator.py for tasks to queue
[2025-02-06T18:33:43.053+0000] {logging_mixin.py:190} INFO - [2025-02-06T18:33:43.052+0000] {dagbag.py:588} INFO - Filling up the DagBag from /home/airflow/.local/lib/python3.12/site-packages/airflow/example_dags/example_python_operator.py
[2025-02-06T18:33:43.098+0000] {processor.py:925} INFO - DAG(s) 'example_python_operator' retrieved from /home/airflow/.local/lib/python3.12/site-packages/airflow/example_dags/example_python_operator.py
[2025-02-06T18:33:43.179+0000] {logging_mixin.py:190} INFO - [2025-02-06T18:33:43.178+0000] {dag.py:3239} INFO - Sync 1 DAGs
[2025-02-06T18:33:43.221+0000] {logging_mixin.py:190} INFO - [2025-02-06T18:33:43.220+0000] {dag.py:4180} INFO - Setting next_dagrun for example_python_operator to None, run_after=None
[2025-02-06T18:33:43.295+0000] {processor.py:208} INFO - Processing /home/airflow/.local/lib/python3.12/site-packages/airflow/example_dags/example_python_operator.py took 0.264 seconds
[2025-02-06T18:34:14.308+0000] {processor.py:186} INFO - Started process (PID=2110) to work on /home/airflow/.local/lib/python3.12/site-packages/airflow/example_dags/example_python_operator.py
[2025-02-06T18:34:14.309+0000] {processor.py:914} INFO - Processing file /home/airflow/.local/lib/python3.12/site-packages/airflow/example_dags/example_python_operator.py for tasks to queue
[2025-02-06T18:34:14.315+0000] {logging_mixin.py:190} INFO - [2025-02-06T18:34:14.315+0000] {dagbag.py:588} INFO - Filling up the DagBag from /home/airflow/.local/lib/python3.12/site-packages/airflow/example_dags/example_python_operator.py
[2025-02-06T18:34:14.343+0000] {processor.py:925} INFO - DAG(s) 'example_python_operator' retrieved from /home/airflow/.local/lib/python3.12/site-packages/airflow/example_dags/example_python_operator.py
[2025-02-06T18:34:14.400+0000] {logging_mixin.py:190} INFO - [2025-02-06T18:34:14.399+0000] {dag.py:3239} INFO - Sync 1 DAGs
[2025-02-06T18:34:14.445+0000] {logging_mixin.py:190} INFO - [2025-02-06T18:34:14.444+0000] {dag.py:4180} INFO - Setting next_dagrun for example_python_operator to None, run_after=None
[2025-02-06T18:34:14.499+0000] {processor.py:208} INFO - Processing /home/airflow/.local/lib/python3.12/site-packages/airflow/example_dags/example_python_operator.py took 0.204 seconds
[2025-02-06T18:34:46.749+0000] {processor.py:186} INFO - Started process (PID=2167) to work on /home/airflow/.local/lib/python3.12/site-packages/airflow/example_dags/example_python_operator.py
[2025-02-06T18:34:46.751+0000] {processor.py:914} INFO - Processing file /home/airflow/.local/lib/python3.12/site-packages/airflow/example_dags/example_python_operator.py for tasks to queue
[2025-02-06T18:34:46.754+0000] {logging_mixin.py:190} INFO - [2025-02-06T18:34:46.754+0000] {dagbag.py:588} INFO - Filling up the DagBag from /home/airflow/.local/lib/python3.12/site-packages/airflow/example_dags/example_python_operator.py
[2025-02-06T18:34:46.779+0000] {processor.py:925} INFO - DAG(s) 'example_python_operator' retrieved from /home/airflow/.local/lib/python3.12/site-packages/airflow/example_dags/example_python_operator.py
[2025-02-06T18:34:46.826+0000] {logging_mixin.py:190} INFO - [2025-02-06T18:34:46.825+0000] {dag.py:3239} INFO - Sync 1 DAGs
[2025-02-06T18:34:46.859+0000] {logging_mixin.py:190} INFO - [2025-02-06T18:34:46.858+0000] {dag.py:4180} INFO - Setting next_dagrun for example_python_operator to None, run_after=None
[2025-02-06T18:34:46.898+0000] {processor.py:208} INFO - Processing /home/airflow/.local/lib/python3.12/site-packages/airflow/example_dags/example_python_operator.py took 0.158 seconds
[2025-02-06T18:35:19.623+0000] {processor.py:186} INFO - Started process (PID=2224) to work on /home/airflow/.local/lib/python3.12/site-packages/airflow/example_dags/example_python_operator.py
[2025-02-06T18:35:19.625+0000] {processor.py:914} INFO - Processing file /home/airflow/.local/lib/python3.12/site-packages/airflow/example_dags/example_python_operator.py for tasks to queue
[2025-02-06T18:35:19.630+0000] {logging_mixin.py:190} INFO - [2025-02-06T18:35:19.629+0000] {dagbag.py:588} INFO - Filling up the DagBag from /home/airflow/.local/lib/python3.12/site-packages/airflow/example_dags/example_python_operator.py
[2025-02-06T18:35:19.662+0000] {processor.py:925} INFO - DAG(s) 'example_python_operator' retrieved from /home/airflow/.local/lib/python3.12/site-packages/airflow/example_dags/example_python_operator.py
[2025-02-06T18:35:19.742+0000] {logging_mixin.py:190} INFO - [2025-02-06T18:35:19.742+0000] {dag.py:3239} INFO - Sync 1 DAGs
[2025-02-06T18:35:19.807+0000] {logging_mixin.py:190} INFO - [2025-02-06T18:35:19.807+0000] {dag.py:4180} INFO - Setting next_dagrun for example_python_operator to None, run_after=None
[2025-02-06T18:35:19.872+0000] {processor.py:208} INFO - Processing /home/airflow/.local/lib/python3.12/site-packages/airflow/example_dags/example_python_operator.py took 0.267 seconds
[2025-02-06T18:35:51.694+0000] {processor.py:186} INFO - Started process (PID=2281) to work on /home/airflow/.local/lib/python3.12/site-packages/airflow/example_dags/example_python_operator.py
[2025-02-06T18:35:51.696+0000] {processor.py:914} INFO - Processing file /home/airflow/.local/lib/python3.12/site-packages/airflow/example_dags/example_python_operator.py for tasks to queue
[2025-02-06T18:35:51.702+0000] {logging_mixin.py:190} INFO - [2025-02-06T18:35:51.701+0000] {dagbag.py:588} INFO - Filling up the DagBag from /home/airflow/.local/lib/python3.12/site-packages/airflow/example_dags/example_python_operator.py
[2025-02-06T18:35:51.730+0000] {processor.py:925} INFO - DAG(s) 'example_python_operator' retrieved from /home/airflow/.local/lib/python3.12/site-packages/airflow/example_dags/example_python_operator.py
[2025-02-06T18:35:51.775+0000] {logging_mixin.py:190} INFO - [2025-02-06T18:35:51.774+0000] {dag.py:3239} INFO - Sync 1 DAGs
[2025-02-06T18:35:51.805+0000] {logging_mixin.py:190} INFO - [2025-02-06T18:35:51.805+0000] {dag.py:4180} INFO - Setting next_dagrun for example_python_operator to None, run_after=None
[2025-02-06T18:35:51.857+0000] {processor.py:208} INFO - Processing /home/airflow/.local/lib/python3.12/site-packages/airflow/example_dags/example_python_operator.py took 0.177 seconds
[2025-02-06T18:36:23.024+0000] {processor.py:186} INFO - Started process (PID=2338) to work on /home/airflow/.local/lib/python3.12/site-packages/airflow/example_dags/example_python_operator.py
[2025-02-06T18:36:23.026+0000] {processor.py:914} INFO - Processing file /home/airflow/.local/lib/python3.12/site-packages/airflow/example_dags/example_python_operator.py for tasks to queue
[2025-02-06T18:36:23.032+0000] {logging_mixin.py:190} INFO - [2025-02-06T18:36:23.031+0000] {dagbag.py:588} INFO - Filling up the DagBag from /home/airflow/.local/lib/python3.12/site-packages/airflow/example_dags/example_python_operator.py
[2025-02-06T18:36:23.061+0000] {processor.py:925} INFO - DAG(s) 'example_python_operator' retrieved from /home/airflow/.local/lib/python3.12/site-packages/airflow/example_dags/example_python_operator.py
[2025-02-06T18:36:23.127+0000] {logging_mixin.py:190} INFO - [2025-02-06T18:36:23.127+0000] {dag.py:3239} INFO - Sync 1 DAGs
[2025-02-06T18:36:23.166+0000] {logging_mixin.py:190} INFO - [2025-02-06T18:36:23.165+0000] {dag.py:4180} INFO - Setting next_dagrun for example_python_operator to None, run_after=None
[2025-02-06T18:36:23.213+0000] {processor.py:208} INFO - Processing /home/airflow/.local/lib/python3.12/site-packages/airflow/example_dags/example_python_operator.py took 0.203 seconds
[2025-02-06T18:36:54.282+0000] {processor.py:186} INFO - Started process (PID=2395) to work on /home/airflow/.local/lib/python3.12/site-packages/airflow/example_dags/example_python_operator.py
[2025-02-06T18:36:54.284+0000] {processor.py:914} INFO - Processing file /home/airflow/.local/lib/python3.12/site-packages/airflow/example_dags/example_python_operator.py for tasks to queue
[2025-02-06T18:36:54.287+0000] {logging_mixin.py:190} INFO - [2025-02-06T18:36:54.287+0000] {dagbag.py:588} INFO - Filling up the DagBag from /home/airflow/.local/lib/python3.12/site-packages/airflow/example_dags/example_python_operator.py
[2025-02-06T18:36:54.312+0000] {processor.py:925} INFO - DAG(s) 'example_python_operator' retrieved from /home/airflow/.local/lib/python3.12/site-packages/airflow/example_dags/example_python_operator.py
[2025-02-06T18:36:54.344+0000] {logging_mixin.py:190} INFO - [2025-02-06T18:36:54.344+0000] {dag.py:3239} INFO - Sync 1 DAGs
[2025-02-06T18:36:54.374+0000] {logging_mixin.py:190} INFO - [2025-02-06T18:36:54.373+0000] {dag.py:4180} INFO - Setting next_dagrun for example_python_operator to None, run_after=None
[2025-02-06T18:36:54.401+0000] {processor.py:208} INFO - Processing /home/airflow/.local/lib/python3.12/site-packages/airflow/example_dags/example_python_operator.py took 0.132 seconds
[2025-02-06T18:37:26.061+0000] {processor.py:186} INFO - Started process (PID=2452) to work on /home/airflow/.local/lib/python3.12/site-packages/airflow/example_dags/example_python_operator.py
[2025-02-06T18:37:26.062+0000] {processor.py:914} INFO - Processing file /home/airflow/.local/lib/python3.12/site-packages/airflow/example_dags/example_python_operator.py for tasks to queue
[2025-02-06T18:37:26.065+0000] {logging_mixin.py:190} INFO - [2025-02-06T18:37:26.065+0000] {dagbag.py:588} INFO - Filling up the DagBag from /home/airflow/.local/lib/python3.12/site-packages/airflow/example_dags/example_python_operator.py
[2025-02-06T18:37:26.090+0000] {processor.py:925} INFO - DAG(s) 'example_python_operator' retrieved from /home/airflow/.local/lib/python3.12/site-packages/airflow/example_dags/example_python_operator.py
[2025-02-06T18:37:26.132+0000] {logging_mixin.py:190} INFO - [2025-02-06T18:37:26.132+0000] {dag.py:3239} INFO - Sync 1 DAGs
[2025-02-06T18:37:26.161+0000] {logging_mixin.py:190} INFO - [2025-02-06T18:37:26.161+0000] {dag.py:4180} INFO - Setting next_dagrun for example_python_operator to None, run_after=None
[2025-02-06T18:37:26.195+0000] {processor.py:208} INFO - Processing /home/airflow/.local/lib/python3.12/site-packages/airflow/example_dags/example_python_operator.py took 0.143 seconds
[2025-02-06T18:37:57.574+0000] {processor.py:186} INFO - Started process (PID=2509) to work on /home/airflow/.local/lib/python3.12/site-packages/airflow/example_dags/example_python_operator.py
[2025-02-06T18:37:57.575+0000] {processor.py:914} INFO - Processing file /home/airflow/.local/lib/python3.12/site-packages/airflow/example_dags/example_python_operator.py for tasks to queue
[2025-02-06T18:37:57.580+0000] {logging_mixin.py:190} INFO - [2025-02-06T18:37:57.579+0000] {dagbag.py:588} INFO - Filling up the DagBag from /home/airflow/.local/lib/python3.12/site-packages/airflow/example_dags/example_python_operator.py
[2025-02-06T18:37:57.608+0000] {processor.py:925} INFO - DAG(s) 'example_python_operator' retrieved from /home/airflow/.local/lib/python3.12/site-packages/airflow/example_dags/example_python_operator.py
[2025-02-06T18:37:57.649+0000] {logging_mixin.py:190} INFO - [2025-02-06T18:37:57.649+0000] {dag.py:3239} INFO - Sync 1 DAGs
[2025-02-06T18:37:57.684+0000] {logging_mixin.py:190} INFO - [2025-02-06T18:37:57.684+0000] {dag.py:4180} INFO - Setting next_dagrun for example_python_operator to None, run_after=None
[2025-02-06T18:37:57.739+0000] {processor.py:208} INFO - Processing /home/airflow/.local/lib/python3.12/site-packages/airflow/example_dags/example_python_operator.py took 0.175 seconds
[2025-02-06T18:38:29.411+0000] {processor.py:186} INFO - Started process (PID=2566) to work on /home/airflow/.local/lib/python3.12/site-packages/airflow/example_dags/example_python_operator.py
[2025-02-06T18:38:29.412+0000] {processor.py:914} INFO - Processing file /home/airflow/.local/lib/python3.12/site-packages/airflow/example_dags/example_python_operator.py for tasks to queue
[2025-02-06T18:38:29.417+0000] {logging_mixin.py:190} INFO - [2025-02-06T18:38:29.416+0000] {dagbag.py:588} INFO - Filling up the DagBag from /home/airflow/.local/lib/python3.12/site-packages/airflow/example_dags/example_python_operator.py
[2025-02-06T18:38:29.443+0000] {processor.py:925} INFO - DAG(s) 'example_python_operator' retrieved from /home/airflow/.local/lib/python3.12/site-packages/airflow/example_dags/example_python_operator.py
[2025-02-06T18:38:29.480+0000] {logging_mixin.py:190} INFO - [2025-02-06T18:38:29.480+0000] {dag.py:3239} INFO - Sync 1 DAGs
[2025-02-06T18:38:29.513+0000] {logging_mixin.py:190} INFO - [2025-02-06T18:38:29.513+0000] {dag.py:4180} INFO - Setting next_dagrun for example_python_operator to None, run_after=None
[2025-02-06T18:38:29.548+0000] {processor.py:208} INFO - Processing /home/airflow/.local/lib/python3.12/site-packages/airflow/example_dags/example_python_operator.py took 0.148 seconds
[2025-02-06T18:39:01.621+0000] {processor.py:186} INFO - Started process (PID=2623) to work on /home/airflow/.local/lib/python3.12/site-packages/airflow/example_dags/example_python_operator.py
[2025-02-06T18:39:01.623+0000] {processor.py:914} INFO - Processing file /home/airflow/.local/lib/python3.12/site-packages/airflow/example_dags/example_python_operator.py for tasks to queue
[2025-02-06T18:39:01.629+0000] {logging_mixin.py:190} INFO - [2025-02-06T18:39:01.628+0000] {dagbag.py:588} INFO - Filling up the DagBag from /home/airflow/.local/lib/python3.12/site-packages/airflow/example_dags/example_python_operator.py
[2025-02-06T18:39:01.661+0000] {processor.py:925} INFO - DAG(s) 'example_python_operator' retrieved from /home/airflow/.local/lib/python3.12/site-packages/airflow/example_dags/example_python_operator.py
[2025-02-06T18:39:01.710+0000] {logging_mixin.py:190} INFO - [2025-02-06T18:39:01.710+0000] {dag.py:3239} INFO - Sync 1 DAGs
[2025-02-06T18:39:01.747+0000] {logging_mixin.py:190} INFO - [2025-02-06T18:39:01.746+0000] {dag.py:4180} INFO - Setting next_dagrun for example_python_operator to None, run_after=None
[2025-02-06T18:39:01.785+0000] {processor.py:208} INFO - Processing /home/airflow/.local/lib/python3.12/site-packages/airflow/example_dags/example_python_operator.py took 0.175 seconds
[2025-02-06T18:39:33.871+0000] {processor.py:186} INFO - Started process (PID=2683) to work on /home/airflow/.local/lib/python3.12/site-packages/airflow/example_dags/example_python_operator.py
[2025-02-06T18:39:33.873+0000] {processor.py:914} INFO - Processing file /home/airflow/.local/lib/python3.12/site-packages/airflow/example_dags/example_python_operator.py for tasks to queue
[2025-02-06T18:39:33.877+0000] {logging_mixin.py:190} INFO - [2025-02-06T18:39:33.876+0000] {dagbag.py:588} INFO - Filling up the DagBag from /home/airflow/.local/lib/python3.12/site-packages/airflow/example_dags/example_python_operator.py
[2025-02-06T18:39:33.923+0000] {processor.py:925} INFO - DAG(s) 'example_python_operator' retrieved from /home/airflow/.local/lib/python3.12/site-packages/airflow/example_dags/example_python_operator.py
[2025-02-06T18:39:33.981+0000] {logging_mixin.py:190} INFO - [2025-02-06T18:39:33.980+0000] {dag.py:3239} INFO - Sync 1 DAGs
[2025-02-06T18:39:34.025+0000] {logging_mixin.py:190} INFO - [2025-02-06T18:39:34.025+0000] {dag.py:4180} INFO - Setting next_dagrun for example_python_operator to None, run_after=None
[2025-02-06T18:39:34.074+0000] {processor.py:208} INFO - Processing /home/airflow/.local/lib/python3.12/site-packages/airflow/example_dags/example_python_operator.py took 0.215 seconds
[2025-02-06T18:40:04.859+0000] {processor.py:186} INFO - Started process (PID=2740) to work on /home/airflow/.local/lib/python3.12/site-packages/airflow/example_dags/example_python_operator.py
[2025-02-06T18:40:04.860+0000] {processor.py:914} INFO - Processing file /home/airflow/.local/lib/python3.12/site-packages/airflow/example_dags/example_python_operator.py for tasks to queue
[2025-02-06T18:40:04.864+0000] {logging_mixin.py:190} INFO - [2025-02-06T18:40:04.863+0000] {dagbag.py:588} INFO - Filling up the DagBag from /home/airflow/.local/lib/python3.12/site-packages/airflow/example_dags/example_python_operator.py
[2025-02-06T18:40:04.883+0000] {processor.py:925} INFO - DAG(s) 'example_python_operator' retrieved from /home/airflow/.local/lib/python3.12/site-packages/airflow/example_dags/example_python_operator.py
[2025-02-06T18:40:04.915+0000] {logging_mixin.py:190} INFO - [2025-02-06T18:40:04.915+0000] {dag.py:3239} INFO - Sync 1 DAGs
[2025-02-06T18:40:04.946+0000] {logging_mixin.py:190} INFO - [2025-02-06T18:40:04.946+0000] {dag.py:4180} INFO - Setting next_dagrun for example_python_operator to None, run_after=None
[2025-02-06T18:40:05.272+0000] {processor.py:208} INFO - Processing /home/airflow/.local/lib/python3.12/site-packages/airflow/example_dags/example_python_operator.py took 0.425 seconds
[2025-02-06T18:40:35.499+0000] {processor.py:186} INFO - Started process (PID=2797) to work on /home/airflow/.local/lib/python3.12/site-packages/airflow/example_dags/example_python_operator.py
[2025-02-06T18:40:35.501+0000] {processor.py:914} INFO - Processing file /home/airflow/.local/lib/python3.12/site-packages/airflow/example_dags/example_python_operator.py for tasks to queue
[2025-02-06T18:40:35.506+0000] {logging_mixin.py:190} INFO - [2025-02-06T18:40:35.505+0000] {dagbag.py:588} INFO - Filling up the DagBag from /home/airflow/.local/lib/python3.12/site-packages/airflow/example_dags/example_python_operator.py
[2025-02-06T18:40:35.537+0000] {processor.py:925} INFO - DAG(s) 'example_python_operator' retrieved from /home/airflow/.local/lib/python3.12/site-packages/airflow/example_dags/example_python_operator.py
[2025-02-06T18:40:35.590+0000] {logging_mixin.py:190} INFO - [2025-02-06T18:40:35.589+0000] {dag.py:3239} INFO - Sync 1 DAGs
[2025-02-06T18:40:35.630+0000] {logging_mixin.py:190} INFO - [2025-02-06T18:40:35.630+0000] {dag.py:4180} INFO - Setting next_dagrun for example_python_operator to None, run_after=None
[2025-02-06T18:40:35.676+0000] {processor.py:208} INFO - Processing /home/airflow/.local/lib/python3.12/site-packages/airflow/example_dags/example_python_operator.py took 0.190 seconds
[2025-02-06T18:41:06.200+0000] {processor.py:186} INFO - Started process (PID=2853) to work on /home/airflow/.local/lib/python3.12/site-packages/airflow/example_dags/example_python_operator.py
[2025-02-06T18:41:06.202+0000] {processor.py:914} INFO - Processing file /home/airflow/.local/lib/python3.12/site-packages/airflow/example_dags/example_python_operator.py for tasks to queue
[2025-02-06T18:41:06.205+0000] {logging_mixin.py:190} INFO - [2025-02-06T18:41:06.205+0000] {dagbag.py:588} INFO - Filling up the DagBag from /home/airflow/.local/lib/python3.12/site-packages/airflow/example_dags/example_python_operator.py
[2025-02-06T18:41:06.223+0000] {processor.py:925} INFO - DAG(s) 'example_python_operator' retrieved from /home/airflow/.local/lib/python3.12/site-packages/airflow/example_dags/example_python_operator.py
[2025-02-06T18:41:06.253+0000] {logging_mixin.py:190} INFO - [2025-02-06T18:41:06.253+0000] {dag.py:3239} INFO - Sync 1 DAGs
[2025-02-06T18:41:06.273+0000] {logging_mixin.py:190} INFO - [2025-02-06T18:41:06.273+0000] {dag.py:4180} INFO - Setting next_dagrun for example_python_operator to None, run_after=None
[2025-02-06T18:41:06.301+0000] {processor.py:208} INFO - Processing /home/airflow/.local/lib/python3.12/site-packages/airflow/example_dags/example_python_operator.py took 0.110 seconds
[2025-02-06T18:41:36.892+0000] {processor.py:186} INFO - Started process (PID=2910) to work on /home/airflow/.local/lib/python3.12/site-packages/airflow/example_dags/example_python_operator.py
[2025-02-06T18:41:36.895+0000] {processor.py:914} INFO - Processing file /home/airflow/.local/lib/python3.12/site-packages/airflow/example_dags/example_python_operator.py for tasks to queue
[2025-02-06T18:41:36.901+0000] {logging_mixin.py:190} INFO - [2025-02-06T18:41:36.900+0000] {dagbag.py:588} INFO - Filling up the DagBag from /home/airflow/.local/lib/python3.12/site-packages/airflow/example_dags/example_python_operator.py
[2025-02-06T18:41:36.931+0000] {processor.py:925} INFO - DAG(s) 'example_python_operator' retrieved from /home/airflow/.local/lib/python3.12/site-packages/airflow/example_dags/example_python_operator.py
[2025-02-06T18:41:36.985+0000] {logging_mixin.py:190} INFO - [2025-02-06T18:41:36.985+0000] {dag.py:3239} INFO - Sync 1 DAGs
[2025-02-06T18:41:37.015+0000] {logging_mixin.py:190} INFO - [2025-02-06T18:41:37.014+0000] {dag.py:4180} INFO - Setting next_dagrun for example_python_operator to None, run_after=None
[2025-02-06T18:41:37.042+0000] {processor.py:208} INFO - Processing /home/airflow/.local/lib/python3.12/site-packages/airflow/example_dags/example_python_operator.py took 0.167 seconds
[2025-02-06T18:42:07.232+0000] {processor.py:186} INFO - Started process (PID=2966) to work on /home/airflow/.local/lib/python3.12/site-packages/airflow/example_dags/example_python_operator.py
[2025-02-06T18:42:07.233+0000] {processor.py:914} INFO - Processing file /home/airflow/.local/lib/python3.12/site-packages/airflow/example_dags/example_python_operator.py for tasks to queue
[2025-02-06T18:42:07.237+0000] {logging_mixin.py:190} INFO - [2025-02-06T18:42:07.236+0000] {dagbag.py:588} INFO - Filling up the DagBag from /home/airflow/.local/lib/python3.12/site-packages/airflow/example_dags/example_python_operator.py
[2025-02-06T18:42:07.255+0000] {processor.py:925} INFO - DAG(s) 'example_python_operator' retrieved from /home/airflow/.local/lib/python3.12/site-packages/airflow/example_dags/example_python_operator.py
[2025-02-06T18:42:07.289+0000] {logging_mixin.py:190} INFO - [2025-02-06T18:42:07.289+0000] {dag.py:3239} INFO - Sync 1 DAGs
[2025-02-06T18:42:07.310+0000] {logging_mixin.py:190} INFO - [2025-02-06T18:42:07.310+0000] {dag.py:4180} INFO - Setting next_dagrun for example_python_operator to None, run_after=None
[2025-02-06T18:42:07.335+0000] {processor.py:208} INFO - Processing /home/airflow/.local/lib/python3.12/site-packages/airflow/example_dags/example_python_operator.py took 0.111 seconds
[2025-02-06T18:42:37.877+0000] {processor.py:186} INFO - Started process (PID=3023) to work on /home/airflow/.local/lib/python3.12/site-packages/airflow/example_dags/example_python_operator.py
[2025-02-06T18:42:37.879+0000] {processor.py:914} INFO - Processing file /home/airflow/.local/lib/python3.12/site-packages/airflow/example_dags/example_python_operator.py for tasks to queue
[2025-02-06T18:42:37.884+0000] {logging_mixin.py:190} INFO - [2025-02-06T18:42:37.883+0000] {dagbag.py:588} INFO - Filling up the DagBag from /home/airflow/.local/lib/python3.12/site-packages/airflow/example_dags/example_python_operator.py
[2025-02-06T18:42:37.912+0000] {processor.py:925} INFO - DAG(s) 'example_python_operator' retrieved from /home/airflow/.local/lib/python3.12/site-packages/airflow/example_dags/example_python_operator.py
[2025-02-06T18:42:37.948+0000] {logging_mixin.py:190} INFO - [2025-02-06T18:42:37.947+0000] {dag.py:3239} INFO - Sync 1 DAGs
[2025-02-06T18:42:37.978+0000] {logging_mixin.py:190} INFO - [2025-02-06T18:42:37.978+0000] {dag.py:4180} INFO - Setting next_dagrun for example_python_operator to None, run_after=None
[2025-02-06T18:42:38.013+0000] {processor.py:208} INFO - Processing /home/airflow/.local/lib/python3.12/site-packages/airflow/example_dags/example_python_operator.py took 0.145 seconds
[2025-02-06T18:43:08.168+0000] {processor.py:186} INFO - Started process (PID=3080) to work on /home/airflow/.local/lib/python3.12/site-packages/airflow/example_dags/example_python_operator.py
[2025-02-06T18:43:08.169+0000] {processor.py:914} INFO - Processing file /home/airflow/.local/lib/python3.12/site-packages/airflow/example_dags/example_python_operator.py for tasks to queue
[2025-02-06T18:43:08.173+0000] {logging_mixin.py:190} INFO - [2025-02-06T18:43:08.172+0000] {dagbag.py:588} INFO - Filling up the DagBag from /home/airflow/.local/lib/python3.12/site-packages/airflow/example_dags/example_python_operator.py
[2025-02-06T18:43:08.191+0000] {processor.py:925} INFO - DAG(s) 'example_python_operator' retrieved from /home/airflow/.local/lib/python3.12/site-packages/airflow/example_dags/example_python_operator.py
[2025-02-06T18:43:08.221+0000] {logging_mixin.py:190} INFO - [2025-02-06T18:43:08.221+0000] {dag.py:3239} INFO - Sync 1 DAGs
[2025-02-06T18:43:08.242+0000] {logging_mixin.py:190} INFO - [2025-02-06T18:43:08.242+0000] {dag.py:4180} INFO - Setting next_dagrun for example_python_operator to None, run_after=None
[2025-02-06T18:43:08.268+0000] {processor.py:208} INFO - Processing /home/airflow/.local/lib/python3.12/site-packages/airflow/example_dags/example_python_operator.py took 0.110 seconds
[2025-02-06T18:43:38.726+0000] {processor.py:186} INFO - Started process (PID=3137) to work on /home/airflow/.local/lib/python3.12/site-packages/airflow/example_dags/example_python_operator.py
[2025-02-06T18:43:38.729+0000] {processor.py:914} INFO - Processing file /home/airflow/.local/lib/python3.12/site-packages/airflow/example_dags/example_python_operator.py for tasks to queue
[2025-02-06T18:43:38.734+0000] {logging_mixin.py:190} INFO - [2025-02-06T18:43:38.733+0000] {dagbag.py:588} INFO - Filling up the DagBag from /home/airflow/.local/lib/python3.12/site-packages/airflow/example_dags/example_python_operator.py
[2025-02-06T18:43:38.766+0000] {processor.py:925} INFO - DAG(s) 'example_python_operator' retrieved from /home/airflow/.local/lib/python3.12/site-packages/airflow/example_dags/example_python_operator.py
[2025-02-06T18:43:38.828+0000] {logging_mixin.py:190} INFO - [2025-02-06T18:43:38.827+0000] {dag.py:3239} INFO - Sync 1 DAGs
[2025-02-06T18:43:38.857+0000] {logging_mixin.py:190} INFO - [2025-02-06T18:43:38.856+0000] {dag.py:4180} INFO - Setting next_dagrun for example_python_operator to None, run_after=None
[2025-02-06T18:43:38.904+0000] {processor.py:208} INFO - Processing /home/airflow/.local/lib/python3.12/site-packages/airflow/example_dags/example_python_operator.py took 0.197 seconds
[2025-02-06T18:44:09.672+0000] {processor.py:186} INFO - Started process (PID=3194) to work on /home/airflow/.local/lib/python3.12/site-packages/airflow/example_dags/example_python_operator.py
[2025-02-06T18:44:09.673+0000] {processor.py:914} INFO - Processing file /home/airflow/.local/lib/python3.12/site-packages/airflow/example_dags/example_python_operator.py for tasks to queue
[2025-02-06T18:44:09.676+0000] {logging_mixin.py:190} INFO - [2025-02-06T18:44:09.676+0000] {dagbag.py:588} INFO - Filling up the DagBag from /home/airflow/.local/lib/python3.12/site-packages/airflow/example_dags/example_python_operator.py
[2025-02-06T18:44:09.691+0000] {processor.py:925} INFO - DAG(s) 'example_python_operator' retrieved from /home/airflow/.local/lib/python3.12/site-packages/airflow/example_dags/example_python_operator.py
[2025-02-06T18:44:09.717+0000] {logging_mixin.py:190} INFO - [2025-02-06T18:44:09.717+0000] {dag.py:3239} INFO - Sync 1 DAGs
[2025-02-06T18:44:09.737+0000] {logging_mixin.py:190} INFO - [2025-02-06T18:44:09.737+0000] {dag.py:4180} INFO - Setting next_dagrun for example_python_operator to None, run_after=None
[2025-02-06T18:44:09.762+0000] {processor.py:208} INFO - Processing /home/airflow/.local/lib/python3.12/site-packages/airflow/example_dags/example_python_operator.py took 0.098 seconds
[2025-02-06T18:44:40.185+0000] {processor.py:186} INFO - Started process (PID=3251) to work on /home/airflow/.local/lib/python3.12/site-packages/airflow/example_dags/example_python_operator.py
[2025-02-06T18:44:40.187+0000] {processor.py:914} INFO - Processing file /home/airflow/.local/lib/python3.12/site-packages/airflow/example_dags/example_python_operator.py for tasks to queue
[2025-02-06T18:44:40.190+0000] {logging_mixin.py:190} INFO - [2025-02-06T18:44:40.190+0000] {dagbag.py:588} INFO - Filling up the DagBag from /home/airflow/.local/lib/python3.12/site-packages/airflow/example_dags/example_python_operator.py
[2025-02-06T18:44:40.212+0000] {processor.py:925} INFO - DAG(s) 'example_python_operator' retrieved from /home/airflow/.local/lib/python3.12/site-packages/airflow/example_dags/example_python_operator.py
[2025-02-06T18:44:40.246+0000] {logging_mixin.py:190} INFO - [2025-02-06T18:44:40.246+0000] {dag.py:3239} INFO - Sync 1 DAGs
[2025-02-06T18:44:40.266+0000] {logging_mixin.py:190} INFO - [2025-02-06T18:44:40.266+0000] {dag.py:4180} INFO - Setting next_dagrun for example_python_operator to None, run_after=None
[2025-02-06T18:44:40.298+0000] {processor.py:208} INFO - Processing /home/airflow/.local/lib/python3.12/site-packages/airflow/example_dags/example_python_operator.py took 0.120 seconds
[2025-02-06T18:45:10.696+0000] {processor.py:186} INFO - Started process (PID=3308) to work on /home/airflow/.local/lib/python3.12/site-packages/airflow/example_dags/example_python_operator.py
[2025-02-06T18:45:10.699+0000] {processor.py:914} INFO - Processing file /home/airflow/.local/lib/python3.12/site-packages/airflow/example_dags/example_python_operator.py for tasks to queue
[2025-02-06T18:45:10.708+0000] {logging_mixin.py:190} INFO - [2025-02-06T18:45:10.707+0000] {dagbag.py:588} INFO - Filling up the DagBag from /home/airflow/.local/lib/python3.12/site-packages/airflow/example_dags/example_python_operator.py
[2025-02-06T18:45:10.743+0000] {processor.py:925} INFO - DAG(s) 'example_python_operator' retrieved from /home/airflow/.local/lib/python3.12/site-packages/airflow/example_dags/example_python_operator.py
[2025-02-06T18:45:10.777+0000] {logging_mixin.py:190} INFO - [2025-02-06T18:45:10.777+0000] {dag.py:3239} INFO - Sync 1 DAGs
[2025-02-06T18:45:10.808+0000] {logging_mixin.py:190} INFO - [2025-02-06T18:45:10.807+0000] {dag.py:4180} INFO - Setting next_dagrun for example_python_operator to None, run_after=None
[2025-02-06T18:45:10.875+0000] {processor.py:208} INFO - Processing /home/airflow/.local/lib/python3.12/site-packages/airflow/example_dags/example_python_operator.py took 0.192 seconds
[2025-02-06T18:45:41.406+0000] {processor.py:186} INFO - Started process (PID=3365) to work on /home/airflow/.local/lib/python3.12/site-packages/airflow/example_dags/example_python_operator.py
[2025-02-06T18:45:41.409+0000] {processor.py:914} INFO - Processing file /home/airflow/.local/lib/python3.12/site-packages/airflow/example_dags/example_python_operator.py for tasks to queue
[2025-02-06T18:45:41.415+0000] {logging_mixin.py:190} INFO - [2025-02-06T18:45:41.414+0000] {dagbag.py:588} INFO - Filling up the DagBag from /home/airflow/.local/lib/python3.12/site-packages/airflow/example_dags/example_python_operator.py
[2025-02-06T18:45:41.450+0000] {processor.py:925} INFO - DAG(s) 'example_python_operator' retrieved from /home/airflow/.local/lib/python3.12/site-packages/airflow/example_dags/example_python_operator.py
[2025-02-06T18:45:41.507+0000] {logging_mixin.py:190} INFO - [2025-02-06T18:45:41.507+0000] {dag.py:3239} INFO - Sync 1 DAGs
[2025-02-06T18:45:41.536+0000] {logging_mixin.py:190} INFO - [2025-02-06T18:45:41.535+0000] {dag.py:4180} INFO - Setting next_dagrun for example_python_operator to None, run_after=None
[2025-02-06T18:45:41.574+0000] {processor.py:208} INFO - Processing /home/airflow/.local/lib/python3.12/site-packages/airflow/example_dags/example_python_operator.py took 0.190 seconds
[2025-02-06T18:46:11.865+0000] {processor.py:186} INFO - Started process (PID=3422) to work on /home/airflow/.local/lib/python3.12/site-packages/airflow/example_dags/example_python_operator.py
[2025-02-06T18:46:11.867+0000] {processor.py:914} INFO - Processing file /home/airflow/.local/lib/python3.12/site-packages/airflow/example_dags/example_python_operator.py for tasks to queue
[2025-02-06T18:46:11.871+0000] {logging_mixin.py:190} INFO - [2025-02-06T18:46:11.870+0000] {dagbag.py:588} INFO - Filling up the DagBag from /home/airflow/.local/lib/python3.12/site-packages/airflow/example_dags/example_python_operator.py
[2025-02-06T18:46:11.898+0000] {processor.py:925} INFO - DAG(s) 'example_python_operator' retrieved from /home/airflow/.local/lib/python3.12/site-packages/airflow/example_dags/example_python_operator.py
[2025-02-06T18:46:11.944+0000] {logging_mixin.py:190} INFO - [2025-02-06T18:46:11.944+0000] {dag.py:3239} INFO - Sync 1 DAGs
[2025-02-06T18:46:11.977+0000] {logging_mixin.py:190} INFO - [2025-02-06T18:46:11.977+0000] {dag.py:4180} INFO - Setting next_dagrun for example_python_operator to None, run_after=None
[2025-02-06T18:46:12.014+0000] {processor.py:208} INFO - Processing /home/airflow/.local/lib/python3.12/site-packages/airflow/example_dags/example_python_operator.py took 0.160 seconds
[2025-02-06T18:46:42.402+0000] {processor.py:186} INFO - Started process (PID=3478) to work on /home/airflow/.local/lib/python3.12/site-packages/airflow/example_dags/example_python_operator.py
[2025-02-06T18:46:42.403+0000] {processor.py:914} INFO - Processing file /home/airflow/.local/lib/python3.12/site-packages/airflow/example_dags/example_python_operator.py for tasks to queue
[2025-02-06T18:46:42.407+0000] {logging_mixin.py:190} INFO - [2025-02-06T18:46:42.406+0000] {dagbag.py:588} INFO - Filling up the DagBag from /home/airflow/.local/lib/python3.12/site-packages/airflow/example_dags/example_python_operator.py
[2025-02-06T18:46:42.436+0000] {processor.py:925} INFO - DAG(s) 'example_python_operator' retrieved from /home/airflow/.local/lib/python3.12/site-packages/airflow/example_dags/example_python_operator.py
[2025-02-06T18:46:42.470+0000] {logging_mixin.py:190} INFO - [2025-02-06T18:46:42.470+0000] {dag.py:3239} INFO - Sync 1 DAGs
[2025-02-06T18:46:42.490+0000] {logging_mixin.py:190} INFO - [2025-02-06T18:46:42.490+0000] {dag.py:4180} INFO - Setting next_dagrun for example_python_operator to None, run_after=None
[2025-02-06T18:46:42.512+0000] {processor.py:208} INFO - Processing /home/airflow/.local/lib/python3.12/site-packages/airflow/example_dags/example_python_operator.py took 0.122 seconds
[2025-02-06T18:47:12.810+0000] {processor.py:186} INFO - Started process (PID=3535) to work on /home/airflow/.local/lib/python3.12/site-packages/airflow/example_dags/example_python_operator.py
[2025-02-06T18:47:12.812+0000] {processor.py:914} INFO - Processing file /home/airflow/.local/lib/python3.12/site-packages/airflow/example_dags/example_python_operator.py for tasks to queue
[2025-02-06T18:47:12.816+0000] {logging_mixin.py:190} INFO - [2025-02-06T18:47:12.815+0000] {dagbag.py:588} INFO - Filling up the DagBag from /home/airflow/.local/lib/python3.12/site-packages/airflow/example_dags/example_python_operator.py
[2025-02-06T18:47:12.838+0000] {processor.py:925} INFO - DAG(s) 'example_python_operator' retrieved from /home/airflow/.local/lib/python3.12/site-packages/airflow/example_dags/example_python_operator.py
[2025-02-06T18:47:12.872+0000] {logging_mixin.py:190} INFO - [2025-02-06T18:47:12.872+0000] {dag.py:3239} INFO - Sync 1 DAGs
[2025-02-06T18:47:12.898+0000] {logging_mixin.py:190} INFO - [2025-02-06T18:47:12.897+0000] {dag.py:4180} INFO - Setting next_dagrun for example_python_operator to None, run_after=None
[2025-02-06T18:47:12.934+0000] {processor.py:208} INFO - Processing /home/airflow/.local/lib/python3.12/site-packages/airflow/example_dags/example_python_operator.py took 0.135 seconds
[2025-02-06T18:47:43.289+0000] {processor.py:186} INFO - Started process (PID=3592) to work on /home/airflow/.local/lib/python3.12/site-packages/airflow/example_dags/example_python_operator.py
[2025-02-06T18:47:43.291+0000] {processor.py:914} INFO - Processing file /home/airflow/.local/lib/python3.12/site-packages/airflow/example_dags/example_python_operator.py for tasks to queue
[2025-02-06T18:47:43.295+0000] {logging_mixin.py:190} INFO - [2025-02-06T18:47:43.295+0000] {dagbag.py:588} INFO - Filling up the DagBag from /home/airflow/.local/lib/python3.12/site-packages/airflow/example_dags/example_python_operator.py
[2025-02-06T18:47:43.314+0000] {processor.py:925} INFO - DAG(s) 'example_python_operator' retrieved from /home/airflow/.local/lib/python3.12/site-packages/airflow/example_dags/example_python_operator.py
[2025-02-06T18:47:43.354+0000] {logging_mixin.py:190} INFO - [2025-02-06T18:47:43.353+0000] {dag.py:3239} INFO - Sync 1 DAGs
[2025-02-06T18:47:43.379+0000] {logging_mixin.py:190} INFO - [2025-02-06T18:47:43.379+0000] {dag.py:4180} INFO - Setting next_dagrun for example_python_operator to None, run_after=None
[2025-02-06T18:47:43.414+0000] {processor.py:208} INFO - Processing /home/airflow/.local/lib/python3.12/site-packages/airflow/example_dags/example_python_operator.py took 0.135 seconds
[2025-02-06T18:48:14.176+0000] {processor.py:186} INFO - Started process (PID=3649) to work on /home/airflow/.local/lib/python3.12/site-packages/airflow/example_dags/example_python_operator.py
[2025-02-06T18:48:14.177+0000] {processor.py:914} INFO - Processing file /home/airflow/.local/lib/python3.12/site-packages/airflow/example_dags/example_python_operator.py for tasks to queue
[2025-02-06T18:48:14.182+0000] {logging_mixin.py:190} INFO - [2025-02-06T18:48:14.181+0000] {dagbag.py:588} INFO - Filling up the DagBag from /home/airflow/.local/lib/python3.12/site-packages/airflow/example_dags/example_python_operator.py
[2025-02-06T18:48:14.203+0000] {processor.py:925} INFO - DAG(s) 'example_python_operator' retrieved from /home/airflow/.local/lib/python3.12/site-packages/airflow/example_dags/example_python_operator.py
[2025-02-06T18:48:14.245+0000] {logging_mixin.py:190} INFO - [2025-02-06T18:48:14.245+0000] {dag.py:3239} INFO - Sync 1 DAGs
[2025-02-06T18:48:14.269+0000] {logging_mixin.py:190} INFO - [2025-02-06T18:48:14.268+0000] {dag.py:4180} INFO - Setting next_dagrun for example_python_operator to None, run_after=None
[2025-02-06T18:48:14.300+0000] {processor.py:208} INFO - Processing /home/airflow/.local/lib/python3.12/site-packages/airflow/example_dags/example_python_operator.py took 0.138 seconds
[2025-02-06T18:48:44.439+0000] {processor.py:186} INFO - Started process (PID=3706) to work on /home/airflow/.local/lib/python3.12/site-packages/airflow/example_dags/example_python_operator.py
[2025-02-06T18:48:44.441+0000] {processor.py:914} INFO - Processing file /home/airflow/.local/lib/python3.12/site-packages/airflow/example_dags/example_python_operator.py for tasks to queue
[2025-02-06T18:48:44.444+0000] {logging_mixin.py:190} INFO - [2025-02-06T18:48:44.444+0000] {dagbag.py:588} INFO - Filling up the DagBag from /home/airflow/.local/lib/python3.12/site-packages/airflow/example_dags/example_python_operator.py
[2025-02-06T18:48:44.461+0000] {processor.py:925} INFO - DAG(s) 'example_python_operator' retrieved from /home/airflow/.local/lib/python3.12/site-packages/airflow/example_dags/example_python_operator.py
[2025-02-06T18:48:44.489+0000] {logging_mixin.py:190} INFO - [2025-02-06T18:48:44.489+0000] {dag.py:3239} INFO - Sync 1 DAGs
[2025-02-06T18:48:44.506+0000] {logging_mixin.py:190} INFO - [2025-02-06T18:48:44.506+0000] {dag.py:4180} INFO - Setting next_dagrun for example_python_operator to None, run_after=None
[2025-02-06T18:48:44.528+0000] {processor.py:208} INFO - Processing /home/airflow/.local/lib/python3.12/site-packages/airflow/example_dags/example_python_operator.py took 0.098 seconds
[2025-02-06T18:49:15.341+0000] {processor.py:186} INFO - Started process (PID=3763) to work on /home/airflow/.local/lib/python3.12/site-packages/airflow/example_dags/example_python_operator.py
[2025-02-06T18:49:15.343+0000] {processor.py:914} INFO - Processing file /home/airflow/.local/lib/python3.12/site-packages/airflow/example_dags/example_python_operator.py for tasks to queue
[2025-02-06T18:49:15.347+0000] {logging_mixin.py:190} INFO - [2025-02-06T18:49:15.346+0000] {dagbag.py:588} INFO - Filling up the DagBag from /home/airflow/.local/lib/python3.12/site-packages/airflow/example_dags/example_python_operator.py
[2025-02-06T18:49:15.368+0000] {processor.py:925} INFO - DAG(s) 'example_python_operator' retrieved from /home/airflow/.local/lib/python3.12/site-packages/airflow/example_dags/example_python_operator.py
[2025-02-06T18:49:15.399+0000] {logging_mixin.py:190} INFO - [2025-02-06T18:49:15.399+0000] {dag.py:3239} INFO - Sync 1 DAGs
[2025-02-06T18:49:15.420+0000] {logging_mixin.py:190} INFO - [2025-02-06T18:49:15.420+0000] {dag.py:4180} INFO - Setting next_dagrun for example_python_operator to None, run_after=None
[2025-02-06T18:49:15.448+0000] {processor.py:208} INFO - Processing /home/airflow/.local/lib/python3.12/site-packages/airflow/example_dags/example_python_operator.py took 0.118 seconds
[2025-02-06T18:49:46.001+0000] {processor.py:186} INFO - Started process (PID=3820) to work on /home/airflow/.local/lib/python3.12/site-packages/airflow/example_dags/example_python_operator.py
[2025-02-06T18:49:46.003+0000] {processor.py:914} INFO - Processing file /home/airflow/.local/lib/python3.12/site-packages/airflow/example_dags/example_python_operator.py for tasks to queue
[2025-02-06T18:49:46.006+0000] {logging_mixin.py:190} INFO - [2025-02-06T18:49:46.006+0000] {dagbag.py:588} INFO - Filling up the DagBag from /home/airflow/.local/lib/python3.12/site-packages/airflow/example_dags/example_python_operator.py
[2025-02-06T18:49:46.032+0000] {processor.py:925} INFO - DAG(s) 'example_python_operator' retrieved from /home/airflow/.local/lib/python3.12/site-packages/airflow/example_dags/example_python_operator.py
[2025-02-06T18:49:46.072+0000] {logging_mixin.py:190} INFO - [2025-02-06T18:49:46.072+0000] {dag.py:3239} INFO - Sync 1 DAGs
[2025-02-06T18:49:46.100+0000] {logging_mixin.py:190} INFO - [2025-02-06T18:49:46.099+0000] {dag.py:4180} INFO - Setting next_dagrun for example_python_operator to None, run_after=None
[2025-02-06T18:49:46.132+0000] {processor.py:208} INFO - Processing /home/airflow/.local/lib/python3.12/site-packages/airflow/example_dags/example_python_operator.py took 0.142 seconds
[2025-02-06T18:50:16.195+0000] {processor.py:186} INFO - Started process (PID=3877) to work on /home/airflow/.local/lib/python3.12/site-packages/airflow/example_dags/example_python_operator.py
[2025-02-06T18:50:16.197+0000] {processor.py:914} INFO - Processing file /home/airflow/.local/lib/python3.12/site-packages/airflow/example_dags/example_python_operator.py for tasks to queue
[2025-02-06T18:50:16.201+0000] {logging_mixin.py:190} INFO - [2025-02-06T18:50:16.200+0000] {dagbag.py:588} INFO - Filling up the DagBag from /home/airflow/.local/lib/python3.12/site-packages/airflow/example_dags/example_python_operator.py
[2025-02-06T18:50:16.221+0000] {processor.py:925} INFO - DAG(s) 'example_python_operator' retrieved from /home/airflow/.local/lib/python3.12/site-packages/airflow/example_dags/example_python_operator.py
[2025-02-06T18:50:16.256+0000] {logging_mixin.py:190} INFO - [2025-02-06T18:50:16.256+0000] {dag.py:3239} INFO - Sync 1 DAGs
[2025-02-06T18:50:16.283+0000] {logging_mixin.py:190} INFO - [2025-02-06T18:50:16.282+0000] {dag.py:4180} INFO - Setting next_dagrun for example_python_operator to None, run_after=None
[2025-02-06T18:50:16.308+0000] {processor.py:208} INFO - Processing /home/airflow/.local/lib/python3.12/site-packages/airflow/example_dags/example_python_operator.py took 0.123 seconds
[2025-02-06T18:50:47.057+0000] {processor.py:186} INFO - Started process (PID=3932) to work on /home/airflow/.local/lib/python3.12/site-packages/airflow/example_dags/example_python_operator.py
[2025-02-06T18:50:47.059+0000] {processor.py:914} INFO - Processing file /home/airflow/.local/lib/python3.12/site-packages/airflow/example_dags/example_python_operator.py for tasks to queue
[2025-02-06T18:50:47.064+0000] {logging_mixin.py:190} INFO - [2025-02-06T18:50:47.063+0000] {dagbag.py:588} INFO - Filling up the DagBag from /home/airflow/.local/lib/python3.12/site-packages/airflow/example_dags/example_python_operator.py
[2025-02-06T18:50:47.084+0000] {processor.py:925} INFO - DAG(s) 'example_python_operator' retrieved from /home/airflow/.local/lib/python3.12/site-packages/airflow/example_dags/example_python_operator.py
[2025-02-06T18:50:47.117+0000] {logging_mixin.py:190} INFO - [2025-02-06T18:50:47.116+0000] {dag.py:3239} INFO - Sync 1 DAGs
[2025-02-06T18:50:47.141+0000] {logging_mixin.py:190} INFO - [2025-02-06T18:50:47.140+0000] {dag.py:4180} INFO - Setting next_dagrun for example_python_operator to None, run_after=None
[2025-02-06T18:50:47.180+0000] {processor.py:208} INFO - Processing /home/airflow/.local/lib/python3.12/site-packages/airflow/example_dags/example_python_operator.py took 0.134 seconds
[2025-02-06T18:51:18.061+0000] {processor.py:186} INFO - Started process (PID=3989) to work on /home/airflow/.local/lib/python3.12/site-packages/airflow/example_dags/example_python_operator.py
[2025-02-06T18:51:18.062+0000] {processor.py:914} INFO - Processing file /home/airflow/.local/lib/python3.12/site-packages/airflow/example_dags/example_python_operator.py for tasks to queue
[2025-02-06T18:51:18.066+0000] {logging_mixin.py:190} INFO - [2025-02-06T18:51:18.066+0000] {dagbag.py:588} INFO - Filling up the DagBag from /home/airflow/.local/lib/python3.12/site-packages/airflow/example_dags/example_python_operator.py
[2025-02-06T18:51:18.085+0000] {processor.py:925} INFO - DAG(s) 'example_python_operator' retrieved from /home/airflow/.local/lib/python3.12/site-packages/airflow/example_dags/example_python_operator.py
[2025-02-06T18:51:18.122+0000] {logging_mixin.py:190} INFO - [2025-02-06T18:51:18.122+0000] {dag.py:3239} INFO - Sync 1 DAGs
[2025-02-06T18:51:18.149+0000] {logging_mixin.py:190} INFO - [2025-02-06T18:51:18.148+0000] {dag.py:4180} INFO - Setting next_dagrun for example_python_operator to None, run_after=None
[2025-02-06T18:51:18.188+0000] {processor.py:208} INFO - Processing /home/airflow/.local/lib/python3.12/site-packages/airflow/example_dags/example_python_operator.py took 0.136 seconds
[2025-02-06T18:51:48.730+0000] {processor.py:186} INFO - Started process (PID=4046) to work on /home/airflow/.local/lib/python3.12/site-packages/airflow/example_dags/example_python_operator.py
[2025-02-06T18:51:48.732+0000] {processor.py:914} INFO - Processing file /home/airflow/.local/lib/python3.12/site-packages/airflow/example_dags/example_python_operator.py for tasks to queue
[2025-02-06T18:51:48.735+0000] {logging_mixin.py:190} INFO - [2025-02-06T18:51:48.735+0000] {dagbag.py:588} INFO - Filling up the DagBag from /home/airflow/.local/lib/python3.12/site-packages/airflow/example_dags/example_python_operator.py
[2025-02-06T18:51:48.755+0000] {processor.py:925} INFO - DAG(s) 'example_python_operator' retrieved from /home/airflow/.local/lib/python3.12/site-packages/airflow/example_dags/example_python_operator.py
[2025-02-06T18:51:48.790+0000] {logging_mixin.py:190} INFO - [2025-02-06T18:51:48.789+0000] {dag.py:3239} INFO - Sync 1 DAGs
[2025-02-06T18:51:48.814+0000] {logging_mixin.py:190} INFO - [2025-02-06T18:51:48.814+0000] {dag.py:4180} INFO - Setting next_dagrun for example_python_operator to None, run_after=None
[2025-02-06T18:51:48.845+0000] {processor.py:208} INFO - Processing /home/airflow/.local/lib/python3.12/site-packages/airflow/example_dags/example_python_operator.py took 0.126 seconds
[2025-02-06T18:52:18.908+0000] {processor.py:186} INFO - Started process (PID=4102) to work on /home/airflow/.local/lib/python3.12/site-packages/airflow/example_dags/example_python_operator.py
[2025-02-06T18:52:18.910+0000] {processor.py:914} INFO - Processing file /home/airflow/.local/lib/python3.12/site-packages/airflow/example_dags/example_python_operator.py for tasks to queue
[2025-02-06T18:52:18.916+0000] {logging_mixin.py:190} INFO - [2025-02-06T18:52:18.916+0000] {dagbag.py:588} INFO - Filling up the DagBag from /home/airflow/.local/lib/python3.12/site-packages/airflow/example_dags/example_python_operator.py
[2025-02-06T18:52:18.938+0000] {processor.py:925} INFO - DAG(s) 'example_python_operator' retrieved from /home/airflow/.local/lib/python3.12/site-packages/airflow/example_dags/example_python_operator.py
[2025-02-06T18:52:18.969+0000] {logging_mixin.py:190} INFO - [2025-02-06T18:52:18.968+0000] {dag.py:3239} INFO - Sync 1 DAGs
[2025-02-06T18:52:18.990+0000] {logging_mixin.py:190} INFO - [2025-02-06T18:52:18.990+0000] {dag.py:4180} INFO - Setting next_dagrun for example_python_operator to None, run_after=None
[2025-02-06T18:52:19.028+0000] {processor.py:208} INFO - Processing /home/airflow/.local/lib/python3.12/site-packages/airflow/example_dags/example_python_operator.py took 0.132 seconds
[2025-02-06T18:52:49.176+0000] {processor.py:186} INFO - Started process (PID=4159) to work on /home/airflow/.local/lib/python3.12/site-packages/airflow/example_dags/example_python_operator.py
[2025-02-06T18:52:49.178+0000] {processor.py:914} INFO - Processing file /home/airflow/.local/lib/python3.12/site-packages/airflow/example_dags/example_python_operator.py for tasks to queue
[2025-02-06T18:52:49.183+0000] {logging_mixin.py:190} INFO - [2025-02-06T18:52:49.182+0000] {dagbag.py:588} INFO - Filling up the DagBag from /home/airflow/.local/lib/python3.12/site-packages/airflow/example_dags/example_python_operator.py
[2025-02-06T18:52:49.208+0000] {processor.py:925} INFO - DAG(s) 'example_python_operator' retrieved from /home/airflow/.local/lib/python3.12/site-packages/airflow/example_dags/example_python_operator.py
[2025-02-06T18:52:49.245+0000] {logging_mixin.py:190} INFO - [2025-02-06T18:52:49.244+0000] {dag.py:3239} INFO - Sync 1 DAGs
[2025-02-06T18:52:49.269+0000] {logging_mixin.py:190} INFO - [2025-02-06T18:52:49.269+0000] {dag.py:4180} INFO - Setting next_dagrun for example_python_operator to None, run_after=None
[2025-02-06T18:52:49.297+0000] {processor.py:208} INFO - Processing /home/airflow/.local/lib/python3.12/site-packages/airflow/example_dags/example_python_operator.py took 0.133 seconds
[2025-02-06T18:53:19.402+0000] {processor.py:186} INFO - Started process (PID=4216) to work on /home/airflow/.local/lib/python3.12/site-packages/airflow/example_dags/example_python_operator.py
[2025-02-06T18:53:19.403+0000] {processor.py:914} INFO - Processing file /home/airflow/.local/lib/python3.12/site-packages/airflow/example_dags/example_python_operator.py for tasks to queue
[2025-02-06T18:53:19.407+0000] {logging_mixin.py:190} INFO - [2025-02-06T18:53:19.406+0000] {dagbag.py:588} INFO - Filling up the DagBag from /home/airflow/.local/lib/python3.12/site-packages/airflow/example_dags/example_python_operator.py
[2025-02-06T18:53:19.423+0000] {processor.py:925} INFO - DAG(s) 'example_python_operator' retrieved from /home/airflow/.local/lib/python3.12/site-packages/airflow/example_dags/example_python_operator.py
[2025-02-06T18:53:19.452+0000] {logging_mixin.py:190} INFO - [2025-02-06T18:53:19.452+0000] {dag.py:3239} INFO - Sync 1 DAGs
[2025-02-06T18:53:19.475+0000] {logging_mixin.py:190} INFO - [2025-02-06T18:53:19.475+0000] {dag.py:4180} INFO - Setting next_dagrun for example_python_operator to None, run_after=None
[2025-02-06T18:53:19.515+0000] {processor.py:208} INFO - Processing /home/airflow/.local/lib/python3.12/site-packages/airflow/example_dags/example_python_operator.py took 0.121 seconds
[2025-02-06T18:53:49.774+0000] {processor.py:186} INFO - Started process (PID=4273) to work on /home/airflow/.local/lib/python3.12/site-packages/airflow/example_dags/example_python_operator.py
[2025-02-06T18:53:49.776+0000] {processor.py:914} INFO - Processing file /home/airflow/.local/lib/python3.12/site-packages/airflow/example_dags/example_python_operator.py for tasks to queue
[2025-02-06T18:53:49.780+0000] {logging_mixin.py:190} INFO - [2025-02-06T18:53:49.780+0000] {dagbag.py:588} INFO - Filling up the DagBag from /home/airflow/.local/lib/python3.12/site-packages/airflow/example_dags/example_python_operator.py
[2025-02-06T18:53:49.803+0000] {processor.py:925} INFO - DAG(s) 'example_python_operator' retrieved from /home/airflow/.local/lib/python3.12/site-packages/airflow/example_dags/example_python_operator.py
[2025-02-06T18:53:49.838+0000] {logging_mixin.py:190} INFO - [2025-02-06T18:53:49.837+0000] {dag.py:3239} INFO - Sync 1 DAGs
[2025-02-06T18:53:49.861+0000] {logging_mixin.py:190} INFO - [2025-02-06T18:53:49.861+0000] {dag.py:4180} INFO - Setting next_dagrun for example_python_operator to None, run_after=None
[2025-02-06T18:53:49.889+0000] {processor.py:208} INFO - Processing /home/airflow/.local/lib/python3.12/site-packages/airflow/example_dags/example_python_operator.py took 0.129 seconds
[2025-02-06T18:54:20.110+0000] {processor.py:186} INFO - Started process (PID=4330) to work on /home/airflow/.local/lib/python3.12/site-packages/airflow/example_dags/example_python_operator.py
[2025-02-06T18:54:20.112+0000] {processor.py:914} INFO - Processing file /home/airflow/.local/lib/python3.12/site-packages/airflow/example_dags/example_python_operator.py for tasks to queue
[2025-02-06T18:54:20.115+0000] {logging_mixin.py:190} INFO - [2025-02-06T18:54:20.115+0000] {dagbag.py:588} INFO - Filling up the DagBag from /home/airflow/.local/lib/python3.12/site-packages/airflow/example_dags/example_python_operator.py
[2025-02-06T18:54:20.139+0000] {processor.py:925} INFO - DAG(s) 'example_python_operator' retrieved from /home/airflow/.local/lib/python3.12/site-packages/airflow/example_dags/example_python_operator.py
[2025-02-06T18:54:20.168+0000] {logging_mixin.py:190} INFO - [2025-02-06T18:54:20.168+0000] {dag.py:3239} INFO - Sync 1 DAGs
[2025-02-06T18:54:20.188+0000] {logging_mixin.py:190} INFO - [2025-02-06T18:54:20.188+0000] {dag.py:4180} INFO - Setting next_dagrun for example_python_operator to None, run_after=None
[2025-02-06T18:54:20.213+0000] {processor.py:208} INFO - Processing /home/airflow/.local/lib/python3.12/site-packages/airflow/example_dags/example_python_operator.py took 0.114 seconds
[2025-02-06T18:54:50.745+0000] {processor.py:186} INFO - Started process (PID=4387) to work on /home/airflow/.local/lib/python3.12/site-packages/airflow/example_dags/example_python_operator.py
[2025-02-06T18:54:50.747+0000] {processor.py:914} INFO - Processing file /home/airflow/.local/lib/python3.12/site-packages/airflow/example_dags/example_python_operator.py for tasks to queue
[2025-02-06T18:54:50.751+0000] {logging_mixin.py:190} INFO - [2025-02-06T18:54:50.750+0000] {dagbag.py:588} INFO - Filling up the DagBag from /home/airflow/.local/lib/python3.12/site-packages/airflow/example_dags/example_python_operator.py
[2025-02-06T18:54:50.771+0000] {processor.py:925} INFO - DAG(s) 'example_python_operator' retrieved from /home/airflow/.local/lib/python3.12/site-packages/airflow/example_dags/example_python_operator.py
[2025-02-06T18:54:50.807+0000] {logging_mixin.py:190} INFO - [2025-02-06T18:54:50.806+0000] {dag.py:3239} INFO - Sync 1 DAGs
[2025-02-06T18:54:50.852+0000] {logging_mixin.py:190} INFO - [2025-02-06T18:54:50.852+0000] {dag.py:4180} INFO - Setting next_dagrun for example_python_operator to None, run_after=None
[2025-02-06T18:54:50.944+0000] {processor.py:208} INFO - Processing /home/airflow/.local/lib/python3.12/site-packages/airflow/example_dags/example_python_operator.py took 0.214 seconds
[2025-02-06T18:55:21.219+0000] {processor.py:186} INFO - Started process (PID=4444) to work on /home/airflow/.local/lib/python3.12/site-packages/airflow/example_dags/example_python_operator.py
[2025-02-06T18:55:21.220+0000] {processor.py:914} INFO - Processing file /home/airflow/.local/lib/python3.12/site-packages/airflow/example_dags/example_python_operator.py for tasks to queue
[2025-02-06T18:55:21.225+0000] {logging_mixin.py:190} INFO - [2025-02-06T18:55:21.224+0000] {dagbag.py:588} INFO - Filling up the DagBag from /home/airflow/.local/lib/python3.12/site-packages/airflow/example_dags/example_python_operator.py
[2025-02-06T18:55:21.255+0000] {processor.py:925} INFO - DAG(s) 'example_python_operator' retrieved from /home/airflow/.local/lib/python3.12/site-packages/airflow/example_dags/example_python_operator.py
[2025-02-06T18:55:21.305+0000] {logging_mixin.py:190} INFO - [2025-02-06T18:55:21.304+0000] {dag.py:3239} INFO - Sync 1 DAGs
[2025-02-06T18:55:21.333+0000] {logging_mixin.py:190} INFO - [2025-02-06T18:55:21.332+0000] {dag.py:4180} INFO - Setting next_dagrun for example_python_operator to None, run_after=None
[2025-02-06T18:55:21.371+0000] {processor.py:208} INFO - Processing /home/airflow/.local/lib/python3.12/site-packages/airflow/example_dags/example_python_operator.py took 0.163 seconds
[2025-02-06T18:55:52.393+0000] {processor.py:186} INFO - Started process (PID=4502) to work on /home/airflow/.local/lib/python3.12/site-packages/airflow/example_dags/example_python_operator.py
[2025-02-06T18:55:52.394+0000] {processor.py:914} INFO - Processing file /home/airflow/.local/lib/python3.12/site-packages/airflow/example_dags/example_python_operator.py for tasks to queue
[2025-02-06T18:55:52.398+0000] {logging_mixin.py:190} INFO - [2025-02-06T18:55:52.397+0000] {dagbag.py:588} INFO - Filling up the DagBag from /home/airflow/.local/lib/python3.12/site-packages/airflow/example_dags/example_python_operator.py
[2025-02-06T18:55:52.416+0000] {processor.py:925} INFO - DAG(s) 'example_python_operator' retrieved from /home/airflow/.local/lib/python3.12/site-packages/airflow/example_dags/example_python_operator.py
[2025-02-06T18:55:52.448+0000] {logging_mixin.py:190} INFO - [2025-02-06T18:55:52.448+0000] {dag.py:3239} INFO - Sync 1 DAGs
[2025-02-06T18:55:52.471+0000] {logging_mixin.py:190} INFO - [2025-02-06T18:55:52.471+0000] {dag.py:4180} INFO - Setting next_dagrun for example_python_operator to None, run_after=None
[2025-02-06T18:55:52.495+0000] {processor.py:208} INFO - Processing /home/airflow/.local/lib/python3.12/site-packages/airflow/example_dags/example_python_operator.py took 0.113 seconds
[2025-02-06T18:56:22.769+0000] {processor.py:186} INFO - Started process (PID=4559) to work on /home/airflow/.local/lib/python3.12/site-packages/airflow/example_dags/example_python_operator.py
[2025-02-06T18:56:22.770+0000] {processor.py:914} INFO - Processing file /home/airflow/.local/lib/python3.12/site-packages/airflow/example_dags/example_python_operator.py for tasks to queue
[2025-02-06T18:56:22.774+0000] {logging_mixin.py:190} INFO - [2025-02-06T18:56:22.773+0000] {dagbag.py:588} INFO - Filling up the DagBag from /home/airflow/.local/lib/python3.12/site-packages/airflow/example_dags/example_python_operator.py
[2025-02-06T18:56:22.791+0000] {processor.py:925} INFO - DAG(s) 'example_python_operator' retrieved from /home/airflow/.local/lib/python3.12/site-packages/airflow/example_dags/example_python_operator.py
[2025-02-06T18:56:22.823+0000] {logging_mixin.py:190} INFO - [2025-02-06T18:56:22.822+0000] {dag.py:3239} INFO - Sync 1 DAGs
[2025-02-06T18:56:22.847+0000] {logging_mixin.py:190} INFO - [2025-02-06T18:56:22.847+0000] {dag.py:4180} INFO - Setting next_dagrun for example_python_operator to None, run_after=None
[2025-02-06T18:56:22.871+0000] {processor.py:208} INFO - Processing /home/airflow/.local/lib/python3.12/site-packages/airflow/example_dags/example_python_operator.py took 0.111 seconds
[2025-02-06T18:56:53.082+0000] {processor.py:186} INFO - Started process (PID=4616) to work on /home/airflow/.local/lib/python3.12/site-packages/airflow/example_dags/example_python_operator.py
[2025-02-06T18:56:53.084+0000] {processor.py:914} INFO - Processing file /home/airflow/.local/lib/python3.12/site-packages/airflow/example_dags/example_python_operator.py for tasks to queue
[2025-02-06T18:56:53.088+0000] {logging_mixin.py:190} INFO - [2025-02-06T18:56:53.088+0000] {dagbag.py:588} INFO - Filling up the DagBag from /home/airflow/.local/lib/python3.12/site-packages/airflow/example_dags/example_python_operator.py
[2025-02-06T18:56:53.109+0000] {processor.py:925} INFO - DAG(s) 'example_python_operator' retrieved from /home/airflow/.local/lib/python3.12/site-packages/airflow/example_dags/example_python_operator.py
[2025-02-06T18:56:53.155+0000] {logging_mixin.py:190} INFO - [2025-02-06T18:56:53.155+0000] {dag.py:3239} INFO - Sync 1 DAGs
[2025-02-06T18:56:53.182+0000] {logging_mixin.py:190} INFO - [2025-02-06T18:56:53.182+0000] {dag.py:4180} INFO - Setting next_dagrun for example_python_operator to None, run_after=None
[2025-02-06T18:56:53.227+0000] {processor.py:208} INFO - Processing /home/airflow/.local/lib/python3.12/site-packages/airflow/example_dags/example_python_operator.py took 0.155 seconds
[2025-02-06T18:57:25.840+0000] {processor.py:186} INFO - Started process (PID=4675) to work on /home/airflow/.local/lib/python3.12/site-packages/airflow/example_dags/example_python_operator.py
[2025-02-06T18:57:25.841+0000] {processor.py:914} INFO - Processing file /home/airflow/.local/lib/python3.12/site-packages/airflow/example_dags/example_python_operator.py for tasks to queue
[2025-02-06T18:57:25.845+0000] {logging_mixin.py:190} INFO - [2025-02-06T18:57:25.844+0000] {dagbag.py:588} INFO - Filling up the DagBag from /home/airflow/.local/lib/python3.12/site-packages/airflow/example_dags/example_python_operator.py
[2025-02-06T18:57:25.871+0000] {processor.py:925} INFO - DAG(s) 'example_python_operator' retrieved from /home/airflow/.local/lib/python3.12/site-packages/airflow/example_dags/example_python_operator.py
[2025-02-06T18:57:25.913+0000] {logging_mixin.py:190} INFO - [2025-02-06T18:57:25.912+0000] {dag.py:3239} INFO - Sync 1 DAGs
[2025-02-06T18:57:25.941+0000] {logging_mixin.py:190} INFO - [2025-02-06T18:57:25.940+0000] {dag.py:4180} INFO - Setting next_dagrun for example_python_operator to None, run_after=None
[2025-02-06T18:57:25.977+0000] {processor.py:208} INFO - Processing /home/airflow/.local/lib/python3.12/site-packages/airflow/example_dags/example_python_operator.py took 0.148 seconds
[2025-02-06T18:57:57.972+0000] {processor.py:186} INFO - Started process (PID=4734) to work on /home/airflow/.local/lib/python3.12/site-packages/airflow/example_dags/example_python_operator.py
[2025-02-06T18:57:57.975+0000] {processor.py:914} INFO - Processing file /home/airflow/.local/lib/python3.12/site-packages/airflow/example_dags/example_python_operator.py for tasks to queue
[2025-02-06T18:57:57.980+0000] {logging_mixin.py:190} INFO - [2025-02-06T18:57:57.979+0000] {dagbag.py:588} INFO - Filling up the DagBag from /home/airflow/.local/lib/python3.12/site-packages/airflow/example_dags/example_python_operator.py
[2025-02-06T18:57:58.010+0000] {processor.py:925} INFO - DAG(s) 'example_python_operator' retrieved from /home/airflow/.local/lib/python3.12/site-packages/airflow/example_dags/example_python_operator.py
[2025-02-06T18:57:58.106+0000] {logging_mixin.py:190} INFO - [2025-02-06T18:57:58.105+0000] {dag.py:3239} INFO - Sync 1 DAGs
[2025-02-06T18:57:58.178+0000] {logging_mixin.py:190} INFO - [2025-02-06T18:57:58.167+0000] {dag.py:4180} INFO - Setting next_dagrun for example_python_operator to None, run_after=None
[2025-02-06T18:57:58.292+0000] {processor.py:208} INFO - Processing /home/airflow/.local/lib/python3.12/site-packages/airflow/example_dags/example_python_operator.py took 0.332 seconds
[2025-02-06T18:58:30.625+0000] {processor.py:186} INFO - Started process (PID=4792) to work on /home/airflow/.local/lib/python3.12/site-packages/airflow/example_dags/example_python_operator.py
[2025-02-06T18:58:30.627+0000] {processor.py:914} INFO - Processing file /home/airflow/.local/lib/python3.12/site-packages/airflow/example_dags/example_python_operator.py for tasks to queue
[2025-02-06T18:58:30.630+0000] {logging_mixin.py:190} INFO - [2025-02-06T18:58:30.630+0000] {dagbag.py:588} INFO - Filling up the DagBag from /home/airflow/.local/lib/python3.12/site-packages/airflow/example_dags/example_python_operator.py
[2025-02-06T18:58:30.650+0000] {processor.py:925} INFO - DAG(s) 'example_python_operator' retrieved from /home/airflow/.local/lib/python3.12/site-packages/airflow/example_dags/example_python_operator.py
[2025-02-06T18:58:30.691+0000] {logging_mixin.py:190} INFO - [2025-02-06T18:58:30.690+0000] {dag.py:3239} INFO - Sync 1 DAGs
[2025-02-06T18:58:30.715+0000] {logging_mixin.py:190} INFO - [2025-02-06T18:58:30.715+0000] {dag.py:4180} INFO - Setting next_dagrun for example_python_operator to None, run_after=None
[2025-02-06T18:58:30.748+0000] {processor.py:208} INFO - Processing /home/airflow/.local/lib/python3.12/site-packages/airflow/example_dags/example_python_operator.py took 0.130 seconds
[2025-02-06T18:59:01.127+0000] {processor.py:186} INFO - Started process (PID=4842) to work on /home/airflow/.local/lib/python3.12/site-packages/airflow/example_dags/example_python_operator.py
[2025-02-06T18:59:01.164+0000] {processor.py:914} INFO - Processing file /home/airflow/.local/lib/python3.12/site-packages/airflow/example_dags/example_python_operator.py for tasks to queue
[2025-02-06T18:59:01.179+0000] {logging_mixin.py:190} INFO - [2025-02-06T18:59:01.178+0000] {dagbag.py:588} INFO - Filling up the DagBag from /home/airflow/.local/lib/python3.12/site-packages/airflow/example_dags/example_python_operator.py
[2025-02-06T18:59:01.219+0000] {processor.py:925} INFO - DAG(s) 'example_python_operator' retrieved from /home/airflow/.local/lib/python3.12/site-packages/airflow/example_dags/example_python_operator.py
[2025-02-06T18:59:01.290+0000] {logging_mixin.py:190} INFO - [2025-02-06T18:59:01.289+0000] {dag.py:3239} INFO - Sync 1 DAGs
[2025-02-06T18:59:01.328+0000] {logging_mixin.py:190} INFO - [2025-02-06T18:59:01.328+0000] {dag.py:4180} INFO - Setting next_dagrun for example_python_operator to None, run_after=None
[2025-02-06T18:59:01.379+0000] {processor.py:208} INFO - Processing /home/airflow/.local/lib/python3.12/site-packages/airflow/example_dags/example_python_operator.py took 0.275 seconds
[2025-02-06T18:59:32.180+0000] {processor.py:186} INFO - Started process (PID=4899) to work on /home/airflow/.local/lib/python3.12/site-packages/airflow/example_dags/example_python_operator.py
[2025-02-06T18:59:32.182+0000] {processor.py:914} INFO - Processing file /home/airflow/.local/lib/python3.12/site-packages/airflow/example_dags/example_python_operator.py for tasks to queue
[2025-02-06T18:59:32.187+0000] {logging_mixin.py:190} INFO - [2025-02-06T18:59:32.186+0000] {dagbag.py:588} INFO - Filling up the DagBag from /home/airflow/.local/lib/python3.12/site-packages/airflow/example_dags/example_python_operator.py
[2025-02-06T18:59:32.209+0000] {processor.py:925} INFO - DAG(s) 'example_python_operator' retrieved from /home/airflow/.local/lib/python3.12/site-packages/airflow/example_dags/example_python_operator.py
[2025-02-06T18:59:32.242+0000] {logging_mixin.py:190} INFO - [2025-02-06T18:59:32.242+0000] {dag.py:3239} INFO - Sync 1 DAGs
[2025-02-06T18:59:32.275+0000] {logging_mixin.py:190} INFO - [2025-02-06T18:59:32.274+0000] {dag.py:4180} INFO - Setting next_dagrun for example_python_operator to None, run_after=None
[2025-02-06T18:59:32.311+0000] {processor.py:208} INFO - Processing /home/airflow/.local/lib/python3.12/site-packages/airflow/example_dags/example_python_operator.py took 0.142 seconds
[2025-02-06T19:00:02.779+0000] {processor.py:186} INFO - Started process (PID=4954) to work on /home/airflow/.local/lib/python3.12/site-packages/airflow/example_dags/example_python_operator.py
[2025-02-06T19:00:02.782+0000] {processor.py:914} INFO - Processing file /home/airflow/.local/lib/python3.12/site-packages/airflow/example_dags/example_python_operator.py for tasks to queue
[2025-02-06T19:00:02.786+0000] {logging_mixin.py:190} INFO - [2025-02-06T19:00:02.785+0000] {dagbag.py:588} INFO - Filling up the DagBag from /home/airflow/.local/lib/python3.12/site-packages/airflow/example_dags/example_python_operator.py
[2025-02-06T19:00:02.821+0000] {processor.py:925} INFO - DAG(s) 'example_python_operator' retrieved from /home/airflow/.local/lib/python3.12/site-packages/airflow/example_dags/example_python_operator.py
[2025-02-06T19:00:02.910+0000] {logging_mixin.py:190} INFO - [2025-02-06T19:00:02.909+0000] {dag.py:3239} INFO - Sync 1 DAGs
[2025-02-06T19:00:02.983+0000] {logging_mixin.py:190} INFO - [2025-02-06T19:00:02.982+0000] {dag.py:4180} INFO - Setting next_dagrun for example_python_operator to None, run_after=None
[2025-02-06T19:00:03.034+0000] {processor.py:208} INFO - Processing /home/airflow/.local/lib/python3.12/site-packages/airflow/example_dags/example_python_operator.py took 0.268 seconds
[2025-02-06T19:00:33.676+0000] {processor.py:186} INFO - Started process (PID=5008) to work on /home/airflow/.local/lib/python3.12/site-packages/airflow/example_dags/example_python_operator.py
[2025-02-06T19:00:33.677+0000] {processor.py:914} INFO - Processing file /home/airflow/.local/lib/python3.12/site-packages/airflow/example_dags/example_python_operator.py for tasks to queue
[2025-02-06T19:00:33.682+0000] {logging_mixin.py:190} INFO - [2025-02-06T19:00:33.681+0000] {dagbag.py:588} INFO - Filling up the DagBag from /home/airflow/.local/lib/python3.12/site-packages/airflow/example_dags/example_python_operator.py
[2025-02-06T19:00:33.706+0000] {processor.py:925} INFO - DAG(s) 'example_python_operator' retrieved from /home/airflow/.local/lib/python3.12/site-packages/airflow/example_dags/example_python_operator.py
[2025-02-06T19:00:33.751+0000] {logging_mixin.py:190} INFO - [2025-02-06T19:00:33.750+0000] {dag.py:3239} INFO - Sync 1 DAGs
[2025-02-06T19:00:33.782+0000] {logging_mixin.py:190} INFO - [2025-02-06T19:00:33.782+0000] {dag.py:4180} INFO - Setting next_dagrun for example_python_operator to None, run_after=None
[2025-02-06T19:00:33.815+0000] {processor.py:208} INFO - Processing /home/airflow/.local/lib/python3.12/site-packages/airflow/example_dags/example_python_operator.py took 0.150 seconds
[2025-02-06T19:01:04.543+0000] {processor.py:186} INFO - Started process (PID=5063) to work on /home/airflow/.local/lib/python3.12/site-packages/airflow/example_dags/example_python_operator.py
[2025-02-06T19:01:04.545+0000] {processor.py:914} INFO - Processing file /home/airflow/.local/lib/python3.12/site-packages/airflow/example_dags/example_python_operator.py for tasks to queue
[2025-02-06T19:01:04.548+0000] {logging_mixin.py:190} INFO - [2025-02-06T19:01:04.548+0000] {dagbag.py:588} INFO - Filling up the DagBag from /home/airflow/.local/lib/python3.12/site-packages/airflow/example_dags/example_python_operator.py
[2025-02-06T19:01:04.567+0000] {processor.py:925} INFO - DAG(s) 'example_python_operator' retrieved from /home/airflow/.local/lib/python3.12/site-packages/airflow/example_dags/example_python_operator.py
[2025-02-06T19:01:04.599+0000] {logging_mixin.py:190} INFO - [2025-02-06T19:01:04.599+0000] {dag.py:3239} INFO - Sync 1 DAGs
[2025-02-06T19:01:04.623+0000] {logging_mixin.py:190} INFO - [2025-02-06T19:01:04.623+0000] {dag.py:4180} INFO - Setting next_dagrun for example_python_operator to None, run_after=None
[2025-02-06T19:01:04.663+0000] {processor.py:208} INFO - Processing /home/airflow/.local/lib/python3.12/site-packages/airflow/example_dags/example_python_operator.py took 0.131 seconds
[2025-02-06T19:01:34.938+0000] {processor.py:186} INFO - Started process (PID=5119) to work on /home/airflow/.local/lib/python3.12/site-packages/airflow/example_dags/example_python_operator.py
[2025-02-06T19:01:34.940+0000] {processor.py:914} INFO - Processing file /home/airflow/.local/lib/python3.12/site-packages/airflow/example_dags/example_python_operator.py for tasks to queue
[2025-02-06T19:01:34.944+0000] {logging_mixin.py:190} INFO - [2025-02-06T19:01:34.944+0000] {dagbag.py:588} INFO - Filling up the DagBag from /home/airflow/.local/lib/python3.12/site-packages/airflow/example_dags/example_python_operator.py
[2025-02-06T19:01:34.969+0000] {processor.py:925} INFO - DAG(s) 'example_python_operator' retrieved from /home/airflow/.local/lib/python3.12/site-packages/airflow/example_dags/example_python_operator.py
[2025-02-06T19:01:35.002+0000] {logging_mixin.py:190} INFO - [2025-02-06T19:01:35.002+0000] {dag.py:3239} INFO - Sync 1 DAGs
[2025-02-06T19:01:35.029+0000] {logging_mixin.py:190} INFO - [2025-02-06T19:01:35.029+0000] {dag.py:4180} INFO - Setting next_dagrun for example_python_operator to None, run_after=None
[2025-02-06T19:01:35.065+0000] {processor.py:208} INFO - Processing /home/airflow/.local/lib/python3.12/site-packages/airflow/example_dags/example_python_operator.py took 0.138 seconds
[2025-02-06T19:02:05.169+0000] {processor.py:186} INFO - Started process (PID=5176) to work on /home/airflow/.local/lib/python3.12/site-packages/airflow/example_dags/example_python_operator.py
[2025-02-06T19:02:05.175+0000] {processor.py:914} INFO - Processing file /home/airflow/.local/lib/python3.12/site-packages/airflow/example_dags/example_python_operator.py for tasks to queue
[2025-02-06T19:02:05.180+0000] {logging_mixin.py:190} INFO - [2025-02-06T19:02:05.180+0000] {dagbag.py:588} INFO - Filling up the DagBag from /home/airflow/.local/lib/python3.12/site-packages/airflow/example_dags/example_python_operator.py
[2025-02-06T19:02:05.211+0000] {processor.py:925} INFO - DAG(s) 'example_python_operator' retrieved from /home/airflow/.local/lib/python3.12/site-packages/airflow/example_dags/example_python_operator.py
[2025-02-06T19:02:05.252+0000] {logging_mixin.py:190} INFO - [2025-02-06T19:02:05.252+0000] {dag.py:3239} INFO - Sync 1 DAGs
[2025-02-06T19:02:05.276+0000] {logging_mixin.py:190} INFO - [2025-02-06T19:02:05.276+0000] {dag.py:4180} INFO - Setting next_dagrun for example_python_operator to None, run_after=None
[2025-02-06T19:02:05.303+0000] {processor.py:208} INFO - Processing /home/airflow/.local/lib/python3.12/site-packages/airflow/example_dags/example_python_operator.py took 0.151 seconds
[2025-02-06T19:02:35.555+0000] {processor.py:186} INFO - Started process (PID=5233) to work on /home/airflow/.local/lib/python3.12/site-packages/airflow/example_dags/example_python_operator.py
[2025-02-06T19:02:35.557+0000] {processor.py:914} INFO - Processing file /home/airflow/.local/lib/python3.12/site-packages/airflow/example_dags/example_python_operator.py for tasks to queue
[2025-02-06T19:02:35.563+0000] {logging_mixin.py:190} INFO - [2025-02-06T19:02:35.562+0000] {dagbag.py:588} INFO - Filling up the DagBag from /home/airflow/.local/lib/python3.12/site-packages/airflow/example_dags/example_python_operator.py
[2025-02-06T19:02:35.589+0000] {processor.py:925} INFO - DAG(s) 'example_python_operator' retrieved from /home/airflow/.local/lib/python3.12/site-packages/airflow/example_dags/example_python_operator.py
[2025-02-06T19:02:35.629+0000] {logging_mixin.py:190} INFO - [2025-02-06T19:02:35.628+0000] {dag.py:3239} INFO - Sync 1 DAGs
[2025-02-06T19:02:35.664+0000] {logging_mixin.py:190} INFO - [2025-02-06T19:02:35.664+0000] {dag.py:4180} INFO - Setting next_dagrun for example_python_operator to None, run_after=None
[2025-02-06T19:02:35.703+0000] {processor.py:208} INFO - Processing /home/airflow/.local/lib/python3.12/site-packages/airflow/example_dags/example_python_operator.py took 0.160 seconds
[2025-02-06T19:03:06.096+0000] {processor.py:186} INFO - Started process (PID=5288) to work on /home/airflow/.local/lib/python3.12/site-packages/airflow/example_dags/example_python_operator.py
[2025-02-06T19:03:06.098+0000] {processor.py:914} INFO - Processing file /home/airflow/.local/lib/python3.12/site-packages/airflow/example_dags/example_python_operator.py for tasks to queue
[2025-02-06T19:03:06.104+0000] {logging_mixin.py:190} INFO - [2025-02-06T19:03:06.103+0000] {dagbag.py:588} INFO - Filling up the DagBag from /home/airflow/.local/lib/python3.12/site-packages/airflow/example_dags/example_python_operator.py
[2025-02-06T19:03:06.137+0000] {processor.py:925} INFO - DAG(s) 'example_python_operator' retrieved from /home/airflow/.local/lib/python3.12/site-packages/airflow/example_dags/example_python_operator.py
[2025-02-06T19:03:06.187+0000] {logging_mixin.py:190} INFO - [2025-02-06T19:03:06.187+0000] {dag.py:3239} INFO - Sync 1 DAGs
[2025-02-06T19:03:06.211+0000] {logging_mixin.py:190} INFO - [2025-02-06T19:03:06.211+0000] {dag.py:4180} INFO - Setting next_dagrun for example_python_operator to None, run_after=None
[2025-02-06T19:03:06.247+0000] {processor.py:208} INFO - Processing /home/airflow/.local/lib/python3.12/site-packages/airflow/example_dags/example_python_operator.py took 0.167 seconds
[2025-02-06T19:03:37.767+0000] {processor.py:186} INFO - Started process (PID=5345) to work on /home/airflow/.local/lib/python3.12/site-packages/airflow/example_dags/example_python_operator.py
[2025-02-06T19:03:37.770+0000] {processor.py:914} INFO - Processing file /home/airflow/.local/lib/python3.12/site-packages/airflow/example_dags/example_python_operator.py for tasks to queue
[2025-02-06T19:03:37.776+0000] {logging_mixin.py:190} INFO - [2025-02-06T19:03:37.775+0000] {dagbag.py:588} INFO - Filling up the DagBag from /home/airflow/.local/lib/python3.12/site-packages/airflow/example_dags/example_python_operator.py
[2025-02-06T19:03:37.812+0000] {processor.py:925} INFO - DAG(s) 'example_python_operator' retrieved from /home/airflow/.local/lib/python3.12/site-packages/airflow/example_dags/example_python_operator.py
[2025-02-06T19:03:37.867+0000] {logging_mixin.py:190} INFO - [2025-02-06T19:03:37.866+0000] {dag.py:3239} INFO - Sync 1 DAGs
[2025-02-06T19:03:37.893+0000] {logging_mixin.py:190} INFO - [2025-02-06T19:03:37.892+0000] {dag.py:4180} INFO - Setting next_dagrun for example_python_operator to None, run_after=None
[2025-02-06T19:03:37.927+0000] {processor.py:208} INFO - Processing /home/airflow/.local/lib/python3.12/site-packages/airflow/example_dags/example_python_operator.py took 0.176 seconds
[2025-02-06T19:04:08.103+0000] {processor.py:186} INFO - Started process (PID=5402) to work on /home/airflow/.local/lib/python3.12/site-packages/airflow/example_dags/example_python_operator.py
[2025-02-06T19:04:08.104+0000] {processor.py:914} INFO - Processing file /home/airflow/.local/lib/python3.12/site-packages/airflow/example_dags/example_python_operator.py for tasks to queue
[2025-02-06T19:04:08.107+0000] {logging_mixin.py:190} INFO - [2025-02-06T19:04:08.107+0000] {dagbag.py:588} INFO - Filling up the DagBag from /home/airflow/.local/lib/python3.12/site-packages/airflow/example_dags/example_python_operator.py
[2025-02-06T19:04:08.126+0000] {processor.py:925} INFO - DAG(s) 'example_python_operator' retrieved from /home/airflow/.local/lib/python3.12/site-packages/airflow/example_dags/example_python_operator.py
[2025-02-06T19:04:08.163+0000] {logging_mixin.py:190} INFO - [2025-02-06T19:04:08.163+0000] {dag.py:3239} INFO - Sync 1 DAGs
[2025-02-06T19:04:08.190+0000] {logging_mixin.py:190} INFO - [2025-02-06T19:04:08.189+0000] {dag.py:4180} INFO - Setting next_dagrun for example_python_operator to None, run_after=None
[2025-02-06T19:04:08.223+0000] {processor.py:208} INFO - Processing /home/airflow/.local/lib/python3.12/site-packages/airflow/example_dags/example_python_operator.py took 0.128 seconds
[2025-02-06T19:04:39.085+0000] {processor.py:186} INFO - Started process (PID=5461) to work on /home/airflow/.local/lib/python3.12/site-packages/airflow/example_dags/example_python_operator.py
[2025-02-06T19:04:39.088+0000] {processor.py:914} INFO - Processing file /home/airflow/.local/lib/python3.12/site-packages/airflow/example_dags/example_python_operator.py for tasks to queue
[2025-02-06T19:04:39.093+0000] {logging_mixin.py:190} INFO - [2025-02-06T19:04:39.092+0000] {dagbag.py:588} INFO - Filling up the DagBag from /home/airflow/.local/lib/python3.12/site-packages/airflow/example_dags/example_python_operator.py
[2025-02-06T19:04:39.120+0000] {processor.py:925} INFO - DAG(s) 'example_python_operator' retrieved from /home/airflow/.local/lib/python3.12/site-packages/airflow/example_dags/example_python_operator.py
[2025-02-06T19:04:39.166+0000] {logging_mixin.py:190} INFO - [2025-02-06T19:04:39.165+0000] {dag.py:3239} INFO - Sync 1 DAGs
[2025-02-06T19:04:39.198+0000] {logging_mixin.py:190} INFO - [2025-02-06T19:04:39.198+0000] {dag.py:4180} INFO - Setting next_dagrun for example_python_operator to None, run_after=None
[2025-02-06T19:04:39.233+0000] {processor.py:208} INFO - Processing /home/airflow/.local/lib/python3.12/site-packages/airflow/example_dags/example_python_operator.py took 0.164 seconds
[2025-02-06T19:05:09.370+0000] {processor.py:186} INFO - Started process (PID=5518) to work on /home/airflow/.local/lib/python3.12/site-packages/airflow/example_dags/example_python_operator.py
[2025-02-06T19:05:09.372+0000] {processor.py:914} INFO - Processing file /home/airflow/.local/lib/python3.12/site-packages/airflow/example_dags/example_python_operator.py for tasks to queue
[2025-02-06T19:05:09.400+0000] {logging_mixin.py:190} INFO - [2025-02-06T19:05:09.400+0000] {dagbag.py:588} INFO - Filling up the DagBag from /home/airflow/.local/lib/python3.12/site-packages/airflow/example_dags/example_python_operator.py
[2025-02-06T19:05:09.452+0000] {processor.py:925} INFO - DAG(s) 'example_python_operator' retrieved from /home/airflow/.local/lib/python3.12/site-packages/airflow/example_dags/example_python_operator.py
[2025-02-06T19:05:09.507+0000] {logging_mixin.py:190} INFO - [2025-02-06T19:05:09.506+0000] {dag.py:3239} INFO - Sync 1 DAGs
[2025-02-06T19:05:09.535+0000] {logging_mixin.py:190} INFO - [2025-02-06T19:05:09.535+0000] {dag.py:4180} INFO - Setting next_dagrun for example_python_operator to None, run_after=None
[2025-02-06T19:05:09.568+0000] {processor.py:208} INFO - Processing /home/airflow/.local/lib/python3.12/site-packages/airflow/example_dags/example_python_operator.py took 0.206 seconds
[2025-02-06T19:05:40.933+0000] {processor.py:186} INFO - Started process (PID=5575) to work on /home/airflow/.local/lib/python3.12/site-packages/airflow/example_dags/example_python_operator.py
[2025-02-06T19:05:40.935+0000] {processor.py:914} INFO - Processing file /home/airflow/.local/lib/python3.12/site-packages/airflow/example_dags/example_python_operator.py for tasks to queue
[2025-02-06T19:05:40.941+0000] {logging_mixin.py:190} INFO - [2025-02-06T19:05:40.940+0000] {dagbag.py:588} INFO - Filling up the DagBag from /home/airflow/.local/lib/python3.12/site-packages/airflow/example_dags/example_python_operator.py
[2025-02-06T19:05:40.979+0000] {processor.py:925} INFO - DAG(s) 'example_python_operator' retrieved from /home/airflow/.local/lib/python3.12/site-packages/airflow/example_dags/example_python_operator.py
[2025-02-06T19:05:41.037+0000] {logging_mixin.py:190} INFO - [2025-02-06T19:05:41.036+0000] {dag.py:3239} INFO - Sync 1 DAGs
[2025-02-06T19:05:41.098+0000] {logging_mixin.py:190} INFO - [2025-02-06T19:05:41.098+0000] {dag.py:4180} INFO - Setting next_dagrun for example_python_operator to None, run_after=None
[2025-02-06T19:05:41.166+0000] {processor.py:208} INFO - Processing /home/airflow/.local/lib/python3.12/site-packages/airflow/example_dags/example_python_operator.py took 0.270 seconds
[2025-02-06T19:06:12.360+0000] {processor.py:186} INFO - Started process (PID=5632) to work on /home/airflow/.local/lib/python3.12/site-packages/airflow/example_dags/example_python_operator.py
[2025-02-06T19:06:12.361+0000] {processor.py:914} INFO - Processing file /home/airflow/.local/lib/python3.12/site-packages/airflow/example_dags/example_python_operator.py for tasks to queue
[2025-02-06T19:06:12.367+0000] {logging_mixin.py:190} INFO - [2025-02-06T19:06:12.365+0000] {dagbag.py:588} INFO - Filling up the DagBag from /home/airflow/.local/lib/python3.12/site-packages/airflow/example_dags/example_python_operator.py
[2025-02-06T19:06:12.395+0000] {processor.py:925} INFO - DAG(s) 'example_python_operator' retrieved from /home/airflow/.local/lib/python3.12/site-packages/airflow/example_dags/example_python_operator.py
[2025-02-06T19:06:12.434+0000] {logging_mixin.py:190} INFO - [2025-02-06T19:06:12.434+0000] {dag.py:3239} INFO - Sync 1 DAGs
[2025-02-06T19:06:12.465+0000] {logging_mixin.py:190} INFO - [2025-02-06T19:06:12.464+0000] {dag.py:4180} INFO - Setting next_dagrun for example_python_operator to None, run_after=None
[2025-02-06T19:06:12.523+0000] {processor.py:208} INFO - Processing /home/airflow/.local/lib/python3.12/site-packages/airflow/example_dags/example_python_operator.py took 0.174 seconds
[2025-02-06T19:06:43.036+0000] {processor.py:186} INFO - Started process (PID=5688) to work on /home/airflow/.local/lib/python3.12/site-packages/airflow/example_dags/example_python_operator.py
[2025-02-06T19:06:43.038+0000] {processor.py:914} INFO - Processing file /home/airflow/.local/lib/python3.12/site-packages/airflow/example_dags/example_python_operator.py for tasks to queue
[2025-02-06T19:06:43.042+0000] {logging_mixin.py:190} INFO - [2025-02-06T19:06:43.041+0000] {dagbag.py:588} INFO - Filling up the DagBag from /home/airflow/.local/lib/python3.12/site-packages/airflow/example_dags/example_python_operator.py
[2025-02-06T19:06:43.061+0000] {processor.py:925} INFO - DAG(s) 'example_python_operator' retrieved from /home/airflow/.local/lib/python3.12/site-packages/airflow/example_dags/example_python_operator.py
[2025-02-06T19:06:43.095+0000] {logging_mixin.py:190} INFO - [2025-02-06T19:06:43.094+0000] {dag.py:3239} INFO - Sync 1 DAGs
[2025-02-06T19:06:43.119+0000] {logging_mixin.py:190} INFO - [2025-02-06T19:06:43.118+0000] {dag.py:4180} INFO - Setting next_dagrun for example_python_operator to None, run_after=None
[2025-02-06T19:06:43.152+0000] {processor.py:208} INFO - Processing /home/airflow/.local/lib/python3.12/site-packages/airflow/example_dags/example_python_operator.py took 0.125 seconds
[2025-02-06T19:07:14.300+0000] {processor.py:186} INFO - Started process (PID=5745) to work on /home/airflow/.local/lib/python3.12/site-packages/airflow/example_dags/example_python_operator.py
[2025-02-06T19:07:14.301+0000] {processor.py:914} INFO - Processing file /home/airflow/.local/lib/python3.12/site-packages/airflow/example_dags/example_python_operator.py for tasks to queue
[2025-02-06T19:07:14.306+0000] {logging_mixin.py:190} INFO - [2025-02-06T19:07:14.305+0000] {dagbag.py:588} INFO - Filling up the DagBag from /home/airflow/.local/lib/python3.12/site-packages/airflow/example_dags/example_python_operator.py
[2025-02-06T19:07:14.333+0000] {processor.py:925} INFO - DAG(s) 'example_python_operator' retrieved from /home/airflow/.local/lib/python3.12/site-packages/airflow/example_dags/example_python_operator.py
[2025-02-06T19:07:14.382+0000] {logging_mixin.py:190} INFO - [2025-02-06T19:07:14.381+0000] {dag.py:3239} INFO - Sync 1 DAGs
[2025-02-06T19:07:14.425+0000] {logging_mixin.py:190} INFO - [2025-02-06T19:07:14.424+0000] {dag.py:4180} INFO - Setting next_dagrun for example_python_operator to None, run_after=None
[2025-02-06T19:07:14.498+0000] {processor.py:208} INFO - Processing /home/airflow/.local/lib/python3.12/site-packages/airflow/example_dags/example_python_operator.py took 0.211 seconds
[2025-02-06T19:07:45.312+0000] {processor.py:186} INFO - Started process (PID=5802) to work on /home/airflow/.local/lib/python3.12/site-packages/airflow/example_dags/example_python_operator.py
[2025-02-06T19:07:45.314+0000] {processor.py:914} INFO - Processing file /home/airflow/.local/lib/python3.12/site-packages/airflow/example_dags/example_python_operator.py for tasks to queue
[2025-02-06T19:07:45.318+0000] {logging_mixin.py:190} INFO - [2025-02-06T19:07:45.317+0000] {dagbag.py:588} INFO - Filling up the DagBag from /home/airflow/.local/lib/python3.12/site-packages/airflow/example_dags/example_python_operator.py
[2025-02-06T19:07:45.351+0000] {processor.py:925} INFO - DAG(s) 'example_python_operator' retrieved from /home/airflow/.local/lib/python3.12/site-packages/airflow/example_dags/example_python_operator.py
[2025-02-06T19:07:45.391+0000] {logging_mixin.py:190} INFO - [2025-02-06T19:07:45.391+0000] {dag.py:3239} INFO - Sync 1 DAGs
[2025-02-06T19:07:45.413+0000] {logging_mixin.py:190} INFO - [2025-02-06T19:07:45.413+0000] {dag.py:4180} INFO - Setting next_dagrun for example_python_operator to None, run_after=None
[2025-02-06T19:07:45.443+0000] {processor.py:208} INFO - Processing /home/airflow/.local/lib/python3.12/site-packages/airflow/example_dags/example_python_operator.py took 0.143 seconds
[2025-02-06T19:08:15.558+0000] {processor.py:186} INFO - Started process (PID=5858) to work on /home/airflow/.local/lib/python3.12/site-packages/airflow/example_dags/example_python_operator.py
[2025-02-06T19:08:15.559+0000] {processor.py:914} INFO - Processing file /home/airflow/.local/lib/python3.12/site-packages/airflow/example_dags/example_python_operator.py for tasks to queue
[2025-02-06T19:08:15.563+0000] {logging_mixin.py:190} INFO - [2025-02-06T19:08:15.562+0000] {dagbag.py:588} INFO - Filling up the DagBag from /home/airflow/.local/lib/python3.12/site-packages/airflow/example_dags/example_python_operator.py
[2025-02-06T19:08:15.580+0000] {processor.py:925} INFO - DAG(s) 'example_python_operator' retrieved from /home/airflow/.local/lib/python3.12/site-packages/airflow/example_dags/example_python_operator.py
[2025-02-06T19:08:15.621+0000] {logging_mixin.py:190} INFO - [2025-02-06T19:08:15.620+0000] {dag.py:3239} INFO - Sync 1 DAGs
[2025-02-06T19:08:15.644+0000] {logging_mixin.py:190} INFO - [2025-02-06T19:08:15.643+0000] {dag.py:4180} INFO - Setting next_dagrun for example_python_operator to None, run_after=None
[2025-02-06T19:08:15.668+0000] {processor.py:208} INFO - Processing /home/airflow/.local/lib/python3.12/site-packages/airflow/example_dags/example_python_operator.py took 0.118 seconds
