[2025-02-06T16:36:18.672+0000] {processor.py:186} INFO - Started process (PID=37) to work on /home/airflow/.local/lib/python3.12/site-packages/airflow/example_dags/example_inlet_event_extra.py
[2025-02-06T16:36:18.674+0000] {processor.py:914} INFO - Processing file /home/airflow/.local/lib/python3.12/site-packages/airflow/example_dags/example_inlet_event_extra.py for tasks to queue
[2025-02-06T16:36:18.680+0000] {logging_mixin.py:190} INFO - [2025-02-06T16:36:18.679+0000] {dagbag.py:588} INFO - Filling up the DagBag from /home/airflow/.local/lib/python3.12/site-packages/airflow/example_dags/example_inlet_event_extra.py
[2025-02-06T16:36:23.893+0000] {processor.py:925} INFO - DAG(s) 'read_dataset_event', 'read_dataset_event_from_classic' retrieved from /home/airflow/.local/lib/python3.12/site-packages/airflow/example_dags/example_inlet_event_extra.py
[2025-02-06T16:36:24.228+0000] {logging_mixin.py:190} INFO - [2025-02-06T16:36:24.218+0000] {override.py:1911} INFO - Created Permission View: can edit on DAG:read_dataset_event
[2025-02-06T16:36:24.275+0000] {logging_mixin.py:190} INFO - [2025-02-06T16:36:24.274+0000] {override.py:1911} INFO - Created Permission View: can delete on DAG:read_dataset_event
[2025-02-06T16:36:24.302+0000] {logging_mixin.py:190} INFO - [2025-02-06T16:36:24.301+0000] {override.py:1911} INFO - Created Permission View: can read on DAG:read_dataset_event
[2025-02-06T16:36:24.341+0000] {logging_mixin.py:190} INFO - [2025-02-06T16:36:24.341+0000] {override.py:1911} INFO - Created Permission View: menu access on DAG Run:read_dataset_event
[2025-02-06T16:36:24.365+0000] {logging_mixin.py:190} INFO - [2025-02-06T16:36:24.364+0000] {override.py:1911} INFO - Created Permission View: can create on DAG Run:read_dataset_event
[2025-02-06T16:36:24.403+0000] {logging_mixin.py:190} INFO - [2025-02-06T16:36:24.402+0000] {override.py:1911} INFO - Created Permission View: can delete on DAG Run:read_dataset_event
[2025-02-06T16:36:24.446+0000] {logging_mixin.py:190} INFO - [2025-02-06T16:36:24.445+0000] {override.py:1911} INFO - Created Permission View: can read on DAG Run:read_dataset_event
[2025-02-06T16:36:24.511+0000] {logging_mixin.py:190} INFO - [2025-02-06T16:36:24.511+0000] {override.py:1911} INFO - Created Permission View: can edit on DAG:read_dataset_event_from_classic
[2025-02-06T16:36:24.538+0000] {logging_mixin.py:190} INFO - [2025-02-06T16:36:24.538+0000] {override.py:1911} INFO - Created Permission View: can delete on DAG:read_dataset_event_from_classic
[2025-02-06T16:36:24.570+0000] {logging_mixin.py:190} INFO - [2025-02-06T16:36:24.561+0000] {override.py:1911} INFO - Created Permission View: can read on DAG:read_dataset_event_from_classic
[2025-02-06T16:36:24.592+0000] {logging_mixin.py:190} INFO - [2025-02-06T16:36:24.592+0000] {override.py:1911} INFO - Created Permission View: menu access on DAG Run:read_dataset_event_from_classic
[2025-02-06T16:36:24.617+0000] {logging_mixin.py:190} INFO - [2025-02-06T16:36:24.617+0000] {override.py:1911} INFO - Created Permission View: can create on DAG Run:read_dataset_event_from_classic
[2025-02-06T16:36:24.636+0000] {logging_mixin.py:190} INFO - [2025-02-06T16:36:24.635+0000] {override.py:1911} INFO - Created Permission View: can delete on DAG Run:read_dataset_event_from_classic
[2025-02-06T16:36:24.647+0000] {logging_mixin.py:190} INFO - [2025-02-06T16:36:24.646+0000] {override.py:1911} INFO - Created Permission View: can read on DAG Run:read_dataset_event_from_classic
[2025-02-06T16:36:24.656+0000] {logging_mixin.py:190} INFO - [2025-02-06T16:36:24.655+0000] {dag.py:3239} INFO - Sync 2 DAGs
[2025-02-06T16:36:24.704+0000] {logging_mixin.py:190} INFO - [2025-02-06T16:36:24.703+0000] {dag.py:3262} INFO - Creating ORM DAG for read_dataset_event
[2025-02-06T16:36:24.706+0000] {logging_mixin.py:190} INFO - [2025-02-06T16:36:24.705+0000] {dag.py:3262} INFO - Creating ORM DAG for read_dataset_event_from_classic
[2025-02-06T16:36:24.764+0000] {logging_mixin.py:190} INFO - [2025-02-06T16:36:24.755+0000] {dag.py:4180} INFO - Setting next_dagrun for read_dataset_event to 2025-02-05 00:00:00+00:00, run_after=2025-02-06 00:00:00+00:00
[2025-02-06T16:36:24.768+0000] {logging_mixin.py:190} INFO - [2025-02-06T16:36:24.768+0000] {dag.py:4180} INFO - Setting next_dagrun for read_dataset_event_from_classic to 2025-02-05 00:00:00+00:00, run_after=2025-02-06 00:00:00+00:00
[2025-02-06T16:36:24.878+0000] {processor.py:208} INFO - Processing /home/airflow/.local/lib/python3.12/site-packages/airflow/example_dags/example_inlet_event_extra.py took 6.237 seconds
[2025-02-06T16:36:55.732+0000] {processor.py:186} INFO - Started process (PID=101) to work on /home/airflow/.local/lib/python3.12/site-packages/airflow/example_dags/example_inlet_event_extra.py
[2025-02-06T16:36:55.734+0000] {processor.py:914} INFO - Processing file /home/airflow/.local/lib/python3.12/site-packages/airflow/example_dags/example_inlet_event_extra.py for tasks to queue
[2025-02-06T16:36:55.737+0000] {logging_mixin.py:190} INFO - [2025-02-06T16:36:55.737+0000] {dagbag.py:588} INFO - Filling up the DagBag from /home/airflow/.local/lib/python3.12/site-packages/airflow/example_dags/example_inlet_event_extra.py
[2025-02-06T16:36:56.494+0000] {processor.py:925} INFO - DAG(s) 'read_dataset_event', 'read_dataset_event_from_classic' retrieved from /home/airflow/.local/lib/python3.12/site-packages/airflow/example_dags/example_inlet_event_extra.py
[2025-02-06T16:36:56.522+0000] {logging_mixin.py:190} INFO - [2025-02-06T16:36:56.522+0000] {dag.py:3239} INFO - Sync 2 DAGs
[2025-02-06T16:36:56.559+0000] {logging_mixin.py:190} INFO - [2025-02-06T16:36:56.559+0000] {dag.py:4180} INFO - Setting next_dagrun for read_dataset_event to 2025-02-05 00:00:00+00:00, run_after=2025-02-06 00:00:00+00:00
[2025-02-06T16:36:56.566+0000] {logging_mixin.py:190} INFO - [2025-02-06T16:36:56.566+0000] {dag.py:4180} INFO - Setting next_dagrun for read_dataset_event_from_classic to 2025-02-05 00:00:00+00:00, run_after=2025-02-06 00:00:00+00:00
[2025-02-06T16:36:56.592+0000] {processor.py:208} INFO - Processing /home/airflow/.local/lib/python3.12/site-packages/airflow/example_dags/example_inlet_event_extra.py took 0.867 seconds
[2025-02-06T16:37:27.212+0000] {processor.py:186} INFO - Started process (PID=160) to work on /home/airflow/.local/lib/python3.12/site-packages/airflow/example_dags/example_inlet_event_extra.py
[2025-02-06T16:37:27.213+0000] {processor.py:914} INFO - Processing file /home/airflow/.local/lib/python3.12/site-packages/airflow/example_dags/example_inlet_event_extra.py for tasks to queue
[2025-02-06T16:37:27.217+0000] {logging_mixin.py:190} INFO - [2025-02-06T16:37:27.216+0000] {dagbag.py:588} INFO - Filling up the DagBag from /home/airflow/.local/lib/python3.12/site-packages/airflow/example_dags/example_inlet_event_extra.py
[2025-02-06T16:37:27.978+0000] {processor.py:925} INFO - DAG(s) 'read_dataset_event_from_classic', 'read_dataset_event' retrieved from /home/airflow/.local/lib/python3.12/site-packages/airflow/example_dags/example_inlet_event_extra.py
[2025-02-06T16:37:28.012+0000] {logging_mixin.py:190} INFO - [2025-02-06T16:37:28.012+0000] {dag.py:3239} INFO - Sync 2 DAGs
[2025-02-06T16:37:28.046+0000] {logging_mixin.py:190} INFO - [2025-02-06T16:37:28.045+0000] {dag.py:4180} INFO - Setting next_dagrun for read_dataset_event to 2025-02-05 00:00:00+00:00, run_after=2025-02-06 00:00:00+00:00
[2025-02-06T16:37:28.056+0000] {logging_mixin.py:190} INFO - [2025-02-06T16:37:28.055+0000] {dag.py:4180} INFO - Setting next_dagrun for read_dataset_event_from_classic to 2025-02-05 00:00:00+00:00, run_after=2025-02-06 00:00:00+00:00
[2025-02-06T16:37:28.081+0000] {processor.py:208} INFO - Processing /home/airflow/.local/lib/python3.12/site-packages/airflow/example_dags/example_inlet_event_extra.py took 0.877 seconds
[2025-02-06T16:37:58.374+0000] {processor.py:186} INFO - Started process (PID=217) to work on /home/airflow/.local/lib/python3.12/site-packages/airflow/example_dags/example_inlet_event_extra.py
[2025-02-06T16:37:58.375+0000] {processor.py:914} INFO - Processing file /home/airflow/.local/lib/python3.12/site-packages/airflow/example_dags/example_inlet_event_extra.py for tasks to queue
[2025-02-06T16:37:58.378+0000] {logging_mixin.py:190} INFO - [2025-02-06T16:37:58.378+0000] {dagbag.py:588} INFO - Filling up the DagBag from /home/airflow/.local/lib/python3.12/site-packages/airflow/example_dags/example_inlet_event_extra.py
[2025-02-06T16:37:59.159+0000] {processor.py:925} INFO - DAG(s) 'read_dataset_event_from_classic', 'read_dataset_event' retrieved from /home/airflow/.local/lib/python3.12/site-packages/airflow/example_dags/example_inlet_event_extra.py
[2025-02-06T16:37:59.186+0000] {logging_mixin.py:190} INFO - [2025-02-06T16:37:59.186+0000] {dag.py:3239} INFO - Sync 2 DAGs
[2025-02-06T16:37:59.218+0000] {logging_mixin.py:190} INFO - [2025-02-06T16:37:59.217+0000] {dag.py:4180} INFO - Setting next_dagrun for read_dataset_event to 2025-02-05 00:00:00+00:00, run_after=2025-02-06 00:00:00+00:00
[2025-02-06T16:37:59.224+0000] {logging_mixin.py:190} INFO - [2025-02-06T16:37:59.224+0000] {dag.py:4180} INFO - Setting next_dagrun for read_dataset_event_from_classic to 2025-02-05 00:00:00+00:00, run_after=2025-02-06 00:00:00+00:00
[2025-02-06T16:37:59.246+0000] {processor.py:208} INFO - Processing /home/airflow/.local/lib/python3.12/site-packages/airflow/example_dags/example_inlet_event_extra.py took 0.881 seconds
[2025-02-06T16:38:29.370+0000] {processor.py:186} INFO - Started process (PID=277) to work on /home/airflow/.local/lib/python3.12/site-packages/airflow/example_dags/example_inlet_event_extra.py
[2025-02-06T16:38:29.371+0000] {processor.py:914} INFO - Processing file /home/airflow/.local/lib/python3.12/site-packages/airflow/example_dags/example_inlet_event_extra.py for tasks to queue
[2025-02-06T16:38:29.374+0000] {logging_mixin.py:190} INFO - [2025-02-06T16:38:29.374+0000] {dagbag.py:588} INFO - Filling up the DagBag from /home/airflow/.local/lib/python3.12/site-packages/airflow/example_dags/example_inlet_event_extra.py
[2025-02-06T16:38:30.091+0000] {processor.py:925} INFO - DAG(s) 'read_dataset_event', 'read_dataset_event_from_classic' retrieved from /home/airflow/.local/lib/python3.12/site-packages/airflow/example_dags/example_inlet_event_extra.py
[2025-02-06T16:38:30.117+0000] {logging_mixin.py:190} INFO - [2025-02-06T16:38:30.117+0000] {dag.py:3239} INFO - Sync 2 DAGs
[2025-02-06T16:38:30.146+0000] {logging_mixin.py:190} INFO - [2025-02-06T16:38:30.145+0000] {dag.py:4180} INFO - Setting next_dagrun for read_dataset_event to 2025-02-05 00:00:00+00:00, run_after=2025-02-06 00:00:00+00:00
[2025-02-06T16:38:30.152+0000] {logging_mixin.py:190} INFO - [2025-02-06T16:38:30.152+0000] {dag.py:4180} INFO - Setting next_dagrun for read_dataset_event_from_classic to 2025-02-05 00:00:00+00:00, run_after=2025-02-06 00:00:00+00:00
[2025-02-06T16:38:30.172+0000] {processor.py:208} INFO - Processing /home/airflow/.local/lib/python3.12/site-packages/airflow/example_dags/example_inlet_event_extra.py took 0.809 seconds
[2025-02-06T16:39:00.916+0000] {processor.py:186} INFO - Started process (PID=334) to work on /home/airflow/.local/lib/python3.12/site-packages/airflow/example_dags/example_inlet_event_extra.py
[2025-02-06T16:39:00.917+0000] {processor.py:914} INFO - Processing file /home/airflow/.local/lib/python3.12/site-packages/airflow/example_dags/example_inlet_event_extra.py for tasks to queue
[2025-02-06T16:39:00.920+0000] {logging_mixin.py:190} INFO - [2025-02-06T16:39:00.920+0000] {dagbag.py:588} INFO - Filling up the DagBag from /home/airflow/.local/lib/python3.12/site-packages/airflow/example_dags/example_inlet_event_extra.py
[2025-02-06T16:39:01.638+0000] {processor.py:925} INFO - DAG(s) 'read_dataset_event_from_classic', 'read_dataset_event' retrieved from /home/airflow/.local/lib/python3.12/site-packages/airflow/example_dags/example_inlet_event_extra.py
[2025-02-06T16:39:01.665+0000] {logging_mixin.py:190} INFO - [2025-02-06T16:39:01.665+0000] {dag.py:3239} INFO - Sync 2 DAGs
[2025-02-06T16:39:01.696+0000] {logging_mixin.py:190} INFO - [2025-02-06T16:39:01.696+0000] {dag.py:4180} INFO - Setting next_dagrun for read_dataset_event to 2025-02-05 00:00:00+00:00, run_after=2025-02-06 00:00:00+00:00
[2025-02-06T16:39:01.704+0000] {logging_mixin.py:190} INFO - [2025-02-06T16:39:01.703+0000] {dag.py:4180} INFO - Setting next_dagrun for read_dataset_event_from_classic to 2025-02-05 00:00:00+00:00, run_after=2025-02-06 00:00:00+00:00
[2025-02-06T16:39:01.744+0000] {processor.py:208} INFO - Processing /home/airflow/.local/lib/python3.12/site-packages/airflow/example_dags/example_inlet_event_extra.py took 0.836 seconds
[2025-02-06T16:39:32.636+0000] {processor.py:186} INFO - Started process (PID=392) to work on /home/airflow/.local/lib/python3.12/site-packages/airflow/example_dags/example_inlet_event_extra.py
[2025-02-06T16:39:32.637+0000] {processor.py:914} INFO - Processing file /home/airflow/.local/lib/python3.12/site-packages/airflow/example_dags/example_inlet_event_extra.py for tasks to queue
[2025-02-06T16:39:32.640+0000] {logging_mixin.py:190} INFO - [2025-02-06T16:39:32.639+0000] {dagbag.py:588} INFO - Filling up the DagBag from /home/airflow/.local/lib/python3.12/site-packages/airflow/example_dags/example_inlet_event_extra.py
[2025-02-06T16:39:33.377+0000] {processor.py:925} INFO - DAG(s) 'read_dataset_event', 'read_dataset_event_from_classic' retrieved from /home/airflow/.local/lib/python3.12/site-packages/airflow/example_dags/example_inlet_event_extra.py
[2025-02-06T16:39:33.402+0000] {logging_mixin.py:190} INFO - [2025-02-06T16:39:33.402+0000] {dag.py:3239} INFO - Sync 2 DAGs
[2025-02-06T16:39:33.431+0000] {logging_mixin.py:190} INFO - [2025-02-06T16:39:33.430+0000] {dag.py:4180} INFO - Setting next_dagrun for read_dataset_event to 2025-02-05 00:00:00+00:00, run_after=2025-02-06 00:00:00+00:00
[2025-02-06T16:39:33.437+0000] {logging_mixin.py:190} INFO - [2025-02-06T16:39:33.437+0000] {dag.py:4180} INFO - Setting next_dagrun for read_dataset_event_from_classic to 2025-02-05 00:00:00+00:00, run_after=2025-02-06 00:00:00+00:00
[2025-02-06T16:39:33.456+0000] {processor.py:208} INFO - Processing /home/airflow/.local/lib/python3.12/site-packages/airflow/example_dags/example_inlet_event_extra.py took 0.828 seconds
[2025-02-06T16:40:03.618+0000] {processor.py:186} INFO - Started process (PID=453) to work on /home/airflow/.local/lib/python3.12/site-packages/airflow/example_dags/example_inlet_event_extra.py
[2025-02-06T16:40:03.619+0000] {processor.py:914} INFO - Processing file /home/airflow/.local/lib/python3.12/site-packages/airflow/example_dags/example_inlet_event_extra.py for tasks to queue
[2025-02-06T16:40:03.622+0000] {logging_mixin.py:190} INFO - [2025-02-06T16:40:03.622+0000] {dagbag.py:588} INFO - Filling up the DagBag from /home/airflow/.local/lib/python3.12/site-packages/airflow/example_dags/example_inlet_event_extra.py
[2025-02-06T16:40:04.391+0000] {processor.py:925} INFO - DAG(s) 'read_dataset_event', 'read_dataset_event_from_classic' retrieved from /home/airflow/.local/lib/python3.12/site-packages/airflow/example_dags/example_inlet_event_extra.py
[2025-02-06T16:40:04.418+0000] {logging_mixin.py:190} INFO - [2025-02-06T16:40:04.417+0000] {dag.py:3239} INFO - Sync 2 DAGs
[2025-02-06T16:40:04.450+0000] {logging_mixin.py:190} INFO - [2025-02-06T16:40:04.450+0000] {dag.py:4180} INFO - Setting next_dagrun for read_dataset_event to 2025-02-05 00:00:00+00:00, run_after=2025-02-06 00:00:00+00:00
[2025-02-06T16:40:04.457+0000] {logging_mixin.py:190} INFO - [2025-02-06T16:40:04.457+0000] {dag.py:4180} INFO - Setting next_dagrun for read_dataset_event_from_classic to 2025-02-05 00:00:00+00:00, run_after=2025-02-06 00:00:00+00:00
[2025-02-06T16:40:04.480+0000] {processor.py:208} INFO - Processing /home/airflow/.local/lib/python3.12/site-packages/airflow/example_dags/example_inlet_event_extra.py took 0.872 seconds
[2025-02-06T16:40:34.908+0000] {processor.py:186} INFO - Started process (PID=510) to work on /home/airflow/.local/lib/python3.12/site-packages/airflow/example_dags/example_inlet_event_extra.py
[2025-02-06T16:40:34.910+0000] {processor.py:914} INFO - Processing file /home/airflow/.local/lib/python3.12/site-packages/airflow/example_dags/example_inlet_event_extra.py for tasks to queue
[2025-02-06T16:40:34.913+0000] {logging_mixin.py:190} INFO - [2025-02-06T16:40:34.912+0000] {dagbag.py:588} INFO - Filling up the DagBag from /home/airflow/.local/lib/python3.12/site-packages/airflow/example_dags/example_inlet_event_extra.py
[2025-02-06T16:40:35.768+0000] {processor.py:925} INFO - DAG(s) 'read_dataset_event_from_classic', 'read_dataset_event' retrieved from /home/airflow/.local/lib/python3.12/site-packages/airflow/example_dags/example_inlet_event_extra.py
[2025-02-06T16:40:35.798+0000] {logging_mixin.py:190} INFO - [2025-02-06T16:40:35.797+0000] {dag.py:3239} INFO - Sync 2 DAGs
[2025-02-06T16:40:35.835+0000] {logging_mixin.py:190} INFO - [2025-02-06T16:40:35.835+0000] {dag.py:4180} INFO - Setting next_dagrun for read_dataset_event to 2025-02-05 00:00:00+00:00, run_after=2025-02-06 00:00:00+00:00
[2025-02-06T16:40:35.842+0000] {logging_mixin.py:190} INFO - [2025-02-06T16:40:35.842+0000] {dag.py:4180} INFO - Setting next_dagrun for read_dataset_event_from_classic to 2025-02-05 00:00:00+00:00, run_after=2025-02-06 00:00:00+00:00
[2025-02-06T16:40:35.862+0000] {processor.py:208} INFO - Processing /home/airflow/.local/lib/python3.12/site-packages/airflow/example_dags/example_inlet_event_extra.py took 0.961 seconds
[2025-02-06T16:41:06.049+0000] {processor.py:186} INFO - Started process (PID=573) to work on /home/airflow/.local/lib/python3.12/site-packages/airflow/example_dags/example_inlet_event_extra.py
[2025-02-06T16:41:06.050+0000] {processor.py:914} INFO - Processing file /home/airflow/.local/lib/python3.12/site-packages/airflow/example_dags/example_inlet_event_extra.py for tasks to queue
[2025-02-06T16:41:06.053+0000] {logging_mixin.py:190} INFO - [2025-02-06T16:41:06.053+0000] {dagbag.py:588} INFO - Filling up the DagBag from /home/airflow/.local/lib/python3.12/site-packages/airflow/example_dags/example_inlet_event_extra.py
[2025-02-06T16:41:06.722+0000] {processor.py:925} INFO - DAG(s) 'read_dataset_event_from_classic', 'read_dataset_event' retrieved from /home/airflow/.local/lib/python3.12/site-packages/airflow/example_dags/example_inlet_event_extra.py
[2025-02-06T16:41:06.750+0000] {logging_mixin.py:190} INFO - [2025-02-06T16:41:06.750+0000] {dag.py:3239} INFO - Sync 2 DAGs
[2025-02-06T16:41:06.783+0000] {logging_mixin.py:190} INFO - [2025-02-06T16:41:06.783+0000] {dag.py:4180} INFO - Setting next_dagrun for read_dataset_event to 2025-02-05 00:00:00+00:00, run_after=2025-02-06 00:00:00+00:00
[2025-02-06T16:41:06.790+0000] {logging_mixin.py:190} INFO - [2025-02-06T16:41:06.790+0000] {dag.py:4180} INFO - Setting next_dagrun for read_dataset_event_from_classic to 2025-02-05 00:00:00+00:00, run_after=2025-02-06 00:00:00+00:00
[2025-02-06T16:41:06.817+0000] {processor.py:208} INFO - Processing /home/airflow/.local/lib/python3.12/site-packages/airflow/example_dags/example_inlet_event_extra.py took 0.775 seconds
[2025-02-06T16:41:37.096+0000] {processor.py:186} INFO - Started process (PID=630) to work on /home/airflow/.local/lib/python3.12/site-packages/airflow/example_dags/example_inlet_event_extra.py
[2025-02-06T16:41:37.097+0000] {processor.py:914} INFO - Processing file /home/airflow/.local/lib/python3.12/site-packages/airflow/example_dags/example_inlet_event_extra.py for tasks to queue
[2025-02-06T16:41:37.100+0000] {logging_mixin.py:190} INFO - [2025-02-06T16:41:37.100+0000] {dagbag.py:588} INFO - Filling up the DagBag from /home/airflow/.local/lib/python3.12/site-packages/airflow/example_dags/example_inlet_event_extra.py
[2025-02-06T16:41:37.794+0000] {processor.py:925} INFO - DAG(s) 'read_dataset_event', 'read_dataset_event_from_classic' retrieved from /home/airflow/.local/lib/python3.12/site-packages/airflow/example_dags/example_inlet_event_extra.py
[2025-02-06T16:41:37.820+0000] {logging_mixin.py:190} INFO - [2025-02-06T16:41:37.820+0000] {dag.py:3239} INFO - Sync 2 DAGs
[2025-02-06T16:41:37.849+0000] {logging_mixin.py:190} INFO - [2025-02-06T16:41:37.848+0000] {dag.py:4180} INFO - Setting next_dagrun for read_dataset_event to 2025-02-05 00:00:00+00:00, run_after=2025-02-06 00:00:00+00:00
[2025-02-06T16:41:37.855+0000] {logging_mixin.py:190} INFO - [2025-02-06T16:41:37.855+0000] {dag.py:4180} INFO - Setting next_dagrun for read_dataset_event_from_classic to 2025-02-05 00:00:00+00:00, run_after=2025-02-06 00:00:00+00:00
[2025-02-06T16:41:37.880+0000] {processor.py:208} INFO - Processing /home/airflow/.local/lib/python3.12/site-packages/airflow/example_dags/example_inlet_event_extra.py took 0.792 seconds
[2025-02-06T16:42:08.692+0000] {processor.py:186} INFO - Started process (PID=689) to work on /home/airflow/.local/lib/python3.12/site-packages/airflow/example_dags/example_inlet_event_extra.py
[2025-02-06T16:42:08.693+0000] {processor.py:914} INFO - Processing file /home/airflow/.local/lib/python3.12/site-packages/airflow/example_dags/example_inlet_event_extra.py for tasks to queue
[2025-02-06T16:42:08.697+0000] {logging_mixin.py:190} INFO - [2025-02-06T16:42:08.696+0000] {dagbag.py:588} INFO - Filling up the DagBag from /home/airflow/.local/lib/python3.12/site-packages/airflow/example_dags/example_inlet_event_extra.py
[2025-02-06T16:42:09.419+0000] {processor.py:925} INFO - DAG(s) 'read_dataset_event', 'read_dataset_event_from_classic' retrieved from /home/airflow/.local/lib/python3.12/site-packages/airflow/example_dags/example_inlet_event_extra.py
[2025-02-06T16:42:09.444+0000] {logging_mixin.py:190} INFO - [2025-02-06T16:42:09.444+0000] {dag.py:3239} INFO - Sync 2 DAGs
[2025-02-06T16:42:09.475+0000] {logging_mixin.py:190} INFO - [2025-02-06T16:42:09.475+0000] {dag.py:4180} INFO - Setting next_dagrun for read_dataset_event to 2025-02-05 00:00:00+00:00, run_after=2025-02-06 00:00:00+00:00
[2025-02-06T16:42:09.481+0000] {logging_mixin.py:190} INFO - [2025-02-06T16:42:09.481+0000] {dag.py:4180} INFO - Setting next_dagrun for read_dataset_event_from_classic to 2025-02-05 00:00:00+00:00, run_after=2025-02-06 00:00:00+00:00
[2025-02-06T16:42:09.507+0000] {processor.py:208} INFO - Processing /home/airflow/.local/lib/python3.12/site-packages/airflow/example_dags/example_inlet_event_extra.py took 0.822 seconds
[2025-02-06T16:42:39.868+0000] {processor.py:186} INFO - Started process (PID=746) to work on /home/airflow/.local/lib/python3.12/site-packages/airflow/example_dags/example_inlet_event_extra.py
[2025-02-06T16:42:39.869+0000] {processor.py:914} INFO - Processing file /home/airflow/.local/lib/python3.12/site-packages/airflow/example_dags/example_inlet_event_extra.py for tasks to queue
[2025-02-06T16:42:39.872+0000] {logging_mixin.py:190} INFO - [2025-02-06T16:42:39.872+0000] {dagbag.py:588} INFO - Filling up the DagBag from /home/airflow/.local/lib/python3.12/site-packages/airflow/example_dags/example_inlet_event_extra.py
[2025-02-06T16:42:40.613+0000] {processor.py:925} INFO - DAG(s) 'read_dataset_event_from_classic', 'read_dataset_event' retrieved from /home/airflow/.local/lib/python3.12/site-packages/airflow/example_dags/example_inlet_event_extra.py
[2025-02-06T16:42:40.639+0000] {logging_mixin.py:190} INFO - [2025-02-06T16:42:40.639+0000] {dag.py:3239} INFO - Sync 2 DAGs
[2025-02-06T16:42:40.669+0000] {logging_mixin.py:190} INFO - [2025-02-06T16:42:40.668+0000] {dag.py:4180} INFO - Setting next_dagrun for read_dataset_event to 2025-02-05 00:00:00+00:00, run_after=2025-02-06 00:00:00+00:00
[2025-02-06T16:42:40.675+0000] {logging_mixin.py:190} INFO - [2025-02-06T16:42:40.675+0000] {dag.py:4180} INFO - Setting next_dagrun for read_dataset_event_from_classic to 2025-02-05 00:00:00+00:00, run_after=2025-02-06 00:00:00+00:00
[2025-02-06T16:42:40.702+0000] {processor.py:208} INFO - Processing /home/airflow/.local/lib/python3.12/site-packages/airflow/example_dags/example_inlet_event_extra.py took 0.843 seconds
[2025-02-06T16:43:10.792+0000] {processor.py:186} INFO - Started process (PID=803) to work on /home/airflow/.local/lib/python3.12/site-packages/airflow/example_dags/example_inlet_event_extra.py
[2025-02-06T16:43:10.793+0000] {processor.py:914} INFO - Processing file /home/airflow/.local/lib/python3.12/site-packages/airflow/example_dags/example_inlet_event_extra.py for tasks to queue
[2025-02-06T16:43:10.796+0000] {logging_mixin.py:190} INFO - [2025-02-06T16:43:10.796+0000] {dagbag.py:588} INFO - Filling up the DagBag from /home/airflow/.local/lib/python3.12/site-packages/airflow/example_dags/example_inlet_event_extra.py
[2025-02-06T16:43:11.670+0000] {processor.py:925} INFO - DAG(s) 'read_dataset_event_from_classic', 'read_dataset_event' retrieved from /home/airflow/.local/lib/python3.12/site-packages/airflow/example_dags/example_inlet_event_extra.py
[2025-02-06T16:43:11.700+0000] {logging_mixin.py:190} INFO - [2025-02-06T16:43:11.700+0000] {dag.py:3239} INFO - Sync 2 DAGs
[2025-02-06T16:43:11.740+0000] {logging_mixin.py:190} INFO - [2025-02-06T16:43:11.740+0000] {dag.py:4180} INFO - Setting next_dagrun for read_dataset_event to 2025-02-05 00:00:00+00:00, run_after=2025-02-06 00:00:00+00:00
[2025-02-06T16:43:11.748+0000] {logging_mixin.py:190} INFO - [2025-02-06T16:43:11.748+0000] {dag.py:4180} INFO - Setting next_dagrun for read_dataset_event_from_classic to 2025-02-05 00:00:00+00:00, run_after=2025-02-06 00:00:00+00:00
[2025-02-06T16:43:11.778+0000] {processor.py:208} INFO - Processing /home/airflow/.local/lib/python3.12/site-packages/airflow/example_dags/example_inlet_event_extra.py took 0.993 seconds
[2025-02-06T16:43:42.462+0000] {processor.py:186} INFO - Started process (PID=860) to work on /home/airflow/.local/lib/python3.12/site-packages/airflow/example_dags/example_inlet_event_extra.py
[2025-02-06T16:43:42.464+0000] {processor.py:914} INFO - Processing file /home/airflow/.local/lib/python3.12/site-packages/airflow/example_dags/example_inlet_event_extra.py for tasks to queue
[2025-02-06T16:43:42.467+0000] {logging_mixin.py:190} INFO - [2025-02-06T16:43:42.467+0000] {dagbag.py:588} INFO - Filling up the DagBag from /home/airflow/.local/lib/python3.12/site-packages/airflow/example_dags/example_inlet_event_extra.py
[2025-02-06T16:43:43.265+0000] {processor.py:925} INFO - DAG(s) 'read_dataset_event', 'read_dataset_event_from_classic' retrieved from /home/airflow/.local/lib/python3.12/site-packages/airflow/example_dags/example_inlet_event_extra.py
[2025-02-06T16:43:43.292+0000] {logging_mixin.py:190} INFO - [2025-02-06T16:43:43.292+0000] {dag.py:3239} INFO - Sync 2 DAGs
[2025-02-06T16:43:43.331+0000] {logging_mixin.py:190} INFO - [2025-02-06T16:43:43.330+0000] {dag.py:4180} INFO - Setting next_dagrun for read_dataset_event to 2025-02-05 00:00:00+00:00, run_after=2025-02-06 00:00:00+00:00
[2025-02-06T16:43:43.337+0000] {logging_mixin.py:190} INFO - [2025-02-06T16:43:43.337+0000] {dag.py:4180} INFO - Setting next_dagrun for read_dataset_event_from_classic to 2025-02-05 00:00:00+00:00, run_after=2025-02-06 00:00:00+00:00
[2025-02-06T16:43:43.364+0000] {processor.py:208} INFO - Processing /home/airflow/.local/lib/python3.12/site-packages/airflow/example_dags/example_inlet_event_extra.py took 0.910 seconds
[2025-02-06T16:44:13.712+0000] {processor.py:186} INFO - Started process (PID=917) to work on /home/airflow/.local/lib/python3.12/site-packages/airflow/example_dags/example_inlet_event_extra.py
[2025-02-06T16:44:13.714+0000] {processor.py:914} INFO - Processing file /home/airflow/.local/lib/python3.12/site-packages/airflow/example_dags/example_inlet_event_extra.py for tasks to queue
[2025-02-06T16:44:13.717+0000] {logging_mixin.py:190} INFO - [2025-02-06T16:44:13.717+0000] {dagbag.py:588} INFO - Filling up the DagBag from /home/airflow/.local/lib/python3.12/site-packages/airflow/example_dags/example_inlet_event_extra.py
[2025-02-06T16:44:14.598+0000] {processor.py:925} INFO - DAG(s) 'read_dataset_event', 'read_dataset_event_from_classic' retrieved from /home/airflow/.local/lib/python3.12/site-packages/airflow/example_dags/example_inlet_event_extra.py
[2025-02-06T16:44:14.627+0000] {logging_mixin.py:190} INFO - [2025-02-06T16:44:14.626+0000] {dag.py:3239} INFO - Sync 2 DAGs
[2025-02-06T16:44:14.663+0000] {logging_mixin.py:190} INFO - [2025-02-06T16:44:14.663+0000] {dag.py:4180} INFO - Setting next_dagrun for read_dataset_event to 2025-02-05 00:00:00+00:00, run_after=2025-02-06 00:00:00+00:00
[2025-02-06T16:44:14.671+0000] {logging_mixin.py:190} INFO - [2025-02-06T16:44:14.670+0000] {dag.py:4180} INFO - Setting next_dagrun for read_dataset_event_from_classic to 2025-02-05 00:00:00+00:00, run_after=2025-02-06 00:00:00+00:00
[2025-02-06T16:44:14.704+0000] {processor.py:208} INFO - Processing /home/airflow/.local/lib/python3.12/site-packages/airflow/example_dags/example_inlet_event_extra.py took 1.001 seconds
[2025-02-06T16:44:45.029+0000] {processor.py:186} INFO - Started process (PID=974) to work on /home/airflow/.local/lib/python3.12/site-packages/airflow/example_dags/example_inlet_event_extra.py
[2025-02-06T16:44:45.030+0000] {processor.py:914} INFO - Processing file /home/airflow/.local/lib/python3.12/site-packages/airflow/example_dags/example_inlet_event_extra.py for tasks to queue
[2025-02-06T16:44:45.034+0000] {logging_mixin.py:190} INFO - [2025-02-06T16:44:45.034+0000] {dagbag.py:588} INFO - Filling up the DagBag from /home/airflow/.local/lib/python3.12/site-packages/airflow/example_dags/example_inlet_event_extra.py
[2025-02-06T16:44:45.832+0000] {processor.py:925} INFO - DAG(s) 'read_dataset_event_from_classic', 'read_dataset_event' retrieved from /home/airflow/.local/lib/python3.12/site-packages/airflow/example_dags/example_inlet_event_extra.py
[2025-02-06T16:44:45.857+0000] {logging_mixin.py:190} INFO - [2025-02-06T16:44:45.857+0000] {dag.py:3239} INFO - Sync 2 DAGs
[2025-02-06T16:44:45.887+0000] {logging_mixin.py:190} INFO - [2025-02-06T16:44:45.887+0000] {dag.py:4180} INFO - Setting next_dagrun for read_dataset_event to 2025-02-05 00:00:00+00:00, run_after=2025-02-06 00:00:00+00:00
[2025-02-06T16:44:45.894+0000] {logging_mixin.py:190} INFO - [2025-02-06T16:44:45.893+0000] {dag.py:4180} INFO - Setting next_dagrun for read_dataset_event_from_classic to 2025-02-05 00:00:00+00:00, run_after=2025-02-06 00:00:00+00:00
[2025-02-06T16:44:45.914+0000] {processor.py:208} INFO - Processing /home/airflow/.local/lib/python3.12/site-packages/airflow/example_dags/example_inlet_event_extra.py took 0.893 seconds
[2025-02-06T16:45:16.281+0000] {processor.py:186} INFO - Started process (PID=1031) to work on /home/airflow/.local/lib/python3.12/site-packages/airflow/example_dags/example_inlet_event_extra.py
[2025-02-06T16:45:16.283+0000] {processor.py:914} INFO - Processing file /home/airflow/.local/lib/python3.12/site-packages/airflow/example_dags/example_inlet_event_extra.py for tasks to queue
[2025-02-06T16:45:16.287+0000] {logging_mixin.py:190} INFO - [2025-02-06T16:45:16.287+0000] {dagbag.py:588} INFO - Filling up the DagBag from /home/airflow/.local/lib/python3.12/site-packages/airflow/example_dags/example_inlet_event_extra.py
[2025-02-06T16:45:17.045+0000] {processor.py:925} INFO - DAG(s) 'read_dataset_event', 'read_dataset_event_from_classic' retrieved from /home/airflow/.local/lib/python3.12/site-packages/airflow/example_dags/example_inlet_event_extra.py
[2025-02-06T16:45:17.072+0000] {logging_mixin.py:190} INFO - [2025-02-06T16:45:17.072+0000] {dag.py:3239} INFO - Sync 2 DAGs
[2025-02-06T16:45:17.103+0000] {logging_mixin.py:190} INFO - [2025-02-06T16:45:17.102+0000] {dag.py:4180} INFO - Setting next_dagrun for read_dataset_event to 2025-02-05 00:00:00+00:00, run_after=2025-02-06 00:00:00+00:00
[2025-02-06T16:45:17.109+0000] {logging_mixin.py:190} INFO - [2025-02-06T16:45:17.109+0000] {dag.py:4180} INFO - Setting next_dagrun for read_dataset_event_from_classic to 2025-02-05 00:00:00+00:00, run_after=2025-02-06 00:00:00+00:00
[2025-02-06T16:45:17.131+0000] {processor.py:208} INFO - Processing /home/airflow/.local/lib/python3.12/site-packages/airflow/example_dags/example_inlet_event_extra.py took 0.858 seconds
[2025-02-06T16:45:48.047+0000] {processor.py:186} INFO - Started process (PID=1088) to work on /home/airflow/.local/lib/python3.12/site-packages/airflow/example_dags/example_inlet_event_extra.py
[2025-02-06T16:45:48.049+0000] {processor.py:914} INFO - Processing file /home/airflow/.local/lib/python3.12/site-packages/airflow/example_dags/example_inlet_event_extra.py for tasks to queue
[2025-02-06T16:45:48.052+0000] {logging_mixin.py:190} INFO - [2025-02-06T16:45:48.052+0000] {dagbag.py:588} INFO - Filling up the DagBag from /home/airflow/.local/lib/python3.12/site-packages/airflow/example_dags/example_inlet_event_extra.py
[2025-02-06T16:45:49.259+0000] {processor.py:925} INFO - DAG(s) 'read_dataset_event', 'read_dataset_event_from_classic' retrieved from /home/airflow/.local/lib/python3.12/site-packages/airflow/example_dags/example_inlet_event_extra.py
[2025-02-06T16:45:49.322+0000] {logging_mixin.py:190} INFO - [2025-02-06T16:45:49.321+0000] {dag.py:3239} INFO - Sync 2 DAGs
[2025-02-06T16:45:49.422+0000] {logging_mixin.py:190} INFO - [2025-02-06T16:45:49.422+0000] {dag.py:4180} INFO - Setting next_dagrun for read_dataset_event to 2025-02-05 00:00:00+00:00, run_after=2025-02-06 00:00:00+00:00
[2025-02-06T16:45:49.444+0000] {logging_mixin.py:190} INFO - [2025-02-06T16:45:49.443+0000] {dag.py:4180} INFO - Setting next_dagrun for read_dataset_event_from_classic to 2025-02-05 00:00:00+00:00, run_after=2025-02-06 00:00:00+00:00
[2025-02-06T16:45:49.514+0000] {processor.py:208} INFO - Processing /home/airflow/.local/lib/python3.12/site-packages/airflow/example_dags/example_inlet_event_extra.py took 1.474 seconds
[2025-02-06T16:46:20.035+0000] {processor.py:186} INFO - Started process (PID=1145) to work on /home/airflow/.local/lib/python3.12/site-packages/airflow/example_dags/example_inlet_event_extra.py
[2025-02-06T16:46:20.036+0000] {processor.py:914} INFO - Processing file /home/airflow/.local/lib/python3.12/site-packages/airflow/example_dags/example_inlet_event_extra.py for tasks to queue
[2025-02-06T16:46:20.040+0000] {logging_mixin.py:190} INFO - [2025-02-06T16:46:20.039+0000] {dagbag.py:588} INFO - Filling up the DagBag from /home/airflow/.local/lib/python3.12/site-packages/airflow/example_dags/example_inlet_event_extra.py
[2025-02-06T16:46:20.743+0000] {processor.py:925} INFO - DAG(s) 'read_dataset_event_from_classic', 'read_dataset_event' retrieved from /home/airflow/.local/lib/python3.12/site-packages/airflow/example_dags/example_inlet_event_extra.py
[2025-02-06T16:46:20.772+0000] {logging_mixin.py:190} INFO - [2025-02-06T16:46:20.772+0000] {dag.py:3239} INFO - Sync 2 DAGs
[2025-02-06T16:46:20.802+0000] {logging_mixin.py:190} INFO - [2025-02-06T16:46:20.802+0000] {dag.py:4180} INFO - Setting next_dagrun for read_dataset_event to 2025-02-05 00:00:00+00:00, run_after=2025-02-06 00:00:00+00:00
[2025-02-06T16:46:20.809+0000] {logging_mixin.py:190} INFO - [2025-02-06T16:46:20.809+0000] {dag.py:4180} INFO - Setting next_dagrun for read_dataset_event_from_classic to 2025-02-05 00:00:00+00:00, run_after=2025-02-06 00:00:00+00:00
[2025-02-06T16:46:20.830+0000] {processor.py:208} INFO - Processing /home/airflow/.local/lib/python3.12/site-packages/airflow/example_dags/example_inlet_event_extra.py took 0.803 seconds
[2025-02-06T16:46:51.309+0000] {processor.py:186} INFO - Started process (PID=1202) to work on /home/airflow/.local/lib/python3.12/site-packages/airflow/example_dags/example_inlet_event_extra.py
[2025-02-06T16:46:51.310+0000] {processor.py:914} INFO - Processing file /home/airflow/.local/lib/python3.12/site-packages/airflow/example_dags/example_inlet_event_extra.py for tasks to queue
[2025-02-06T16:46:51.314+0000] {logging_mixin.py:190} INFO - [2025-02-06T16:46:51.314+0000] {dagbag.py:588} INFO - Filling up the DagBag from /home/airflow/.local/lib/python3.12/site-packages/airflow/example_dags/example_inlet_event_extra.py
[2025-02-06T16:46:52.052+0000] {processor.py:925} INFO - DAG(s) 'read_dataset_event', 'read_dataset_event_from_classic' retrieved from /home/airflow/.local/lib/python3.12/site-packages/airflow/example_dags/example_inlet_event_extra.py
[2025-02-06T16:46:52.083+0000] {logging_mixin.py:190} INFO - [2025-02-06T16:46:52.083+0000] {dag.py:3239} INFO - Sync 2 DAGs
[2025-02-06T16:46:52.122+0000] {logging_mixin.py:190} INFO - [2025-02-06T16:46:52.121+0000] {dag.py:4180} INFO - Setting next_dagrun for read_dataset_event to 2025-02-05 00:00:00+00:00, run_after=2025-02-06 00:00:00+00:00
[2025-02-06T16:46:52.130+0000] {logging_mixin.py:190} INFO - [2025-02-06T16:46:52.130+0000] {dag.py:4180} INFO - Setting next_dagrun for read_dataset_event_from_classic to 2025-02-05 00:00:00+00:00, run_after=2025-02-06 00:00:00+00:00
[2025-02-06T16:46:52.157+0000] {processor.py:208} INFO - Processing /home/airflow/.local/lib/python3.12/site-packages/airflow/example_dags/example_inlet_event_extra.py took 0.855 seconds
[2025-02-06T16:47:22.482+0000] {processor.py:186} INFO - Started process (PID=1259) to work on /home/airflow/.local/lib/python3.12/site-packages/airflow/example_dags/example_inlet_event_extra.py
[2025-02-06T16:47:22.486+0000] {processor.py:914} INFO - Processing file /home/airflow/.local/lib/python3.12/site-packages/airflow/example_dags/example_inlet_event_extra.py for tasks to queue
[2025-02-06T16:47:22.493+0000] {logging_mixin.py:190} INFO - [2025-02-06T16:47:22.492+0000] {dagbag.py:588} INFO - Filling up the DagBag from /home/airflow/.local/lib/python3.12/site-packages/airflow/example_dags/example_inlet_event_extra.py
[2025-02-06T16:47:24.364+0000] {processor.py:925} INFO - DAG(s) 'read_dataset_event_from_classic', 'read_dataset_event' retrieved from /home/airflow/.local/lib/python3.12/site-packages/airflow/example_dags/example_inlet_event_extra.py
[2025-02-06T16:47:24.454+0000] {logging_mixin.py:190} INFO - [2025-02-06T16:47:24.452+0000] {dag.py:3239} INFO - Sync 2 DAGs
[2025-02-06T16:47:24.533+0000] {logging_mixin.py:190} INFO - [2025-02-06T16:47:24.533+0000] {dag.py:4180} INFO - Setting next_dagrun for read_dataset_event to 2025-02-05 00:00:00+00:00, run_after=2025-02-06 00:00:00+00:00
[2025-02-06T16:47:24.541+0000] {logging_mixin.py:190} INFO - [2025-02-06T16:47:24.541+0000] {dag.py:4180} INFO - Setting next_dagrun for read_dataset_event_from_classic to 2025-02-05 00:00:00+00:00, run_after=2025-02-06 00:00:00+00:00
[2025-02-06T16:47:24.628+0000] {processor.py:208} INFO - Processing /home/airflow/.local/lib/python3.12/site-packages/airflow/example_dags/example_inlet_event_extra.py took 2.167 seconds
[2025-02-06T16:47:55.313+0000] {processor.py:186} INFO - Started process (PID=1316) to work on /home/airflow/.local/lib/python3.12/site-packages/airflow/example_dags/example_inlet_event_extra.py
[2025-02-06T16:47:55.315+0000] {processor.py:914} INFO - Processing file /home/airflow/.local/lib/python3.12/site-packages/airflow/example_dags/example_inlet_event_extra.py for tasks to queue
[2025-02-06T16:47:55.318+0000] {logging_mixin.py:190} INFO - [2025-02-06T16:47:55.317+0000] {dagbag.py:588} INFO - Filling up the DagBag from /home/airflow/.local/lib/python3.12/site-packages/airflow/example_dags/example_inlet_event_extra.py
[2025-02-06T16:47:56.031+0000] {processor.py:925} INFO - DAG(s) 'read_dataset_event', 'read_dataset_event_from_classic' retrieved from /home/airflow/.local/lib/python3.12/site-packages/airflow/example_dags/example_inlet_event_extra.py
[2025-02-06T16:47:56.059+0000] {logging_mixin.py:190} INFO - [2025-02-06T16:47:56.058+0000] {dag.py:3239} INFO - Sync 2 DAGs
[2025-02-06T16:47:56.090+0000] {logging_mixin.py:190} INFO - [2025-02-06T16:47:56.090+0000] {dag.py:4180} INFO - Setting next_dagrun for read_dataset_event to 2025-02-05 00:00:00+00:00, run_after=2025-02-06 00:00:00+00:00
[2025-02-06T16:47:56.097+0000] {logging_mixin.py:190} INFO - [2025-02-06T16:47:56.096+0000] {dag.py:4180} INFO - Setting next_dagrun for read_dataset_event_from_classic to 2025-02-05 00:00:00+00:00, run_after=2025-02-06 00:00:00+00:00
[2025-02-06T16:47:56.116+0000] {processor.py:208} INFO - Processing /home/airflow/.local/lib/python3.12/site-packages/airflow/example_dags/example_inlet_event_extra.py took 0.809 seconds
[2025-02-06T16:48:26.244+0000] {processor.py:186} INFO - Started process (PID=1373) to work on /home/airflow/.local/lib/python3.12/site-packages/airflow/example_dags/example_inlet_event_extra.py
[2025-02-06T16:48:26.245+0000] {processor.py:914} INFO - Processing file /home/airflow/.local/lib/python3.12/site-packages/airflow/example_dags/example_inlet_event_extra.py for tasks to queue
[2025-02-06T16:48:26.249+0000] {logging_mixin.py:190} INFO - [2025-02-06T16:48:26.248+0000] {dagbag.py:588} INFO - Filling up the DagBag from /home/airflow/.local/lib/python3.12/site-packages/airflow/example_dags/example_inlet_event_extra.py
[2025-02-06T16:48:27.172+0000] {processor.py:925} INFO - DAG(s) 'read_dataset_event', 'read_dataset_event_from_classic' retrieved from /home/airflow/.local/lib/python3.12/site-packages/airflow/example_dags/example_inlet_event_extra.py
[2025-02-06T16:48:27.198+0000] {logging_mixin.py:190} INFO - [2025-02-06T16:48:27.198+0000] {dag.py:3239} INFO - Sync 2 DAGs
[2025-02-06T16:48:27.229+0000] {logging_mixin.py:190} INFO - [2025-02-06T16:48:27.228+0000] {dag.py:4180} INFO - Setting next_dagrun for read_dataset_event to 2025-02-05 00:00:00+00:00, run_after=2025-02-06 00:00:00+00:00
[2025-02-06T16:48:27.235+0000] {logging_mixin.py:190} INFO - [2025-02-06T16:48:27.235+0000] {dag.py:4180} INFO - Setting next_dagrun for read_dataset_event_from_classic to 2025-02-05 00:00:00+00:00, run_after=2025-02-06 00:00:00+00:00
[2025-02-06T16:48:27.254+0000] {processor.py:208} INFO - Processing /home/airflow/.local/lib/python3.12/site-packages/airflow/example_dags/example_inlet_event_extra.py took 1.019 seconds
[2025-02-06T16:48:57.545+0000] {processor.py:186} INFO - Started process (PID=1430) to work on /home/airflow/.local/lib/python3.12/site-packages/airflow/example_dags/example_inlet_event_extra.py
[2025-02-06T16:48:57.546+0000] {processor.py:914} INFO - Processing file /home/airflow/.local/lib/python3.12/site-packages/airflow/example_dags/example_inlet_event_extra.py for tasks to queue
[2025-02-06T16:48:57.549+0000] {logging_mixin.py:190} INFO - [2025-02-06T16:48:57.549+0000] {dagbag.py:588} INFO - Filling up the DagBag from /home/airflow/.local/lib/python3.12/site-packages/airflow/example_dags/example_inlet_event_extra.py
[2025-02-06T16:48:58.356+0000] {processor.py:925} INFO - DAG(s) 'read_dataset_event', 'read_dataset_event_from_classic' retrieved from /home/airflow/.local/lib/python3.12/site-packages/airflow/example_dags/example_inlet_event_extra.py
[2025-02-06T16:48:58.381+0000] {logging_mixin.py:190} INFO - [2025-02-06T16:48:58.381+0000] {dag.py:3239} INFO - Sync 2 DAGs
[2025-02-06T16:48:58.412+0000] {logging_mixin.py:190} INFO - [2025-02-06T16:48:58.411+0000] {dag.py:4180} INFO - Setting next_dagrun for read_dataset_event to 2025-02-05 00:00:00+00:00, run_after=2025-02-06 00:00:00+00:00
[2025-02-06T16:48:58.418+0000] {logging_mixin.py:190} INFO - [2025-02-06T16:48:58.418+0000] {dag.py:4180} INFO - Setting next_dagrun for read_dataset_event_from_classic to 2025-02-05 00:00:00+00:00, run_after=2025-02-06 00:00:00+00:00
[2025-02-06T16:48:58.445+0000] {processor.py:208} INFO - Processing /home/airflow/.local/lib/python3.12/site-packages/airflow/example_dags/example_inlet_event_extra.py took 0.908 seconds
[2025-02-06T16:49:28.500+0000] {processor.py:186} INFO - Started process (PID=1487) to work on /home/airflow/.local/lib/python3.12/site-packages/airflow/example_dags/example_inlet_event_extra.py
[2025-02-06T16:49:28.501+0000] {processor.py:914} INFO - Processing file /home/airflow/.local/lib/python3.12/site-packages/airflow/example_dags/example_inlet_event_extra.py for tasks to queue
[2025-02-06T16:49:28.504+0000] {logging_mixin.py:190} INFO - [2025-02-06T16:49:28.504+0000] {dagbag.py:588} INFO - Filling up the DagBag from /home/airflow/.local/lib/python3.12/site-packages/airflow/example_dags/example_inlet_event_extra.py
[2025-02-06T16:49:29.535+0000] {processor.py:925} INFO - DAG(s) 'read_dataset_event_from_classic', 'read_dataset_event' retrieved from /home/airflow/.local/lib/python3.12/site-packages/airflow/example_dags/example_inlet_event_extra.py
[2025-02-06T16:49:29.579+0000] {logging_mixin.py:190} INFO - [2025-02-06T16:49:29.579+0000] {dag.py:3239} INFO - Sync 2 DAGs
[2025-02-06T16:49:29.624+0000] {logging_mixin.py:190} INFO - [2025-02-06T16:49:29.624+0000] {dag.py:4180} INFO - Setting next_dagrun for read_dataset_event to 2025-02-05 00:00:00+00:00, run_after=2025-02-06 00:00:00+00:00
[2025-02-06T16:49:29.631+0000] {logging_mixin.py:190} INFO - [2025-02-06T16:49:29.631+0000] {dag.py:4180} INFO - Setting next_dagrun for read_dataset_event_from_classic to 2025-02-05 00:00:00+00:00, run_after=2025-02-06 00:00:00+00:00
[2025-02-06T16:49:29.685+0000] {processor.py:208} INFO - Processing /home/airflow/.local/lib/python3.12/site-packages/airflow/example_dags/example_inlet_event_extra.py took 1.193 seconds
[2025-02-06T16:49:59.984+0000] {processor.py:186} INFO - Started process (PID=1544) to work on /home/airflow/.local/lib/python3.12/site-packages/airflow/example_dags/example_inlet_event_extra.py
[2025-02-06T16:49:59.986+0000] {processor.py:914} INFO - Processing file /home/airflow/.local/lib/python3.12/site-packages/airflow/example_dags/example_inlet_event_extra.py for tasks to queue
[2025-02-06T16:49:59.989+0000] {logging_mixin.py:190} INFO - [2025-02-06T16:49:59.989+0000] {dagbag.py:588} INFO - Filling up the DagBag from /home/airflow/.local/lib/python3.12/site-packages/airflow/example_dags/example_inlet_event_extra.py
[2025-02-06T16:50:00.787+0000] {processor.py:925} INFO - DAG(s) 'read_dataset_event_from_classic', 'read_dataset_event' retrieved from /home/airflow/.local/lib/python3.12/site-packages/airflow/example_dags/example_inlet_event_extra.py
[2025-02-06T16:50:00.812+0000] {logging_mixin.py:190} INFO - [2025-02-06T16:50:00.812+0000] {dag.py:3239} INFO - Sync 2 DAGs
[2025-02-06T16:50:00.843+0000] {logging_mixin.py:190} INFO - [2025-02-06T16:50:00.843+0000] {dag.py:4180} INFO - Setting next_dagrun for read_dataset_event to 2025-02-05 00:00:00+00:00, run_after=2025-02-06 00:00:00+00:00
[2025-02-06T16:50:00.850+0000] {logging_mixin.py:190} INFO - [2025-02-06T16:50:00.850+0000] {dag.py:4180} INFO - Setting next_dagrun for read_dataset_event_from_classic to 2025-02-05 00:00:00+00:00, run_after=2025-02-06 00:00:00+00:00
[2025-02-06T16:50:00.870+0000] {processor.py:208} INFO - Processing /home/airflow/.local/lib/python3.12/site-packages/airflow/example_dags/example_inlet_event_extra.py took 0.895 seconds
[2025-02-06T16:50:31.151+0000] {processor.py:186} INFO - Started process (PID=1601) to work on /home/airflow/.local/lib/python3.12/site-packages/airflow/example_dags/example_inlet_event_extra.py
[2025-02-06T16:50:31.154+0000] {processor.py:914} INFO - Processing file /home/airflow/.local/lib/python3.12/site-packages/airflow/example_dags/example_inlet_event_extra.py for tasks to queue
[2025-02-06T16:50:31.165+0000] {logging_mixin.py:190} INFO - [2025-02-06T16:50:31.164+0000] {dagbag.py:588} INFO - Filling up the DagBag from /home/airflow/.local/lib/python3.12/site-packages/airflow/example_dags/example_inlet_event_extra.py
[2025-02-06T16:50:32.075+0000] {processor.py:925} INFO - DAG(s) 'read_dataset_event_from_classic', 'read_dataset_event' retrieved from /home/airflow/.local/lib/python3.12/site-packages/airflow/example_dags/example_inlet_event_extra.py
[2025-02-06T16:50:32.108+0000] {logging_mixin.py:190} INFO - [2025-02-06T16:50:32.108+0000] {dag.py:3239} INFO - Sync 2 DAGs
[2025-02-06T16:50:32.139+0000] {logging_mixin.py:190} INFO - [2025-02-06T16:50:32.139+0000] {dag.py:4180} INFO - Setting next_dagrun for read_dataset_event to 2025-02-05 00:00:00+00:00, run_after=2025-02-06 00:00:00+00:00
[2025-02-06T16:50:32.146+0000] {logging_mixin.py:190} INFO - [2025-02-06T16:50:32.146+0000] {dag.py:4180} INFO - Setting next_dagrun for read_dataset_event_from_classic to 2025-02-05 00:00:00+00:00, run_after=2025-02-06 00:00:00+00:00
[2025-02-06T16:50:32.175+0000] {processor.py:208} INFO - Processing /home/airflow/.local/lib/python3.12/site-packages/airflow/example_dags/example_inlet_event_extra.py took 1.032 seconds
[2025-02-06T16:51:03.257+0000] {processor.py:186} INFO - Started process (PID=1661) to work on /home/airflow/.local/lib/python3.12/site-packages/airflow/example_dags/example_inlet_event_extra.py
[2025-02-06T16:51:03.259+0000] {processor.py:914} INFO - Processing file /home/airflow/.local/lib/python3.12/site-packages/airflow/example_dags/example_inlet_event_extra.py for tasks to queue
[2025-02-06T16:51:03.262+0000] {logging_mixin.py:190} INFO - [2025-02-06T16:51:03.261+0000] {dagbag.py:588} INFO - Filling up the DagBag from /home/airflow/.local/lib/python3.12/site-packages/airflow/example_dags/example_inlet_event_extra.py
[2025-02-06T16:51:04.627+0000] {processor.py:925} INFO - DAG(s) 'read_dataset_event_from_classic', 'read_dataset_event' retrieved from /home/airflow/.local/lib/python3.12/site-packages/airflow/example_dags/example_inlet_event_extra.py
[2025-02-06T16:51:04.667+0000] {logging_mixin.py:190} INFO - [2025-02-06T16:51:04.666+0000] {dag.py:3239} INFO - Sync 2 DAGs
[2025-02-06T16:51:04.731+0000] {logging_mixin.py:190} INFO - [2025-02-06T16:51:04.731+0000] {dag.py:4180} INFO - Setting next_dagrun for read_dataset_event to 2025-02-05 00:00:00+00:00, run_after=2025-02-06 00:00:00+00:00
[2025-02-06T16:51:04.750+0000] {logging_mixin.py:190} INFO - [2025-02-06T16:51:04.749+0000] {dag.py:4180} INFO - Setting next_dagrun for read_dataset_event_from_classic to 2025-02-05 00:00:00+00:00, run_after=2025-02-06 00:00:00+00:00
[2025-02-06T16:51:04.855+0000] {processor.py:208} INFO - Processing /home/airflow/.local/lib/python3.12/site-packages/airflow/example_dags/example_inlet_event_extra.py took 1.607 seconds
[2025-02-06T16:51:35.703+0000] {processor.py:186} INFO - Started process (PID=1720) to work on /home/airflow/.local/lib/python3.12/site-packages/airflow/example_dags/example_inlet_event_extra.py
[2025-02-06T16:51:35.704+0000] {processor.py:914} INFO - Processing file /home/airflow/.local/lib/python3.12/site-packages/airflow/example_dags/example_inlet_event_extra.py for tasks to queue
[2025-02-06T16:51:35.707+0000] {logging_mixin.py:190} INFO - [2025-02-06T16:51:35.707+0000] {dagbag.py:588} INFO - Filling up the DagBag from /home/airflow/.local/lib/python3.12/site-packages/airflow/example_dags/example_inlet_event_extra.py
[2025-02-06T16:51:36.680+0000] {processor.py:925} INFO - DAG(s) 'read_dataset_event_from_classic', 'read_dataset_event' retrieved from /home/airflow/.local/lib/python3.12/site-packages/airflow/example_dags/example_inlet_event_extra.py
[2025-02-06T16:51:36.782+0000] {logging_mixin.py:190} INFO - [2025-02-06T16:51:36.781+0000] {dag.py:3239} INFO - Sync 2 DAGs
[2025-02-06T16:51:36.910+0000] {logging_mixin.py:190} INFO - [2025-02-06T16:51:36.910+0000] {dag.py:4180} INFO - Setting next_dagrun for read_dataset_event to 2025-02-05 00:00:00+00:00, run_after=2025-02-06 00:00:00+00:00
[2025-02-06T16:51:36.930+0000] {logging_mixin.py:190} INFO - [2025-02-06T16:51:36.922+0000] {dag.py:4180} INFO - Setting next_dagrun for read_dataset_event_from_classic to 2025-02-05 00:00:00+00:00, run_after=2025-02-06 00:00:00+00:00
[2025-02-06T16:51:36.985+0000] {processor.py:208} INFO - Processing /home/airflow/.local/lib/python3.12/site-packages/airflow/example_dags/example_inlet_event_extra.py took 1.291 seconds
[2025-02-06T16:52:07.410+0000] {processor.py:186} INFO - Started process (PID=1782) to work on /home/airflow/.local/lib/python3.12/site-packages/airflow/example_dags/example_inlet_event_extra.py
[2025-02-06T16:52:07.411+0000] {processor.py:914} INFO - Processing file /home/airflow/.local/lib/python3.12/site-packages/airflow/example_dags/example_inlet_event_extra.py for tasks to queue
[2025-02-06T16:52:07.414+0000] {logging_mixin.py:190} INFO - [2025-02-06T16:52:07.413+0000] {dagbag.py:588} INFO - Filling up the DagBag from /home/airflow/.local/lib/python3.12/site-packages/airflow/example_dags/example_inlet_event_extra.py
[2025-02-06T16:52:08.198+0000] {processor.py:925} INFO - DAG(s) 'read_dataset_event', 'read_dataset_event_from_classic' retrieved from /home/airflow/.local/lib/python3.12/site-packages/airflow/example_dags/example_inlet_event_extra.py
[2025-02-06T16:52:08.226+0000] {logging_mixin.py:190} INFO - [2025-02-06T16:52:08.226+0000] {dag.py:3239} INFO - Sync 2 DAGs
[2025-02-06T16:52:08.259+0000] {logging_mixin.py:190} INFO - [2025-02-06T16:52:08.258+0000] {dag.py:4180} INFO - Setting next_dagrun for read_dataset_event to 2025-02-05 00:00:00+00:00, run_after=2025-02-06 00:00:00+00:00
[2025-02-06T16:52:08.266+0000] {logging_mixin.py:190} INFO - [2025-02-06T16:52:08.265+0000] {dag.py:4180} INFO - Setting next_dagrun for read_dataset_event_from_classic to 2025-02-05 00:00:00+00:00, run_after=2025-02-06 00:00:00+00:00
[2025-02-06T16:52:08.290+0000] {processor.py:208} INFO - Processing /home/airflow/.local/lib/python3.12/site-packages/airflow/example_dags/example_inlet_event_extra.py took 0.889 seconds
[2025-02-06T16:52:38.444+0000] {processor.py:186} INFO - Started process (PID=1839) to work on /home/airflow/.local/lib/python3.12/site-packages/airflow/example_dags/example_inlet_event_extra.py
[2025-02-06T16:52:38.445+0000] {processor.py:914} INFO - Processing file /home/airflow/.local/lib/python3.12/site-packages/airflow/example_dags/example_inlet_event_extra.py for tasks to queue
[2025-02-06T16:52:38.449+0000] {logging_mixin.py:190} INFO - [2025-02-06T16:52:38.449+0000] {dagbag.py:588} INFO - Filling up the DagBag from /home/airflow/.local/lib/python3.12/site-packages/airflow/example_dags/example_inlet_event_extra.py
[2025-02-06T16:52:39.219+0000] {processor.py:925} INFO - DAG(s) 'read_dataset_event_from_classic', 'read_dataset_event' retrieved from /home/airflow/.local/lib/python3.12/site-packages/airflow/example_dags/example_inlet_event_extra.py
[2025-02-06T16:52:39.247+0000] {logging_mixin.py:190} INFO - [2025-02-06T16:52:39.247+0000] {dag.py:3239} INFO - Sync 2 DAGs
[2025-02-06T16:52:39.277+0000] {logging_mixin.py:190} INFO - [2025-02-06T16:52:39.277+0000] {dag.py:4180} INFO - Setting next_dagrun for read_dataset_event to 2025-02-05 00:00:00+00:00, run_after=2025-02-06 00:00:00+00:00
[2025-02-06T16:52:39.284+0000] {logging_mixin.py:190} INFO - [2025-02-06T16:52:39.283+0000] {dag.py:4180} INFO - Setting next_dagrun for read_dataset_event_from_classic to 2025-02-05 00:00:00+00:00, run_after=2025-02-06 00:00:00+00:00
[2025-02-06T16:52:39.304+0000] {processor.py:208} INFO - Processing /home/airflow/.local/lib/python3.12/site-packages/airflow/example_dags/example_inlet_event_extra.py took 0.868 seconds
[2025-02-06T16:53:09.424+0000] {processor.py:186} INFO - Started process (PID=1900) to work on /home/airflow/.local/lib/python3.12/site-packages/airflow/example_dags/example_inlet_event_extra.py
[2025-02-06T16:53:09.425+0000] {processor.py:914} INFO - Processing file /home/airflow/.local/lib/python3.12/site-packages/airflow/example_dags/example_inlet_event_extra.py for tasks to queue
[2025-02-06T16:53:09.430+0000] {logging_mixin.py:190} INFO - [2025-02-06T16:53:09.430+0000] {dagbag.py:588} INFO - Filling up the DagBag from /home/airflow/.local/lib/python3.12/site-packages/airflow/example_dags/example_inlet_event_extra.py
[2025-02-06T16:53:10.236+0000] {processor.py:925} INFO - DAG(s) 'read_dataset_event_from_classic', 'read_dataset_event' retrieved from /home/airflow/.local/lib/python3.12/site-packages/airflow/example_dags/example_inlet_event_extra.py
[2025-02-06T16:53:10.260+0000] {logging_mixin.py:190} INFO - [2025-02-06T16:53:10.260+0000] {dag.py:3239} INFO - Sync 2 DAGs
[2025-02-06T16:53:10.289+0000] {logging_mixin.py:190} INFO - [2025-02-06T16:53:10.288+0000] {dag.py:4180} INFO - Setting next_dagrun for read_dataset_event to 2025-02-05 00:00:00+00:00, run_after=2025-02-06 00:00:00+00:00
[2025-02-06T16:53:10.295+0000] {logging_mixin.py:190} INFO - [2025-02-06T16:53:10.295+0000] {dag.py:4180} INFO - Setting next_dagrun for read_dataset_event_from_classic to 2025-02-05 00:00:00+00:00, run_after=2025-02-06 00:00:00+00:00
[2025-02-06T16:53:10.314+0000] {processor.py:208} INFO - Processing /home/airflow/.local/lib/python3.12/site-packages/airflow/example_dags/example_inlet_event_extra.py took 0.904 seconds
[2025-02-06T16:53:40.530+0000] {processor.py:186} INFO - Started process (PID=1958) to work on /home/airflow/.local/lib/python3.12/site-packages/airflow/example_dags/example_inlet_event_extra.py
[2025-02-06T16:53:40.532+0000] {processor.py:914} INFO - Processing file /home/airflow/.local/lib/python3.12/site-packages/airflow/example_dags/example_inlet_event_extra.py for tasks to queue
[2025-02-06T16:53:40.535+0000] {logging_mixin.py:190} INFO - [2025-02-06T16:53:40.535+0000] {dagbag.py:588} INFO - Filling up the DagBag from /home/airflow/.local/lib/python3.12/site-packages/airflow/example_dags/example_inlet_event_extra.py
[2025-02-06T16:53:41.251+0000] {processor.py:925} INFO - DAG(s) 'read_dataset_event_from_classic', 'read_dataset_event' retrieved from /home/airflow/.local/lib/python3.12/site-packages/airflow/example_dags/example_inlet_event_extra.py
[2025-02-06T16:53:41.286+0000] {logging_mixin.py:190} INFO - [2025-02-06T16:53:41.285+0000] {dag.py:3239} INFO - Sync 2 DAGs
[2025-02-06T16:53:41.325+0000] {logging_mixin.py:190} INFO - [2025-02-06T16:53:41.325+0000] {dag.py:4180} INFO - Setting next_dagrun for read_dataset_event to 2025-02-05 00:00:00+00:00, run_after=2025-02-06 00:00:00+00:00
[2025-02-06T16:53:41.333+0000] {logging_mixin.py:190} INFO - [2025-02-06T16:53:41.333+0000] {dag.py:4180} INFO - Setting next_dagrun for read_dataset_event_from_classic to 2025-02-05 00:00:00+00:00, run_after=2025-02-06 00:00:00+00:00
[2025-02-06T16:53:41.360+0000] {processor.py:208} INFO - Processing /home/airflow/.local/lib/python3.12/site-packages/airflow/example_dags/example_inlet_event_extra.py took 0.837 seconds
[2025-02-06T16:54:11.531+0000] {processor.py:186} INFO - Started process (PID=2015) to work on /home/airflow/.local/lib/python3.12/site-packages/airflow/example_dags/example_inlet_event_extra.py
[2025-02-06T16:54:11.533+0000] {processor.py:914} INFO - Processing file /home/airflow/.local/lib/python3.12/site-packages/airflow/example_dags/example_inlet_event_extra.py for tasks to queue
[2025-02-06T16:54:11.536+0000] {logging_mixin.py:190} INFO - [2025-02-06T16:54:11.535+0000] {dagbag.py:588} INFO - Filling up the DagBag from /home/airflow/.local/lib/python3.12/site-packages/airflow/example_dags/example_inlet_event_extra.py
[2025-02-06T16:54:12.287+0000] {processor.py:925} INFO - DAG(s) 'read_dataset_event', 'read_dataset_event_from_classic' retrieved from /home/airflow/.local/lib/python3.12/site-packages/airflow/example_dags/example_inlet_event_extra.py
[2025-02-06T16:54:12.312+0000] {logging_mixin.py:190} INFO - [2025-02-06T16:54:12.312+0000] {dag.py:3239} INFO - Sync 2 DAGs
[2025-02-06T16:54:12.345+0000] {logging_mixin.py:190} INFO - [2025-02-06T16:54:12.345+0000] {dag.py:4180} INFO - Setting next_dagrun for read_dataset_event to 2025-02-05 00:00:00+00:00, run_after=2025-02-06 00:00:00+00:00
[2025-02-06T16:54:12.355+0000] {logging_mixin.py:190} INFO - [2025-02-06T16:54:12.354+0000] {dag.py:4180} INFO - Setting next_dagrun for read_dataset_event_from_classic to 2025-02-05 00:00:00+00:00, run_after=2025-02-06 00:00:00+00:00
[2025-02-06T16:54:12.376+0000] {processor.py:208} INFO - Processing /home/airflow/.local/lib/python3.12/site-packages/airflow/example_dags/example_inlet_event_extra.py took 0.852 seconds
[2025-02-06T16:54:42.866+0000] {processor.py:186} INFO - Started process (PID=2072) to work on /home/airflow/.local/lib/python3.12/site-packages/airflow/example_dags/example_inlet_event_extra.py
[2025-02-06T16:54:42.867+0000] {processor.py:914} INFO - Processing file /home/airflow/.local/lib/python3.12/site-packages/airflow/example_dags/example_inlet_event_extra.py for tasks to queue
[2025-02-06T16:54:42.871+0000] {logging_mixin.py:190} INFO - [2025-02-06T16:54:42.870+0000] {dagbag.py:588} INFO - Filling up the DagBag from /home/airflow/.local/lib/python3.12/site-packages/airflow/example_dags/example_inlet_event_extra.py
[2025-02-06T16:54:43.597+0000] {processor.py:925} INFO - DAG(s) 'read_dataset_event', 'read_dataset_event_from_classic' retrieved from /home/airflow/.local/lib/python3.12/site-packages/airflow/example_dags/example_inlet_event_extra.py
[2025-02-06T16:54:43.625+0000] {logging_mixin.py:190} INFO - [2025-02-06T16:54:43.625+0000] {dag.py:3239} INFO - Sync 2 DAGs
[2025-02-06T16:54:43.659+0000] {logging_mixin.py:190} INFO - [2025-02-06T16:54:43.658+0000] {dag.py:4180} INFO - Setting next_dagrun for read_dataset_event to 2025-02-05 00:00:00+00:00, run_after=2025-02-06 00:00:00+00:00
[2025-02-06T16:54:43.666+0000] {logging_mixin.py:190} INFO - [2025-02-06T16:54:43.666+0000] {dag.py:4180} INFO - Setting next_dagrun for read_dataset_event_from_classic to 2025-02-05 00:00:00+00:00, run_after=2025-02-06 00:00:00+00:00
[2025-02-06T16:54:43.695+0000] {processor.py:208} INFO - Processing /home/airflow/.local/lib/python3.12/site-packages/airflow/example_dags/example_inlet_event_extra.py took 0.837 seconds
[2025-02-06T16:55:13.997+0000] {processor.py:186} INFO - Started process (PID=2129) to work on /home/airflow/.local/lib/python3.12/site-packages/airflow/example_dags/example_inlet_event_extra.py
[2025-02-06T16:55:13.998+0000] {processor.py:914} INFO - Processing file /home/airflow/.local/lib/python3.12/site-packages/airflow/example_dags/example_inlet_event_extra.py for tasks to queue
[2025-02-06T16:55:14.001+0000] {logging_mixin.py:190} INFO - [2025-02-06T16:55:14.001+0000] {dagbag.py:588} INFO - Filling up the DagBag from /home/airflow/.local/lib/python3.12/site-packages/airflow/example_dags/example_inlet_event_extra.py
[2025-02-06T16:55:14.747+0000] {processor.py:925} INFO - DAG(s) 'read_dataset_event_from_classic', 'read_dataset_event' retrieved from /home/airflow/.local/lib/python3.12/site-packages/airflow/example_dags/example_inlet_event_extra.py
[2025-02-06T16:55:14.779+0000] {logging_mixin.py:190} INFO - [2025-02-06T16:55:14.779+0000] {dag.py:3239} INFO - Sync 2 DAGs
[2025-02-06T16:55:14.814+0000] {logging_mixin.py:190} INFO - [2025-02-06T16:55:14.814+0000] {dag.py:4180} INFO - Setting next_dagrun for read_dataset_event to 2025-02-05 00:00:00+00:00, run_after=2025-02-06 00:00:00+00:00
[2025-02-06T16:55:14.823+0000] {logging_mixin.py:190} INFO - [2025-02-06T16:55:14.822+0000] {dag.py:4180} INFO - Setting next_dagrun for read_dataset_event_from_classic to 2025-02-05 00:00:00+00:00, run_after=2025-02-06 00:00:00+00:00
[2025-02-06T16:55:14.850+0000] {processor.py:208} INFO - Processing /home/airflow/.local/lib/python3.12/site-packages/airflow/example_dags/example_inlet_event_extra.py took 0.860 seconds
[2025-02-06T17:23:26.281+0000] {processor.py:186} INFO - Started process (PID=38) to work on /home/airflow/.local/lib/python3.12/site-packages/airflow/example_dags/example_inlet_event_extra.py
[2025-02-06T17:23:26.283+0000] {processor.py:914} INFO - Processing file /home/airflow/.local/lib/python3.12/site-packages/airflow/example_dags/example_inlet_event_extra.py for tasks to queue
[2025-02-06T17:23:26.287+0000] {logging_mixin.py:190} INFO - [2025-02-06T17:23:26.286+0000] {dagbag.py:588} INFO - Filling up the DagBag from /home/airflow/.local/lib/python3.12/site-packages/airflow/example_dags/example_inlet_event_extra.py
[2025-02-06T17:23:29.340+0000] {processor.py:925} INFO - DAG(s) 'read_dataset_event_from_classic', 'read_dataset_event' retrieved from /home/airflow/.local/lib/python3.12/site-packages/airflow/example_dags/example_inlet_event_extra.py
[2025-02-06T17:23:29.503+0000] {logging_mixin.py:190} INFO - [2025-02-06T17:23:29.502+0000] {override.py:1911} INFO - Created Permission View: can delete on DAG:read_dataset_event_from_classic
[2025-02-06T17:23:29.517+0000] {logging_mixin.py:190} INFO - [2025-02-06T17:23:29.517+0000] {override.py:1911} INFO - Created Permission View: can read on DAG:read_dataset_event_from_classic
[2025-02-06T17:23:29.530+0000] {logging_mixin.py:190} INFO - [2025-02-06T17:23:29.529+0000] {override.py:1911} INFO - Created Permission View: can edit on DAG:read_dataset_event_from_classic
[2025-02-06T17:23:29.544+0000] {logging_mixin.py:190} INFO - [2025-02-06T17:23:29.543+0000] {override.py:1911} INFO - Created Permission View: menu access on DAG Run:read_dataset_event_from_classic
[2025-02-06T17:23:29.559+0000] {logging_mixin.py:190} INFO - [2025-02-06T17:23:29.558+0000] {override.py:1911} INFO - Created Permission View: can delete on DAG Run:read_dataset_event_from_classic
[2025-02-06T17:23:29.571+0000] {logging_mixin.py:190} INFO - [2025-02-06T17:23:29.570+0000] {override.py:1911} INFO - Created Permission View: can create on DAG Run:read_dataset_event_from_classic
[2025-02-06T17:23:29.581+0000] {logging_mixin.py:190} INFO - [2025-02-06T17:23:29.580+0000] {override.py:1911} INFO - Created Permission View: can read on DAG Run:read_dataset_event_from_classic
[2025-02-06T17:23:29.601+0000] {logging_mixin.py:190} INFO - [2025-02-06T17:23:29.600+0000] {override.py:1911} INFO - Created Permission View: can delete on DAG:read_dataset_event
[2025-02-06T17:23:29.610+0000] {logging_mixin.py:190} INFO - [2025-02-06T17:23:29.610+0000] {override.py:1911} INFO - Created Permission View: can read on DAG:read_dataset_event
[2025-02-06T17:23:29.620+0000] {logging_mixin.py:190} INFO - [2025-02-06T17:23:29.619+0000] {override.py:1911} INFO - Created Permission View: can edit on DAG:read_dataset_event
[2025-02-06T17:23:29.632+0000] {logging_mixin.py:190} INFO - [2025-02-06T17:23:29.632+0000] {override.py:1911} INFO - Created Permission View: menu access on DAG Run:read_dataset_event
[2025-02-06T17:23:29.642+0000] {logging_mixin.py:190} INFO - [2025-02-06T17:23:29.642+0000] {override.py:1911} INFO - Created Permission View: can delete on DAG Run:read_dataset_event
[2025-02-06T17:23:29.653+0000] {logging_mixin.py:190} INFO - [2025-02-06T17:23:29.653+0000] {override.py:1911} INFO - Created Permission View: can create on DAG Run:read_dataset_event
[2025-02-06T17:23:29.665+0000] {logging_mixin.py:190} INFO - [2025-02-06T17:23:29.664+0000] {override.py:1911} INFO - Created Permission View: can read on DAG Run:read_dataset_event
[2025-02-06T17:23:29.666+0000] {logging_mixin.py:190} INFO - [2025-02-06T17:23:29.665+0000] {dag.py:3239} INFO - Sync 2 DAGs
[2025-02-06T17:23:29.686+0000] {logging_mixin.py:190} INFO - [2025-02-06T17:23:29.685+0000] {dag.py:3262} INFO - Creating ORM DAG for read_dataset_event
[2025-02-06T17:23:29.687+0000] {logging_mixin.py:190} INFO - [2025-02-06T17:23:29.687+0000] {dag.py:3262} INFO - Creating ORM DAG for read_dataset_event_from_classic
[2025-02-06T17:23:29.704+0000] {logging_mixin.py:190} INFO - [2025-02-06T17:23:29.704+0000] {dag.py:4180} INFO - Setting next_dagrun for read_dataset_event to 2025-02-05 00:00:00+00:00, run_after=2025-02-06 00:00:00+00:00
[2025-02-06T17:23:29.708+0000] {logging_mixin.py:190} INFO - [2025-02-06T17:23:29.708+0000] {dag.py:4180} INFO - Setting next_dagrun for read_dataset_event_from_classic to 2025-02-05 00:00:00+00:00, run_after=2025-02-06 00:00:00+00:00
[2025-02-06T17:23:29.740+0000] {processor.py:208} INFO - Processing /home/airflow/.local/lib/python3.12/site-packages/airflow/example_dags/example_inlet_event_extra.py took 3.467 seconds
[2025-02-06T17:24:00.741+0000] {processor.py:186} INFO - Started process (PID=100) to work on /home/airflow/.local/lib/python3.12/site-packages/airflow/example_dags/example_inlet_event_extra.py
[2025-02-06T17:24:00.742+0000] {processor.py:914} INFO - Processing file /home/airflow/.local/lib/python3.12/site-packages/airflow/example_dags/example_inlet_event_extra.py for tasks to queue
[2025-02-06T17:24:00.746+0000] {logging_mixin.py:190} INFO - [2025-02-06T17:24:00.745+0000] {dagbag.py:588} INFO - Filling up the DagBag from /home/airflow/.local/lib/python3.12/site-packages/airflow/example_dags/example_inlet_event_extra.py
[2025-02-06T17:24:01.995+0000] {processor.py:925} INFO - DAG(s) 'read_dataset_event_from_classic', 'read_dataset_event' retrieved from /home/airflow/.local/lib/python3.12/site-packages/airflow/example_dags/example_inlet_event_extra.py
[2025-02-06T17:24:02.039+0000] {logging_mixin.py:190} INFO - [2025-02-06T17:24:02.039+0000] {dag.py:3239} INFO - Sync 2 DAGs
[2025-02-06T17:24:02.078+0000] {logging_mixin.py:190} INFO - [2025-02-06T17:24:02.078+0000] {dag.py:4180} INFO - Setting next_dagrun for read_dataset_event to 2025-02-05 00:00:00+00:00, run_after=2025-02-06 00:00:00+00:00
[2025-02-06T17:24:02.086+0000] {logging_mixin.py:190} INFO - [2025-02-06T17:24:02.086+0000] {dag.py:4180} INFO - Setting next_dagrun for read_dataset_event_from_classic to 2025-02-05 00:00:00+00:00, run_after=2025-02-06 00:00:00+00:00
[2025-02-06T17:24:02.107+0000] {processor.py:208} INFO - Processing /home/airflow/.local/lib/python3.12/site-packages/airflow/example_dags/example_inlet_event_extra.py took 1.373 seconds
[2025-02-06T17:24:32.638+0000] {processor.py:186} INFO - Started process (PID=161) to work on /home/airflow/.local/lib/python3.12/site-packages/airflow/example_dags/example_inlet_event_extra.py
[2025-02-06T17:24:32.639+0000] {processor.py:914} INFO - Processing file /home/airflow/.local/lib/python3.12/site-packages/airflow/example_dags/example_inlet_event_extra.py for tasks to queue
[2025-02-06T17:24:32.642+0000] {logging_mixin.py:190} INFO - [2025-02-06T17:24:32.642+0000] {dagbag.py:588} INFO - Filling up the DagBag from /home/airflow/.local/lib/python3.12/site-packages/airflow/example_dags/example_inlet_event_extra.py
[2025-02-06T17:24:35.030+0000] {processor.py:925} INFO - DAG(s) 'read_dataset_event', 'read_dataset_event_from_classic' retrieved from /home/airflow/.local/lib/python3.12/site-packages/airflow/example_dags/example_inlet_event_extra.py
[2025-02-06T17:24:35.146+0000] {logging_mixin.py:190} INFO - [2025-02-06T17:24:35.145+0000] {dag.py:3239} INFO - Sync 2 DAGs
[2025-02-06T17:24:35.278+0000] {logging_mixin.py:190} INFO - [2025-02-06T17:24:35.277+0000] {dag.py:4180} INFO - Setting next_dagrun for read_dataset_event to 2025-02-05 00:00:00+00:00, run_after=2025-02-06 00:00:00+00:00
[2025-02-06T17:24:35.295+0000] {logging_mixin.py:190} INFO - [2025-02-06T17:24:35.294+0000] {dag.py:4180} INFO - Setting next_dagrun for read_dataset_event_from_classic to 2025-02-05 00:00:00+00:00, run_after=2025-02-06 00:00:00+00:00
[2025-02-06T17:24:35.341+0000] {processor.py:208} INFO - Processing /home/airflow/.local/lib/python3.12/site-packages/airflow/example_dags/example_inlet_event_extra.py took 2.720 seconds
[2025-02-06T17:25:05.523+0000] {processor.py:186} INFO - Started process (PID=224) to work on /home/airflow/.local/lib/python3.12/site-packages/airflow/example_dags/example_inlet_event_extra.py
[2025-02-06T17:25:05.525+0000] {processor.py:914} INFO - Processing file /home/airflow/.local/lib/python3.12/site-packages/airflow/example_dags/example_inlet_event_extra.py for tasks to queue
[2025-02-06T17:25:05.528+0000] {logging_mixin.py:190} INFO - [2025-02-06T17:25:05.527+0000] {dagbag.py:588} INFO - Filling up the DagBag from /home/airflow/.local/lib/python3.12/site-packages/airflow/example_dags/example_inlet_event_extra.py
[2025-02-06T17:25:06.386+0000] {processor.py:925} INFO - DAG(s) 'read_dataset_event_from_classic', 'read_dataset_event' retrieved from /home/airflow/.local/lib/python3.12/site-packages/airflow/example_dags/example_inlet_event_extra.py
[2025-02-06T17:25:06.410+0000] {logging_mixin.py:190} INFO - [2025-02-06T17:25:06.410+0000] {dag.py:3239} INFO - Sync 2 DAGs
[2025-02-06T17:25:06.443+0000] {logging_mixin.py:190} INFO - [2025-02-06T17:25:06.442+0000] {dag.py:4180} INFO - Setting next_dagrun for read_dataset_event to 2025-02-05 00:00:00+00:00, run_after=2025-02-06 00:00:00+00:00
[2025-02-06T17:25:06.450+0000] {logging_mixin.py:190} INFO - [2025-02-06T17:25:06.449+0000] {dag.py:4180} INFO - Setting next_dagrun for read_dataset_event_from_classic to 2025-02-05 00:00:00+00:00, run_after=2025-02-06 00:00:00+00:00
[2025-02-06T17:25:06.471+0000] {processor.py:208} INFO - Processing /home/airflow/.local/lib/python3.12/site-packages/airflow/example_dags/example_inlet_event_extra.py took 0.956 seconds
[2025-02-06T17:25:37.239+0000] {processor.py:186} INFO - Started process (PID=281) to work on /home/airflow/.local/lib/python3.12/site-packages/airflow/example_dags/example_inlet_event_extra.py
[2025-02-06T17:25:37.240+0000] {processor.py:914} INFO - Processing file /home/airflow/.local/lib/python3.12/site-packages/airflow/example_dags/example_inlet_event_extra.py for tasks to queue
[2025-02-06T17:25:37.244+0000] {logging_mixin.py:190} INFO - [2025-02-06T17:25:37.243+0000] {dagbag.py:588} INFO - Filling up the DagBag from /home/airflow/.local/lib/python3.12/site-packages/airflow/example_dags/example_inlet_event_extra.py
[2025-02-06T17:25:38.182+0000] {processor.py:925} INFO - DAG(s) 'read_dataset_event_from_classic', 'read_dataset_event' retrieved from /home/airflow/.local/lib/python3.12/site-packages/airflow/example_dags/example_inlet_event_extra.py
[2025-02-06T17:25:38.214+0000] {logging_mixin.py:190} INFO - [2025-02-06T17:25:38.213+0000] {dag.py:3239} INFO - Sync 2 DAGs
[2025-02-06T17:25:38.247+0000] {logging_mixin.py:190} INFO - [2025-02-06T17:25:38.247+0000] {dag.py:4180} INFO - Setting next_dagrun for read_dataset_event to 2025-02-05 00:00:00+00:00, run_after=2025-02-06 00:00:00+00:00
[2025-02-06T17:25:38.255+0000] {logging_mixin.py:190} INFO - [2025-02-06T17:25:38.255+0000] {dag.py:4180} INFO - Setting next_dagrun for read_dataset_event_from_classic to 2025-02-05 00:00:00+00:00, run_after=2025-02-06 00:00:00+00:00
[2025-02-06T17:25:38.277+0000] {processor.py:208} INFO - Processing /home/airflow/.local/lib/python3.12/site-packages/airflow/example_dags/example_inlet_event_extra.py took 1.045 seconds
[2025-02-06T17:26:08.476+0000] {processor.py:186} INFO - Started process (PID=338) to work on /home/airflow/.local/lib/python3.12/site-packages/airflow/example_dags/example_inlet_event_extra.py
[2025-02-06T17:26:08.477+0000] {processor.py:914} INFO - Processing file /home/airflow/.local/lib/python3.12/site-packages/airflow/example_dags/example_inlet_event_extra.py for tasks to queue
[2025-02-06T17:26:08.480+0000] {logging_mixin.py:190} INFO - [2025-02-06T17:26:08.480+0000] {dagbag.py:588} INFO - Filling up the DagBag from /home/airflow/.local/lib/python3.12/site-packages/airflow/example_dags/example_inlet_event_extra.py
[2025-02-06T17:26:09.171+0000] {processor.py:925} INFO - DAG(s) 'read_dataset_event_from_classic', 'read_dataset_event' retrieved from /home/airflow/.local/lib/python3.12/site-packages/airflow/example_dags/example_inlet_event_extra.py
[2025-02-06T17:26:09.196+0000] {logging_mixin.py:190} INFO - [2025-02-06T17:26:09.196+0000] {dag.py:3239} INFO - Sync 2 DAGs
[2025-02-06T17:26:09.226+0000] {logging_mixin.py:190} INFO - [2025-02-06T17:26:09.226+0000] {dag.py:4180} INFO - Setting next_dagrun for read_dataset_event to 2025-02-05 00:00:00+00:00, run_after=2025-02-06 00:00:00+00:00
[2025-02-06T17:26:09.233+0000] {logging_mixin.py:190} INFO - [2025-02-06T17:26:09.233+0000] {dag.py:4180} INFO - Setting next_dagrun for read_dataset_event_from_classic to 2025-02-05 00:00:00+00:00, run_after=2025-02-06 00:00:00+00:00
[2025-02-06T17:26:09.261+0000] {processor.py:208} INFO - Processing /home/airflow/.local/lib/python3.12/site-packages/airflow/example_dags/example_inlet_event_extra.py took 0.793 seconds
[2025-02-06T17:29:01.396+0000] {processor.py:186} INFO - Started process (PID=37) to work on /home/airflow/.local/lib/python3.12/site-packages/airflow/example_dags/example_inlet_event_extra.py
[2025-02-06T17:29:01.399+0000] {processor.py:914} INFO - Processing file /home/airflow/.local/lib/python3.12/site-packages/airflow/example_dags/example_inlet_event_extra.py for tasks to queue
[2025-02-06T17:29:01.406+0000] {logging_mixin.py:190} INFO - [2025-02-06T17:29:01.405+0000] {dagbag.py:588} INFO - Filling up the DagBag from /home/airflow/.local/lib/python3.12/site-packages/airflow/example_dags/example_inlet_event_extra.py
[2025-02-06T17:29:09.095+0000] {processor.py:925} INFO - DAG(s) 'read_dataset_event', 'read_dataset_event_from_classic' retrieved from /home/airflow/.local/lib/python3.12/site-packages/airflow/example_dags/example_inlet_event_extra.py
[2025-02-06T17:29:09.412+0000] {logging_mixin.py:190} INFO - [2025-02-06T17:29:09.410+0000] {override.py:1911} INFO - Created Permission View: can read on DAG:read_dataset_event
[2025-02-06T17:29:09.437+0000] {logging_mixin.py:190} INFO - [2025-02-06T17:29:09.436+0000] {override.py:1911} INFO - Created Permission View: can edit on DAG:read_dataset_event
[2025-02-06T17:29:09.452+0000] {logging_mixin.py:190} INFO - [2025-02-06T17:29:09.451+0000] {override.py:1911} INFO - Created Permission View: can delete on DAG:read_dataset_event
[2025-02-06T17:29:09.470+0000] {logging_mixin.py:190} INFO - [2025-02-06T17:29:09.470+0000] {override.py:1911} INFO - Created Permission View: can read on DAG Run:read_dataset_event
[2025-02-06T17:29:09.496+0000] {logging_mixin.py:190} INFO - [2025-02-06T17:29:09.495+0000] {override.py:1911} INFO - Created Permission View: menu access on DAG Run:read_dataset_event
[2025-02-06T17:29:09.516+0000] {logging_mixin.py:190} INFO - [2025-02-06T17:29:09.515+0000] {override.py:1911} INFO - Created Permission View: can delete on DAG Run:read_dataset_event
[2025-02-06T17:29:09.539+0000] {logging_mixin.py:190} INFO - [2025-02-06T17:29:09.538+0000] {override.py:1911} INFO - Created Permission View: can create on DAG Run:read_dataset_event
[2025-02-06T17:29:09.589+0000] {logging_mixin.py:190} INFO - [2025-02-06T17:29:09.588+0000] {override.py:1911} INFO - Created Permission View: can read on DAG:read_dataset_event_from_classic
[2025-02-06T17:29:09.602+0000] {logging_mixin.py:190} INFO - [2025-02-06T17:29:09.601+0000] {override.py:1911} INFO - Created Permission View: can edit on DAG:read_dataset_event_from_classic
[2025-02-06T17:29:09.618+0000] {logging_mixin.py:190} INFO - [2025-02-06T17:29:09.617+0000] {override.py:1911} INFO - Created Permission View: can delete on DAG:read_dataset_event_from_classic
[2025-02-06T17:29:09.637+0000] {logging_mixin.py:190} INFO - [2025-02-06T17:29:09.636+0000] {override.py:1911} INFO - Created Permission View: can read on DAG Run:read_dataset_event_from_classic
[2025-02-06T17:29:09.655+0000] {logging_mixin.py:190} INFO - [2025-02-06T17:29:09.654+0000] {override.py:1911} INFO - Created Permission View: menu access on DAG Run:read_dataset_event_from_classic
[2025-02-06T17:29:09.671+0000] {logging_mixin.py:190} INFO - [2025-02-06T17:29:09.670+0000] {override.py:1911} INFO - Created Permission View: can delete on DAG Run:read_dataset_event_from_classic
[2025-02-06T17:29:09.687+0000] {logging_mixin.py:190} INFO - [2025-02-06T17:29:09.686+0000] {override.py:1911} INFO - Created Permission View: can create on DAG Run:read_dataset_event_from_classic
[2025-02-06T17:29:09.688+0000] {logging_mixin.py:190} INFO - [2025-02-06T17:29:09.688+0000] {dag.py:3239} INFO - Sync 2 DAGs
[2025-02-06T17:29:09.718+0000] {logging_mixin.py:190} INFO - [2025-02-06T17:29:09.716+0000] {dag.py:3262} INFO - Creating ORM DAG for read_dataset_event
[2025-02-06T17:29:09.721+0000] {logging_mixin.py:190} INFO - [2025-02-06T17:29:09.720+0000] {dag.py:3262} INFO - Creating ORM DAG for read_dataset_event_from_classic
[2025-02-06T17:29:09.743+0000] {logging_mixin.py:190} INFO - [2025-02-06T17:29:09.743+0000] {dag.py:4180} INFO - Setting next_dagrun for read_dataset_event to 2025-02-05 00:00:00+00:00, run_after=2025-02-06 00:00:00+00:00
[2025-02-06T17:29:09.747+0000] {logging_mixin.py:190} INFO - [2025-02-06T17:29:09.747+0000] {dag.py:4180} INFO - Setting next_dagrun for read_dataset_event_from_classic to 2025-02-05 00:00:00+00:00, run_after=2025-02-06 00:00:00+00:00
[2025-02-06T17:29:09.819+0000] {processor.py:208} INFO - Processing /home/airflow/.local/lib/python3.12/site-packages/airflow/example_dags/example_inlet_event_extra.py took 8.441 seconds
[2025-02-06T17:29:46.494+0000] {processor.py:186} INFO - Started process (PID=94) to work on /home/airflow/.local/lib/python3.12/site-packages/airflow/example_dags/example_inlet_event_extra.py
[2025-02-06T17:29:46.497+0000] {processor.py:914} INFO - Processing file /home/airflow/.local/lib/python3.12/site-packages/airflow/example_dags/example_inlet_event_extra.py for tasks to queue
[2025-02-06T17:29:46.505+0000] {logging_mixin.py:190} INFO - [2025-02-06T17:29:46.504+0000] {dagbag.py:588} INFO - Filling up the DagBag from /home/airflow/.local/lib/python3.12/site-packages/airflow/example_dags/example_inlet_event_extra.py
[2025-02-06T17:29:48.915+0000] {processor.py:925} INFO - DAG(s) 'read_dataset_event', 'read_dataset_event_from_classic' retrieved from /home/airflow/.local/lib/python3.12/site-packages/airflow/example_dags/example_inlet_event_extra.py
[2025-02-06T17:29:49.027+0000] {logging_mixin.py:190} INFO - [2025-02-06T17:29:49.026+0000] {dag.py:3239} INFO - Sync 2 DAGs
[2025-02-06T17:29:49.126+0000] {logging_mixin.py:190} INFO - [2025-02-06T17:29:49.125+0000] {dag.py:4180} INFO - Setting next_dagrun for read_dataset_event to 2025-02-05 00:00:00+00:00, run_after=2025-02-06 00:00:00+00:00
[2025-02-06T17:29:49.147+0000] {logging_mixin.py:190} INFO - [2025-02-06T17:29:49.146+0000] {dag.py:4180} INFO - Setting next_dagrun for read_dataset_event_from_classic to 2025-02-05 00:00:00+00:00, run_after=2025-02-06 00:00:00+00:00
[2025-02-06T17:29:49.235+0000] {processor.py:208} INFO - Processing /home/airflow/.local/lib/python3.12/site-packages/airflow/example_dags/example_inlet_event_extra.py took 2.763 seconds
[2025-02-06T17:30:19.495+0000] {processor.py:186} INFO - Started process (PID=154) to work on /home/airflow/.local/lib/python3.12/site-packages/airflow/example_dags/example_inlet_event_extra.py
[2025-02-06T17:30:19.497+0000] {processor.py:914} INFO - Processing file /home/airflow/.local/lib/python3.12/site-packages/airflow/example_dags/example_inlet_event_extra.py for tasks to queue
[2025-02-06T17:30:19.500+0000] {logging_mixin.py:190} INFO - [2025-02-06T17:30:19.500+0000] {dagbag.py:588} INFO - Filling up the DagBag from /home/airflow/.local/lib/python3.12/site-packages/airflow/example_dags/example_inlet_event_extra.py
[2025-02-06T17:30:20.332+0000] {processor.py:925} INFO - DAG(s) 'read_dataset_event', 'read_dataset_event_from_classic' retrieved from /home/airflow/.local/lib/python3.12/site-packages/airflow/example_dags/example_inlet_event_extra.py
[2025-02-06T17:30:20.364+0000] {logging_mixin.py:190} INFO - [2025-02-06T17:30:20.364+0000] {dag.py:3239} INFO - Sync 2 DAGs
[2025-02-06T17:30:20.401+0000] {logging_mixin.py:190} INFO - [2025-02-06T17:30:20.401+0000] {dag.py:4180} INFO - Setting next_dagrun for read_dataset_event to 2025-02-05 00:00:00+00:00, run_after=2025-02-06 00:00:00+00:00
[2025-02-06T17:30:20.409+0000] {logging_mixin.py:190} INFO - [2025-02-06T17:30:20.409+0000] {dag.py:4180} INFO - Setting next_dagrun for read_dataset_event_from_classic to 2025-02-05 00:00:00+00:00, run_after=2025-02-06 00:00:00+00:00
[2025-02-06T17:30:20.440+0000] {processor.py:208} INFO - Processing /home/airflow/.local/lib/python3.12/site-packages/airflow/example_dags/example_inlet_event_extra.py took 0.952 seconds
[2025-02-06T17:30:51.184+0000] {processor.py:186} INFO - Started process (PID=214) to work on /home/airflow/.local/lib/python3.12/site-packages/airflow/example_dags/example_inlet_event_extra.py
[2025-02-06T17:30:51.186+0000] {processor.py:914} INFO - Processing file /home/airflow/.local/lib/python3.12/site-packages/airflow/example_dags/example_inlet_event_extra.py for tasks to queue
[2025-02-06T17:30:51.189+0000] {logging_mixin.py:190} INFO - [2025-02-06T17:30:51.188+0000] {dagbag.py:588} INFO - Filling up the DagBag from /home/airflow/.local/lib/python3.12/site-packages/airflow/example_dags/example_inlet_event_extra.py
[2025-02-06T17:30:52.406+0000] {processor.py:925} INFO - DAG(s) 'read_dataset_event', 'read_dataset_event_from_classic' retrieved from /home/airflow/.local/lib/python3.12/site-packages/airflow/example_dags/example_inlet_event_extra.py
[2025-02-06T17:30:52.450+0000] {logging_mixin.py:190} INFO - [2025-02-06T17:30:52.450+0000] {dag.py:3239} INFO - Sync 2 DAGs
[2025-02-06T17:30:52.500+0000] {logging_mixin.py:190} INFO - [2025-02-06T17:30:52.499+0000] {dag.py:4180} INFO - Setting next_dagrun for read_dataset_event to 2025-02-05 00:00:00+00:00, run_after=2025-02-06 00:00:00+00:00
[2025-02-06T17:30:52.514+0000] {logging_mixin.py:190} INFO - [2025-02-06T17:30:52.513+0000] {dag.py:4180} INFO - Setting next_dagrun for read_dataset_event_from_classic to 2025-02-05 00:00:00+00:00, run_after=2025-02-06 00:00:00+00:00
[2025-02-06T17:30:52.542+0000] {processor.py:208} INFO - Processing /home/airflow/.local/lib/python3.12/site-packages/airflow/example_dags/example_inlet_event_extra.py took 1.378 seconds
[2025-02-06T17:31:23.064+0000] {processor.py:186} INFO - Started process (PID=276) to work on /home/airflow/.local/lib/python3.12/site-packages/airflow/example_dags/example_inlet_event_extra.py
[2025-02-06T17:31:23.072+0000] {processor.py:914} INFO - Processing file /home/airflow/.local/lib/python3.12/site-packages/airflow/example_dags/example_inlet_event_extra.py for tasks to queue
[2025-02-06T17:31:23.079+0000] {logging_mixin.py:190} INFO - [2025-02-06T17:31:23.078+0000] {dagbag.py:588} INFO - Filling up the DagBag from /home/airflow/.local/lib/python3.12/site-packages/airflow/example_dags/example_inlet_event_extra.py
[2025-02-06T17:31:24.082+0000] {processor.py:925} INFO - DAG(s) 'read_dataset_event_from_classic', 'read_dataset_event' retrieved from /home/airflow/.local/lib/python3.12/site-packages/airflow/example_dags/example_inlet_event_extra.py
[2025-02-06T17:31:24.110+0000] {logging_mixin.py:190} INFO - [2025-02-06T17:31:24.110+0000] {dag.py:3239} INFO - Sync 2 DAGs
[2025-02-06T17:31:24.142+0000] {logging_mixin.py:190} INFO - [2025-02-06T17:31:24.142+0000] {dag.py:4180} INFO - Setting next_dagrun for read_dataset_event to 2025-02-05 00:00:00+00:00, run_after=2025-02-06 00:00:00+00:00
[2025-02-06T17:31:24.149+0000] {logging_mixin.py:190} INFO - [2025-02-06T17:31:24.148+0000] {dag.py:4180} INFO - Setting next_dagrun for read_dataset_event_from_classic to 2025-02-05 00:00:00+00:00, run_after=2025-02-06 00:00:00+00:00
[2025-02-06T17:31:24.172+0000] {processor.py:208} INFO - Processing /home/airflow/.local/lib/python3.12/site-packages/airflow/example_dags/example_inlet_event_extra.py took 1.121 seconds
[2025-02-06T17:31:54.280+0000] {processor.py:186} INFO - Started process (PID=333) to work on /home/airflow/.local/lib/python3.12/site-packages/airflow/example_dags/example_inlet_event_extra.py
[2025-02-06T17:31:54.281+0000] {processor.py:914} INFO - Processing file /home/airflow/.local/lib/python3.12/site-packages/airflow/example_dags/example_inlet_event_extra.py for tasks to queue
[2025-02-06T17:31:54.284+0000] {logging_mixin.py:190} INFO - [2025-02-06T17:31:54.284+0000] {dagbag.py:588} INFO - Filling up the DagBag from /home/airflow/.local/lib/python3.12/site-packages/airflow/example_dags/example_inlet_event_extra.py
[2025-02-06T17:31:55.076+0000] {processor.py:925} INFO - DAG(s) 'read_dataset_event_from_classic', 'read_dataset_event' retrieved from /home/airflow/.local/lib/python3.12/site-packages/airflow/example_dags/example_inlet_event_extra.py
[2025-02-06T17:31:55.102+0000] {logging_mixin.py:190} INFO - [2025-02-06T17:31:55.102+0000] {dag.py:3239} INFO - Sync 2 DAGs
[2025-02-06T17:31:55.133+0000] {logging_mixin.py:190} INFO - [2025-02-06T17:31:55.132+0000] {dag.py:4180} INFO - Setting next_dagrun for read_dataset_event to 2025-02-05 00:00:00+00:00, run_after=2025-02-06 00:00:00+00:00
[2025-02-06T17:31:55.139+0000] {logging_mixin.py:190} INFO - [2025-02-06T17:31:55.139+0000] {dag.py:4180} INFO - Setting next_dagrun for read_dataset_event_from_classic to 2025-02-05 00:00:00+00:00, run_after=2025-02-06 00:00:00+00:00
[2025-02-06T17:31:55.162+0000] {processor.py:208} INFO - Processing /home/airflow/.local/lib/python3.12/site-packages/airflow/example_dags/example_inlet_event_extra.py took 0.889 seconds
[2025-02-06T17:32:25.530+0000] {processor.py:186} INFO - Started process (PID=391) to work on /home/airflow/.local/lib/python3.12/site-packages/airflow/example_dags/example_inlet_event_extra.py
[2025-02-06T17:32:25.531+0000] {processor.py:914} INFO - Processing file /home/airflow/.local/lib/python3.12/site-packages/airflow/example_dags/example_inlet_event_extra.py for tasks to queue
[2025-02-06T17:32:25.534+0000] {logging_mixin.py:190} INFO - [2025-02-06T17:32:25.533+0000] {dagbag.py:588} INFO - Filling up the DagBag from /home/airflow/.local/lib/python3.12/site-packages/airflow/example_dags/example_inlet_event_extra.py
[2025-02-06T17:32:26.383+0000] {processor.py:925} INFO - DAG(s) 'read_dataset_event_from_classic', 'read_dataset_event' retrieved from /home/airflow/.local/lib/python3.12/site-packages/airflow/example_dags/example_inlet_event_extra.py
[2025-02-06T17:32:26.415+0000] {logging_mixin.py:190} INFO - [2025-02-06T17:32:26.414+0000] {dag.py:3239} INFO - Sync 2 DAGs
[2025-02-06T17:32:26.450+0000] {logging_mixin.py:190} INFO - [2025-02-06T17:32:26.450+0000] {dag.py:4180} INFO - Setting next_dagrun for read_dataset_event to 2025-02-05 00:00:00+00:00, run_after=2025-02-06 00:00:00+00:00
[2025-02-06T17:32:26.458+0000] {logging_mixin.py:190} INFO - [2025-02-06T17:32:26.458+0000] {dag.py:4180} INFO - Setting next_dagrun for read_dataset_event_from_classic to 2025-02-05 00:00:00+00:00, run_after=2025-02-06 00:00:00+00:00
[2025-02-06T17:32:26.483+0000] {processor.py:208} INFO - Processing /home/airflow/.local/lib/python3.12/site-packages/airflow/example_dags/example_inlet_event_extra.py took 0.961 seconds
[2025-02-06T17:32:57.079+0000] {processor.py:186} INFO - Started process (PID=448) to work on /home/airflow/.local/lib/python3.12/site-packages/airflow/example_dags/example_inlet_event_extra.py
[2025-02-06T17:32:57.080+0000] {processor.py:914} INFO - Processing file /home/airflow/.local/lib/python3.12/site-packages/airflow/example_dags/example_inlet_event_extra.py for tasks to queue
[2025-02-06T17:32:57.083+0000] {logging_mixin.py:190} INFO - [2025-02-06T17:32:57.083+0000] {dagbag.py:588} INFO - Filling up the DagBag from /home/airflow/.local/lib/python3.12/site-packages/airflow/example_dags/example_inlet_event_extra.py
[2025-02-06T17:32:57.835+0000] {processor.py:925} INFO - DAG(s) 'read_dataset_event_from_classic', 'read_dataset_event' retrieved from /home/airflow/.local/lib/python3.12/site-packages/airflow/example_dags/example_inlet_event_extra.py
[2025-02-06T17:32:57.863+0000] {logging_mixin.py:190} INFO - [2025-02-06T17:32:57.863+0000] {dag.py:3239} INFO - Sync 2 DAGs
[2025-02-06T17:32:57.899+0000] {logging_mixin.py:190} INFO - [2025-02-06T17:32:57.899+0000] {dag.py:4180} INFO - Setting next_dagrun for read_dataset_event to 2025-02-05 00:00:00+00:00, run_after=2025-02-06 00:00:00+00:00
[2025-02-06T17:32:57.907+0000] {logging_mixin.py:190} INFO - [2025-02-06T17:32:57.906+0000] {dag.py:4180} INFO - Setting next_dagrun for read_dataset_event_from_classic to 2025-02-05 00:00:00+00:00, run_after=2025-02-06 00:00:00+00:00
[2025-02-06T17:32:57.929+0000] {processor.py:208} INFO - Processing /home/airflow/.local/lib/python3.12/site-packages/airflow/example_dags/example_inlet_event_extra.py took 0.857 seconds
[2025-02-06T17:33:28.212+0000] {processor.py:186} INFO - Started process (PID=505) to work on /home/airflow/.local/lib/python3.12/site-packages/airflow/example_dags/example_inlet_event_extra.py
[2025-02-06T17:33:28.213+0000] {processor.py:914} INFO - Processing file /home/airflow/.local/lib/python3.12/site-packages/airflow/example_dags/example_inlet_event_extra.py for tasks to queue
[2025-02-06T17:33:28.216+0000] {logging_mixin.py:190} INFO - [2025-02-06T17:33:28.216+0000] {dagbag.py:588} INFO - Filling up the DagBag from /home/airflow/.local/lib/python3.12/site-packages/airflow/example_dags/example_inlet_event_extra.py
[2025-02-06T17:33:29.102+0000] {processor.py:925} INFO - DAG(s) 'read_dataset_event', 'read_dataset_event_from_classic' retrieved from /home/airflow/.local/lib/python3.12/site-packages/airflow/example_dags/example_inlet_event_extra.py
[2025-02-06T17:33:29.131+0000] {logging_mixin.py:190} INFO - [2025-02-06T17:33:29.131+0000] {dag.py:3239} INFO - Sync 2 DAGs
[2025-02-06T17:33:29.167+0000] {logging_mixin.py:190} INFO - [2025-02-06T17:33:29.166+0000] {dag.py:4180} INFO - Setting next_dagrun for read_dataset_event to 2025-02-05 00:00:00+00:00, run_after=2025-02-06 00:00:00+00:00
[2025-02-06T17:33:29.174+0000] {logging_mixin.py:190} INFO - [2025-02-06T17:33:29.174+0000] {dag.py:4180} INFO - Setting next_dagrun for read_dataset_event_from_classic to 2025-02-05 00:00:00+00:00, run_after=2025-02-06 00:00:00+00:00
[2025-02-06T17:33:29.220+0000] {processor.py:208} INFO - Processing /home/airflow/.local/lib/python3.12/site-packages/airflow/example_dags/example_inlet_event_extra.py took 1.015 seconds
[2025-02-06T17:33:59.987+0000] {processor.py:186} INFO - Started process (PID=562) to work on /home/airflow/.local/lib/python3.12/site-packages/airflow/example_dags/example_inlet_event_extra.py
[2025-02-06T17:33:59.989+0000] {processor.py:914} INFO - Processing file /home/airflow/.local/lib/python3.12/site-packages/airflow/example_dags/example_inlet_event_extra.py for tasks to queue
[2025-02-06T17:33:59.992+0000] {logging_mixin.py:190} INFO - [2025-02-06T17:33:59.991+0000] {dagbag.py:588} INFO - Filling up the DagBag from /home/airflow/.local/lib/python3.12/site-packages/airflow/example_dags/example_inlet_event_extra.py
[2025-02-06T17:34:00.726+0000] {processor.py:925} INFO - DAG(s) 'read_dataset_event_from_classic', 'read_dataset_event' retrieved from /home/airflow/.local/lib/python3.12/site-packages/airflow/example_dags/example_inlet_event_extra.py
[2025-02-06T17:34:00.754+0000] {logging_mixin.py:190} INFO - [2025-02-06T17:34:00.754+0000] {dag.py:3239} INFO - Sync 2 DAGs
[2025-02-06T17:34:00.788+0000] {logging_mixin.py:190} INFO - [2025-02-06T17:34:00.787+0000] {dag.py:4180} INFO - Setting next_dagrun for read_dataset_event to 2025-02-05 00:00:00+00:00, run_after=2025-02-06 00:00:00+00:00
[2025-02-06T17:34:00.795+0000] {logging_mixin.py:190} INFO - [2025-02-06T17:34:00.795+0000] {dag.py:4180} INFO - Setting next_dagrun for read_dataset_event_from_classic to 2025-02-05 00:00:00+00:00, run_after=2025-02-06 00:00:00+00:00
[2025-02-06T17:34:00.815+0000] {processor.py:208} INFO - Processing /home/airflow/.local/lib/python3.12/site-packages/airflow/example_dags/example_inlet_event_extra.py took 0.836 seconds
[2025-02-06T17:34:31.727+0000] {processor.py:186} INFO - Started process (PID=619) to work on /home/airflow/.local/lib/python3.12/site-packages/airflow/example_dags/example_inlet_event_extra.py
[2025-02-06T17:34:31.729+0000] {processor.py:914} INFO - Processing file /home/airflow/.local/lib/python3.12/site-packages/airflow/example_dags/example_inlet_event_extra.py for tasks to queue
[2025-02-06T17:34:31.732+0000] {logging_mixin.py:190} INFO - [2025-02-06T17:34:31.731+0000] {dagbag.py:588} INFO - Filling up the DagBag from /home/airflow/.local/lib/python3.12/site-packages/airflow/example_dags/example_inlet_event_extra.py
[2025-02-06T17:34:32.454+0000] {processor.py:925} INFO - DAG(s) 'read_dataset_event_from_classic', 'read_dataset_event' retrieved from /home/airflow/.local/lib/python3.12/site-packages/airflow/example_dags/example_inlet_event_extra.py
[2025-02-06T17:34:32.481+0000] {logging_mixin.py:190} INFO - [2025-02-06T17:34:32.481+0000] {dag.py:3239} INFO - Sync 2 DAGs
[2025-02-06T17:34:32.513+0000] {logging_mixin.py:190} INFO - [2025-02-06T17:34:32.513+0000] {dag.py:4180} INFO - Setting next_dagrun for read_dataset_event to 2025-02-05 00:00:00+00:00, run_after=2025-02-06 00:00:00+00:00
[2025-02-06T17:34:32.520+0000] {logging_mixin.py:190} INFO - [2025-02-06T17:34:32.520+0000] {dag.py:4180} INFO - Setting next_dagrun for read_dataset_event_from_classic to 2025-02-05 00:00:00+00:00, run_after=2025-02-06 00:00:00+00:00
[2025-02-06T17:34:32.542+0000] {processor.py:208} INFO - Processing /home/airflow/.local/lib/python3.12/site-packages/airflow/example_dags/example_inlet_event_extra.py took 0.822 seconds
[2025-02-06T17:35:03.010+0000] {processor.py:186} INFO - Started process (PID=676) to work on /home/airflow/.local/lib/python3.12/site-packages/airflow/example_dags/example_inlet_event_extra.py
[2025-02-06T17:35:03.011+0000] {processor.py:914} INFO - Processing file /home/airflow/.local/lib/python3.12/site-packages/airflow/example_dags/example_inlet_event_extra.py for tasks to queue
[2025-02-06T17:35:03.015+0000] {logging_mixin.py:190} INFO - [2025-02-06T17:35:03.015+0000] {dagbag.py:588} INFO - Filling up the DagBag from /home/airflow/.local/lib/python3.12/site-packages/airflow/example_dags/example_inlet_event_extra.py
[2025-02-06T17:35:03.777+0000] {processor.py:925} INFO - DAG(s) 'read_dataset_event_from_classic', 'read_dataset_event' retrieved from /home/airflow/.local/lib/python3.12/site-packages/airflow/example_dags/example_inlet_event_extra.py
[2025-02-06T17:35:03.806+0000] {logging_mixin.py:190} INFO - [2025-02-06T17:35:03.806+0000] {dag.py:3239} INFO - Sync 2 DAGs
[2025-02-06T17:35:03.848+0000] {logging_mixin.py:190} INFO - [2025-02-06T17:35:03.848+0000] {dag.py:4180} INFO - Setting next_dagrun for read_dataset_event to 2025-02-05 00:00:00+00:00, run_after=2025-02-06 00:00:00+00:00
[2025-02-06T17:35:03.856+0000] {logging_mixin.py:190} INFO - [2025-02-06T17:35:03.856+0000] {dag.py:4180} INFO - Setting next_dagrun for read_dataset_event_from_classic to 2025-02-05 00:00:00+00:00, run_after=2025-02-06 00:00:00+00:00
[2025-02-06T17:35:03.880+0000] {processor.py:208} INFO - Processing /home/airflow/.local/lib/python3.12/site-packages/airflow/example_dags/example_inlet_event_extra.py took 0.877 seconds
[2025-02-06T17:35:34.719+0000] {processor.py:186} INFO - Started process (PID=733) to work on /home/airflow/.local/lib/python3.12/site-packages/airflow/example_dags/example_inlet_event_extra.py
[2025-02-06T17:35:34.720+0000] {processor.py:914} INFO - Processing file /home/airflow/.local/lib/python3.12/site-packages/airflow/example_dags/example_inlet_event_extra.py for tasks to queue
[2025-02-06T17:35:34.724+0000] {logging_mixin.py:190} INFO - [2025-02-06T17:35:34.723+0000] {dagbag.py:588} INFO - Filling up the DagBag from /home/airflow/.local/lib/python3.12/site-packages/airflow/example_dags/example_inlet_event_extra.py
[2025-02-06T17:35:35.481+0000] {processor.py:925} INFO - DAG(s) 'read_dataset_event_from_classic', 'read_dataset_event' retrieved from /home/airflow/.local/lib/python3.12/site-packages/airflow/example_dags/example_inlet_event_extra.py
[2025-02-06T17:35:35.509+0000] {logging_mixin.py:190} INFO - [2025-02-06T17:35:35.509+0000] {dag.py:3239} INFO - Sync 2 DAGs
[2025-02-06T17:35:35.540+0000] {logging_mixin.py:190} INFO - [2025-02-06T17:35:35.540+0000] {dag.py:4180} INFO - Setting next_dagrun for read_dataset_event to 2025-02-05 00:00:00+00:00, run_after=2025-02-06 00:00:00+00:00
[2025-02-06T17:35:35.547+0000] {logging_mixin.py:190} INFO - [2025-02-06T17:35:35.547+0000] {dag.py:4180} INFO - Setting next_dagrun for read_dataset_event_from_classic to 2025-02-05 00:00:00+00:00, run_after=2025-02-06 00:00:00+00:00
[2025-02-06T17:35:35.575+0000] {processor.py:208} INFO - Processing /home/airflow/.local/lib/python3.12/site-packages/airflow/example_dags/example_inlet_event_extra.py took 0.864 seconds
[2025-02-06T17:36:05.991+0000] {processor.py:186} INFO - Started process (PID=790) to work on /home/airflow/.local/lib/python3.12/site-packages/airflow/example_dags/example_inlet_event_extra.py
[2025-02-06T17:36:05.992+0000] {processor.py:914} INFO - Processing file /home/airflow/.local/lib/python3.12/site-packages/airflow/example_dags/example_inlet_event_extra.py for tasks to queue
[2025-02-06T17:36:05.995+0000] {logging_mixin.py:190} INFO - [2025-02-06T17:36:05.995+0000] {dagbag.py:588} INFO - Filling up the DagBag from /home/airflow/.local/lib/python3.12/site-packages/airflow/example_dags/example_inlet_event_extra.py
[2025-02-06T17:36:06.785+0000] {processor.py:925} INFO - DAG(s) 'read_dataset_event', 'read_dataset_event_from_classic' retrieved from /home/airflow/.local/lib/python3.12/site-packages/airflow/example_dags/example_inlet_event_extra.py
[2025-02-06T17:36:06.817+0000] {logging_mixin.py:190} INFO - [2025-02-06T17:36:06.817+0000] {dag.py:3239} INFO - Sync 2 DAGs
[2025-02-06T17:36:06.851+0000] {logging_mixin.py:190} INFO - [2025-02-06T17:36:06.850+0000] {dag.py:4180} INFO - Setting next_dagrun for read_dataset_event to 2025-02-05 00:00:00+00:00, run_after=2025-02-06 00:00:00+00:00
[2025-02-06T17:36:06.858+0000] {logging_mixin.py:190} INFO - [2025-02-06T17:36:06.857+0000] {dag.py:4180} INFO - Setting next_dagrun for read_dataset_event_from_classic to 2025-02-05 00:00:00+00:00, run_after=2025-02-06 00:00:00+00:00
[2025-02-06T17:36:06.881+0000] {processor.py:208} INFO - Processing /home/airflow/.local/lib/python3.12/site-packages/airflow/example_dags/example_inlet_event_extra.py took 0.897 seconds
[2025-02-06T17:41:33.031+0000] {processor.py:186} INFO - Started process (PID=37) to work on /home/airflow/.local/lib/python3.12/site-packages/airflow/example_dags/example_inlet_event_extra.py
[2025-02-06T17:41:33.033+0000] {processor.py:914} INFO - Processing file /home/airflow/.local/lib/python3.12/site-packages/airflow/example_dags/example_inlet_event_extra.py for tasks to queue
[2025-02-06T17:41:33.038+0000] {logging_mixin.py:190} INFO - [2025-02-06T17:41:33.038+0000] {dagbag.py:588} INFO - Filling up the DagBag from /home/airflow/.local/lib/python3.12/site-packages/airflow/example_dags/example_inlet_event_extra.py
[2025-02-06T17:41:37.835+0000] {processor.py:925} INFO - DAG(s) 'read_dataset_event_from_classic', 'read_dataset_event' retrieved from /home/airflow/.local/lib/python3.12/site-packages/airflow/example_dags/example_inlet_event_extra.py
[2025-02-06T17:41:38.133+0000] {logging_mixin.py:190} INFO - [2025-02-06T17:41:38.132+0000] {override.py:1911} INFO - Created Permission View: can delete on DAG:read_dataset_event_from_classic
[2025-02-06T17:41:38.169+0000] {logging_mixin.py:190} INFO - [2025-02-06T17:41:38.169+0000] {override.py:1911} INFO - Created Permission View: can read on DAG:read_dataset_event_from_classic
[2025-02-06T17:41:38.192+0000] {logging_mixin.py:190} INFO - [2025-02-06T17:41:38.192+0000] {override.py:1911} INFO - Created Permission View: can edit on DAG:read_dataset_event_from_classic
[2025-02-06T17:41:38.219+0000] {logging_mixin.py:190} INFO - [2025-02-06T17:41:38.219+0000] {override.py:1911} INFO - Created Permission View: can delete on DAG Run:read_dataset_event_from_classic
[2025-02-06T17:41:38.273+0000] {logging_mixin.py:190} INFO - [2025-02-06T17:41:38.272+0000] {override.py:1911} INFO - Created Permission View: can create on DAG Run:read_dataset_event_from_classic
[2025-02-06T17:41:38.297+0000] {logging_mixin.py:190} INFO - [2025-02-06T17:41:38.297+0000] {override.py:1911} INFO - Created Permission View: can read on DAG Run:read_dataset_event_from_classic
[2025-02-06T17:41:38.320+0000] {logging_mixin.py:190} INFO - [2025-02-06T17:41:38.320+0000] {override.py:1911} INFO - Created Permission View: menu access on DAG Run:read_dataset_event_from_classic
[2025-02-06T17:41:38.363+0000] {logging_mixin.py:190} INFO - [2025-02-06T17:41:38.362+0000] {override.py:1911} INFO - Created Permission View: can delete on DAG:read_dataset_event
[2025-02-06T17:41:38.387+0000] {logging_mixin.py:190} INFO - [2025-02-06T17:41:38.386+0000] {override.py:1911} INFO - Created Permission View: can read on DAG:read_dataset_event
[2025-02-06T17:41:38.407+0000] {logging_mixin.py:190} INFO - [2025-02-06T17:41:38.407+0000] {override.py:1911} INFO - Created Permission View: can edit on DAG:read_dataset_event
[2025-02-06T17:41:38.432+0000] {logging_mixin.py:190} INFO - [2025-02-06T17:41:38.432+0000] {override.py:1911} INFO - Created Permission View: can delete on DAG Run:read_dataset_event
[2025-02-06T17:41:38.454+0000] {logging_mixin.py:190} INFO - [2025-02-06T17:41:38.453+0000] {override.py:1911} INFO - Created Permission View: can create on DAG Run:read_dataset_event
[2025-02-06T17:41:38.474+0000] {logging_mixin.py:190} INFO - [2025-02-06T17:41:38.473+0000] {override.py:1911} INFO - Created Permission View: can read on DAG Run:read_dataset_event
[2025-02-06T17:41:38.493+0000] {logging_mixin.py:190} INFO - [2025-02-06T17:41:38.493+0000] {override.py:1911} INFO - Created Permission View: menu access on DAG Run:read_dataset_event
[2025-02-06T17:41:38.494+0000] {logging_mixin.py:190} INFO - [2025-02-06T17:41:38.494+0000] {dag.py:3239} INFO - Sync 2 DAGs
[2025-02-06T17:41:38.532+0000] {logging_mixin.py:190} INFO - [2025-02-06T17:41:38.531+0000] {dag.py:3262} INFO - Creating ORM DAG for read_dataset_event_from_classic
[2025-02-06T17:41:38.534+0000] {logging_mixin.py:190} INFO - [2025-02-06T17:41:38.534+0000] {dag.py:3262} INFO - Creating ORM DAG for read_dataset_event
[2025-02-06T17:41:38.574+0000] {logging_mixin.py:190} INFO - [2025-02-06T17:41:38.574+0000] {dag.py:4180} INFO - Setting next_dagrun for read_dataset_event to 2025-02-05 00:00:00+00:00, run_after=2025-02-06 00:00:00+00:00
[2025-02-06T17:41:38.578+0000] {logging_mixin.py:190} INFO - [2025-02-06T17:41:38.578+0000] {dag.py:4180} INFO - Setting next_dagrun for read_dataset_event_from_classic to 2025-02-05 00:00:00+00:00, run_after=2025-02-06 00:00:00+00:00
[2025-02-06T17:41:38.638+0000] {processor.py:208} INFO - Processing /home/airflow/.local/lib/python3.12/site-packages/airflow/example_dags/example_inlet_event_extra.py took 5.632 seconds
[2025-02-06T17:42:08.987+0000] {processor.py:186} INFO - Started process (PID=99) to work on /home/airflow/.local/lib/python3.12/site-packages/airflow/example_dags/example_inlet_event_extra.py
[2025-02-06T17:42:08.988+0000] {processor.py:914} INFO - Processing file /home/airflow/.local/lib/python3.12/site-packages/airflow/example_dags/example_inlet_event_extra.py for tasks to queue
[2025-02-06T17:42:08.992+0000] {logging_mixin.py:190} INFO - [2025-02-06T17:42:08.991+0000] {dagbag.py:588} INFO - Filling up the DagBag from /home/airflow/.local/lib/python3.12/site-packages/airflow/example_dags/example_inlet_event_extra.py
[2025-02-06T17:42:10.081+0000] {processor.py:925} INFO - DAG(s) 'read_dataset_event_from_classic', 'read_dataset_event' retrieved from /home/airflow/.local/lib/python3.12/site-packages/airflow/example_dags/example_inlet_event_extra.py
[2025-02-06T17:42:10.128+0000] {logging_mixin.py:190} INFO - [2025-02-06T17:42:10.128+0000] {dag.py:3239} INFO - Sync 2 DAGs
[2025-02-06T17:42:10.205+0000] {logging_mixin.py:190} INFO - [2025-02-06T17:42:10.205+0000] {dag.py:4180} INFO - Setting next_dagrun for read_dataset_event to 2025-02-05 00:00:00+00:00, run_after=2025-02-06 00:00:00+00:00
[2025-02-06T17:42:10.222+0000] {logging_mixin.py:190} INFO - [2025-02-06T17:42:10.222+0000] {dag.py:4180} INFO - Setting next_dagrun for read_dataset_event_from_classic to 2025-02-05 00:00:00+00:00, run_after=2025-02-06 00:00:00+00:00
[2025-02-06T17:42:10.260+0000] {processor.py:208} INFO - Processing /home/airflow/.local/lib/python3.12/site-packages/airflow/example_dags/example_inlet_event_extra.py took 1.280 seconds
[2025-02-06T17:42:40.340+0000] {processor.py:186} INFO - Started process (PID=160) to work on /home/airflow/.local/lib/python3.12/site-packages/airflow/example_dags/example_inlet_event_extra.py
[2025-02-06T17:42:40.341+0000] {processor.py:914} INFO - Processing file /home/airflow/.local/lib/python3.12/site-packages/airflow/example_dags/example_inlet_event_extra.py for tasks to queue
[2025-02-06T17:42:40.344+0000] {logging_mixin.py:190} INFO - [2025-02-06T17:42:40.344+0000] {dagbag.py:588} INFO - Filling up the DagBag from /home/airflow/.local/lib/python3.12/site-packages/airflow/example_dags/example_inlet_event_extra.py
[2025-02-06T17:42:41.699+0000] {processor.py:925} INFO - DAG(s) 'read_dataset_event_from_classic', 'read_dataset_event' retrieved from /home/airflow/.local/lib/python3.12/site-packages/airflow/example_dags/example_inlet_event_extra.py
[2025-02-06T17:42:41.732+0000] {logging_mixin.py:190} INFO - [2025-02-06T17:42:41.732+0000] {dag.py:3239} INFO - Sync 2 DAGs
[2025-02-06T17:42:41.773+0000] {logging_mixin.py:190} INFO - [2025-02-06T17:42:41.773+0000] {dag.py:4180} INFO - Setting next_dagrun for read_dataset_event to 2025-02-05 00:00:00+00:00, run_after=2025-02-06 00:00:00+00:00
[2025-02-06T17:42:41.782+0000] {logging_mixin.py:190} INFO - [2025-02-06T17:42:41.782+0000] {dag.py:4180} INFO - Setting next_dagrun for read_dataset_event_from_classic to 2025-02-05 00:00:00+00:00, run_after=2025-02-06 00:00:00+00:00
[2025-02-06T17:42:41.808+0000] {processor.py:208} INFO - Processing /home/airflow/.local/lib/python3.12/site-packages/airflow/example_dags/example_inlet_event_extra.py took 1.477 seconds
[2025-02-06T17:43:12.124+0000] {processor.py:186} INFO - Started process (PID=217) to work on /home/airflow/.local/lib/python3.12/site-packages/airflow/example_dags/example_inlet_event_extra.py
[2025-02-06T17:43:12.126+0000] {processor.py:914} INFO - Processing file /home/airflow/.local/lib/python3.12/site-packages/airflow/example_dags/example_inlet_event_extra.py for tasks to queue
[2025-02-06T17:43:12.130+0000] {logging_mixin.py:190} INFO - [2025-02-06T17:43:12.130+0000] {dagbag.py:588} INFO - Filling up the DagBag from /home/airflow/.local/lib/python3.12/site-packages/airflow/example_dags/example_inlet_event_extra.py
[2025-02-06T17:43:13.670+0000] {processor.py:925} INFO - DAG(s) 'read_dataset_event', 'read_dataset_event_from_classic' retrieved from /home/airflow/.local/lib/python3.12/site-packages/airflow/example_dags/example_inlet_event_extra.py
[2025-02-06T17:43:13.748+0000] {logging_mixin.py:190} INFO - [2025-02-06T17:43:13.747+0000] {dag.py:3239} INFO - Sync 2 DAGs
[2025-02-06T17:43:13.837+0000] {logging_mixin.py:190} INFO - [2025-02-06T17:43:13.836+0000] {dag.py:4180} INFO - Setting next_dagrun for read_dataset_event to 2025-02-05 00:00:00+00:00, run_after=2025-02-06 00:00:00+00:00
[2025-02-06T17:43:13.845+0000] {logging_mixin.py:190} INFO - [2025-02-06T17:43:13.845+0000] {dag.py:4180} INFO - Setting next_dagrun for read_dataset_event_from_classic to 2025-02-05 00:00:00+00:00, run_after=2025-02-06 00:00:00+00:00
[2025-02-06T17:43:13.886+0000] {processor.py:208} INFO - Processing /home/airflow/.local/lib/python3.12/site-packages/airflow/example_dags/example_inlet_event_extra.py took 1.771 seconds
[2025-02-06T17:43:44.456+0000] {processor.py:186} INFO - Started process (PID=277) to work on /home/airflow/.local/lib/python3.12/site-packages/airflow/example_dags/example_inlet_event_extra.py
[2025-02-06T17:43:44.458+0000] {processor.py:914} INFO - Processing file /home/airflow/.local/lib/python3.12/site-packages/airflow/example_dags/example_inlet_event_extra.py for tasks to queue
[2025-02-06T17:43:44.461+0000] {logging_mixin.py:190} INFO - [2025-02-06T17:43:44.460+0000] {dagbag.py:588} INFO - Filling up the DagBag from /home/airflow/.local/lib/python3.12/site-packages/airflow/example_dags/example_inlet_event_extra.py
[2025-02-06T17:43:45.285+0000] {processor.py:925} INFO - DAG(s) 'read_dataset_event_from_classic', 'read_dataset_event' retrieved from /home/airflow/.local/lib/python3.12/site-packages/airflow/example_dags/example_inlet_event_extra.py
[2025-02-06T17:43:45.312+0000] {logging_mixin.py:190} INFO - [2025-02-06T17:43:45.312+0000] {dag.py:3239} INFO - Sync 2 DAGs
[2025-02-06T17:43:45.344+0000] {logging_mixin.py:190} INFO - [2025-02-06T17:43:45.343+0000] {dag.py:4180} INFO - Setting next_dagrun for read_dataset_event to 2025-02-05 00:00:00+00:00, run_after=2025-02-06 00:00:00+00:00
[2025-02-06T17:43:45.351+0000] {logging_mixin.py:190} INFO - [2025-02-06T17:43:45.351+0000] {dag.py:4180} INFO - Setting next_dagrun for read_dataset_event_from_classic to 2025-02-05 00:00:00+00:00, run_after=2025-02-06 00:00:00+00:00
[2025-02-06T17:43:45.373+0000] {processor.py:208} INFO - Processing /home/airflow/.local/lib/python3.12/site-packages/airflow/example_dags/example_inlet_event_extra.py took 0.926 seconds
[2025-02-06T17:44:15.923+0000] {processor.py:186} INFO - Started process (PID=335) to work on /home/airflow/.local/lib/python3.12/site-packages/airflow/example_dags/example_inlet_event_extra.py
[2025-02-06T17:44:15.925+0000] {processor.py:914} INFO - Processing file /home/airflow/.local/lib/python3.12/site-packages/airflow/example_dags/example_inlet_event_extra.py for tasks to queue
[2025-02-06T17:44:15.928+0000] {logging_mixin.py:190} INFO - [2025-02-06T17:44:15.927+0000] {dagbag.py:588} INFO - Filling up the DagBag from /home/airflow/.local/lib/python3.12/site-packages/airflow/example_dags/example_inlet_event_extra.py
[2025-02-06T17:44:16.870+0000] {processor.py:925} INFO - DAG(s) 'read_dataset_event', 'read_dataset_event_from_classic' retrieved from /home/airflow/.local/lib/python3.12/site-packages/airflow/example_dags/example_inlet_event_extra.py
[2025-02-06T17:44:16.896+0000] {logging_mixin.py:190} INFO - [2025-02-06T17:44:16.896+0000] {dag.py:3239} INFO - Sync 2 DAGs
[2025-02-06T17:44:16.926+0000] {logging_mixin.py:190} INFO - [2025-02-06T17:44:16.926+0000] {dag.py:4180} INFO - Setting next_dagrun for read_dataset_event to 2025-02-05 00:00:00+00:00, run_after=2025-02-06 00:00:00+00:00
[2025-02-06T17:44:16.934+0000] {logging_mixin.py:190} INFO - [2025-02-06T17:44:16.933+0000] {dag.py:4180} INFO - Setting next_dagrun for read_dataset_event_from_classic to 2025-02-05 00:00:00+00:00, run_after=2025-02-06 00:00:00+00:00
[2025-02-06T17:44:16.964+0000] {processor.py:208} INFO - Processing /home/airflow/.local/lib/python3.12/site-packages/airflow/example_dags/example_inlet_event_extra.py took 1.049 seconds
[2025-02-06T17:44:47.548+0000] {processor.py:186} INFO - Started process (PID=394) to work on /home/airflow/.local/lib/python3.12/site-packages/airflow/example_dags/example_inlet_event_extra.py
[2025-02-06T17:44:47.550+0000] {processor.py:914} INFO - Processing file /home/airflow/.local/lib/python3.12/site-packages/airflow/example_dags/example_inlet_event_extra.py for tasks to queue
[2025-02-06T17:44:47.553+0000] {logging_mixin.py:190} INFO - [2025-02-06T17:44:47.552+0000] {dagbag.py:588} INFO - Filling up the DagBag from /home/airflow/.local/lib/python3.12/site-packages/airflow/example_dags/example_inlet_event_extra.py
[2025-02-06T17:44:48.421+0000] {processor.py:925} INFO - DAG(s) 'read_dataset_event', 'read_dataset_event_from_classic' retrieved from /home/airflow/.local/lib/python3.12/site-packages/airflow/example_dags/example_inlet_event_extra.py
[2025-02-06T17:44:48.449+0000] {logging_mixin.py:190} INFO - [2025-02-06T17:44:48.448+0000] {dag.py:3239} INFO - Sync 2 DAGs
[2025-02-06T17:44:48.481+0000] {logging_mixin.py:190} INFO - [2025-02-06T17:44:48.480+0000] {dag.py:4180} INFO - Setting next_dagrun for read_dataset_event to 2025-02-05 00:00:00+00:00, run_after=2025-02-06 00:00:00+00:00
[2025-02-06T17:44:48.488+0000] {logging_mixin.py:190} INFO - [2025-02-06T17:44:48.487+0000] {dag.py:4180} INFO - Setting next_dagrun for read_dataset_event_from_classic to 2025-02-05 00:00:00+00:00, run_after=2025-02-06 00:00:00+00:00
[2025-02-06T17:44:48.509+0000] {processor.py:208} INFO - Processing /home/airflow/.local/lib/python3.12/site-packages/airflow/example_dags/example_inlet_event_extra.py took 0.969 seconds
[2025-02-06T17:53:21.386+0000] {processor.py:186} INFO - Started process (PID=38) to work on /home/airflow/.local/lib/python3.12/site-packages/airflow/example_dags/example_inlet_event_extra.py
[2025-02-06T17:53:21.397+0000] {processor.py:914} INFO - Processing file /home/airflow/.local/lib/python3.12/site-packages/airflow/example_dags/example_inlet_event_extra.py for tasks to queue
[2025-02-06T17:53:21.402+0000] {logging_mixin.py:190} INFO - [2025-02-06T17:53:21.401+0000] {dagbag.py:588} INFO - Filling up the DagBag from /home/airflow/.local/lib/python3.12/site-packages/airflow/example_dags/example_inlet_event_extra.py
[2025-02-06T17:53:26.418+0000] {processor.py:925} INFO - DAG(s) 'read_dataset_event', 'read_dataset_event_from_classic' retrieved from /home/airflow/.local/lib/python3.12/site-packages/airflow/example_dags/example_inlet_event_extra.py
[2025-02-06T17:53:26.459+0000] {logging_mixin.py:190} INFO - [2025-02-06T17:53:26.458+0000] {dag.py:3239} INFO - Sync 2 DAGs
[2025-02-06T17:53:26.503+0000] {logging_mixin.py:190} INFO - [2025-02-06T17:53:26.503+0000] {dag.py:4180} INFO - Setting next_dagrun for read_dataset_event to 2025-02-05 00:00:00+00:00, run_after=2025-02-06 00:00:00+00:00
[2025-02-06T17:53:26.516+0000] {logging_mixin.py:190} INFO - [2025-02-06T17:53:26.516+0000] {dag.py:4180} INFO - Setting next_dagrun for read_dataset_event_from_classic to 2025-02-05 00:00:00+00:00, run_after=2025-02-06 00:00:00+00:00
[2025-02-06T17:53:26.543+0000] {processor.py:208} INFO - Processing /home/airflow/.local/lib/python3.12/site-packages/airflow/example_dags/example_inlet_event_extra.py took 5.189 seconds
[2025-02-06T17:53:56.684+0000] {processor.py:186} INFO - Started process (PID=105) to work on /home/airflow/.local/lib/python3.12/site-packages/airflow/example_dags/example_inlet_event_extra.py
[2025-02-06T17:53:56.685+0000] {processor.py:914} INFO - Processing file /home/airflow/.local/lib/python3.12/site-packages/airflow/example_dags/example_inlet_event_extra.py for tasks to queue
[2025-02-06T17:53:56.689+0000] {logging_mixin.py:190} INFO - [2025-02-06T17:53:56.688+0000] {dagbag.py:588} INFO - Filling up the DagBag from /home/airflow/.local/lib/python3.12/site-packages/airflow/example_dags/example_inlet_event_extra.py
[2025-02-06T17:53:57.791+0000] {processor.py:925} INFO - DAG(s) 'read_dataset_event_from_classic', 'read_dataset_event' retrieved from /home/airflow/.local/lib/python3.12/site-packages/airflow/example_dags/example_inlet_event_extra.py
[2025-02-06T17:53:57.819+0000] {logging_mixin.py:190} INFO - [2025-02-06T17:53:57.818+0000] {dag.py:3239} INFO - Sync 2 DAGs
[2025-02-06T17:53:57.851+0000] {logging_mixin.py:190} INFO - [2025-02-06T17:53:57.851+0000] {dag.py:4180} INFO - Setting next_dagrun for read_dataset_event to 2025-02-05 00:00:00+00:00, run_after=2025-02-06 00:00:00+00:00
[2025-02-06T17:53:57.858+0000] {logging_mixin.py:190} INFO - [2025-02-06T17:53:57.858+0000] {dag.py:4180} INFO - Setting next_dagrun for read_dataset_event_from_classic to 2025-02-05 00:00:00+00:00, run_after=2025-02-06 00:00:00+00:00
[2025-02-06T17:53:57.881+0000] {processor.py:208} INFO - Processing /home/airflow/.local/lib/python3.12/site-packages/airflow/example_dags/example_inlet_event_extra.py took 1.205 seconds
[2025-02-06T17:55:56.870+0000] {processor.py:186} INFO - Started process (PID=38) to work on /home/airflow/.local/lib/python3.12/site-packages/airflow/example_dags/example_inlet_event_extra.py
[2025-02-06T17:55:56.871+0000] {processor.py:914} INFO - Processing file /home/airflow/.local/lib/python3.12/site-packages/airflow/example_dags/example_inlet_event_extra.py for tasks to queue
[2025-02-06T17:55:56.875+0000] {logging_mixin.py:190} INFO - [2025-02-06T17:55:56.874+0000] {dagbag.py:588} INFO - Filling up the DagBag from /home/airflow/.local/lib/python3.12/site-packages/airflow/example_dags/example_inlet_event_extra.py
[2025-02-06T17:56:00.852+0000] {processor.py:925} INFO - DAG(s) 'read_dataset_event_from_classic', 'read_dataset_event' retrieved from /home/airflow/.local/lib/python3.12/site-packages/airflow/example_dags/example_inlet_event_extra.py
[2025-02-06T17:56:00.904+0000] {logging_mixin.py:190} INFO - [2025-02-06T17:56:00.904+0000] {dag.py:3239} INFO - Sync 2 DAGs
[2025-02-06T17:56:00.967+0000] {logging_mixin.py:190} INFO - [2025-02-06T17:56:00.967+0000] {dag.py:4180} INFO - Setting next_dagrun for read_dataset_event to 2025-02-05 00:00:00+00:00, run_after=2025-02-06 00:00:00+00:00
[2025-02-06T17:56:00.977+0000] {logging_mixin.py:190} INFO - [2025-02-06T17:56:00.977+0000] {dag.py:4180} INFO - Setting next_dagrun for read_dataset_event_from_classic to 2025-02-05 00:00:00+00:00, run_after=2025-02-06 00:00:00+00:00
[2025-02-06T17:56:01.019+0000] {processor.py:208} INFO - Processing /home/airflow/.local/lib/python3.12/site-packages/airflow/example_dags/example_inlet_event_extra.py took 4.162 seconds
[2025-02-06T17:56:31.310+0000] {processor.py:186} INFO - Started process (PID=105) to work on /home/airflow/.local/lib/python3.12/site-packages/airflow/example_dags/example_inlet_event_extra.py
[2025-02-06T17:56:31.311+0000] {processor.py:914} INFO - Processing file /home/airflow/.local/lib/python3.12/site-packages/airflow/example_dags/example_inlet_event_extra.py for tasks to queue
[2025-02-06T17:56:31.314+0000] {logging_mixin.py:190} INFO - [2025-02-06T17:56:31.314+0000] {dagbag.py:588} INFO - Filling up the DagBag from /home/airflow/.local/lib/python3.12/site-packages/airflow/example_dags/example_inlet_event_extra.py
[2025-02-06T17:56:32.097+0000] {processor.py:925} INFO - DAG(s) 'read_dataset_event', 'read_dataset_event_from_classic' retrieved from /home/airflow/.local/lib/python3.12/site-packages/airflow/example_dags/example_inlet_event_extra.py
[2025-02-06T17:56:32.128+0000] {logging_mixin.py:190} INFO - [2025-02-06T17:56:32.127+0000] {dag.py:3239} INFO - Sync 2 DAGs
[2025-02-06T17:56:32.164+0000] {logging_mixin.py:190} INFO - [2025-02-06T17:56:32.163+0000] {dag.py:4180} INFO - Setting next_dagrun for read_dataset_event to 2025-02-05 00:00:00+00:00, run_after=2025-02-06 00:00:00+00:00
[2025-02-06T17:56:32.171+0000] {logging_mixin.py:190} INFO - [2025-02-06T17:56:32.170+0000] {dag.py:4180} INFO - Setting next_dagrun for read_dataset_event_from_classic to 2025-02-05 00:00:00+00:00, run_after=2025-02-06 00:00:00+00:00
[2025-02-06T17:56:32.213+0000] {processor.py:208} INFO - Processing /home/airflow/.local/lib/python3.12/site-packages/airflow/example_dags/example_inlet_event_extra.py took 0.912 seconds
[2025-02-06T17:57:02.379+0000] {processor.py:186} INFO - Started process (PID=163) to work on /home/airflow/.local/lib/python3.12/site-packages/airflow/example_dags/example_inlet_event_extra.py
[2025-02-06T17:57:02.380+0000] {processor.py:914} INFO - Processing file /home/airflow/.local/lib/python3.12/site-packages/airflow/example_dags/example_inlet_event_extra.py for tasks to queue
[2025-02-06T17:57:02.385+0000] {logging_mixin.py:190} INFO - [2025-02-06T17:57:02.384+0000] {dagbag.py:588} INFO - Filling up the DagBag from /home/airflow/.local/lib/python3.12/site-packages/airflow/example_dags/example_inlet_event_extra.py
[2025-02-06T17:57:03.672+0000] {processor.py:925} INFO - DAG(s) 'read_dataset_event_from_classic', 'read_dataset_event' retrieved from /home/airflow/.local/lib/python3.12/site-packages/airflow/example_dags/example_inlet_event_extra.py
[2025-02-06T17:57:03.740+0000] {logging_mixin.py:190} INFO - [2025-02-06T17:57:03.740+0000] {dag.py:3239} INFO - Sync 2 DAGs
[2025-02-06T17:57:03.863+0000] {logging_mixin.py:190} INFO - [2025-02-06T17:57:03.863+0000] {dag.py:4180} INFO - Setting next_dagrun for read_dataset_event to 2025-02-05 00:00:00+00:00, run_after=2025-02-06 00:00:00+00:00
[2025-02-06T17:57:03.928+0000] {logging_mixin.py:190} INFO - [2025-02-06T17:57:03.926+0000] {dag.py:4180} INFO - Setting next_dagrun for read_dataset_event_from_classic to 2025-02-05 00:00:00+00:00, run_after=2025-02-06 00:00:00+00:00
[2025-02-06T17:57:04.014+0000] {processor.py:208} INFO - Processing /home/airflow/.local/lib/python3.12/site-packages/airflow/example_dags/example_inlet_event_extra.py took 1.647 seconds
[2025-02-06T17:57:34.179+0000] {processor.py:186} INFO - Started process (PID=221) to work on /home/airflow/.local/lib/python3.12/site-packages/airflow/example_dags/example_inlet_event_extra.py
[2025-02-06T17:57:34.182+0000] {processor.py:914} INFO - Processing file /home/airflow/.local/lib/python3.12/site-packages/airflow/example_dags/example_inlet_event_extra.py for tasks to queue
[2025-02-06T17:57:34.187+0000] {logging_mixin.py:190} INFO - [2025-02-06T17:57:34.186+0000] {dagbag.py:588} INFO - Filling up the DagBag from /home/airflow/.local/lib/python3.12/site-packages/airflow/example_dags/example_inlet_event_extra.py
[2025-02-06T17:57:35.254+0000] {processor.py:925} INFO - DAG(s) 'read_dataset_event_from_classic', 'read_dataset_event' retrieved from /home/airflow/.local/lib/python3.12/site-packages/airflow/example_dags/example_inlet_event_extra.py
[2025-02-06T17:57:35.281+0000] {logging_mixin.py:190} INFO - [2025-02-06T17:57:35.281+0000] {dag.py:3239} INFO - Sync 2 DAGs
[2025-02-06T17:57:35.316+0000] {logging_mixin.py:190} INFO - [2025-02-06T17:57:35.315+0000] {dag.py:4180} INFO - Setting next_dagrun for read_dataset_event to 2025-02-05 00:00:00+00:00, run_after=2025-02-06 00:00:00+00:00
[2025-02-06T17:57:35.324+0000] {logging_mixin.py:190} INFO - [2025-02-06T17:57:35.323+0000] {dag.py:4180} INFO - Setting next_dagrun for read_dataset_event_from_classic to 2025-02-05 00:00:00+00:00, run_after=2025-02-06 00:00:00+00:00
[2025-02-06T17:57:35.345+0000] {processor.py:208} INFO - Processing /home/airflow/.local/lib/python3.12/site-packages/airflow/example_dags/example_inlet_event_extra.py took 1.178 seconds
[2025-02-06T17:58:05.529+0000] {processor.py:186} INFO - Started process (PID=284) to work on /home/airflow/.local/lib/python3.12/site-packages/airflow/example_dags/example_inlet_event_extra.py
[2025-02-06T17:58:05.531+0000] {processor.py:914} INFO - Processing file /home/airflow/.local/lib/python3.12/site-packages/airflow/example_dags/example_inlet_event_extra.py for tasks to queue
[2025-02-06T17:58:05.534+0000] {logging_mixin.py:190} INFO - [2025-02-06T17:58:05.534+0000] {dagbag.py:588} INFO - Filling up the DagBag from /home/airflow/.local/lib/python3.12/site-packages/airflow/example_dags/example_inlet_event_extra.py
[2025-02-06T17:58:06.405+0000] {processor.py:925} INFO - DAG(s) 'read_dataset_event', 'read_dataset_event_from_classic' retrieved from /home/airflow/.local/lib/python3.12/site-packages/airflow/example_dags/example_inlet_event_extra.py
[2025-02-06T17:58:06.433+0000] {logging_mixin.py:190} INFO - [2025-02-06T17:58:06.433+0000] {dag.py:3239} INFO - Sync 2 DAGs
[2025-02-06T17:58:06.469+0000] {logging_mixin.py:190} INFO - [2025-02-06T17:58:06.468+0000] {dag.py:4180} INFO - Setting next_dagrun for read_dataset_event to 2025-02-05 00:00:00+00:00, run_after=2025-02-06 00:00:00+00:00
[2025-02-06T17:58:06.476+0000] {logging_mixin.py:190} INFO - [2025-02-06T17:58:06.476+0000] {dag.py:4180} INFO - Setting next_dagrun for read_dataset_event_from_classic to 2025-02-05 00:00:00+00:00, run_after=2025-02-06 00:00:00+00:00
[2025-02-06T17:58:06.506+0000] {processor.py:208} INFO - Processing /home/airflow/.local/lib/python3.12/site-packages/airflow/example_dags/example_inlet_event_extra.py took 0.985 seconds
[2025-02-06T17:58:37.173+0000] {processor.py:186} INFO - Started process (PID=343) to work on /home/airflow/.local/lib/python3.12/site-packages/airflow/example_dags/example_inlet_event_extra.py
[2025-02-06T17:58:37.174+0000] {processor.py:914} INFO - Processing file /home/airflow/.local/lib/python3.12/site-packages/airflow/example_dags/example_inlet_event_extra.py for tasks to queue
[2025-02-06T17:58:37.177+0000] {logging_mixin.py:190} INFO - [2025-02-06T17:58:37.177+0000] {dagbag.py:588} INFO - Filling up the DagBag from /home/airflow/.local/lib/python3.12/site-packages/airflow/example_dags/example_inlet_event_extra.py
[2025-02-06T17:58:37.952+0000] {processor.py:925} INFO - DAG(s) 'read_dataset_event', 'read_dataset_event_from_classic' retrieved from /home/airflow/.local/lib/python3.12/site-packages/airflow/example_dags/example_inlet_event_extra.py
[2025-02-06T17:58:37.979+0000] {logging_mixin.py:190} INFO - [2025-02-06T17:58:37.978+0000] {dag.py:3239} INFO - Sync 2 DAGs
[2025-02-06T17:58:38.013+0000] {logging_mixin.py:190} INFO - [2025-02-06T17:58:38.013+0000] {dag.py:4180} INFO - Setting next_dagrun for read_dataset_event to 2025-02-05 00:00:00+00:00, run_after=2025-02-06 00:00:00+00:00
[2025-02-06T17:58:38.021+0000] {logging_mixin.py:190} INFO - [2025-02-06T17:58:38.020+0000] {dag.py:4180} INFO - Setting next_dagrun for read_dataset_event_from_classic to 2025-02-05 00:00:00+00:00, run_after=2025-02-06 00:00:00+00:00
[2025-02-06T17:58:38.043+0000] {processor.py:208} INFO - Processing /home/airflow/.local/lib/python3.12/site-packages/airflow/example_dags/example_inlet_event_extra.py took 0.877 seconds
[2025-02-06T17:59:08.799+0000] {processor.py:186} INFO - Started process (PID=401) to work on /home/airflow/.local/lib/python3.12/site-packages/airflow/example_dags/example_inlet_event_extra.py
[2025-02-06T17:59:08.800+0000] {processor.py:914} INFO - Processing file /home/airflow/.local/lib/python3.12/site-packages/airflow/example_dags/example_inlet_event_extra.py for tasks to queue
[2025-02-06T17:59:08.803+0000] {logging_mixin.py:190} INFO - [2025-02-06T17:59:08.802+0000] {dagbag.py:588} INFO - Filling up the DagBag from /home/airflow/.local/lib/python3.12/site-packages/airflow/example_dags/example_inlet_event_extra.py
[2025-02-06T17:59:09.510+0000] {processor.py:925} INFO - DAG(s) 'read_dataset_event_from_classic', 'read_dataset_event' retrieved from /home/airflow/.local/lib/python3.12/site-packages/airflow/example_dags/example_inlet_event_extra.py
[2025-02-06T17:59:09.539+0000] {logging_mixin.py:190} INFO - [2025-02-06T17:59:09.538+0000] {dag.py:3239} INFO - Sync 2 DAGs
[2025-02-06T17:59:09.573+0000] {logging_mixin.py:190} INFO - [2025-02-06T17:59:09.573+0000] {dag.py:4180} INFO - Setting next_dagrun for read_dataset_event to 2025-02-05 00:00:00+00:00, run_after=2025-02-06 00:00:00+00:00
[2025-02-06T17:59:09.581+0000] {logging_mixin.py:190} INFO - [2025-02-06T17:59:09.580+0000] {dag.py:4180} INFO - Setting next_dagrun for read_dataset_event_from_classic to 2025-02-05 00:00:00+00:00, run_after=2025-02-06 00:00:00+00:00
[2025-02-06T17:59:09.604+0000] {processor.py:208} INFO - Processing /home/airflow/.local/lib/python3.12/site-packages/airflow/example_dags/example_inlet_event_extra.py took 0.813 seconds
[2025-02-06T17:59:39.957+0000] {processor.py:186} INFO - Started process (PID=459) to work on /home/airflow/.local/lib/python3.12/site-packages/airflow/example_dags/example_inlet_event_extra.py
[2025-02-06T17:59:39.959+0000] {processor.py:914} INFO - Processing file /home/airflow/.local/lib/python3.12/site-packages/airflow/example_dags/example_inlet_event_extra.py for tasks to queue
[2025-02-06T17:59:39.962+0000] {logging_mixin.py:190} INFO - [2025-02-06T17:59:39.961+0000] {dagbag.py:588} INFO - Filling up the DagBag from /home/airflow/.local/lib/python3.12/site-packages/airflow/example_dags/example_inlet_event_extra.py
[2025-02-06T17:59:40.669+0000] {processor.py:925} INFO - DAG(s) 'read_dataset_event_from_classic', 'read_dataset_event' retrieved from /home/airflow/.local/lib/python3.12/site-packages/airflow/example_dags/example_inlet_event_extra.py
[2025-02-06T17:59:40.697+0000] {logging_mixin.py:190} INFO - [2025-02-06T17:59:40.696+0000] {dag.py:3239} INFO - Sync 2 DAGs
[2025-02-06T17:59:40.729+0000] {logging_mixin.py:190} INFO - [2025-02-06T17:59:40.728+0000] {dag.py:4180} INFO - Setting next_dagrun for read_dataset_event to 2025-02-05 00:00:00+00:00, run_after=2025-02-06 00:00:00+00:00
[2025-02-06T17:59:40.736+0000] {logging_mixin.py:190} INFO - [2025-02-06T17:59:40.735+0000] {dag.py:4180} INFO - Setting next_dagrun for read_dataset_event_from_classic to 2025-02-05 00:00:00+00:00, run_after=2025-02-06 00:00:00+00:00
[2025-02-06T17:59:40.757+0000] {processor.py:208} INFO - Processing /home/airflow/.local/lib/python3.12/site-packages/airflow/example_dags/example_inlet_event_extra.py took 0.812 seconds
[2025-02-06T18:00:11.148+0000] {processor.py:186} INFO - Started process (PID=517) to work on /home/airflow/.local/lib/python3.12/site-packages/airflow/example_dags/example_inlet_event_extra.py
[2025-02-06T18:00:11.150+0000] {processor.py:914} INFO - Processing file /home/airflow/.local/lib/python3.12/site-packages/airflow/example_dags/example_inlet_event_extra.py for tasks to queue
[2025-02-06T18:00:11.153+0000] {logging_mixin.py:190} INFO - [2025-02-06T18:00:11.152+0000] {dagbag.py:588} INFO - Filling up the DagBag from /home/airflow/.local/lib/python3.12/site-packages/airflow/example_dags/example_inlet_event_extra.py
[2025-02-06T18:00:11.946+0000] {processor.py:925} INFO - DAG(s) 'read_dataset_event_from_classic', 'read_dataset_event' retrieved from /home/airflow/.local/lib/python3.12/site-packages/airflow/example_dags/example_inlet_event_extra.py
[2025-02-06T18:00:11.972+0000] {logging_mixin.py:190} INFO - [2025-02-06T18:00:11.972+0000] {dag.py:3239} INFO - Sync 2 DAGs
[2025-02-06T18:00:12.003+0000] {logging_mixin.py:190} INFO - [2025-02-06T18:00:12.003+0000] {dag.py:4180} INFO - Setting next_dagrun for read_dataset_event to 2025-02-05 00:00:00+00:00, run_after=2025-02-06 00:00:00+00:00
[2025-02-06T18:00:12.010+0000] {logging_mixin.py:190} INFO - [2025-02-06T18:00:12.010+0000] {dag.py:4180} INFO - Setting next_dagrun for read_dataset_event_from_classic to 2025-02-05 00:00:00+00:00, run_after=2025-02-06 00:00:00+00:00
[2025-02-06T18:00:12.032+0000] {processor.py:208} INFO - Processing /home/airflow/.local/lib/python3.12/site-packages/airflow/example_dags/example_inlet_event_extra.py took 0.893 seconds
[2025-02-06T18:00:42.375+0000] {processor.py:186} INFO - Started process (PID=575) to work on /home/airflow/.local/lib/python3.12/site-packages/airflow/example_dags/example_inlet_event_extra.py
[2025-02-06T18:00:42.376+0000] {processor.py:914} INFO - Processing file /home/airflow/.local/lib/python3.12/site-packages/airflow/example_dags/example_inlet_event_extra.py for tasks to queue
[2025-02-06T18:00:42.379+0000] {logging_mixin.py:190} INFO - [2025-02-06T18:00:42.379+0000] {dagbag.py:588} INFO - Filling up the DagBag from /home/airflow/.local/lib/python3.12/site-packages/airflow/example_dags/example_inlet_event_extra.py
[2025-02-06T18:00:43.163+0000] {processor.py:925} INFO - DAG(s) 'read_dataset_event', 'read_dataset_event_from_classic' retrieved from /home/airflow/.local/lib/python3.12/site-packages/airflow/example_dags/example_inlet_event_extra.py
[2025-02-06T18:00:43.213+0000] {logging_mixin.py:190} INFO - [2025-02-06T18:00:43.212+0000] {dag.py:3239} INFO - Sync 2 DAGs
[2025-02-06T18:00:43.289+0000] {logging_mixin.py:190} INFO - [2025-02-06T18:00:43.289+0000] {dag.py:4180} INFO - Setting next_dagrun for read_dataset_event to 2025-02-05 00:00:00+00:00, run_after=2025-02-06 00:00:00+00:00
[2025-02-06T18:00:43.306+0000] {logging_mixin.py:190} INFO - [2025-02-06T18:00:43.306+0000] {dag.py:4180} INFO - Setting next_dagrun for read_dataset_event_from_classic to 2025-02-05 00:00:00+00:00, run_after=2025-02-06 00:00:00+00:00
[2025-02-06T18:00:43.355+0000] {processor.py:208} INFO - Processing /home/airflow/.local/lib/python3.12/site-packages/airflow/example_dags/example_inlet_event_extra.py took 0.988 seconds
[2025-02-06T18:01:13.822+0000] {processor.py:186} INFO - Started process (PID=633) to work on /home/airflow/.local/lib/python3.12/site-packages/airflow/example_dags/example_inlet_event_extra.py
[2025-02-06T18:01:13.823+0000] {processor.py:914} INFO - Processing file /home/airflow/.local/lib/python3.12/site-packages/airflow/example_dags/example_inlet_event_extra.py for tasks to queue
[2025-02-06T18:01:13.827+0000] {logging_mixin.py:190} INFO - [2025-02-06T18:01:13.826+0000] {dagbag.py:588} INFO - Filling up the DagBag from /home/airflow/.local/lib/python3.12/site-packages/airflow/example_dags/example_inlet_event_extra.py
[2025-02-06T18:01:14.986+0000] {processor.py:925} INFO - DAG(s) 'read_dataset_event', 'read_dataset_event_from_classic' retrieved from /home/airflow/.local/lib/python3.12/site-packages/airflow/example_dags/example_inlet_event_extra.py
[2025-02-06T18:01:15.016+0000] {logging_mixin.py:190} INFO - [2025-02-06T18:01:15.016+0000] {dag.py:3239} INFO - Sync 2 DAGs
[2025-02-06T18:01:15.049+0000] {logging_mixin.py:190} INFO - [2025-02-06T18:01:15.049+0000] {dag.py:4180} INFO - Setting next_dagrun for read_dataset_event to 2025-02-05 00:00:00+00:00, run_after=2025-02-06 00:00:00+00:00
[2025-02-06T18:01:15.057+0000] {logging_mixin.py:190} INFO - [2025-02-06T18:01:15.056+0000] {dag.py:4180} INFO - Setting next_dagrun for read_dataset_event_from_classic to 2025-02-05 00:00:00+00:00, run_after=2025-02-06 00:00:00+00:00
[2025-02-06T18:01:15.080+0000] {processor.py:208} INFO - Processing /home/airflow/.local/lib/python3.12/site-packages/airflow/example_dags/example_inlet_event_extra.py took 1.267 seconds
[2025-02-06T18:01:45.194+0000] {processor.py:186} INFO - Started process (PID=691) to work on /home/airflow/.local/lib/python3.12/site-packages/airflow/example_dags/example_inlet_event_extra.py
[2025-02-06T18:01:45.195+0000] {processor.py:914} INFO - Processing file /home/airflow/.local/lib/python3.12/site-packages/airflow/example_dags/example_inlet_event_extra.py for tasks to queue
[2025-02-06T18:01:45.199+0000] {logging_mixin.py:190} INFO - [2025-02-06T18:01:45.198+0000] {dagbag.py:588} INFO - Filling up the DagBag from /home/airflow/.local/lib/python3.12/site-packages/airflow/example_dags/example_inlet_event_extra.py
[2025-02-06T18:01:45.956+0000] {processor.py:925} INFO - DAG(s) 'read_dataset_event', 'read_dataset_event_from_classic' retrieved from /home/airflow/.local/lib/python3.12/site-packages/airflow/example_dags/example_inlet_event_extra.py
[2025-02-06T18:01:45.989+0000] {logging_mixin.py:190} INFO - [2025-02-06T18:01:45.988+0000] {dag.py:3239} INFO - Sync 2 DAGs
[2025-02-06T18:01:46.023+0000] {logging_mixin.py:190} INFO - [2025-02-06T18:01:46.023+0000] {dag.py:4180} INFO - Setting next_dagrun for read_dataset_event to 2025-02-05 00:00:00+00:00, run_after=2025-02-06 00:00:00+00:00
[2025-02-06T18:01:46.030+0000] {logging_mixin.py:190} INFO - [2025-02-06T18:01:46.030+0000] {dag.py:4180} INFO - Setting next_dagrun for read_dataset_event_from_classic to 2025-02-05 00:00:00+00:00, run_after=2025-02-06 00:00:00+00:00
[2025-02-06T18:01:46.052+0000] {processor.py:208} INFO - Processing /home/airflow/.local/lib/python3.12/site-packages/airflow/example_dags/example_inlet_event_extra.py took 0.865 seconds
[2025-02-06T18:15:31.262+0000] {processor.py:186} INFO - Started process (PID=37) to work on /home/airflow/.local/lib/python3.12/site-packages/airflow/example_dags/example_inlet_event_extra.py
[2025-02-06T18:15:31.264+0000] {processor.py:914} INFO - Processing file /home/airflow/.local/lib/python3.12/site-packages/airflow/example_dags/example_inlet_event_extra.py for tasks to queue
[2025-02-06T18:15:31.269+0000] {logging_mixin.py:190} INFO - [2025-02-06T18:15:31.268+0000] {dagbag.py:588} INFO - Filling up the DagBag from /home/airflow/.local/lib/python3.12/site-packages/airflow/example_dags/example_inlet_event_extra.py
[2025-02-06T18:15:34.698+0000] {processor.py:925} INFO - DAG(s) 'read_dataset_event', 'read_dataset_event_from_classic' retrieved from /home/airflow/.local/lib/python3.12/site-packages/airflow/example_dags/example_inlet_event_extra.py
[2025-02-06T18:15:34.758+0000] {logging_mixin.py:190} INFO - [2025-02-06T18:15:34.755+0000] {dag.py:3239} INFO - Sync 2 DAGs
[2025-02-06T18:15:34.824+0000] {logging_mixin.py:190} INFO - [2025-02-06T18:15:34.824+0000] {dag.py:4180} INFO - Setting next_dagrun for read_dataset_event to 2025-02-05 00:00:00+00:00, run_after=2025-02-06 00:00:00+00:00
[2025-02-06T18:15:34.847+0000] {logging_mixin.py:190} INFO - [2025-02-06T18:15:34.847+0000] {dag.py:4180} INFO - Setting next_dagrun for read_dataset_event_from_classic to 2025-02-05 00:00:00+00:00, run_after=2025-02-06 00:00:00+00:00
[2025-02-06T18:15:34.905+0000] {processor.py:208} INFO - Processing /home/airflow/.local/lib/python3.12/site-packages/airflow/example_dags/example_inlet_event_extra.py took 3.657 seconds
[2025-02-06T18:16:05.210+0000] {processor.py:186} INFO - Started process (PID=103) to work on /home/airflow/.local/lib/python3.12/site-packages/airflow/example_dags/example_inlet_event_extra.py
[2025-02-06T18:16:05.212+0000] {processor.py:914} INFO - Processing file /home/airflow/.local/lib/python3.12/site-packages/airflow/example_dags/example_inlet_event_extra.py for tasks to queue
[2025-02-06T18:16:05.215+0000] {logging_mixin.py:190} INFO - [2025-02-06T18:16:05.215+0000] {dagbag.py:588} INFO - Filling up the DagBag from /home/airflow/.local/lib/python3.12/site-packages/airflow/example_dags/example_inlet_event_extra.py
[2025-02-06T18:16:06.363+0000] {processor.py:925} INFO - DAG(s) 'read_dataset_event', 'read_dataset_event_from_classic' retrieved from /home/airflow/.local/lib/python3.12/site-packages/airflow/example_dags/example_inlet_event_extra.py
[2025-02-06T18:16:06.394+0000] {logging_mixin.py:190} INFO - [2025-02-06T18:16:06.394+0000] {dag.py:3239} INFO - Sync 2 DAGs
[2025-02-06T18:16:06.433+0000] {logging_mixin.py:190} INFO - [2025-02-06T18:16:06.432+0000] {dag.py:4180} INFO - Setting next_dagrun for read_dataset_event to 2025-02-05 00:00:00+00:00, run_after=2025-02-06 00:00:00+00:00
[2025-02-06T18:16:06.442+0000] {logging_mixin.py:190} INFO - [2025-02-06T18:16:06.442+0000] {dag.py:4180} INFO - Setting next_dagrun for read_dataset_event_from_classic to 2025-02-05 00:00:00+00:00, run_after=2025-02-06 00:00:00+00:00
[2025-02-06T18:16:06.469+0000] {processor.py:208} INFO - Processing /home/airflow/.local/lib/python3.12/site-packages/airflow/example_dags/example_inlet_event_extra.py took 1.266 seconds
[2025-02-06T18:16:36.900+0000] {processor.py:186} INFO - Started process (PID=163) to work on /home/airflow/.local/lib/python3.12/site-packages/airflow/example_dags/example_inlet_event_extra.py
[2025-02-06T18:16:36.901+0000] {processor.py:914} INFO - Processing file /home/airflow/.local/lib/python3.12/site-packages/airflow/example_dags/example_inlet_event_extra.py for tasks to queue
[2025-02-06T18:16:36.904+0000] {logging_mixin.py:190} INFO - [2025-02-06T18:16:36.904+0000] {dagbag.py:588} INFO - Filling up the DagBag from /home/airflow/.local/lib/python3.12/site-packages/airflow/example_dags/example_inlet_event_extra.py
[2025-02-06T18:16:37.760+0000] {processor.py:925} INFO - DAG(s) 'read_dataset_event_from_classic', 'read_dataset_event' retrieved from /home/airflow/.local/lib/python3.12/site-packages/airflow/example_dags/example_inlet_event_extra.py
[2025-02-06T18:16:37.791+0000] {logging_mixin.py:190} INFO - [2025-02-06T18:16:37.790+0000] {dag.py:3239} INFO - Sync 2 DAGs
[2025-02-06T18:16:37.831+0000] {logging_mixin.py:190} INFO - [2025-02-06T18:16:37.830+0000] {dag.py:4180} INFO - Setting next_dagrun for read_dataset_event to 2025-02-05 00:00:00+00:00, run_after=2025-02-06 00:00:00+00:00
[2025-02-06T18:16:37.838+0000] {logging_mixin.py:190} INFO - [2025-02-06T18:16:37.837+0000] {dag.py:4180} INFO - Setting next_dagrun for read_dataset_event_from_classic to 2025-02-05 00:00:00+00:00, run_after=2025-02-06 00:00:00+00:00
[2025-02-06T18:16:37.858+0000] {processor.py:208} INFO - Processing /home/airflow/.local/lib/python3.12/site-packages/airflow/example_dags/example_inlet_event_extra.py took 0.966 seconds
[2025-02-06T18:17:08.304+0000] {processor.py:186} INFO - Started process (PID=220) to work on /home/airflow/.local/lib/python3.12/site-packages/airflow/example_dags/example_inlet_event_extra.py
[2025-02-06T18:17:08.306+0000] {processor.py:914} INFO - Processing file /home/airflow/.local/lib/python3.12/site-packages/airflow/example_dags/example_inlet_event_extra.py for tasks to queue
[2025-02-06T18:17:08.308+0000] {logging_mixin.py:190} INFO - [2025-02-06T18:17:08.308+0000] {dagbag.py:588} INFO - Filling up the DagBag from /home/airflow/.local/lib/python3.12/site-packages/airflow/example_dags/example_inlet_event_extra.py
[2025-02-06T18:17:09.183+0000] {processor.py:925} INFO - DAG(s) 'read_dataset_event', 'read_dataset_event_from_classic' retrieved from /home/airflow/.local/lib/python3.12/site-packages/airflow/example_dags/example_inlet_event_extra.py
[2025-02-06T18:17:09.207+0000] {logging_mixin.py:190} INFO - [2025-02-06T18:17:09.207+0000] {dag.py:3239} INFO - Sync 2 DAGs
[2025-02-06T18:17:09.241+0000] {logging_mixin.py:190} INFO - [2025-02-06T18:17:09.240+0000] {dag.py:4180} INFO - Setting next_dagrun for read_dataset_event to 2025-02-05 00:00:00+00:00, run_after=2025-02-06 00:00:00+00:00
[2025-02-06T18:17:09.250+0000] {logging_mixin.py:190} INFO - [2025-02-06T18:17:09.249+0000] {dag.py:4180} INFO - Setting next_dagrun for read_dataset_event_from_classic to 2025-02-05 00:00:00+00:00, run_after=2025-02-06 00:00:00+00:00
[2025-02-06T18:17:09.281+0000] {processor.py:208} INFO - Processing /home/airflow/.local/lib/python3.12/site-packages/airflow/example_dags/example_inlet_event_extra.py took 0.984 seconds
[2025-02-06T18:17:39.751+0000] {processor.py:186} INFO - Started process (PID=279) to work on /home/airflow/.local/lib/python3.12/site-packages/airflow/example_dags/example_inlet_event_extra.py
[2025-02-06T18:17:39.753+0000] {processor.py:914} INFO - Processing file /home/airflow/.local/lib/python3.12/site-packages/airflow/example_dags/example_inlet_event_extra.py for tasks to queue
[2025-02-06T18:17:39.757+0000] {logging_mixin.py:190} INFO - [2025-02-06T18:17:39.757+0000] {dagbag.py:588} INFO - Filling up the DagBag from /home/airflow/.local/lib/python3.12/site-packages/airflow/example_dags/example_inlet_event_extra.py
[2025-02-06T18:17:40.641+0000] {processor.py:925} INFO - DAG(s) 'read_dataset_event_from_classic', 'read_dataset_event' retrieved from /home/airflow/.local/lib/python3.12/site-packages/airflow/example_dags/example_inlet_event_extra.py
[2025-02-06T18:17:40.666+0000] {logging_mixin.py:190} INFO - [2025-02-06T18:17:40.666+0000] {dag.py:3239} INFO - Sync 2 DAGs
[2025-02-06T18:17:40.698+0000] {logging_mixin.py:190} INFO - [2025-02-06T18:17:40.698+0000] {dag.py:4180} INFO - Setting next_dagrun for read_dataset_event to 2025-02-05 00:00:00+00:00, run_after=2025-02-06 00:00:00+00:00
[2025-02-06T18:17:40.705+0000] {logging_mixin.py:190} INFO - [2025-02-06T18:17:40.704+0000] {dag.py:4180} INFO - Setting next_dagrun for read_dataset_event_from_classic to 2025-02-05 00:00:00+00:00, run_after=2025-02-06 00:00:00+00:00
[2025-02-06T18:17:40.723+0000] {processor.py:208} INFO - Processing /home/airflow/.local/lib/python3.12/site-packages/airflow/example_dags/example_inlet_event_extra.py took 0.981 seconds
[2025-02-06T18:18:10.829+0000] {processor.py:186} INFO - Started process (PID=341) to work on /home/airflow/.local/lib/python3.12/site-packages/airflow/example_dags/example_inlet_event_extra.py
[2025-02-06T18:18:10.830+0000] {processor.py:914} INFO - Processing file /home/airflow/.local/lib/python3.12/site-packages/airflow/example_dags/example_inlet_event_extra.py for tasks to queue
[2025-02-06T18:18:10.833+0000] {logging_mixin.py:190} INFO - [2025-02-06T18:18:10.833+0000] {dagbag.py:588} INFO - Filling up the DagBag from /home/airflow/.local/lib/python3.12/site-packages/airflow/example_dags/example_inlet_event_extra.py
[2025-02-06T18:18:11.802+0000] {processor.py:925} INFO - DAG(s) 'read_dataset_event_from_classic', 'read_dataset_event' retrieved from /home/airflow/.local/lib/python3.12/site-packages/airflow/example_dags/example_inlet_event_extra.py
[2025-02-06T18:18:11.834+0000] {logging_mixin.py:190} INFO - [2025-02-06T18:18:11.833+0000] {dag.py:3239} INFO - Sync 2 DAGs
[2025-02-06T18:18:11.876+0000] {logging_mixin.py:190} INFO - [2025-02-06T18:18:11.875+0000] {dag.py:4180} INFO - Setting next_dagrun for read_dataset_event to 2025-02-05 00:00:00+00:00, run_after=2025-02-06 00:00:00+00:00
[2025-02-06T18:18:11.883+0000] {logging_mixin.py:190} INFO - [2025-02-06T18:18:11.883+0000] {dag.py:4180} INFO - Setting next_dagrun for read_dataset_event_from_classic to 2025-02-05 00:00:00+00:00, run_after=2025-02-06 00:00:00+00:00
[2025-02-06T18:18:11.910+0000] {processor.py:208} INFO - Processing /home/airflow/.local/lib/python3.12/site-packages/airflow/example_dags/example_inlet_event_extra.py took 1.090 seconds
[2025-02-06T18:18:42.096+0000] {processor.py:186} INFO - Started process (PID=397) to work on /home/airflow/.local/lib/python3.12/site-packages/airflow/example_dags/example_inlet_event_extra.py
[2025-02-06T18:18:42.099+0000] {processor.py:914} INFO - Processing file /home/airflow/.local/lib/python3.12/site-packages/airflow/example_dags/example_inlet_event_extra.py for tasks to queue
[2025-02-06T18:18:42.105+0000] {logging_mixin.py:190} INFO - [2025-02-06T18:18:42.104+0000] {dagbag.py:588} INFO - Filling up the DagBag from /home/airflow/.local/lib/python3.12/site-packages/airflow/example_dags/example_inlet_event_extra.py
[2025-02-06T18:18:43.763+0000] {processor.py:925} INFO - DAG(s) 'read_dataset_event_from_classic', 'read_dataset_event' retrieved from /home/airflow/.local/lib/python3.12/site-packages/airflow/example_dags/example_inlet_event_extra.py
[2025-02-06T18:18:43.828+0000] {logging_mixin.py:190} INFO - [2025-02-06T18:18:43.825+0000] {dag.py:3239} INFO - Sync 2 DAGs
[2025-02-06T18:18:43.921+0000] {logging_mixin.py:190} INFO - [2025-02-06T18:18:43.921+0000] {dag.py:4180} INFO - Setting next_dagrun for read_dataset_event to 2025-02-05 00:00:00+00:00, run_after=2025-02-06 00:00:00+00:00
[2025-02-06T18:18:43.952+0000] {logging_mixin.py:190} INFO - [2025-02-06T18:18:43.949+0000] {dag.py:4180} INFO - Setting next_dagrun for read_dataset_event_from_classic to 2025-02-05 00:00:00+00:00, run_after=2025-02-06 00:00:00+00:00
[2025-02-06T18:18:44.022+0000] {processor.py:208} INFO - Processing /home/airflow/.local/lib/python3.12/site-packages/airflow/example_dags/example_inlet_event_extra.py took 1.945 seconds
[2025-02-06T18:19:14.339+0000] {processor.py:186} INFO - Started process (PID=460) to work on /home/airflow/.local/lib/python3.12/site-packages/airflow/example_dags/example_inlet_event_extra.py
[2025-02-06T18:19:14.341+0000] {processor.py:914} INFO - Processing file /home/airflow/.local/lib/python3.12/site-packages/airflow/example_dags/example_inlet_event_extra.py for tasks to queue
[2025-02-06T18:19:14.345+0000] {logging_mixin.py:190} INFO - [2025-02-06T18:19:14.345+0000] {dagbag.py:588} INFO - Filling up the DagBag from /home/airflow/.local/lib/python3.12/site-packages/airflow/example_dags/example_inlet_event_extra.py
[2025-02-06T18:19:15.489+0000] {processor.py:925} INFO - DAG(s) 'read_dataset_event', 'read_dataset_event_from_classic' retrieved from /home/airflow/.local/lib/python3.12/site-packages/airflow/example_dags/example_inlet_event_extra.py
[2025-02-06T18:19:15.540+0000] {logging_mixin.py:190} INFO - [2025-02-06T18:19:15.539+0000] {dag.py:3239} INFO - Sync 2 DAGs
[2025-02-06T18:19:15.596+0000] {logging_mixin.py:190} INFO - [2025-02-06T18:19:15.596+0000] {dag.py:4180} INFO - Setting next_dagrun for read_dataset_event to 2025-02-05 00:00:00+00:00, run_after=2025-02-06 00:00:00+00:00
[2025-02-06T18:19:15.608+0000] {logging_mixin.py:190} INFO - [2025-02-06T18:19:15.608+0000] {dag.py:4180} INFO - Setting next_dagrun for read_dataset_event_from_classic to 2025-02-05 00:00:00+00:00, run_after=2025-02-06 00:00:00+00:00
[2025-02-06T18:19:15.641+0000] {processor.py:208} INFO - Processing /home/airflow/.local/lib/python3.12/site-packages/airflow/example_dags/example_inlet_event_extra.py took 1.316 seconds
[2025-02-06T18:19:45.865+0000] {processor.py:186} INFO - Started process (PID=518) to work on /home/airflow/.local/lib/python3.12/site-packages/airflow/example_dags/example_inlet_event_extra.py
[2025-02-06T18:19:45.866+0000] {processor.py:914} INFO - Processing file /home/airflow/.local/lib/python3.12/site-packages/airflow/example_dags/example_inlet_event_extra.py for tasks to queue
[2025-02-06T18:19:45.873+0000] {logging_mixin.py:190} INFO - [2025-02-06T18:19:45.871+0000] {dagbag.py:588} INFO - Filling up the DagBag from /home/airflow/.local/lib/python3.12/site-packages/airflow/example_dags/example_inlet_event_extra.py
[2025-02-06T18:19:47.366+0000] {processor.py:925} INFO - DAG(s) 'read_dataset_event_from_classic', 'read_dataset_event' retrieved from /home/airflow/.local/lib/python3.12/site-packages/airflow/example_dags/example_inlet_event_extra.py
[2025-02-06T18:19:47.418+0000] {logging_mixin.py:190} INFO - [2025-02-06T18:19:47.418+0000] {dag.py:3239} INFO - Sync 2 DAGs
[2025-02-06T18:19:47.487+0000] {logging_mixin.py:190} INFO - [2025-02-06T18:19:47.486+0000] {dag.py:4180} INFO - Setting next_dagrun for read_dataset_event to 2025-02-05 00:00:00+00:00, run_after=2025-02-06 00:00:00+00:00
[2025-02-06T18:19:47.498+0000] {logging_mixin.py:190} INFO - [2025-02-06T18:19:47.498+0000] {dag.py:4180} INFO - Setting next_dagrun for read_dataset_event_from_classic to 2025-02-05 00:00:00+00:00, run_after=2025-02-06 00:00:00+00:00
[2025-02-06T18:19:47.536+0000] {processor.py:208} INFO - Processing /home/airflow/.local/lib/python3.12/site-packages/airflow/example_dags/example_inlet_event_extra.py took 1.681 seconds
[2025-02-06T18:20:17.948+0000] {processor.py:186} INFO - Started process (PID=579) to work on /home/airflow/.local/lib/python3.12/site-packages/airflow/example_dags/example_inlet_event_extra.py
[2025-02-06T18:20:17.949+0000] {processor.py:914} INFO - Processing file /home/airflow/.local/lib/python3.12/site-packages/airflow/example_dags/example_inlet_event_extra.py for tasks to queue
[2025-02-06T18:20:17.953+0000] {logging_mixin.py:190} INFO - [2025-02-06T18:20:17.953+0000] {dagbag.py:588} INFO - Filling up the DagBag from /home/airflow/.local/lib/python3.12/site-packages/airflow/example_dags/example_inlet_event_extra.py
[2025-02-06T18:20:19.101+0000] {processor.py:925} INFO - DAG(s) 'read_dataset_event', 'read_dataset_event_from_classic' retrieved from /home/airflow/.local/lib/python3.12/site-packages/airflow/example_dags/example_inlet_event_extra.py
[2025-02-06T18:20:19.128+0000] {logging_mixin.py:190} INFO - [2025-02-06T18:20:19.128+0000] {dag.py:3239} INFO - Sync 2 DAGs
[2025-02-06T18:20:19.165+0000] {logging_mixin.py:190} INFO - [2025-02-06T18:20:19.164+0000] {dag.py:4180} INFO - Setting next_dagrun for read_dataset_event to 2025-02-05 00:00:00+00:00, run_after=2025-02-06 00:00:00+00:00
[2025-02-06T18:20:19.173+0000] {logging_mixin.py:190} INFO - [2025-02-06T18:20:19.173+0000] {dag.py:4180} INFO - Setting next_dagrun for read_dataset_event_from_classic to 2025-02-05 00:00:00+00:00, run_after=2025-02-06 00:00:00+00:00
[2025-02-06T18:20:19.194+0000] {processor.py:208} INFO - Processing /home/airflow/.local/lib/python3.12/site-packages/airflow/example_dags/example_inlet_event_extra.py took 1.254 seconds
[2025-02-06T18:20:50.039+0000] {processor.py:186} INFO - Started process (PID=640) to work on /home/airflow/.local/lib/python3.12/site-packages/airflow/example_dags/example_inlet_event_extra.py
[2025-02-06T18:20:50.041+0000] {processor.py:914} INFO - Processing file /home/airflow/.local/lib/python3.12/site-packages/airflow/example_dags/example_inlet_event_extra.py for tasks to queue
[2025-02-06T18:20:50.044+0000] {logging_mixin.py:190} INFO - [2025-02-06T18:20:50.044+0000] {dagbag.py:588} INFO - Filling up the DagBag from /home/airflow/.local/lib/python3.12/site-packages/airflow/example_dags/example_inlet_event_extra.py
[2025-02-06T18:20:50.845+0000] {processor.py:925} INFO - DAG(s) 'read_dataset_event_from_classic', 'read_dataset_event' retrieved from /home/airflow/.local/lib/python3.12/site-packages/airflow/example_dags/example_inlet_event_extra.py
[2025-02-06T18:20:50.872+0000] {logging_mixin.py:190} INFO - [2025-02-06T18:20:50.872+0000] {dag.py:3239} INFO - Sync 2 DAGs
[2025-02-06T18:20:50.910+0000] {logging_mixin.py:190} INFO - [2025-02-06T18:20:50.909+0000] {dag.py:4180} INFO - Setting next_dagrun for read_dataset_event to 2025-02-05 00:00:00+00:00, run_after=2025-02-06 00:00:00+00:00
[2025-02-06T18:20:50.917+0000] {logging_mixin.py:190} INFO - [2025-02-06T18:20:50.916+0000] {dag.py:4180} INFO - Setting next_dagrun for read_dataset_event_from_classic to 2025-02-05 00:00:00+00:00, run_after=2025-02-06 00:00:00+00:00
[2025-02-06T18:20:50.944+0000] {processor.py:208} INFO - Processing /home/airflow/.local/lib/python3.12/site-packages/airflow/example_dags/example_inlet_event_extra.py took 0.914 seconds
[2025-02-06T18:21:21.561+0000] {processor.py:186} INFO - Started process (PID=697) to work on /home/airflow/.local/lib/python3.12/site-packages/airflow/example_dags/example_inlet_event_extra.py
[2025-02-06T18:21:21.563+0000] {processor.py:914} INFO - Processing file /home/airflow/.local/lib/python3.12/site-packages/airflow/example_dags/example_inlet_event_extra.py for tasks to queue
[2025-02-06T18:21:21.567+0000] {logging_mixin.py:190} INFO - [2025-02-06T18:21:21.567+0000] {dagbag.py:588} INFO - Filling up the DagBag from /home/airflow/.local/lib/python3.12/site-packages/airflow/example_dags/example_inlet_event_extra.py
[2025-02-06T18:21:22.502+0000] {processor.py:925} INFO - DAG(s) 'read_dataset_event_from_classic', 'read_dataset_event' retrieved from /home/airflow/.local/lib/python3.12/site-packages/airflow/example_dags/example_inlet_event_extra.py
[2025-02-06T18:21:22.533+0000] {logging_mixin.py:190} INFO - [2025-02-06T18:21:22.533+0000] {dag.py:3239} INFO - Sync 2 DAGs
[2025-02-06T18:21:22.586+0000] {logging_mixin.py:190} INFO - [2025-02-06T18:21:22.585+0000] {dag.py:4180} INFO - Setting next_dagrun for read_dataset_event to 2025-02-05 00:00:00+00:00, run_after=2025-02-06 00:00:00+00:00
[2025-02-06T18:21:22.600+0000] {logging_mixin.py:190} INFO - [2025-02-06T18:21:22.600+0000] {dag.py:4180} INFO - Setting next_dagrun for read_dataset_event_from_classic to 2025-02-05 00:00:00+00:00, run_after=2025-02-06 00:00:00+00:00
[2025-02-06T18:21:22.634+0000] {processor.py:208} INFO - Processing /home/airflow/.local/lib/python3.12/site-packages/airflow/example_dags/example_inlet_event_extra.py took 1.082 seconds
[2025-02-06T18:21:53.145+0000] {processor.py:186} INFO - Started process (PID=754) to work on /home/airflow/.local/lib/python3.12/site-packages/airflow/example_dags/example_inlet_event_extra.py
[2025-02-06T18:21:53.146+0000] {processor.py:914} INFO - Processing file /home/airflow/.local/lib/python3.12/site-packages/airflow/example_dags/example_inlet_event_extra.py for tasks to queue
[2025-02-06T18:21:53.152+0000] {logging_mixin.py:190} INFO - [2025-02-06T18:21:53.152+0000] {dagbag.py:588} INFO - Filling up the DagBag from /home/airflow/.local/lib/python3.12/site-packages/airflow/example_dags/example_inlet_event_extra.py
[2025-02-06T18:21:53.971+0000] {processor.py:925} INFO - DAG(s) 'read_dataset_event', 'read_dataset_event_from_classic' retrieved from /home/airflow/.local/lib/python3.12/site-packages/airflow/example_dags/example_inlet_event_extra.py
[2025-02-06T18:21:53.997+0000] {logging_mixin.py:190} INFO - [2025-02-06T18:21:53.997+0000] {dag.py:3239} INFO - Sync 2 DAGs
[2025-02-06T18:21:54.030+0000] {logging_mixin.py:190} INFO - [2025-02-06T18:21:54.030+0000] {dag.py:4180} INFO - Setting next_dagrun for read_dataset_event to 2025-02-05 00:00:00+00:00, run_after=2025-02-06 00:00:00+00:00
[2025-02-06T18:21:54.038+0000] {logging_mixin.py:190} INFO - [2025-02-06T18:21:54.037+0000] {dag.py:4180} INFO - Setting next_dagrun for read_dataset_event_from_classic to 2025-02-05 00:00:00+00:00, run_after=2025-02-06 00:00:00+00:00
[2025-02-06T18:21:54.061+0000] {processor.py:208} INFO - Processing /home/airflow/.local/lib/python3.12/site-packages/airflow/example_dags/example_inlet_event_extra.py took 0.924 seconds
[2025-02-06T18:22:24.216+0000] {processor.py:186} INFO - Started process (PID=811) to work on /home/airflow/.local/lib/python3.12/site-packages/airflow/example_dags/example_inlet_event_extra.py
[2025-02-06T18:22:24.222+0000] {processor.py:914} INFO - Processing file /home/airflow/.local/lib/python3.12/site-packages/airflow/example_dags/example_inlet_event_extra.py for tasks to queue
[2025-02-06T18:22:24.231+0000] {logging_mixin.py:190} INFO - [2025-02-06T18:22:24.230+0000] {dagbag.py:588} INFO - Filling up the DagBag from /home/airflow/.local/lib/python3.12/site-packages/airflow/example_dags/example_inlet_event_extra.py
[2025-02-06T18:22:25.872+0000] {processor.py:925} INFO - DAG(s) 'read_dataset_event_from_classic', 'read_dataset_event' retrieved from /home/airflow/.local/lib/python3.12/site-packages/airflow/example_dags/example_inlet_event_extra.py
[2025-02-06T18:22:25.922+0000] {logging_mixin.py:190} INFO - [2025-02-06T18:22:25.921+0000] {dag.py:3239} INFO - Sync 2 DAGs
[2025-02-06T18:22:25.996+0000] {logging_mixin.py:190} INFO - [2025-02-06T18:22:25.996+0000] {dag.py:4180} INFO - Setting next_dagrun for read_dataset_event to 2025-02-05 00:00:00+00:00, run_after=2025-02-06 00:00:00+00:00
[2025-02-06T18:22:26.014+0000] {logging_mixin.py:190} INFO - [2025-02-06T18:22:26.014+0000] {dag.py:4180} INFO - Setting next_dagrun for read_dataset_event_from_classic to 2025-02-05 00:00:00+00:00, run_after=2025-02-06 00:00:00+00:00
[2025-02-06T18:22:26.067+0000] {processor.py:208} INFO - Processing /home/airflow/.local/lib/python3.12/site-packages/airflow/example_dags/example_inlet_event_extra.py took 1.861 seconds
[2025-02-06T18:22:56.668+0000] {processor.py:186} INFO - Started process (PID=868) to work on /home/airflow/.local/lib/python3.12/site-packages/airflow/example_dags/example_inlet_event_extra.py
[2025-02-06T18:22:56.670+0000] {processor.py:914} INFO - Processing file /home/airflow/.local/lib/python3.12/site-packages/airflow/example_dags/example_inlet_event_extra.py for tasks to queue
[2025-02-06T18:22:56.676+0000] {logging_mixin.py:190} INFO - [2025-02-06T18:22:56.675+0000] {dagbag.py:588} INFO - Filling up the DagBag from /home/airflow/.local/lib/python3.12/site-packages/airflow/example_dags/example_inlet_event_extra.py
[2025-02-06T18:22:57.579+0000] {processor.py:925} INFO - DAG(s) 'read_dataset_event_from_classic', 'read_dataset_event' retrieved from /home/airflow/.local/lib/python3.12/site-packages/airflow/example_dags/example_inlet_event_extra.py
[2025-02-06T18:22:57.604+0000] {logging_mixin.py:190} INFO - [2025-02-06T18:22:57.604+0000] {dag.py:3239} INFO - Sync 2 DAGs
[2025-02-06T18:22:57.639+0000] {logging_mixin.py:190} INFO - [2025-02-06T18:22:57.638+0000] {dag.py:4180} INFO - Setting next_dagrun for read_dataset_event to 2025-02-05 00:00:00+00:00, run_after=2025-02-06 00:00:00+00:00
[2025-02-06T18:22:57.648+0000] {logging_mixin.py:190} INFO - [2025-02-06T18:22:57.648+0000] {dag.py:4180} INFO - Setting next_dagrun for read_dataset_event_from_classic to 2025-02-05 00:00:00+00:00, run_after=2025-02-06 00:00:00+00:00
[2025-02-06T18:22:57.680+0000] {processor.py:208} INFO - Processing /home/airflow/.local/lib/python3.12/site-packages/airflow/example_dags/example_inlet_event_extra.py took 1.021 seconds
[2025-02-06T18:23:28.193+0000] {processor.py:186} INFO - Started process (PID=925) to work on /home/airflow/.local/lib/python3.12/site-packages/airflow/example_dags/example_inlet_event_extra.py
[2025-02-06T18:23:28.195+0000] {processor.py:914} INFO - Processing file /home/airflow/.local/lib/python3.12/site-packages/airflow/example_dags/example_inlet_event_extra.py for tasks to queue
[2025-02-06T18:23:28.198+0000] {logging_mixin.py:190} INFO - [2025-02-06T18:23:28.197+0000] {dagbag.py:588} INFO - Filling up the DagBag from /home/airflow/.local/lib/python3.12/site-packages/airflow/example_dags/example_inlet_event_extra.py
[2025-02-06T18:23:29.719+0000] {processor.py:925} INFO - DAG(s) 'read_dataset_event_from_classic', 'read_dataset_event' retrieved from /home/airflow/.local/lib/python3.12/site-packages/airflow/example_dags/example_inlet_event_extra.py
[2025-02-06T18:23:29.774+0000] {logging_mixin.py:190} INFO - [2025-02-06T18:23:29.773+0000] {dag.py:3239} INFO - Sync 2 DAGs
[2025-02-06T18:23:29.838+0000] {logging_mixin.py:190} INFO - [2025-02-06T18:23:29.837+0000] {dag.py:4180} INFO - Setting next_dagrun for read_dataset_event to 2025-02-05 00:00:00+00:00, run_after=2025-02-06 00:00:00+00:00
[2025-02-06T18:23:29.852+0000] {logging_mixin.py:190} INFO - [2025-02-06T18:23:29.851+0000] {dag.py:4180} INFO - Setting next_dagrun for read_dataset_event_from_classic to 2025-02-05 00:00:00+00:00, run_after=2025-02-06 00:00:00+00:00
[2025-02-06T18:23:29.897+0000] {processor.py:208} INFO - Processing /home/airflow/.local/lib/python3.12/site-packages/airflow/example_dags/example_inlet_event_extra.py took 1.714 seconds
[2025-02-06T18:24:00.701+0000] {processor.py:186} INFO - Started process (PID=982) to work on /home/airflow/.local/lib/python3.12/site-packages/airflow/example_dags/example_inlet_event_extra.py
[2025-02-06T18:24:00.704+0000] {processor.py:914} INFO - Processing file /home/airflow/.local/lib/python3.12/site-packages/airflow/example_dags/example_inlet_event_extra.py for tasks to queue
[2025-02-06T18:24:00.711+0000] {logging_mixin.py:190} INFO - [2025-02-06T18:24:00.710+0000] {dagbag.py:588} INFO - Filling up the DagBag from /home/airflow/.local/lib/python3.12/site-packages/airflow/example_dags/example_inlet_event_extra.py
[2025-02-06T18:24:02.767+0000] {processor.py:925} INFO - DAG(s) 'read_dataset_event_from_classic', 'read_dataset_event' retrieved from /home/airflow/.local/lib/python3.12/site-packages/airflow/example_dags/example_inlet_event_extra.py
[2025-02-06T18:24:02.825+0000] {logging_mixin.py:190} INFO - [2025-02-06T18:24:02.825+0000] {dag.py:3239} INFO - Sync 2 DAGs
[2025-02-06T18:24:02.902+0000] {logging_mixin.py:190} INFO - [2025-02-06T18:24:02.902+0000] {dag.py:4180} INFO - Setting next_dagrun for read_dataset_event to 2025-02-05 00:00:00+00:00, run_after=2025-02-06 00:00:00+00:00
[2025-02-06T18:24:02.922+0000] {logging_mixin.py:190} INFO - [2025-02-06T18:24:02.921+0000] {dag.py:4180} INFO - Setting next_dagrun for read_dataset_event_from_classic to 2025-02-05 00:00:00+00:00, run_after=2025-02-06 00:00:00+00:00
[2025-02-06T18:24:03.001+0000] {processor.py:208} INFO - Processing /home/airflow/.local/lib/python3.12/site-packages/airflow/example_dags/example_inlet_event_extra.py took 2.321 seconds
[2025-02-06T18:24:33.145+0000] {processor.py:186} INFO - Started process (PID=1042) to work on /home/airflow/.local/lib/python3.12/site-packages/airflow/example_dags/example_inlet_event_extra.py
[2025-02-06T18:24:33.150+0000] {processor.py:914} INFO - Processing file /home/airflow/.local/lib/python3.12/site-packages/airflow/example_dags/example_inlet_event_extra.py for tasks to queue
[2025-02-06T18:24:33.158+0000] {logging_mixin.py:190} INFO - [2025-02-06T18:24:33.157+0000] {dagbag.py:588} INFO - Filling up the DagBag from /home/airflow/.local/lib/python3.12/site-packages/airflow/example_dags/example_inlet_event_extra.py
[2025-02-06T18:24:35.039+0000] {processor.py:925} INFO - DAG(s) 'read_dataset_event', 'read_dataset_event_from_classic' retrieved from /home/airflow/.local/lib/python3.12/site-packages/airflow/example_dags/example_inlet_event_extra.py
[2025-02-06T18:24:35.118+0000] {logging_mixin.py:190} INFO - [2025-02-06T18:24:35.117+0000] {dag.py:3239} INFO - Sync 2 DAGs
[2025-02-06T18:24:35.254+0000] {logging_mixin.py:190} INFO - [2025-02-06T18:24:35.253+0000] {dag.py:4180} INFO - Setting next_dagrun for read_dataset_event to 2025-02-05 00:00:00+00:00, run_after=2025-02-06 00:00:00+00:00
[2025-02-06T18:24:35.288+0000] {logging_mixin.py:190} INFO - [2025-02-06T18:24:35.287+0000] {dag.py:4180} INFO - Setting next_dagrun for read_dataset_event_from_classic to 2025-02-05 00:00:00+00:00, run_after=2025-02-06 00:00:00+00:00
[2025-02-06T18:24:35.359+0000] {processor.py:208} INFO - Processing /home/airflow/.local/lib/python3.12/site-packages/airflow/example_dags/example_inlet_event_extra.py took 2.253 seconds
[2025-02-06T18:25:05.894+0000] {processor.py:186} INFO - Started process (PID=1101) to work on /home/airflow/.local/lib/python3.12/site-packages/airflow/example_dags/example_inlet_event_extra.py
[2025-02-06T18:25:05.895+0000] {processor.py:914} INFO - Processing file /home/airflow/.local/lib/python3.12/site-packages/airflow/example_dags/example_inlet_event_extra.py for tasks to queue
[2025-02-06T18:25:05.898+0000] {logging_mixin.py:190} INFO - [2025-02-06T18:25:05.898+0000] {dagbag.py:588} INFO - Filling up the DagBag from /home/airflow/.local/lib/python3.12/site-packages/airflow/example_dags/example_inlet_event_extra.py
[2025-02-06T18:25:06.891+0000] {processor.py:925} INFO - DAG(s) 'read_dataset_event_from_classic', 'read_dataset_event' retrieved from /home/airflow/.local/lib/python3.12/site-packages/airflow/example_dags/example_inlet_event_extra.py
[2025-02-06T18:25:06.927+0000] {logging_mixin.py:190} INFO - [2025-02-06T18:25:06.927+0000] {dag.py:3239} INFO - Sync 2 DAGs
[2025-02-06T18:25:06.970+0000] {logging_mixin.py:190} INFO - [2025-02-06T18:25:06.969+0000] {dag.py:4180} INFO - Setting next_dagrun for read_dataset_event to 2025-02-05 00:00:00+00:00, run_after=2025-02-06 00:00:00+00:00
[2025-02-06T18:25:06.984+0000] {logging_mixin.py:190} INFO - [2025-02-06T18:25:06.984+0000] {dag.py:4180} INFO - Setting next_dagrun for read_dataset_event_from_classic to 2025-02-05 00:00:00+00:00, run_after=2025-02-06 00:00:00+00:00
[2025-02-06T18:25:07.018+0000] {processor.py:208} INFO - Processing /home/airflow/.local/lib/python3.12/site-packages/airflow/example_dags/example_inlet_event_extra.py took 1.131 seconds
[2025-02-06T18:25:37.766+0000] {processor.py:186} INFO - Started process (PID=1160) to work on /home/airflow/.local/lib/python3.12/site-packages/airflow/example_dags/example_inlet_event_extra.py
[2025-02-06T18:25:37.768+0000] {processor.py:914} INFO - Processing file /home/airflow/.local/lib/python3.12/site-packages/airflow/example_dags/example_inlet_event_extra.py for tasks to queue
[2025-02-06T18:25:37.771+0000] {logging_mixin.py:190} INFO - [2025-02-06T18:25:37.770+0000] {dagbag.py:588} INFO - Filling up the DagBag from /home/airflow/.local/lib/python3.12/site-packages/airflow/example_dags/example_inlet_event_extra.py
[2025-02-06T18:25:38.630+0000] {processor.py:925} INFO - DAG(s) 'read_dataset_event_from_classic', 'read_dataset_event' retrieved from /home/airflow/.local/lib/python3.12/site-packages/airflow/example_dags/example_inlet_event_extra.py
[2025-02-06T18:25:38.660+0000] {logging_mixin.py:190} INFO - [2025-02-06T18:25:38.659+0000] {dag.py:3239} INFO - Sync 2 DAGs
[2025-02-06T18:25:38.694+0000] {logging_mixin.py:190} INFO - [2025-02-06T18:25:38.694+0000] {dag.py:4180} INFO - Setting next_dagrun for read_dataset_event to 2025-02-05 00:00:00+00:00, run_after=2025-02-06 00:00:00+00:00
[2025-02-06T18:25:38.701+0000] {logging_mixin.py:190} INFO - [2025-02-06T18:25:38.701+0000] {dag.py:4180} INFO - Setting next_dagrun for read_dataset_event_from_classic to 2025-02-05 00:00:00+00:00, run_after=2025-02-06 00:00:00+00:00
[2025-02-06T18:25:38.731+0000] {processor.py:208} INFO - Processing /home/airflow/.local/lib/python3.12/site-packages/airflow/example_dags/example_inlet_event_extra.py took 0.972 seconds
[2025-02-06T18:26:09.638+0000] {processor.py:186} INFO - Started process (PID=1218) to work on /home/airflow/.local/lib/python3.12/site-packages/airflow/example_dags/example_inlet_event_extra.py
[2025-02-06T18:26:09.640+0000] {processor.py:914} INFO - Processing file /home/airflow/.local/lib/python3.12/site-packages/airflow/example_dags/example_inlet_event_extra.py for tasks to queue
[2025-02-06T18:26:09.643+0000] {logging_mixin.py:190} INFO - [2025-02-06T18:26:09.643+0000] {dagbag.py:588} INFO - Filling up the DagBag from /home/airflow/.local/lib/python3.12/site-packages/airflow/example_dags/example_inlet_event_extra.py
[2025-02-06T18:26:10.659+0000] {processor.py:925} INFO - DAG(s) 'read_dataset_event_from_classic', 'read_dataset_event' retrieved from /home/airflow/.local/lib/python3.12/site-packages/airflow/example_dags/example_inlet_event_extra.py
[2025-02-06T18:26:10.694+0000] {logging_mixin.py:190} INFO - [2025-02-06T18:26:10.694+0000] {dag.py:3239} INFO - Sync 2 DAGs
[2025-02-06T18:26:10.736+0000] {logging_mixin.py:190} INFO - [2025-02-06T18:26:10.735+0000] {dag.py:4180} INFO - Setting next_dagrun for read_dataset_event to 2025-02-05 00:00:00+00:00, run_after=2025-02-06 00:00:00+00:00
[2025-02-06T18:26:10.744+0000] {logging_mixin.py:190} INFO - [2025-02-06T18:26:10.744+0000] {dag.py:4180} INFO - Setting next_dagrun for read_dataset_event_from_classic to 2025-02-05 00:00:00+00:00, run_after=2025-02-06 00:00:00+00:00
[2025-02-06T18:26:10.774+0000] {processor.py:208} INFO - Processing /home/airflow/.local/lib/python3.12/site-packages/airflow/example_dags/example_inlet_event_extra.py took 1.143 seconds
[2025-02-06T18:26:41.398+0000] {processor.py:186} INFO - Started process (PID=1279) to work on /home/airflow/.local/lib/python3.12/site-packages/airflow/example_dags/example_inlet_event_extra.py
[2025-02-06T18:26:41.400+0000] {processor.py:914} INFO - Processing file /home/airflow/.local/lib/python3.12/site-packages/airflow/example_dags/example_inlet_event_extra.py for tasks to queue
[2025-02-06T18:26:41.404+0000] {logging_mixin.py:190} INFO - [2025-02-06T18:26:41.404+0000] {dagbag.py:588} INFO - Filling up the DagBag from /home/airflow/.local/lib/python3.12/site-packages/airflow/example_dags/example_inlet_event_extra.py
[2025-02-06T18:26:42.523+0000] {processor.py:925} INFO - DAG(s) 'read_dataset_event_from_classic', 'read_dataset_event' retrieved from /home/airflow/.local/lib/python3.12/site-packages/airflow/example_dags/example_inlet_event_extra.py
[2025-02-06T18:26:42.566+0000] {logging_mixin.py:190} INFO - [2025-02-06T18:26:42.566+0000] {dag.py:3239} INFO - Sync 2 DAGs
[2025-02-06T18:26:42.619+0000] {logging_mixin.py:190} INFO - [2025-02-06T18:26:42.619+0000] {dag.py:4180} INFO - Setting next_dagrun for read_dataset_event to 2025-02-05 00:00:00+00:00, run_after=2025-02-06 00:00:00+00:00
[2025-02-06T18:26:42.633+0000] {logging_mixin.py:190} INFO - [2025-02-06T18:26:42.633+0000] {dag.py:4180} INFO - Setting next_dagrun for read_dataset_event_from_classic to 2025-02-05 00:00:00+00:00, run_after=2025-02-06 00:00:00+00:00
[2025-02-06T18:26:42.659+0000] {processor.py:208} INFO - Processing /home/airflow/.local/lib/python3.12/site-packages/airflow/example_dags/example_inlet_event_extra.py took 1.271 seconds
[2025-02-06T18:27:12.894+0000] {processor.py:186} INFO - Started process (PID=1340) to work on /home/airflow/.local/lib/python3.12/site-packages/airflow/example_dags/example_inlet_event_extra.py
[2025-02-06T18:27:12.895+0000] {processor.py:914} INFO - Processing file /home/airflow/.local/lib/python3.12/site-packages/airflow/example_dags/example_inlet_event_extra.py for tasks to queue
[2025-02-06T18:27:12.899+0000] {logging_mixin.py:190} INFO - [2025-02-06T18:27:12.898+0000] {dagbag.py:588} INFO - Filling up the DagBag from /home/airflow/.local/lib/python3.12/site-packages/airflow/example_dags/example_inlet_event_extra.py
[2025-02-06T18:27:14.021+0000] {processor.py:925} INFO - DAG(s) 'read_dataset_event_from_classic', 'read_dataset_event' retrieved from /home/airflow/.local/lib/python3.12/site-packages/airflow/example_dags/example_inlet_event_extra.py
[2025-02-06T18:27:14.072+0000] {logging_mixin.py:190} INFO - [2025-02-06T18:27:14.072+0000] {dag.py:3239} INFO - Sync 2 DAGs
[2025-02-06T18:27:14.128+0000] {logging_mixin.py:190} INFO - [2025-02-06T18:27:14.128+0000] {dag.py:4180} INFO - Setting next_dagrun for read_dataset_event to 2025-02-05 00:00:00+00:00, run_after=2025-02-06 00:00:00+00:00
[2025-02-06T18:27:14.142+0000] {logging_mixin.py:190} INFO - [2025-02-06T18:27:14.141+0000] {dag.py:4180} INFO - Setting next_dagrun for read_dataset_event_from_classic to 2025-02-05 00:00:00+00:00, run_after=2025-02-06 00:00:00+00:00
[2025-02-06T18:27:14.197+0000] {processor.py:208} INFO - Processing /home/airflow/.local/lib/python3.12/site-packages/airflow/example_dags/example_inlet_event_extra.py took 1.311 seconds
[2025-02-06T18:27:45.177+0000] {processor.py:186} INFO - Started process (PID=1398) to work on /home/airflow/.local/lib/python3.12/site-packages/airflow/example_dags/example_inlet_event_extra.py
[2025-02-06T18:27:45.179+0000] {processor.py:914} INFO - Processing file /home/airflow/.local/lib/python3.12/site-packages/airflow/example_dags/example_inlet_event_extra.py for tasks to queue
[2025-02-06T18:27:45.183+0000] {logging_mixin.py:190} INFO - [2025-02-06T18:27:45.182+0000] {dagbag.py:588} INFO - Filling up the DagBag from /home/airflow/.local/lib/python3.12/site-packages/airflow/example_dags/example_inlet_event_extra.py
[2025-02-06T18:27:46.003+0000] {processor.py:925} INFO - DAG(s) 'read_dataset_event', 'read_dataset_event_from_classic' retrieved from /home/airflow/.local/lib/python3.12/site-packages/airflow/example_dags/example_inlet_event_extra.py
[2025-02-06T18:27:46.034+0000] {logging_mixin.py:190} INFO - [2025-02-06T18:27:46.034+0000] {dag.py:3239} INFO - Sync 2 DAGs
[2025-02-06T18:27:46.073+0000] {logging_mixin.py:190} INFO - [2025-02-06T18:27:46.072+0000] {dag.py:4180} INFO - Setting next_dagrun for read_dataset_event to 2025-02-05 00:00:00+00:00, run_after=2025-02-06 00:00:00+00:00
[2025-02-06T18:27:46.081+0000] {logging_mixin.py:190} INFO - [2025-02-06T18:27:46.080+0000] {dag.py:4180} INFO - Setting next_dagrun for read_dataset_event_from_classic to 2025-02-05 00:00:00+00:00, run_after=2025-02-06 00:00:00+00:00
[2025-02-06T18:27:46.106+0000] {processor.py:208} INFO - Processing /home/airflow/.local/lib/python3.12/site-packages/airflow/example_dags/example_inlet_event_extra.py took 0.938 seconds
[2025-02-06T18:28:16.845+0000] {processor.py:186} INFO - Started process (PID=1456) to work on /home/airflow/.local/lib/python3.12/site-packages/airflow/example_dags/example_inlet_event_extra.py
[2025-02-06T18:28:16.857+0000] {processor.py:914} INFO - Processing file /home/airflow/.local/lib/python3.12/site-packages/airflow/example_dags/example_inlet_event_extra.py for tasks to queue
[2025-02-06T18:28:16.871+0000] {logging_mixin.py:190} INFO - [2025-02-06T18:28:16.870+0000] {dagbag.py:588} INFO - Filling up the DagBag from /home/airflow/.local/lib/python3.12/site-packages/airflow/example_dags/example_inlet_event_extra.py
[2025-02-06T18:28:17.910+0000] {processor.py:925} INFO - DAG(s) 'read_dataset_event', 'read_dataset_event_from_classic' retrieved from /home/airflow/.local/lib/python3.12/site-packages/airflow/example_dags/example_inlet_event_extra.py
[2025-02-06T18:28:17.957+0000] {logging_mixin.py:190} INFO - [2025-02-06T18:28:17.957+0000] {dag.py:3239} INFO - Sync 2 DAGs
[2025-02-06T18:28:18.003+0000] {logging_mixin.py:190} INFO - [2025-02-06T18:28:18.002+0000] {dag.py:4180} INFO - Setting next_dagrun for read_dataset_event to 2025-02-05 00:00:00+00:00, run_after=2025-02-06 00:00:00+00:00
[2025-02-06T18:28:18.017+0000] {logging_mixin.py:190} INFO - [2025-02-06T18:28:18.017+0000] {dag.py:4180} INFO - Setting next_dagrun for read_dataset_event_from_classic to 2025-02-05 00:00:00+00:00, run_after=2025-02-06 00:00:00+00:00
[2025-02-06T18:28:18.068+0000] {processor.py:208} INFO - Processing /home/airflow/.local/lib/python3.12/site-packages/airflow/example_dags/example_inlet_event_extra.py took 1.247 seconds
[2025-02-06T18:28:48.350+0000] {processor.py:186} INFO - Started process (PID=1514) to work on /home/airflow/.local/lib/python3.12/site-packages/airflow/example_dags/example_inlet_event_extra.py
[2025-02-06T18:28:48.351+0000] {processor.py:914} INFO - Processing file /home/airflow/.local/lib/python3.12/site-packages/airflow/example_dags/example_inlet_event_extra.py for tasks to queue
[2025-02-06T18:28:48.360+0000] {logging_mixin.py:190} INFO - [2025-02-06T18:28:48.358+0000] {dagbag.py:588} INFO - Filling up the DagBag from /home/airflow/.local/lib/python3.12/site-packages/airflow/example_dags/example_inlet_event_extra.py
[2025-02-06T18:28:49.743+0000] {processor.py:925} INFO - DAG(s) 'read_dataset_event', 'read_dataset_event_from_classic' retrieved from /home/airflow/.local/lib/python3.12/site-packages/airflow/example_dags/example_inlet_event_extra.py
[2025-02-06T18:28:49.787+0000] {logging_mixin.py:190} INFO - [2025-02-06T18:28:49.786+0000] {dag.py:3239} INFO - Sync 2 DAGs
[2025-02-06T18:28:49.854+0000] {logging_mixin.py:190} INFO - [2025-02-06T18:28:49.854+0000] {dag.py:4180} INFO - Setting next_dagrun for read_dataset_event to 2025-02-05 00:00:00+00:00, run_after=2025-02-06 00:00:00+00:00
[2025-02-06T18:28:49.864+0000] {logging_mixin.py:190} INFO - [2025-02-06T18:28:49.864+0000] {dag.py:4180} INFO - Setting next_dagrun for read_dataset_event_from_classic to 2025-02-05 00:00:00+00:00, run_after=2025-02-06 00:00:00+00:00
[2025-02-06T18:28:49.899+0000] {processor.py:208} INFO - Processing /home/airflow/.local/lib/python3.12/site-packages/airflow/example_dags/example_inlet_event_extra.py took 1.558 seconds
[2025-02-06T18:29:20.157+0000] {processor.py:186} INFO - Started process (PID=1572) to work on /home/airflow/.local/lib/python3.12/site-packages/airflow/example_dags/example_inlet_event_extra.py
[2025-02-06T18:29:20.159+0000] {processor.py:914} INFO - Processing file /home/airflow/.local/lib/python3.12/site-packages/airflow/example_dags/example_inlet_event_extra.py for tasks to queue
[2025-02-06T18:29:20.162+0000] {logging_mixin.py:190} INFO - [2025-02-06T18:29:20.161+0000] {dagbag.py:588} INFO - Filling up the DagBag from /home/airflow/.local/lib/python3.12/site-packages/airflow/example_dags/example_inlet_event_extra.py
[2025-02-06T18:29:20.950+0000] {processor.py:925} INFO - DAG(s) 'read_dataset_event_from_classic', 'read_dataset_event' retrieved from /home/airflow/.local/lib/python3.12/site-packages/airflow/example_dags/example_inlet_event_extra.py
[2025-02-06T18:29:20.983+0000] {logging_mixin.py:190} INFO - [2025-02-06T18:29:20.982+0000] {dag.py:3239} INFO - Sync 2 DAGs
[2025-02-06T18:29:21.025+0000] {logging_mixin.py:190} INFO - [2025-02-06T18:29:21.025+0000] {dag.py:4180} INFO - Setting next_dagrun for read_dataset_event to 2025-02-05 00:00:00+00:00, run_after=2025-02-06 00:00:00+00:00
[2025-02-06T18:29:21.033+0000] {logging_mixin.py:190} INFO - [2025-02-06T18:29:21.033+0000] {dag.py:4180} INFO - Setting next_dagrun for read_dataset_event_from_classic to 2025-02-05 00:00:00+00:00, run_after=2025-02-06 00:00:00+00:00
[2025-02-06T18:29:21.056+0000] {processor.py:208} INFO - Processing /home/airflow/.local/lib/python3.12/site-packages/airflow/example_dags/example_inlet_event_extra.py took 0.906 seconds
[2025-02-06T18:29:51.178+0000] {processor.py:186} INFO - Started process (PID=1629) to work on /home/airflow/.local/lib/python3.12/site-packages/airflow/example_dags/example_inlet_event_extra.py
[2025-02-06T18:29:51.180+0000] {processor.py:914} INFO - Processing file /home/airflow/.local/lib/python3.12/site-packages/airflow/example_dags/example_inlet_event_extra.py for tasks to queue
[2025-02-06T18:29:51.183+0000] {logging_mixin.py:190} INFO - [2025-02-06T18:29:51.183+0000] {dagbag.py:588} INFO - Filling up the DagBag from /home/airflow/.local/lib/python3.12/site-packages/airflow/example_dags/example_inlet_event_extra.py
[2025-02-06T18:29:51.920+0000] {processor.py:925} INFO - DAG(s) 'read_dataset_event', 'read_dataset_event_from_classic' retrieved from /home/airflow/.local/lib/python3.12/site-packages/airflow/example_dags/example_inlet_event_extra.py
[2025-02-06T18:29:51.946+0000] {logging_mixin.py:190} INFO - [2025-02-06T18:29:51.945+0000] {dag.py:3239} INFO - Sync 2 DAGs
[2025-02-06T18:29:51.982+0000] {logging_mixin.py:190} INFO - [2025-02-06T18:29:51.981+0000] {dag.py:4180} INFO - Setting next_dagrun for read_dataset_event to 2025-02-05 00:00:00+00:00, run_after=2025-02-06 00:00:00+00:00
[2025-02-06T18:29:51.989+0000] {logging_mixin.py:190} INFO - [2025-02-06T18:29:51.989+0000] {dag.py:4180} INFO - Setting next_dagrun for read_dataset_event_from_classic to 2025-02-05 00:00:00+00:00, run_after=2025-02-06 00:00:00+00:00
[2025-02-06T18:29:52.010+0000] {processor.py:208} INFO - Processing /home/airflow/.local/lib/python3.12/site-packages/airflow/example_dags/example_inlet_event_extra.py took 0.840 seconds
[2025-02-06T18:30:22.431+0000] {processor.py:186} INFO - Started process (PID=1686) to work on /home/airflow/.local/lib/python3.12/site-packages/airflow/example_dags/example_inlet_event_extra.py
[2025-02-06T18:30:22.434+0000] {processor.py:914} INFO - Processing file /home/airflow/.local/lib/python3.12/site-packages/airflow/example_dags/example_inlet_event_extra.py for tasks to queue
[2025-02-06T18:30:22.449+0000] {logging_mixin.py:190} INFO - [2025-02-06T18:30:22.448+0000] {dagbag.py:588} INFO - Filling up the DagBag from /home/airflow/.local/lib/python3.12/site-packages/airflow/example_dags/example_inlet_event_extra.py
[2025-02-06T18:30:23.767+0000] {processor.py:925} INFO - DAG(s) 'read_dataset_event_from_classic', 'read_dataset_event' retrieved from /home/airflow/.local/lib/python3.12/site-packages/airflow/example_dags/example_inlet_event_extra.py
[2025-02-06T18:30:23.793+0000] {logging_mixin.py:190} INFO - [2025-02-06T18:30:23.793+0000] {dag.py:3239} INFO - Sync 2 DAGs
[2025-02-06T18:30:23.834+0000] {logging_mixin.py:190} INFO - [2025-02-06T18:30:23.834+0000] {dag.py:4180} INFO - Setting next_dagrun for read_dataset_event to 2025-02-05 00:00:00+00:00, run_after=2025-02-06 00:00:00+00:00
[2025-02-06T18:30:23.843+0000] {logging_mixin.py:190} INFO - [2025-02-06T18:30:23.842+0000] {dag.py:4180} INFO - Setting next_dagrun for read_dataset_event_from_classic to 2025-02-05 00:00:00+00:00, run_after=2025-02-06 00:00:00+00:00
[2025-02-06T18:30:23.870+0000] {processor.py:208} INFO - Processing /home/airflow/.local/lib/python3.12/site-packages/airflow/example_dags/example_inlet_event_extra.py took 1.461 seconds
[2025-02-06T18:30:54.361+0000] {processor.py:186} INFO - Started process (PID=1747) to work on /home/airflow/.local/lib/python3.12/site-packages/airflow/example_dags/example_inlet_event_extra.py
[2025-02-06T18:30:54.362+0000] {processor.py:914} INFO - Processing file /home/airflow/.local/lib/python3.12/site-packages/airflow/example_dags/example_inlet_event_extra.py for tasks to queue
[2025-02-06T18:30:54.366+0000] {logging_mixin.py:190} INFO - [2025-02-06T18:30:54.365+0000] {dagbag.py:588} INFO - Filling up the DagBag from /home/airflow/.local/lib/python3.12/site-packages/airflow/example_dags/example_inlet_event_extra.py
[2025-02-06T18:30:55.312+0000] {processor.py:925} INFO - DAG(s) 'read_dataset_event_from_classic', 'read_dataset_event' retrieved from /home/airflow/.local/lib/python3.12/site-packages/airflow/example_dags/example_inlet_event_extra.py
[2025-02-06T18:30:55.340+0000] {logging_mixin.py:190} INFO - [2025-02-06T18:30:55.340+0000] {dag.py:3239} INFO - Sync 2 DAGs
[2025-02-06T18:30:55.379+0000] {logging_mixin.py:190} INFO - [2025-02-06T18:30:55.379+0000] {dag.py:4180} INFO - Setting next_dagrun for read_dataset_event to 2025-02-05 00:00:00+00:00, run_after=2025-02-06 00:00:00+00:00
[2025-02-06T18:30:55.390+0000] {logging_mixin.py:190} INFO - [2025-02-06T18:30:55.390+0000] {dag.py:4180} INFO - Setting next_dagrun for read_dataset_event_from_classic to 2025-02-05 00:00:00+00:00, run_after=2025-02-06 00:00:00+00:00
[2025-02-06T18:30:55.421+0000] {processor.py:208} INFO - Processing /home/airflow/.local/lib/python3.12/site-packages/airflow/example_dags/example_inlet_event_extra.py took 1.069 seconds
[2025-02-06T18:31:25.859+0000] {processor.py:186} INFO - Started process (PID=1805) to work on /home/airflow/.local/lib/python3.12/site-packages/airflow/example_dags/example_inlet_event_extra.py
[2025-02-06T18:31:25.861+0000] {processor.py:914} INFO - Processing file /home/airflow/.local/lib/python3.12/site-packages/airflow/example_dags/example_inlet_event_extra.py for tasks to queue
[2025-02-06T18:31:25.866+0000] {logging_mixin.py:190} INFO - [2025-02-06T18:31:25.865+0000] {dagbag.py:588} INFO - Filling up the DagBag from /home/airflow/.local/lib/python3.12/site-packages/airflow/example_dags/example_inlet_event_extra.py
[2025-02-06T18:31:26.731+0000] {processor.py:925} INFO - DAG(s) 'read_dataset_event', 'read_dataset_event_from_classic' retrieved from /home/airflow/.local/lib/python3.12/site-packages/airflow/example_dags/example_inlet_event_extra.py
[2025-02-06T18:31:26.758+0000] {logging_mixin.py:190} INFO - [2025-02-06T18:31:26.758+0000] {dag.py:3239} INFO - Sync 2 DAGs
[2025-02-06T18:31:26.788+0000] {logging_mixin.py:190} INFO - [2025-02-06T18:31:26.788+0000] {dag.py:4180} INFO - Setting next_dagrun for read_dataset_event to 2025-02-05 00:00:00+00:00, run_after=2025-02-06 00:00:00+00:00
[2025-02-06T18:31:26.796+0000] {logging_mixin.py:190} INFO - [2025-02-06T18:31:26.795+0000] {dag.py:4180} INFO - Setting next_dagrun for read_dataset_event_from_classic to 2025-02-05 00:00:00+00:00, run_after=2025-02-06 00:00:00+00:00
[2025-02-06T18:31:26.816+0000] {processor.py:208} INFO - Processing /home/airflow/.local/lib/python3.12/site-packages/airflow/example_dags/example_inlet_event_extra.py took 0.967 seconds
[2025-02-06T18:31:57.338+0000] {processor.py:186} INFO - Started process (PID=1863) to work on /home/airflow/.local/lib/python3.12/site-packages/airflow/example_dags/example_inlet_event_extra.py
[2025-02-06T18:31:57.340+0000] {processor.py:914} INFO - Processing file /home/airflow/.local/lib/python3.12/site-packages/airflow/example_dags/example_inlet_event_extra.py for tasks to queue
[2025-02-06T18:31:57.343+0000] {logging_mixin.py:190} INFO - [2025-02-06T18:31:57.343+0000] {dagbag.py:588} INFO - Filling up the DagBag from /home/airflow/.local/lib/python3.12/site-packages/airflow/example_dags/example_inlet_event_extra.py
[2025-02-06T18:31:58.301+0000] {processor.py:925} INFO - DAG(s) 'read_dataset_event', 'read_dataset_event_from_classic' retrieved from /home/airflow/.local/lib/python3.12/site-packages/airflow/example_dags/example_inlet_event_extra.py
[2025-02-06T18:31:58.332+0000] {logging_mixin.py:190} INFO - [2025-02-06T18:31:58.332+0000] {dag.py:3239} INFO - Sync 2 DAGs
[2025-02-06T18:31:58.367+0000] {logging_mixin.py:190} INFO - [2025-02-06T18:31:58.366+0000] {dag.py:4180} INFO - Setting next_dagrun for read_dataset_event to 2025-02-05 00:00:00+00:00, run_after=2025-02-06 00:00:00+00:00
[2025-02-06T18:31:58.379+0000] {logging_mixin.py:190} INFO - [2025-02-06T18:31:58.379+0000] {dag.py:4180} INFO - Setting next_dagrun for read_dataset_event_from_classic to 2025-02-05 00:00:00+00:00, run_after=2025-02-06 00:00:00+00:00
[2025-02-06T18:31:58.417+0000] {processor.py:208} INFO - Processing /home/airflow/.local/lib/python3.12/site-packages/airflow/example_dags/example_inlet_event_extra.py took 1.088 seconds
[2025-02-06T18:32:28.705+0000] {processor.py:186} INFO - Started process (PID=1920) to work on /home/airflow/.local/lib/python3.12/site-packages/airflow/example_dags/example_inlet_event_extra.py
[2025-02-06T18:32:28.707+0000] {processor.py:914} INFO - Processing file /home/airflow/.local/lib/python3.12/site-packages/airflow/example_dags/example_inlet_event_extra.py for tasks to queue
[2025-02-06T18:32:28.712+0000] {logging_mixin.py:190} INFO - [2025-02-06T18:32:28.711+0000] {dagbag.py:588} INFO - Filling up the DagBag from /home/airflow/.local/lib/python3.12/site-packages/airflow/example_dags/example_inlet_event_extra.py
[2025-02-06T18:32:29.663+0000] {processor.py:925} INFO - DAG(s) 'read_dataset_event_from_classic', 'read_dataset_event' retrieved from /home/airflow/.local/lib/python3.12/site-packages/airflow/example_dags/example_inlet_event_extra.py
[2025-02-06T18:32:29.691+0000] {logging_mixin.py:190} INFO - [2025-02-06T18:32:29.691+0000] {dag.py:3239} INFO - Sync 2 DAGs
[2025-02-06T18:32:29.725+0000] {logging_mixin.py:190} INFO - [2025-02-06T18:32:29.725+0000] {dag.py:4180} INFO - Setting next_dagrun for read_dataset_event to 2025-02-05 00:00:00+00:00, run_after=2025-02-06 00:00:00+00:00
[2025-02-06T18:32:29.732+0000] {logging_mixin.py:190} INFO - [2025-02-06T18:32:29.732+0000] {dag.py:4180} INFO - Setting next_dagrun for read_dataset_event_from_classic to 2025-02-05 00:00:00+00:00, run_after=2025-02-06 00:00:00+00:00
[2025-02-06T18:32:29.762+0000] {processor.py:208} INFO - Processing /home/airflow/.local/lib/python3.12/site-packages/airflow/example_dags/example_inlet_event_extra.py took 1.069 seconds
[2025-02-06T18:33:00.487+0000] {processor.py:186} INFO - Started process (PID=1979) to work on /home/airflow/.local/lib/python3.12/site-packages/airflow/example_dags/example_inlet_event_extra.py
[2025-02-06T18:33:00.493+0000] {processor.py:914} INFO - Processing file /home/airflow/.local/lib/python3.12/site-packages/airflow/example_dags/example_inlet_event_extra.py for tasks to queue
[2025-02-06T18:33:00.508+0000] {logging_mixin.py:190} INFO - [2025-02-06T18:33:00.507+0000] {dagbag.py:588} INFO - Filling up the DagBag from /home/airflow/.local/lib/python3.12/site-packages/airflow/example_dags/example_inlet_event_extra.py
[2025-02-06T18:33:02.621+0000] {processor.py:925} INFO - DAG(s) 'read_dataset_event_from_classic', 'read_dataset_event' retrieved from /home/airflow/.local/lib/python3.12/site-packages/airflow/example_dags/example_inlet_event_extra.py
[2025-02-06T18:33:02.665+0000] {logging_mixin.py:190} INFO - [2025-02-06T18:33:02.664+0000] {dag.py:3239} INFO - Sync 2 DAGs
[2025-02-06T18:33:02.748+0000] {logging_mixin.py:190} INFO - [2025-02-06T18:33:02.747+0000] {dag.py:4180} INFO - Setting next_dagrun for read_dataset_event to 2025-02-05 00:00:00+00:00, run_after=2025-02-06 00:00:00+00:00
[2025-02-06T18:33:02.759+0000] {logging_mixin.py:190} INFO - [2025-02-06T18:33:02.759+0000] {dag.py:4180} INFO - Setting next_dagrun for read_dataset_event_from_classic to 2025-02-05 00:00:00+00:00, run_after=2025-02-06 00:00:00+00:00
[2025-02-06T18:33:02.794+0000] {processor.py:208} INFO - Processing /home/airflow/.local/lib/python3.12/site-packages/airflow/example_dags/example_inlet_event_extra.py took 2.327 seconds
[2025-02-06T18:33:33.223+0000] {processor.py:186} INFO - Started process (PID=2039) to work on /home/airflow/.local/lib/python3.12/site-packages/airflow/example_dags/example_inlet_event_extra.py
[2025-02-06T18:33:33.224+0000] {processor.py:914} INFO - Processing file /home/airflow/.local/lib/python3.12/site-packages/airflow/example_dags/example_inlet_event_extra.py for tasks to queue
[2025-02-06T18:33:33.227+0000] {logging_mixin.py:190} INFO - [2025-02-06T18:33:33.227+0000] {dagbag.py:588} INFO - Filling up the DagBag from /home/airflow/.local/lib/python3.12/site-packages/airflow/example_dags/example_inlet_event_extra.py
[2025-02-06T18:33:34.340+0000] {processor.py:925} INFO - DAG(s) 'read_dataset_event', 'read_dataset_event_from_classic' retrieved from /home/airflow/.local/lib/python3.12/site-packages/airflow/example_dags/example_inlet_event_extra.py
[2025-02-06T18:33:34.386+0000] {logging_mixin.py:190} INFO - [2025-02-06T18:33:34.385+0000] {dag.py:3239} INFO - Sync 2 DAGs
[2025-02-06T18:33:34.452+0000] {logging_mixin.py:190} INFO - [2025-02-06T18:33:34.451+0000] {dag.py:4180} INFO - Setting next_dagrun for read_dataset_event to 2025-02-05 00:00:00+00:00, run_after=2025-02-06 00:00:00+00:00
[2025-02-06T18:33:34.464+0000] {logging_mixin.py:190} INFO - [2025-02-06T18:33:34.464+0000] {dag.py:4180} INFO - Setting next_dagrun for read_dataset_event_from_classic to 2025-02-05 00:00:00+00:00, run_after=2025-02-06 00:00:00+00:00
[2025-02-06T18:33:34.499+0000] {processor.py:208} INFO - Processing /home/airflow/.local/lib/python3.12/site-packages/airflow/example_dags/example_inlet_event_extra.py took 1.286 seconds
[2025-02-06T18:34:04.634+0000] {processor.py:186} INFO - Started process (PID=2096) to work on /home/airflow/.local/lib/python3.12/site-packages/airflow/example_dags/example_inlet_event_extra.py
[2025-02-06T18:34:04.635+0000] {processor.py:914} INFO - Processing file /home/airflow/.local/lib/python3.12/site-packages/airflow/example_dags/example_inlet_event_extra.py for tasks to queue
[2025-02-06T18:34:04.638+0000] {logging_mixin.py:190} INFO - [2025-02-06T18:34:04.638+0000] {dagbag.py:588} INFO - Filling up the DagBag from /home/airflow/.local/lib/python3.12/site-packages/airflow/example_dags/example_inlet_event_extra.py
[2025-02-06T18:34:06.450+0000] {processor.py:925} INFO - DAG(s) 'read_dataset_event', 'read_dataset_event_from_classic' retrieved from /home/airflow/.local/lib/python3.12/site-packages/airflow/example_dags/example_inlet_event_extra.py
[2025-02-06T18:34:06.487+0000] {logging_mixin.py:190} INFO - [2025-02-06T18:34:06.487+0000] {dag.py:3239} INFO - Sync 2 DAGs
[2025-02-06T18:34:06.545+0000] {logging_mixin.py:190} INFO - [2025-02-06T18:34:06.544+0000] {dag.py:4180} INFO - Setting next_dagrun for read_dataset_event to 2025-02-05 00:00:00+00:00, run_after=2025-02-06 00:00:00+00:00
[2025-02-06T18:34:06.554+0000] {logging_mixin.py:190} INFO - [2025-02-06T18:34:06.553+0000] {dag.py:4180} INFO - Setting next_dagrun for read_dataset_event_from_classic to 2025-02-05 00:00:00+00:00, run_after=2025-02-06 00:00:00+00:00
[2025-02-06T18:34:06.582+0000] {processor.py:208} INFO - Processing /home/airflow/.local/lib/python3.12/site-packages/airflow/example_dags/example_inlet_event_extra.py took 1.959 seconds
[2025-02-06T18:34:37.273+0000] {processor.py:186} INFO - Started process (PID=2153) to work on /home/airflow/.local/lib/python3.12/site-packages/airflow/example_dags/example_inlet_event_extra.py
[2025-02-06T18:34:37.275+0000] {processor.py:914} INFO - Processing file /home/airflow/.local/lib/python3.12/site-packages/airflow/example_dags/example_inlet_event_extra.py for tasks to queue
[2025-02-06T18:34:37.280+0000] {logging_mixin.py:190} INFO - [2025-02-06T18:34:37.280+0000] {dagbag.py:588} INFO - Filling up the DagBag from /home/airflow/.local/lib/python3.12/site-packages/airflow/example_dags/example_inlet_event_extra.py
[2025-02-06T18:34:38.290+0000] {processor.py:925} INFO - DAG(s) 'read_dataset_event', 'read_dataset_event_from_classic' retrieved from /home/airflow/.local/lib/python3.12/site-packages/airflow/example_dags/example_inlet_event_extra.py
[2025-02-06T18:34:38.322+0000] {logging_mixin.py:190} INFO - [2025-02-06T18:34:38.322+0000] {dag.py:3239} INFO - Sync 2 DAGs
[2025-02-06T18:34:38.362+0000] {logging_mixin.py:190} INFO - [2025-02-06T18:34:38.362+0000] {dag.py:4180} INFO - Setting next_dagrun for read_dataset_event to 2025-02-05 00:00:00+00:00, run_after=2025-02-06 00:00:00+00:00
[2025-02-06T18:34:38.369+0000] {logging_mixin.py:190} INFO - [2025-02-06T18:34:38.369+0000] {dag.py:4180} INFO - Setting next_dagrun for read_dataset_event_from_classic to 2025-02-05 00:00:00+00:00, run_after=2025-02-06 00:00:00+00:00
[2025-02-06T18:34:38.399+0000] {processor.py:208} INFO - Processing /home/airflow/.local/lib/python3.12/site-packages/airflow/example_dags/example_inlet_event_extra.py took 1.143 seconds
[2025-02-06T18:35:08.784+0000] {processor.py:186} INFO - Started process (PID=2210) to work on /home/airflow/.local/lib/python3.12/site-packages/airflow/example_dags/example_inlet_event_extra.py
[2025-02-06T18:35:08.786+0000] {processor.py:914} INFO - Processing file /home/airflow/.local/lib/python3.12/site-packages/airflow/example_dags/example_inlet_event_extra.py for tasks to queue
[2025-02-06T18:35:08.797+0000] {logging_mixin.py:190} INFO - [2025-02-06T18:35:08.795+0000] {dagbag.py:588} INFO - Filling up the DagBag from /home/airflow/.local/lib/python3.12/site-packages/airflow/example_dags/example_inlet_event_extra.py
[2025-02-06T18:35:11.112+0000] {processor.py:925} INFO - DAG(s) 'read_dataset_event', 'read_dataset_event_from_classic' retrieved from /home/airflow/.local/lib/python3.12/site-packages/airflow/example_dags/example_inlet_event_extra.py
[2025-02-06T18:35:11.188+0000] {logging_mixin.py:190} INFO - [2025-02-06T18:35:11.187+0000] {dag.py:3239} INFO - Sync 2 DAGs
[2025-02-06T18:35:11.248+0000] {logging_mixin.py:190} INFO - [2025-02-06T18:35:11.248+0000] {dag.py:4180} INFO - Setting next_dagrun for read_dataset_event to 2025-02-05 00:00:00+00:00, run_after=2025-02-06 00:00:00+00:00
[2025-02-06T18:35:11.261+0000] {logging_mixin.py:190} INFO - [2025-02-06T18:35:11.261+0000] {dag.py:4180} INFO - Setting next_dagrun for read_dataset_event_from_classic to 2025-02-05 00:00:00+00:00, run_after=2025-02-06 00:00:00+00:00
[2025-02-06T18:35:11.300+0000] {processor.py:208} INFO - Processing /home/airflow/.local/lib/python3.12/site-packages/airflow/example_dags/example_inlet_event_extra.py took 2.536 seconds
[2025-02-06T18:35:41.633+0000] {processor.py:186} INFO - Started process (PID=2271) to work on /home/airflow/.local/lib/python3.12/site-packages/airflow/example_dags/example_inlet_event_extra.py
[2025-02-06T18:35:41.635+0000] {processor.py:914} INFO - Processing file /home/airflow/.local/lib/python3.12/site-packages/airflow/example_dags/example_inlet_event_extra.py for tasks to queue
[2025-02-06T18:35:41.639+0000] {logging_mixin.py:190} INFO - [2025-02-06T18:35:41.638+0000] {dagbag.py:588} INFO - Filling up the DagBag from /home/airflow/.local/lib/python3.12/site-packages/airflow/example_dags/example_inlet_event_extra.py
[2025-02-06T18:35:42.775+0000] {processor.py:925} INFO - DAG(s) 'read_dataset_event_from_classic', 'read_dataset_event' retrieved from /home/airflow/.local/lib/python3.12/site-packages/airflow/example_dags/example_inlet_event_extra.py
[2025-02-06T18:35:42.820+0000] {logging_mixin.py:190} INFO - [2025-02-06T18:35:42.820+0000] {dag.py:3239} INFO - Sync 2 DAGs
[2025-02-06T18:35:42.873+0000] {logging_mixin.py:190} INFO - [2025-02-06T18:35:42.873+0000] {dag.py:4180} INFO - Setting next_dagrun for read_dataset_event to 2025-02-05 00:00:00+00:00, run_after=2025-02-06 00:00:00+00:00
[2025-02-06T18:35:42.884+0000] {logging_mixin.py:190} INFO - [2025-02-06T18:35:42.884+0000] {dag.py:4180} INFO - Setting next_dagrun for read_dataset_event_from_classic to 2025-02-05 00:00:00+00:00, run_after=2025-02-06 00:00:00+00:00
[2025-02-06T18:35:42.946+0000] {processor.py:208} INFO - Processing /home/airflow/.local/lib/python3.12/site-packages/airflow/example_dags/example_inlet_event_extra.py took 1.323 seconds
[2025-02-06T18:36:13.149+0000] {processor.py:186} INFO - Started process (PID=2328) to work on /home/airflow/.local/lib/python3.12/site-packages/airflow/example_dags/example_inlet_event_extra.py
[2025-02-06T18:36:13.151+0000] {processor.py:914} INFO - Processing file /home/airflow/.local/lib/python3.12/site-packages/airflow/example_dags/example_inlet_event_extra.py for tasks to queue
[2025-02-06T18:36:13.155+0000] {logging_mixin.py:190} INFO - [2025-02-06T18:36:13.155+0000] {dagbag.py:588} INFO - Filling up the DagBag from /home/airflow/.local/lib/python3.12/site-packages/airflow/example_dags/example_inlet_event_extra.py
[2025-02-06T18:36:14.816+0000] {processor.py:925} INFO - DAG(s) 'read_dataset_event_from_classic', 'read_dataset_event' retrieved from /home/airflow/.local/lib/python3.12/site-packages/airflow/example_dags/example_inlet_event_extra.py
[2025-02-06T18:36:14.858+0000] {logging_mixin.py:190} INFO - [2025-02-06T18:36:14.858+0000] {dag.py:3239} INFO - Sync 2 DAGs
[2025-02-06T18:36:14.920+0000] {logging_mixin.py:190} INFO - [2025-02-06T18:36:14.920+0000] {dag.py:4180} INFO - Setting next_dagrun for read_dataset_event to 2025-02-05 00:00:00+00:00, run_after=2025-02-06 00:00:00+00:00
[2025-02-06T18:36:14.932+0000] {logging_mixin.py:190} INFO - [2025-02-06T18:36:14.932+0000] {dag.py:4180} INFO - Setting next_dagrun for read_dataset_event_from_classic to 2025-02-05 00:00:00+00:00, run_after=2025-02-06 00:00:00+00:00
[2025-02-06T18:36:14.965+0000] {processor.py:208} INFO - Processing /home/airflow/.local/lib/python3.12/site-packages/airflow/example_dags/example_inlet_event_extra.py took 1.827 seconds
[2025-02-06T18:36:45.345+0000] {processor.py:186} INFO - Started process (PID=2385) to work on /home/airflow/.local/lib/python3.12/site-packages/airflow/example_dags/example_inlet_event_extra.py
[2025-02-06T18:36:45.347+0000] {processor.py:914} INFO - Processing file /home/airflow/.local/lib/python3.12/site-packages/airflow/example_dags/example_inlet_event_extra.py for tasks to queue
[2025-02-06T18:36:45.350+0000] {logging_mixin.py:190} INFO - [2025-02-06T18:36:45.350+0000] {dagbag.py:588} INFO - Filling up the DagBag from /home/airflow/.local/lib/python3.12/site-packages/airflow/example_dags/example_inlet_event_extra.py
[2025-02-06T18:36:46.119+0000] {processor.py:925} INFO - DAG(s) 'read_dataset_event_from_classic', 'read_dataset_event' retrieved from /home/airflow/.local/lib/python3.12/site-packages/airflow/example_dags/example_inlet_event_extra.py
[2025-02-06T18:36:46.152+0000] {logging_mixin.py:190} INFO - [2025-02-06T18:36:46.152+0000] {dag.py:3239} INFO - Sync 2 DAGs
[2025-02-06T18:36:46.193+0000] {logging_mixin.py:190} INFO - [2025-02-06T18:36:46.192+0000] {dag.py:4180} INFO - Setting next_dagrun for read_dataset_event to 2025-02-05 00:00:00+00:00, run_after=2025-02-06 00:00:00+00:00
[2025-02-06T18:36:46.200+0000] {logging_mixin.py:190} INFO - [2025-02-06T18:36:46.200+0000] {dag.py:4180} INFO - Setting next_dagrun for read_dataset_event_from_classic to 2025-02-05 00:00:00+00:00, run_after=2025-02-06 00:00:00+00:00
[2025-02-06T18:36:46.223+0000] {processor.py:208} INFO - Processing /home/airflow/.local/lib/python3.12/site-packages/airflow/example_dags/example_inlet_event_extra.py took 0.886 seconds
[2025-02-06T18:37:17.119+0000] {processor.py:186} INFO - Started process (PID=2442) to work on /home/airflow/.local/lib/python3.12/site-packages/airflow/example_dags/example_inlet_event_extra.py
[2025-02-06T18:37:17.120+0000] {processor.py:914} INFO - Processing file /home/airflow/.local/lib/python3.12/site-packages/airflow/example_dags/example_inlet_event_extra.py for tasks to queue
[2025-02-06T18:37:17.124+0000] {logging_mixin.py:190} INFO - [2025-02-06T18:37:17.123+0000] {dagbag.py:588} INFO - Filling up the DagBag from /home/airflow/.local/lib/python3.12/site-packages/airflow/example_dags/example_inlet_event_extra.py
[2025-02-06T18:37:17.874+0000] {processor.py:925} INFO - DAG(s) 'read_dataset_event', 'read_dataset_event_from_classic' retrieved from /home/airflow/.local/lib/python3.12/site-packages/airflow/example_dags/example_inlet_event_extra.py
[2025-02-06T18:37:17.902+0000] {logging_mixin.py:190} INFO - [2025-02-06T18:37:17.902+0000] {dag.py:3239} INFO - Sync 2 DAGs
[2025-02-06T18:37:17.948+0000] {logging_mixin.py:190} INFO - [2025-02-06T18:37:17.947+0000] {dag.py:4180} INFO - Setting next_dagrun for read_dataset_event to 2025-02-05 00:00:00+00:00, run_after=2025-02-06 00:00:00+00:00
[2025-02-06T18:37:17.963+0000] {logging_mixin.py:190} INFO - [2025-02-06T18:37:17.963+0000] {dag.py:4180} INFO - Setting next_dagrun for read_dataset_event_from_classic to 2025-02-05 00:00:00+00:00, run_after=2025-02-06 00:00:00+00:00
[2025-02-06T18:37:18.024+0000] {processor.py:208} INFO - Processing /home/airflow/.local/lib/python3.12/site-packages/airflow/example_dags/example_inlet_event_extra.py took 0.914 seconds
[2025-02-06T18:37:48.484+0000] {processor.py:186} INFO - Started process (PID=2499) to work on /home/airflow/.local/lib/python3.12/site-packages/airflow/example_dags/example_inlet_event_extra.py
[2025-02-06T18:37:48.485+0000] {processor.py:914} INFO - Processing file /home/airflow/.local/lib/python3.12/site-packages/airflow/example_dags/example_inlet_event_extra.py for tasks to queue
[2025-02-06T18:37:48.489+0000] {logging_mixin.py:190} INFO - [2025-02-06T18:37:48.488+0000] {dagbag.py:588} INFO - Filling up the DagBag from /home/airflow/.local/lib/python3.12/site-packages/airflow/example_dags/example_inlet_event_extra.py
[2025-02-06T18:37:49.237+0000] {processor.py:925} INFO - DAG(s) 'read_dataset_event', 'read_dataset_event_from_classic' retrieved from /home/airflow/.local/lib/python3.12/site-packages/airflow/example_dags/example_inlet_event_extra.py
[2025-02-06T18:37:49.276+0000] {logging_mixin.py:190} INFO - [2025-02-06T18:37:49.276+0000] {dag.py:3239} INFO - Sync 2 DAGs
[2025-02-06T18:37:49.323+0000] {logging_mixin.py:190} INFO - [2025-02-06T18:37:49.323+0000] {dag.py:4180} INFO - Setting next_dagrun for read_dataset_event to 2025-02-05 00:00:00+00:00, run_after=2025-02-06 00:00:00+00:00
[2025-02-06T18:37:49.330+0000] {logging_mixin.py:190} INFO - [2025-02-06T18:37:49.330+0000] {dag.py:4180} INFO - Setting next_dagrun for read_dataset_event_from_classic to 2025-02-05 00:00:00+00:00, run_after=2025-02-06 00:00:00+00:00
[2025-02-06T18:37:49.354+0000] {processor.py:208} INFO - Processing /home/airflow/.local/lib/python3.12/site-packages/airflow/example_dags/example_inlet_event_extra.py took 0.878 seconds
[2025-02-06T18:38:20.158+0000] {processor.py:186} INFO - Started process (PID=2556) to work on /home/airflow/.local/lib/python3.12/site-packages/airflow/example_dags/example_inlet_event_extra.py
[2025-02-06T18:38:20.160+0000] {processor.py:914} INFO - Processing file /home/airflow/.local/lib/python3.12/site-packages/airflow/example_dags/example_inlet_event_extra.py for tasks to queue
[2025-02-06T18:38:20.164+0000] {logging_mixin.py:190} INFO - [2025-02-06T18:38:20.163+0000] {dagbag.py:588} INFO - Filling up the DagBag from /home/airflow/.local/lib/python3.12/site-packages/airflow/example_dags/example_inlet_event_extra.py
[2025-02-06T18:38:21.186+0000] {processor.py:925} INFO - DAG(s) 'read_dataset_event', 'read_dataset_event_from_classic' retrieved from /home/airflow/.local/lib/python3.12/site-packages/airflow/example_dags/example_inlet_event_extra.py
[2025-02-06T18:38:21.235+0000] {logging_mixin.py:190} INFO - [2025-02-06T18:38:21.233+0000] {dag.py:3239} INFO - Sync 2 DAGs
[2025-02-06T18:38:21.271+0000] {logging_mixin.py:190} INFO - [2025-02-06T18:38:21.271+0000] {dag.py:4180} INFO - Setting next_dagrun for read_dataset_event to 2025-02-05 00:00:00+00:00, run_after=2025-02-06 00:00:00+00:00
[2025-02-06T18:38:21.279+0000] {logging_mixin.py:190} INFO - [2025-02-06T18:38:21.279+0000] {dag.py:4180} INFO - Setting next_dagrun for read_dataset_event_from_classic to 2025-02-05 00:00:00+00:00, run_after=2025-02-06 00:00:00+00:00
[2025-02-06T18:38:21.313+0000] {processor.py:208} INFO - Processing /home/airflow/.local/lib/python3.12/site-packages/airflow/example_dags/example_inlet_event_extra.py took 1.163 seconds
[2025-02-06T18:38:51.456+0000] {processor.py:186} INFO - Started process (PID=2613) to work on /home/airflow/.local/lib/python3.12/site-packages/airflow/example_dags/example_inlet_event_extra.py
[2025-02-06T18:38:51.457+0000] {processor.py:914} INFO - Processing file /home/airflow/.local/lib/python3.12/site-packages/airflow/example_dags/example_inlet_event_extra.py for tasks to queue
[2025-02-06T18:38:51.461+0000] {logging_mixin.py:190} INFO - [2025-02-06T18:38:51.461+0000] {dagbag.py:588} INFO - Filling up the DagBag from /home/airflow/.local/lib/python3.12/site-packages/airflow/example_dags/example_inlet_event_extra.py
[2025-02-06T18:38:52.552+0000] {processor.py:925} INFO - DAG(s) 'read_dataset_event', 'read_dataset_event_from_classic' retrieved from /home/airflow/.local/lib/python3.12/site-packages/airflow/example_dags/example_inlet_event_extra.py
[2025-02-06T18:38:52.585+0000] {logging_mixin.py:190} INFO - [2025-02-06T18:38:52.584+0000] {dag.py:3239} INFO - Sync 2 DAGs
[2025-02-06T18:38:52.636+0000] {logging_mixin.py:190} INFO - [2025-02-06T18:38:52.635+0000] {dag.py:4180} INFO - Setting next_dagrun for read_dataset_event to 2025-02-05 00:00:00+00:00, run_after=2025-02-06 00:00:00+00:00
[2025-02-06T18:38:52.644+0000] {logging_mixin.py:190} INFO - [2025-02-06T18:38:52.643+0000] {dag.py:4180} INFO - Setting next_dagrun for read_dataset_event_from_classic to 2025-02-05 00:00:00+00:00, run_after=2025-02-06 00:00:00+00:00
[2025-02-06T18:38:52.667+0000] {processor.py:208} INFO - Processing /home/airflow/.local/lib/python3.12/site-packages/airflow/example_dags/example_inlet_event_extra.py took 1.218 seconds
[2025-02-06T18:39:23.166+0000] {processor.py:186} INFO - Started process (PID=2670) to work on /home/airflow/.local/lib/python3.12/site-packages/airflow/example_dags/example_inlet_event_extra.py
[2025-02-06T18:39:23.171+0000] {processor.py:914} INFO - Processing file /home/airflow/.local/lib/python3.12/site-packages/airflow/example_dags/example_inlet_event_extra.py for tasks to queue
[2025-02-06T18:39:23.176+0000] {logging_mixin.py:190} INFO - [2025-02-06T18:39:23.175+0000] {dagbag.py:588} INFO - Filling up the DagBag from /home/airflow/.local/lib/python3.12/site-packages/airflow/example_dags/example_inlet_event_extra.py
[2025-02-06T18:39:24.170+0000] {processor.py:925} INFO - DAG(s) 'read_dataset_event', 'read_dataset_event_from_classic' retrieved from /home/airflow/.local/lib/python3.12/site-packages/airflow/example_dags/example_inlet_event_extra.py
[2025-02-06T18:39:24.209+0000] {logging_mixin.py:190} INFO - [2025-02-06T18:39:24.209+0000] {dag.py:3239} INFO - Sync 2 DAGs
[2025-02-06T18:39:24.252+0000] {logging_mixin.py:190} INFO - [2025-02-06T18:39:24.252+0000] {dag.py:4180} INFO - Setting next_dagrun for read_dataset_event to 2025-02-05 00:00:00+00:00, run_after=2025-02-06 00:00:00+00:00
[2025-02-06T18:39:24.263+0000] {logging_mixin.py:190} INFO - [2025-02-06T18:39:24.263+0000] {dag.py:4180} INFO - Setting next_dagrun for read_dataset_event_from_classic to 2025-02-05 00:00:00+00:00, run_after=2025-02-06 00:00:00+00:00
[2025-02-06T18:39:24.313+0000] {processor.py:208} INFO - Processing /home/airflow/.local/lib/python3.12/site-packages/airflow/example_dags/example_inlet_event_extra.py took 1.159 seconds
[2025-02-06T18:39:54.685+0000] {processor.py:186} INFO - Started process (PID=2727) to work on /home/airflow/.local/lib/python3.12/site-packages/airflow/example_dags/example_inlet_event_extra.py
[2025-02-06T18:39:54.686+0000] {processor.py:914} INFO - Processing file /home/airflow/.local/lib/python3.12/site-packages/airflow/example_dags/example_inlet_event_extra.py for tasks to queue
[2025-02-06T18:39:54.689+0000] {logging_mixin.py:190} INFO - [2025-02-06T18:39:54.688+0000] {dagbag.py:588} INFO - Filling up the DagBag from /home/airflow/.local/lib/python3.12/site-packages/airflow/example_dags/example_inlet_event_extra.py
[2025-02-06T18:39:55.521+0000] {processor.py:925} INFO - DAG(s) 'read_dataset_event', 'read_dataset_event_from_classic' retrieved from /home/airflow/.local/lib/python3.12/site-packages/airflow/example_dags/example_inlet_event_extra.py
[2025-02-06T18:39:55.549+0000] {logging_mixin.py:190} INFO - [2025-02-06T18:39:55.548+0000] {dag.py:3239} INFO - Sync 2 DAGs
[2025-02-06T18:39:55.586+0000] {logging_mixin.py:190} INFO - [2025-02-06T18:39:55.586+0000] {dag.py:4180} INFO - Setting next_dagrun for read_dataset_event to 2025-02-05 00:00:00+00:00, run_after=2025-02-06 00:00:00+00:00
[2025-02-06T18:39:55.593+0000] {logging_mixin.py:190} INFO - [2025-02-06T18:39:55.593+0000] {dag.py:4180} INFO - Setting next_dagrun for read_dataset_event_from_classic to 2025-02-05 00:00:00+00:00, run_after=2025-02-06 00:00:00+00:00
[2025-02-06T18:39:55.613+0000] {processor.py:208} INFO - Processing /home/airflow/.local/lib/python3.12/site-packages/airflow/example_dags/example_inlet_event_extra.py took 0.937 seconds
[2025-02-06T18:40:26.548+0000] {processor.py:186} INFO - Started process (PID=2784) to work on /home/airflow/.local/lib/python3.12/site-packages/airflow/example_dags/example_inlet_event_extra.py
[2025-02-06T18:40:26.550+0000] {processor.py:914} INFO - Processing file /home/airflow/.local/lib/python3.12/site-packages/airflow/example_dags/example_inlet_event_extra.py for tasks to queue
[2025-02-06T18:40:26.554+0000] {logging_mixin.py:190} INFO - [2025-02-06T18:40:26.553+0000] {dagbag.py:588} INFO - Filling up the DagBag from /home/airflow/.local/lib/python3.12/site-packages/airflow/example_dags/example_inlet_event_extra.py
[2025-02-06T18:40:27.411+0000] {processor.py:925} INFO - DAG(s) 'read_dataset_event_from_classic', 'read_dataset_event' retrieved from /home/airflow/.local/lib/python3.12/site-packages/airflow/example_dags/example_inlet_event_extra.py
[2025-02-06T18:40:27.444+0000] {logging_mixin.py:190} INFO - [2025-02-06T18:40:27.443+0000] {dag.py:3239} INFO - Sync 2 DAGs
[2025-02-06T18:40:27.485+0000] {logging_mixin.py:190} INFO - [2025-02-06T18:40:27.485+0000] {dag.py:4180} INFO - Setting next_dagrun for read_dataset_event to 2025-02-05 00:00:00+00:00, run_after=2025-02-06 00:00:00+00:00
[2025-02-06T18:40:27.493+0000] {logging_mixin.py:190} INFO - [2025-02-06T18:40:27.493+0000] {dag.py:4180} INFO - Setting next_dagrun for read_dataset_event_from_classic to 2025-02-05 00:00:00+00:00, run_after=2025-02-06 00:00:00+00:00
[2025-02-06T18:40:27.519+0000] {processor.py:208} INFO - Processing /home/airflow/.local/lib/python3.12/site-packages/airflow/example_dags/example_inlet_event_extra.py took 0.978 seconds
[2025-02-06T18:40:58.300+0000] {processor.py:186} INFO - Started process (PID=2841) to work on /home/airflow/.local/lib/python3.12/site-packages/airflow/example_dags/example_inlet_event_extra.py
[2025-02-06T18:40:58.302+0000] {processor.py:914} INFO - Processing file /home/airflow/.local/lib/python3.12/site-packages/airflow/example_dags/example_inlet_event_extra.py for tasks to queue
[2025-02-06T18:40:58.307+0000] {logging_mixin.py:190} INFO - [2025-02-06T18:40:58.306+0000] {dagbag.py:588} INFO - Filling up the DagBag from /home/airflow/.local/lib/python3.12/site-packages/airflow/example_dags/example_inlet_event_extra.py
[2025-02-06T18:40:59.045+0000] {processor.py:925} INFO - DAG(s) 'read_dataset_event_from_classic', 'read_dataset_event' retrieved from /home/airflow/.local/lib/python3.12/site-packages/airflow/example_dags/example_inlet_event_extra.py
[2025-02-06T18:40:59.079+0000] {logging_mixin.py:190} INFO - [2025-02-06T18:40:59.079+0000] {dag.py:3239} INFO - Sync 2 DAGs
[2025-02-06T18:40:59.120+0000] {logging_mixin.py:190} INFO - [2025-02-06T18:40:59.120+0000] {dag.py:4180} INFO - Setting next_dagrun for read_dataset_event to 2025-02-05 00:00:00+00:00, run_after=2025-02-06 00:00:00+00:00
[2025-02-06T18:40:59.129+0000] {logging_mixin.py:190} INFO - [2025-02-06T18:40:59.128+0000] {dag.py:4180} INFO - Setting next_dagrun for read_dataset_event_from_classic to 2025-02-05 00:00:00+00:00, run_after=2025-02-06 00:00:00+00:00
[2025-02-06T18:40:59.161+0000] {processor.py:208} INFO - Processing /home/airflow/.local/lib/python3.12/site-packages/airflow/example_dags/example_inlet_event_extra.py took 0.869 seconds
[2025-02-06T18:41:29.602+0000] {processor.py:186} INFO - Started process (PID=2898) to work on /home/airflow/.local/lib/python3.12/site-packages/airflow/example_dags/example_inlet_event_extra.py
[2025-02-06T18:41:29.604+0000] {processor.py:914} INFO - Processing file /home/airflow/.local/lib/python3.12/site-packages/airflow/example_dags/example_inlet_event_extra.py for tasks to queue
[2025-02-06T18:41:29.609+0000] {logging_mixin.py:190} INFO - [2025-02-06T18:41:29.608+0000] {dagbag.py:588} INFO - Filling up the DagBag from /home/airflow/.local/lib/python3.12/site-packages/airflow/example_dags/example_inlet_event_extra.py
[2025-02-06T18:41:30.524+0000] {processor.py:925} INFO - DAG(s) 'read_dataset_event_from_classic', 'read_dataset_event' retrieved from /home/airflow/.local/lib/python3.12/site-packages/airflow/example_dags/example_inlet_event_extra.py
[2025-02-06T18:41:30.564+0000] {logging_mixin.py:190} INFO - [2025-02-06T18:41:30.563+0000] {dag.py:3239} INFO - Sync 2 DAGs
[2025-02-06T18:41:30.608+0000] {logging_mixin.py:190} INFO - [2025-02-06T18:41:30.607+0000] {dag.py:4180} INFO - Setting next_dagrun for read_dataset_event to 2025-02-05 00:00:00+00:00, run_after=2025-02-06 00:00:00+00:00
[2025-02-06T18:41:30.616+0000] {logging_mixin.py:190} INFO - [2025-02-06T18:41:30.616+0000] {dag.py:4180} INFO - Setting next_dagrun for read_dataset_event_from_classic to 2025-02-05 00:00:00+00:00, run_after=2025-02-06 00:00:00+00:00
[2025-02-06T18:41:30.649+0000] {processor.py:208} INFO - Processing /home/airflow/.local/lib/python3.12/site-packages/airflow/example_dags/example_inlet_event_extra.py took 1.063 seconds
[2025-02-06T18:42:01.599+0000] {processor.py:186} INFO - Started process (PID=2955) to work on /home/airflow/.local/lib/python3.12/site-packages/airflow/example_dags/example_inlet_event_extra.py
[2025-02-06T18:42:01.602+0000] {processor.py:914} INFO - Processing file /home/airflow/.local/lib/python3.12/site-packages/airflow/example_dags/example_inlet_event_extra.py for tasks to queue
[2025-02-06T18:42:01.606+0000] {logging_mixin.py:190} INFO - [2025-02-06T18:42:01.605+0000] {dagbag.py:588} INFO - Filling up the DagBag from /home/airflow/.local/lib/python3.12/site-packages/airflow/example_dags/example_inlet_event_extra.py
[2025-02-06T18:42:02.382+0000] {processor.py:925} INFO - DAG(s) 'read_dataset_event_from_classic', 'read_dataset_event' retrieved from /home/airflow/.local/lib/python3.12/site-packages/airflow/example_dags/example_inlet_event_extra.py
[2025-02-06T18:42:02.412+0000] {logging_mixin.py:190} INFO - [2025-02-06T18:42:02.412+0000] {dag.py:3239} INFO - Sync 2 DAGs
[2025-02-06T18:42:02.454+0000] {logging_mixin.py:190} INFO - [2025-02-06T18:42:02.453+0000] {dag.py:4180} INFO - Setting next_dagrun for read_dataset_event to 2025-02-05 00:00:00+00:00, run_after=2025-02-06 00:00:00+00:00
[2025-02-06T18:42:02.463+0000] {logging_mixin.py:190} INFO - [2025-02-06T18:42:02.462+0000] {dag.py:4180} INFO - Setting next_dagrun for read_dataset_event_from_classic to 2025-02-05 00:00:00+00:00, run_after=2025-02-06 00:00:00+00:00
[2025-02-06T18:42:02.492+0000] {processor.py:208} INFO - Processing /home/airflow/.local/lib/python3.12/site-packages/airflow/example_dags/example_inlet_event_extra.py took 0.909 seconds
[2025-02-06T18:42:32.931+0000] {processor.py:186} INFO - Started process (PID=3012) to work on /home/airflow/.local/lib/python3.12/site-packages/airflow/example_dags/example_inlet_event_extra.py
[2025-02-06T18:42:32.933+0000] {processor.py:914} INFO - Processing file /home/airflow/.local/lib/python3.12/site-packages/airflow/example_dags/example_inlet_event_extra.py for tasks to queue
[2025-02-06T18:42:32.936+0000] {logging_mixin.py:190} INFO - [2025-02-06T18:42:32.936+0000] {dagbag.py:588} INFO - Filling up the DagBag from /home/airflow/.local/lib/python3.12/site-packages/airflow/example_dags/example_inlet_event_extra.py
[2025-02-06T18:42:33.590+0000] {processor.py:925} INFO - DAG(s) 'read_dataset_event_from_classic', 'read_dataset_event' retrieved from /home/airflow/.local/lib/python3.12/site-packages/airflow/example_dags/example_inlet_event_extra.py
[2025-02-06T18:42:33.632+0000] {logging_mixin.py:190} INFO - [2025-02-06T18:42:33.632+0000] {dag.py:3239} INFO - Sync 2 DAGs
[2025-02-06T18:42:33.669+0000] {logging_mixin.py:190} INFO - [2025-02-06T18:42:33.669+0000] {dag.py:4180} INFO - Setting next_dagrun for read_dataset_event to 2025-02-05 00:00:00+00:00, run_after=2025-02-06 00:00:00+00:00
[2025-02-06T18:42:33.677+0000] {logging_mixin.py:190} INFO - [2025-02-06T18:42:33.676+0000] {dag.py:4180} INFO - Setting next_dagrun for read_dataset_event_from_classic to 2025-02-05 00:00:00+00:00, run_after=2025-02-06 00:00:00+00:00
[2025-02-06T18:42:33.698+0000] {processor.py:208} INFO - Processing /home/airflow/.local/lib/python3.12/site-packages/airflow/example_dags/example_inlet_event_extra.py took 0.776 seconds
[2025-02-06T18:43:04.074+0000] {processor.py:186} INFO - Started process (PID=3069) to work on /home/airflow/.local/lib/python3.12/site-packages/airflow/example_dags/example_inlet_event_extra.py
[2025-02-06T18:43:04.076+0000] {processor.py:914} INFO - Processing file /home/airflow/.local/lib/python3.12/site-packages/airflow/example_dags/example_inlet_event_extra.py for tasks to queue
[2025-02-06T18:43:04.080+0000] {logging_mixin.py:190} INFO - [2025-02-06T18:43:04.080+0000] {dagbag.py:588} INFO - Filling up the DagBag from /home/airflow/.local/lib/python3.12/site-packages/airflow/example_dags/example_inlet_event_extra.py
[2025-02-06T18:43:04.763+0000] {processor.py:925} INFO - DAG(s) 'read_dataset_event_from_classic', 'read_dataset_event' retrieved from /home/airflow/.local/lib/python3.12/site-packages/airflow/example_dags/example_inlet_event_extra.py
[2025-02-06T18:43:04.790+0000] {logging_mixin.py:190} INFO - [2025-02-06T18:43:04.790+0000] {dag.py:3239} INFO - Sync 2 DAGs
[2025-02-06T18:43:04.824+0000] {logging_mixin.py:190} INFO - [2025-02-06T18:43:04.824+0000] {dag.py:4180} INFO - Setting next_dagrun for read_dataset_event to 2025-02-05 00:00:00+00:00, run_after=2025-02-06 00:00:00+00:00
[2025-02-06T18:43:04.831+0000] {logging_mixin.py:190} INFO - [2025-02-06T18:43:04.831+0000] {dag.py:4180} INFO - Setting next_dagrun for read_dataset_event_from_classic to 2025-02-05 00:00:00+00:00, run_after=2025-02-06 00:00:00+00:00
[2025-02-06T18:43:04.860+0000] {processor.py:208} INFO - Processing /home/airflow/.local/lib/python3.12/site-packages/airflow/example_dags/example_inlet_event_extra.py took 0.800 seconds
[2025-02-06T18:43:34.969+0000] {processor.py:186} INFO - Started process (PID=3126) to work on /home/airflow/.local/lib/python3.12/site-packages/airflow/example_dags/example_inlet_event_extra.py
[2025-02-06T18:43:34.970+0000] {processor.py:914} INFO - Processing file /home/airflow/.local/lib/python3.12/site-packages/airflow/example_dags/example_inlet_event_extra.py for tasks to queue
[2025-02-06T18:43:34.975+0000] {logging_mixin.py:190} INFO - [2025-02-06T18:43:34.974+0000] {dagbag.py:588} INFO - Filling up the DagBag from /home/airflow/.local/lib/python3.12/site-packages/airflow/example_dags/example_inlet_event_extra.py
[2025-02-06T18:43:35.587+0000] {processor.py:925} INFO - DAG(s) 'read_dataset_event_from_classic', 'read_dataset_event' retrieved from /home/airflow/.local/lib/python3.12/site-packages/airflow/example_dags/example_inlet_event_extra.py
[2025-02-06T18:43:35.628+0000] {logging_mixin.py:190} INFO - [2025-02-06T18:43:35.627+0000] {dag.py:3239} INFO - Sync 2 DAGs
[2025-02-06T18:43:35.686+0000] {logging_mixin.py:190} INFO - [2025-02-06T18:43:35.685+0000] {dag.py:4180} INFO - Setting next_dagrun for read_dataset_event to 2025-02-05 00:00:00+00:00, run_after=2025-02-06 00:00:00+00:00
[2025-02-06T18:43:35.695+0000] {logging_mixin.py:190} INFO - [2025-02-06T18:43:35.694+0000] {dag.py:4180} INFO - Setting next_dagrun for read_dataset_event_from_classic to 2025-02-05 00:00:00+00:00, run_after=2025-02-06 00:00:00+00:00
[2025-02-06T18:43:35.730+0000] {processor.py:208} INFO - Processing /home/airflow/.local/lib/python3.12/site-packages/airflow/example_dags/example_inlet_event_extra.py took 0.773 seconds
[2025-02-06T18:44:06.514+0000] {processor.py:186} INFO - Started process (PID=3183) to work on /home/airflow/.local/lib/python3.12/site-packages/airflow/example_dags/example_inlet_event_extra.py
[2025-02-06T18:44:06.515+0000] {processor.py:914} INFO - Processing file /home/airflow/.local/lib/python3.12/site-packages/airflow/example_dags/example_inlet_event_extra.py for tasks to queue
[2025-02-06T18:44:06.519+0000] {logging_mixin.py:190} INFO - [2025-02-06T18:44:06.519+0000] {dagbag.py:588} INFO - Filling up the DagBag from /home/airflow/.local/lib/python3.12/site-packages/airflow/example_dags/example_inlet_event_extra.py
[2025-02-06T18:44:07.151+0000] {processor.py:925} INFO - DAG(s) 'read_dataset_event', 'read_dataset_event_from_classic' retrieved from /home/airflow/.local/lib/python3.12/site-packages/airflow/example_dags/example_inlet_event_extra.py
[2025-02-06T18:44:07.181+0000] {logging_mixin.py:190} INFO - [2025-02-06T18:44:07.180+0000] {dag.py:3239} INFO - Sync 2 DAGs
[2025-02-06T18:44:07.225+0000] {logging_mixin.py:190} INFO - [2025-02-06T18:44:07.224+0000] {dag.py:4180} INFO - Setting next_dagrun for read_dataset_event to 2025-02-05 00:00:00+00:00, run_after=2025-02-06 00:00:00+00:00
[2025-02-06T18:44:07.233+0000] {logging_mixin.py:190} INFO - [2025-02-06T18:44:07.232+0000] {dag.py:4180} INFO - Setting next_dagrun for read_dataset_event_from_classic to 2025-02-05 00:00:00+00:00, run_after=2025-02-06 00:00:00+00:00
[2025-02-06T18:44:07.257+0000] {processor.py:208} INFO - Processing /home/airflow/.local/lib/python3.12/site-packages/airflow/example_dags/example_inlet_event_extra.py took 0.752 seconds
[2025-02-06T18:44:37.400+0000] {processor.py:186} INFO - Started process (PID=3244) to work on /home/airflow/.local/lib/python3.12/site-packages/airflow/example_dags/example_inlet_event_extra.py
[2025-02-06T18:44:37.402+0000] {processor.py:914} INFO - Processing file /home/airflow/.local/lib/python3.12/site-packages/airflow/example_dags/example_inlet_event_extra.py for tasks to queue
[2025-02-06T18:44:37.408+0000] {logging_mixin.py:190} INFO - [2025-02-06T18:44:37.407+0000] {dagbag.py:588} INFO - Filling up the DagBag from /home/airflow/.local/lib/python3.12/site-packages/airflow/example_dags/example_inlet_event_extra.py
[2025-02-06T18:44:38.388+0000] {processor.py:925} INFO - DAG(s) 'read_dataset_event', 'read_dataset_event_from_classic' retrieved from /home/airflow/.local/lib/python3.12/site-packages/airflow/example_dags/example_inlet_event_extra.py
[2025-02-06T18:44:38.432+0000] {logging_mixin.py:190} INFO - [2025-02-06T18:44:38.431+0000] {dag.py:3239} INFO - Sync 2 DAGs
[2025-02-06T18:44:38.490+0000] {logging_mixin.py:190} INFO - [2025-02-06T18:44:38.490+0000] {dag.py:4180} INFO - Setting next_dagrun for read_dataset_event to 2025-02-05 00:00:00+00:00, run_after=2025-02-06 00:00:00+00:00
[2025-02-06T18:44:38.501+0000] {logging_mixin.py:190} INFO - [2025-02-06T18:44:38.501+0000] {dag.py:4180} INFO - Setting next_dagrun for read_dataset_event_from_classic to 2025-02-05 00:00:00+00:00, run_after=2025-02-06 00:00:00+00:00
[2025-02-06T18:44:38.527+0000] {processor.py:208} INFO - Processing /home/airflow/.local/lib/python3.12/site-packages/airflow/example_dags/example_inlet_event_extra.py took 1.143 seconds
[2025-02-06T18:45:08.681+0000] {processor.py:186} INFO - Started process (PID=3304) to work on /home/airflow/.local/lib/python3.12/site-packages/airflow/example_dags/example_inlet_event_extra.py
[2025-02-06T18:45:08.683+0000] {processor.py:914} INFO - Processing file /home/airflow/.local/lib/python3.12/site-packages/airflow/example_dags/example_inlet_event_extra.py for tasks to queue
[2025-02-06T18:45:08.688+0000] {logging_mixin.py:190} INFO - [2025-02-06T18:45:08.687+0000] {dagbag.py:588} INFO - Filling up the DagBag from /home/airflow/.local/lib/python3.12/site-packages/airflow/example_dags/example_inlet_event_extra.py
[2025-02-06T18:45:09.422+0000] {processor.py:925} INFO - DAG(s) 'read_dataset_event', 'read_dataset_event_from_classic' retrieved from /home/airflow/.local/lib/python3.12/site-packages/airflow/example_dags/example_inlet_event_extra.py
[2025-02-06T18:45:09.459+0000] {logging_mixin.py:190} INFO - [2025-02-06T18:45:09.458+0000] {dag.py:3239} INFO - Sync 2 DAGs
[2025-02-06T18:45:09.511+0000] {logging_mixin.py:190} INFO - [2025-02-06T18:45:09.510+0000] {dag.py:4180} INFO - Setting next_dagrun for read_dataset_event to 2025-02-05 00:00:00+00:00, run_after=2025-02-06 00:00:00+00:00
[2025-02-06T18:45:09.519+0000] {logging_mixin.py:190} INFO - [2025-02-06T18:45:09.519+0000] {dag.py:4180} INFO - Setting next_dagrun for read_dataset_event_from_classic to 2025-02-05 00:00:00+00:00, run_after=2025-02-06 00:00:00+00:00
[2025-02-06T18:45:09.556+0000] {processor.py:208} INFO - Processing /home/airflow/.local/lib/python3.12/site-packages/airflow/example_dags/example_inlet_event_extra.py took 0.893 seconds
[2025-02-06T18:45:39.854+0000] {processor.py:186} INFO - Started process (PID=3361) to work on /home/airflow/.local/lib/python3.12/site-packages/airflow/example_dags/example_inlet_event_extra.py
[2025-02-06T18:45:39.856+0000] {processor.py:914} INFO - Processing file /home/airflow/.local/lib/python3.12/site-packages/airflow/example_dags/example_inlet_event_extra.py for tasks to queue
[2025-02-06T18:45:39.862+0000] {logging_mixin.py:190} INFO - [2025-02-06T18:45:39.861+0000] {dagbag.py:588} INFO - Filling up the DagBag from /home/airflow/.local/lib/python3.12/site-packages/airflow/example_dags/example_inlet_event_extra.py
[2025-02-06T18:45:41.108+0000] {processor.py:925} INFO - DAG(s) 'read_dataset_event_from_classic', 'read_dataset_event' retrieved from /home/airflow/.local/lib/python3.12/site-packages/airflow/example_dags/example_inlet_event_extra.py
[2025-02-06T18:45:41.155+0000] {logging_mixin.py:190} INFO - [2025-02-06T18:45:41.155+0000] {dag.py:3239} INFO - Sync 2 DAGs
[2025-02-06T18:45:41.229+0000] {logging_mixin.py:190} INFO - [2025-02-06T18:45:41.228+0000] {dag.py:4180} INFO - Setting next_dagrun for read_dataset_event to 2025-02-05 00:00:00+00:00, run_after=2025-02-06 00:00:00+00:00
[2025-02-06T18:45:41.243+0000] {logging_mixin.py:190} INFO - [2025-02-06T18:45:41.242+0000] {dag.py:4180} INFO - Setting next_dagrun for read_dataset_event_from_classic to 2025-02-05 00:00:00+00:00, run_after=2025-02-06 00:00:00+00:00
[2025-02-06T18:45:41.296+0000] {processor.py:208} INFO - Processing /home/airflow/.local/lib/python3.12/site-packages/airflow/example_dags/example_inlet_event_extra.py took 1.454 seconds
[2025-02-06T18:46:11.436+0000] {processor.py:186} INFO - Started process (PID=3419) to work on /home/airflow/.local/lib/python3.12/site-packages/airflow/example_dags/example_inlet_event_extra.py
[2025-02-06T18:46:11.438+0000] {processor.py:914} INFO - Processing file /home/airflow/.local/lib/python3.12/site-packages/airflow/example_dags/example_inlet_event_extra.py for tasks to queue
[2025-02-06T18:46:11.443+0000] {logging_mixin.py:190} INFO - [2025-02-06T18:46:11.442+0000] {dagbag.py:588} INFO - Filling up the DagBag from /home/airflow/.local/lib/python3.12/site-packages/airflow/example_dags/example_inlet_event_extra.py
[2025-02-06T18:46:12.242+0000] {processor.py:925} INFO - DAG(s) 'read_dataset_event_from_classic', 'read_dataset_event' retrieved from /home/airflow/.local/lib/python3.12/site-packages/airflow/example_dags/example_inlet_event_extra.py
[2025-02-06T18:46:12.286+0000] {logging_mixin.py:190} INFO - [2025-02-06T18:46:12.285+0000] {dag.py:3239} INFO - Sync 2 DAGs
[2025-02-06T18:46:12.339+0000] {logging_mixin.py:190} INFO - [2025-02-06T18:46:12.339+0000] {dag.py:4180} INFO - Setting next_dagrun for read_dataset_event to 2025-02-05 00:00:00+00:00, run_after=2025-02-06 00:00:00+00:00
[2025-02-06T18:46:12.347+0000] {logging_mixin.py:190} INFO - [2025-02-06T18:46:12.347+0000] {dag.py:4180} INFO - Setting next_dagrun for read_dataset_event_from_classic to 2025-02-05 00:00:00+00:00, run_after=2025-02-06 00:00:00+00:00
[2025-02-06T18:46:12.404+0000] {processor.py:208} INFO - Processing /home/airflow/.local/lib/python3.12/site-packages/airflow/example_dags/example_inlet_event_extra.py took 0.977 seconds
[2025-02-06T18:46:42.564+0000] {processor.py:186} INFO - Started process (PID=3479) to work on /home/airflow/.local/lib/python3.12/site-packages/airflow/example_dags/example_inlet_event_extra.py
[2025-02-06T18:46:42.565+0000] {processor.py:914} INFO - Processing file /home/airflow/.local/lib/python3.12/site-packages/airflow/example_dags/example_inlet_event_extra.py for tasks to queue
[2025-02-06T18:46:42.569+0000] {logging_mixin.py:190} INFO - [2025-02-06T18:46:42.568+0000] {dagbag.py:588} INFO - Filling up the DagBag from /home/airflow/.local/lib/python3.12/site-packages/airflow/example_dags/example_inlet_event_extra.py
[2025-02-06T18:46:43.186+0000] {processor.py:925} INFO - DAG(s) 'read_dataset_event', 'read_dataset_event_from_classic' retrieved from /home/airflow/.local/lib/python3.12/site-packages/airflow/example_dags/example_inlet_event_extra.py
[2025-02-06T18:46:43.219+0000] {logging_mixin.py:190} INFO - [2025-02-06T18:46:43.218+0000] {dag.py:3239} INFO - Sync 2 DAGs
[2025-02-06T18:46:43.262+0000] {logging_mixin.py:190} INFO - [2025-02-06T18:46:43.262+0000] {dag.py:4180} INFO - Setting next_dagrun for read_dataset_event to 2025-02-05 00:00:00+00:00, run_after=2025-02-06 00:00:00+00:00
[2025-02-06T18:46:43.271+0000] {logging_mixin.py:190} INFO - [2025-02-06T18:46:43.270+0000] {dag.py:4180} INFO - Setting next_dagrun for read_dataset_event_from_classic to 2025-02-05 00:00:00+00:00, run_after=2025-02-06 00:00:00+00:00
[2025-02-06T18:46:43.297+0000] {processor.py:208} INFO - Processing /home/airflow/.local/lib/python3.12/site-packages/airflow/example_dags/example_inlet_event_extra.py took 0.741 seconds
[2025-02-06T18:47:13.827+0000] {processor.py:186} INFO - Started process (PID=3536) to work on /home/airflow/.local/lib/python3.12/site-packages/airflow/example_dags/example_inlet_event_extra.py
[2025-02-06T18:47:13.829+0000] {processor.py:914} INFO - Processing file /home/airflow/.local/lib/python3.12/site-packages/airflow/example_dags/example_inlet_event_extra.py for tasks to queue
[2025-02-06T18:47:13.834+0000] {logging_mixin.py:190} INFO - [2025-02-06T18:47:13.833+0000] {dagbag.py:588} INFO - Filling up the DagBag from /home/airflow/.local/lib/python3.12/site-packages/airflow/example_dags/example_inlet_event_extra.py
[2025-02-06T18:47:14.759+0000] {processor.py:925} INFO - DAG(s) 'read_dataset_event_from_classic', 'read_dataset_event' retrieved from /home/airflow/.local/lib/python3.12/site-packages/airflow/example_dags/example_inlet_event_extra.py
[2025-02-06T18:47:14.791+0000] {logging_mixin.py:190} INFO - [2025-02-06T18:47:14.791+0000] {dag.py:3239} INFO - Sync 2 DAGs
[2025-02-06T18:47:14.852+0000] {logging_mixin.py:190} INFO - [2025-02-06T18:47:14.851+0000] {dag.py:4180} INFO - Setting next_dagrun for read_dataset_event to 2025-02-05 00:00:00+00:00, run_after=2025-02-06 00:00:00+00:00
[2025-02-06T18:47:14.862+0000] {logging_mixin.py:190} INFO - [2025-02-06T18:47:14.862+0000] {dag.py:4180} INFO - Setting next_dagrun for read_dataset_event_from_classic to 2025-02-05 00:00:00+00:00, run_after=2025-02-06 00:00:00+00:00
[2025-02-06T18:47:14.902+0000] {processor.py:208} INFO - Processing /home/airflow/.local/lib/python3.12/site-packages/airflow/example_dags/example_inlet_event_extra.py took 1.085 seconds
[2025-02-06T18:47:45.331+0000] {processor.py:186} INFO - Started process (PID=3595) to work on /home/airflow/.local/lib/python3.12/site-packages/airflow/example_dags/example_inlet_event_extra.py
[2025-02-06T18:47:45.332+0000] {processor.py:914} INFO - Processing file /home/airflow/.local/lib/python3.12/site-packages/airflow/example_dags/example_inlet_event_extra.py for tasks to queue
[2025-02-06T18:47:45.337+0000] {logging_mixin.py:190} INFO - [2025-02-06T18:47:45.336+0000] {dagbag.py:588} INFO - Filling up the DagBag from /home/airflow/.local/lib/python3.12/site-packages/airflow/example_dags/example_inlet_event_extra.py
[2025-02-06T18:47:46.043+0000] {processor.py:925} INFO - DAG(s) 'read_dataset_event', 'read_dataset_event_from_classic' retrieved from /home/airflow/.local/lib/python3.12/site-packages/airflow/example_dags/example_inlet_event_extra.py
[2025-02-06T18:47:46.072+0000] {logging_mixin.py:190} INFO - [2025-02-06T18:47:46.072+0000] {dag.py:3239} INFO - Sync 2 DAGs
[2025-02-06T18:47:46.107+0000] {logging_mixin.py:190} INFO - [2025-02-06T18:47:46.107+0000] {dag.py:4180} INFO - Setting next_dagrun for read_dataset_event to 2025-02-05 00:00:00+00:00, run_after=2025-02-06 00:00:00+00:00
[2025-02-06T18:47:46.114+0000] {logging_mixin.py:190} INFO - [2025-02-06T18:47:46.114+0000] {dag.py:4180} INFO - Setting next_dagrun for read_dataset_event_from_classic to 2025-02-05 00:00:00+00:00, run_after=2025-02-06 00:00:00+00:00
[2025-02-06T18:47:46.142+0000] {processor.py:208} INFO - Processing /home/airflow/.local/lib/python3.12/site-packages/airflow/example_dags/example_inlet_event_extra.py took 0.819 seconds
[2025-02-06T18:48:16.398+0000] {processor.py:186} INFO - Started process (PID=3652) to work on /home/airflow/.local/lib/python3.12/site-packages/airflow/example_dags/example_inlet_event_extra.py
[2025-02-06T18:48:16.401+0000] {processor.py:914} INFO - Processing file /home/airflow/.local/lib/python3.12/site-packages/airflow/example_dags/example_inlet_event_extra.py for tasks to queue
[2025-02-06T18:48:16.405+0000] {logging_mixin.py:190} INFO - [2025-02-06T18:48:16.405+0000] {dagbag.py:588} INFO - Filling up the DagBag from /home/airflow/.local/lib/python3.12/site-packages/airflow/example_dags/example_inlet_event_extra.py
[2025-02-06T18:48:17.259+0000] {processor.py:925} INFO - DAG(s) 'read_dataset_event_from_classic', 'read_dataset_event' retrieved from /home/airflow/.local/lib/python3.12/site-packages/airflow/example_dags/example_inlet_event_extra.py
[2025-02-06T18:48:17.306+0000] {logging_mixin.py:190} INFO - [2025-02-06T18:48:17.305+0000] {dag.py:3239} INFO - Sync 2 DAGs
[2025-02-06T18:48:17.350+0000] {logging_mixin.py:190} INFO - [2025-02-06T18:48:17.350+0000] {dag.py:4180} INFO - Setting next_dagrun for read_dataset_event to 2025-02-05 00:00:00+00:00, run_after=2025-02-06 00:00:00+00:00
[2025-02-06T18:48:17.359+0000] {logging_mixin.py:190} INFO - [2025-02-06T18:48:17.359+0000] {dag.py:4180} INFO - Setting next_dagrun for read_dataset_event_from_classic to 2025-02-05 00:00:00+00:00, run_after=2025-02-06 00:00:00+00:00
[2025-02-06T18:48:17.389+0000] {processor.py:208} INFO - Processing /home/airflow/.local/lib/python3.12/site-packages/airflow/example_dags/example_inlet_event_extra.py took 1.002 seconds
[2025-02-06T18:48:47.964+0000] {processor.py:186} INFO - Started process (PID=3711) to work on /home/airflow/.local/lib/python3.12/site-packages/airflow/example_dags/example_inlet_event_extra.py
[2025-02-06T18:48:47.965+0000] {processor.py:914} INFO - Processing file /home/airflow/.local/lib/python3.12/site-packages/airflow/example_dags/example_inlet_event_extra.py for tasks to queue
[2025-02-06T18:48:47.969+0000] {logging_mixin.py:190} INFO - [2025-02-06T18:48:47.969+0000] {dagbag.py:588} INFO - Filling up the DagBag from /home/airflow/.local/lib/python3.12/site-packages/airflow/example_dags/example_inlet_event_extra.py
[2025-02-06T18:48:48.626+0000] {processor.py:925} INFO - DAG(s) 'read_dataset_event_from_classic', 'read_dataset_event' retrieved from /home/airflow/.local/lib/python3.12/site-packages/airflow/example_dags/example_inlet_event_extra.py
[2025-02-06T18:48:48.665+0000] {logging_mixin.py:190} INFO - [2025-02-06T18:48:48.665+0000] {dag.py:3239} INFO - Sync 2 DAGs
[2025-02-06T18:48:48.704+0000] {logging_mixin.py:190} INFO - [2025-02-06T18:48:48.704+0000] {dag.py:4180} INFO - Setting next_dagrun for read_dataset_event to 2025-02-05 00:00:00+00:00, run_after=2025-02-06 00:00:00+00:00
[2025-02-06T18:48:48.712+0000] {logging_mixin.py:190} INFO - [2025-02-06T18:48:48.711+0000] {dag.py:4180} INFO - Setting next_dagrun for read_dataset_event_from_classic to 2025-02-05 00:00:00+00:00, run_after=2025-02-06 00:00:00+00:00
[2025-02-06T18:48:48.739+0000] {processor.py:208} INFO - Processing /home/airflow/.local/lib/python3.12/site-packages/airflow/example_dags/example_inlet_event_extra.py took 0.783 seconds
[2025-02-06T18:49:19.701+0000] {processor.py:186} INFO - Started process (PID=3769) to work on /home/airflow/.local/lib/python3.12/site-packages/airflow/example_dags/example_inlet_event_extra.py
[2025-02-06T18:49:19.702+0000] {processor.py:914} INFO - Processing file /home/airflow/.local/lib/python3.12/site-packages/airflow/example_dags/example_inlet_event_extra.py for tasks to queue
[2025-02-06T18:49:19.707+0000] {logging_mixin.py:190} INFO - [2025-02-06T18:49:19.706+0000] {dagbag.py:588} INFO - Filling up the DagBag from /home/airflow/.local/lib/python3.12/site-packages/airflow/example_dags/example_inlet_event_extra.py
[2025-02-06T18:49:20.437+0000] {processor.py:925} INFO - DAG(s) 'read_dataset_event', 'read_dataset_event_from_classic' retrieved from /home/airflow/.local/lib/python3.12/site-packages/airflow/example_dags/example_inlet_event_extra.py
[2025-02-06T18:49:20.477+0000] {logging_mixin.py:190} INFO - [2025-02-06T18:49:20.477+0000] {dag.py:3239} INFO - Sync 2 DAGs
[2025-02-06T18:49:20.512+0000] {logging_mixin.py:190} INFO - [2025-02-06T18:49:20.512+0000] {dag.py:4180} INFO - Setting next_dagrun for read_dataset_event to 2025-02-05 00:00:00+00:00, run_after=2025-02-06 00:00:00+00:00
[2025-02-06T18:49:20.519+0000] {logging_mixin.py:190} INFO - [2025-02-06T18:49:20.519+0000] {dag.py:4180} INFO - Setting next_dagrun for read_dataset_event_from_classic to 2025-02-05 00:00:00+00:00, run_after=2025-02-06 00:00:00+00:00
[2025-02-06T18:49:20.550+0000] {processor.py:208} INFO - Processing /home/airflow/.local/lib/python3.12/site-packages/airflow/example_dags/example_inlet_event_extra.py took 0.858 seconds
[2025-02-06T18:49:50.665+0000] {processor.py:186} INFO - Started process (PID=3829) to work on /home/airflow/.local/lib/python3.12/site-packages/airflow/example_dags/example_inlet_event_extra.py
[2025-02-06T18:49:50.666+0000] {processor.py:914} INFO - Processing file /home/airflow/.local/lib/python3.12/site-packages/airflow/example_dags/example_inlet_event_extra.py for tasks to queue
[2025-02-06T18:49:50.670+0000] {logging_mixin.py:190} INFO - [2025-02-06T18:49:50.669+0000] {dagbag.py:588} INFO - Filling up the DagBag from /home/airflow/.local/lib/python3.12/site-packages/airflow/example_dags/example_inlet_event_extra.py
[2025-02-06T18:49:51.475+0000] {processor.py:925} INFO - DAG(s) 'read_dataset_event_from_classic', 'read_dataset_event' retrieved from /home/airflow/.local/lib/python3.12/site-packages/airflow/example_dags/example_inlet_event_extra.py
[2025-02-06T18:49:51.507+0000] {logging_mixin.py:190} INFO - [2025-02-06T18:49:51.507+0000] {dag.py:3239} INFO - Sync 2 DAGs
[2025-02-06T18:49:51.554+0000] {logging_mixin.py:190} INFO - [2025-02-06T18:49:51.554+0000] {dag.py:4180} INFO - Setting next_dagrun for read_dataset_event to 2025-02-05 00:00:00+00:00, run_after=2025-02-06 00:00:00+00:00
[2025-02-06T18:49:51.565+0000] {logging_mixin.py:190} INFO - [2025-02-06T18:49:51.564+0000] {dag.py:4180} INFO - Setting next_dagrun for read_dataset_event_from_classic to 2025-02-05 00:00:00+00:00, run_after=2025-02-06 00:00:00+00:00
[2025-02-06T18:49:51.591+0000] {processor.py:208} INFO - Processing /home/airflow/.local/lib/python3.12/site-packages/airflow/example_dags/example_inlet_event_extra.py took 0.935 seconds
[2025-02-06T18:50:21.665+0000] {processor.py:186} INFO - Started process (PID=3890) to work on /home/airflow/.local/lib/python3.12/site-packages/airflow/example_dags/example_inlet_event_extra.py
[2025-02-06T18:50:21.667+0000] {processor.py:914} INFO - Processing file /home/airflow/.local/lib/python3.12/site-packages/airflow/example_dags/example_inlet_event_extra.py for tasks to queue
[2025-02-06T18:50:21.671+0000] {logging_mixin.py:190} INFO - [2025-02-06T18:50:21.670+0000] {dagbag.py:588} INFO - Filling up the DagBag from /home/airflow/.local/lib/python3.12/site-packages/airflow/example_dags/example_inlet_event_extra.py
[2025-02-06T18:50:22.642+0000] {processor.py:925} INFO - DAG(s) 'read_dataset_event', 'read_dataset_event_from_classic' retrieved from /home/airflow/.local/lib/python3.12/site-packages/airflow/example_dags/example_inlet_event_extra.py
[2025-02-06T18:50:22.674+0000] {logging_mixin.py:190} INFO - [2025-02-06T18:50:22.674+0000] {dag.py:3239} INFO - Sync 2 DAGs
[2025-02-06T18:50:22.721+0000] {logging_mixin.py:190} INFO - [2025-02-06T18:50:22.720+0000] {dag.py:4180} INFO - Setting next_dagrun for read_dataset_event to 2025-02-05 00:00:00+00:00, run_after=2025-02-06 00:00:00+00:00
[2025-02-06T18:50:22.729+0000] {logging_mixin.py:190} INFO - [2025-02-06T18:50:22.729+0000] {dag.py:4180} INFO - Setting next_dagrun for read_dataset_event_from_classic to 2025-02-05 00:00:00+00:00, run_after=2025-02-06 00:00:00+00:00
[2025-02-06T18:50:22.755+0000] {processor.py:208} INFO - Processing /home/airflow/.local/lib/python3.12/site-packages/airflow/example_dags/example_inlet_event_extra.py took 1.098 seconds
[2025-02-06T18:50:52.860+0000] {processor.py:186} INFO - Started process (PID=3951) to work on /home/airflow/.local/lib/python3.12/site-packages/airflow/example_dags/example_inlet_event_extra.py
[2025-02-06T18:50:52.862+0000] {processor.py:914} INFO - Processing file /home/airflow/.local/lib/python3.12/site-packages/airflow/example_dags/example_inlet_event_extra.py for tasks to queue
[2025-02-06T18:50:52.865+0000] {logging_mixin.py:190} INFO - [2025-02-06T18:50:52.864+0000] {dagbag.py:588} INFO - Filling up the DagBag from /home/airflow/.local/lib/python3.12/site-packages/airflow/example_dags/example_inlet_event_extra.py
[2025-02-06T18:50:53.545+0000] {processor.py:925} INFO - DAG(s) 'read_dataset_event', 'read_dataset_event_from_classic' retrieved from /home/airflow/.local/lib/python3.12/site-packages/airflow/example_dags/example_inlet_event_extra.py
[2025-02-06T18:50:53.584+0000] {logging_mixin.py:190} INFO - [2025-02-06T18:50:53.584+0000] {dag.py:3239} INFO - Sync 2 DAGs
[2025-02-06T18:50:53.626+0000] {logging_mixin.py:190} INFO - [2025-02-06T18:50:53.626+0000] {dag.py:4180} INFO - Setting next_dagrun for read_dataset_event to 2025-02-05 00:00:00+00:00, run_after=2025-02-06 00:00:00+00:00
[2025-02-06T18:50:53.634+0000] {logging_mixin.py:190} INFO - [2025-02-06T18:50:53.634+0000] {dag.py:4180} INFO - Setting next_dagrun for read_dataset_event_from_classic to 2025-02-05 00:00:00+00:00, run_after=2025-02-06 00:00:00+00:00
[2025-02-06T18:50:53.671+0000] {processor.py:208} INFO - Processing /home/airflow/.local/lib/python3.12/site-packages/airflow/example_dags/example_inlet_event_extra.py took 0.821 seconds
[2025-02-06T18:51:24.057+0000] {processor.py:186} INFO - Started process (PID=4008) to work on /home/airflow/.local/lib/python3.12/site-packages/airflow/example_dags/example_inlet_event_extra.py
[2025-02-06T18:51:24.058+0000] {processor.py:914} INFO - Processing file /home/airflow/.local/lib/python3.12/site-packages/airflow/example_dags/example_inlet_event_extra.py for tasks to queue
[2025-02-06T18:51:24.061+0000] {logging_mixin.py:190} INFO - [2025-02-06T18:51:24.060+0000] {dagbag.py:588} INFO - Filling up the DagBag from /home/airflow/.local/lib/python3.12/site-packages/airflow/example_dags/example_inlet_event_extra.py
[2025-02-06T18:51:24.708+0000] {processor.py:925} INFO - DAG(s) 'read_dataset_event_from_classic', 'read_dataset_event' retrieved from /home/airflow/.local/lib/python3.12/site-packages/airflow/example_dags/example_inlet_event_extra.py
[2025-02-06T18:51:24.737+0000] {logging_mixin.py:190} INFO - [2025-02-06T18:51:24.737+0000] {dag.py:3239} INFO - Sync 2 DAGs
[2025-02-06T18:51:24.779+0000] {logging_mixin.py:190} INFO - [2025-02-06T18:51:24.778+0000] {dag.py:4180} INFO - Setting next_dagrun for read_dataset_event to 2025-02-05 00:00:00+00:00, run_after=2025-02-06 00:00:00+00:00
[2025-02-06T18:51:24.791+0000] {logging_mixin.py:190} INFO - [2025-02-06T18:51:24.790+0000] {dag.py:4180} INFO - Setting next_dagrun for read_dataset_event_from_classic to 2025-02-05 00:00:00+00:00, run_after=2025-02-06 00:00:00+00:00
[2025-02-06T18:51:24.827+0000] {processor.py:208} INFO - Processing /home/airflow/.local/lib/python3.12/site-packages/airflow/example_dags/example_inlet_event_extra.py took 0.777 seconds
[2025-02-06T18:51:55.452+0000] {processor.py:186} INFO - Started process (PID=4065) to work on /home/airflow/.local/lib/python3.12/site-packages/airflow/example_dags/example_inlet_event_extra.py
[2025-02-06T18:51:55.453+0000] {processor.py:914} INFO - Processing file /home/airflow/.local/lib/python3.12/site-packages/airflow/example_dags/example_inlet_event_extra.py for tasks to queue
[2025-02-06T18:51:55.456+0000] {logging_mixin.py:190} INFO - [2025-02-06T18:51:55.456+0000] {dagbag.py:588} INFO - Filling up the DagBag from /home/airflow/.local/lib/python3.12/site-packages/airflow/example_dags/example_inlet_event_extra.py
[2025-02-06T18:51:56.108+0000] {processor.py:925} INFO - DAG(s) 'read_dataset_event_from_classic', 'read_dataset_event' retrieved from /home/airflow/.local/lib/python3.12/site-packages/airflow/example_dags/example_inlet_event_extra.py
[2025-02-06T18:51:56.169+0000] {logging_mixin.py:190} INFO - [2025-02-06T18:51:56.168+0000] {dag.py:3239} INFO - Sync 2 DAGs
[2025-02-06T18:51:56.214+0000] {logging_mixin.py:190} INFO - [2025-02-06T18:51:56.213+0000] {dag.py:4180} INFO - Setting next_dagrun for read_dataset_event to 2025-02-05 00:00:00+00:00, run_after=2025-02-06 00:00:00+00:00
[2025-02-06T18:51:56.224+0000] {logging_mixin.py:190} INFO - [2025-02-06T18:51:56.224+0000] {dag.py:4180} INFO - Setting next_dagrun for read_dataset_event_from_classic to 2025-02-05 00:00:00+00:00, run_after=2025-02-06 00:00:00+00:00
[2025-02-06T18:51:56.286+0000] {processor.py:208} INFO - Processing /home/airflow/.local/lib/python3.12/site-packages/airflow/example_dags/example_inlet_event_extra.py took 0.844 seconds
[2025-02-06T18:52:27.029+0000] {processor.py:186} INFO - Started process (PID=4122) to work on /home/airflow/.local/lib/python3.12/site-packages/airflow/example_dags/example_inlet_event_extra.py
[2025-02-06T18:52:27.030+0000] {processor.py:914} INFO - Processing file /home/airflow/.local/lib/python3.12/site-packages/airflow/example_dags/example_inlet_event_extra.py for tasks to queue
[2025-02-06T18:52:27.034+0000] {logging_mixin.py:190} INFO - [2025-02-06T18:52:27.034+0000] {dagbag.py:588} INFO - Filling up the DagBag from /home/airflow/.local/lib/python3.12/site-packages/airflow/example_dags/example_inlet_event_extra.py
[2025-02-06T18:52:27.828+0000] {processor.py:925} INFO - DAG(s) 'read_dataset_event_from_classic', 'read_dataset_event' retrieved from /home/airflow/.local/lib/python3.12/site-packages/airflow/example_dags/example_inlet_event_extra.py
[2025-02-06T18:52:27.898+0000] {logging_mixin.py:190} INFO - [2025-02-06T18:52:27.897+0000] {dag.py:3239} INFO - Sync 2 DAGs
[2025-02-06T18:52:27.954+0000] {logging_mixin.py:190} INFO - [2025-02-06T18:52:27.954+0000] {dag.py:4180} INFO - Setting next_dagrun for read_dataset_event to 2025-02-05 00:00:00+00:00, run_after=2025-02-06 00:00:00+00:00
[2025-02-06T18:52:27.962+0000] {logging_mixin.py:190} INFO - [2025-02-06T18:52:27.962+0000] {dag.py:4180} INFO - Setting next_dagrun for read_dataset_event_from_classic to 2025-02-05 00:00:00+00:00, run_after=2025-02-06 00:00:00+00:00
[2025-02-06T18:52:27.988+0000] {processor.py:208} INFO - Processing /home/airflow/.local/lib/python3.12/site-packages/airflow/example_dags/example_inlet_event_extra.py took 0.967 seconds
[2025-02-06T18:52:58.057+0000] {processor.py:186} INFO - Started process (PID=4179) to work on /home/airflow/.local/lib/python3.12/site-packages/airflow/example_dags/example_inlet_event_extra.py
[2025-02-06T18:52:58.058+0000] {processor.py:914} INFO - Processing file /home/airflow/.local/lib/python3.12/site-packages/airflow/example_dags/example_inlet_event_extra.py for tasks to queue
[2025-02-06T18:52:58.061+0000] {logging_mixin.py:190} INFO - [2025-02-06T18:52:58.061+0000] {dagbag.py:588} INFO - Filling up the DagBag from /home/airflow/.local/lib/python3.12/site-packages/airflow/example_dags/example_inlet_event_extra.py
[2025-02-06T18:52:58.933+0000] {processor.py:925} INFO - DAG(s) 'read_dataset_event_from_classic', 'read_dataset_event' retrieved from /home/airflow/.local/lib/python3.12/site-packages/airflow/example_dags/example_inlet_event_extra.py
[2025-02-06T18:52:58.984+0000] {logging_mixin.py:190} INFO - [2025-02-06T18:52:58.983+0000] {dag.py:3239} INFO - Sync 2 DAGs
[2025-02-06T18:52:59.047+0000] {logging_mixin.py:190} INFO - [2025-02-06T18:52:59.046+0000] {dag.py:4180} INFO - Setting next_dagrun for read_dataset_event to 2025-02-05 00:00:00+00:00, run_after=2025-02-06 00:00:00+00:00
[2025-02-06T18:52:59.063+0000] {logging_mixin.py:190} INFO - [2025-02-06T18:52:59.063+0000] {dag.py:4180} INFO - Setting next_dagrun for read_dataset_event_from_classic to 2025-02-05 00:00:00+00:00, run_after=2025-02-06 00:00:00+00:00
[2025-02-06T18:52:59.106+0000] {processor.py:208} INFO - Processing /home/airflow/.local/lib/python3.12/site-packages/airflow/example_dags/example_inlet_event_extra.py took 1.057 seconds
[2025-02-06T18:53:29.174+0000] {processor.py:186} INFO - Started process (PID=4239) to work on /home/airflow/.local/lib/python3.12/site-packages/airflow/example_dags/example_inlet_event_extra.py
[2025-02-06T18:53:29.176+0000] {processor.py:914} INFO - Processing file /home/airflow/.local/lib/python3.12/site-packages/airflow/example_dags/example_inlet_event_extra.py for tasks to queue
[2025-02-06T18:53:29.179+0000] {logging_mixin.py:190} INFO - [2025-02-06T18:53:29.179+0000] {dagbag.py:588} INFO - Filling up the DagBag from /home/airflow/.local/lib/python3.12/site-packages/airflow/example_dags/example_inlet_event_extra.py
[2025-02-06T18:53:29.813+0000] {processor.py:925} INFO - DAG(s) 'read_dataset_event', 'read_dataset_event_from_classic' retrieved from /home/airflow/.local/lib/python3.12/site-packages/airflow/example_dags/example_inlet_event_extra.py
[2025-02-06T18:53:29.845+0000] {logging_mixin.py:190} INFO - [2025-02-06T18:53:29.845+0000] {dag.py:3239} INFO - Sync 2 DAGs
[2025-02-06T18:53:29.880+0000] {logging_mixin.py:190} INFO - [2025-02-06T18:53:29.879+0000] {dag.py:4180} INFO - Setting next_dagrun for read_dataset_event to 2025-02-05 00:00:00+00:00, run_after=2025-02-06 00:00:00+00:00
[2025-02-06T18:53:29.890+0000] {logging_mixin.py:190} INFO - [2025-02-06T18:53:29.889+0000] {dag.py:4180} INFO - Setting next_dagrun for read_dataset_event_from_classic to 2025-02-05 00:00:00+00:00, run_after=2025-02-06 00:00:00+00:00
[2025-02-06T18:53:29.933+0000] {processor.py:208} INFO - Processing /home/airflow/.local/lib/python3.12/site-packages/airflow/example_dags/example_inlet_event_extra.py took 0.767 seconds
[2025-02-06T18:54:00.318+0000] {processor.py:186} INFO - Started process (PID=4296) to work on /home/airflow/.local/lib/python3.12/site-packages/airflow/example_dags/example_inlet_event_extra.py
[2025-02-06T18:54:00.320+0000] {processor.py:914} INFO - Processing file /home/airflow/.local/lib/python3.12/site-packages/airflow/example_dags/example_inlet_event_extra.py for tasks to queue
[2025-02-06T18:54:00.323+0000] {logging_mixin.py:190} INFO - [2025-02-06T18:54:00.323+0000] {dagbag.py:588} INFO - Filling up the DagBag from /home/airflow/.local/lib/python3.12/site-packages/airflow/example_dags/example_inlet_event_extra.py
[2025-02-06T18:54:01.102+0000] {processor.py:925} INFO - DAG(s) 'read_dataset_event_from_classic', 'read_dataset_event' retrieved from /home/airflow/.local/lib/python3.12/site-packages/airflow/example_dags/example_inlet_event_extra.py
[2025-02-06T18:54:01.141+0000] {logging_mixin.py:190} INFO - [2025-02-06T18:54:01.141+0000] {dag.py:3239} INFO - Sync 2 DAGs
[2025-02-06T18:54:01.189+0000] {logging_mixin.py:190} INFO - [2025-02-06T18:54:01.189+0000] {dag.py:4180} INFO - Setting next_dagrun for read_dataset_event to 2025-02-05 00:00:00+00:00, run_after=2025-02-06 00:00:00+00:00
[2025-02-06T18:54:01.199+0000] {logging_mixin.py:190} INFO - [2025-02-06T18:54:01.199+0000] {dag.py:4180} INFO - Setting next_dagrun for read_dataset_event_from_classic to 2025-02-05 00:00:00+00:00, run_after=2025-02-06 00:00:00+00:00
[2025-02-06T18:54:01.236+0000] {processor.py:208} INFO - Processing /home/airflow/.local/lib/python3.12/site-packages/airflow/example_dags/example_inlet_event_extra.py took 0.927 seconds
[2025-02-06T18:54:31.315+0000] {processor.py:186} INFO - Started process (PID=4356) to work on /home/airflow/.local/lib/python3.12/site-packages/airflow/example_dags/example_inlet_event_extra.py
[2025-02-06T18:54:31.317+0000] {processor.py:914} INFO - Processing file /home/airflow/.local/lib/python3.12/site-packages/airflow/example_dags/example_inlet_event_extra.py for tasks to queue
[2025-02-06T18:54:31.321+0000] {logging_mixin.py:190} INFO - [2025-02-06T18:54:31.320+0000] {dagbag.py:588} INFO - Filling up the DagBag from /home/airflow/.local/lib/python3.12/site-packages/airflow/example_dags/example_inlet_event_extra.py
[2025-02-06T18:54:31.984+0000] {processor.py:925} INFO - DAG(s) 'read_dataset_event', 'read_dataset_event_from_classic' retrieved from /home/airflow/.local/lib/python3.12/site-packages/airflow/example_dags/example_inlet_event_extra.py
[2025-02-06T18:54:32.026+0000] {logging_mixin.py:190} INFO - [2025-02-06T18:54:32.025+0000] {dag.py:3239} INFO - Sync 2 DAGs
[2025-02-06T18:54:32.069+0000] {logging_mixin.py:190} INFO - [2025-02-06T18:54:32.068+0000] {dag.py:4180} INFO - Setting next_dagrun for read_dataset_event to 2025-02-05 00:00:00+00:00, run_after=2025-02-06 00:00:00+00:00
[2025-02-06T18:54:32.084+0000] {logging_mixin.py:190} INFO - [2025-02-06T18:54:32.083+0000] {dag.py:4180} INFO - Setting next_dagrun for read_dataset_event_from_classic to 2025-02-05 00:00:00+00:00, run_after=2025-02-06 00:00:00+00:00
[2025-02-06T18:54:32.118+0000] {processor.py:208} INFO - Processing /home/airflow/.local/lib/python3.12/site-packages/airflow/example_dags/example_inlet_event_extra.py took 0.817 seconds
[2025-02-06T18:55:02.386+0000] {processor.py:186} INFO - Started process (PID=4413) to work on /home/airflow/.local/lib/python3.12/site-packages/airflow/example_dags/example_inlet_event_extra.py
[2025-02-06T18:55:02.388+0000] {processor.py:914} INFO - Processing file /home/airflow/.local/lib/python3.12/site-packages/airflow/example_dags/example_inlet_event_extra.py for tasks to queue
[2025-02-06T18:55:02.394+0000] {logging_mixin.py:190} INFO - [2025-02-06T18:55:02.393+0000] {dagbag.py:588} INFO - Filling up the DagBag from /home/airflow/.local/lib/python3.12/site-packages/airflow/example_dags/example_inlet_event_extra.py
[2025-02-06T18:55:03.151+0000] {processor.py:925} INFO - DAG(s) 'read_dataset_event_from_classic', 'read_dataset_event' retrieved from /home/airflow/.local/lib/python3.12/site-packages/airflow/example_dags/example_inlet_event_extra.py
[2025-02-06T18:55:03.186+0000] {logging_mixin.py:190} INFO - [2025-02-06T18:55:03.186+0000] {dag.py:3239} INFO - Sync 2 DAGs
[2025-02-06T18:55:03.226+0000] {logging_mixin.py:190} INFO - [2025-02-06T18:55:03.226+0000] {dag.py:4180} INFO - Setting next_dagrun for read_dataset_event to 2025-02-05 00:00:00+00:00, run_after=2025-02-06 00:00:00+00:00
[2025-02-06T18:55:03.233+0000] {logging_mixin.py:190} INFO - [2025-02-06T18:55:03.232+0000] {dag.py:4180} INFO - Setting next_dagrun for read_dataset_event_from_classic to 2025-02-05 00:00:00+00:00, run_after=2025-02-06 00:00:00+00:00
[2025-02-06T18:55:03.261+0000] {processor.py:208} INFO - Processing /home/airflow/.local/lib/python3.12/site-packages/airflow/example_dags/example_inlet_event_extra.py took 0.887 seconds
[2025-02-06T18:55:33.344+0000] {processor.py:186} INFO - Started process (PID=4470) to work on /home/airflow/.local/lib/python3.12/site-packages/airflow/example_dags/example_inlet_event_extra.py
[2025-02-06T18:55:33.345+0000] {processor.py:914} INFO - Processing file /home/airflow/.local/lib/python3.12/site-packages/airflow/example_dags/example_inlet_event_extra.py for tasks to queue
[2025-02-06T18:55:33.348+0000] {logging_mixin.py:190} INFO - [2025-02-06T18:55:33.348+0000] {dagbag.py:588} INFO - Filling up the DagBag from /home/airflow/.local/lib/python3.12/site-packages/airflow/example_dags/example_inlet_event_extra.py
[2025-02-06T18:55:34.139+0000] {processor.py:925} INFO - DAG(s) 'read_dataset_event_from_classic', 'read_dataset_event' retrieved from /home/airflow/.local/lib/python3.12/site-packages/airflow/example_dags/example_inlet_event_extra.py
[2025-02-06T18:55:34.187+0000] {logging_mixin.py:190} INFO - [2025-02-06T18:55:34.187+0000] {dag.py:3239} INFO - Sync 2 DAGs
[2025-02-06T18:55:34.242+0000] {logging_mixin.py:190} INFO - [2025-02-06T18:55:34.241+0000] {dag.py:4180} INFO - Setting next_dagrun for read_dataset_event to 2025-02-05 00:00:00+00:00, run_after=2025-02-06 00:00:00+00:00
[2025-02-06T18:55:34.253+0000] {logging_mixin.py:190} INFO - [2025-02-06T18:55:34.253+0000] {dag.py:4180} INFO - Setting next_dagrun for read_dataset_event_from_classic to 2025-02-05 00:00:00+00:00, run_after=2025-02-06 00:00:00+00:00
[2025-02-06T18:55:34.285+0000] {processor.py:208} INFO - Processing /home/airflow/.local/lib/python3.12/site-packages/airflow/example_dags/example_inlet_event_extra.py took 0.951 seconds
[2025-02-06T18:56:05.167+0000] {processor.py:186} INFO - Started process (PID=4526) to work on /home/airflow/.local/lib/python3.12/site-packages/airflow/example_dags/example_inlet_event_extra.py
[2025-02-06T18:56:05.169+0000] {processor.py:914} INFO - Processing file /home/airflow/.local/lib/python3.12/site-packages/airflow/example_dags/example_inlet_event_extra.py for tasks to queue
[2025-02-06T18:56:05.172+0000] {logging_mixin.py:190} INFO - [2025-02-06T18:56:05.172+0000] {dagbag.py:588} INFO - Filling up the DagBag from /home/airflow/.local/lib/python3.12/site-packages/airflow/example_dags/example_inlet_event_extra.py
[2025-02-06T18:56:05.774+0000] {processor.py:925} INFO - DAG(s) 'read_dataset_event_from_classic', 'read_dataset_event' retrieved from /home/airflow/.local/lib/python3.12/site-packages/airflow/example_dags/example_inlet_event_extra.py
[2025-02-06T18:56:05.810+0000] {logging_mixin.py:190} INFO - [2025-02-06T18:56:05.810+0000] {dag.py:3239} INFO - Sync 2 DAGs
[2025-02-06T18:56:06.182+0000] {logging_mixin.py:190} INFO - [2025-02-06T18:56:06.181+0000] {dag.py:4180} INFO - Setting next_dagrun for read_dataset_event to 2025-02-05 00:00:00+00:00, run_after=2025-02-06 00:00:00+00:00
[2025-02-06T18:56:06.191+0000] {logging_mixin.py:190} INFO - [2025-02-06T18:56:06.191+0000] {dag.py:4180} INFO - Setting next_dagrun for read_dataset_event_from_classic to 2025-02-05 00:00:00+00:00, run_after=2025-02-06 00:00:00+00:00
[2025-02-06T18:56:06.214+0000] {processor.py:208} INFO - Processing /home/airflow/.local/lib/python3.12/site-packages/airflow/example_dags/example_inlet_event_extra.py took 1.056 seconds
[2025-02-06T18:56:36.407+0000] {processor.py:186} INFO - Started process (PID=4583) to work on /home/airflow/.local/lib/python3.12/site-packages/airflow/example_dags/example_inlet_event_extra.py
[2025-02-06T18:56:36.410+0000] {processor.py:914} INFO - Processing file /home/airflow/.local/lib/python3.12/site-packages/airflow/example_dags/example_inlet_event_extra.py for tasks to queue
[2025-02-06T18:56:36.415+0000] {logging_mixin.py:190} INFO - [2025-02-06T18:56:36.414+0000] {dagbag.py:588} INFO - Filling up the DagBag from /home/airflow/.local/lib/python3.12/site-packages/airflow/example_dags/example_inlet_event_extra.py
[2025-02-06T18:56:37.575+0000] {processor.py:925} INFO - DAG(s) 'read_dataset_event', 'read_dataset_event_from_classic' retrieved from /home/airflow/.local/lib/python3.12/site-packages/airflow/example_dags/example_inlet_event_extra.py
[2025-02-06T18:56:37.627+0000] {logging_mixin.py:190} INFO - [2025-02-06T18:56:37.626+0000] {dag.py:3239} INFO - Sync 2 DAGs
[2025-02-06T18:56:38.258+0000] {logging_mixin.py:190} INFO - [2025-02-06T18:56:38.257+0000] {dag.py:4180} INFO - Setting next_dagrun for read_dataset_event to 2025-02-05 00:00:00+00:00, run_after=2025-02-06 00:00:00+00:00
[2025-02-06T18:56:38.283+0000] {logging_mixin.py:190} INFO - [2025-02-06T18:56:38.282+0000] {dag.py:4180} INFO - Setting next_dagrun for read_dataset_event_from_classic to 2025-02-05 00:00:00+00:00, run_after=2025-02-06 00:00:00+00:00
[2025-02-06T18:56:38.335+0000] {processor.py:208} INFO - Processing /home/airflow/.local/lib/python3.12/site-packages/airflow/example_dags/example_inlet_event_extra.py took 1.948 seconds
[2025-02-06T18:57:09.299+0000] {processor.py:186} INFO - Started process (PID=4640) to work on /home/airflow/.local/lib/python3.12/site-packages/airflow/example_dags/example_inlet_event_extra.py
[2025-02-06T18:57:09.300+0000] {processor.py:914} INFO - Processing file /home/airflow/.local/lib/python3.12/site-packages/airflow/example_dags/example_inlet_event_extra.py for tasks to queue
[2025-02-06T18:57:09.304+0000] {logging_mixin.py:190} INFO - [2025-02-06T18:57:09.303+0000] {dagbag.py:588} INFO - Filling up the DagBag from /home/airflow/.local/lib/python3.12/site-packages/airflow/example_dags/example_inlet_event_extra.py
[2025-02-06T18:57:10.046+0000] {processor.py:925} INFO - DAG(s) 'read_dataset_event', 'read_dataset_event_from_classic' retrieved from /home/airflow/.local/lib/python3.12/site-packages/airflow/example_dags/example_inlet_event_extra.py
[2025-02-06T18:57:10.088+0000] {logging_mixin.py:190} INFO - [2025-02-06T18:57:10.087+0000] {dag.py:3239} INFO - Sync 2 DAGs
[2025-02-06T18:57:10.136+0000] {logging_mixin.py:190} INFO - [2025-02-06T18:57:10.136+0000] {dag.py:4180} INFO - Setting next_dagrun for read_dataset_event to 2025-02-05 00:00:00+00:00, run_after=2025-02-06 00:00:00+00:00
[2025-02-06T18:57:10.146+0000] {logging_mixin.py:190} INFO - [2025-02-06T18:57:10.146+0000] {dag.py:4180} INFO - Setting next_dagrun for read_dataset_event_from_classic to 2025-02-05 00:00:00+00:00, run_after=2025-02-06 00:00:00+00:00
[2025-02-06T18:57:10.185+0000] {processor.py:208} INFO - Processing /home/airflow/.local/lib/python3.12/site-packages/airflow/example_dags/example_inlet_event_extra.py took 0.894 seconds
[2025-02-06T18:57:40.839+0000] {processor.py:186} INFO - Started process (PID=4697) to work on /home/airflow/.local/lib/python3.12/site-packages/airflow/example_dags/example_inlet_event_extra.py
[2025-02-06T18:57:40.841+0000] {processor.py:914} INFO - Processing file /home/airflow/.local/lib/python3.12/site-packages/airflow/example_dags/example_inlet_event_extra.py for tasks to queue
[2025-02-06T18:57:40.847+0000] {logging_mixin.py:190} INFO - [2025-02-06T18:57:40.846+0000] {dagbag.py:588} INFO - Filling up the DagBag from /home/airflow/.local/lib/python3.12/site-packages/airflow/example_dags/example_inlet_event_extra.py
[2025-02-06T18:57:42.081+0000] {processor.py:925} INFO - DAG(s) 'read_dataset_event', 'read_dataset_event_from_classic' retrieved from /home/airflow/.local/lib/python3.12/site-packages/airflow/example_dags/example_inlet_event_extra.py
[2025-02-06T18:57:42.128+0000] {logging_mixin.py:190} INFO - [2025-02-06T18:57:42.127+0000] {dag.py:3239} INFO - Sync 2 DAGs
[2025-02-06T18:57:42.181+0000] {logging_mixin.py:190} INFO - [2025-02-06T18:57:42.180+0000] {dag.py:4180} INFO - Setting next_dagrun for read_dataset_event to 2025-02-05 00:00:00+00:00, run_after=2025-02-06 00:00:00+00:00
[2025-02-06T18:57:42.192+0000] {logging_mixin.py:190} INFO - [2025-02-06T18:57:42.192+0000] {dag.py:4180} INFO - Setting next_dagrun for read_dataset_event_from_classic to 2025-02-05 00:00:00+00:00, run_after=2025-02-06 00:00:00+00:00
[2025-02-06T18:57:42.231+0000] {processor.py:208} INFO - Processing /home/airflow/.local/lib/python3.12/site-packages/airflow/example_dags/example_inlet_event_extra.py took 1.406 seconds
[2025-02-06T18:58:12.337+0000] {processor.py:186} INFO - Started process (PID=4754) to work on /home/airflow/.local/lib/python3.12/site-packages/airflow/example_dags/example_inlet_event_extra.py
[2025-02-06T18:58:12.338+0000] {processor.py:914} INFO - Processing file /home/airflow/.local/lib/python3.12/site-packages/airflow/example_dags/example_inlet_event_extra.py for tasks to queue
[2025-02-06T18:58:12.344+0000] {logging_mixin.py:190} INFO - [2025-02-06T18:58:12.343+0000] {dagbag.py:588} INFO - Filling up the DagBag from /home/airflow/.local/lib/python3.12/site-packages/airflow/example_dags/example_inlet_event_extra.py
[2025-02-06T18:58:12.964+0000] {processor.py:925} INFO - DAG(s) 'read_dataset_event_from_classic', 'read_dataset_event' retrieved from /home/airflow/.local/lib/python3.12/site-packages/airflow/example_dags/example_inlet_event_extra.py
[2025-02-06T18:58:13.298+0000] {logging_mixin.py:190} INFO - [2025-02-06T18:58:13.297+0000] {dag.py:3239} INFO - Sync 2 DAGs
[2025-02-06T18:58:13.341+0000] {logging_mixin.py:190} INFO - [2025-02-06T18:58:13.341+0000] {dag.py:4180} INFO - Setting next_dagrun for read_dataset_event to 2025-02-05 00:00:00+00:00, run_after=2025-02-06 00:00:00+00:00
[2025-02-06T18:58:13.356+0000] {logging_mixin.py:190} INFO - [2025-02-06T18:58:13.355+0000] {dag.py:4180} INFO - Setting next_dagrun for read_dataset_event_from_classic to 2025-02-05 00:00:00+00:00, run_after=2025-02-06 00:00:00+00:00
[2025-02-06T18:58:13.387+0000] {processor.py:208} INFO - Processing /home/airflow/.local/lib/python3.12/site-packages/airflow/example_dags/example_inlet_event_extra.py took 1.060 seconds
[2025-02-06T18:58:44.007+0000] {processor.py:186} INFO - Started process (PID=4811) to work on /home/airflow/.local/lib/python3.12/site-packages/airflow/example_dags/example_inlet_event_extra.py
[2025-02-06T18:58:44.008+0000] {processor.py:914} INFO - Processing file /home/airflow/.local/lib/python3.12/site-packages/airflow/example_dags/example_inlet_event_extra.py for tasks to queue
[2025-02-06T18:58:44.012+0000] {logging_mixin.py:190} INFO - [2025-02-06T18:58:44.012+0000] {dagbag.py:588} INFO - Filling up the DagBag from /home/airflow/.local/lib/python3.12/site-packages/airflow/example_dags/example_inlet_event_extra.py
[2025-02-06T18:58:44.591+0000] {processor.py:925} INFO - DAG(s) 'read_dataset_event', 'read_dataset_event_from_classic' retrieved from /home/airflow/.local/lib/python3.12/site-packages/airflow/example_dags/example_inlet_event_extra.py
[2025-02-06T18:58:44.620+0000] {logging_mixin.py:190} INFO - [2025-02-06T18:58:44.620+0000] {dag.py:3239} INFO - Sync 2 DAGs
[2025-02-06T18:58:45.005+0000] {logging_mixin.py:190} INFO - [2025-02-06T18:58:45.005+0000] {dag.py:4180} INFO - Setting next_dagrun for read_dataset_event to 2025-02-05 00:00:00+00:00, run_after=2025-02-06 00:00:00+00:00
[2025-02-06T18:58:45.014+0000] {logging_mixin.py:190} INFO - [2025-02-06T18:58:45.013+0000] {dag.py:4180} INFO - Setting next_dagrun for read_dataset_event_from_classic to 2025-02-05 00:00:00+00:00, run_after=2025-02-06 00:00:00+00:00
[2025-02-06T18:58:45.037+0000] {processor.py:208} INFO - Processing /home/airflow/.local/lib/python3.12/site-packages/airflow/example_dags/example_inlet_event_extra.py took 1.039 seconds
[2025-02-06T18:59:15.811+0000] {processor.py:186} INFO - Started process (PID=4868) to work on /home/airflow/.local/lib/python3.12/site-packages/airflow/example_dags/example_inlet_event_extra.py
[2025-02-06T18:59:15.813+0000] {processor.py:914} INFO - Processing file /home/airflow/.local/lib/python3.12/site-packages/airflow/example_dags/example_inlet_event_extra.py for tasks to queue
[2025-02-06T18:59:15.832+0000] {logging_mixin.py:190} INFO - [2025-02-06T18:59:15.831+0000] {dagbag.py:588} INFO - Filling up the DagBag from /home/airflow/.local/lib/python3.12/site-packages/airflow/example_dags/example_inlet_event_extra.py
[2025-02-06T18:59:16.726+0000] {processor.py:925} INFO - DAG(s) 'read_dataset_event_from_classic', 'read_dataset_event' retrieved from /home/airflow/.local/lib/python3.12/site-packages/airflow/example_dags/example_inlet_event_extra.py
[2025-02-06T18:59:16.759+0000] {logging_mixin.py:190} INFO - [2025-02-06T18:59:16.759+0000] {dag.py:3239} INFO - Sync 2 DAGs
[2025-02-06T18:59:17.101+0000] {logging_mixin.py:190} INFO - [2025-02-06T18:59:17.101+0000] {dag.py:4180} INFO - Setting next_dagrun for read_dataset_event to 2025-02-05 00:00:00+00:00, run_after=2025-02-06 00:00:00+00:00
[2025-02-06T18:59:17.111+0000] {logging_mixin.py:190} INFO - [2025-02-06T18:59:17.111+0000] {dag.py:4180} INFO - Setting next_dagrun for read_dataset_event_from_classic to 2025-02-05 00:00:00+00:00, run_after=2025-02-06 00:00:00+00:00
[2025-02-06T18:59:17.136+0000] {processor.py:208} INFO - Processing /home/airflow/.local/lib/python3.12/site-packages/airflow/example_dags/example_inlet_event_extra.py took 1.346 seconds
[2025-02-06T18:59:48.188+0000] {processor.py:186} INFO - Started process (PID=4925) to work on /home/airflow/.local/lib/python3.12/site-packages/airflow/example_dags/example_inlet_event_extra.py
[2025-02-06T18:59:48.191+0000] {processor.py:914} INFO - Processing file /home/airflow/.local/lib/python3.12/site-packages/airflow/example_dags/example_inlet_event_extra.py for tasks to queue
[2025-02-06T18:59:48.196+0000] {logging_mixin.py:190} INFO - [2025-02-06T18:59:48.195+0000] {dagbag.py:588} INFO - Filling up the DagBag from /home/airflow/.local/lib/python3.12/site-packages/airflow/example_dags/example_inlet_event_extra.py
[2025-02-06T18:59:49.492+0000] {processor.py:925} INFO - DAG(s) 'read_dataset_event', 'read_dataset_event_from_classic' retrieved from /home/airflow/.local/lib/python3.12/site-packages/airflow/example_dags/example_inlet_event_extra.py
[2025-02-06T18:59:49.529+0000] {logging_mixin.py:190} INFO - [2025-02-06T18:59:49.529+0000] {dag.py:3239} INFO - Sync 2 DAGs
[2025-02-06T18:59:49.572+0000] {logging_mixin.py:190} INFO - [2025-02-06T18:59:49.572+0000] {dag.py:4180} INFO - Setting next_dagrun for read_dataset_event to 2025-02-05 00:00:00+00:00, run_after=2025-02-06 00:00:00+00:00
[2025-02-06T18:59:49.580+0000] {logging_mixin.py:190} INFO - [2025-02-06T18:59:49.580+0000] {dag.py:4180} INFO - Setting next_dagrun for read_dataset_event_from_classic to 2025-02-05 00:00:00+00:00, run_after=2025-02-06 00:00:00+00:00
[2025-02-06T18:59:49.603+0000] {processor.py:208} INFO - Processing /home/airflow/.local/lib/python3.12/site-packages/airflow/example_dags/example_inlet_event_extra.py took 1.425 seconds
[2025-02-06T19:00:19.722+0000] {processor.py:186} INFO - Started process (PID=4982) to work on /home/airflow/.local/lib/python3.12/site-packages/airflow/example_dags/example_inlet_event_extra.py
[2025-02-06T19:00:19.726+0000] {processor.py:914} INFO - Processing file /home/airflow/.local/lib/python3.12/site-packages/airflow/example_dags/example_inlet_event_extra.py for tasks to queue
[2025-02-06T19:00:19.737+0000] {logging_mixin.py:190} INFO - [2025-02-06T19:00:19.736+0000] {dagbag.py:588} INFO - Filling up the DagBag from /home/airflow/.local/lib/python3.12/site-packages/airflow/example_dags/example_inlet_event_extra.py
[2025-02-06T19:00:20.686+0000] {processor.py:925} INFO - DAG(s) 'read_dataset_event_from_classic', 'read_dataset_event' retrieved from /home/airflow/.local/lib/python3.12/site-packages/airflow/example_dags/example_inlet_event_extra.py
[2025-02-06T19:00:20.731+0000] {logging_mixin.py:190} INFO - [2025-02-06T19:00:20.730+0000] {dag.py:3239} INFO - Sync 2 DAGs
[2025-02-06T19:00:20.784+0000] {logging_mixin.py:190} INFO - [2025-02-06T19:00:20.784+0000] {dag.py:4180} INFO - Setting next_dagrun for read_dataset_event to 2025-02-05 00:00:00+00:00, run_after=2025-02-06 00:00:00+00:00
[2025-02-06T19:00:20.797+0000] {logging_mixin.py:190} INFO - [2025-02-06T19:00:20.796+0000] {dag.py:4180} INFO - Setting next_dagrun for read_dataset_event_from_classic to 2025-02-05 00:00:00+00:00, run_after=2025-02-06 00:00:00+00:00
[2025-02-06T19:00:20.835+0000] {processor.py:208} INFO - Processing /home/airflow/.local/lib/python3.12/site-packages/airflow/example_dags/example_inlet_event_extra.py took 1.120 seconds
[2025-02-06T19:00:50.950+0000] {processor.py:186} INFO - Started process (PID=5039) to work on /home/airflow/.local/lib/python3.12/site-packages/airflow/example_dags/example_inlet_event_extra.py
[2025-02-06T19:00:50.952+0000] {processor.py:914} INFO - Processing file /home/airflow/.local/lib/python3.12/site-packages/airflow/example_dags/example_inlet_event_extra.py for tasks to queue
[2025-02-06T19:00:50.955+0000] {logging_mixin.py:190} INFO - [2025-02-06T19:00:50.954+0000] {dagbag.py:588} INFO - Filling up the DagBag from /home/airflow/.local/lib/python3.12/site-packages/airflow/example_dags/example_inlet_event_extra.py
[2025-02-06T19:00:51.936+0000] {processor.py:925} INFO - DAG(s) 'read_dataset_event_from_classic', 'read_dataset_event' retrieved from /home/airflow/.local/lib/python3.12/site-packages/airflow/example_dags/example_inlet_event_extra.py
[2025-02-06T19:00:51.969+0000] {logging_mixin.py:190} INFO - [2025-02-06T19:00:51.969+0000] {dag.py:3239} INFO - Sync 2 DAGs
[2025-02-06T19:00:52.007+0000] {logging_mixin.py:190} INFO - [2025-02-06T19:00:52.007+0000] {dag.py:4180} INFO - Setting next_dagrun for read_dataset_event to 2025-02-05 00:00:00+00:00, run_after=2025-02-06 00:00:00+00:00
[2025-02-06T19:00:52.018+0000] {logging_mixin.py:190} INFO - [2025-02-06T19:00:52.017+0000] {dag.py:4180} INFO - Setting next_dagrun for read_dataset_event_from_classic to 2025-02-05 00:00:00+00:00, run_after=2025-02-06 00:00:00+00:00
[2025-02-06T19:00:52.052+0000] {processor.py:208} INFO - Processing /home/airflow/.local/lib/python3.12/site-packages/airflow/example_dags/example_inlet_event_extra.py took 1.110 seconds
[2025-02-06T19:01:22.889+0000] {processor.py:186} INFO - Started process (PID=5096) to work on /home/airflow/.local/lib/python3.12/site-packages/airflow/example_dags/example_inlet_event_extra.py
[2025-02-06T19:01:22.891+0000] {processor.py:914} INFO - Processing file /home/airflow/.local/lib/python3.12/site-packages/airflow/example_dags/example_inlet_event_extra.py for tasks to queue
[2025-02-06T19:01:22.895+0000] {logging_mixin.py:190} INFO - [2025-02-06T19:01:22.894+0000] {dagbag.py:588} INFO - Filling up the DagBag from /home/airflow/.local/lib/python3.12/site-packages/airflow/example_dags/example_inlet_event_extra.py
[2025-02-06T19:01:23.878+0000] {processor.py:925} INFO - DAG(s) 'read_dataset_event_from_classic', 'read_dataset_event' retrieved from /home/airflow/.local/lib/python3.12/site-packages/airflow/example_dags/example_inlet_event_extra.py
[2025-02-06T19:01:23.911+0000] {logging_mixin.py:190} INFO - [2025-02-06T19:01:23.910+0000] {dag.py:3239} INFO - Sync 2 DAGs
[2025-02-06T19:01:23.965+0000] {logging_mixin.py:190} INFO - [2025-02-06T19:01:23.964+0000] {dag.py:4180} INFO - Setting next_dagrun for read_dataset_event to 2025-02-05 00:00:00+00:00, run_after=2025-02-06 00:00:00+00:00
[2025-02-06T19:01:23.976+0000] {logging_mixin.py:190} INFO - [2025-02-06T19:01:23.976+0000] {dag.py:4180} INFO - Setting next_dagrun for read_dataset_event_from_classic to 2025-02-05 00:00:00+00:00, run_after=2025-02-06 00:00:00+00:00
[2025-02-06T19:01:24.000+0000] {processor.py:208} INFO - Processing /home/airflow/.local/lib/python3.12/site-packages/airflow/example_dags/example_inlet_event_extra.py took 1.121 seconds
[2025-02-06T19:01:54.261+0000] {processor.py:186} INFO - Started process (PID=5153) to work on /home/airflow/.local/lib/python3.12/site-packages/airflow/example_dags/example_inlet_event_extra.py
[2025-02-06T19:01:54.264+0000] {processor.py:914} INFO - Processing file /home/airflow/.local/lib/python3.12/site-packages/airflow/example_dags/example_inlet_event_extra.py for tasks to queue
[2025-02-06T19:01:54.269+0000] {logging_mixin.py:190} INFO - [2025-02-06T19:01:54.269+0000] {dagbag.py:588} INFO - Filling up the DagBag from /home/airflow/.local/lib/python3.12/site-packages/airflow/example_dags/example_inlet_event_extra.py
[2025-02-06T19:01:55.402+0000] {processor.py:925} INFO - DAG(s) 'read_dataset_event', 'read_dataset_event_from_classic' retrieved from /home/airflow/.local/lib/python3.12/site-packages/airflow/example_dags/example_inlet_event_extra.py
[2025-02-06T19:01:55.451+0000] {logging_mixin.py:190} INFO - [2025-02-06T19:01:55.449+0000] {dag.py:3239} INFO - Sync 2 DAGs
[2025-02-06T19:01:55.540+0000] {logging_mixin.py:190} INFO - [2025-02-06T19:01:55.539+0000] {dag.py:4180} INFO - Setting next_dagrun for read_dataset_event to 2025-02-05 00:00:00+00:00, run_after=2025-02-06 00:00:00+00:00
[2025-02-06T19:01:55.556+0000] {logging_mixin.py:190} INFO - [2025-02-06T19:01:55.556+0000] {dag.py:4180} INFO - Setting next_dagrun for read_dataset_event_from_classic to 2025-02-05 00:00:00+00:00, run_after=2025-02-06 00:00:00+00:00
[2025-02-06T19:01:55.606+0000] {processor.py:208} INFO - Processing /home/airflow/.local/lib/python3.12/site-packages/airflow/example_dags/example_inlet_event_extra.py took 1.357 seconds
[2025-02-06T19:02:25.783+0000] {processor.py:186} INFO - Started process (PID=5210) to work on /home/airflow/.local/lib/python3.12/site-packages/airflow/example_dags/example_inlet_event_extra.py
[2025-02-06T19:02:25.784+0000] {processor.py:914} INFO - Processing file /home/airflow/.local/lib/python3.12/site-packages/airflow/example_dags/example_inlet_event_extra.py for tasks to queue
[2025-02-06T19:02:25.787+0000] {logging_mixin.py:190} INFO - [2025-02-06T19:02:25.787+0000] {dagbag.py:588} INFO - Filling up the DagBag from /home/airflow/.local/lib/python3.12/site-packages/airflow/example_dags/example_inlet_event_extra.py
[2025-02-06T19:02:26.661+0000] {processor.py:925} INFO - DAG(s) 'read_dataset_event', 'read_dataset_event_from_classic' retrieved from /home/airflow/.local/lib/python3.12/site-packages/airflow/example_dags/example_inlet_event_extra.py
[2025-02-06T19:02:26.703+0000] {logging_mixin.py:190} INFO - [2025-02-06T19:02:26.703+0000] {dag.py:3239} INFO - Sync 2 DAGs
[2025-02-06T19:02:26.751+0000] {logging_mixin.py:190} INFO - [2025-02-06T19:02:26.751+0000] {dag.py:4180} INFO - Setting next_dagrun for read_dataset_event to 2025-02-05 00:00:00+00:00, run_after=2025-02-06 00:00:00+00:00
[2025-02-06T19:02:26.759+0000] {logging_mixin.py:190} INFO - [2025-02-06T19:02:26.759+0000] {dag.py:4180} INFO - Setting next_dagrun for read_dataset_event_from_classic to 2025-02-05 00:00:00+00:00, run_after=2025-02-06 00:00:00+00:00
[2025-02-06T19:02:26.781+0000] {processor.py:208} INFO - Processing /home/airflow/.local/lib/python3.12/site-packages/airflow/example_dags/example_inlet_event_extra.py took 1.006 seconds
[2025-02-06T19:02:57.472+0000] {processor.py:186} INFO - Started process (PID=5267) to work on /home/airflow/.local/lib/python3.12/site-packages/airflow/example_dags/example_inlet_event_extra.py
[2025-02-06T19:02:57.474+0000] {processor.py:914} INFO - Processing file /home/airflow/.local/lib/python3.12/site-packages/airflow/example_dags/example_inlet_event_extra.py for tasks to queue
[2025-02-06T19:02:57.477+0000] {logging_mixin.py:190} INFO - [2025-02-06T19:02:57.477+0000] {dagbag.py:588} INFO - Filling up the DagBag from /home/airflow/.local/lib/python3.12/site-packages/airflow/example_dags/example_inlet_event_extra.py
[2025-02-06T19:02:59.089+0000] {processor.py:925} INFO - DAG(s) 'read_dataset_event', 'read_dataset_event_from_classic' retrieved from /home/airflow/.local/lib/python3.12/site-packages/airflow/example_dags/example_inlet_event_extra.py
[2025-02-06T19:02:59.142+0000] {logging_mixin.py:190} INFO - [2025-02-06T19:02:59.142+0000] {dag.py:3239} INFO - Sync 2 DAGs
[2025-02-06T19:02:59.204+0000] {logging_mixin.py:190} INFO - [2025-02-06T19:02:59.203+0000] {dag.py:4180} INFO - Setting next_dagrun for read_dataset_event to 2025-02-05 00:00:00+00:00, run_after=2025-02-06 00:00:00+00:00
[2025-02-06T19:02:59.215+0000] {logging_mixin.py:190} INFO - [2025-02-06T19:02:59.214+0000] {dag.py:4180} INFO - Setting next_dagrun for read_dataset_event_from_classic to 2025-02-05 00:00:00+00:00, run_after=2025-02-06 00:00:00+00:00
[2025-02-06T19:02:59.254+0000] {processor.py:208} INFO - Processing /home/airflow/.local/lib/python3.12/site-packages/airflow/example_dags/example_inlet_event_extra.py took 1.793 seconds
[2025-02-06T19:03:30.186+0000] {processor.py:186} INFO - Started process (PID=5324) to work on /home/airflow/.local/lib/python3.12/site-packages/airflow/example_dags/example_inlet_event_extra.py
[2025-02-06T19:03:30.188+0000] {processor.py:914} INFO - Processing file /home/airflow/.local/lib/python3.12/site-packages/airflow/example_dags/example_inlet_event_extra.py for tasks to queue
[2025-02-06T19:03:30.192+0000] {logging_mixin.py:190} INFO - [2025-02-06T19:03:30.191+0000] {dagbag.py:588} INFO - Filling up the DagBag from /home/airflow/.local/lib/python3.12/site-packages/airflow/example_dags/example_inlet_event_extra.py
[2025-02-06T19:03:31.244+0000] {processor.py:925} INFO - DAG(s) 'read_dataset_event_from_classic', 'read_dataset_event' retrieved from /home/airflow/.local/lib/python3.12/site-packages/airflow/example_dags/example_inlet_event_extra.py
[2025-02-06T19:03:31.277+0000] {logging_mixin.py:190} INFO - [2025-02-06T19:03:31.277+0000] {dag.py:3239} INFO - Sync 2 DAGs
[2025-02-06T19:03:31.318+0000] {logging_mixin.py:190} INFO - [2025-02-06T19:03:31.318+0000] {dag.py:4180} INFO - Setting next_dagrun for read_dataset_event to 2025-02-05 00:00:00+00:00, run_after=2025-02-06 00:00:00+00:00
[2025-02-06T19:03:31.326+0000] {logging_mixin.py:190} INFO - [2025-02-06T19:03:31.325+0000] {dag.py:4180} INFO - Setting next_dagrun for read_dataset_event_from_classic to 2025-02-05 00:00:00+00:00, run_after=2025-02-06 00:00:00+00:00
[2025-02-06T19:03:31.350+0000] {processor.py:208} INFO - Processing /home/airflow/.local/lib/python3.12/site-packages/airflow/example_dags/example_inlet_event_extra.py took 1.174 seconds
[2025-02-06T19:04:02.335+0000] {processor.py:186} INFO - Started process (PID=5383) to work on /home/airflow/.local/lib/python3.12/site-packages/airflow/example_dags/example_inlet_event_extra.py
[2025-02-06T19:04:02.337+0000] {processor.py:914} INFO - Processing file /home/airflow/.local/lib/python3.12/site-packages/airflow/example_dags/example_inlet_event_extra.py for tasks to queue
[2025-02-06T19:04:02.341+0000] {logging_mixin.py:190} INFO - [2025-02-06T19:04:02.341+0000] {dagbag.py:588} INFO - Filling up the DagBag from /home/airflow/.local/lib/python3.12/site-packages/airflow/example_dags/example_inlet_event_extra.py
[2025-02-06T19:04:03.404+0000] {processor.py:925} INFO - DAG(s) 'read_dataset_event_from_classic', 'read_dataset_event' retrieved from /home/airflow/.local/lib/python3.12/site-packages/airflow/example_dags/example_inlet_event_extra.py
[2025-02-06T19:04:03.434+0000] {logging_mixin.py:190} INFO - [2025-02-06T19:04:03.434+0000] {dag.py:3239} INFO - Sync 2 DAGs
[2025-02-06T19:04:03.479+0000] {logging_mixin.py:190} INFO - [2025-02-06T19:04:03.479+0000] {dag.py:4180} INFO - Setting next_dagrun for read_dataset_event to 2025-02-05 00:00:00+00:00, run_after=2025-02-06 00:00:00+00:00
[2025-02-06T19:04:03.487+0000] {logging_mixin.py:190} INFO - [2025-02-06T19:04:03.487+0000] {dag.py:4180} INFO - Setting next_dagrun for read_dataset_event_from_classic to 2025-02-05 00:00:00+00:00, run_after=2025-02-06 00:00:00+00:00
[2025-02-06T19:04:03.511+0000] {processor.py:208} INFO - Processing /home/airflow/.local/lib/python3.12/site-packages/airflow/example_dags/example_inlet_event_extra.py took 1.186 seconds
[2025-02-06T19:04:33.660+0000] {processor.py:186} INFO - Started process (PID=5441) to work on /home/airflow/.local/lib/python3.12/site-packages/airflow/example_dags/example_inlet_event_extra.py
[2025-02-06T19:04:33.662+0000] {processor.py:914} INFO - Processing file /home/airflow/.local/lib/python3.12/site-packages/airflow/example_dags/example_inlet_event_extra.py for tasks to queue
[2025-02-06T19:04:33.667+0000] {logging_mixin.py:190} INFO - [2025-02-06T19:04:33.667+0000] {dagbag.py:588} INFO - Filling up the DagBag from /home/airflow/.local/lib/python3.12/site-packages/airflow/example_dags/example_inlet_event_extra.py
[2025-02-06T19:04:34.772+0000] {processor.py:925} INFO - DAG(s) 'read_dataset_event', 'read_dataset_event_from_classic' retrieved from /home/airflow/.local/lib/python3.12/site-packages/airflow/example_dags/example_inlet_event_extra.py
[2025-02-06T19:04:34.802+0000] {logging_mixin.py:190} INFO - [2025-02-06T19:04:34.802+0000] {dag.py:3239} INFO - Sync 2 DAGs
[2025-02-06T19:04:34.836+0000] {logging_mixin.py:190} INFO - [2025-02-06T19:04:34.836+0000] {dag.py:4180} INFO - Setting next_dagrun for read_dataset_event to 2025-02-05 00:00:00+00:00, run_after=2025-02-06 00:00:00+00:00
[2025-02-06T19:04:34.843+0000] {logging_mixin.py:190} INFO - [2025-02-06T19:04:34.843+0000] {dag.py:4180} INFO - Setting next_dagrun for read_dataset_event_from_classic to 2025-02-05 00:00:00+00:00, run_after=2025-02-06 00:00:00+00:00
[2025-02-06T19:04:34.869+0000] {processor.py:208} INFO - Processing /home/airflow/.local/lib/python3.12/site-packages/airflow/example_dags/example_inlet_event_extra.py took 1.225 seconds
[2025-02-06T19:05:05.545+0000] {processor.py:186} INFO - Started process (PID=5502) to work on /home/airflow/.local/lib/python3.12/site-packages/airflow/example_dags/example_inlet_event_extra.py
[2025-02-06T19:05:05.547+0000] {processor.py:914} INFO - Processing file /home/airflow/.local/lib/python3.12/site-packages/airflow/example_dags/example_inlet_event_extra.py for tasks to queue
[2025-02-06T19:05:05.550+0000] {logging_mixin.py:190} INFO - [2025-02-06T19:05:05.549+0000] {dagbag.py:588} INFO - Filling up the DagBag from /home/airflow/.local/lib/python3.12/site-packages/airflow/example_dags/example_inlet_event_extra.py
[2025-02-06T19:05:06.486+0000] {processor.py:925} INFO - DAG(s) 'read_dataset_event', 'read_dataset_event_from_classic' retrieved from /home/airflow/.local/lib/python3.12/site-packages/airflow/example_dags/example_inlet_event_extra.py
[2025-02-06T19:05:06.516+0000] {logging_mixin.py:190} INFO - [2025-02-06T19:05:06.515+0000] {dag.py:3239} INFO - Sync 2 DAGs
[2025-02-06T19:05:06.551+0000] {logging_mixin.py:190} INFO - [2025-02-06T19:05:06.551+0000] {dag.py:4180} INFO - Setting next_dagrun for read_dataset_event to 2025-02-05 00:00:00+00:00, run_after=2025-02-06 00:00:00+00:00
[2025-02-06T19:05:06.560+0000] {logging_mixin.py:190} INFO - [2025-02-06T19:05:06.560+0000] {dag.py:4180} INFO - Setting next_dagrun for read_dataset_event_from_classic to 2025-02-05 00:00:00+00:00, run_after=2025-02-06 00:00:00+00:00
[2025-02-06T19:05:06.583+0000] {processor.py:208} INFO - Processing /home/airflow/.local/lib/python3.12/site-packages/airflow/example_dags/example_inlet_event_extra.py took 1.045 seconds
[2025-02-06T19:05:37.181+0000] {processor.py:186} INFO - Started process (PID=5561) to work on /home/airflow/.local/lib/python3.12/site-packages/airflow/example_dags/example_inlet_event_extra.py
[2025-02-06T19:05:37.182+0000] {processor.py:914} INFO - Processing file /home/airflow/.local/lib/python3.12/site-packages/airflow/example_dags/example_inlet_event_extra.py for tasks to queue
[2025-02-06T19:05:37.185+0000] {logging_mixin.py:190} INFO - [2025-02-06T19:05:37.185+0000] {dagbag.py:588} INFO - Filling up the DagBag from /home/airflow/.local/lib/python3.12/site-packages/airflow/example_dags/example_inlet_event_extra.py
[2025-02-06T19:05:38.125+0000] {processor.py:925} INFO - DAG(s) 'read_dataset_event_from_classic', 'read_dataset_event' retrieved from /home/airflow/.local/lib/python3.12/site-packages/airflow/example_dags/example_inlet_event_extra.py
[2025-02-06T19:05:38.151+0000] {logging_mixin.py:190} INFO - [2025-02-06T19:05:38.151+0000] {dag.py:3239} INFO - Sync 2 DAGs
[2025-02-06T19:05:38.181+0000] {logging_mixin.py:190} INFO - [2025-02-06T19:05:38.181+0000] {dag.py:4180} INFO - Setting next_dagrun for read_dataset_event to 2025-02-05 00:00:00+00:00, run_after=2025-02-06 00:00:00+00:00
[2025-02-06T19:05:38.188+0000] {logging_mixin.py:190} INFO - [2025-02-06T19:05:38.187+0000] {dag.py:4180} INFO - Setting next_dagrun for read_dataset_event_from_classic to 2025-02-05 00:00:00+00:00, run_after=2025-02-06 00:00:00+00:00
[2025-02-06T19:05:38.209+0000] {processor.py:208} INFO - Processing /home/airflow/.local/lib/python3.12/site-packages/airflow/example_dags/example_inlet_event_extra.py took 1.036 seconds
[2025-02-06T19:06:08.347+0000] {processor.py:186} INFO - Started process (PID=5622) to work on /home/airflow/.local/lib/python3.12/site-packages/airflow/example_dags/example_inlet_event_extra.py
[2025-02-06T19:06:08.349+0000] {processor.py:914} INFO - Processing file /home/airflow/.local/lib/python3.12/site-packages/airflow/example_dags/example_inlet_event_extra.py for tasks to queue
[2025-02-06T19:06:08.353+0000] {logging_mixin.py:190} INFO - [2025-02-06T19:06:08.352+0000] {dagbag.py:588} INFO - Filling up the DagBag from /home/airflow/.local/lib/python3.12/site-packages/airflow/example_dags/example_inlet_event_extra.py
[2025-02-06T19:06:09.575+0000] {processor.py:925} INFO - DAG(s) 'read_dataset_event_from_classic', 'read_dataset_event' retrieved from /home/airflow/.local/lib/python3.12/site-packages/airflow/example_dags/example_inlet_event_extra.py
[2025-02-06T19:06:09.614+0000] {logging_mixin.py:190} INFO - [2025-02-06T19:06:09.614+0000] {dag.py:3239} INFO - Sync 2 DAGs
[2025-02-06T19:06:09.657+0000] {logging_mixin.py:190} INFO - [2025-02-06T19:06:09.656+0000] {dag.py:4180} INFO - Setting next_dagrun for read_dataset_event to 2025-02-05 00:00:00+00:00, run_after=2025-02-06 00:00:00+00:00
[2025-02-06T19:06:09.665+0000] {logging_mixin.py:190} INFO - [2025-02-06T19:06:09.665+0000] {dag.py:4180} INFO - Setting next_dagrun for read_dataset_event_from_classic to 2025-02-05 00:00:00+00:00, run_after=2025-02-06 00:00:00+00:00
[2025-02-06T19:06:09.691+0000] {processor.py:208} INFO - Processing /home/airflow/.local/lib/python3.12/site-packages/airflow/example_dags/example_inlet_event_extra.py took 1.353 seconds
[2025-02-06T19:06:39.769+0000] {processor.py:186} INFO - Started process (PID=5680) to work on /home/airflow/.local/lib/python3.12/site-packages/airflow/example_dags/example_inlet_event_extra.py
[2025-02-06T19:06:39.770+0000] {processor.py:914} INFO - Processing file /home/airflow/.local/lib/python3.12/site-packages/airflow/example_dags/example_inlet_event_extra.py for tasks to queue
[2025-02-06T19:06:39.775+0000] {logging_mixin.py:190} INFO - [2025-02-06T19:06:39.774+0000] {dagbag.py:588} INFO - Filling up the DagBag from /home/airflow/.local/lib/python3.12/site-packages/airflow/example_dags/example_inlet_event_extra.py
[2025-02-06T19:06:40.823+0000] {processor.py:925} INFO - DAG(s) 'read_dataset_event_from_classic', 'read_dataset_event' retrieved from /home/airflow/.local/lib/python3.12/site-packages/airflow/example_dags/example_inlet_event_extra.py
[2025-02-06T19:06:40.858+0000] {logging_mixin.py:190} INFO - [2025-02-06T19:06:40.857+0000] {dag.py:3239} INFO - Sync 2 DAGs
[2025-02-06T19:06:40.905+0000] {logging_mixin.py:190} INFO - [2025-02-06T19:06:40.904+0000] {dag.py:4180} INFO - Setting next_dagrun for read_dataset_event to 2025-02-05 00:00:00+00:00, run_after=2025-02-06 00:00:00+00:00
[2025-02-06T19:06:40.914+0000] {logging_mixin.py:190} INFO - [2025-02-06T19:06:40.914+0000] {dag.py:4180} INFO - Setting next_dagrun for read_dataset_event_from_classic to 2025-02-05 00:00:00+00:00, run_after=2025-02-06 00:00:00+00:00
[2025-02-06T19:06:40.953+0000] {processor.py:208} INFO - Processing /home/airflow/.local/lib/python3.12/site-packages/airflow/example_dags/example_inlet_event_extra.py took 1.195 seconds
[2025-02-06T19:07:11.733+0000] {processor.py:186} INFO - Started process (PID=5739) to work on /home/airflow/.local/lib/python3.12/site-packages/airflow/example_dags/example_inlet_event_extra.py
[2025-02-06T19:07:11.735+0000] {processor.py:914} INFO - Processing file /home/airflow/.local/lib/python3.12/site-packages/airflow/example_dags/example_inlet_event_extra.py for tasks to queue
[2025-02-06T19:07:11.740+0000] {logging_mixin.py:190} INFO - [2025-02-06T19:07:11.739+0000] {dagbag.py:588} INFO - Filling up the DagBag from /home/airflow/.local/lib/python3.12/site-packages/airflow/example_dags/example_inlet_event_extra.py
[2025-02-06T19:07:14.028+0000] {processor.py:925} INFO - DAG(s) 'read_dataset_event', 'read_dataset_event_from_classic' retrieved from /home/airflow/.local/lib/python3.12/site-packages/airflow/example_dags/example_inlet_event_extra.py
[2025-02-06T19:07:14.084+0000] {logging_mixin.py:190} INFO - [2025-02-06T19:07:14.083+0000] {dag.py:3239} INFO - Sync 2 DAGs
[2025-02-06T19:07:14.152+0000] {logging_mixin.py:190} INFO - [2025-02-06T19:07:14.152+0000] {dag.py:4180} INFO - Setting next_dagrun for read_dataset_event to 2025-02-05 00:00:00+00:00, run_after=2025-02-06 00:00:00+00:00
[2025-02-06T19:07:14.166+0000] {logging_mixin.py:190} INFO - [2025-02-06T19:07:14.165+0000] {dag.py:4180} INFO - Setting next_dagrun for read_dataset_event_from_classic to 2025-02-05 00:00:00+00:00, run_after=2025-02-06 00:00:00+00:00
[2025-02-06T19:07:14.215+0000] {processor.py:208} INFO - Processing /home/airflow/.local/lib/python3.12/site-packages/airflow/example_dags/example_inlet_event_extra.py took 2.494 seconds
[2025-02-06T19:07:44.865+0000] {processor.py:186} INFO - Started process (PID=5799) to work on /home/airflow/.local/lib/python3.12/site-packages/airflow/example_dags/example_inlet_event_extra.py
[2025-02-06T19:07:44.867+0000] {processor.py:914} INFO - Processing file /home/airflow/.local/lib/python3.12/site-packages/airflow/example_dags/example_inlet_event_extra.py for tasks to queue
[2025-02-06T19:07:44.872+0000] {logging_mixin.py:190} INFO - [2025-02-06T19:07:44.872+0000] {dagbag.py:588} INFO - Filling up the DagBag from /home/airflow/.local/lib/python3.12/site-packages/airflow/example_dags/example_inlet_event_extra.py
[2025-02-06T19:07:45.966+0000] {processor.py:925} INFO - DAG(s) 'read_dataset_event_from_classic', 'read_dataset_event' retrieved from /home/airflow/.local/lib/python3.12/site-packages/airflow/example_dags/example_inlet_event_extra.py
[2025-02-06T19:07:46.003+0000] {logging_mixin.py:190} INFO - [2025-02-06T19:07:46.003+0000] {dag.py:3239} INFO - Sync 2 DAGs
[2025-02-06T19:07:46.041+0000] {logging_mixin.py:190} INFO - [2025-02-06T19:07:46.040+0000] {dag.py:4180} INFO - Setting next_dagrun for read_dataset_event to 2025-02-05 00:00:00+00:00, run_after=2025-02-06 00:00:00+00:00
[2025-02-06T19:07:46.049+0000] {logging_mixin.py:190} INFO - [2025-02-06T19:07:46.049+0000] {dag.py:4180} INFO - Setting next_dagrun for read_dataset_event_from_classic to 2025-02-05 00:00:00+00:00, run_after=2025-02-06 00:00:00+00:00
[2025-02-06T19:07:46.076+0000] {processor.py:208} INFO - Processing /home/airflow/.local/lib/python3.12/site-packages/airflow/example_dags/example_inlet_event_extra.py took 1.219 seconds
[2025-02-06T19:08:16.737+0000] {processor.py:186} INFO - Started process (PID=5860) to work on /home/airflow/.local/lib/python3.12/site-packages/airflow/example_dags/example_inlet_event_extra.py
[2025-02-06T19:08:16.739+0000] {processor.py:914} INFO - Processing file /home/airflow/.local/lib/python3.12/site-packages/airflow/example_dags/example_inlet_event_extra.py for tasks to queue
[2025-02-06T19:08:16.742+0000] {logging_mixin.py:190} INFO - [2025-02-06T19:08:16.742+0000] {dagbag.py:588} INFO - Filling up the DagBag from /home/airflow/.local/lib/python3.12/site-packages/airflow/example_dags/example_inlet_event_extra.py
[2025-02-06T19:08:18.001+0000] {processor.py:925} INFO - DAG(s) 'read_dataset_event_from_classic', 'read_dataset_event' retrieved from /home/airflow/.local/lib/python3.12/site-packages/airflow/example_dags/example_inlet_event_extra.py
[2025-02-06T19:08:18.025+0000] {logging_mixin.py:190} INFO - [2025-02-06T19:08:18.025+0000] {dag.py:3239} INFO - Sync 2 DAGs
[2025-02-06T19:08:18.069+0000] {logging_mixin.py:190} INFO - [2025-02-06T19:08:18.068+0000] {dag.py:4180} INFO - Setting next_dagrun for read_dataset_event to 2025-02-05 00:00:00+00:00, run_after=2025-02-06 00:00:00+00:00
[2025-02-06T19:08:18.087+0000] {logging_mixin.py:190} INFO - [2025-02-06T19:08:18.086+0000] {dag.py:4180} INFO - Setting next_dagrun for read_dataset_event_from_classic to 2025-02-05 00:00:00+00:00, run_after=2025-02-06 00:00:00+00:00
[2025-02-06T19:08:18.122+0000] {processor.py:208} INFO - Processing /home/airflow/.local/lib/python3.12/site-packages/airflow/example_dags/example_inlet_event_extra.py took 1.394 seconds
