[2025-02-06T16:36:39.158+0000] {processor.py:186} INFO - Started process (PID=80) to work on /home/airflow/.local/lib/python3.12/site-packages/airflow/example_dags/example_branch_labels.py
[2025-02-06T16:36:39.160+0000] {processor.py:914} INFO - Processing file /home/airflow/.local/lib/python3.12/site-packages/airflow/example_dags/example_branch_labels.py for tasks to queue
[2025-02-06T16:36:39.163+0000] {logging_mixin.py:190} INFO - [2025-02-06T16:36:39.163+0000] {dagbag.py:588} INFO - Filling up the DagBag from /home/airflow/.local/lib/python3.12/site-packages/airflow/example_dags/example_branch_labels.py
[2025-02-06T16:36:39.178+0000] {processor.py:925} INFO - DAG(s) 'example_branch_labels' retrieved from /home/airflow/.local/lib/python3.12/site-packages/airflow/example_dags/example_branch_labels.py
[2025-02-06T16:36:39.317+0000] {logging_mixin.py:190} INFO - [2025-02-06T16:36:39.316+0000] {override.py:1911} INFO - Created Permission View: can edit on DAG:example_branch_labels
[2025-02-06T16:36:39.331+0000] {logging_mixin.py:190} INFO - [2025-02-06T16:36:39.331+0000] {override.py:1911} INFO - Created Permission View: can delete on DAG:example_branch_labels
[2025-02-06T16:36:39.344+0000] {logging_mixin.py:190} INFO - [2025-02-06T16:36:39.344+0000] {override.py:1911} INFO - Created Permission View: can read on DAG:example_branch_labels
[2025-02-06T16:36:39.362+0000] {logging_mixin.py:190} INFO - [2025-02-06T16:36:39.362+0000] {override.py:1911} INFO - Created Permission View: menu access on DAG Run:example_branch_labels
[2025-02-06T16:36:39.377+0000] {logging_mixin.py:190} INFO - [2025-02-06T16:36:39.376+0000] {override.py:1911} INFO - Created Permission View: can create on DAG Run:example_branch_labels
[2025-02-06T16:36:39.387+0000] {logging_mixin.py:190} INFO - [2025-02-06T16:36:39.387+0000] {override.py:1911} INFO - Created Permission View: can delete on DAG Run:example_branch_labels
[2025-02-06T16:36:39.400+0000] {logging_mixin.py:190} INFO - [2025-02-06T16:36:39.400+0000] {override.py:1911} INFO - Created Permission View: can read on DAG Run:example_branch_labels
[2025-02-06T16:36:39.401+0000] {logging_mixin.py:190} INFO - [2025-02-06T16:36:39.401+0000] {dag.py:3239} INFO - Sync 1 DAGs
[2025-02-06T16:36:39.424+0000] {logging_mixin.py:190} INFO - [2025-02-06T16:36:39.423+0000] {dag.py:3262} INFO - Creating ORM DAG for example_branch_labels
[2025-02-06T16:36:39.443+0000] {logging_mixin.py:190} INFO - [2025-02-06T16:36:39.442+0000] {dag.py:4180} INFO - Setting next_dagrun for example_branch_labels to 2025-02-05 00:00:00+00:00, run_after=2025-02-06 00:00:00+00:00
[2025-02-06T16:36:39.466+0000] {processor.py:208} INFO - Processing /home/airflow/.local/lib/python3.12/site-packages/airflow/example_dags/example_branch_labels.py took 0.316 seconds
[2025-02-06T16:37:10.223+0000] {processor.py:186} INFO - Started process (PID=137) to work on /home/airflow/.local/lib/python3.12/site-packages/airflow/example_dags/example_branch_labels.py
[2025-02-06T16:37:10.224+0000] {processor.py:914} INFO - Processing file /home/airflow/.local/lib/python3.12/site-packages/airflow/example_dags/example_branch_labels.py for tasks to queue
[2025-02-06T16:37:10.228+0000] {logging_mixin.py:190} INFO - [2025-02-06T16:37:10.227+0000] {dagbag.py:588} INFO - Filling up the DagBag from /home/airflow/.local/lib/python3.12/site-packages/airflow/example_dags/example_branch_labels.py
[2025-02-06T16:37:10.240+0000] {processor.py:925} INFO - DAG(s) 'example_branch_labels' retrieved from /home/airflow/.local/lib/python3.12/site-packages/airflow/example_dags/example_branch_labels.py
[2025-02-06T16:37:10.267+0000] {logging_mixin.py:190} INFO - [2025-02-06T16:37:10.267+0000] {dag.py:3239} INFO - Sync 1 DAGs
[2025-02-06T16:37:10.295+0000] {logging_mixin.py:190} INFO - [2025-02-06T16:37:10.295+0000] {dag.py:4180} INFO - Setting next_dagrun for example_branch_labels to 2025-02-05 00:00:00+00:00, run_after=2025-02-06 00:00:00+00:00
[2025-02-06T16:37:10.318+0000] {processor.py:208} INFO - Processing /home/airflow/.local/lib/python3.12/site-packages/airflow/example_dags/example_branch_labels.py took 0.103 seconds
[2025-02-06T16:37:40.526+0000] {processor.py:186} INFO - Started process (PID=194) to work on /home/airflow/.local/lib/python3.12/site-packages/airflow/example_dags/example_branch_labels.py
[2025-02-06T16:37:40.527+0000] {processor.py:914} INFO - Processing file /home/airflow/.local/lib/python3.12/site-packages/airflow/example_dags/example_branch_labels.py for tasks to queue
[2025-02-06T16:37:40.530+0000] {logging_mixin.py:190} INFO - [2025-02-06T16:37:40.529+0000] {dagbag.py:588} INFO - Filling up the DagBag from /home/airflow/.local/lib/python3.12/site-packages/airflow/example_dags/example_branch_labels.py
[2025-02-06T16:37:40.542+0000] {processor.py:925} INFO - DAG(s) 'example_branch_labels' retrieved from /home/airflow/.local/lib/python3.12/site-packages/airflow/example_dags/example_branch_labels.py
[2025-02-06T16:37:40.569+0000] {logging_mixin.py:190} INFO - [2025-02-06T16:37:40.569+0000] {dag.py:3239} INFO - Sync 1 DAGs
[2025-02-06T16:37:40.601+0000] {logging_mixin.py:190} INFO - [2025-02-06T16:37:40.600+0000] {dag.py:4180} INFO - Setting next_dagrun for example_branch_labels to 2025-02-05 00:00:00+00:00, run_after=2025-02-06 00:00:00+00:00
[2025-02-06T16:37:40.627+0000] {processor.py:208} INFO - Processing /home/airflow/.local/lib/python3.12/site-packages/airflow/example_dags/example_branch_labels.py took 0.109 seconds
[2025-02-06T16:38:11.210+0000] {processor.py:186} INFO - Started process (PID=251) to work on /home/airflow/.local/lib/python3.12/site-packages/airflow/example_dags/example_branch_labels.py
[2025-02-06T16:38:11.211+0000] {processor.py:914} INFO - Processing file /home/airflow/.local/lib/python3.12/site-packages/airflow/example_dags/example_branch_labels.py for tasks to queue
[2025-02-06T16:38:11.214+0000] {logging_mixin.py:190} INFO - [2025-02-06T16:38:11.214+0000] {dagbag.py:588} INFO - Filling up the DagBag from /home/airflow/.local/lib/python3.12/site-packages/airflow/example_dags/example_branch_labels.py
[2025-02-06T16:38:11.226+0000] {processor.py:925} INFO - DAG(s) 'example_branch_labels' retrieved from /home/airflow/.local/lib/python3.12/site-packages/airflow/example_dags/example_branch_labels.py
[2025-02-06T16:38:11.251+0000] {logging_mixin.py:190} INFO - [2025-02-06T16:38:11.250+0000] {dag.py:3239} INFO - Sync 1 DAGs
[2025-02-06T16:38:11.281+0000] {logging_mixin.py:190} INFO - [2025-02-06T16:38:11.281+0000] {dag.py:4180} INFO - Setting next_dagrun for example_branch_labels to 2025-02-05 00:00:00+00:00, run_after=2025-02-06 00:00:00+00:00
[2025-02-06T16:38:11.305+0000] {processor.py:208} INFO - Processing /home/airflow/.local/lib/python3.12/site-packages/airflow/example_dags/example_branch_labels.py took 0.103 seconds
[2025-02-06T16:38:41.535+0000] {processor.py:186} INFO - Started process (PID=307) to work on /home/airflow/.local/lib/python3.12/site-packages/airflow/example_dags/example_branch_labels.py
[2025-02-06T16:38:41.536+0000] {processor.py:914} INFO - Processing file /home/airflow/.local/lib/python3.12/site-packages/airflow/example_dags/example_branch_labels.py for tasks to queue
[2025-02-06T16:38:41.539+0000] {logging_mixin.py:190} INFO - [2025-02-06T16:38:41.538+0000] {dagbag.py:588} INFO - Filling up the DagBag from /home/airflow/.local/lib/python3.12/site-packages/airflow/example_dags/example_branch_labels.py
[2025-02-06T16:38:41.550+0000] {processor.py:925} INFO - DAG(s) 'example_branch_labels' retrieved from /home/airflow/.local/lib/python3.12/site-packages/airflow/example_dags/example_branch_labels.py
[2025-02-06T16:38:41.575+0000] {logging_mixin.py:190} INFO - [2025-02-06T16:38:41.575+0000] {dag.py:3239} INFO - Sync 1 DAGs
[2025-02-06T16:38:41.607+0000] {logging_mixin.py:190} INFO - [2025-02-06T16:38:41.606+0000] {dag.py:4180} INFO - Setting next_dagrun for example_branch_labels to 2025-02-05 00:00:00+00:00, run_after=2025-02-06 00:00:00+00:00
[2025-02-06T16:38:41.629+0000] {processor.py:208} INFO - Processing /home/airflow/.local/lib/python3.12/site-packages/airflow/example_dags/example_branch_labels.py took 0.102 seconds
[2025-02-06T16:39:11.832+0000] {processor.py:186} INFO - Started process (PID=363) to work on /home/airflow/.local/lib/python3.12/site-packages/airflow/example_dags/example_branch_labels.py
[2025-02-06T16:39:11.833+0000] {processor.py:914} INFO - Processing file /home/airflow/.local/lib/python3.12/site-packages/airflow/example_dags/example_branch_labels.py for tasks to queue
[2025-02-06T16:39:11.836+0000] {logging_mixin.py:190} INFO - [2025-02-06T16:39:11.836+0000] {dagbag.py:588} INFO - Filling up the DagBag from /home/airflow/.local/lib/python3.12/site-packages/airflow/example_dags/example_branch_labels.py
[2025-02-06T16:39:11.849+0000] {processor.py:925} INFO - DAG(s) 'example_branch_labels' retrieved from /home/airflow/.local/lib/python3.12/site-packages/airflow/example_dags/example_branch_labels.py
[2025-02-06T16:39:11.895+0000] {logging_mixin.py:190} INFO - [2025-02-06T16:39:11.894+0000] {dag.py:3239} INFO - Sync 1 DAGs
[2025-02-06T16:39:11.960+0000] {logging_mixin.py:190} INFO - [2025-02-06T16:39:11.960+0000] {dag.py:4180} INFO - Setting next_dagrun for example_branch_labels to 2025-02-05 00:00:00+00:00, run_after=2025-02-06 00:00:00+00:00
[2025-02-06T16:39:12.012+0000] {processor.py:208} INFO - Processing /home/airflow/.local/lib/python3.12/site-packages/airflow/example_dags/example_branch_labels.py took 0.190 seconds
[2025-02-06T16:39:42.656+0000] {processor.py:186} INFO - Started process (PID=420) to work on /home/airflow/.local/lib/python3.12/site-packages/airflow/example_dags/example_branch_labels.py
[2025-02-06T16:39:42.657+0000] {processor.py:914} INFO - Processing file /home/airflow/.local/lib/python3.12/site-packages/airflow/example_dags/example_branch_labels.py for tasks to queue
[2025-02-06T16:39:42.660+0000] {logging_mixin.py:190} INFO - [2025-02-06T16:39:42.660+0000] {dagbag.py:588} INFO - Filling up the DagBag from /home/airflow/.local/lib/python3.12/site-packages/airflow/example_dags/example_branch_labels.py
[2025-02-06T16:39:42.672+0000] {processor.py:925} INFO - DAG(s) 'example_branch_labels' retrieved from /home/airflow/.local/lib/python3.12/site-packages/airflow/example_dags/example_branch_labels.py
[2025-02-06T16:39:42.696+0000] {logging_mixin.py:190} INFO - [2025-02-06T16:39:42.696+0000] {dag.py:3239} INFO - Sync 1 DAGs
[2025-02-06T16:39:42.729+0000] {logging_mixin.py:190} INFO - [2025-02-06T16:39:42.729+0000] {dag.py:4180} INFO - Setting next_dagrun for example_branch_labels to 2025-02-05 00:00:00+00:00, run_after=2025-02-06 00:00:00+00:00
[2025-02-06T16:39:42.755+0000] {processor.py:208} INFO - Processing /home/airflow/.local/lib/python3.12/site-packages/airflow/example_dags/example_branch_labels.py took 0.107 seconds
[2025-02-06T16:40:13.501+0000] {processor.py:186} INFO - Started process (PID=477) to work on /home/airflow/.local/lib/python3.12/site-packages/airflow/example_dags/example_branch_labels.py
[2025-02-06T16:40:13.502+0000] {processor.py:914} INFO - Processing file /home/airflow/.local/lib/python3.12/site-packages/airflow/example_dags/example_branch_labels.py for tasks to queue
[2025-02-06T16:40:13.504+0000] {logging_mixin.py:190} INFO - [2025-02-06T16:40:13.504+0000] {dagbag.py:588} INFO - Filling up the DagBag from /home/airflow/.local/lib/python3.12/site-packages/airflow/example_dags/example_branch_labels.py
[2025-02-06T16:40:13.521+0000] {processor.py:925} INFO - DAG(s) 'example_branch_labels' retrieved from /home/airflow/.local/lib/python3.12/site-packages/airflow/example_dags/example_branch_labels.py
[2025-02-06T16:40:13.550+0000] {logging_mixin.py:190} INFO - [2025-02-06T16:40:13.549+0000] {dag.py:3239} INFO - Sync 1 DAGs
[2025-02-06T16:40:13.579+0000] {logging_mixin.py:190} INFO - [2025-02-06T16:40:13.578+0000] {dag.py:4180} INFO - Setting next_dagrun for example_branch_labels to 2025-02-05 00:00:00+00:00, run_after=2025-02-06 00:00:00+00:00
[2025-02-06T16:40:13.602+0000] {processor.py:208} INFO - Processing /home/airflow/.local/lib/python3.12/site-packages/airflow/example_dags/example_branch_labels.py took 0.108 seconds
[2025-02-06T16:40:43.877+0000] {processor.py:186} INFO - Started process (PID=534) to work on /home/airflow/.local/lib/python3.12/site-packages/airflow/example_dags/example_branch_labels.py
[2025-02-06T16:40:43.878+0000] {processor.py:914} INFO - Processing file /home/airflow/.local/lib/python3.12/site-packages/airflow/example_dags/example_branch_labels.py for tasks to queue
[2025-02-06T16:40:43.881+0000] {logging_mixin.py:190} INFO - [2025-02-06T16:40:43.881+0000] {dagbag.py:588} INFO - Filling up the DagBag from /home/airflow/.local/lib/python3.12/site-packages/airflow/example_dags/example_branch_labels.py
[2025-02-06T16:40:43.894+0000] {processor.py:925} INFO - DAG(s) 'example_branch_labels' retrieved from /home/airflow/.local/lib/python3.12/site-packages/airflow/example_dags/example_branch_labels.py
[2025-02-06T16:40:43.920+0000] {logging_mixin.py:190} INFO - [2025-02-06T16:40:43.919+0000] {dag.py:3239} INFO - Sync 1 DAGs
[2025-02-06T16:40:43.950+0000] {logging_mixin.py:190} INFO - [2025-02-06T16:40:43.949+0000] {dag.py:4180} INFO - Setting next_dagrun for example_branch_labels to 2025-02-05 00:00:00+00:00, run_after=2025-02-06 00:00:00+00:00
[2025-02-06T16:40:43.973+0000] {processor.py:208} INFO - Processing /home/airflow/.local/lib/python3.12/site-packages/airflow/example_dags/example_branch_labels.py took 0.104 seconds
[2025-02-06T16:41:14.112+0000] {processor.py:186} INFO - Started process (PID=591) to work on /home/airflow/.local/lib/python3.12/site-packages/airflow/example_dags/example_branch_labels.py
[2025-02-06T16:41:14.114+0000] {processor.py:914} INFO - Processing file /home/airflow/.local/lib/python3.12/site-packages/airflow/example_dags/example_branch_labels.py for tasks to queue
[2025-02-06T16:41:14.117+0000] {logging_mixin.py:190} INFO - [2025-02-06T16:41:14.117+0000] {dagbag.py:588} INFO - Filling up the DagBag from /home/airflow/.local/lib/python3.12/site-packages/airflow/example_dags/example_branch_labels.py
[2025-02-06T16:41:14.134+0000] {processor.py:925} INFO - DAG(s) 'example_branch_labels' retrieved from /home/airflow/.local/lib/python3.12/site-packages/airflow/example_dags/example_branch_labels.py
[2025-02-06T16:41:14.168+0000] {logging_mixin.py:190} INFO - [2025-02-06T16:41:14.167+0000] {dag.py:3239} INFO - Sync 1 DAGs
[2025-02-06T16:41:14.201+0000] {logging_mixin.py:190} INFO - [2025-02-06T16:41:14.200+0000] {dag.py:4180} INFO - Setting next_dagrun for example_branch_labels to 2025-02-05 00:00:00+00:00, run_after=2025-02-06 00:00:00+00:00
[2025-02-06T16:41:14.229+0000] {processor.py:208} INFO - Processing /home/airflow/.local/lib/python3.12/site-packages/airflow/example_dags/example_branch_labels.py took 0.123 seconds
[2025-02-06T16:41:44.523+0000] {processor.py:186} INFO - Started process (PID=648) to work on /home/airflow/.local/lib/python3.12/site-packages/airflow/example_dags/example_branch_labels.py
[2025-02-06T16:41:44.525+0000] {processor.py:914} INFO - Processing file /home/airflow/.local/lib/python3.12/site-packages/airflow/example_dags/example_branch_labels.py for tasks to queue
[2025-02-06T16:41:44.527+0000] {logging_mixin.py:190} INFO - [2025-02-06T16:41:44.527+0000] {dagbag.py:588} INFO - Filling up the DagBag from /home/airflow/.local/lib/python3.12/site-packages/airflow/example_dags/example_branch_labels.py
[2025-02-06T16:41:44.540+0000] {processor.py:925} INFO - DAG(s) 'example_branch_labels' retrieved from /home/airflow/.local/lib/python3.12/site-packages/airflow/example_dags/example_branch_labels.py
[2025-02-06T16:41:44.566+0000] {logging_mixin.py:190} INFO - [2025-02-06T16:41:44.566+0000] {dag.py:3239} INFO - Sync 1 DAGs
[2025-02-06T16:41:44.596+0000] {logging_mixin.py:190} INFO - [2025-02-06T16:41:44.596+0000] {dag.py:4180} INFO - Setting next_dagrun for example_branch_labels to 2025-02-05 00:00:00+00:00, run_after=2025-02-06 00:00:00+00:00
[2025-02-06T16:41:44.621+0000] {processor.py:208} INFO - Processing /home/airflow/.local/lib/python3.12/site-packages/airflow/example_dags/example_branch_labels.py took 0.105 seconds
[2025-02-06T16:42:14.804+0000] {processor.py:186} INFO - Started process (PID=705) to work on /home/airflow/.local/lib/python3.12/site-packages/airflow/example_dags/example_branch_labels.py
[2025-02-06T16:42:14.806+0000] {processor.py:914} INFO - Processing file /home/airflow/.local/lib/python3.12/site-packages/airflow/example_dags/example_branch_labels.py for tasks to queue
[2025-02-06T16:42:14.809+0000] {logging_mixin.py:190} INFO - [2025-02-06T16:42:14.809+0000] {dagbag.py:588} INFO - Filling up the DagBag from /home/airflow/.local/lib/python3.12/site-packages/airflow/example_dags/example_branch_labels.py
[2025-02-06T16:42:14.822+0000] {processor.py:925} INFO - DAG(s) 'example_branch_labels' retrieved from /home/airflow/.local/lib/python3.12/site-packages/airflow/example_dags/example_branch_labels.py
[2025-02-06T16:42:14.850+0000] {logging_mixin.py:190} INFO - [2025-02-06T16:42:14.850+0000] {dag.py:3239} INFO - Sync 1 DAGs
[2025-02-06T16:42:14.883+0000] {logging_mixin.py:190} INFO - [2025-02-06T16:42:14.883+0000] {dag.py:4180} INFO - Setting next_dagrun for example_branch_labels to 2025-02-05 00:00:00+00:00, run_after=2025-02-06 00:00:00+00:00
[2025-02-06T16:42:14.921+0000] {processor.py:208} INFO - Processing /home/airflow/.local/lib/python3.12/site-packages/airflow/example_dags/example_branch_labels.py took 0.125 seconds
[2025-02-06T16:42:45.169+0000] {processor.py:186} INFO - Started process (PID=762) to work on /home/airflow/.local/lib/python3.12/site-packages/airflow/example_dags/example_branch_labels.py
[2025-02-06T16:42:45.171+0000] {processor.py:914} INFO - Processing file /home/airflow/.local/lib/python3.12/site-packages/airflow/example_dags/example_branch_labels.py for tasks to queue
[2025-02-06T16:42:45.174+0000] {logging_mixin.py:190} INFO - [2025-02-06T16:42:45.173+0000] {dagbag.py:588} INFO - Filling up the DagBag from /home/airflow/.local/lib/python3.12/site-packages/airflow/example_dags/example_branch_labels.py
[2025-02-06T16:42:45.196+0000] {processor.py:925} INFO - DAG(s) 'example_branch_labels' retrieved from /home/airflow/.local/lib/python3.12/site-packages/airflow/example_dags/example_branch_labels.py
[2025-02-06T16:42:45.251+0000] {logging_mixin.py:190} INFO - [2025-02-06T16:42:45.251+0000] {dag.py:3239} INFO - Sync 1 DAGs
[2025-02-06T16:42:45.303+0000] {logging_mixin.py:190} INFO - [2025-02-06T16:42:45.302+0000] {dag.py:4180} INFO - Setting next_dagrun for example_branch_labels to 2025-02-05 00:00:00+00:00, run_after=2025-02-06 00:00:00+00:00
[2025-02-06T16:42:45.344+0000] {processor.py:208} INFO - Processing /home/airflow/.local/lib/python3.12/site-packages/airflow/example_dags/example_branch_labels.py took 0.192 seconds
[2025-02-06T16:43:16.718+0000] {processor.py:186} INFO - Started process (PID=819) to work on /home/airflow/.local/lib/python3.12/site-packages/airflow/example_dags/example_branch_labels.py
[2025-02-06T16:43:16.720+0000] {processor.py:914} INFO - Processing file /home/airflow/.local/lib/python3.12/site-packages/airflow/example_dags/example_branch_labels.py for tasks to queue
[2025-02-06T16:43:16.722+0000] {logging_mixin.py:190} INFO - [2025-02-06T16:43:16.722+0000] {dagbag.py:588} INFO - Filling up the DagBag from /home/airflow/.local/lib/python3.12/site-packages/airflow/example_dags/example_branch_labels.py
[2025-02-06T16:43:16.734+0000] {processor.py:925} INFO - DAG(s) 'example_branch_labels' retrieved from /home/airflow/.local/lib/python3.12/site-packages/airflow/example_dags/example_branch_labels.py
[2025-02-06T16:43:16.760+0000] {logging_mixin.py:190} INFO - [2025-02-06T16:43:16.759+0000] {dag.py:3239} INFO - Sync 1 DAGs
[2025-02-06T16:43:16.790+0000] {logging_mixin.py:190} INFO - [2025-02-06T16:43:16.790+0000] {dag.py:4180} INFO - Setting next_dagrun for example_branch_labels to 2025-02-05 00:00:00+00:00, run_after=2025-02-06 00:00:00+00:00
[2025-02-06T16:43:16.814+0000] {processor.py:208} INFO - Processing /home/airflow/.local/lib/python3.12/site-packages/airflow/example_dags/example_branch_labels.py took 0.104 seconds
[2025-02-06T16:43:48.516+0000] {processor.py:186} INFO - Started process (PID=876) to work on /home/airflow/.local/lib/python3.12/site-packages/airflow/example_dags/example_branch_labels.py
[2025-02-06T16:43:48.519+0000] {processor.py:914} INFO - Processing file /home/airflow/.local/lib/python3.12/site-packages/airflow/example_dags/example_branch_labels.py for tasks to queue
[2025-02-06T16:43:48.524+0000] {logging_mixin.py:190} INFO - [2025-02-06T16:43:48.524+0000] {dagbag.py:588} INFO - Filling up the DagBag from /home/airflow/.local/lib/python3.12/site-packages/airflow/example_dags/example_branch_labels.py
[2025-02-06T16:43:48.550+0000] {processor.py:925} INFO - DAG(s) 'example_branch_labels' retrieved from /home/airflow/.local/lib/python3.12/site-packages/airflow/example_dags/example_branch_labels.py
[2025-02-06T16:43:48.594+0000] {logging_mixin.py:190} INFO - [2025-02-06T16:43:48.593+0000] {dag.py:3239} INFO - Sync 1 DAGs
[2025-02-06T16:43:48.644+0000] {logging_mixin.py:190} INFO - [2025-02-06T16:43:48.644+0000] {dag.py:4180} INFO - Setting next_dagrun for example_branch_labels to 2025-02-05 00:00:00+00:00, run_after=2025-02-06 00:00:00+00:00
[2025-02-06T16:43:48.704+0000] {processor.py:208} INFO - Processing /home/airflow/.local/lib/python3.12/site-packages/airflow/example_dags/example_branch_labels.py took 0.195 seconds
[2025-02-06T16:44:19.855+0000] {processor.py:186} INFO - Started process (PID=933) to work on /home/airflow/.local/lib/python3.12/site-packages/airflow/example_dags/example_branch_labels.py
[2025-02-06T16:44:19.856+0000] {processor.py:914} INFO - Processing file /home/airflow/.local/lib/python3.12/site-packages/airflow/example_dags/example_branch_labels.py for tasks to queue
[2025-02-06T16:44:19.859+0000] {logging_mixin.py:190} INFO - [2025-02-06T16:44:19.859+0000] {dagbag.py:588} INFO - Filling up the DagBag from /home/airflow/.local/lib/python3.12/site-packages/airflow/example_dags/example_branch_labels.py
[2025-02-06T16:44:19.874+0000] {processor.py:925} INFO - DAG(s) 'example_branch_labels' retrieved from /home/airflow/.local/lib/python3.12/site-packages/airflow/example_dags/example_branch_labels.py
[2025-02-06T16:44:19.900+0000] {logging_mixin.py:190} INFO - [2025-02-06T16:44:19.900+0000] {dag.py:3239} INFO - Sync 1 DAGs
[2025-02-06T16:44:19.931+0000] {logging_mixin.py:190} INFO - [2025-02-06T16:44:19.930+0000] {dag.py:4180} INFO - Setting next_dagrun for example_branch_labels to 2025-02-05 00:00:00+00:00, run_after=2025-02-06 00:00:00+00:00
[2025-02-06T16:44:19.956+0000] {processor.py:208} INFO - Processing /home/airflow/.local/lib/python3.12/site-packages/airflow/example_dags/example_branch_labels.py took 0.110 seconds
[2025-02-06T16:44:55.183+0000] {processor.py:186} INFO - Started process (PID=990) to work on /home/airflow/.local/lib/python3.12/site-packages/airflow/example_dags/example_branch_labels.py
[2025-02-06T16:44:55.185+0000] {processor.py:914} INFO - Processing file /home/airflow/.local/lib/python3.12/site-packages/airflow/example_dags/example_branch_labels.py for tasks to queue
[2025-02-06T16:44:55.190+0000] {logging_mixin.py:190} INFO - [2025-02-06T16:44:55.190+0000] {dagbag.py:588} INFO - Filling up the DagBag from /home/airflow/.local/lib/python3.12/site-packages/airflow/example_dags/example_branch_labels.py
[2025-02-06T16:44:55.229+0000] {processor.py:925} INFO - DAG(s) 'example_branch_labels' retrieved from /home/airflow/.local/lib/python3.12/site-packages/airflow/example_dags/example_branch_labels.py
[2025-02-06T16:44:55.316+0000] {logging_mixin.py:190} INFO - [2025-02-06T16:44:55.315+0000] {dag.py:3239} INFO - Sync 1 DAGs
[2025-02-06T16:44:55.422+0000] {logging_mixin.py:190} INFO - [2025-02-06T16:44:55.422+0000] {dag.py:4180} INFO - Setting next_dagrun for example_branch_labels to 2025-02-05 00:00:00+00:00, run_after=2025-02-06 00:00:00+00:00
[2025-02-06T16:44:55.507+0000] {processor.py:208} INFO - Processing /home/airflow/.local/lib/python3.12/site-packages/airflow/example_dags/example_branch_labels.py took 0.344 seconds
[2025-02-06T16:45:27.240+0000] {processor.py:186} INFO - Started process (PID=1047) to work on /home/airflow/.local/lib/python3.12/site-packages/airflow/example_dags/example_branch_labels.py
[2025-02-06T16:45:27.242+0000] {processor.py:914} INFO - Processing file /home/airflow/.local/lib/python3.12/site-packages/airflow/example_dags/example_branch_labels.py for tasks to queue
[2025-02-06T16:45:27.259+0000] {logging_mixin.py:190} INFO - [2025-02-06T16:45:27.250+0000] {dagbag.py:588} INFO - Filling up the DagBag from /home/airflow/.local/lib/python3.12/site-packages/airflow/example_dags/example_branch_labels.py
[2025-02-06T16:45:27.308+0000] {processor.py:925} INFO - DAG(s) 'example_branch_labels' retrieved from /home/airflow/.local/lib/python3.12/site-packages/airflow/example_dags/example_branch_labels.py
[2025-02-06T16:45:27.371+0000] {logging_mixin.py:190} INFO - [2025-02-06T16:45:27.370+0000] {dag.py:3239} INFO - Sync 1 DAGs
[2025-02-06T16:45:27.454+0000] {logging_mixin.py:190} INFO - [2025-02-06T16:45:27.453+0000] {dag.py:4180} INFO - Setting next_dagrun for example_branch_labels to 2025-02-05 00:00:00+00:00, run_after=2025-02-06 00:00:00+00:00
[2025-02-06T16:45:27.501+0000] {processor.py:208} INFO - Processing /home/airflow/.local/lib/python3.12/site-packages/airflow/example_dags/example_branch_labels.py took 0.280 seconds
[2025-02-06T16:45:58.430+0000] {processor.py:186} INFO - Started process (PID=1105) to work on /home/airflow/.local/lib/python3.12/site-packages/airflow/example_dags/example_branch_labels.py
[2025-02-06T16:45:58.432+0000] {processor.py:914} INFO - Processing file /home/airflow/.local/lib/python3.12/site-packages/airflow/example_dags/example_branch_labels.py for tasks to queue
[2025-02-06T16:45:58.444+0000] {logging_mixin.py:190} INFO - [2025-02-06T16:45:58.443+0000] {dagbag.py:588} INFO - Filling up the DagBag from /home/airflow/.local/lib/python3.12/site-packages/airflow/example_dags/example_branch_labels.py
[2025-02-06T16:45:58.468+0000] {processor.py:925} INFO - DAG(s) 'example_branch_labels' retrieved from /home/airflow/.local/lib/python3.12/site-packages/airflow/example_dags/example_branch_labels.py
[2025-02-06T16:45:58.507+0000] {logging_mixin.py:190} INFO - [2025-02-06T16:45:58.507+0000] {dag.py:3239} INFO - Sync 1 DAGs
[2025-02-06T16:45:58.552+0000] {logging_mixin.py:190} INFO - [2025-02-06T16:45:58.552+0000] {dag.py:4180} INFO - Setting next_dagrun for example_branch_labels to 2025-02-05 00:00:00+00:00, run_after=2025-02-06 00:00:00+00:00
[2025-02-06T16:45:58.580+0000] {processor.py:208} INFO - Processing /home/airflow/.local/lib/python3.12/site-packages/airflow/example_dags/example_branch_labels.py took 0.161 seconds
[2025-02-06T16:46:31.468+0000] {processor.py:186} INFO - Started process (PID=1163) to work on /home/airflow/.local/lib/python3.12/site-packages/airflow/example_dags/example_branch_labels.py
[2025-02-06T16:46:31.469+0000] {processor.py:914} INFO - Processing file /home/airflow/.local/lib/python3.12/site-packages/airflow/example_dags/example_branch_labels.py for tasks to queue
[2025-02-06T16:46:31.472+0000] {logging_mixin.py:190} INFO - [2025-02-06T16:46:31.472+0000] {dagbag.py:588} INFO - Filling up the DagBag from /home/airflow/.local/lib/python3.12/site-packages/airflow/example_dags/example_branch_labels.py
[2025-02-06T16:46:31.485+0000] {processor.py:925} INFO - DAG(s) 'example_branch_labels' retrieved from /home/airflow/.local/lib/python3.12/site-packages/airflow/example_dags/example_branch_labels.py
[2025-02-06T16:46:31.513+0000] {logging_mixin.py:190} INFO - [2025-02-06T16:46:31.513+0000] {dag.py:3239} INFO - Sync 1 DAGs
[2025-02-06T16:46:31.545+0000] {logging_mixin.py:190} INFO - [2025-02-06T16:46:31.545+0000] {dag.py:4180} INFO - Setting next_dagrun for example_branch_labels to 2025-02-05 00:00:00+00:00, run_after=2025-02-06 00:00:00+00:00
[2025-02-06T16:46:31.571+0000] {processor.py:208} INFO - Processing /home/airflow/.local/lib/python3.12/site-packages/airflow/example_dags/example_branch_labels.py took 0.113 seconds
[2025-02-06T16:47:02.851+0000] {processor.py:186} INFO - Started process (PID=1221) to work on /home/airflow/.local/lib/python3.12/site-packages/airflow/example_dags/example_branch_labels.py
[2025-02-06T16:47:02.852+0000] {processor.py:914} INFO - Processing file /home/airflow/.local/lib/python3.12/site-packages/airflow/example_dags/example_branch_labels.py for tasks to queue
[2025-02-06T16:47:02.863+0000] {logging_mixin.py:190} INFO - [2025-02-06T16:47:02.862+0000] {dagbag.py:588} INFO - Filling up the DagBag from /home/airflow/.local/lib/python3.12/site-packages/airflow/example_dags/example_branch_labels.py
[2025-02-06T16:47:02.882+0000] {processor.py:925} INFO - DAG(s) 'example_branch_labels' retrieved from /home/airflow/.local/lib/python3.12/site-packages/airflow/example_dags/example_branch_labels.py
[2025-02-06T16:47:02.923+0000] {logging_mixin.py:190} INFO - [2025-02-06T16:47:02.923+0000] {dag.py:3239} INFO - Sync 1 DAGs
[2025-02-06T16:47:02.966+0000] {logging_mixin.py:190} INFO - [2025-02-06T16:47:02.966+0000] {dag.py:4180} INFO - Setting next_dagrun for example_branch_labels to 2025-02-05 00:00:00+00:00, run_after=2025-02-06 00:00:00+00:00
[2025-02-06T16:47:03.000+0000] {processor.py:208} INFO - Processing /home/airflow/.local/lib/python3.12/site-packages/airflow/example_dags/example_branch_labels.py took 0.157 seconds
[2025-02-06T16:47:33.889+0000] {processor.py:186} INFO - Started process (PID=1278) to work on /home/airflow/.local/lib/python3.12/site-packages/airflow/example_dags/example_branch_labels.py
[2025-02-06T16:47:33.891+0000] {processor.py:914} INFO - Processing file /home/airflow/.local/lib/python3.12/site-packages/airflow/example_dags/example_branch_labels.py for tasks to queue
[2025-02-06T16:47:33.893+0000] {logging_mixin.py:190} INFO - [2025-02-06T16:47:33.893+0000] {dagbag.py:588} INFO - Filling up the DagBag from /home/airflow/.local/lib/python3.12/site-packages/airflow/example_dags/example_branch_labels.py
[2025-02-06T16:47:33.906+0000] {processor.py:925} INFO - DAG(s) 'example_branch_labels' retrieved from /home/airflow/.local/lib/python3.12/site-packages/airflow/example_dags/example_branch_labels.py
[2025-02-06T16:47:33.930+0000] {logging_mixin.py:190} INFO - [2025-02-06T16:47:33.930+0000] {dag.py:3239} INFO - Sync 1 DAGs
[2025-02-06T16:47:33.959+0000] {logging_mixin.py:190} INFO - [2025-02-06T16:47:33.959+0000] {dag.py:4180} INFO - Setting next_dagrun for example_branch_labels to 2025-02-05 00:00:00+00:00, run_after=2025-02-06 00:00:00+00:00
[2025-02-06T16:47:33.979+0000] {processor.py:208} INFO - Processing /home/airflow/.local/lib/python3.12/site-packages/airflow/example_dags/example_branch_labels.py took 0.097 seconds
[2025-02-06T16:48:05.120+0000] {processor.py:186} INFO - Started process (PID=1335) to work on /home/airflow/.local/lib/python3.12/site-packages/airflow/example_dags/example_branch_labels.py
[2025-02-06T16:48:05.122+0000] {processor.py:914} INFO - Processing file /home/airflow/.local/lib/python3.12/site-packages/airflow/example_dags/example_branch_labels.py for tasks to queue
[2025-02-06T16:48:05.125+0000] {logging_mixin.py:190} INFO - [2025-02-06T16:48:05.125+0000] {dagbag.py:588} INFO - Filling up the DagBag from /home/airflow/.local/lib/python3.12/site-packages/airflow/example_dags/example_branch_labels.py
[2025-02-06T16:48:05.188+0000] {processor.py:925} INFO - DAG(s) 'example_branch_labels' retrieved from /home/airflow/.local/lib/python3.12/site-packages/airflow/example_dags/example_branch_labels.py
[2025-02-06T16:48:05.247+0000] {logging_mixin.py:190} INFO - [2025-02-06T16:48:05.246+0000] {dag.py:3239} INFO - Sync 1 DAGs
[2025-02-06T16:48:05.321+0000] {logging_mixin.py:190} INFO - [2025-02-06T16:48:05.320+0000] {dag.py:4180} INFO - Setting next_dagrun for example_branch_labels to 2025-02-05 00:00:00+00:00, run_after=2025-02-06 00:00:00+00:00
[2025-02-06T16:48:05.365+0000] {processor.py:208} INFO - Processing /home/airflow/.local/lib/python3.12/site-packages/airflow/example_dags/example_branch_labels.py took 0.264 seconds
[2025-02-06T16:48:35.688+0000] {processor.py:186} INFO - Started process (PID=1391) to work on /home/airflow/.local/lib/python3.12/site-packages/airflow/example_dags/example_branch_labels.py
[2025-02-06T16:48:35.689+0000] {processor.py:914} INFO - Processing file /home/airflow/.local/lib/python3.12/site-packages/airflow/example_dags/example_branch_labels.py for tasks to queue
[2025-02-06T16:48:35.692+0000] {logging_mixin.py:190} INFO - [2025-02-06T16:48:35.692+0000] {dagbag.py:588} INFO - Filling up the DagBag from /home/airflow/.local/lib/python3.12/site-packages/airflow/example_dags/example_branch_labels.py
[2025-02-06T16:48:35.704+0000] {processor.py:925} INFO - DAG(s) 'example_branch_labels' retrieved from /home/airflow/.local/lib/python3.12/site-packages/airflow/example_dags/example_branch_labels.py
[2025-02-06T16:48:35.729+0000] {logging_mixin.py:190} INFO - [2025-02-06T16:48:35.729+0000] {dag.py:3239} INFO - Sync 1 DAGs
[2025-02-06T16:48:35.759+0000] {logging_mixin.py:190} INFO - [2025-02-06T16:48:35.759+0000] {dag.py:4180} INFO - Setting next_dagrun for example_branch_labels to 2025-02-05 00:00:00+00:00, run_after=2025-02-06 00:00:00+00:00
[2025-02-06T16:48:35.784+0000] {processor.py:208} INFO - Processing /home/airflow/.local/lib/python3.12/site-packages/airflow/example_dags/example_branch_labels.py took 0.103 seconds
[2025-02-06T16:49:07.127+0000] {processor.py:186} INFO - Started process (PID=1448) to work on /home/airflow/.local/lib/python3.12/site-packages/airflow/example_dags/example_branch_labels.py
[2025-02-06T16:49:07.128+0000] {processor.py:914} INFO - Processing file /home/airflow/.local/lib/python3.12/site-packages/airflow/example_dags/example_branch_labels.py for tasks to queue
[2025-02-06T16:49:07.131+0000] {logging_mixin.py:190} INFO - [2025-02-06T16:49:07.131+0000] {dagbag.py:588} INFO - Filling up the DagBag from /home/airflow/.local/lib/python3.12/site-packages/airflow/example_dags/example_branch_labels.py
[2025-02-06T16:49:07.165+0000] {processor.py:925} INFO - DAG(s) 'example_branch_labels' retrieved from /home/airflow/.local/lib/python3.12/site-packages/airflow/example_dags/example_branch_labels.py
[2025-02-06T16:49:07.211+0000] {logging_mixin.py:190} INFO - [2025-02-06T16:49:07.210+0000] {dag.py:3239} INFO - Sync 1 DAGs
[2025-02-06T16:49:07.261+0000] {logging_mixin.py:190} INFO - [2025-02-06T16:49:07.261+0000] {dag.py:4180} INFO - Setting next_dagrun for example_branch_labels to 2025-02-05 00:00:00+00:00, run_after=2025-02-06 00:00:00+00:00
[2025-02-06T16:49:07.299+0000] {processor.py:208} INFO - Processing /home/airflow/.local/lib/python3.12/site-packages/airflow/example_dags/example_branch_labels.py took 0.181 seconds
[2025-02-06T16:49:37.794+0000] {processor.py:186} INFO - Started process (PID=1504) to work on /home/airflow/.local/lib/python3.12/site-packages/airflow/example_dags/example_branch_labels.py
[2025-02-06T16:49:37.795+0000] {processor.py:914} INFO - Processing file /home/airflow/.local/lib/python3.12/site-packages/airflow/example_dags/example_branch_labels.py for tasks to queue
[2025-02-06T16:49:37.798+0000] {logging_mixin.py:190} INFO - [2025-02-06T16:49:37.797+0000] {dagbag.py:588} INFO - Filling up the DagBag from /home/airflow/.local/lib/python3.12/site-packages/airflow/example_dags/example_branch_labels.py
[2025-02-06T16:49:37.811+0000] {processor.py:925} INFO - DAG(s) 'example_branch_labels' retrieved from /home/airflow/.local/lib/python3.12/site-packages/airflow/example_dags/example_branch_labels.py
[2025-02-06T16:49:37.838+0000] {logging_mixin.py:190} INFO - [2025-02-06T16:49:37.837+0000] {dag.py:3239} INFO - Sync 1 DAGs
[2025-02-06T16:49:37.871+0000] {logging_mixin.py:190} INFO - [2025-02-06T16:49:37.871+0000] {dag.py:4180} INFO - Setting next_dagrun for example_branch_labels to 2025-02-05 00:00:00+00:00, run_after=2025-02-06 00:00:00+00:00
[2025-02-06T16:49:37.898+0000] {processor.py:208} INFO - Processing /home/airflow/.local/lib/python3.12/site-packages/airflow/example_dags/example_branch_labels.py took 0.112 seconds
[2025-02-06T16:50:08.040+0000] {processor.py:186} INFO - Started process (PID=1561) to work on /home/airflow/.local/lib/python3.12/site-packages/airflow/example_dags/example_branch_labels.py
[2025-02-06T16:50:08.042+0000] {processor.py:914} INFO - Processing file /home/airflow/.local/lib/python3.12/site-packages/airflow/example_dags/example_branch_labels.py for tasks to queue
[2025-02-06T16:50:08.045+0000] {logging_mixin.py:190} INFO - [2025-02-06T16:50:08.044+0000] {dagbag.py:588} INFO - Filling up the DagBag from /home/airflow/.local/lib/python3.12/site-packages/airflow/example_dags/example_branch_labels.py
[2025-02-06T16:50:08.056+0000] {processor.py:925} INFO - DAG(s) 'example_branch_labels' retrieved from /home/airflow/.local/lib/python3.12/site-packages/airflow/example_dags/example_branch_labels.py
[2025-02-06T16:50:08.082+0000] {logging_mixin.py:190} INFO - [2025-02-06T16:50:08.082+0000] {dag.py:3239} INFO - Sync 1 DAGs
[2025-02-06T16:50:08.113+0000] {logging_mixin.py:190} INFO - [2025-02-06T16:50:08.113+0000] {dag.py:4180} INFO - Setting next_dagrun for example_branch_labels to 2025-02-05 00:00:00+00:00, run_after=2025-02-06 00:00:00+00:00
[2025-02-06T16:50:08.141+0000] {processor.py:208} INFO - Processing /home/airflow/.local/lib/python3.12/site-packages/airflow/example_dags/example_branch_labels.py took 0.108 seconds
[2025-02-06T16:50:38.503+0000] {processor.py:186} INFO - Started process (PID=1618) to work on /home/airflow/.local/lib/python3.12/site-packages/airflow/example_dags/example_branch_labels.py
[2025-02-06T16:50:38.505+0000] {processor.py:914} INFO - Processing file /home/airflow/.local/lib/python3.12/site-packages/airflow/example_dags/example_branch_labels.py for tasks to queue
[2025-02-06T16:50:38.508+0000] {logging_mixin.py:190} INFO - [2025-02-06T16:50:38.508+0000] {dagbag.py:588} INFO - Filling up the DagBag from /home/airflow/.local/lib/python3.12/site-packages/airflow/example_dags/example_branch_labels.py
[2025-02-06T16:50:38.522+0000] {processor.py:925} INFO - DAG(s) 'example_branch_labels' retrieved from /home/airflow/.local/lib/python3.12/site-packages/airflow/example_dags/example_branch_labels.py
[2025-02-06T16:50:38.549+0000] {logging_mixin.py:190} INFO - [2025-02-06T16:50:38.549+0000] {dag.py:3239} INFO - Sync 1 DAGs
[2025-02-06T16:50:38.578+0000] {logging_mixin.py:190} INFO - [2025-02-06T16:50:38.578+0000] {dag.py:4180} INFO - Setting next_dagrun for example_branch_labels to 2025-02-05 00:00:00+00:00, run_after=2025-02-06 00:00:00+00:00
[2025-02-06T16:50:38.606+0000] {processor.py:208} INFO - Processing /home/airflow/.local/lib/python3.12/site-packages/airflow/example_dags/example_branch_labels.py took 0.111 seconds
[2025-02-06T16:51:08.848+0000] {processor.py:186} INFO - Started process (PID=1675) to work on /home/airflow/.local/lib/python3.12/site-packages/airflow/example_dags/example_branch_labels.py
[2025-02-06T16:51:08.849+0000] {processor.py:914} INFO - Processing file /home/airflow/.local/lib/python3.12/site-packages/airflow/example_dags/example_branch_labels.py for tasks to queue
[2025-02-06T16:51:08.852+0000] {logging_mixin.py:190} INFO - [2025-02-06T16:51:08.852+0000] {dagbag.py:588} INFO - Filling up the DagBag from /home/airflow/.local/lib/python3.12/site-packages/airflow/example_dags/example_branch_labels.py
[2025-02-06T16:51:08.867+0000] {processor.py:925} INFO - DAG(s) 'example_branch_labels' retrieved from /home/airflow/.local/lib/python3.12/site-packages/airflow/example_dags/example_branch_labels.py
[2025-02-06T16:51:08.895+0000] {logging_mixin.py:190} INFO - [2025-02-06T16:51:08.895+0000] {dag.py:3239} INFO - Sync 1 DAGs
[2025-02-06T16:51:08.929+0000] {logging_mixin.py:190} INFO - [2025-02-06T16:51:08.929+0000] {dag.py:4180} INFO - Setting next_dagrun for example_branch_labels to 2025-02-05 00:00:00+00:00, run_after=2025-02-06 00:00:00+00:00
[2025-02-06T16:51:08.955+0000] {processor.py:208} INFO - Processing /home/airflow/.local/lib/python3.12/site-packages/airflow/example_dags/example_branch_labels.py took 0.115 seconds
[2025-02-06T16:51:39.441+0000] {processor.py:186} INFO - Started process (PID=1732) to work on /home/airflow/.local/lib/python3.12/site-packages/airflow/example_dags/example_branch_labels.py
[2025-02-06T16:51:39.442+0000] {processor.py:914} INFO - Processing file /home/airflow/.local/lib/python3.12/site-packages/airflow/example_dags/example_branch_labels.py for tasks to queue
[2025-02-06T16:51:39.446+0000] {logging_mixin.py:190} INFO - [2025-02-06T16:51:39.445+0000] {dagbag.py:588} INFO - Filling up the DagBag from /home/airflow/.local/lib/python3.12/site-packages/airflow/example_dags/example_branch_labels.py
[2025-02-06T16:51:39.458+0000] {processor.py:925} INFO - DAG(s) 'example_branch_labels' retrieved from /home/airflow/.local/lib/python3.12/site-packages/airflow/example_dags/example_branch_labels.py
[2025-02-06T16:51:39.486+0000] {logging_mixin.py:190} INFO - [2025-02-06T16:51:39.486+0000] {dag.py:3239} INFO - Sync 1 DAGs
[2025-02-06T16:51:39.517+0000] {logging_mixin.py:190} INFO - [2025-02-06T16:51:39.517+0000] {dag.py:4180} INFO - Setting next_dagrun for example_branch_labels to 2025-02-05 00:00:00+00:00, run_after=2025-02-06 00:00:00+00:00
[2025-02-06T16:51:39.539+0000] {processor.py:208} INFO - Processing /home/airflow/.local/lib/python3.12/site-packages/airflow/example_dags/example_branch_labels.py took 0.106 seconds
[2025-02-06T16:52:09.943+0000] {processor.py:186} INFO - Started process (PID=1789) to work on /home/airflow/.local/lib/python3.12/site-packages/airflow/example_dags/example_branch_labels.py
[2025-02-06T16:52:09.964+0000] {processor.py:914} INFO - Processing file /home/airflow/.local/lib/python3.12/site-packages/airflow/example_dags/example_branch_labels.py for tasks to queue
[2025-02-06T16:52:09.990+0000] {logging_mixin.py:190} INFO - [2025-02-06T16:52:09.990+0000] {dagbag.py:588} INFO - Filling up the DagBag from /home/airflow/.local/lib/python3.12/site-packages/airflow/example_dags/example_branch_labels.py
[2025-02-06T16:52:10.091+0000] {processor.py:925} INFO - DAG(s) 'example_branch_labels' retrieved from /home/airflow/.local/lib/python3.12/site-packages/airflow/example_dags/example_branch_labels.py
[2025-02-06T16:52:10.197+0000] {logging_mixin.py:190} INFO - [2025-02-06T16:52:10.196+0000] {dag.py:3239} INFO - Sync 1 DAGs
[2025-02-06T16:52:10.347+0000] {logging_mixin.py:190} INFO - [2025-02-06T16:52:10.347+0000] {dag.py:4180} INFO - Setting next_dagrun for example_branch_labels to 2025-02-05 00:00:00+00:00, run_after=2025-02-06 00:00:00+00:00
[2025-02-06T16:52:10.515+0000] {processor.py:208} INFO - Processing /home/airflow/.local/lib/python3.12/site-packages/airflow/example_dags/example_branch_labels.py took 0.599 seconds
[2025-02-06T16:52:41.297+0000] {processor.py:186} INFO - Started process (PID=1846) to work on /home/airflow/.local/lib/python3.12/site-packages/airflow/example_dags/example_branch_labels.py
[2025-02-06T16:52:41.299+0000] {processor.py:914} INFO - Processing file /home/airflow/.local/lib/python3.12/site-packages/airflow/example_dags/example_branch_labels.py for tasks to queue
[2025-02-06T16:52:41.302+0000] {logging_mixin.py:190} INFO - [2025-02-06T16:52:41.302+0000] {dagbag.py:588} INFO - Filling up the DagBag from /home/airflow/.local/lib/python3.12/site-packages/airflow/example_dags/example_branch_labels.py
[2025-02-06T16:52:41.319+0000] {processor.py:925} INFO - DAG(s) 'example_branch_labels' retrieved from /home/airflow/.local/lib/python3.12/site-packages/airflow/example_dags/example_branch_labels.py
[2025-02-06T16:52:41.346+0000] {logging_mixin.py:190} INFO - [2025-02-06T16:52:41.346+0000] {dag.py:3239} INFO - Sync 1 DAGs
[2025-02-06T16:52:41.378+0000] {logging_mixin.py:190} INFO - [2025-02-06T16:52:41.377+0000] {dag.py:4180} INFO - Setting next_dagrun for example_branch_labels to 2025-02-05 00:00:00+00:00, run_after=2025-02-06 00:00:00+00:00
[2025-02-06T16:52:41.401+0000] {processor.py:208} INFO - Processing /home/airflow/.local/lib/python3.12/site-packages/airflow/example_dags/example_branch_labels.py took 0.114 seconds
[2025-02-06T16:53:11.644+0000] {processor.py:186} INFO - Started process (PID=1903) to work on /home/airflow/.local/lib/python3.12/site-packages/airflow/example_dags/example_branch_labels.py
[2025-02-06T16:53:11.645+0000] {processor.py:914} INFO - Processing file /home/airflow/.local/lib/python3.12/site-packages/airflow/example_dags/example_branch_labels.py for tasks to queue
[2025-02-06T16:53:11.648+0000] {logging_mixin.py:190} INFO - [2025-02-06T16:53:11.648+0000] {dagbag.py:588} INFO - Filling up the DagBag from /home/airflow/.local/lib/python3.12/site-packages/airflow/example_dags/example_branch_labels.py
[2025-02-06T16:53:11.660+0000] {processor.py:925} INFO - DAG(s) 'example_branch_labels' retrieved from /home/airflow/.local/lib/python3.12/site-packages/airflow/example_dags/example_branch_labels.py
[2025-02-06T16:53:11.687+0000] {logging_mixin.py:190} INFO - [2025-02-06T16:53:11.687+0000] {dag.py:3239} INFO - Sync 1 DAGs
[2025-02-06T16:53:11.718+0000] {logging_mixin.py:190} INFO - [2025-02-06T16:53:11.718+0000] {dag.py:4180} INFO - Setting next_dagrun for example_branch_labels to 2025-02-05 00:00:00+00:00, run_after=2025-02-06 00:00:00+00:00
[2025-02-06T16:53:11.742+0000] {processor.py:208} INFO - Processing /home/airflow/.local/lib/python3.12/site-packages/airflow/example_dags/example_branch_labels.py took 0.105 seconds
[2025-02-06T16:53:42.408+0000] {processor.py:186} INFO - Started process (PID=1960) to work on /home/airflow/.local/lib/python3.12/site-packages/airflow/example_dags/example_branch_labels.py
[2025-02-06T16:53:42.409+0000] {processor.py:914} INFO - Processing file /home/airflow/.local/lib/python3.12/site-packages/airflow/example_dags/example_branch_labels.py for tasks to queue
[2025-02-06T16:53:42.412+0000] {logging_mixin.py:190} INFO - [2025-02-06T16:53:42.411+0000] {dagbag.py:588} INFO - Filling up the DagBag from /home/airflow/.local/lib/python3.12/site-packages/airflow/example_dags/example_branch_labels.py
[2025-02-06T16:53:42.424+0000] {processor.py:925} INFO - DAG(s) 'example_branch_labels' retrieved from /home/airflow/.local/lib/python3.12/site-packages/airflow/example_dags/example_branch_labels.py
[2025-02-06T16:53:42.462+0000] {logging_mixin.py:190} INFO - [2025-02-06T16:53:42.461+0000] {dag.py:3239} INFO - Sync 1 DAGs
[2025-02-06T16:53:42.503+0000] {logging_mixin.py:190} INFO - [2025-02-06T16:53:42.502+0000] {dag.py:4180} INFO - Setting next_dagrun for example_branch_labels to 2025-02-05 00:00:00+00:00, run_after=2025-02-06 00:00:00+00:00
[2025-02-06T16:53:42.527+0000] {processor.py:208} INFO - Processing /home/airflow/.local/lib/python3.12/site-packages/airflow/example_dags/example_branch_labels.py took 0.126 seconds
[2025-02-06T16:54:13.385+0000] {processor.py:186} INFO - Started process (PID=2017) to work on /home/airflow/.local/lib/python3.12/site-packages/airflow/example_dags/example_branch_labels.py
[2025-02-06T16:54:13.387+0000] {processor.py:914} INFO - Processing file /home/airflow/.local/lib/python3.12/site-packages/airflow/example_dags/example_branch_labels.py for tasks to queue
[2025-02-06T16:54:13.390+0000] {logging_mixin.py:190} INFO - [2025-02-06T16:54:13.389+0000] {dagbag.py:588} INFO - Filling up the DagBag from /home/airflow/.local/lib/python3.12/site-packages/airflow/example_dags/example_branch_labels.py
[2025-02-06T16:54:13.406+0000] {processor.py:925} INFO - DAG(s) 'example_branch_labels' retrieved from /home/airflow/.local/lib/python3.12/site-packages/airflow/example_dags/example_branch_labels.py
[2025-02-06T16:54:13.433+0000] {logging_mixin.py:190} INFO - [2025-02-06T16:54:13.433+0000] {dag.py:3239} INFO - Sync 1 DAGs
[2025-02-06T16:54:13.464+0000] {logging_mixin.py:190} INFO - [2025-02-06T16:54:13.464+0000] {dag.py:4180} INFO - Setting next_dagrun for example_branch_labels to 2025-02-05 00:00:00+00:00, run_after=2025-02-06 00:00:00+00:00
[2025-02-06T16:54:13.488+0000] {processor.py:208} INFO - Processing /home/airflow/.local/lib/python3.12/site-packages/airflow/example_dags/example_branch_labels.py took 0.112 seconds
[2025-02-06T16:54:43.756+0000] {processor.py:186} INFO - Started process (PID=2074) to work on /home/airflow/.local/lib/python3.12/site-packages/airflow/example_dags/example_branch_labels.py
[2025-02-06T16:54:43.757+0000] {processor.py:914} INFO - Processing file /home/airflow/.local/lib/python3.12/site-packages/airflow/example_dags/example_branch_labels.py for tasks to queue
[2025-02-06T16:54:43.760+0000] {logging_mixin.py:190} INFO - [2025-02-06T16:54:43.760+0000] {dagbag.py:588} INFO - Filling up the DagBag from /home/airflow/.local/lib/python3.12/site-packages/airflow/example_dags/example_branch_labels.py
[2025-02-06T16:54:43.772+0000] {processor.py:925} INFO - DAG(s) 'example_branch_labels' retrieved from /home/airflow/.local/lib/python3.12/site-packages/airflow/example_dags/example_branch_labels.py
[2025-02-06T16:54:43.800+0000] {logging_mixin.py:190} INFO - [2025-02-06T16:54:43.800+0000] {dag.py:3239} INFO - Sync 1 DAGs
[2025-02-06T16:54:43.830+0000] {logging_mixin.py:190} INFO - [2025-02-06T16:54:43.829+0000] {dag.py:4180} INFO - Setting next_dagrun for example_branch_labels to 2025-02-05 00:00:00+00:00, run_after=2025-02-06 00:00:00+00:00
[2025-02-06T16:54:43.853+0000] {processor.py:208} INFO - Processing /home/airflow/.local/lib/python3.12/site-packages/airflow/example_dags/example_branch_labels.py took 0.104 seconds
[2025-02-06T16:55:14.131+0000] {processor.py:186} INFO - Started process (PID=2131) to work on /home/airflow/.local/lib/python3.12/site-packages/airflow/example_dags/example_branch_labels.py
[2025-02-06T16:55:14.132+0000] {processor.py:914} INFO - Processing file /home/airflow/.local/lib/python3.12/site-packages/airflow/example_dags/example_branch_labels.py for tasks to queue
[2025-02-06T16:55:14.135+0000] {logging_mixin.py:190} INFO - [2025-02-06T16:55:14.134+0000] {dagbag.py:588} INFO - Filling up the DagBag from /home/airflow/.local/lib/python3.12/site-packages/airflow/example_dags/example_branch_labels.py
[2025-02-06T16:55:14.148+0000] {processor.py:925} INFO - DAG(s) 'example_branch_labels' retrieved from /home/airflow/.local/lib/python3.12/site-packages/airflow/example_dags/example_branch_labels.py
[2025-02-06T16:55:14.173+0000] {logging_mixin.py:190} INFO - [2025-02-06T16:55:14.172+0000] {dag.py:3239} INFO - Sync 1 DAGs
[2025-02-06T16:55:14.205+0000] {logging_mixin.py:190} INFO - [2025-02-06T16:55:14.204+0000] {dag.py:4180} INFO - Setting next_dagrun for example_branch_labels to 2025-02-05 00:00:00+00:00, run_after=2025-02-06 00:00:00+00:00
[2025-02-06T16:55:14.227+0000] {processor.py:208} INFO - Processing /home/airflow/.local/lib/python3.12/site-packages/airflow/example_dags/example_branch_labels.py took 0.104 seconds
[2025-02-06T17:23:43.964+0000] {processor.py:186} INFO - Started process (PID=81) to work on /home/airflow/.local/lib/python3.12/site-packages/airflow/example_dags/example_branch_labels.py
[2025-02-06T17:23:43.967+0000] {processor.py:914} INFO - Processing file /home/airflow/.local/lib/python3.12/site-packages/airflow/example_dags/example_branch_labels.py for tasks to queue
[2025-02-06T17:23:43.983+0000] {logging_mixin.py:190} INFO - [2025-02-06T17:23:43.982+0000] {dagbag.py:588} INFO - Filling up the DagBag from /home/airflow/.local/lib/python3.12/site-packages/airflow/example_dags/example_branch_labels.py
[2025-02-06T17:23:44.030+0000] {processor.py:925} INFO - DAG(s) 'example_branch_labels' retrieved from /home/airflow/.local/lib/python3.12/site-packages/airflow/example_dags/example_branch_labels.py
[2025-02-06T17:23:44.587+0000] {logging_mixin.py:190} INFO - [2025-02-06T17:23:44.585+0000] {override.py:1911} INFO - Created Permission View: can delete on DAG:example_branch_labels
[2025-02-06T17:23:44.627+0000] {logging_mixin.py:190} INFO - [2025-02-06T17:23:44.627+0000] {override.py:1911} INFO - Created Permission View: can read on DAG:example_branch_labels
[2025-02-06T17:23:44.653+0000] {logging_mixin.py:190} INFO - [2025-02-06T17:23:44.653+0000] {override.py:1911} INFO - Created Permission View: can edit on DAG:example_branch_labels
[2025-02-06T17:23:44.690+0000] {logging_mixin.py:190} INFO - [2025-02-06T17:23:44.690+0000] {override.py:1911} INFO - Created Permission View: menu access on DAG Run:example_branch_labels
[2025-02-06T17:23:44.717+0000] {logging_mixin.py:190} INFO - [2025-02-06T17:23:44.716+0000] {override.py:1911} INFO - Created Permission View: can delete on DAG Run:example_branch_labels
[2025-02-06T17:23:44.751+0000] {logging_mixin.py:190} INFO - [2025-02-06T17:23:44.751+0000] {override.py:1911} INFO - Created Permission View: can create on DAG Run:example_branch_labels
[2025-02-06T17:23:44.778+0000] {logging_mixin.py:190} INFO - [2025-02-06T17:23:44.778+0000] {override.py:1911} INFO - Created Permission View: can read on DAG Run:example_branch_labels
[2025-02-06T17:23:44.780+0000] {logging_mixin.py:190} INFO - [2025-02-06T17:23:44.779+0000] {dag.py:3239} INFO - Sync 1 DAGs
[2025-02-06T17:23:44.868+0000] {logging_mixin.py:190} INFO - [2025-02-06T17:23:44.867+0000] {dag.py:3262} INFO - Creating ORM DAG for example_branch_labels
[2025-02-06T17:23:44.931+0000] {logging_mixin.py:190} INFO - [2025-02-06T17:23:44.931+0000] {dag.py:4180} INFO - Setting next_dagrun for example_branch_labels to 2025-02-05 00:00:00+00:00, run_after=2025-02-06 00:00:00+00:00
[2025-02-06T17:23:45.012+0000] {processor.py:208} INFO - Processing /home/airflow/.local/lib/python3.12/site-packages/airflow/example_dags/example_branch_labels.py took 1.074 seconds
[2025-02-06T17:24:15.308+0000] {processor.py:186} INFO - Started process (PID=138) to work on /home/airflow/.local/lib/python3.12/site-packages/airflow/example_dags/example_branch_labels.py
[2025-02-06T17:24:15.310+0000] {processor.py:914} INFO - Processing file /home/airflow/.local/lib/python3.12/site-packages/airflow/example_dags/example_branch_labels.py for tasks to queue
[2025-02-06T17:24:15.313+0000] {logging_mixin.py:190} INFO - [2025-02-06T17:24:15.313+0000] {dagbag.py:588} INFO - Filling up the DagBag from /home/airflow/.local/lib/python3.12/site-packages/airflow/example_dags/example_branch_labels.py
[2025-02-06T17:24:15.325+0000] {processor.py:925} INFO - DAG(s) 'example_branch_labels' retrieved from /home/airflow/.local/lib/python3.12/site-packages/airflow/example_dags/example_branch_labels.py
[2025-02-06T17:24:15.352+0000] {logging_mixin.py:190} INFO - [2025-02-06T17:24:15.352+0000] {dag.py:3239} INFO - Sync 1 DAGs
[2025-02-06T17:24:15.381+0000] {logging_mixin.py:190} INFO - [2025-02-06T17:24:15.381+0000] {dag.py:4180} INFO - Setting next_dagrun for example_branch_labels to 2025-02-05 00:00:00+00:00, run_after=2025-02-06 00:00:00+00:00
[2025-02-06T17:24:15.405+0000] {processor.py:208} INFO - Processing /home/airflow/.local/lib/python3.12/site-packages/airflow/example_dags/example_branch_labels.py took 0.104 seconds
[2025-02-06T17:24:46.143+0000] {processor.py:186} INFO - Started process (PID=195) to work on /home/airflow/.local/lib/python3.12/site-packages/airflow/example_dags/example_branch_labels.py
[2025-02-06T17:24:46.145+0000] {processor.py:914} INFO - Processing file /home/airflow/.local/lib/python3.12/site-packages/airflow/example_dags/example_branch_labels.py for tasks to queue
[2025-02-06T17:24:46.150+0000] {logging_mixin.py:190} INFO - [2025-02-06T17:24:46.149+0000] {dagbag.py:588} INFO - Filling up the DagBag from /home/airflow/.local/lib/python3.12/site-packages/airflow/example_dags/example_branch_labels.py
[2025-02-06T17:24:46.189+0000] {processor.py:925} INFO - DAG(s) 'example_branch_labels' retrieved from /home/airflow/.local/lib/python3.12/site-packages/airflow/example_dags/example_branch_labels.py
[2025-02-06T17:24:46.235+0000] {logging_mixin.py:190} INFO - [2025-02-06T17:24:46.234+0000] {dag.py:3239} INFO - Sync 1 DAGs
[2025-02-06T17:24:46.280+0000] {logging_mixin.py:190} INFO - [2025-02-06T17:24:46.279+0000] {dag.py:4180} INFO - Setting next_dagrun for example_branch_labels to 2025-02-05 00:00:00+00:00, run_after=2025-02-06 00:00:00+00:00
[2025-02-06T17:24:46.315+0000] {processor.py:208} INFO - Processing /home/airflow/.local/lib/python3.12/site-packages/airflow/example_dags/example_branch_labels.py took 0.204 seconds
[2025-02-06T17:25:16.762+0000] {processor.py:186} INFO - Started process (PID=252) to work on /home/airflow/.local/lib/python3.12/site-packages/airflow/example_dags/example_branch_labels.py
[2025-02-06T17:25:16.764+0000] {processor.py:914} INFO - Processing file /home/airflow/.local/lib/python3.12/site-packages/airflow/example_dags/example_branch_labels.py for tasks to queue
[2025-02-06T17:25:16.769+0000] {logging_mixin.py:190} INFO - [2025-02-06T17:25:16.769+0000] {dagbag.py:588} INFO - Filling up the DagBag from /home/airflow/.local/lib/python3.12/site-packages/airflow/example_dags/example_branch_labels.py
[2025-02-06T17:25:16.798+0000] {processor.py:925} INFO - DAG(s) 'example_branch_labels' retrieved from /home/airflow/.local/lib/python3.12/site-packages/airflow/example_dags/example_branch_labels.py
[2025-02-06T17:25:16.839+0000] {logging_mixin.py:190} INFO - [2025-02-06T17:25:16.839+0000] {dag.py:3239} INFO - Sync 1 DAGs
[2025-02-06T17:25:16.900+0000] {logging_mixin.py:190} INFO - [2025-02-06T17:25:16.899+0000] {dag.py:4180} INFO - Setting next_dagrun for example_branch_labels to 2025-02-05 00:00:00+00:00, run_after=2025-02-06 00:00:00+00:00
[2025-02-06T17:25:16.943+0000] {processor.py:208} INFO - Processing /home/airflow/.local/lib/python3.12/site-packages/airflow/example_dags/example_branch_labels.py took 0.193 seconds
[2025-02-06T17:25:47.820+0000] {processor.py:186} INFO - Started process (PID=308) to work on /home/airflow/.local/lib/python3.12/site-packages/airflow/example_dags/example_branch_labels.py
[2025-02-06T17:25:47.822+0000] {processor.py:914} INFO - Processing file /home/airflow/.local/lib/python3.12/site-packages/airflow/example_dags/example_branch_labels.py for tasks to queue
[2025-02-06T17:25:47.826+0000] {logging_mixin.py:190} INFO - [2025-02-06T17:25:47.825+0000] {dagbag.py:588} INFO - Filling up the DagBag from /home/airflow/.local/lib/python3.12/site-packages/airflow/example_dags/example_branch_labels.py
[2025-02-06T17:25:47.840+0000] {processor.py:925} INFO - DAG(s) 'example_branch_labels' retrieved from /home/airflow/.local/lib/python3.12/site-packages/airflow/example_dags/example_branch_labels.py
[2025-02-06T17:25:47.868+0000] {logging_mixin.py:190} INFO - [2025-02-06T17:25:47.868+0000] {dag.py:3239} INFO - Sync 1 DAGs
[2025-02-06T17:25:47.904+0000] {logging_mixin.py:190} INFO - [2025-02-06T17:25:47.904+0000] {dag.py:4180} INFO - Setting next_dagrun for example_branch_labels to 2025-02-05 00:00:00+00:00, run_after=2025-02-06 00:00:00+00:00
[2025-02-06T17:25:47.935+0000] {processor.py:208} INFO - Processing /home/airflow/.local/lib/python3.12/site-packages/airflow/example_dags/example_branch_labels.py took 0.127 seconds
[2025-02-06T17:26:18.019+0000] {processor.py:186} INFO - Started process (PID=364) to work on /home/airflow/.local/lib/python3.12/site-packages/airflow/example_dags/example_branch_labels.py
[2025-02-06T17:26:18.020+0000] {processor.py:914} INFO - Processing file /home/airflow/.local/lib/python3.12/site-packages/airflow/example_dags/example_branch_labels.py for tasks to queue
[2025-02-06T17:26:18.024+0000] {logging_mixin.py:190} INFO - [2025-02-06T17:26:18.023+0000] {dagbag.py:588} INFO - Filling up the DagBag from /home/airflow/.local/lib/python3.12/site-packages/airflow/example_dags/example_branch_labels.py
[2025-02-06T17:26:18.036+0000] {processor.py:925} INFO - DAG(s) 'example_branch_labels' retrieved from /home/airflow/.local/lib/python3.12/site-packages/airflow/example_dags/example_branch_labels.py
[2025-02-06T17:26:18.064+0000] {logging_mixin.py:190} INFO - [2025-02-06T17:26:18.063+0000] {dag.py:3239} INFO - Sync 1 DAGs
[2025-02-06T17:26:18.095+0000] {logging_mixin.py:190} INFO - [2025-02-06T17:26:18.095+0000] {dag.py:4180} INFO - Setting next_dagrun for example_branch_labels to 2025-02-05 00:00:00+00:00, run_after=2025-02-06 00:00:00+00:00
[2025-02-06T17:26:18.120+0000] {processor.py:208} INFO - Processing /home/airflow/.local/lib/python3.12/site-packages/airflow/example_dags/example_branch_labels.py took 0.110 seconds
[2025-02-06T17:29:41.551+0000] {processor.py:186} INFO - Started process (PID=80) to work on /home/airflow/.local/lib/python3.12/site-packages/airflow/example_dags/example_branch_labels.py
[2025-02-06T17:29:41.554+0000] {processor.py:914} INFO - Processing file /home/airflow/.local/lib/python3.12/site-packages/airflow/example_dags/example_branch_labels.py for tasks to queue
[2025-02-06T17:29:41.558+0000] {logging_mixin.py:190} INFO - [2025-02-06T17:29:41.557+0000] {dagbag.py:588} INFO - Filling up the DagBag from /home/airflow/.local/lib/python3.12/site-packages/airflow/example_dags/example_branch_labels.py
[2025-02-06T17:29:41.604+0000] {processor.py:925} INFO - DAG(s) 'example_branch_labels' retrieved from /home/airflow/.local/lib/python3.12/site-packages/airflow/example_dags/example_branch_labels.py
[2025-02-06T17:29:41.922+0000] {logging_mixin.py:190} INFO - [2025-02-06T17:29:41.920+0000] {override.py:1911} INFO - Created Permission View: can read on DAG:example_branch_labels
[2025-02-06T17:29:41.947+0000] {logging_mixin.py:190} INFO - [2025-02-06T17:29:41.946+0000] {override.py:1911} INFO - Created Permission View: can edit on DAG:example_branch_labels
[2025-02-06T17:29:41.963+0000] {logging_mixin.py:190} INFO - [2025-02-06T17:29:41.963+0000] {override.py:1911} INFO - Created Permission View: can delete on DAG:example_branch_labels
[2025-02-06T17:29:41.981+0000] {logging_mixin.py:190} INFO - [2025-02-06T17:29:41.981+0000] {override.py:1911} INFO - Created Permission View: can read on DAG Run:example_branch_labels
[2025-02-06T17:29:42.002+0000] {logging_mixin.py:190} INFO - [2025-02-06T17:29:42.001+0000] {override.py:1911} INFO - Created Permission View: menu access on DAG Run:example_branch_labels
[2025-02-06T17:29:42.029+0000] {logging_mixin.py:190} INFO - [2025-02-06T17:29:42.028+0000] {override.py:1911} INFO - Created Permission View: can delete on DAG Run:example_branch_labels
[2025-02-06T17:29:42.046+0000] {logging_mixin.py:190} INFO - [2025-02-06T17:29:42.045+0000] {override.py:1911} INFO - Created Permission View: can create on DAG Run:example_branch_labels
[2025-02-06T17:29:42.047+0000] {logging_mixin.py:190} INFO - [2025-02-06T17:29:42.047+0000] {dag.py:3239} INFO - Sync 1 DAGs
[2025-02-06T17:29:42.082+0000] {logging_mixin.py:190} INFO - [2025-02-06T17:29:42.082+0000] {dag.py:3262} INFO - Creating ORM DAG for example_branch_labels
[2025-02-06T17:29:42.107+0000] {logging_mixin.py:190} INFO - [2025-02-06T17:29:42.107+0000] {dag.py:4180} INFO - Setting next_dagrun for example_branch_labels to 2025-02-05 00:00:00+00:00, run_after=2025-02-06 00:00:00+00:00
[2025-02-06T17:29:42.192+0000] {processor.py:208} INFO - Processing /home/airflow/.local/lib/python3.12/site-packages/airflow/example_dags/example_branch_labels.py took 0.653 seconds
[2025-02-06T17:30:12.770+0000] {processor.py:186} INFO - Started process (PID=137) to work on /home/airflow/.local/lib/python3.12/site-packages/airflow/example_dags/example_branch_labels.py
[2025-02-06T17:30:12.772+0000] {processor.py:914} INFO - Processing file /home/airflow/.local/lib/python3.12/site-packages/airflow/example_dags/example_branch_labels.py for tasks to queue
[2025-02-06T17:30:12.781+0000] {logging_mixin.py:190} INFO - [2025-02-06T17:30:12.780+0000] {dagbag.py:588} INFO - Filling up the DagBag from /home/airflow/.local/lib/python3.12/site-packages/airflow/example_dags/example_branch_labels.py
[2025-02-06T17:30:12.807+0000] {processor.py:925} INFO - DAG(s) 'example_branch_labels' retrieved from /home/airflow/.local/lib/python3.12/site-packages/airflow/example_dags/example_branch_labels.py
[2025-02-06T17:30:12.857+0000] {logging_mixin.py:190} INFO - [2025-02-06T17:30:12.857+0000] {dag.py:3239} INFO - Sync 1 DAGs
[2025-02-06T17:30:12.934+0000] {logging_mixin.py:190} INFO - [2025-02-06T17:30:12.933+0000] {dag.py:4180} INFO - Setting next_dagrun for example_branch_labels to 2025-02-05 00:00:00+00:00, run_after=2025-02-06 00:00:00+00:00
[2025-02-06T17:30:13.060+0000] {processor.py:208} INFO - Processing /home/airflow/.local/lib/python3.12/site-packages/airflow/example_dags/example_branch_labels.py took 0.301 seconds
[2025-02-06T17:30:43.176+0000] {processor.py:186} INFO - Started process (PID=193) to work on /home/airflow/.local/lib/python3.12/site-packages/airflow/example_dags/example_branch_labels.py
[2025-02-06T17:30:43.178+0000] {processor.py:914} INFO - Processing file /home/airflow/.local/lib/python3.12/site-packages/airflow/example_dags/example_branch_labels.py for tasks to queue
[2025-02-06T17:30:43.181+0000] {logging_mixin.py:190} INFO - [2025-02-06T17:30:43.181+0000] {dagbag.py:588} INFO - Filling up the DagBag from /home/airflow/.local/lib/python3.12/site-packages/airflow/example_dags/example_branch_labels.py
[2025-02-06T17:30:43.220+0000] {processor.py:925} INFO - DAG(s) 'example_branch_labels' retrieved from /home/airflow/.local/lib/python3.12/site-packages/airflow/example_dags/example_branch_labels.py
[2025-02-06T17:30:43.282+0000] {logging_mixin.py:190} INFO - [2025-02-06T17:30:43.282+0000] {dag.py:3239} INFO - Sync 1 DAGs
[2025-02-06T17:30:43.348+0000] {logging_mixin.py:190} INFO - [2025-02-06T17:30:43.347+0000] {dag.py:4180} INFO - Setting next_dagrun for example_branch_labels to 2025-02-05 00:00:00+00:00, run_after=2025-02-06 00:00:00+00:00
[2025-02-06T17:30:43.384+0000] {processor.py:208} INFO - Processing /home/airflow/.local/lib/python3.12/site-packages/airflow/example_dags/example_branch_labels.py took 0.226 seconds
[2025-02-06T17:31:13.699+0000] {processor.py:186} INFO - Started process (PID=250) to work on /home/airflow/.local/lib/python3.12/site-packages/airflow/example_dags/example_branch_labels.py
[2025-02-06T17:31:13.700+0000] {processor.py:914} INFO - Processing file /home/airflow/.local/lib/python3.12/site-packages/airflow/example_dags/example_branch_labels.py for tasks to queue
[2025-02-06T17:31:13.703+0000] {logging_mixin.py:190} INFO - [2025-02-06T17:31:13.703+0000] {dagbag.py:588} INFO - Filling up the DagBag from /home/airflow/.local/lib/python3.12/site-packages/airflow/example_dags/example_branch_labels.py
[2025-02-06T17:31:13.716+0000] {processor.py:925} INFO - DAG(s) 'example_branch_labels' retrieved from /home/airflow/.local/lib/python3.12/site-packages/airflow/example_dags/example_branch_labels.py
[2025-02-06T17:31:13.744+0000] {logging_mixin.py:190} INFO - [2025-02-06T17:31:13.743+0000] {dag.py:3239} INFO - Sync 1 DAGs
[2025-02-06T17:31:13.777+0000] {logging_mixin.py:190} INFO - [2025-02-06T17:31:13.777+0000] {dag.py:4180} INFO - Setting next_dagrun for example_branch_labels to 2025-02-05 00:00:00+00:00, run_after=2025-02-06 00:00:00+00:00
[2025-02-06T17:31:13.804+0000] {processor.py:208} INFO - Processing /home/airflow/.local/lib/python3.12/site-packages/airflow/example_dags/example_branch_labels.py took 0.112 seconds
[2025-02-06T17:31:44.144+0000] {processor.py:186} INFO - Started process (PID=306) to work on /home/airflow/.local/lib/python3.12/site-packages/airflow/example_dags/example_branch_labels.py
[2025-02-06T17:31:44.146+0000] {processor.py:914} INFO - Processing file /home/airflow/.local/lib/python3.12/site-packages/airflow/example_dags/example_branch_labels.py for tasks to queue
[2025-02-06T17:31:44.150+0000] {logging_mixin.py:190} INFO - [2025-02-06T17:31:44.150+0000] {dagbag.py:588} INFO - Filling up the DagBag from /home/airflow/.local/lib/python3.12/site-packages/airflow/example_dags/example_branch_labels.py
[2025-02-06T17:31:44.163+0000] {processor.py:925} INFO - DAG(s) 'example_branch_labels' retrieved from /home/airflow/.local/lib/python3.12/site-packages/airflow/example_dags/example_branch_labels.py
[2025-02-06T17:31:44.190+0000] {logging_mixin.py:190} INFO - [2025-02-06T17:31:44.190+0000] {dag.py:3239} INFO - Sync 1 DAGs
[2025-02-06T17:31:44.223+0000] {logging_mixin.py:190} INFO - [2025-02-06T17:31:44.223+0000] {dag.py:4180} INFO - Setting next_dagrun for example_branch_labels to 2025-02-05 00:00:00+00:00, run_after=2025-02-06 00:00:00+00:00
[2025-02-06T17:31:44.252+0000] {processor.py:208} INFO - Processing /home/airflow/.local/lib/python3.12/site-packages/airflow/example_dags/example_branch_labels.py took 0.116 seconds
[2025-02-06T17:32:14.743+0000] {processor.py:186} INFO - Started process (PID=363) to work on /home/airflow/.local/lib/python3.12/site-packages/airflow/example_dags/example_branch_labels.py
[2025-02-06T17:32:14.745+0000] {processor.py:914} INFO - Processing file /home/airflow/.local/lib/python3.12/site-packages/airflow/example_dags/example_branch_labels.py for tasks to queue
[2025-02-06T17:32:14.748+0000] {logging_mixin.py:190} INFO - [2025-02-06T17:32:14.747+0000] {dagbag.py:588} INFO - Filling up the DagBag from /home/airflow/.local/lib/python3.12/site-packages/airflow/example_dags/example_branch_labels.py
[2025-02-06T17:32:14.760+0000] {processor.py:925} INFO - DAG(s) 'example_branch_labels' retrieved from /home/airflow/.local/lib/python3.12/site-packages/airflow/example_dags/example_branch_labels.py
[2025-02-06T17:32:14.786+0000] {logging_mixin.py:190} INFO - [2025-02-06T17:32:14.785+0000] {dag.py:3239} INFO - Sync 1 DAGs
[2025-02-06T17:32:14.818+0000] {logging_mixin.py:190} INFO - [2025-02-06T17:32:14.818+0000] {dag.py:4180} INFO - Setting next_dagrun for example_branch_labels to 2025-02-05 00:00:00+00:00, run_after=2025-02-06 00:00:00+00:00
[2025-02-06T17:32:14.845+0000] {processor.py:208} INFO - Processing /home/airflow/.local/lib/python3.12/site-packages/airflow/example_dags/example_branch_labels.py took 0.109 seconds
[2025-02-06T17:32:45.515+0000] {processor.py:186} INFO - Started process (PID=420) to work on /home/airflow/.local/lib/python3.12/site-packages/airflow/example_dags/example_branch_labels.py
[2025-02-06T17:32:45.517+0000] {processor.py:914} INFO - Processing file /home/airflow/.local/lib/python3.12/site-packages/airflow/example_dags/example_branch_labels.py for tasks to queue
[2025-02-06T17:32:45.520+0000] {logging_mixin.py:190} INFO - [2025-02-06T17:32:45.520+0000] {dagbag.py:588} INFO - Filling up the DagBag from /home/airflow/.local/lib/python3.12/site-packages/airflow/example_dags/example_branch_labels.py
[2025-02-06T17:32:45.535+0000] {processor.py:925} INFO - DAG(s) 'example_branch_labels' retrieved from /home/airflow/.local/lib/python3.12/site-packages/airflow/example_dags/example_branch_labels.py
[2025-02-06T17:32:45.577+0000] {logging_mixin.py:190} INFO - [2025-02-06T17:32:45.576+0000] {dag.py:3239} INFO - Sync 1 DAGs
[2025-02-06T17:32:45.645+0000] {logging_mixin.py:190} INFO - [2025-02-06T17:32:45.645+0000] {dag.py:4180} INFO - Setting next_dagrun for example_branch_labels to 2025-02-05 00:00:00+00:00, run_after=2025-02-06 00:00:00+00:00
[2025-02-06T17:32:45.730+0000] {processor.py:208} INFO - Processing /home/airflow/.local/lib/python3.12/site-packages/airflow/example_dags/example_branch_labels.py took 0.226 seconds
[2025-02-06T17:33:15.795+0000] {processor.py:186} INFO - Started process (PID=477) to work on /home/airflow/.local/lib/python3.12/site-packages/airflow/example_dags/example_branch_labels.py
[2025-02-06T17:33:15.796+0000] {processor.py:914} INFO - Processing file /home/airflow/.local/lib/python3.12/site-packages/airflow/example_dags/example_branch_labels.py for tasks to queue
[2025-02-06T17:33:15.799+0000] {logging_mixin.py:190} INFO - [2025-02-06T17:33:15.799+0000] {dagbag.py:588} INFO - Filling up the DagBag from /home/airflow/.local/lib/python3.12/site-packages/airflow/example_dags/example_branch_labels.py
[2025-02-06T17:33:15.812+0000] {processor.py:925} INFO - DAG(s) 'example_branch_labels' retrieved from /home/airflow/.local/lib/python3.12/site-packages/airflow/example_dags/example_branch_labels.py
[2025-02-06T17:33:15.839+0000] {logging_mixin.py:190} INFO - [2025-02-06T17:33:15.838+0000] {dag.py:3239} INFO - Sync 1 DAGs
[2025-02-06T17:33:15.874+0000] {logging_mixin.py:190} INFO - [2025-02-06T17:33:15.874+0000] {dag.py:4180} INFO - Setting next_dagrun for example_branch_labels to 2025-02-05 00:00:00+00:00, run_after=2025-02-06 00:00:00+00:00
[2025-02-06T17:33:15.897+0000] {processor.py:208} INFO - Processing /home/airflow/.local/lib/python3.12/site-packages/airflow/example_dags/example_branch_labels.py took 0.110 seconds
[2025-02-06T17:33:46.082+0000] {processor.py:186} INFO - Started process (PID=534) to work on /home/airflow/.local/lib/python3.12/site-packages/airflow/example_dags/example_branch_labels.py
[2025-02-06T17:33:46.083+0000] {processor.py:914} INFO - Processing file /home/airflow/.local/lib/python3.12/site-packages/airflow/example_dags/example_branch_labels.py for tasks to queue
[2025-02-06T17:33:46.086+0000] {logging_mixin.py:190} INFO - [2025-02-06T17:33:46.086+0000] {dagbag.py:588} INFO - Filling up the DagBag from /home/airflow/.local/lib/python3.12/site-packages/airflow/example_dags/example_branch_labels.py
[2025-02-06T17:33:46.100+0000] {processor.py:925} INFO - DAG(s) 'example_branch_labels' retrieved from /home/airflow/.local/lib/python3.12/site-packages/airflow/example_dags/example_branch_labels.py
[2025-02-06T17:33:46.132+0000] {logging_mixin.py:190} INFO - [2025-02-06T17:33:46.131+0000] {dag.py:3239} INFO - Sync 1 DAGs
[2025-02-06T17:33:46.167+0000] {logging_mixin.py:190} INFO - [2025-02-06T17:33:46.167+0000] {dag.py:4180} INFO - Setting next_dagrun for example_branch_labels to 2025-02-05 00:00:00+00:00, run_after=2025-02-06 00:00:00+00:00
[2025-02-06T17:33:46.192+0000] {processor.py:208} INFO - Processing /home/airflow/.local/lib/python3.12/site-packages/airflow/example_dags/example_branch_labels.py took 0.117 seconds
[2025-02-06T17:34:16.929+0000] {processor.py:186} INFO - Started process (PID=591) to work on /home/airflow/.local/lib/python3.12/site-packages/airflow/example_dags/example_branch_labels.py
[2025-02-06T17:34:16.931+0000] {processor.py:914} INFO - Processing file /home/airflow/.local/lib/python3.12/site-packages/airflow/example_dags/example_branch_labels.py for tasks to queue
[2025-02-06T17:34:16.934+0000] {logging_mixin.py:190} INFO - [2025-02-06T17:34:16.933+0000] {dagbag.py:588} INFO - Filling up the DagBag from /home/airflow/.local/lib/python3.12/site-packages/airflow/example_dags/example_branch_labels.py
[2025-02-06T17:34:16.947+0000] {processor.py:925} INFO - DAG(s) 'example_branch_labels' retrieved from /home/airflow/.local/lib/python3.12/site-packages/airflow/example_dags/example_branch_labels.py
[2025-02-06T17:34:16.973+0000] {logging_mixin.py:190} INFO - [2025-02-06T17:34:16.972+0000] {dag.py:3239} INFO - Sync 1 DAGs
[2025-02-06T17:34:17.008+0000] {logging_mixin.py:190} INFO - [2025-02-06T17:34:17.008+0000] {dag.py:4180} INFO - Setting next_dagrun for example_branch_labels to 2025-02-05 00:00:00+00:00, run_after=2025-02-06 00:00:00+00:00
[2025-02-06T17:34:17.030+0000] {processor.py:208} INFO - Processing /home/airflow/.local/lib/python3.12/site-packages/airflow/example_dags/example_branch_labels.py took 0.108 seconds
[2025-02-06T17:34:48.017+0000] {processor.py:186} INFO - Started process (PID=648) to work on /home/airflow/.local/lib/python3.12/site-packages/airflow/example_dags/example_branch_labels.py
[2025-02-06T17:34:48.018+0000] {processor.py:914} INFO - Processing file /home/airflow/.local/lib/python3.12/site-packages/airflow/example_dags/example_branch_labels.py for tasks to queue
[2025-02-06T17:34:48.021+0000] {logging_mixin.py:190} INFO - [2025-02-06T17:34:48.021+0000] {dagbag.py:588} INFO - Filling up the DagBag from /home/airflow/.local/lib/python3.12/site-packages/airflow/example_dags/example_branch_labels.py
[2025-02-06T17:34:48.033+0000] {processor.py:925} INFO - DAG(s) 'example_branch_labels' retrieved from /home/airflow/.local/lib/python3.12/site-packages/airflow/example_dags/example_branch_labels.py
[2025-02-06T17:34:48.059+0000] {logging_mixin.py:190} INFO - [2025-02-06T17:34:48.058+0000] {dag.py:3239} INFO - Sync 1 DAGs
[2025-02-06T17:34:48.089+0000] {logging_mixin.py:190} INFO - [2025-02-06T17:34:48.089+0000] {dag.py:4180} INFO - Setting next_dagrun for example_branch_labels to 2025-02-05 00:00:00+00:00, run_after=2025-02-06 00:00:00+00:00
[2025-02-06T17:34:48.114+0000] {processor.py:208} INFO - Processing /home/airflow/.local/lib/python3.12/site-packages/airflow/example_dags/example_branch_labels.py took 0.105 seconds
[2025-02-06T17:35:18.866+0000] {processor.py:186} INFO - Started process (PID=705) to work on /home/airflow/.local/lib/python3.12/site-packages/airflow/example_dags/example_branch_labels.py
[2025-02-06T17:35:18.868+0000] {processor.py:914} INFO - Processing file /home/airflow/.local/lib/python3.12/site-packages/airflow/example_dags/example_branch_labels.py for tasks to queue
[2025-02-06T17:35:18.871+0000] {logging_mixin.py:190} INFO - [2025-02-06T17:35:18.870+0000] {dagbag.py:588} INFO - Filling up the DagBag from /home/airflow/.local/lib/python3.12/site-packages/airflow/example_dags/example_branch_labels.py
[2025-02-06T17:35:18.883+0000] {processor.py:925} INFO - DAG(s) 'example_branch_labels' retrieved from /home/airflow/.local/lib/python3.12/site-packages/airflow/example_dags/example_branch_labels.py
[2025-02-06T17:35:18.909+0000] {logging_mixin.py:190} INFO - [2025-02-06T17:35:18.909+0000] {dag.py:3239} INFO - Sync 1 DAGs
[2025-02-06T17:35:18.941+0000] {logging_mixin.py:190} INFO - [2025-02-06T17:35:18.941+0000] {dag.py:4180} INFO - Setting next_dagrun for example_branch_labels to 2025-02-05 00:00:00+00:00, run_after=2025-02-06 00:00:00+00:00
[2025-02-06T17:35:18.964+0000] {processor.py:208} INFO - Processing /home/airflow/.local/lib/python3.12/site-packages/airflow/example_dags/example_branch_labels.py took 0.105 seconds
[2025-02-06T17:35:49.800+0000] {processor.py:186} INFO - Started process (PID=762) to work on /home/airflow/.local/lib/python3.12/site-packages/airflow/example_dags/example_branch_labels.py
[2025-02-06T17:35:49.801+0000] {processor.py:914} INFO - Processing file /home/airflow/.local/lib/python3.12/site-packages/airflow/example_dags/example_branch_labels.py for tasks to queue
[2025-02-06T17:35:49.805+0000] {logging_mixin.py:190} INFO - [2025-02-06T17:35:49.805+0000] {dagbag.py:588} INFO - Filling up the DagBag from /home/airflow/.local/lib/python3.12/site-packages/airflow/example_dags/example_branch_labels.py
[2025-02-06T17:35:49.824+0000] {processor.py:925} INFO - DAG(s) 'example_branch_labels' retrieved from /home/airflow/.local/lib/python3.12/site-packages/airflow/example_dags/example_branch_labels.py
[2025-02-06T17:35:49.851+0000] {logging_mixin.py:190} INFO - [2025-02-06T17:35:49.851+0000] {dag.py:3239} INFO - Sync 1 DAGs
[2025-02-06T17:35:49.886+0000] {logging_mixin.py:190} INFO - [2025-02-06T17:35:49.885+0000] {dag.py:4180} INFO - Setting next_dagrun for example_branch_labels to 2025-02-05 00:00:00+00:00, run_after=2025-02-06 00:00:00+00:00
[2025-02-06T17:35:49.908+0000] {processor.py:208} INFO - Processing /home/airflow/.local/lib/python3.12/site-packages/airflow/example_dags/example_branch_labels.py took 0.116 seconds
[2025-02-06T17:36:20.395+0000] {processor.py:186} INFO - Started process (PID=819) to work on /home/airflow/.local/lib/python3.12/site-packages/airflow/example_dags/example_branch_labels.py
[2025-02-06T17:36:20.397+0000] {processor.py:914} INFO - Processing file /home/airflow/.local/lib/python3.12/site-packages/airflow/example_dags/example_branch_labels.py for tasks to queue
[2025-02-06T17:36:20.400+0000] {logging_mixin.py:190} INFO - [2025-02-06T17:36:20.400+0000] {dagbag.py:588} INFO - Filling up the DagBag from /home/airflow/.local/lib/python3.12/site-packages/airflow/example_dags/example_branch_labels.py
[2025-02-06T17:36:20.415+0000] {processor.py:925} INFO - DAG(s) 'example_branch_labels' retrieved from /home/airflow/.local/lib/python3.12/site-packages/airflow/example_dags/example_branch_labels.py
[2025-02-06T17:36:20.442+0000] {logging_mixin.py:190} INFO - [2025-02-06T17:36:20.441+0000] {dag.py:3239} INFO - Sync 1 DAGs
[2025-02-06T17:36:20.475+0000] {logging_mixin.py:190} INFO - [2025-02-06T17:36:20.475+0000] {dag.py:4180} INFO - Setting next_dagrun for example_branch_labels to 2025-02-05 00:00:00+00:00, run_after=2025-02-06 00:00:00+00:00
[2025-02-06T17:36:20.503+0000] {processor.py:208} INFO - Processing /home/airflow/.local/lib/python3.12/site-packages/airflow/example_dags/example_branch_labels.py took 0.115 seconds
[2025-02-06T17:41:53.962+0000] {processor.py:186} INFO - Started process (PID=80) to work on /home/airflow/.local/lib/python3.12/site-packages/airflow/example_dags/example_branch_labels.py
[2025-02-06T17:41:53.965+0000] {processor.py:914} INFO - Processing file /home/airflow/.local/lib/python3.12/site-packages/airflow/example_dags/example_branch_labels.py for tasks to queue
[2025-02-06T17:41:53.978+0000] {logging_mixin.py:190} INFO - [2025-02-06T17:41:53.978+0000] {dagbag.py:588} INFO - Filling up the DagBag from /home/airflow/.local/lib/python3.12/site-packages/airflow/example_dags/example_branch_labels.py
[2025-02-06T17:41:54.026+0000] {processor.py:925} INFO - DAG(s) 'example_branch_labels' retrieved from /home/airflow/.local/lib/python3.12/site-packages/airflow/example_dags/example_branch_labels.py
[2025-02-06T17:41:54.473+0000] {logging_mixin.py:190} INFO - [2025-02-06T17:41:54.470+0000] {override.py:1911} INFO - Created Permission View: can delete on DAG:example_branch_labels
[2025-02-06T17:41:54.503+0000] {logging_mixin.py:190} INFO - [2025-02-06T17:41:54.502+0000] {override.py:1911} INFO - Created Permission View: can read on DAG:example_branch_labels
[2025-02-06T17:41:54.537+0000] {logging_mixin.py:190} INFO - [2025-02-06T17:41:54.537+0000] {override.py:1911} INFO - Created Permission View: can edit on DAG:example_branch_labels
[2025-02-06T17:41:54.561+0000] {logging_mixin.py:190} INFO - [2025-02-06T17:41:54.560+0000] {override.py:1911} INFO - Created Permission View: can delete on DAG Run:example_branch_labels
[2025-02-06T17:41:54.582+0000] {logging_mixin.py:190} INFO - [2025-02-06T17:41:54.581+0000] {override.py:1911} INFO - Created Permission View: can create on DAG Run:example_branch_labels
[2025-02-06T17:41:54.602+0000] {logging_mixin.py:190} INFO - [2025-02-06T17:41:54.602+0000] {override.py:1911} INFO - Created Permission View: can read on DAG Run:example_branch_labels
[2025-02-06T17:41:54.619+0000] {logging_mixin.py:190} INFO - [2025-02-06T17:41:54.613+0000] {override.py:1911} INFO - Created Permission View: menu access on DAG Run:example_branch_labels
[2025-02-06T17:41:54.620+0000] {logging_mixin.py:190} INFO - [2025-02-06T17:41:54.620+0000] {dag.py:3239} INFO - Sync 1 DAGs
[2025-02-06T17:41:54.649+0000] {logging_mixin.py:190} INFO - [2025-02-06T17:41:54.649+0000] {dag.py:3262} INFO - Creating ORM DAG for example_branch_labels
[2025-02-06T17:41:54.674+0000] {logging_mixin.py:190} INFO - [2025-02-06T17:41:54.674+0000] {dag.py:4180} INFO - Setting next_dagrun for example_branch_labels to 2025-02-05 00:00:00+00:00, run_after=2025-02-06 00:00:00+00:00
[2025-02-06T17:41:54.709+0000] {processor.py:208} INFO - Processing /home/airflow/.local/lib/python3.12/site-packages/airflow/example_dags/example_branch_labels.py took 0.771 seconds
[2025-02-06T17:42:25.276+0000] {processor.py:186} INFO - Started process (PID=137) to work on /home/airflow/.local/lib/python3.12/site-packages/airflow/example_dags/example_branch_labels.py
[2025-02-06T17:42:25.277+0000] {processor.py:914} INFO - Processing file /home/airflow/.local/lib/python3.12/site-packages/airflow/example_dags/example_branch_labels.py for tasks to queue
[2025-02-06T17:42:25.281+0000] {logging_mixin.py:190} INFO - [2025-02-06T17:42:25.280+0000] {dagbag.py:588} INFO - Filling up the DagBag from /home/airflow/.local/lib/python3.12/site-packages/airflow/example_dags/example_branch_labels.py
[2025-02-06T17:42:25.293+0000] {processor.py:925} INFO - DAG(s) 'example_branch_labels' retrieved from /home/airflow/.local/lib/python3.12/site-packages/airflow/example_dags/example_branch_labels.py
[2025-02-06T17:42:25.320+0000] {logging_mixin.py:190} INFO - [2025-02-06T17:42:25.319+0000] {dag.py:3239} INFO - Sync 1 DAGs
[2025-02-06T17:42:25.350+0000] {logging_mixin.py:190} INFO - [2025-02-06T17:42:25.350+0000] {dag.py:4180} INFO - Setting next_dagrun for example_branch_labels to 2025-02-05 00:00:00+00:00, run_after=2025-02-06 00:00:00+00:00
[2025-02-06T17:42:25.375+0000] {processor.py:208} INFO - Processing /home/airflow/.local/lib/python3.12/site-packages/airflow/example_dags/example_branch_labels.py took 0.107 seconds
[2025-02-06T17:42:58.117+0000] {processor.py:186} INFO - Started process (PID=194) to work on /home/airflow/.local/lib/python3.12/site-packages/airflow/example_dags/example_branch_labels.py
[2025-02-06T17:42:58.119+0000] {processor.py:914} INFO - Processing file /home/airflow/.local/lib/python3.12/site-packages/airflow/example_dags/example_branch_labels.py for tasks to queue
[2025-02-06T17:42:58.136+0000] {logging_mixin.py:190} INFO - [2025-02-06T17:42:58.134+0000] {dagbag.py:588} INFO - Filling up the DagBag from /home/airflow/.local/lib/python3.12/site-packages/airflow/example_dags/example_branch_labels.py
[2025-02-06T17:42:58.183+0000] {processor.py:925} INFO - DAG(s) 'example_branch_labels' retrieved from /home/airflow/.local/lib/python3.12/site-packages/airflow/example_dags/example_branch_labels.py
[2025-02-06T17:42:58.264+0000] {logging_mixin.py:190} INFO - [2025-02-06T17:42:58.263+0000] {dag.py:3239} INFO - Sync 1 DAGs
[2025-02-06T17:42:58.377+0000] {logging_mixin.py:190} INFO - [2025-02-06T17:42:58.376+0000] {dag.py:4180} INFO - Setting next_dagrun for example_branch_labels to 2025-02-05 00:00:00+00:00, run_after=2025-02-06 00:00:00+00:00
[2025-02-06T17:42:58.459+0000] {processor.py:208} INFO - Processing /home/airflow/.local/lib/python3.12/site-packages/airflow/example_dags/example_branch_labels.py took 0.361 seconds
[2025-02-06T17:43:28.704+0000] {processor.py:186} INFO - Started process (PID=251) to work on /home/airflow/.local/lib/python3.12/site-packages/airflow/example_dags/example_branch_labels.py
[2025-02-06T17:43:28.706+0000] {processor.py:914} INFO - Processing file /home/airflow/.local/lib/python3.12/site-packages/airflow/example_dags/example_branch_labels.py for tasks to queue
[2025-02-06T17:43:28.709+0000] {logging_mixin.py:190} INFO - [2025-02-06T17:43:28.708+0000] {dagbag.py:588} INFO - Filling up the DagBag from /home/airflow/.local/lib/python3.12/site-packages/airflow/example_dags/example_branch_labels.py
[2025-02-06T17:43:28.721+0000] {processor.py:925} INFO - DAG(s) 'example_branch_labels' retrieved from /home/airflow/.local/lib/python3.12/site-packages/airflow/example_dags/example_branch_labels.py
[2025-02-06T17:43:28.748+0000] {logging_mixin.py:190} INFO - [2025-02-06T17:43:28.747+0000] {dag.py:3239} INFO - Sync 1 DAGs
[2025-02-06T17:43:28.778+0000] {logging_mixin.py:190} INFO - [2025-02-06T17:43:28.778+0000] {dag.py:4180} INFO - Setting next_dagrun for example_branch_labels to 2025-02-05 00:00:00+00:00, run_after=2025-02-06 00:00:00+00:00
[2025-02-06T17:43:28.803+0000] {processor.py:208} INFO - Processing /home/airflow/.local/lib/python3.12/site-packages/airflow/example_dags/example_branch_labels.py took 0.107 seconds
[2025-02-06T17:43:59.557+0000] {processor.py:186} INFO - Started process (PID=307) to work on /home/airflow/.local/lib/python3.12/site-packages/airflow/example_dags/example_branch_labels.py
[2025-02-06T17:43:59.559+0000] {processor.py:914} INFO - Processing file /home/airflow/.local/lib/python3.12/site-packages/airflow/example_dags/example_branch_labels.py for tasks to queue
[2025-02-06T17:43:59.569+0000] {logging_mixin.py:190} INFO - [2025-02-06T17:43:59.568+0000] {dagbag.py:588} INFO - Filling up the DagBag from /home/airflow/.local/lib/python3.12/site-packages/airflow/example_dags/example_branch_labels.py
[2025-02-06T17:43:59.612+0000] {processor.py:925} INFO - DAG(s) 'example_branch_labels' retrieved from /home/airflow/.local/lib/python3.12/site-packages/airflow/example_dags/example_branch_labels.py
[2025-02-06T17:43:59.743+0000] {logging_mixin.py:190} INFO - [2025-02-06T17:43:59.743+0000] {dag.py:3239} INFO - Sync 1 DAGs
[2025-02-06T17:43:59.872+0000] {logging_mixin.py:190} INFO - [2025-02-06T17:43:59.871+0000] {dag.py:4180} INFO - Setting next_dagrun for example_branch_labels to 2025-02-05 00:00:00+00:00, run_after=2025-02-06 00:00:00+00:00
[2025-02-06T17:43:59.942+0000] {processor.py:208} INFO - Processing /home/airflow/.local/lib/python3.12/site-packages/airflow/example_dags/example_branch_labels.py took 0.402 seconds
[2025-02-06T17:44:30.731+0000] {processor.py:186} INFO - Started process (PID=363) to work on /home/airflow/.local/lib/python3.12/site-packages/airflow/example_dags/example_branch_labels.py
[2025-02-06T17:44:30.734+0000] {processor.py:914} INFO - Processing file /home/airflow/.local/lib/python3.12/site-packages/airflow/example_dags/example_branch_labels.py for tasks to queue
[2025-02-06T17:44:30.747+0000] {logging_mixin.py:190} INFO - [2025-02-06T17:44:30.743+0000] {dagbag.py:588} INFO - Filling up the DagBag from /home/airflow/.local/lib/python3.12/site-packages/airflow/example_dags/example_branch_labels.py
[2025-02-06T17:44:30.798+0000] {processor.py:925} INFO - DAG(s) 'example_branch_labels' retrieved from /home/airflow/.local/lib/python3.12/site-packages/airflow/example_dags/example_branch_labels.py
[2025-02-06T17:44:30.907+0000] {logging_mixin.py:190} INFO - [2025-02-06T17:44:30.906+0000] {dag.py:3239} INFO - Sync 1 DAGs
[2025-02-06T17:44:31.059+0000] {logging_mixin.py:190} INFO - [2025-02-06T17:44:31.058+0000] {dag.py:4180} INFO - Setting next_dagrun for example_branch_labels to 2025-02-05 00:00:00+00:00, run_after=2025-02-06 00:00:00+00:00
[2025-02-06T17:44:31.144+0000] {processor.py:208} INFO - Processing /home/airflow/.local/lib/python3.12/site-packages/airflow/example_dags/example_branch_labels.py took 0.435 seconds
[2025-02-06T17:45:01.346+0000] {processor.py:186} INFO - Started process (PID=420) to work on /home/airflow/.local/lib/python3.12/site-packages/airflow/example_dags/example_branch_labels.py
[2025-02-06T17:45:01.347+0000] {processor.py:914} INFO - Processing file /home/airflow/.local/lib/python3.12/site-packages/airflow/example_dags/example_branch_labels.py for tasks to queue
[2025-02-06T17:45:01.351+0000] {logging_mixin.py:190} INFO - [2025-02-06T17:45:01.350+0000] {dagbag.py:588} INFO - Filling up the DagBag from /home/airflow/.local/lib/python3.12/site-packages/airflow/example_dags/example_branch_labels.py
[2025-02-06T17:45:01.364+0000] {processor.py:925} INFO - DAG(s) 'example_branch_labels' retrieved from /home/airflow/.local/lib/python3.12/site-packages/airflow/example_dags/example_branch_labels.py
[2025-02-06T17:45:01.392+0000] {logging_mixin.py:190} INFO - [2025-02-06T17:45:01.392+0000] {dag.py:3239} INFO - Sync 1 DAGs
[2025-02-06T17:45:01.426+0000] {logging_mixin.py:190} INFO - [2025-02-06T17:45:01.425+0000] {dag.py:4180} INFO - Setting next_dagrun for example_branch_labels to 2025-02-05 00:00:00+00:00, run_after=2025-02-06 00:00:00+00:00
[2025-02-06T17:45:01.453+0000] {processor.py:208} INFO - Processing /home/airflow/.local/lib/python3.12/site-packages/airflow/example_dags/example_branch_labels.py took 0.115 seconds
[2025-02-06T17:53:34.391+0000] {processor.py:186} INFO - Started process (PID=81) to work on /home/airflow/.local/lib/python3.12/site-packages/airflow/example_dags/example_branch_labels.py
[2025-02-06T17:53:34.394+0000] {processor.py:914} INFO - Processing file /home/airflow/.local/lib/python3.12/site-packages/airflow/example_dags/example_branch_labels.py for tasks to queue
[2025-02-06T17:53:34.399+0000] {logging_mixin.py:190} INFO - [2025-02-06T17:53:34.398+0000] {dagbag.py:588} INFO - Filling up the DagBag from /home/airflow/.local/lib/python3.12/site-packages/airflow/example_dags/example_branch_labels.py
[2025-02-06T17:53:34.419+0000] {processor.py:925} INFO - DAG(s) 'example_branch_labels' retrieved from /home/airflow/.local/lib/python3.12/site-packages/airflow/example_dags/example_branch_labels.py
[2025-02-06T17:53:34.462+0000] {logging_mixin.py:190} INFO - [2025-02-06T17:53:34.462+0000] {dag.py:3239} INFO - Sync 1 DAGs
[2025-02-06T17:53:34.511+0000] {logging_mixin.py:190} INFO - [2025-02-06T17:53:34.511+0000] {dag.py:4180} INFO - Setting next_dagrun for example_branch_labels to 2025-02-05 00:00:00+00:00, run_after=2025-02-06 00:00:00+00:00
[2025-02-06T17:53:34.553+0000] {processor.py:208} INFO - Processing /home/airflow/.local/lib/python3.12/site-packages/airflow/example_dags/example_branch_labels.py took 0.173 seconds
[2025-02-06T17:54:06.227+0000] {processor.py:186} INFO - Started process (PID=139) to work on /home/airflow/.local/lib/python3.12/site-packages/airflow/example_dags/example_branch_labels.py
[2025-02-06T17:54:06.229+0000] {processor.py:914} INFO - Processing file /home/airflow/.local/lib/python3.12/site-packages/airflow/example_dags/example_branch_labels.py for tasks to queue
[2025-02-06T17:54:06.235+0000] {logging_mixin.py:190} INFO - [2025-02-06T17:54:06.234+0000] {dagbag.py:588} INFO - Filling up the DagBag from /home/airflow/.local/lib/python3.12/site-packages/airflow/example_dags/example_branch_labels.py
[2025-02-06T17:54:06.260+0000] {processor.py:925} INFO - DAG(s) 'example_branch_labels' retrieved from /home/airflow/.local/lib/python3.12/site-packages/airflow/example_dags/example_branch_labels.py
[2025-02-06T17:54:06.342+0000] {logging_mixin.py:190} INFO - [2025-02-06T17:54:06.341+0000] {dag.py:3239} INFO - Sync 1 DAGs
[2025-02-06T17:54:06.411+0000] {logging_mixin.py:190} INFO - [2025-02-06T17:54:06.410+0000] {dag.py:4180} INFO - Setting next_dagrun for example_branch_labels to 2025-02-05 00:00:00+00:00, run_after=2025-02-06 00:00:00+00:00
[2025-02-06T17:54:06.449+0000] {processor.py:208} INFO - Processing /home/airflow/.local/lib/python3.12/site-packages/airflow/example_dags/example_branch_labels.py took 0.239 seconds
[2025-02-06T17:56:06.934+0000] {processor.py:186} INFO - Started process (PID=81) to work on /home/airflow/.local/lib/python3.12/site-packages/airflow/example_dags/example_branch_labels.py
[2025-02-06T17:56:06.936+0000] {processor.py:914} INFO - Processing file /home/airflow/.local/lib/python3.12/site-packages/airflow/example_dags/example_branch_labels.py for tasks to queue
[2025-02-06T17:56:06.939+0000] {logging_mixin.py:190} INFO - [2025-02-06T17:56:06.939+0000] {dagbag.py:588} INFO - Filling up the DagBag from /home/airflow/.local/lib/python3.12/site-packages/airflow/example_dags/example_branch_labels.py
[2025-02-06T17:56:06.954+0000] {processor.py:925} INFO - DAG(s) 'example_branch_labels' retrieved from /home/airflow/.local/lib/python3.12/site-packages/airflow/example_dags/example_branch_labels.py
[2025-02-06T17:56:06.992+0000] {logging_mixin.py:190} INFO - [2025-02-06T17:56:06.992+0000] {dag.py:3239} INFO - Sync 1 DAGs
[2025-02-06T17:56:07.033+0000] {logging_mixin.py:190} INFO - [2025-02-06T17:56:07.033+0000] {dag.py:4180} INFO - Setting next_dagrun for example_branch_labels to 2025-02-05 00:00:00+00:00, run_after=2025-02-06 00:00:00+00:00
[2025-02-06T17:56:07.084+0000] {processor.py:208} INFO - Processing /home/airflow/.local/lib/python3.12/site-packages/airflow/example_dags/example_branch_labels.py took 0.159 seconds
[2025-02-06T17:56:38.329+0000] {processor.py:186} INFO - Started process (PID=139) to work on /home/airflow/.local/lib/python3.12/site-packages/airflow/example_dags/example_branch_labels.py
[2025-02-06T17:56:38.331+0000] {processor.py:914} INFO - Processing file /home/airflow/.local/lib/python3.12/site-packages/airflow/example_dags/example_branch_labels.py for tasks to queue
[2025-02-06T17:56:38.335+0000] {logging_mixin.py:190} INFO - [2025-02-06T17:56:38.335+0000] {dagbag.py:588} INFO - Filling up the DagBag from /home/airflow/.local/lib/python3.12/site-packages/airflow/example_dags/example_branch_labels.py
[2025-02-06T17:56:38.359+0000] {processor.py:925} INFO - DAG(s) 'example_branch_labels' retrieved from /home/airflow/.local/lib/python3.12/site-packages/airflow/example_dags/example_branch_labels.py
[2025-02-06T17:56:38.415+0000] {logging_mixin.py:190} INFO - [2025-02-06T17:56:38.415+0000] {dag.py:3239} INFO - Sync 1 DAGs
[2025-02-06T17:56:38.475+0000] {logging_mixin.py:190} INFO - [2025-02-06T17:56:38.473+0000] {dag.py:4180} INFO - Setting next_dagrun for example_branch_labels to 2025-02-05 00:00:00+00:00, run_after=2025-02-06 00:00:00+00:00
[2025-02-06T17:56:38.520+0000] {processor.py:208} INFO - Processing /home/airflow/.local/lib/python3.12/site-packages/airflow/example_dags/example_branch_labels.py took 0.212 seconds
[2025-02-06T17:57:10.020+0000] {processor.py:186} INFO - Started process (PID=197) to work on /home/airflow/.local/lib/python3.12/site-packages/airflow/example_dags/example_branch_labels.py
[2025-02-06T17:57:10.022+0000] {processor.py:914} INFO - Processing file /home/airflow/.local/lib/python3.12/site-packages/airflow/example_dags/example_branch_labels.py for tasks to queue
[2025-02-06T17:57:10.025+0000] {logging_mixin.py:190} INFO - [2025-02-06T17:57:10.024+0000] {dagbag.py:588} INFO - Filling up the DagBag from /home/airflow/.local/lib/python3.12/site-packages/airflow/example_dags/example_branch_labels.py
[2025-02-06T17:57:10.039+0000] {processor.py:925} INFO - DAG(s) 'example_branch_labels' retrieved from /home/airflow/.local/lib/python3.12/site-packages/airflow/example_dags/example_branch_labels.py
[2025-02-06T17:57:10.066+0000] {logging_mixin.py:190} INFO - [2025-02-06T17:57:10.066+0000] {dag.py:3239} INFO - Sync 1 DAGs
[2025-02-06T17:57:10.099+0000] {logging_mixin.py:190} INFO - [2025-02-06T17:57:10.099+0000] {dag.py:4180} INFO - Setting next_dagrun for example_branch_labels to 2025-02-05 00:00:00+00:00, run_after=2025-02-06 00:00:00+00:00
[2025-02-06T17:57:10.122+0000] {processor.py:208} INFO - Processing /home/airflow/.local/lib/python3.12/site-packages/airflow/example_dags/example_branch_labels.py took 0.109 seconds
[2025-02-06T17:57:41.682+0000] {processor.py:186} INFO - Started process (PID=255) to work on /home/airflow/.local/lib/python3.12/site-packages/airflow/example_dags/example_branch_labels.py
[2025-02-06T17:57:41.685+0000] {processor.py:914} INFO - Processing file /home/airflow/.local/lib/python3.12/site-packages/airflow/example_dags/example_branch_labels.py for tasks to queue
[2025-02-06T17:57:41.689+0000] {logging_mixin.py:190} INFO - [2025-02-06T17:57:41.688+0000] {dagbag.py:588} INFO - Filling up the DagBag from /home/airflow/.local/lib/python3.12/site-packages/airflow/example_dags/example_branch_labels.py
[2025-02-06T17:57:41.711+0000] {processor.py:925} INFO - DAG(s) 'example_branch_labels' retrieved from /home/airflow/.local/lib/python3.12/site-packages/airflow/example_dags/example_branch_labels.py
[2025-02-06T17:57:41.747+0000] {logging_mixin.py:190} INFO - [2025-02-06T17:57:41.746+0000] {dag.py:3239} INFO - Sync 1 DAGs
[2025-02-06T17:57:41.793+0000] {logging_mixin.py:190} INFO - [2025-02-06T17:57:41.792+0000] {dag.py:4180} INFO - Setting next_dagrun for example_branch_labels to 2025-02-05 00:00:00+00:00, run_after=2025-02-06 00:00:00+00:00
[2025-02-06T17:57:41.820+0000] {processor.py:208} INFO - Processing /home/airflow/.local/lib/python3.12/site-packages/airflow/example_dags/example_branch_labels.py took 0.151 seconds
[2025-02-06T17:58:13.512+0000] {processor.py:186} INFO - Started process (PID=313) to work on /home/airflow/.local/lib/python3.12/site-packages/airflow/example_dags/example_branch_labels.py
[2025-02-06T17:58:13.514+0000] {processor.py:914} INFO - Processing file /home/airflow/.local/lib/python3.12/site-packages/airflow/example_dags/example_branch_labels.py for tasks to queue
[2025-02-06T17:58:13.526+0000] {logging_mixin.py:190} INFO - [2025-02-06T17:58:13.525+0000] {dagbag.py:588} INFO - Filling up the DagBag from /home/airflow/.local/lib/python3.12/site-packages/airflow/example_dags/example_branch_labels.py
[2025-02-06T17:58:13.550+0000] {processor.py:925} INFO - DAG(s) 'example_branch_labels' retrieved from /home/airflow/.local/lib/python3.12/site-packages/airflow/example_dags/example_branch_labels.py
[2025-02-06T17:58:13.598+0000] {logging_mixin.py:190} INFO - [2025-02-06T17:58:13.598+0000] {dag.py:3239} INFO - Sync 1 DAGs
[2025-02-06T17:58:13.652+0000] {logging_mixin.py:190} INFO - [2025-02-06T17:58:13.651+0000] {dag.py:4180} INFO - Setting next_dagrun for example_branch_labels to 2025-02-05 00:00:00+00:00, run_after=2025-02-06 00:00:00+00:00
[2025-02-06T17:58:13.685+0000] {processor.py:208} INFO - Processing /home/airflow/.local/lib/python3.12/site-packages/airflow/example_dags/example_branch_labels.py took 0.183 seconds
[2025-02-06T17:58:45.452+0000] {processor.py:186} INFO - Started process (PID=371) to work on /home/airflow/.local/lib/python3.12/site-packages/airflow/example_dags/example_branch_labels.py
[2025-02-06T17:58:45.453+0000] {processor.py:914} INFO - Processing file /home/airflow/.local/lib/python3.12/site-packages/airflow/example_dags/example_branch_labels.py for tasks to queue
[2025-02-06T17:58:45.458+0000] {logging_mixin.py:190} INFO - [2025-02-06T17:58:45.458+0000] {dagbag.py:588} INFO - Filling up the DagBag from /home/airflow/.local/lib/python3.12/site-packages/airflow/example_dags/example_branch_labels.py
[2025-02-06T17:58:45.472+0000] {processor.py:925} INFO - DAG(s) 'example_branch_labels' retrieved from /home/airflow/.local/lib/python3.12/site-packages/airflow/example_dags/example_branch_labels.py
[2025-02-06T17:58:45.505+0000] {logging_mixin.py:190} INFO - [2025-02-06T17:58:45.505+0000] {dag.py:3239} INFO - Sync 1 DAGs
[2025-02-06T17:58:45.541+0000] {logging_mixin.py:190} INFO - [2025-02-06T17:58:45.541+0000] {dag.py:4180} INFO - Setting next_dagrun for example_branch_labels to 2025-02-05 00:00:00+00:00, run_after=2025-02-06 00:00:00+00:00
[2025-02-06T17:58:45.573+0000] {processor.py:208} INFO - Processing /home/airflow/.local/lib/python3.12/site-packages/airflow/example_dags/example_branch_labels.py took 0.129 seconds
[2025-02-06T17:59:16.693+0000] {processor.py:186} INFO - Started process (PID=429) to work on /home/airflow/.local/lib/python3.12/site-packages/airflow/example_dags/example_branch_labels.py
[2025-02-06T17:59:16.706+0000] {processor.py:914} INFO - Processing file /home/airflow/.local/lib/python3.12/site-packages/airflow/example_dags/example_branch_labels.py for tasks to queue
[2025-02-06T17:59:16.710+0000] {logging_mixin.py:190} INFO - [2025-02-06T17:59:16.709+0000] {dagbag.py:588} INFO - Filling up the DagBag from /home/airflow/.local/lib/python3.12/site-packages/airflow/example_dags/example_branch_labels.py
[2025-02-06T17:59:16.734+0000] {processor.py:925} INFO - DAG(s) 'example_branch_labels' retrieved from /home/airflow/.local/lib/python3.12/site-packages/airflow/example_dags/example_branch_labels.py
[2025-02-06T17:59:16.791+0000] {logging_mixin.py:190} INFO - [2025-02-06T17:59:16.791+0000] {dag.py:3239} INFO - Sync 1 DAGs
[2025-02-06T17:59:16.865+0000] {logging_mixin.py:190} INFO - [2025-02-06T17:59:16.865+0000] {dag.py:4180} INFO - Setting next_dagrun for example_branch_labels to 2025-02-05 00:00:00+00:00, run_after=2025-02-06 00:00:00+00:00
[2025-02-06T17:59:16.942+0000] {processor.py:208} INFO - Processing /home/airflow/.local/lib/python3.12/site-packages/airflow/example_dags/example_branch_labels.py took 0.258 seconds
[2025-02-06T17:59:47.119+0000] {processor.py:186} INFO - Started process (PID=486) to work on /home/airflow/.local/lib/python3.12/site-packages/airflow/example_dags/example_branch_labels.py
[2025-02-06T17:59:47.121+0000] {processor.py:914} INFO - Processing file /home/airflow/.local/lib/python3.12/site-packages/airflow/example_dags/example_branch_labels.py for tasks to queue
[2025-02-06T17:59:47.129+0000] {logging_mixin.py:190} INFO - [2025-02-06T17:59:47.128+0000] {dagbag.py:588} INFO - Filling up the DagBag from /home/airflow/.local/lib/python3.12/site-packages/airflow/example_dags/example_branch_labels.py
[2025-02-06T17:59:47.148+0000] {processor.py:925} INFO - DAG(s) 'example_branch_labels' retrieved from /home/airflow/.local/lib/python3.12/site-packages/airflow/example_dags/example_branch_labels.py
[2025-02-06T17:59:47.215+0000] {logging_mixin.py:190} INFO - [2025-02-06T17:59:47.215+0000] {dag.py:3239} INFO - Sync 1 DAGs
[2025-02-06T17:59:47.363+0000] {logging_mixin.py:190} INFO - [2025-02-06T17:59:47.362+0000] {dag.py:4180} INFO - Setting next_dagrun for example_branch_labels to 2025-02-05 00:00:00+00:00, run_after=2025-02-06 00:00:00+00:00
[2025-02-06T17:59:47.399+0000] {processor.py:208} INFO - Processing /home/airflow/.local/lib/python3.12/site-packages/airflow/example_dags/example_branch_labels.py took 0.294 seconds
[2025-02-06T18:00:18.299+0000] {processor.py:186} INFO - Started process (PID=544) to work on /home/airflow/.local/lib/python3.12/site-packages/airflow/example_dags/example_branch_labels.py
[2025-02-06T18:00:18.300+0000] {processor.py:914} INFO - Processing file /home/airflow/.local/lib/python3.12/site-packages/airflow/example_dags/example_branch_labels.py for tasks to queue
[2025-02-06T18:00:18.303+0000] {logging_mixin.py:190} INFO - [2025-02-06T18:00:18.302+0000] {dagbag.py:588} INFO - Filling up the DagBag from /home/airflow/.local/lib/python3.12/site-packages/airflow/example_dags/example_branch_labels.py
[2025-02-06T18:00:18.318+0000] {processor.py:925} INFO - DAG(s) 'example_branch_labels' retrieved from /home/airflow/.local/lib/python3.12/site-packages/airflow/example_dags/example_branch_labels.py
[2025-02-06T18:00:18.347+0000] {logging_mixin.py:190} INFO - [2025-02-06T18:00:18.346+0000] {dag.py:3239} INFO - Sync 1 DAGs
[2025-02-06T18:00:18.382+0000] {logging_mixin.py:190} INFO - [2025-02-06T18:00:18.382+0000] {dag.py:4180} INFO - Setting next_dagrun for example_branch_labels to 2025-02-05 00:00:00+00:00, run_after=2025-02-06 00:00:00+00:00
[2025-02-06T18:00:18.406+0000] {processor.py:208} INFO - Processing /home/airflow/.local/lib/python3.12/site-packages/airflow/example_dags/example_branch_labels.py took 0.118 seconds
[2025-02-06T18:00:49.070+0000] {processor.py:186} INFO - Started process (PID=601) to work on /home/airflow/.local/lib/python3.12/site-packages/airflow/example_dags/example_branch_labels.py
[2025-02-06T18:00:49.071+0000] {processor.py:914} INFO - Processing file /home/airflow/.local/lib/python3.12/site-packages/airflow/example_dags/example_branch_labels.py for tasks to queue
[2025-02-06T18:00:49.074+0000] {logging_mixin.py:190} INFO - [2025-02-06T18:00:49.074+0000] {dagbag.py:588} INFO - Filling up the DagBag from /home/airflow/.local/lib/python3.12/site-packages/airflow/example_dags/example_branch_labels.py
[2025-02-06T18:00:49.088+0000] {processor.py:925} INFO - DAG(s) 'example_branch_labels' retrieved from /home/airflow/.local/lib/python3.12/site-packages/airflow/example_dags/example_branch_labels.py
[2025-02-06T18:00:49.119+0000] {logging_mixin.py:190} INFO - [2025-02-06T18:00:49.119+0000] {dag.py:3239} INFO - Sync 1 DAGs
[2025-02-06T18:00:49.160+0000] {logging_mixin.py:190} INFO - [2025-02-06T18:00:49.159+0000] {dag.py:4180} INFO - Setting next_dagrun for example_branch_labels to 2025-02-05 00:00:00+00:00, run_after=2025-02-06 00:00:00+00:00
[2025-02-06T18:00:49.190+0000] {processor.py:208} INFO - Processing /home/airflow/.local/lib/python3.12/site-packages/airflow/example_dags/example_branch_labels.py took 0.129 seconds
[2025-02-06T18:01:19.802+0000] {processor.py:186} INFO - Started process (PID=659) to work on /home/airflow/.local/lib/python3.12/site-packages/airflow/example_dags/example_branch_labels.py
[2025-02-06T18:01:19.803+0000] {processor.py:914} INFO - Processing file /home/airflow/.local/lib/python3.12/site-packages/airflow/example_dags/example_branch_labels.py for tasks to queue
[2025-02-06T18:01:19.812+0000] {logging_mixin.py:190} INFO - [2025-02-06T18:01:19.812+0000] {dagbag.py:588} INFO - Filling up the DagBag from /home/airflow/.local/lib/python3.12/site-packages/airflow/example_dags/example_branch_labels.py
[2025-02-06T18:01:19.834+0000] {processor.py:925} INFO - DAG(s) 'example_branch_labels' retrieved from /home/airflow/.local/lib/python3.12/site-packages/airflow/example_dags/example_branch_labels.py
[2025-02-06T18:01:19.881+0000] {logging_mixin.py:190} INFO - [2025-02-06T18:01:19.881+0000] {dag.py:3239} INFO - Sync 1 DAGs
[2025-02-06T18:01:19.982+0000] {logging_mixin.py:190} INFO - [2025-02-06T18:01:19.976+0000] {dag.py:4180} INFO - Setting next_dagrun for example_branch_labels to 2025-02-05 00:00:00+00:00, run_after=2025-02-06 00:00:00+00:00
[2025-02-06T18:01:20.027+0000] {processor.py:208} INFO - Processing /home/airflow/.local/lib/python3.12/site-packages/airflow/example_dags/example_branch_labels.py took 0.234 seconds
[2025-02-06T18:01:50.916+0000] {processor.py:186} INFO - Started process (PID=717) to work on /home/airflow/.local/lib/python3.12/site-packages/airflow/example_dags/example_branch_labels.py
[2025-02-06T18:01:50.917+0000] {processor.py:914} INFO - Processing file /home/airflow/.local/lib/python3.12/site-packages/airflow/example_dags/example_branch_labels.py for tasks to queue
[2025-02-06T18:01:50.921+0000] {logging_mixin.py:190} INFO - [2025-02-06T18:01:50.920+0000] {dagbag.py:588} INFO - Filling up the DagBag from /home/airflow/.local/lib/python3.12/site-packages/airflow/example_dags/example_branch_labels.py
[2025-02-06T18:01:50.933+0000] {processor.py:925} INFO - DAG(s) 'example_branch_labels' retrieved from /home/airflow/.local/lib/python3.12/site-packages/airflow/example_dags/example_branch_labels.py
[2025-02-06T18:01:50.959+0000] {logging_mixin.py:190} INFO - [2025-02-06T18:01:50.959+0000] {dag.py:3239} INFO - Sync 1 DAGs
[2025-02-06T18:01:50.994+0000] {logging_mixin.py:190} INFO - [2025-02-06T18:01:50.993+0000] {dag.py:4180} INFO - Setting next_dagrun for example_branch_labels to 2025-02-05 00:00:00+00:00, run_after=2025-02-06 00:00:00+00:00
[2025-02-06T18:01:51.023+0000] {processor.py:208} INFO - Processing /home/airflow/.local/lib/python3.12/site-packages/airflow/example_dags/example_branch_labels.py took 0.115 seconds
[2025-02-06T18:15:42.361+0000] {processor.py:186} INFO - Started process (PID=80) to work on /home/airflow/.local/lib/python3.12/site-packages/airflow/example_dags/example_branch_labels.py
[2025-02-06T18:15:42.363+0000] {processor.py:914} INFO - Processing file /home/airflow/.local/lib/python3.12/site-packages/airflow/example_dags/example_branch_labels.py for tasks to queue
[2025-02-06T18:15:42.367+0000] {logging_mixin.py:190} INFO - [2025-02-06T18:15:42.367+0000] {dagbag.py:588} INFO - Filling up the DagBag from /home/airflow/.local/lib/python3.12/site-packages/airflow/example_dags/example_branch_labels.py
[2025-02-06T18:15:42.385+0000] {processor.py:925} INFO - DAG(s) 'example_branch_labels' retrieved from /home/airflow/.local/lib/python3.12/site-packages/airflow/example_dags/example_branch_labels.py
[2025-02-06T18:15:42.424+0000] {logging_mixin.py:190} INFO - [2025-02-06T18:15:42.423+0000] {dag.py:3239} INFO - Sync 1 DAGs
[2025-02-06T18:15:42.483+0000] {logging_mixin.py:190} INFO - [2025-02-06T18:15:42.482+0000] {dag.py:4180} INFO - Setting next_dagrun for example_branch_labels to 2025-02-05 00:00:00+00:00, run_after=2025-02-06 00:00:00+00:00
[2025-02-06T18:15:42.525+0000] {processor.py:208} INFO - Processing /home/airflow/.local/lib/python3.12/site-packages/airflow/example_dags/example_branch_labels.py took 0.175 seconds
[2025-02-06T18:16:13.748+0000] {processor.py:186} INFO - Started process (PID=137) to work on /home/airflow/.local/lib/python3.12/site-packages/airflow/example_dags/example_branch_labels.py
[2025-02-06T18:16:13.750+0000] {processor.py:914} INFO - Processing file /home/airflow/.local/lib/python3.12/site-packages/airflow/example_dags/example_branch_labels.py for tasks to queue
[2025-02-06T18:16:13.754+0000] {logging_mixin.py:190} INFO - [2025-02-06T18:16:13.753+0000] {dagbag.py:588} INFO - Filling up the DagBag from /home/airflow/.local/lib/python3.12/site-packages/airflow/example_dags/example_branch_labels.py
[2025-02-06T18:16:13.770+0000] {processor.py:925} INFO - DAG(s) 'example_branch_labels' retrieved from /home/airflow/.local/lib/python3.12/site-packages/airflow/example_dags/example_branch_labels.py
[2025-02-06T18:16:13.808+0000] {logging_mixin.py:190} INFO - [2025-02-06T18:16:13.807+0000] {dag.py:3239} INFO - Sync 1 DAGs
[2025-02-06T18:16:13.859+0000] {logging_mixin.py:190} INFO - [2025-02-06T18:16:13.858+0000] {dag.py:4180} INFO - Setting next_dagrun for example_branch_labels to 2025-02-05 00:00:00+00:00, run_after=2025-02-06 00:00:00+00:00
[2025-02-06T18:16:14.014+0000] {processor.py:208} INFO - Processing /home/airflow/.local/lib/python3.12/site-packages/airflow/example_dags/example_branch_labels.py took 0.278 seconds
[2025-02-06T18:16:46.468+0000] {processor.py:186} INFO - Started process (PID=194) to work on /home/airflow/.local/lib/python3.12/site-packages/airflow/example_dags/example_branch_labels.py
[2025-02-06T18:16:46.474+0000] {processor.py:914} INFO - Processing file /home/airflow/.local/lib/python3.12/site-packages/airflow/example_dags/example_branch_labels.py for tasks to queue
[2025-02-06T18:16:46.492+0000] {logging_mixin.py:190} INFO - [2025-02-06T18:16:46.482+0000] {dagbag.py:588} INFO - Filling up the DagBag from /home/airflow/.local/lib/python3.12/site-packages/airflow/example_dags/example_branch_labels.py
[2025-02-06T18:16:46.526+0000] {processor.py:925} INFO - DAG(s) 'example_branch_labels' retrieved from /home/airflow/.local/lib/python3.12/site-packages/airflow/example_dags/example_branch_labels.py
[2025-02-06T18:16:46.583+0000] {logging_mixin.py:190} INFO - [2025-02-06T18:16:46.582+0000] {dag.py:3239} INFO - Sync 1 DAGs
[2025-02-06T18:16:46.657+0000] {logging_mixin.py:190} INFO - [2025-02-06T18:16:46.656+0000] {dag.py:4180} INFO - Setting next_dagrun for example_branch_labels to 2025-02-05 00:00:00+00:00, run_after=2025-02-06 00:00:00+00:00
[2025-02-06T18:16:46.720+0000] {processor.py:208} INFO - Processing /home/airflow/.local/lib/python3.12/site-packages/airflow/example_dags/example_branch_labels.py took 0.268 seconds
[2025-02-06T18:17:18.162+0000] {processor.py:186} INFO - Started process (PID=251) to work on /home/airflow/.local/lib/python3.12/site-packages/airflow/example_dags/example_branch_labels.py
[2025-02-06T18:17:18.164+0000] {processor.py:914} INFO - Processing file /home/airflow/.local/lib/python3.12/site-packages/airflow/example_dags/example_branch_labels.py for tasks to queue
[2025-02-06T18:17:18.170+0000] {logging_mixin.py:190} INFO - [2025-02-06T18:17:18.169+0000] {dagbag.py:588} INFO - Filling up the DagBag from /home/airflow/.local/lib/python3.12/site-packages/airflow/example_dags/example_branch_labels.py
[2025-02-06T18:17:18.196+0000] {processor.py:925} INFO - DAG(s) 'example_branch_labels' retrieved from /home/airflow/.local/lib/python3.12/site-packages/airflow/example_dags/example_branch_labels.py
[2025-02-06T18:17:18.237+0000] {logging_mixin.py:190} INFO - [2025-02-06T18:17:18.236+0000] {dag.py:3239} INFO - Sync 1 DAGs
[2025-02-06T18:17:18.274+0000] {logging_mixin.py:190} INFO - [2025-02-06T18:17:18.274+0000] {dag.py:4180} INFO - Setting next_dagrun for example_branch_labels to 2025-02-05 00:00:00+00:00, run_after=2025-02-06 00:00:00+00:00
[2025-02-06T18:17:18.297+0000] {processor.py:208} INFO - Processing /home/airflow/.local/lib/python3.12/site-packages/airflow/example_dags/example_branch_labels.py took 0.151 seconds
[2025-02-06T18:17:49.728+0000] {processor.py:186} INFO - Started process (PID=308) to work on /home/airflow/.local/lib/python3.12/site-packages/airflow/example_dags/example_branch_labels.py
[2025-02-06T18:17:49.729+0000] {processor.py:914} INFO - Processing file /home/airflow/.local/lib/python3.12/site-packages/airflow/example_dags/example_branch_labels.py for tasks to queue
[2025-02-06T18:17:49.733+0000] {logging_mixin.py:190} INFO - [2025-02-06T18:17:49.733+0000] {dagbag.py:588} INFO - Filling up the DagBag from /home/airflow/.local/lib/python3.12/site-packages/airflow/example_dags/example_branch_labels.py
[2025-02-06T18:17:49.753+0000] {processor.py:925} INFO - DAG(s) 'example_branch_labels' retrieved from /home/airflow/.local/lib/python3.12/site-packages/airflow/example_dags/example_branch_labels.py
[2025-02-06T18:17:49.784+0000] {logging_mixin.py:190} INFO - [2025-02-06T18:17:49.784+0000] {dag.py:3239} INFO - Sync 1 DAGs
[2025-02-06T18:17:49.827+0000] {logging_mixin.py:190} INFO - [2025-02-06T18:17:49.827+0000] {dag.py:4180} INFO - Setting next_dagrun for example_branch_labels to 2025-02-05 00:00:00+00:00, run_after=2025-02-06 00:00:00+00:00
[2025-02-06T18:17:49.862+0000] {processor.py:208} INFO - Processing /home/airflow/.local/lib/python3.12/site-packages/airflow/example_dags/example_branch_labels.py took 0.143 seconds
[2025-02-06T18:18:21.759+0000] {processor.py:186} INFO - Started process (PID=365) to work on /home/airflow/.local/lib/python3.12/site-packages/airflow/example_dags/example_branch_labels.py
[2025-02-06T18:18:21.761+0000] {processor.py:914} INFO - Processing file /home/airflow/.local/lib/python3.12/site-packages/airflow/example_dags/example_branch_labels.py for tasks to queue
[2025-02-06T18:18:21.764+0000] {logging_mixin.py:190} INFO - [2025-02-06T18:18:21.764+0000] {dagbag.py:588} INFO - Filling up the DagBag from /home/airflow/.local/lib/python3.12/site-packages/airflow/example_dags/example_branch_labels.py
[2025-02-06T18:18:21.781+0000] {processor.py:925} INFO - DAG(s) 'example_branch_labels' retrieved from /home/airflow/.local/lib/python3.12/site-packages/airflow/example_dags/example_branch_labels.py
[2025-02-06T18:18:21.815+0000] {logging_mixin.py:190} INFO - [2025-02-06T18:18:21.815+0000] {dag.py:3239} INFO - Sync 1 DAGs
[2025-02-06T18:18:21.851+0000] {logging_mixin.py:190} INFO - [2025-02-06T18:18:21.851+0000] {dag.py:4180} INFO - Setting next_dagrun for example_branch_labels to 2025-02-05 00:00:00+00:00, run_after=2025-02-06 00:00:00+00:00
[2025-02-06T18:18:21.883+0000] {processor.py:208} INFO - Processing /home/airflow/.local/lib/python3.12/site-packages/airflow/example_dags/example_branch_labels.py took 0.132 seconds
[2025-02-06T18:18:53.239+0000] {processor.py:186} INFO - Started process (PID=422) to work on /home/airflow/.local/lib/python3.12/site-packages/airflow/example_dags/example_branch_labels.py
[2025-02-06T18:18:53.242+0000] {processor.py:914} INFO - Processing file /home/airflow/.local/lib/python3.12/site-packages/airflow/example_dags/example_branch_labels.py for tasks to queue
[2025-02-06T18:18:53.246+0000] {logging_mixin.py:190} INFO - [2025-02-06T18:18:53.246+0000] {dagbag.py:588} INFO - Filling up the DagBag from /home/airflow/.local/lib/python3.12/site-packages/airflow/example_dags/example_branch_labels.py
[2025-02-06T18:18:53.275+0000] {processor.py:925} INFO - DAG(s) 'example_branch_labels' retrieved from /home/airflow/.local/lib/python3.12/site-packages/airflow/example_dags/example_branch_labels.py
[2025-02-06T18:18:53.336+0000] {logging_mixin.py:190} INFO - [2025-02-06T18:18:53.335+0000] {dag.py:3239} INFO - Sync 1 DAGs
[2025-02-06T18:18:53.422+0000] {logging_mixin.py:190} INFO - [2025-02-06T18:18:53.421+0000] {dag.py:4180} INFO - Setting next_dagrun for example_branch_labels to 2025-02-05 00:00:00+00:00, run_after=2025-02-06 00:00:00+00:00
[2025-02-06T18:18:53.466+0000] {processor.py:208} INFO - Processing /home/airflow/.local/lib/python3.12/site-packages/airflow/example_dags/example_branch_labels.py took 0.242 seconds
[2025-02-06T18:19:24.661+0000] {processor.py:186} INFO - Started process (PID=479) to work on /home/airflow/.local/lib/python3.12/site-packages/airflow/example_dags/example_branch_labels.py
[2025-02-06T18:19:24.663+0000] {processor.py:914} INFO - Processing file /home/airflow/.local/lib/python3.12/site-packages/airflow/example_dags/example_branch_labels.py for tasks to queue
[2025-02-06T18:19:24.670+0000] {logging_mixin.py:190} INFO - [2025-02-06T18:19:24.669+0000] {dagbag.py:588} INFO - Filling up the DagBag from /home/airflow/.local/lib/python3.12/site-packages/airflow/example_dags/example_branch_labels.py
[2025-02-06T18:19:24.693+0000] {processor.py:925} INFO - DAG(s) 'example_branch_labels' retrieved from /home/airflow/.local/lib/python3.12/site-packages/airflow/example_dags/example_branch_labels.py
[2025-02-06T18:19:24.735+0000] {logging_mixin.py:190} INFO - [2025-02-06T18:19:24.735+0000] {dag.py:3239} INFO - Sync 1 DAGs
[2025-02-06T18:19:24.788+0000] {logging_mixin.py:190} INFO - [2025-02-06T18:19:24.788+0000] {dag.py:4180} INFO - Setting next_dagrun for example_branch_labels to 2025-02-05 00:00:00+00:00, run_after=2025-02-06 00:00:00+00:00
[2025-02-06T18:19:24.858+0000] {processor.py:208} INFO - Processing /home/airflow/.local/lib/python3.12/site-packages/airflow/example_dags/example_branch_labels.py took 0.208 seconds
[2025-02-06T18:19:56.040+0000] {processor.py:186} INFO - Started process (PID=536) to work on /home/airflow/.local/lib/python3.12/site-packages/airflow/example_dags/example_branch_labels.py
[2025-02-06T18:19:56.042+0000] {processor.py:914} INFO - Processing file /home/airflow/.local/lib/python3.12/site-packages/airflow/example_dags/example_branch_labels.py for tasks to queue
[2025-02-06T18:19:56.045+0000] {logging_mixin.py:190} INFO - [2025-02-06T18:19:56.044+0000] {dagbag.py:588} INFO - Filling up the DagBag from /home/airflow/.local/lib/python3.12/site-packages/airflow/example_dags/example_branch_labels.py
[2025-02-06T18:19:56.060+0000] {processor.py:925} INFO - DAG(s) 'example_branch_labels' retrieved from /home/airflow/.local/lib/python3.12/site-packages/airflow/example_dags/example_branch_labels.py
[2025-02-06T18:19:56.096+0000] {logging_mixin.py:190} INFO - [2025-02-06T18:19:56.096+0000] {dag.py:3239} INFO - Sync 1 DAGs
[2025-02-06T18:19:56.149+0000] {logging_mixin.py:190} INFO - [2025-02-06T18:19:56.149+0000] {dag.py:4180} INFO - Setting next_dagrun for example_branch_labels to 2025-02-05 00:00:00+00:00, run_after=2025-02-06 00:00:00+00:00
[2025-02-06T18:19:56.186+0000] {processor.py:208} INFO - Processing /home/airflow/.local/lib/python3.12/site-packages/airflow/example_dags/example_branch_labels.py took 0.156 seconds
[2025-02-06T18:20:27.041+0000] {processor.py:186} INFO - Started process (PID=593) to work on /home/airflow/.local/lib/python3.12/site-packages/airflow/example_dags/example_branch_labels.py
[2025-02-06T18:20:27.044+0000] {processor.py:914} INFO - Processing file /home/airflow/.local/lib/python3.12/site-packages/airflow/example_dags/example_branch_labels.py for tasks to queue
[2025-02-06T18:20:27.051+0000] {logging_mixin.py:190} INFO - [2025-02-06T18:20:27.048+0000] {dagbag.py:588} INFO - Filling up the DagBag from /home/airflow/.local/lib/python3.12/site-packages/airflow/example_dags/example_branch_labels.py
[2025-02-06T18:20:27.073+0000] {processor.py:925} INFO - DAG(s) 'example_branch_labels' retrieved from /home/airflow/.local/lib/python3.12/site-packages/airflow/example_dags/example_branch_labels.py
[2025-02-06T18:20:27.123+0000] {logging_mixin.py:190} INFO - [2025-02-06T18:20:27.122+0000] {dag.py:3239} INFO - Sync 1 DAGs
[2025-02-06T18:20:27.164+0000] {logging_mixin.py:190} INFO - [2025-02-06T18:20:27.164+0000] {dag.py:4180} INFO - Setting next_dagrun for example_branch_labels to 2025-02-05 00:00:00+00:00, run_after=2025-02-06 00:00:00+00:00
[2025-02-06T18:20:27.194+0000] {processor.py:208} INFO - Processing /home/airflow/.local/lib/python3.12/site-packages/airflow/example_dags/example_branch_labels.py took 0.175 seconds
[2025-02-06T18:20:57.635+0000] {processor.py:186} INFO - Started process (PID=649) to work on /home/airflow/.local/lib/python3.12/site-packages/airflow/example_dags/example_branch_labels.py
[2025-02-06T18:20:57.636+0000] {processor.py:914} INFO - Processing file /home/airflow/.local/lib/python3.12/site-packages/airflow/example_dags/example_branch_labels.py for tasks to queue
[2025-02-06T18:20:57.640+0000] {logging_mixin.py:190} INFO - [2025-02-06T18:20:57.639+0000] {dagbag.py:588} INFO - Filling up the DagBag from /home/airflow/.local/lib/python3.12/site-packages/airflow/example_dags/example_branch_labels.py
[2025-02-06T18:20:57.655+0000] {processor.py:925} INFO - DAG(s) 'example_branch_labels' retrieved from /home/airflow/.local/lib/python3.12/site-packages/airflow/example_dags/example_branch_labels.py
[2025-02-06T18:20:57.684+0000] {logging_mixin.py:190} INFO - [2025-02-06T18:20:57.684+0000] {dag.py:3239} INFO - Sync 1 DAGs
[2025-02-06T18:20:57.723+0000] {logging_mixin.py:190} INFO - [2025-02-06T18:20:57.723+0000] {dag.py:4180} INFO - Setting next_dagrun for example_branch_labels to 2025-02-05 00:00:00+00:00, run_after=2025-02-06 00:00:00+00:00
[2025-02-06T18:20:57.750+0000] {processor.py:208} INFO - Processing /home/airflow/.local/lib/python3.12/site-packages/airflow/example_dags/example_branch_labels.py took 0.124 seconds
[2025-02-06T18:21:28.361+0000] {processor.py:186} INFO - Started process (PID=706) to work on /home/airflow/.local/lib/python3.12/site-packages/airflow/example_dags/example_branch_labels.py
[2025-02-06T18:21:28.362+0000] {processor.py:914} INFO - Processing file /home/airflow/.local/lib/python3.12/site-packages/airflow/example_dags/example_branch_labels.py for tasks to queue
[2025-02-06T18:21:28.367+0000] {logging_mixin.py:190} INFO - [2025-02-06T18:21:28.366+0000] {dagbag.py:588} INFO - Filling up the DagBag from /home/airflow/.local/lib/python3.12/site-packages/airflow/example_dags/example_branch_labels.py
[2025-02-06T18:21:28.388+0000] {processor.py:925} INFO - DAG(s) 'example_branch_labels' retrieved from /home/airflow/.local/lib/python3.12/site-packages/airflow/example_dags/example_branch_labels.py
[2025-02-06T18:21:28.427+0000] {logging_mixin.py:190} INFO - [2025-02-06T18:21:28.426+0000] {dag.py:3239} INFO - Sync 1 DAGs
[2025-02-06T18:21:28.484+0000] {logging_mixin.py:190} INFO - [2025-02-06T18:21:28.484+0000] {dag.py:4180} INFO - Setting next_dagrun for example_branch_labels to 2025-02-05 00:00:00+00:00, run_after=2025-02-06 00:00:00+00:00
[2025-02-06T18:21:28.527+0000] {processor.py:208} INFO - Processing /home/airflow/.local/lib/python3.12/site-packages/airflow/example_dags/example_branch_labels.py took 0.176 seconds
[2025-02-06T18:21:58.670+0000] {processor.py:186} INFO - Started process (PID=762) to work on /home/airflow/.local/lib/python3.12/site-packages/airflow/example_dags/example_branch_labels.py
[2025-02-06T18:21:58.672+0000] {processor.py:914} INFO - Processing file /home/airflow/.local/lib/python3.12/site-packages/airflow/example_dags/example_branch_labels.py for tasks to queue
[2025-02-06T18:21:58.679+0000] {logging_mixin.py:190} INFO - [2025-02-06T18:21:58.678+0000] {dagbag.py:588} INFO - Filling up the DagBag from /home/airflow/.local/lib/python3.12/site-packages/airflow/example_dags/example_branch_labels.py
[2025-02-06T18:21:58.705+0000] {processor.py:925} INFO - DAG(s) 'example_branch_labels' retrieved from /home/airflow/.local/lib/python3.12/site-packages/airflow/example_dags/example_branch_labels.py
[2025-02-06T18:21:58.748+0000] {logging_mixin.py:190} INFO - [2025-02-06T18:21:58.747+0000] {dag.py:3239} INFO - Sync 1 DAGs
[2025-02-06T18:21:58.803+0000] {logging_mixin.py:190} INFO - [2025-02-06T18:21:58.803+0000] {dag.py:4180} INFO - Setting next_dagrun for example_branch_labels to 2025-02-05 00:00:00+00:00, run_after=2025-02-06 00:00:00+00:00
[2025-02-06T18:21:58.836+0000] {processor.py:208} INFO - Processing /home/airflow/.local/lib/python3.12/site-packages/airflow/example_dags/example_branch_labels.py took 0.181 seconds
[2025-02-06T18:22:30.244+0000] {processor.py:186} INFO - Started process (PID=819) to work on /home/airflow/.local/lib/python3.12/site-packages/airflow/example_dags/example_branch_labels.py
[2025-02-06T18:22:30.246+0000] {processor.py:914} INFO - Processing file /home/airflow/.local/lib/python3.12/site-packages/airflow/example_dags/example_branch_labels.py for tasks to queue
[2025-02-06T18:22:30.257+0000] {logging_mixin.py:190} INFO - [2025-02-06T18:22:30.256+0000] {dagbag.py:588} INFO - Filling up the DagBag from /home/airflow/.local/lib/python3.12/site-packages/airflow/example_dags/example_branch_labels.py
[2025-02-06T18:22:30.285+0000] {processor.py:925} INFO - DAG(s) 'example_branch_labels' retrieved from /home/airflow/.local/lib/python3.12/site-packages/airflow/example_dags/example_branch_labels.py
[2025-02-06T18:22:30.355+0000] {logging_mixin.py:190} INFO - [2025-02-06T18:22:30.355+0000] {dag.py:3239} INFO - Sync 1 DAGs
[2025-02-06T18:22:30.425+0000] {logging_mixin.py:190} INFO - [2025-02-06T18:22:30.424+0000] {dag.py:4180} INFO - Setting next_dagrun for example_branch_labels to 2025-02-05 00:00:00+00:00, run_after=2025-02-06 00:00:00+00:00
[2025-02-06T18:22:30.469+0000] {processor.py:208} INFO - Processing /home/airflow/.local/lib/python3.12/site-packages/airflow/example_dags/example_branch_labels.py took 0.245 seconds
[2025-02-06T18:23:01.451+0000] {processor.py:186} INFO - Started process (PID=876) to work on /home/airflow/.local/lib/python3.12/site-packages/airflow/example_dags/example_branch_labels.py
[2025-02-06T18:23:01.453+0000] {processor.py:914} INFO - Processing file /home/airflow/.local/lib/python3.12/site-packages/airflow/example_dags/example_branch_labels.py for tasks to queue
[2025-02-06T18:23:01.458+0000] {logging_mixin.py:190} INFO - [2025-02-06T18:23:01.457+0000] {dagbag.py:588} INFO - Filling up the DagBag from /home/airflow/.local/lib/python3.12/site-packages/airflow/example_dags/example_branch_labels.py
[2025-02-06T18:23:01.475+0000] {processor.py:925} INFO - DAG(s) 'example_branch_labels' retrieved from /home/airflow/.local/lib/python3.12/site-packages/airflow/example_dags/example_branch_labels.py
[2025-02-06T18:23:01.508+0000] {logging_mixin.py:190} INFO - [2025-02-06T18:23:01.507+0000] {dag.py:3239} INFO - Sync 1 DAGs
[2025-02-06T18:23:01.548+0000] {logging_mixin.py:190} INFO - [2025-02-06T18:23:01.548+0000] {dag.py:4180} INFO - Setting next_dagrun for example_branch_labels to 2025-02-05 00:00:00+00:00, run_after=2025-02-06 00:00:00+00:00
[2025-02-06T18:23:01.580+0000] {processor.py:208} INFO - Processing /home/airflow/.local/lib/python3.12/site-packages/airflow/example_dags/example_branch_labels.py took 0.140 seconds
[2025-02-06T18:23:32.038+0000] {processor.py:186} INFO - Started process (PID=933) to work on /home/airflow/.local/lib/python3.12/site-packages/airflow/example_dags/example_branch_labels.py
[2025-02-06T18:23:32.039+0000] {processor.py:914} INFO - Processing file /home/airflow/.local/lib/python3.12/site-packages/airflow/example_dags/example_branch_labels.py for tasks to queue
[2025-02-06T18:23:32.051+0000] {logging_mixin.py:190} INFO - [2025-02-06T18:23:32.050+0000] {dagbag.py:588} INFO - Filling up the DagBag from /home/airflow/.local/lib/python3.12/site-packages/airflow/example_dags/example_branch_labels.py
[2025-02-06T18:23:32.080+0000] {processor.py:925} INFO - DAG(s) 'example_branch_labels' retrieved from /home/airflow/.local/lib/python3.12/site-packages/airflow/example_dags/example_branch_labels.py
[2025-02-06T18:23:32.135+0000] {logging_mixin.py:190} INFO - [2025-02-06T18:23:32.134+0000] {dag.py:3239} INFO - Sync 1 DAGs
[2025-02-06T18:23:32.224+0000] {logging_mixin.py:190} INFO - [2025-02-06T18:23:32.224+0000] {dag.py:4180} INFO - Setting next_dagrun for example_branch_labels to 2025-02-05 00:00:00+00:00, run_after=2025-02-06 00:00:00+00:00
[2025-02-06T18:23:32.487+0000] {processor.py:208} INFO - Processing /home/airflow/.local/lib/python3.12/site-packages/airflow/example_dags/example_branch_labels.py took 0.463 seconds
[2025-02-06T18:24:03.597+0000] {processor.py:186} INFO - Started process (PID=989) to work on /home/airflow/.local/lib/python3.12/site-packages/airflow/example_dags/example_branch_labels.py
[2025-02-06T18:24:03.600+0000] {processor.py:914} INFO - Processing file /home/airflow/.local/lib/python3.12/site-packages/airflow/example_dags/example_branch_labels.py for tasks to queue
[2025-02-06T18:24:03.605+0000] {logging_mixin.py:190} INFO - [2025-02-06T18:24:03.604+0000] {dagbag.py:588} INFO - Filling up the DagBag from /home/airflow/.local/lib/python3.12/site-packages/airflow/example_dags/example_branch_labels.py
[2025-02-06T18:24:03.632+0000] {processor.py:925} INFO - DAG(s) 'example_branch_labels' retrieved from /home/airflow/.local/lib/python3.12/site-packages/airflow/example_dags/example_branch_labels.py
[2025-02-06T18:24:03.690+0000] {logging_mixin.py:190} INFO - [2025-02-06T18:24:03.689+0000] {dag.py:3239} INFO - Sync 1 DAGs
[2025-02-06T18:24:03.741+0000] {logging_mixin.py:190} INFO - [2025-02-06T18:24:03.740+0000] {dag.py:4180} INFO - Setting next_dagrun for example_branch_labels to 2025-02-05 00:00:00+00:00, run_after=2025-02-06 00:00:00+00:00
[2025-02-06T18:24:03.787+0000] {processor.py:208} INFO - Processing /home/airflow/.local/lib/python3.12/site-packages/airflow/example_dags/example_branch_labels.py took 0.208 seconds
[2025-02-06T18:24:35.453+0000] {processor.py:186} INFO - Started process (PID=1046) to work on /home/airflow/.local/lib/python3.12/site-packages/airflow/example_dags/example_branch_labels.py
[2025-02-06T18:24:35.456+0000] {processor.py:914} INFO - Processing file /home/airflow/.local/lib/python3.12/site-packages/airflow/example_dags/example_branch_labels.py for tasks to queue
[2025-02-06T18:24:35.462+0000] {logging_mixin.py:190} INFO - [2025-02-06T18:24:35.461+0000] {dagbag.py:588} INFO - Filling up the DagBag from /home/airflow/.local/lib/python3.12/site-packages/airflow/example_dags/example_branch_labels.py
[2025-02-06T18:24:35.501+0000] {processor.py:925} INFO - DAG(s) 'example_branch_labels' retrieved from /home/airflow/.local/lib/python3.12/site-packages/airflow/example_dags/example_branch_labels.py
[2025-02-06T18:24:35.559+0000] {logging_mixin.py:190} INFO - [2025-02-06T18:24:35.559+0000] {dag.py:3239} INFO - Sync 1 DAGs
[2025-02-06T18:24:35.631+0000] {logging_mixin.py:190} INFO - [2025-02-06T18:24:35.631+0000] {dag.py:4180} INFO - Setting next_dagrun for example_branch_labels to 2025-02-05 00:00:00+00:00, run_after=2025-02-06 00:00:00+00:00
[2025-02-06T18:24:35.675+0000] {processor.py:208} INFO - Processing /home/airflow/.local/lib/python3.12/site-packages/airflow/example_dags/example_branch_labels.py took 0.239 seconds
[2025-02-06T18:25:05.894+0000] {processor.py:186} INFO - Started process (PID=1102) to work on /home/airflow/.local/lib/python3.12/site-packages/airflow/example_dags/example_branch_labels.py
[2025-02-06T18:25:05.895+0000] {processor.py:914} INFO - Processing file /home/airflow/.local/lib/python3.12/site-packages/airflow/example_dags/example_branch_labels.py for tasks to queue
[2025-02-06T18:25:05.898+0000] {logging_mixin.py:190} INFO - [2025-02-06T18:25:05.898+0000] {dagbag.py:588} INFO - Filling up the DagBag from /home/airflow/.local/lib/python3.12/site-packages/airflow/example_dags/example_branch_labels.py
[2025-02-06T18:25:05.918+0000] {processor.py:925} INFO - DAG(s) 'example_branch_labels' retrieved from /home/airflow/.local/lib/python3.12/site-packages/airflow/example_dags/example_branch_labels.py
[2025-02-06T18:25:05.951+0000] {logging_mixin.py:190} INFO - [2025-02-06T18:25:05.950+0000] {dag.py:3239} INFO - Sync 1 DAGs
[2025-02-06T18:25:05.984+0000] {logging_mixin.py:190} INFO - [2025-02-06T18:25:05.984+0000] {dag.py:4180} INFO - Setting next_dagrun for example_branch_labels to 2025-02-05 00:00:00+00:00, run_after=2025-02-06 00:00:00+00:00
[2025-02-06T18:25:06.015+0000] {processor.py:208} INFO - Processing /home/airflow/.local/lib/python3.12/site-packages/airflow/example_dags/example_branch_labels.py took 0.129 seconds
[2025-02-06T18:25:36.575+0000] {processor.py:186} INFO - Started process (PID=1158) to work on /home/airflow/.local/lib/python3.12/site-packages/airflow/example_dags/example_branch_labels.py
[2025-02-06T18:25:36.577+0000] {processor.py:914} INFO - Processing file /home/airflow/.local/lib/python3.12/site-packages/airflow/example_dags/example_branch_labels.py for tasks to queue
[2025-02-06T18:25:36.582+0000] {logging_mixin.py:190} INFO - [2025-02-06T18:25:36.581+0000] {dagbag.py:588} INFO - Filling up the DagBag from /home/airflow/.local/lib/python3.12/site-packages/airflow/example_dags/example_branch_labels.py
[2025-02-06T18:25:36.599+0000] {processor.py:925} INFO - DAG(s) 'example_branch_labels' retrieved from /home/airflow/.local/lib/python3.12/site-packages/airflow/example_dags/example_branch_labels.py
[2025-02-06T18:25:36.633+0000] {logging_mixin.py:190} INFO - [2025-02-06T18:25:36.633+0000] {dag.py:3239} INFO - Sync 1 DAGs
[2025-02-06T18:25:36.684+0000] {logging_mixin.py:190} INFO - [2025-02-06T18:25:36.683+0000] {dag.py:4180} INFO - Setting next_dagrun for example_branch_labels to 2025-02-05 00:00:00+00:00, run_after=2025-02-06 00:00:00+00:00
[2025-02-06T18:25:36.726+0000] {processor.py:208} INFO - Processing /home/airflow/.local/lib/python3.12/site-packages/airflow/example_dags/example_branch_labels.py took 0.164 seconds
[2025-02-06T18:26:07.457+0000] {processor.py:186} INFO - Started process (PID=1215) to work on /home/airflow/.local/lib/python3.12/site-packages/airflow/example_dags/example_branch_labels.py
[2025-02-06T18:26:07.459+0000] {processor.py:914} INFO - Processing file /home/airflow/.local/lib/python3.12/site-packages/airflow/example_dags/example_branch_labels.py for tasks to queue
[2025-02-06T18:26:07.463+0000] {logging_mixin.py:190} INFO - [2025-02-06T18:26:07.462+0000] {dagbag.py:588} INFO - Filling up the DagBag from /home/airflow/.local/lib/python3.12/site-packages/airflow/example_dags/example_branch_labels.py
[2025-02-06T18:26:07.478+0000] {processor.py:925} INFO - DAG(s) 'example_branch_labels' retrieved from /home/airflow/.local/lib/python3.12/site-packages/airflow/example_dags/example_branch_labels.py
[2025-02-06T18:26:07.509+0000] {logging_mixin.py:190} INFO - [2025-02-06T18:26:07.508+0000] {dag.py:3239} INFO - Sync 1 DAGs
[2025-02-06T18:26:07.545+0000] {logging_mixin.py:190} INFO - [2025-02-06T18:26:07.545+0000] {dag.py:4180} INFO - Setting next_dagrun for example_branch_labels to 2025-02-05 00:00:00+00:00, run_after=2025-02-06 00:00:00+00:00
[2025-02-06T18:26:07.574+0000] {processor.py:208} INFO - Processing /home/airflow/.local/lib/python3.12/site-packages/airflow/example_dags/example_branch_labels.py took 0.126 seconds
[2025-02-06T18:26:37.734+0000] {processor.py:186} INFO - Started process (PID=1272) to work on /home/airflow/.local/lib/python3.12/site-packages/airflow/example_dags/example_branch_labels.py
[2025-02-06T18:26:37.736+0000] {processor.py:914} INFO - Processing file /home/airflow/.local/lib/python3.12/site-packages/airflow/example_dags/example_branch_labels.py for tasks to queue
[2025-02-06T18:26:37.741+0000] {logging_mixin.py:190} INFO - [2025-02-06T18:26:37.740+0000] {dagbag.py:588} INFO - Filling up the DagBag from /home/airflow/.local/lib/python3.12/site-packages/airflow/example_dags/example_branch_labels.py
[2025-02-06T18:26:37.763+0000] {processor.py:925} INFO - DAG(s) 'example_branch_labels' retrieved from /home/airflow/.local/lib/python3.12/site-packages/airflow/example_dags/example_branch_labels.py
[2025-02-06T18:26:37.803+0000] {logging_mixin.py:190} INFO - [2025-02-06T18:26:37.803+0000] {dag.py:3239} INFO - Sync 1 DAGs
[2025-02-06T18:26:37.843+0000] {logging_mixin.py:190} INFO - [2025-02-06T18:26:37.842+0000] {dag.py:4180} INFO - Setting next_dagrun for example_branch_labels to 2025-02-05 00:00:00+00:00, run_after=2025-02-06 00:00:00+00:00
[2025-02-06T18:26:37.875+0000] {processor.py:208} INFO - Processing /home/airflow/.local/lib/python3.12/site-packages/airflow/example_dags/example_branch_labels.py took 0.151 seconds
[2025-02-06T18:27:08.069+0000] {processor.py:186} INFO - Started process (PID=1329) to work on /home/airflow/.local/lib/python3.12/site-packages/airflow/example_dags/example_branch_labels.py
[2025-02-06T18:27:08.071+0000] {processor.py:914} INFO - Processing file /home/airflow/.local/lib/python3.12/site-packages/airflow/example_dags/example_branch_labels.py for tasks to queue
[2025-02-06T18:27:08.076+0000] {logging_mixin.py:190} INFO - [2025-02-06T18:27:08.075+0000] {dagbag.py:588} INFO - Filling up the DagBag from /home/airflow/.local/lib/python3.12/site-packages/airflow/example_dags/example_branch_labels.py
[2025-02-06T18:27:08.107+0000] {processor.py:925} INFO - DAG(s) 'example_branch_labels' retrieved from /home/airflow/.local/lib/python3.12/site-packages/airflow/example_dags/example_branch_labels.py
[2025-02-06T18:27:08.169+0000] {logging_mixin.py:190} INFO - [2025-02-06T18:27:08.168+0000] {dag.py:3239} INFO - Sync 1 DAGs
[2025-02-06T18:27:08.223+0000] {logging_mixin.py:190} INFO - [2025-02-06T18:27:08.223+0000] {dag.py:4180} INFO - Setting next_dagrun for example_branch_labels to 2025-02-05 00:00:00+00:00, run_after=2025-02-06 00:00:00+00:00
[2025-02-06T18:27:08.268+0000] {processor.py:208} INFO - Processing /home/airflow/.local/lib/python3.12/site-packages/airflow/example_dags/example_branch_labels.py took 0.213 seconds
[2025-02-06T18:27:38.440+0000] {processor.py:186} INFO - Started process (PID=1386) to work on /home/airflow/.local/lib/python3.12/site-packages/airflow/example_dags/example_branch_labels.py
[2025-02-06T18:27:38.441+0000] {processor.py:914} INFO - Processing file /home/airflow/.local/lib/python3.12/site-packages/airflow/example_dags/example_branch_labels.py for tasks to queue
[2025-02-06T18:27:38.444+0000] {logging_mixin.py:190} INFO - [2025-02-06T18:27:38.444+0000] {dagbag.py:588} INFO - Filling up the DagBag from /home/airflow/.local/lib/python3.12/site-packages/airflow/example_dags/example_branch_labels.py
[2025-02-06T18:27:38.457+0000] {processor.py:925} INFO - DAG(s) 'example_branch_labels' retrieved from /home/airflow/.local/lib/python3.12/site-packages/airflow/example_dags/example_branch_labels.py
[2025-02-06T18:27:38.493+0000] {logging_mixin.py:190} INFO - [2025-02-06T18:27:38.493+0000] {dag.py:3239} INFO - Sync 1 DAGs
[2025-02-06T18:27:38.531+0000] {logging_mixin.py:190} INFO - [2025-02-06T18:27:38.531+0000] {dag.py:4180} INFO - Setting next_dagrun for example_branch_labels to 2025-02-05 00:00:00+00:00, run_after=2025-02-06 00:00:00+00:00
[2025-02-06T18:27:38.557+0000] {processor.py:208} INFO - Processing /home/airflow/.local/lib/python3.12/site-packages/airflow/example_dags/example_branch_labels.py took 0.126 seconds
[2025-02-06T18:28:08.755+0000] {processor.py:186} INFO - Started process (PID=1443) to work on /home/airflow/.local/lib/python3.12/site-packages/airflow/example_dags/example_branch_labels.py
[2025-02-06T18:28:08.759+0000] {processor.py:914} INFO - Processing file /home/airflow/.local/lib/python3.12/site-packages/airflow/example_dags/example_branch_labels.py for tasks to queue
[2025-02-06T18:28:08.765+0000] {logging_mixin.py:190} INFO - [2025-02-06T18:28:08.764+0000] {dagbag.py:588} INFO - Filling up the DagBag from /home/airflow/.local/lib/python3.12/site-packages/airflow/example_dags/example_branch_labels.py
[2025-02-06T18:28:08.794+0000] {processor.py:925} INFO - DAG(s) 'example_branch_labels' retrieved from /home/airflow/.local/lib/python3.12/site-packages/airflow/example_dags/example_branch_labels.py
[2025-02-06T18:28:08.838+0000] {logging_mixin.py:190} INFO - [2025-02-06T18:28:08.837+0000] {dag.py:3239} INFO - Sync 1 DAGs
[2025-02-06T18:28:08.902+0000] {logging_mixin.py:190} INFO - [2025-02-06T18:28:08.901+0000] {dag.py:4180} INFO - Setting next_dagrun for example_branch_labels to 2025-02-05 00:00:00+00:00, run_after=2025-02-06 00:00:00+00:00
[2025-02-06T18:28:08.961+0000] {processor.py:208} INFO - Processing /home/airflow/.local/lib/python3.12/site-packages/airflow/example_dags/example_branch_labels.py took 0.221 seconds
[2025-02-06T18:28:39.432+0000] {processor.py:186} INFO - Started process (PID=1500) to work on /home/airflow/.local/lib/python3.12/site-packages/airflow/example_dags/example_branch_labels.py
[2025-02-06T18:28:39.437+0000] {processor.py:914} INFO - Processing file /home/airflow/.local/lib/python3.12/site-packages/airflow/example_dags/example_branch_labels.py for tasks to queue
[2025-02-06T18:28:39.445+0000] {logging_mixin.py:190} INFO - [2025-02-06T18:28:39.444+0000] {dagbag.py:588} INFO - Filling up the DagBag from /home/airflow/.local/lib/python3.12/site-packages/airflow/example_dags/example_branch_labels.py
[2025-02-06T18:28:39.483+0000] {processor.py:925} INFO - DAG(s) 'example_branch_labels' retrieved from /home/airflow/.local/lib/python3.12/site-packages/airflow/example_dags/example_branch_labels.py
[2025-02-06T18:28:39.539+0000] {logging_mixin.py:190} INFO - [2025-02-06T18:28:39.538+0000] {dag.py:3239} INFO - Sync 1 DAGs
[2025-02-06T18:28:39.627+0000] {logging_mixin.py:190} INFO - [2025-02-06T18:28:39.626+0000] {dag.py:4180} INFO - Setting next_dagrun for example_branch_labels to 2025-02-05 00:00:00+00:00, run_after=2025-02-06 00:00:00+00:00
[2025-02-06T18:28:39.686+0000] {processor.py:208} INFO - Processing /home/airflow/.local/lib/python3.12/site-packages/airflow/example_dags/example_branch_labels.py took 0.272 seconds
[2025-02-06T18:29:10.374+0000] {processor.py:186} INFO - Started process (PID=1557) to work on /home/airflow/.local/lib/python3.12/site-packages/airflow/example_dags/example_branch_labels.py
[2025-02-06T18:29:10.375+0000] {processor.py:914} INFO - Processing file /home/airflow/.local/lib/python3.12/site-packages/airflow/example_dags/example_branch_labels.py for tasks to queue
[2025-02-06T18:29:10.379+0000] {logging_mixin.py:190} INFO - [2025-02-06T18:29:10.379+0000] {dagbag.py:588} INFO - Filling up the DagBag from /home/airflow/.local/lib/python3.12/site-packages/airflow/example_dags/example_branch_labels.py
[2025-02-06T18:29:10.396+0000] {processor.py:925} INFO - DAG(s) 'example_branch_labels' retrieved from /home/airflow/.local/lib/python3.12/site-packages/airflow/example_dags/example_branch_labels.py
[2025-02-06T18:29:10.430+0000] {logging_mixin.py:190} INFO - [2025-02-06T18:29:10.429+0000] {dag.py:3239} INFO - Sync 1 DAGs
[2025-02-06T18:29:10.468+0000] {logging_mixin.py:190} INFO - [2025-02-06T18:29:10.468+0000] {dag.py:4180} INFO - Setting next_dagrun for example_branch_labels to 2025-02-05 00:00:00+00:00, run_after=2025-02-06 00:00:00+00:00
[2025-02-06T18:29:10.496+0000] {processor.py:208} INFO - Processing /home/airflow/.local/lib/python3.12/site-packages/airflow/example_dags/example_branch_labels.py took 0.137 seconds
[2025-02-06T18:29:40.897+0000] {processor.py:186} INFO - Started process (PID=1614) to work on /home/airflow/.local/lib/python3.12/site-packages/airflow/example_dags/example_branch_labels.py
[2025-02-06T18:29:40.899+0000] {processor.py:914} INFO - Processing file /home/airflow/.local/lib/python3.12/site-packages/airflow/example_dags/example_branch_labels.py for tasks to queue
[2025-02-06T18:29:40.902+0000] {logging_mixin.py:190} INFO - [2025-02-06T18:29:40.901+0000] {dagbag.py:588} INFO - Filling up the DagBag from /home/airflow/.local/lib/python3.12/site-packages/airflow/example_dags/example_branch_labels.py
[2025-02-06T18:29:40.915+0000] {processor.py:925} INFO - DAG(s) 'example_branch_labels' retrieved from /home/airflow/.local/lib/python3.12/site-packages/airflow/example_dags/example_branch_labels.py
[2025-02-06T18:29:40.945+0000] {logging_mixin.py:190} INFO - [2025-02-06T18:29:40.945+0000] {dag.py:3239} INFO - Sync 1 DAGs
[2025-02-06T18:29:40.983+0000] {logging_mixin.py:190} INFO - [2025-02-06T18:29:40.983+0000] {dag.py:4180} INFO - Setting next_dagrun for example_branch_labels to 2025-02-05 00:00:00+00:00, run_after=2025-02-06 00:00:00+00:00
[2025-02-06T18:29:41.007+0000] {processor.py:208} INFO - Processing /home/airflow/.local/lib/python3.12/site-packages/airflow/example_dags/example_branch_labels.py took 0.117 seconds
[2025-02-06T18:30:11.088+0000] {processor.py:186} INFO - Started process (PID=1671) to work on /home/airflow/.local/lib/python3.12/site-packages/airflow/example_dags/example_branch_labels.py
[2025-02-06T18:30:11.090+0000] {processor.py:914} INFO - Processing file /home/airflow/.local/lib/python3.12/site-packages/airflow/example_dags/example_branch_labels.py for tasks to queue
[2025-02-06T18:30:11.093+0000] {logging_mixin.py:190} INFO - [2025-02-06T18:30:11.093+0000] {dagbag.py:588} INFO - Filling up the DagBag from /home/airflow/.local/lib/python3.12/site-packages/airflow/example_dags/example_branch_labels.py
[2025-02-06T18:30:11.109+0000] {processor.py:925} INFO - DAG(s) 'example_branch_labels' retrieved from /home/airflow/.local/lib/python3.12/site-packages/airflow/example_dags/example_branch_labels.py
[2025-02-06T18:30:11.139+0000] {logging_mixin.py:190} INFO - [2025-02-06T18:30:11.138+0000] {dag.py:3239} INFO - Sync 1 DAGs
[2025-02-06T18:30:11.174+0000] {logging_mixin.py:190} INFO - [2025-02-06T18:30:11.174+0000] {dag.py:4180} INFO - Setting next_dagrun for example_branch_labels to 2025-02-05 00:00:00+00:00, run_after=2025-02-06 00:00:00+00:00
[2025-02-06T18:30:11.198+0000] {processor.py:208} INFO - Processing /home/airflow/.local/lib/python3.12/site-packages/airflow/example_dags/example_branch_labels.py took 0.118 seconds
[2025-02-06T18:30:41.580+0000] {processor.py:186} INFO - Started process (PID=1728) to work on /home/airflow/.local/lib/python3.12/site-packages/airflow/example_dags/example_branch_labels.py
[2025-02-06T18:30:41.581+0000] {processor.py:914} INFO - Processing file /home/airflow/.local/lib/python3.12/site-packages/airflow/example_dags/example_branch_labels.py for tasks to queue
[2025-02-06T18:30:41.584+0000] {logging_mixin.py:190} INFO - [2025-02-06T18:30:41.584+0000] {dagbag.py:588} INFO - Filling up the DagBag from /home/airflow/.local/lib/python3.12/site-packages/airflow/example_dags/example_branch_labels.py
[2025-02-06T18:30:41.599+0000] {processor.py:925} INFO - DAG(s) 'example_branch_labels' retrieved from /home/airflow/.local/lib/python3.12/site-packages/airflow/example_dags/example_branch_labels.py
[2025-02-06T18:30:41.626+0000] {logging_mixin.py:190} INFO - [2025-02-06T18:30:41.626+0000] {dag.py:3239} INFO - Sync 1 DAGs
[2025-02-06T18:30:41.663+0000] {logging_mixin.py:190} INFO - [2025-02-06T18:30:41.663+0000] {dag.py:4180} INFO - Setting next_dagrun for example_branch_labels to 2025-02-05 00:00:00+00:00, run_after=2025-02-06 00:00:00+00:00
[2025-02-06T18:30:41.689+0000] {processor.py:208} INFO - Processing /home/airflow/.local/lib/python3.12/site-packages/airflow/example_dags/example_branch_labels.py took 0.119 seconds
[2025-02-06T18:31:12.429+0000] {processor.py:186} INFO - Started process (PID=1785) to work on /home/airflow/.local/lib/python3.12/site-packages/airflow/example_dags/example_branch_labels.py
[2025-02-06T18:31:12.431+0000] {processor.py:914} INFO - Processing file /home/airflow/.local/lib/python3.12/site-packages/airflow/example_dags/example_branch_labels.py for tasks to queue
[2025-02-06T18:31:12.435+0000] {logging_mixin.py:190} INFO - [2025-02-06T18:31:12.435+0000] {dagbag.py:588} INFO - Filling up the DagBag from /home/airflow/.local/lib/python3.12/site-packages/airflow/example_dags/example_branch_labels.py
[2025-02-06T18:31:12.451+0000] {processor.py:925} INFO - DAG(s) 'example_branch_labels' retrieved from /home/airflow/.local/lib/python3.12/site-packages/airflow/example_dags/example_branch_labels.py
[2025-02-06T18:31:12.492+0000] {logging_mixin.py:190} INFO - [2025-02-06T18:31:12.491+0000] {dag.py:3239} INFO - Sync 1 DAGs
[2025-02-06T18:31:12.543+0000] {logging_mixin.py:190} INFO - [2025-02-06T18:31:12.542+0000] {dag.py:4180} INFO - Setting next_dagrun for example_branch_labels to 2025-02-05 00:00:00+00:00, run_after=2025-02-06 00:00:00+00:00
[2025-02-06T18:31:12.574+0000] {processor.py:208} INFO - Processing /home/airflow/.local/lib/python3.12/site-packages/airflow/example_dags/example_branch_labels.py took 0.156 seconds
[2025-02-06T18:31:43.327+0000] {processor.py:186} INFO - Started process (PID=1842) to work on /home/airflow/.local/lib/python3.12/site-packages/airflow/example_dags/example_branch_labels.py
[2025-02-06T18:31:43.329+0000] {processor.py:914} INFO - Processing file /home/airflow/.local/lib/python3.12/site-packages/airflow/example_dags/example_branch_labels.py for tasks to queue
[2025-02-06T18:31:43.333+0000] {logging_mixin.py:190} INFO - [2025-02-06T18:31:43.332+0000] {dagbag.py:588} INFO - Filling up the DagBag from /home/airflow/.local/lib/python3.12/site-packages/airflow/example_dags/example_branch_labels.py
[2025-02-06T18:31:43.347+0000] {processor.py:925} INFO - DAG(s) 'example_branch_labels' retrieved from /home/airflow/.local/lib/python3.12/site-packages/airflow/example_dags/example_branch_labels.py
[2025-02-06T18:31:43.377+0000] {logging_mixin.py:190} INFO - [2025-02-06T18:31:43.376+0000] {dag.py:3239} INFO - Sync 1 DAGs
[2025-02-06T18:31:43.406+0000] {logging_mixin.py:190} INFO - [2025-02-06T18:31:43.406+0000] {dag.py:4180} INFO - Setting next_dagrun for example_branch_labels to 2025-02-05 00:00:00+00:00, run_after=2025-02-06 00:00:00+00:00
[2025-02-06T18:31:43.431+0000] {processor.py:208} INFO - Processing /home/airflow/.local/lib/python3.12/site-packages/airflow/example_dags/example_branch_labels.py took 0.112 seconds
[2025-02-06T18:32:13.726+0000] {processor.py:186} INFO - Started process (PID=1899) to work on /home/airflow/.local/lib/python3.12/site-packages/airflow/example_dags/example_branch_labels.py
[2025-02-06T18:32:13.727+0000] {processor.py:914} INFO - Processing file /home/airflow/.local/lib/python3.12/site-packages/airflow/example_dags/example_branch_labels.py for tasks to queue
[2025-02-06T18:32:13.731+0000] {logging_mixin.py:190} INFO - [2025-02-06T18:32:13.731+0000] {dagbag.py:588} INFO - Filling up the DagBag from /home/airflow/.local/lib/python3.12/site-packages/airflow/example_dags/example_branch_labels.py
[2025-02-06T18:32:13.747+0000] {processor.py:925} INFO - DAG(s) 'example_branch_labels' retrieved from /home/airflow/.local/lib/python3.12/site-packages/airflow/example_dags/example_branch_labels.py
[2025-02-06T18:32:13.782+0000] {logging_mixin.py:190} INFO - [2025-02-06T18:32:13.782+0000] {dag.py:3239} INFO - Sync 1 DAGs
[2025-02-06T18:32:13.815+0000] {logging_mixin.py:190} INFO - [2025-02-06T18:32:13.814+0000] {dag.py:4180} INFO - Setting next_dagrun for example_branch_labels to 2025-02-05 00:00:00+00:00, run_after=2025-02-06 00:00:00+00:00
[2025-02-06T18:32:13.843+0000] {processor.py:208} INFO - Processing /home/airflow/.local/lib/python3.12/site-packages/airflow/example_dags/example_branch_labels.py took 0.127 seconds
[2025-02-06T18:32:44.560+0000] {processor.py:186} INFO - Started process (PID=1956) to work on /home/airflow/.local/lib/python3.12/site-packages/airflow/example_dags/example_branch_labels.py
[2025-02-06T18:32:44.561+0000] {processor.py:914} INFO - Processing file /home/airflow/.local/lib/python3.12/site-packages/airflow/example_dags/example_branch_labels.py for tasks to queue
[2025-02-06T18:32:44.565+0000] {logging_mixin.py:190} INFO - [2025-02-06T18:32:44.564+0000] {dagbag.py:588} INFO - Filling up the DagBag from /home/airflow/.local/lib/python3.12/site-packages/airflow/example_dags/example_branch_labels.py
[2025-02-06T18:32:44.581+0000] {processor.py:925} INFO - DAG(s) 'example_branch_labels' retrieved from /home/airflow/.local/lib/python3.12/site-packages/airflow/example_dags/example_branch_labels.py
[2025-02-06T18:32:44.616+0000] {logging_mixin.py:190} INFO - [2025-02-06T18:32:44.615+0000] {dag.py:3239} INFO - Sync 1 DAGs
[2025-02-06T18:32:44.654+0000] {logging_mixin.py:190} INFO - [2025-02-06T18:32:44.654+0000] {dag.py:4180} INFO - Setting next_dagrun for example_branch_labels to 2025-02-05 00:00:00+00:00, run_after=2025-02-06 00:00:00+00:00
[2025-02-06T18:32:44.688+0000] {processor.py:208} INFO - Processing /home/airflow/.local/lib/python3.12/site-packages/airflow/example_dags/example_branch_labels.py took 0.139 seconds
[2025-02-06T18:33:16.690+0000] {processor.py:186} INFO - Started process (PID=2013) to work on /home/airflow/.local/lib/python3.12/site-packages/airflow/example_dags/example_branch_labels.py
[2025-02-06T18:33:16.693+0000] {processor.py:914} INFO - Processing file /home/airflow/.local/lib/python3.12/site-packages/airflow/example_dags/example_branch_labels.py for tasks to queue
[2025-02-06T18:33:16.696+0000] {logging_mixin.py:190} INFO - [2025-02-06T18:33:16.696+0000] {dagbag.py:588} INFO - Filling up the DagBag from /home/airflow/.local/lib/python3.12/site-packages/airflow/example_dags/example_branch_labels.py
[2025-02-06T18:33:16.719+0000] {processor.py:925} INFO - DAG(s) 'example_branch_labels' retrieved from /home/airflow/.local/lib/python3.12/site-packages/airflow/example_dags/example_branch_labels.py
[2025-02-06T18:33:16.749+0000] {logging_mixin.py:190} INFO - [2025-02-06T18:33:16.749+0000] {dag.py:3239} INFO - Sync 1 DAGs
[2025-02-06T18:33:16.786+0000] {logging_mixin.py:190} INFO - [2025-02-06T18:33:16.785+0000] {dag.py:4180} INFO - Setting next_dagrun for example_branch_labels to 2025-02-05 00:00:00+00:00, run_after=2025-02-06 00:00:00+00:00
[2025-02-06T18:33:16.820+0000] {processor.py:208} INFO - Processing /home/airflow/.local/lib/python3.12/site-packages/airflow/example_dags/example_branch_labels.py took 0.141 seconds
[2025-02-06T18:33:48.316+0000] {processor.py:186} INFO - Started process (PID=2070) to work on /home/airflow/.local/lib/python3.12/site-packages/airflow/example_dags/example_branch_labels.py
[2025-02-06T18:33:48.317+0000] {processor.py:914} INFO - Processing file /home/airflow/.local/lib/python3.12/site-packages/airflow/example_dags/example_branch_labels.py for tasks to queue
[2025-02-06T18:33:48.324+0000] {logging_mixin.py:190} INFO - [2025-02-06T18:33:48.323+0000] {dagbag.py:588} INFO - Filling up the DagBag from /home/airflow/.local/lib/python3.12/site-packages/airflow/example_dags/example_branch_labels.py
[2025-02-06T18:33:48.342+0000] {processor.py:925} INFO - DAG(s) 'example_branch_labels' retrieved from /home/airflow/.local/lib/python3.12/site-packages/airflow/example_dags/example_branch_labels.py
[2025-02-06T18:33:48.371+0000] {logging_mixin.py:190} INFO - [2025-02-06T18:33:48.371+0000] {dag.py:3239} INFO - Sync 1 DAGs
[2025-02-06T18:33:48.424+0000] {logging_mixin.py:190} INFO - [2025-02-06T18:33:48.424+0000] {dag.py:4180} INFO - Setting next_dagrun for example_branch_labels to 2025-02-05 00:00:00+00:00, run_after=2025-02-06 00:00:00+00:00
[2025-02-06T18:33:48.454+0000] {processor.py:208} INFO - Processing /home/airflow/.local/lib/python3.12/site-packages/airflow/example_dags/example_branch_labels.py took 0.149 seconds
[2025-02-06T18:34:20.691+0000] {processor.py:186} INFO - Started process (PID=2127) to work on /home/airflow/.local/lib/python3.12/site-packages/airflow/example_dags/example_branch_labels.py
[2025-02-06T18:34:20.693+0000] {processor.py:914} INFO - Processing file /home/airflow/.local/lib/python3.12/site-packages/airflow/example_dags/example_branch_labels.py for tasks to queue
[2025-02-06T18:34:20.697+0000] {logging_mixin.py:190} INFO - [2025-02-06T18:34:20.697+0000] {dagbag.py:588} INFO - Filling up the DagBag from /home/airflow/.local/lib/python3.12/site-packages/airflow/example_dags/example_branch_labels.py
[2025-02-06T18:34:20.716+0000] {processor.py:925} INFO - DAG(s) 'example_branch_labels' retrieved from /home/airflow/.local/lib/python3.12/site-packages/airflow/example_dags/example_branch_labels.py
[2025-02-06T18:34:20.747+0000] {logging_mixin.py:190} INFO - [2025-02-06T18:34:20.747+0000] {dag.py:3239} INFO - Sync 1 DAGs
[2025-02-06T18:34:20.787+0000] {logging_mixin.py:190} INFO - [2025-02-06T18:34:20.786+0000] {dag.py:4180} INFO - Setting next_dagrun for example_branch_labels to 2025-02-05 00:00:00+00:00, run_after=2025-02-06 00:00:00+00:00
[2025-02-06T18:34:20.822+0000] {processor.py:208} INFO - Processing /home/airflow/.local/lib/python3.12/site-packages/airflow/example_dags/example_branch_labels.py took 0.141 seconds
[2025-02-06T18:34:53.072+0000] {processor.py:186} INFO - Started process (PID=2184) to work on /home/airflow/.local/lib/python3.12/site-packages/airflow/example_dags/example_branch_labels.py
[2025-02-06T18:34:53.074+0000] {processor.py:914} INFO - Processing file /home/airflow/.local/lib/python3.12/site-packages/airflow/example_dags/example_branch_labels.py for tasks to queue
[2025-02-06T18:34:53.078+0000] {logging_mixin.py:190} INFO - [2025-02-06T18:34:53.077+0000] {dagbag.py:588} INFO - Filling up the DagBag from /home/airflow/.local/lib/python3.12/site-packages/airflow/example_dags/example_branch_labels.py
[2025-02-06T18:34:53.108+0000] {processor.py:925} INFO - DAG(s) 'example_branch_labels' retrieved from /home/airflow/.local/lib/python3.12/site-packages/airflow/example_dags/example_branch_labels.py
[2025-02-06T18:34:53.147+0000] {logging_mixin.py:190} INFO - [2025-02-06T18:34:53.146+0000] {dag.py:3239} INFO - Sync 1 DAGs
[2025-02-06T18:34:53.217+0000] {logging_mixin.py:190} INFO - [2025-02-06T18:34:53.217+0000] {dag.py:4180} INFO - Setting next_dagrun for example_branch_labels to 2025-02-05 00:00:00+00:00, run_after=2025-02-06 00:00:00+00:00
[2025-02-06T18:34:53.258+0000] {processor.py:208} INFO - Processing /home/airflow/.local/lib/python3.12/site-packages/airflow/example_dags/example_branch_labels.py took 0.196 seconds
[2025-02-06T18:35:25.942+0000] {processor.py:186} INFO - Started process (PID=2241) to work on /home/airflow/.local/lib/python3.12/site-packages/airflow/example_dags/example_branch_labels.py
[2025-02-06T18:35:25.943+0000] {processor.py:914} INFO - Processing file /home/airflow/.local/lib/python3.12/site-packages/airflow/example_dags/example_branch_labels.py for tasks to queue
[2025-02-06T18:35:25.948+0000] {logging_mixin.py:190} INFO - [2025-02-06T18:35:25.947+0000] {dagbag.py:588} INFO - Filling up the DagBag from /home/airflow/.local/lib/python3.12/site-packages/airflow/example_dags/example_branch_labels.py
[2025-02-06T18:35:25.967+0000] {processor.py:925} INFO - DAG(s) 'example_branch_labels' retrieved from /home/airflow/.local/lib/python3.12/site-packages/airflow/example_dags/example_branch_labels.py
[2025-02-06T18:35:26.007+0000] {logging_mixin.py:190} INFO - [2025-02-06T18:35:26.006+0000] {dag.py:3239} INFO - Sync 1 DAGs
[2025-02-06T18:35:26.064+0000] {logging_mixin.py:190} INFO - [2025-02-06T18:35:26.063+0000] {dag.py:4180} INFO - Setting next_dagrun for example_branch_labels to 2025-02-05 00:00:00+00:00, run_after=2025-02-06 00:00:00+00:00
[2025-02-06T18:35:26.139+0000] {processor.py:208} INFO - Processing /home/airflow/.local/lib/python3.12/site-packages/airflow/example_dags/example_branch_labels.py took 0.209 seconds
[2025-02-06T18:35:58.588+0000] {processor.py:186} INFO - Started process (PID=2301) to work on /home/airflow/.local/lib/python3.12/site-packages/airflow/example_dags/example_branch_labels.py
[2025-02-06T18:35:58.590+0000] {processor.py:914} INFO - Processing file /home/airflow/.local/lib/python3.12/site-packages/airflow/example_dags/example_branch_labels.py for tasks to queue
[2025-02-06T18:35:58.597+0000] {logging_mixin.py:190} INFO - [2025-02-06T18:35:58.596+0000] {dagbag.py:588} INFO - Filling up the DagBag from /home/airflow/.local/lib/python3.12/site-packages/airflow/example_dags/example_branch_labels.py
[2025-02-06T18:35:58.625+0000] {processor.py:925} INFO - DAG(s) 'example_branch_labels' retrieved from /home/airflow/.local/lib/python3.12/site-packages/airflow/example_dags/example_branch_labels.py
[2025-02-06T18:35:58.674+0000] {logging_mixin.py:190} INFO - [2025-02-06T18:35:58.673+0000] {dag.py:3239} INFO - Sync 1 DAGs
[2025-02-06T18:35:58.784+0000] {logging_mixin.py:190} INFO - [2025-02-06T18:35:58.783+0000] {dag.py:4180} INFO - Setting next_dagrun for example_branch_labels to 2025-02-05 00:00:00+00:00, run_after=2025-02-06 00:00:00+00:00
[2025-02-06T18:35:58.837+0000] {processor.py:208} INFO - Processing /home/airflow/.local/lib/python3.12/site-packages/airflow/example_dags/example_branch_labels.py took 0.267 seconds
[2025-02-06T18:36:30.491+0000] {processor.py:186} INFO - Started process (PID=2358) to work on /home/airflow/.local/lib/python3.12/site-packages/airflow/example_dags/example_branch_labels.py
[2025-02-06T18:36:30.493+0000] {processor.py:914} INFO - Processing file /home/airflow/.local/lib/python3.12/site-packages/airflow/example_dags/example_branch_labels.py for tasks to queue
[2025-02-06T18:36:30.497+0000] {logging_mixin.py:190} INFO - [2025-02-06T18:36:30.496+0000] {dagbag.py:588} INFO - Filling up the DagBag from /home/airflow/.local/lib/python3.12/site-packages/airflow/example_dags/example_branch_labels.py
[2025-02-06T18:36:30.525+0000] {processor.py:925} INFO - DAG(s) 'example_branch_labels' retrieved from /home/airflow/.local/lib/python3.12/site-packages/airflow/example_dags/example_branch_labels.py
[2025-02-06T18:36:30.584+0000] {logging_mixin.py:190} INFO - [2025-02-06T18:36:30.583+0000] {dag.py:3239} INFO - Sync 1 DAGs
[2025-02-06T18:36:30.628+0000] {logging_mixin.py:190} INFO - [2025-02-06T18:36:30.628+0000] {dag.py:4180} INFO - Setting next_dagrun for example_branch_labels to 2025-02-05 00:00:00+00:00, run_after=2025-02-06 00:00:00+00:00
[2025-02-06T18:36:30.656+0000] {processor.py:208} INFO - Processing /home/airflow/.local/lib/python3.12/site-packages/airflow/example_dags/example_branch_labels.py took 0.179 seconds
[2025-02-06T18:37:02.839+0000] {processor.py:186} INFO - Started process (PID=2419) to work on /home/airflow/.local/lib/python3.12/site-packages/airflow/example_dags/example_branch_labels.py
[2025-02-06T18:37:02.841+0000] {processor.py:914} INFO - Processing file /home/airflow/.local/lib/python3.12/site-packages/airflow/example_dags/example_branch_labels.py for tasks to queue
[2025-02-06T18:37:02.845+0000] {logging_mixin.py:190} INFO - [2025-02-06T18:37:02.845+0000] {dagbag.py:588} INFO - Filling up the DagBag from /home/airflow/.local/lib/python3.12/site-packages/airflow/example_dags/example_branch_labels.py
[2025-02-06T18:37:02.861+0000] {processor.py:925} INFO - DAG(s) 'example_branch_labels' retrieved from /home/airflow/.local/lib/python3.12/site-packages/airflow/example_dags/example_branch_labels.py
[2025-02-06T18:37:02.903+0000] {logging_mixin.py:190} INFO - [2025-02-06T18:37:02.903+0000] {dag.py:3239} INFO - Sync 1 DAGs
[2025-02-06T18:37:02.956+0000] {logging_mixin.py:190} INFO - [2025-02-06T18:37:02.955+0000] {dag.py:4180} INFO - Setting next_dagrun for example_branch_labels to 2025-02-05 00:00:00+00:00, run_after=2025-02-06 00:00:00+00:00
[2025-02-06T18:37:03.009+0000] {processor.py:208} INFO - Processing /home/airflow/.local/lib/python3.12/site-packages/airflow/example_dags/example_branch_labels.py took 0.183 seconds
[2025-02-06T18:37:34.136+0000] {processor.py:186} INFO - Started process (PID=2476) to work on /home/airflow/.local/lib/python3.12/site-packages/airflow/example_dags/example_branch_labels.py
[2025-02-06T18:37:34.138+0000] {processor.py:914} INFO - Processing file /home/airflow/.local/lib/python3.12/site-packages/airflow/example_dags/example_branch_labels.py for tasks to queue
[2025-02-06T18:37:34.143+0000] {logging_mixin.py:190} INFO - [2025-02-06T18:37:34.142+0000] {dagbag.py:588} INFO - Filling up the DagBag from /home/airflow/.local/lib/python3.12/site-packages/airflow/example_dags/example_branch_labels.py
[2025-02-06T18:37:34.165+0000] {processor.py:925} INFO - DAG(s) 'example_branch_labels' retrieved from /home/airflow/.local/lib/python3.12/site-packages/airflow/example_dags/example_branch_labels.py
[2025-02-06T18:37:34.197+0000] {logging_mixin.py:190} INFO - [2025-02-06T18:37:34.196+0000] {dag.py:3239} INFO - Sync 1 DAGs
[2025-02-06T18:37:34.239+0000] {logging_mixin.py:190} INFO - [2025-02-06T18:37:34.239+0000] {dag.py:4180} INFO - Setting next_dagrun for example_branch_labels to 2025-02-05 00:00:00+00:00, run_after=2025-02-06 00:00:00+00:00
[2025-02-06T18:37:34.271+0000] {processor.py:208} INFO - Processing /home/airflow/.local/lib/python3.12/site-packages/airflow/example_dags/example_branch_labels.py took 0.146 seconds
[2025-02-06T18:38:07.148+0000] {processor.py:186} INFO - Started process (PID=2537) to work on /home/airflow/.local/lib/python3.12/site-packages/airflow/example_dags/example_branch_labels.py
[2025-02-06T18:38:07.151+0000] {processor.py:914} INFO - Processing file /home/airflow/.local/lib/python3.12/site-packages/airflow/example_dags/example_branch_labels.py for tasks to queue
[2025-02-06T18:38:07.169+0000] {logging_mixin.py:190} INFO - [2025-02-06T18:38:07.168+0000] {dagbag.py:588} INFO - Filling up the DagBag from /home/airflow/.local/lib/python3.12/site-packages/airflow/example_dags/example_branch_labels.py
[2025-02-06T18:38:07.206+0000] {processor.py:925} INFO - DAG(s) 'example_branch_labels' retrieved from /home/airflow/.local/lib/python3.12/site-packages/airflow/example_dags/example_branch_labels.py
[2025-02-06T18:38:07.270+0000] {logging_mixin.py:190} INFO - [2025-02-06T18:38:07.269+0000] {dag.py:3239} INFO - Sync 1 DAGs
[2025-02-06T18:38:07.326+0000] {logging_mixin.py:190} INFO - [2025-02-06T18:38:07.325+0000] {dag.py:4180} INFO - Setting next_dagrun for example_branch_labels to 2025-02-05 00:00:00+00:00, run_after=2025-02-06 00:00:00+00:00
[2025-02-06T18:38:07.377+0000] {processor.py:208} INFO - Processing /home/airflow/.local/lib/python3.12/site-packages/airflow/example_dags/example_branch_labels.py took 0.243 seconds
[2025-02-06T18:38:38.895+0000] {processor.py:186} INFO - Started process (PID=2594) to work on /home/airflow/.local/lib/python3.12/site-packages/airflow/example_dags/example_branch_labels.py
[2025-02-06T18:38:38.897+0000] {processor.py:914} INFO - Processing file /home/airflow/.local/lib/python3.12/site-packages/airflow/example_dags/example_branch_labels.py for tasks to queue
[2025-02-06T18:38:38.900+0000] {logging_mixin.py:190} INFO - [2025-02-06T18:38:38.900+0000] {dagbag.py:588} INFO - Filling up the DagBag from /home/airflow/.local/lib/python3.12/site-packages/airflow/example_dags/example_branch_labels.py
[2025-02-06T18:38:38.915+0000] {processor.py:925} INFO - DAG(s) 'example_branch_labels' retrieved from /home/airflow/.local/lib/python3.12/site-packages/airflow/example_dags/example_branch_labels.py
[2025-02-06T18:38:38.952+0000] {logging_mixin.py:190} INFO - [2025-02-06T18:38:38.952+0000] {dag.py:3239} INFO - Sync 1 DAGs
[2025-02-06T18:38:38.998+0000] {logging_mixin.py:190} INFO - [2025-02-06T18:38:38.998+0000] {dag.py:4180} INFO - Setting next_dagrun for example_branch_labels to 2025-02-05 00:00:00+00:00, run_after=2025-02-06 00:00:00+00:00
[2025-02-06T18:38:39.027+0000] {processor.py:208} INFO - Processing /home/airflow/.local/lib/python3.12/site-packages/airflow/example_dags/example_branch_labels.py took 0.141 seconds
[2025-02-06T18:39:11.400+0000] {processor.py:186} INFO - Started process (PID=2654) to work on /home/airflow/.local/lib/python3.12/site-packages/airflow/example_dags/example_branch_labels.py
[2025-02-06T18:39:11.402+0000] {processor.py:914} INFO - Processing file /home/airflow/.local/lib/python3.12/site-packages/airflow/example_dags/example_branch_labels.py for tasks to queue
[2025-02-06T18:39:11.407+0000] {logging_mixin.py:190} INFO - [2025-02-06T18:39:11.406+0000] {dagbag.py:588} INFO - Filling up the DagBag from /home/airflow/.local/lib/python3.12/site-packages/airflow/example_dags/example_branch_labels.py
[2025-02-06T18:39:11.429+0000] {processor.py:925} INFO - DAG(s) 'example_branch_labels' retrieved from /home/airflow/.local/lib/python3.12/site-packages/airflow/example_dags/example_branch_labels.py
[2025-02-06T18:39:11.485+0000] {logging_mixin.py:190} INFO - [2025-02-06T18:39:11.484+0000] {dag.py:3239} INFO - Sync 1 DAGs
[2025-02-06T18:39:11.587+0000] {logging_mixin.py:190} INFO - [2025-02-06T18:39:11.586+0000] {dag.py:4180} INFO - Setting next_dagrun for example_branch_labels to 2025-02-05 00:00:00+00:00, run_after=2025-02-06 00:00:00+00:00
[2025-02-06T18:39:11.647+0000] {processor.py:208} INFO - Processing /home/airflow/.local/lib/python3.12/site-packages/airflow/example_dags/example_branch_labels.py took 0.260 seconds
[2025-02-06T18:39:42.331+0000] {processor.py:186} INFO - Started process (PID=2711) to work on /home/airflow/.local/lib/python3.12/site-packages/airflow/example_dags/example_branch_labels.py
[2025-02-06T18:39:42.332+0000] {processor.py:914} INFO - Processing file /home/airflow/.local/lib/python3.12/site-packages/airflow/example_dags/example_branch_labels.py for tasks to queue
[2025-02-06T18:39:42.336+0000] {logging_mixin.py:190} INFO - [2025-02-06T18:39:42.336+0000] {dagbag.py:588} INFO - Filling up the DagBag from /home/airflow/.local/lib/python3.12/site-packages/airflow/example_dags/example_branch_labels.py
[2025-02-06T18:39:42.352+0000] {processor.py:925} INFO - DAG(s) 'example_branch_labels' retrieved from /home/airflow/.local/lib/python3.12/site-packages/airflow/example_dags/example_branch_labels.py
[2025-02-06T18:39:42.382+0000] {logging_mixin.py:190} INFO - [2025-02-06T18:39:42.381+0000] {dag.py:3239} INFO - Sync 1 DAGs
[2025-02-06T18:39:42.424+0000] {logging_mixin.py:190} INFO - [2025-02-06T18:39:42.423+0000] {dag.py:4180} INFO - Setting next_dagrun for example_branch_labels to 2025-02-05 00:00:00+00:00, run_after=2025-02-06 00:00:00+00:00
[2025-02-06T18:39:42.451+0000] {processor.py:208} INFO - Processing /home/airflow/.local/lib/python3.12/site-packages/airflow/example_dags/example_branch_labels.py took 0.130 seconds
[2025-02-06T18:40:13.550+0000] {processor.py:186} INFO - Started process (PID=2768) to work on /home/airflow/.local/lib/python3.12/site-packages/airflow/example_dags/example_branch_labels.py
[2025-02-06T18:40:13.552+0000] {processor.py:914} INFO - Processing file /home/airflow/.local/lib/python3.12/site-packages/airflow/example_dags/example_branch_labels.py for tasks to queue
[2025-02-06T18:40:13.556+0000] {logging_mixin.py:190} INFO - [2025-02-06T18:40:13.555+0000] {dagbag.py:588} INFO - Filling up the DagBag from /home/airflow/.local/lib/python3.12/site-packages/airflow/example_dags/example_branch_labels.py
[2025-02-06T18:40:13.573+0000] {processor.py:925} INFO - DAG(s) 'example_branch_labels' retrieved from /home/airflow/.local/lib/python3.12/site-packages/airflow/example_dags/example_branch_labels.py
[2025-02-06T18:40:13.606+0000] {logging_mixin.py:190} INFO - [2025-02-06T18:40:13.605+0000] {dag.py:3239} INFO - Sync 1 DAGs
[2025-02-06T18:40:13.639+0000] {logging_mixin.py:190} INFO - [2025-02-06T18:40:13.639+0000] {dag.py:4180} INFO - Setting next_dagrun for example_branch_labels to 2025-02-05 00:00:00+00:00, run_after=2025-02-06 00:00:00+00:00
[2025-02-06T18:40:13.663+0000] {processor.py:208} INFO - Processing /home/airflow/.local/lib/python3.12/site-packages/airflow/example_dags/example_branch_labels.py took 0.127 seconds
[2025-02-06T18:40:46.360+0000] {processor.py:186} INFO - Started process (PID=2825) to work on /home/airflow/.local/lib/python3.12/site-packages/airflow/example_dags/example_branch_labels.py
[2025-02-06T18:40:46.361+0000] {processor.py:914} INFO - Processing file /home/airflow/.local/lib/python3.12/site-packages/airflow/example_dags/example_branch_labels.py for tasks to queue
[2025-02-06T18:40:46.366+0000] {logging_mixin.py:190} INFO - [2025-02-06T18:40:46.365+0000] {dagbag.py:588} INFO - Filling up the DagBag from /home/airflow/.local/lib/python3.12/site-packages/airflow/example_dags/example_branch_labels.py
[2025-02-06T18:40:46.384+0000] {processor.py:925} INFO - DAG(s) 'example_branch_labels' retrieved from /home/airflow/.local/lib/python3.12/site-packages/airflow/example_dags/example_branch_labels.py
[2025-02-06T18:40:46.420+0000] {logging_mixin.py:190} INFO - [2025-02-06T18:40:46.420+0000] {dag.py:3239} INFO - Sync 1 DAGs
[2025-02-06T18:40:46.734+0000] {logging_mixin.py:190} INFO - [2025-02-06T18:40:46.734+0000] {dag.py:4180} INFO - Setting next_dagrun for example_branch_labels to 2025-02-05 00:00:00+00:00, run_after=2025-02-06 00:00:00+00:00
[2025-02-06T18:40:46.762+0000] {processor.py:208} INFO - Processing /home/airflow/.local/lib/python3.12/site-packages/airflow/example_dags/example_branch_labels.py took 0.413 seconds
[2025-02-06T18:41:17.781+0000] {processor.py:186} INFO - Started process (PID=2882) to work on /home/airflow/.local/lib/python3.12/site-packages/airflow/example_dags/example_branch_labels.py
[2025-02-06T18:41:17.783+0000] {processor.py:914} INFO - Processing file /home/airflow/.local/lib/python3.12/site-packages/airflow/example_dags/example_branch_labels.py for tasks to queue
[2025-02-06T18:41:17.788+0000] {logging_mixin.py:190} INFO - [2025-02-06T18:41:17.787+0000] {dagbag.py:588} INFO - Filling up the DagBag from /home/airflow/.local/lib/python3.12/site-packages/airflow/example_dags/example_branch_labels.py
[2025-02-06T18:41:17.805+0000] {processor.py:925} INFO - DAG(s) 'example_branch_labels' retrieved from /home/airflow/.local/lib/python3.12/site-packages/airflow/example_dags/example_branch_labels.py
[2025-02-06T18:41:17.842+0000] {logging_mixin.py:190} INFO - [2025-02-06T18:41:17.841+0000] {dag.py:3239} INFO - Sync 1 DAGs
[2025-02-06T18:41:17.891+0000] {logging_mixin.py:190} INFO - [2025-02-06T18:41:17.890+0000] {dag.py:4180} INFO - Setting next_dagrun for example_branch_labels to 2025-02-05 00:00:00+00:00, run_after=2025-02-06 00:00:00+00:00
[2025-02-06T18:41:17.927+0000] {processor.py:208} INFO - Processing /home/airflow/.local/lib/python3.12/site-packages/airflow/example_dags/example_branch_labels.py took 0.161 seconds
[2025-02-06T18:41:49.758+0000] {processor.py:186} INFO - Started process (PID=2939) to work on /home/airflow/.local/lib/python3.12/site-packages/airflow/example_dags/example_branch_labels.py
[2025-02-06T18:41:49.760+0000] {processor.py:914} INFO - Processing file /home/airflow/.local/lib/python3.12/site-packages/airflow/example_dags/example_branch_labels.py for tasks to queue
[2025-02-06T18:41:49.770+0000] {logging_mixin.py:190} INFO - [2025-02-06T18:41:49.770+0000] {dagbag.py:588} INFO - Filling up the DagBag from /home/airflow/.local/lib/python3.12/site-packages/airflow/example_dags/example_branch_labels.py
[2025-02-06T18:41:49.798+0000] {processor.py:925} INFO - DAG(s) 'example_branch_labels' retrieved from /home/airflow/.local/lib/python3.12/site-packages/airflow/example_dags/example_branch_labels.py
[2025-02-06T18:41:49.854+0000] {logging_mixin.py:190} INFO - [2025-02-06T18:41:49.853+0000] {dag.py:3239} INFO - Sync 1 DAGs
[2025-02-06T18:41:49.909+0000] {logging_mixin.py:190} INFO - [2025-02-06T18:41:49.908+0000] {dag.py:4180} INFO - Setting next_dagrun for example_branch_labels to 2025-02-05 00:00:00+00:00, run_after=2025-02-06 00:00:00+00:00
[2025-02-06T18:41:49.951+0000] {processor.py:208} INFO - Processing /home/airflow/.local/lib/python3.12/site-packages/airflow/example_dags/example_branch_labels.py took 0.215 seconds
[2025-02-06T18:42:21.398+0000] {processor.py:186} INFO - Started process (PID=2996) to work on /home/airflow/.local/lib/python3.12/site-packages/airflow/example_dags/example_branch_labels.py
[2025-02-06T18:42:21.400+0000] {processor.py:914} INFO - Processing file /home/airflow/.local/lib/python3.12/site-packages/airflow/example_dags/example_branch_labels.py for tasks to queue
[2025-02-06T18:42:21.405+0000] {logging_mixin.py:190} INFO - [2025-02-06T18:42:21.404+0000] {dagbag.py:588} INFO - Filling up the DagBag from /home/airflow/.local/lib/python3.12/site-packages/airflow/example_dags/example_branch_labels.py
[2025-02-06T18:42:21.422+0000] {processor.py:925} INFO - DAG(s) 'example_branch_labels' retrieved from /home/airflow/.local/lib/python3.12/site-packages/airflow/example_dags/example_branch_labels.py
[2025-02-06T18:42:21.461+0000] {logging_mixin.py:190} INFO - [2025-02-06T18:42:21.461+0000] {dag.py:3239} INFO - Sync 1 DAGs
[2025-02-06T18:42:21.500+0000] {logging_mixin.py:190} INFO - [2025-02-06T18:42:21.500+0000] {dag.py:4180} INFO - Setting next_dagrun for example_branch_labels to 2025-02-05 00:00:00+00:00, run_after=2025-02-06 00:00:00+00:00
[2025-02-06T18:42:21.531+0000] {processor.py:208} INFO - Processing /home/airflow/.local/lib/python3.12/site-packages/airflow/example_dags/example_branch_labels.py took 0.145 seconds
[2025-02-06T18:42:52.943+0000] {processor.py:186} INFO - Started process (PID=3057) to work on /home/airflow/.local/lib/python3.12/site-packages/airflow/example_dags/example_branch_labels.py
[2025-02-06T18:42:52.944+0000] {processor.py:914} INFO - Processing file /home/airflow/.local/lib/python3.12/site-packages/airflow/example_dags/example_branch_labels.py for tasks to queue
[2025-02-06T18:42:52.948+0000] {logging_mixin.py:190} INFO - [2025-02-06T18:42:52.947+0000] {dagbag.py:588} INFO - Filling up the DagBag from /home/airflow/.local/lib/python3.12/site-packages/airflow/example_dags/example_branch_labels.py
[2025-02-06T18:42:52.963+0000] {processor.py:925} INFO - DAG(s) 'example_branch_labels' retrieved from /home/airflow/.local/lib/python3.12/site-packages/airflow/example_dags/example_branch_labels.py
[2025-02-06T18:42:52.998+0000] {logging_mixin.py:190} INFO - [2025-02-06T18:42:52.998+0000] {dag.py:3239} INFO - Sync 1 DAGs
[2025-02-06T18:42:53.041+0000] {logging_mixin.py:190} INFO - [2025-02-06T18:42:53.041+0000] {dag.py:4180} INFO - Setting next_dagrun for example_branch_labels to 2025-02-05 00:00:00+00:00, run_after=2025-02-06 00:00:00+00:00
[2025-02-06T18:42:53.075+0000] {processor.py:208} INFO - Processing /home/airflow/.local/lib/python3.12/site-packages/airflow/example_dags/example_branch_labels.py took 0.141 seconds
[2025-02-06T18:43:24.935+0000] {processor.py:186} INFO - Started process (PID=3114) to work on /home/airflow/.local/lib/python3.12/site-packages/airflow/example_dags/example_branch_labels.py
[2025-02-06T18:43:24.936+0000] {processor.py:914} INFO - Processing file /home/airflow/.local/lib/python3.12/site-packages/airflow/example_dags/example_branch_labels.py for tasks to queue
[2025-02-06T18:43:24.940+0000] {logging_mixin.py:190} INFO - [2025-02-06T18:43:24.939+0000] {dagbag.py:588} INFO - Filling up the DagBag from /home/airflow/.local/lib/python3.12/site-packages/airflow/example_dags/example_branch_labels.py
[2025-02-06T18:43:24.955+0000] {processor.py:925} INFO - DAG(s) 'example_branch_labels' retrieved from /home/airflow/.local/lib/python3.12/site-packages/airflow/example_dags/example_branch_labels.py
[2025-02-06T18:43:24.986+0000] {logging_mixin.py:190} INFO - [2025-02-06T18:43:24.986+0000] {dag.py:3239} INFO - Sync 1 DAGs
[2025-02-06T18:43:25.026+0000] {logging_mixin.py:190} INFO - [2025-02-06T18:43:25.025+0000] {dag.py:4180} INFO - Setting next_dagrun for example_branch_labels to 2025-02-05 00:00:00+00:00, run_after=2025-02-06 00:00:00+00:00
[2025-02-06T18:43:25.060+0000] {processor.py:208} INFO - Processing /home/airflow/.local/lib/python3.12/site-packages/airflow/example_dags/example_branch_labels.py took 0.137 seconds
[2025-02-06T18:43:57.055+0000] {processor.py:186} INFO - Started process (PID=3171) to work on /home/airflow/.local/lib/python3.12/site-packages/airflow/example_dags/example_branch_labels.py
[2025-02-06T18:43:57.057+0000] {processor.py:914} INFO - Processing file /home/airflow/.local/lib/python3.12/site-packages/airflow/example_dags/example_branch_labels.py for tasks to queue
[2025-02-06T18:43:57.063+0000] {logging_mixin.py:190} INFO - [2025-02-06T18:43:57.062+0000] {dagbag.py:588} INFO - Filling up the DagBag from /home/airflow/.local/lib/python3.12/site-packages/airflow/example_dags/example_branch_labels.py
[2025-02-06T18:43:57.106+0000] {processor.py:925} INFO - DAG(s) 'example_branch_labels' retrieved from /home/airflow/.local/lib/python3.12/site-packages/airflow/example_dags/example_branch_labels.py
[2025-02-06T18:43:57.157+0000] {logging_mixin.py:190} INFO - [2025-02-06T18:43:57.156+0000] {dag.py:3239} INFO - Sync 1 DAGs
[2025-02-06T18:43:57.230+0000] {logging_mixin.py:190} INFO - [2025-02-06T18:43:57.229+0000] {dag.py:4180} INFO - Setting next_dagrun for example_branch_labels to 2025-02-05 00:00:00+00:00, run_after=2025-02-06 00:00:00+00:00
[2025-02-06T18:43:57.269+0000] {processor.py:208} INFO - Processing /home/airflow/.local/lib/python3.12/site-packages/airflow/example_dags/example_branch_labels.py took 0.227 seconds
[2025-02-06T18:44:27.578+0000] {processor.py:186} INFO - Started process (PID=3227) to work on /home/airflow/.local/lib/python3.12/site-packages/airflow/example_dags/example_branch_labels.py
[2025-02-06T18:44:27.580+0000] {processor.py:914} INFO - Processing file /home/airflow/.local/lib/python3.12/site-packages/airflow/example_dags/example_branch_labels.py for tasks to queue
[2025-02-06T18:44:27.586+0000] {logging_mixin.py:190} INFO - [2025-02-06T18:44:27.585+0000] {dagbag.py:588} INFO - Filling up the DagBag from /home/airflow/.local/lib/python3.12/site-packages/airflow/example_dags/example_branch_labels.py
[2025-02-06T18:44:27.607+0000] {processor.py:925} INFO - DAG(s) 'example_branch_labels' retrieved from /home/airflow/.local/lib/python3.12/site-packages/airflow/example_dags/example_branch_labels.py
[2025-02-06T18:44:27.663+0000] {logging_mixin.py:190} INFO - [2025-02-06T18:44:27.663+0000] {dag.py:3239} INFO - Sync 1 DAGs
[2025-02-06T18:44:27.737+0000] {logging_mixin.py:190} INFO - [2025-02-06T18:44:27.736+0000] {dag.py:4180} INFO - Setting next_dagrun for example_branch_labels to 2025-02-05 00:00:00+00:00, run_after=2025-02-06 00:00:00+00:00
[2025-02-06T18:44:27.796+0000] {processor.py:208} INFO - Processing /home/airflow/.local/lib/python3.12/site-packages/airflow/example_dags/example_branch_labels.py took 0.232 seconds
[2025-02-06T18:44:58.810+0000] {processor.py:186} INFO - Started process (PID=3284) to work on /home/airflow/.local/lib/python3.12/site-packages/airflow/example_dags/example_branch_labels.py
[2025-02-06T18:44:58.812+0000] {processor.py:914} INFO - Processing file /home/airflow/.local/lib/python3.12/site-packages/airflow/example_dags/example_branch_labels.py for tasks to queue
[2025-02-06T18:44:58.817+0000] {logging_mixin.py:190} INFO - [2025-02-06T18:44:58.816+0000] {dagbag.py:588} INFO - Filling up the DagBag from /home/airflow/.local/lib/python3.12/site-packages/airflow/example_dags/example_branch_labels.py
[2025-02-06T18:44:58.839+0000] {processor.py:925} INFO - DAG(s) 'example_branch_labels' retrieved from /home/airflow/.local/lib/python3.12/site-packages/airflow/example_dags/example_branch_labels.py
[2025-02-06T18:44:58.876+0000] {logging_mixin.py:190} INFO - [2025-02-06T18:44:58.875+0000] {dag.py:3239} INFO - Sync 1 DAGs
[2025-02-06T18:44:58.930+0000] {logging_mixin.py:190} INFO - [2025-02-06T18:44:58.930+0000] {dag.py:4180} INFO - Setting next_dagrun for example_branch_labels to 2025-02-05 00:00:00+00:00, run_after=2025-02-06 00:00:00+00:00
[2025-02-06T18:44:59.000+0000] {processor.py:208} INFO - Processing /home/airflow/.local/lib/python3.12/site-packages/airflow/example_dags/example_branch_labels.py took 0.203 seconds
[2025-02-06T18:45:29.190+0000] {processor.py:186} INFO - Started process (PID=3340) to work on /home/airflow/.local/lib/python3.12/site-packages/airflow/example_dags/example_branch_labels.py
[2025-02-06T18:45:29.192+0000] {processor.py:914} INFO - Processing file /home/airflow/.local/lib/python3.12/site-packages/airflow/example_dags/example_branch_labels.py for tasks to queue
[2025-02-06T18:45:29.197+0000] {logging_mixin.py:190} INFO - [2025-02-06T18:45:29.197+0000] {dagbag.py:588} INFO - Filling up the DagBag from /home/airflow/.local/lib/python3.12/site-packages/airflow/example_dags/example_branch_labels.py
[2025-02-06T18:45:29.217+0000] {processor.py:925} INFO - DAG(s) 'example_branch_labels' retrieved from /home/airflow/.local/lib/python3.12/site-packages/airflow/example_dags/example_branch_labels.py
[2025-02-06T18:45:29.263+0000] {logging_mixin.py:190} INFO - [2025-02-06T18:45:29.262+0000] {dag.py:3239} INFO - Sync 1 DAGs
[2025-02-06T18:45:29.334+0000] {logging_mixin.py:190} INFO - [2025-02-06T18:45:29.334+0000] {dag.py:4180} INFO - Setting next_dagrun for example_branch_labels to 2025-02-05 00:00:00+00:00, run_after=2025-02-06 00:00:00+00:00
[2025-02-06T18:45:29.393+0000] {processor.py:208} INFO - Processing /home/airflow/.local/lib/python3.12/site-packages/airflow/example_dags/example_branch_labels.py took 0.216 seconds
[2025-02-06T18:45:59.482+0000] {processor.py:186} INFO - Started process (PID=3397) to work on /home/airflow/.local/lib/python3.12/site-packages/airflow/example_dags/example_branch_labels.py
[2025-02-06T18:45:59.484+0000] {processor.py:914} INFO - Processing file /home/airflow/.local/lib/python3.12/site-packages/airflow/example_dags/example_branch_labels.py for tasks to queue
[2025-02-06T18:45:59.490+0000] {logging_mixin.py:190} INFO - [2025-02-06T18:45:59.490+0000] {dagbag.py:588} INFO - Filling up the DagBag from /home/airflow/.local/lib/python3.12/site-packages/airflow/example_dags/example_branch_labels.py
[2025-02-06T18:45:59.508+0000] {processor.py:925} INFO - DAG(s) 'example_branch_labels' retrieved from /home/airflow/.local/lib/python3.12/site-packages/airflow/example_dags/example_branch_labels.py
[2025-02-06T18:45:59.548+0000] {logging_mixin.py:190} INFO - [2025-02-06T18:45:59.547+0000] {dag.py:3239} INFO - Sync 1 DAGs
[2025-02-06T18:45:59.610+0000] {logging_mixin.py:190} INFO - [2025-02-06T18:45:59.610+0000] {dag.py:4180} INFO - Setting next_dagrun for example_branch_labels to 2025-02-05 00:00:00+00:00, run_after=2025-02-06 00:00:00+00:00
[2025-02-06T18:45:59.661+0000] {processor.py:208} INFO - Processing /home/airflow/.local/lib/python3.12/site-packages/airflow/example_dags/example_branch_labels.py took 0.194 seconds
[2025-02-06T18:46:30.335+0000] {processor.py:186} INFO - Started process (PID=3454) to work on /home/airflow/.local/lib/python3.12/site-packages/airflow/example_dags/example_branch_labels.py
[2025-02-06T18:46:30.336+0000] {processor.py:914} INFO - Processing file /home/airflow/.local/lib/python3.12/site-packages/airflow/example_dags/example_branch_labels.py for tasks to queue
[2025-02-06T18:46:30.340+0000] {logging_mixin.py:190} INFO - [2025-02-06T18:46:30.339+0000] {dagbag.py:588} INFO - Filling up the DagBag from /home/airflow/.local/lib/python3.12/site-packages/airflow/example_dags/example_branch_labels.py
[2025-02-06T18:46:30.353+0000] {processor.py:925} INFO - DAG(s) 'example_branch_labels' retrieved from /home/airflow/.local/lib/python3.12/site-packages/airflow/example_dags/example_branch_labels.py
[2025-02-06T18:46:30.379+0000] {logging_mixin.py:190} INFO - [2025-02-06T18:46:30.379+0000] {dag.py:3239} INFO - Sync 1 DAGs
[2025-02-06T18:46:30.416+0000] {logging_mixin.py:190} INFO - [2025-02-06T18:46:30.416+0000] {dag.py:4180} INFO - Setting next_dagrun for example_branch_labels to 2025-02-05 00:00:00+00:00, run_after=2025-02-06 00:00:00+00:00
[2025-02-06T18:46:30.445+0000] {processor.py:208} INFO - Processing /home/airflow/.local/lib/python3.12/site-packages/airflow/example_dags/example_branch_labels.py took 0.119 seconds
[2025-02-06T18:47:00.869+0000] {processor.py:186} INFO - Started process (PID=3511) to work on /home/airflow/.local/lib/python3.12/site-packages/airflow/example_dags/example_branch_labels.py
[2025-02-06T18:47:00.870+0000] {processor.py:914} INFO - Processing file /home/airflow/.local/lib/python3.12/site-packages/airflow/example_dags/example_branch_labels.py for tasks to queue
[2025-02-06T18:47:00.874+0000] {logging_mixin.py:190} INFO - [2025-02-06T18:47:00.873+0000] {dagbag.py:588} INFO - Filling up the DagBag from /home/airflow/.local/lib/python3.12/site-packages/airflow/example_dags/example_branch_labels.py
[2025-02-06T18:47:00.887+0000] {processor.py:925} INFO - DAG(s) 'example_branch_labels' retrieved from /home/airflow/.local/lib/python3.12/site-packages/airflow/example_dags/example_branch_labels.py
[2025-02-06T18:47:00.919+0000] {logging_mixin.py:190} INFO - [2025-02-06T18:47:00.919+0000] {dag.py:3239} INFO - Sync 1 DAGs
[2025-02-06T18:47:00.963+0000] {logging_mixin.py:190} INFO - [2025-02-06T18:47:00.963+0000] {dag.py:4180} INFO - Setting next_dagrun for example_branch_labels to 2025-02-05 00:00:00+00:00, run_after=2025-02-06 00:00:00+00:00
[2025-02-06T18:47:00.990+0000] {processor.py:208} INFO - Processing /home/airflow/.local/lib/python3.12/site-packages/airflow/example_dags/example_branch_labels.py took 0.129 seconds
[2025-02-06T18:47:31.361+0000] {processor.py:186} INFO - Started process (PID=3568) to work on /home/airflow/.local/lib/python3.12/site-packages/airflow/example_dags/example_branch_labels.py
[2025-02-06T18:47:31.365+0000] {processor.py:914} INFO - Processing file /home/airflow/.local/lib/python3.12/site-packages/airflow/example_dags/example_branch_labels.py for tasks to queue
[2025-02-06T18:47:31.372+0000] {logging_mixin.py:190} INFO - [2025-02-06T18:47:31.371+0000] {dagbag.py:588} INFO - Filling up the DagBag from /home/airflow/.local/lib/python3.12/site-packages/airflow/example_dags/example_branch_labels.py
[2025-02-06T18:47:31.400+0000] {processor.py:925} INFO - DAG(s) 'example_branch_labels' retrieved from /home/airflow/.local/lib/python3.12/site-packages/airflow/example_dags/example_branch_labels.py
[2025-02-06T18:47:31.449+0000] {logging_mixin.py:190} INFO - [2025-02-06T18:47:31.449+0000] {dag.py:3239} INFO - Sync 1 DAGs
[2025-02-06T18:47:31.507+0000] {logging_mixin.py:190} INFO - [2025-02-06T18:47:31.506+0000] {dag.py:4180} INFO - Setting next_dagrun for example_branch_labels to 2025-02-05 00:00:00+00:00, run_after=2025-02-06 00:00:00+00:00
[2025-02-06T18:47:31.553+0000] {processor.py:208} INFO - Processing /home/airflow/.local/lib/python3.12/site-packages/airflow/example_dags/example_branch_labels.py took 0.205 seconds
[2025-02-06T18:48:01.984+0000] {processor.py:186} INFO - Started process (PID=3625) to work on /home/airflow/.local/lib/python3.12/site-packages/airflow/example_dags/example_branch_labels.py
[2025-02-06T18:48:01.985+0000] {processor.py:914} INFO - Processing file /home/airflow/.local/lib/python3.12/site-packages/airflow/example_dags/example_branch_labels.py for tasks to queue
[2025-02-06T18:48:01.990+0000] {logging_mixin.py:190} INFO - [2025-02-06T18:48:01.990+0000] {dagbag.py:588} INFO - Filling up the DagBag from /home/airflow/.local/lib/python3.12/site-packages/airflow/example_dags/example_branch_labels.py
[2025-02-06T18:48:02.004+0000] {processor.py:925} INFO - DAG(s) 'example_branch_labels' retrieved from /home/airflow/.local/lib/python3.12/site-packages/airflow/example_dags/example_branch_labels.py
[2025-02-06T18:48:02.033+0000] {logging_mixin.py:190} INFO - [2025-02-06T18:48:02.032+0000] {dag.py:3239} INFO - Sync 1 DAGs
[2025-02-06T18:48:02.069+0000] {logging_mixin.py:190} INFO - [2025-02-06T18:48:02.069+0000] {dag.py:4180} INFO - Setting next_dagrun for example_branch_labels to 2025-02-05 00:00:00+00:00, run_after=2025-02-06 00:00:00+00:00
[2025-02-06T18:48:02.106+0000] {processor.py:208} INFO - Processing /home/airflow/.local/lib/python3.12/site-packages/airflow/example_dags/example_branch_labels.py took 0.132 seconds
[2025-02-06T18:48:32.279+0000] {processor.py:186} INFO - Started process (PID=3682) to work on /home/airflow/.local/lib/python3.12/site-packages/airflow/example_dags/example_branch_labels.py
[2025-02-06T18:48:32.281+0000] {processor.py:914} INFO - Processing file /home/airflow/.local/lib/python3.12/site-packages/airflow/example_dags/example_branch_labels.py for tasks to queue
[2025-02-06T18:48:32.285+0000] {logging_mixin.py:190} INFO - [2025-02-06T18:48:32.285+0000] {dagbag.py:588} INFO - Filling up the DagBag from /home/airflow/.local/lib/python3.12/site-packages/airflow/example_dags/example_branch_labels.py
[2025-02-06T18:48:32.301+0000] {processor.py:925} INFO - DAG(s) 'example_branch_labels' retrieved from /home/airflow/.local/lib/python3.12/site-packages/airflow/example_dags/example_branch_labels.py
[2025-02-06T18:48:32.329+0000] {logging_mixin.py:190} INFO - [2025-02-06T18:48:32.329+0000] {dag.py:3239} INFO - Sync 1 DAGs
[2025-02-06T18:48:32.375+0000] {logging_mixin.py:190} INFO - [2025-02-06T18:48:32.375+0000] {dag.py:4180} INFO - Setting next_dagrun for example_branch_labels to 2025-02-05 00:00:00+00:00, run_after=2025-02-06 00:00:00+00:00
[2025-02-06T18:48:32.405+0000] {processor.py:208} INFO - Processing /home/airflow/.local/lib/python3.12/site-packages/airflow/example_dags/example_branch_labels.py took 0.138 seconds
[2025-02-06T18:49:02.501+0000] {processor.py:186} INFO - Started process (PID=3739) to work on /home/airflow/.local/lib/python3.12/site-packages/airflow/example_dags/example_branch_labels.py
[2025-02-06T18:49:02.503+0000] {processor.py:914} INFO - Processing file /home/airflow/.local/lib/python3.12/site-packages/airflow/example_dags/example_branch_labels.py for tasks to queue
[2025-02-06T18:49:02.507+0000] {logging_mixin.py:190} INFO - [2025-02-06T18:49:02.506+0000] {dagbag.py:588} INFO - Filling up the DagBag from /home/airflow/.local/lib/python3.12/site-packages/airflow/example_dags/example_branch_labels.py
[2025-02-06T18:49:02.522+0000] {processor.py:925} INFO - DAG(s) 'example_branch_labels' retrieved from /home/airflow/.local/lib/python3.12/site-packages/airflow/example_dags/example_branch_labels.py
[2025-02-06T18:49:02.556+0000] {logging_mixin.py:190} INFO - [2025-02-06T18:49:02.555+0000] {dag.py:3239} INFO - Sync 1 DAGs
[2025-02-06T18:49:02.595+0000] {logging_mixin.py:190} INFO - [2025-02-06T18:49:02.594+0000] {dag.py:4180} INFO - Setting next_dagrun for example_branch_labels to 2025-02-05 00:00:00+00:00, run_after=2025-02-06 00:00:00+00:00
[2025-02-06T18:49:02.623+0000] {processor.py:208} INFO - Processing /home/airflow/.local/lib/python3.12/site-packages/airflow/example_dags/example_branch_labels.py took 0.131 seconds
[2025-02-06T18:49:33.385+0000] {processor.py:186} INFO - Started process (PID=3796) to work on /home/airflow/.local/lib/python3.12/site-packages/airflow/example_dags/example_branch_labels.py
[2025-02-06T18:49:33.388+0000] {processor.py:914} INFO - Processing file /home/airflow/.local/lib/python3.12/site-packages/airflow/example_dags/example_branch_labels.py for tasks to queue
[2025-02-06T18:49:33.396+0000] {logging_mixin.py:190} INFO - [2025-02-06T18:49:33.396+0000] {dagbag.py:588} INFO - Filling up the DagBag from /home/airflow/.local/lib/python3.12/site-packages/airflow/example_dags/example_branch_labels.py
[2025-02-06T18:49:33.416+0000] {processor.py:925} INFO - DAG(s) 'example_branch_labels' retrieved from /home/airflow/.local/lib/python3.12/site-packages/airflow/example_dags/example_branch_labels.py
[2025-02-06T18:49:33.451+0000] {logging_mixin.py:190} INFO - [2025-02-06T18:49:33.450+0000] {dag.py:3239} INFO - Sync 1 DAGs
[2025-02-06T18:49:33.499+0000] {logging_mixin.py:190} INFO - [2025-02-06T18:49:33.499+0000] {dag.py:4180} INFO - Setting next_dagrun for example_branch_labels to 2025-02-05 00:00:00+00:00, run_after=2025-02-06 00:00:00+00:00
[2025-02-06T18:49:33.545+0000] {processor.py:208} INFO - Processing /home/airflow/.local/lib/python3.12/site-packages/airflow/example_dags/example_branch_labels.py took 0.178 seconds
[2025-02-06T18:50:04.102+0000] {processor.py:186} INFO - Started process (PID=3853) to work on /home/airflow/.local/lib/python3.12/site-packages/airflow/example_dags/example_branch_labels.py
[2025-02-06T18:50:04.103+0000] {processor.py:914} INFO - Processing file /home/airflow/.local/lib/python3.12/site-packages/airflow/example_dags/example_branch_labels.py for tasks to queue
[2025-02-06T18:50:04.107+0000] {logging_mixin.py:190} INFO - [2025-02-06T18:50:04.106+0000] {dagbag.py:588} INFO - Filling up the DagBag from /home/airflow/.local/lib/python3.12/site-packages/airflow/example_dags/example_branch_labels.py
[2025-02-06T18:50:04.121+0000] {processor.py:925} INFO - DAG(s) 'example_branch_labels' retrieved from /home/airflow/.local/lib/python3.12/site-packages/airflow/example_dags/example_branch_labels.py
[2025-02-06T18:50:04.157+0000] {logging_mixin.py:190} INFO - [2025-02-06T18:50:04.157+0000] {dag.py:3239} INFO - Sync 1 DAGs
[2025-02-06T18:50:04.218+0000] {logging_mixin.py:190} INFO - [2025-02-06T18:50:04.217+0000] {dag.py:4180} INFO - Setting next_dagrun for example_branch_labels to 2025-02-05 00:00:00+00:00, run_after=2025-02-06 00:00:00+00:00
[2025-02-06T18:50:04.255+0000] {processor.py:208} INFO - Processing /home/airflow/.local/lib/python3.12/site-packages/airflow/example_dags/example_branch_labels.py took 0.162 seconds
[2025-02-06T18:50:34.967+0000] {processor.py:186} INFO - Started process (PID=3910) to work on /home/airflow/.local/lib/python3.12/site-packages/airflow/example_dags/example_branch_labels.py
[2025-02-06T18:50:34.969+0000] {processor.py:914} INFO - Processing file /home/airflow/.local/lib/python3.12/site-packages/airflow/example_dags/example_branch_labels.py for tasks to queue
[2025-02-06T18:50:34.974+0000] {logging_mixin.py:190} INFO - [2025-02-06T18:50:34.973+0000] {dagbag.py:588} INFO - Filling up the DagBag from /home/airflow/.local/lib/python3.12/site-packages/airflow/example_dags/example_branch_labels.py
[2025-02-06T18:50:34.988+0000] {processor.py:925} INFO - DAG(s) 'example_branch_labels' retrieved from /home/airflow/.local/lib/python3.12/site-packages/airflow/example_dags/example_branch_labels.py
[2025-02-06T18:50:35.016+0000] {logging_mixin.py:190} INFO - [2025-02-06T18:50:35.015+0000] {dag.py:3239} INFO - Sync 1 DAGs
[2025-02-06T18:50:35.055+0000] {logging_mixin.py:190} INFO - [2025-02-06T18:50:35.055+0000] {dag.py:4180} INFO - Setting next_dagrun for example_branch_labels to 2025-02-05 00:00:00+00:00, run_after=2025-02-06 00:00:00+00:00
[2025-02-06T18:50:35.097+0000] {processor.py:208} INFO - Processing /home/airflow/.local/lib/python3.12/site-packages/airflow/example_dags/example_branch_labels.py took 0.140 seconds
[2025-02-06T18:51:05.272+0000] {processor.py:186} INFO - Started process (PID=3967) to work on /home/airflow/.local/lib/python3.12/site-packages/airflow/example_dags/example_branch_labels.py
[2025-02-06T18:51:05.273+0000] {processor.py:914} INFO - Processing file /home/airflow/.local/lib/python3.12/site-packages/airflow/example_dags/example_branch_labels.py for tasks to queue
[2025-02-06T18:51:05.277+0000] {logging_mixin.py:190} INFO - [2025-02-06T18:51:05.276+0000] {dagbag.py:588} INFO - Filling up the DagBag from /home/airflow/.local/lib/python3.12/site-packages/airflow/example_dags/example_branch_labels.py
[2025-02-06T18:51:05.292+0000] {processor.py:925} INFO - DAG(s) 'example_branch_labels' retrieved from /home/airflow/.local/lib/python3.12/site-packages/airflow/example_dags/example_branch_labels.py
[2025-02-06T18:51:05.324+0000] {logging_mixin.py:190} INFO - [2025-02-06T18:51:05.324+0000] {dag.py:3239} INFO - Sync 1 DAGs
[2025-02-06T18:51:05.377+0000] {logging_mixin.py:190} INFO - [2025-02-06T18:51:05.377+0000] {dag.py:4180} INFO - Setting next_dagrun for example_branch_labels to 2025-02-05 00:00:00+00:00, run_after=2025-02-06 00:00:00+00:00
[2025-02-06T18:51:05.409+0000] {processor.py:208} INFO - Processing /home/airflow/.local/lib/python3.12/site-packages/airflow/example_dags/example_branch_labels.py took 0.146 seconds
[2025-02-06T18:51:36.695+0000] {processor.py:186} INFO - Started process (PID=4024) to work on /home/airflow/.local/lib/python3.12/site-packages/airflow/example_dags/example_branch_labels.py
[2025-02-06T18:51:36.696+0000] {processor.py:914} INFO - Processing file /home/airflow/.local/lib/python3.12/site-packages/airflow/example_dags/example_branch_labels.py for tasks to queue
[2025-02-06T18:51:36.700+0000] {logging_mixin.py:190} INFO - [2025-02-06T18:51:36.699+0000] {dagbag.py:588} INFO - Filling up the DagBag from /home/airflow/.local/lib/python3.12/site-packages/airflow/example_dags/example_branch_labels.py
[2025-02-06T18:51:36.719+0000] {processor.py:925} INFO - DAG(s) 'example_branch_labels' retrieved from /home/airflow/.local/lib/python3.12/site-packages/airflow/example_dags/example_branch_labels.py
[2025-02-06T18:51:36.751+0000] {logging_mixin.py:190} INFO - [2025-02-06T18:51:36.751+0000] {dag.py:3239} INFO - Sync 1 DAGs
[2025-02-06T18:51:36.792+0000] {logging_mixin.py:190} INFO - [2025-02-06T18:51:36.791+0000] {dag.py:4180} INFO - Setting next_dagrun for example_branch_labels to 2025-02-05 00:00:00+00:00, run_after=2025-02-06 00:00:00+00:00
[2025-02-06T18:51:36.828+0000] {processor.py:208} INFO - Processing /home/airflow/.local/lib/python3.12/site-packages/airflow/example_dags/example_branch_labels.py took 0.144 seconds
[2025-02-06T18:52:07.908+0000] {processor.py:186} INFO - Started process (PID=4081) to work on /home/airflow/.local/lib/python3.12/site-packages/airflow/example_dags/example_branch_labels.py
[2025-02-06T18:52:07.910+0000] {processor.py:914} INFO - Processing file /home/airflow/.local/lib/python3.12/site-packages/airflow/example_dags/example_branch_labels.py for tasks to queue
[2025-02-06T18:52:07.915+0000] {logging_mixin.py:190} INFO - [2025-02-06T18:52:07.914+0000] {dagbag.py:588} INFO - Filling up the DagBag from /home/airflow/.local/lib/python3.12/site-packages/airflow/example_dags/example_branch_labels.py
[2025-02-06T18:52:07.930+0000] {processor.py:925} INFO - DAG(s) 'example_branch_labels' retrieved from /home/airflow/.local/lib/python3.12/site-packages/airflow/example_dags/example_branch_labels.py
[2025-02-06T18:52:07.959+0000] {logging_mixin.py:190} INFO - [2025-02-06T18:52:07.959+0000] {dag.py:3239} INFO - Sync 1 DAGs
[2025-02-06T18:52:07.996+0000] {logging_mixin.py:190} INFO - [2025-02-06T18:52:07.995+0000] {dag.py:4180} INFO - Setting next_dagrun for example_branch_labels to 2025-02-05 00:00:00+00:00, run_after=2025-02-06 00:00:00+00:00
[2025-02-06T18:52:08.034+0000] {processor.py:208} INFO - Processing /home/airflow/.local/lib/python3.12/site-packages/airflow/example_dags/example_branch_labels.py took 0.136 seconds
[2025-02-06T18:52:38.912+0000] {processor.py:186} INFO - Started process (PID=4138) to work on /home/airflow/.local/lib/python3.12/site-packages/airflow/example_dags/example_branch_labels.py
[2025-02-06T18:52:38.914+0000] {processor.py:914} INFO - Processing file /home/airflow/.local/lib/python3.12/site-packages/airflow/example_dags/example_branch_labels.py for tasks to queue
[2025-02-06T18:52:38.918+0000] {logging_mixin.py:190} INFO - [2025-02-06T18:52:38.918+0000] {dagbag.py:588} INFO - Filling up the DagBag from /home/airflow/.local/lib/python3.12/site-packages/airflow/example_dags/example_branch_labels.py
[2025-02-06T18:52:38.942+0000] {processor.py:925} INFO - DAG(s) 'example_branch_labels' retrieved from /home/airflow/.local/lib/python3.12/site-packages/airflow/example_dags/example_branch_labels.py
[2025-02-06T18:52:38.978+0000] {logging_mixin.py:190} INFO - [2025-02-06T18:52:38.978+0000] {dag.py:3239} INFO - Sync 1 DAGs
[2025-02-06T18:52:39.015+0000] {logging_mixin.py:190} INFO - [2025-02-06T18:52:39.015+0000] {dag.py:4180} INFO - Setting next_dagrun for example_branch_labels to 2025-02-05 00:00:00+00:00, run_after=2025-02-06 00:00:00+00:00
[2025-02-06T18:52:39.045+0000] {processor.py:208} INFO - Processing /home/airflow/.local/lib/python3.12/site-packages/airflow/example_dags/example_branch_labels.py took 0.146 seconds
[2025-02-06T18:53:10.334+0000] {processor.py:186} INFO - Started process (PID=4195) to work on /home/airflow/.local/lib/python3.12/site-packages/airflow/example_dags/example_branch_labels.py
[2025-02-06T18:53:10.336+0000] {processor.py:914} INFO - Processing file /home/airflow/.local/lib/python3.12/site-packages/airflow/example_dags/example_branch_labels.py for tasks to queue
[2025-02-06T18:53:10.339+0000] {logging_mixin.py:190} INFO - [2025-02-06T18:53:10.339+0000] {dagbag.py:588} INFO - Filling up the DagBag from /home/airflow/.local/lib/python3.12/site-packages/airflow/example_dags/example_branch_labels.py
[2025-02-06T18:53:10.353+0000] {processor.py:925} INFO - DAG(s) 'example_branch_labels' retrieved from /home/airflow/.local/lib/python3.12/site-packages/airflow/example_dags/example_branch_labels.py
[2025-02-06T18:53:10.383+0000] {logging_mixin.py:190} INFO - [2025-02-06T18:53:10.382+0000] {dag.py:3239} INFO - Sync 1 DAGs
[2025-02-06T18:53:10.437+0000] {logging_mixin.py:190} INFO - [2025-02-06T18:53:10.436+0000] {dag.py:4180} INFO - Setting next_dagrun for example_branch_labels to 2025-02-05 00:00:00+00:00, run_after=2025-02-06 00:00:00+00:00
[2025-02-06T18:53:10.464+0000] {processor.py:208} INFO - Processing /home/airflow/.local/lib/python3.12/site-packages/airflow/example_dags/example_branch_labels.py took 0.138 seconds
[2025-02-06T18:53:41.313+0000] {processor.py:186} INFO - Started process (PID=4252) to work on /home/airflow/.local/lib/python3.12/site-packages/airflow/example_dags/example_branch_labels.py
[2025-02-06T18:53:41.316+0000] {processor.py:914} INFO - Processing file /home/airflow/.local/lib/python3.12/site-packages/airflow/example_dags/example_branch_labels.py for tasks to queue
[2025-02-06T18:53:41.320+0000] {logging_mixin.py:190} INFO - [2025-02-06T18:53:41.320+0000] {dagbag.py:588} INFO - Filling up the DagBag from /home/airflow/.local/lib/python3.12/site-packages/airflow/example_dags/example_branch_labels.py
[2025-02-06T18:53:41.340+0000] {processor.py:925} INFO - DAG(s) 'example_branch_labels' retrieved from /home/airflow/.local/lib/python3.12/site-packages/airflow/example_dags/example_branch_labels.py
[2025-02-06T18:53:41.373+0000] {logging_mixin.py:190} INFO - [2025-02-06T18:53:41.373+0000] {dag.py:3239} INFO - Sync 1 DAGs
[2025-02-06T18:53:41.420+0000] {logging_mixin.py:190} INFO - [2025-02-06T18:53:41.419+0000] {dag.py:4180} INFO - Setting next_dagrun for example_branch_labels to 2025-02-05 00:00:00+00:00, run_after=2025-02-06 00:00:00+00:00
[2025-02-06T18:53:41.463+0000] {processor.py:208} INFO - Processing /home/airflow/.local/lib/python3.12/site-packages/airflow/example_dags/example_branch_labels.py took 0.160 seconds
[2025-02-06T18:54:13.192+0000] {processor.py:186} INFO - Started process (PID=4309) to work on /home/airflow/.local/lib/python3.12/site-packages/airflow/example_dags/example_branch_labels.py
[2025-02-06T18:54:13.193+0000] {processor.py:914} INFO - Processing file /home/airflow/.local/lib/python3.12/site-packages/airflow/example_dags/example_branch_labels.py for tasks to queue
[2025-02-06T18:54:13.196+0000] {logging_mixin.py:190} INFO - [2025-02-06T18:54:13.196+0000] {dagbag.py:588} INFO - Filling up the DagBag from /home/airflow/.local/lib/python3.12/site-packages/airflow/example_dags/example_branch_labels.py
[2025-02-06T18:54:13.210+0000] {processor.py:925} INFO - DAG(s) 'example_branch_labels' retrieved from /home/airflow/.local/lib/python3.12/site-packages/airflow/example_dags/example_branch_labels.py
[2025-02-06T18:54:13.243+0000] {logging_mixin.py:190} INFO - [2025-02-06T18:54:13.242+0000] {dag.py:3239} INFO - Sync 1 DAGs
[2025-02-06T18:54:13.287+0000] {logging_mixin.py:190} INFO - [2025-02-06T18:54:13.286+0000] {dag.py:4180} INFO - Setting next_dagrun for example_branch_labels to 2025-02-05 00:00:00+00:00, run_after=2025-02-06 00:00:00+00:00
[2025-02-06T18:54:13.313+0000] {processor.py:208} INFO - Processing /home/airflow/.local/lib/python3.12/site-packages/airflow/example_dags/example_branch_labels.py took 0.131 seconds
[2025-02-06T18:54:44.624+0000] {processor.py:186} INFO - Started process (PID=4366) to work on /home/airflow/.local/lib/python3.12/site-packages/airflow/example_dags/example_branch_labels.py
[2025-02-06T18:54:44.626+0000] {processor.py:914} INFO - Processing file /home/airflow/.local/lib/python3.12/site-packages/airflow/example_dags/example_branch_labels.py for tasks to queue
[2025-02-06T18:54:44.631+0000] {logging_mixin.py:190} INFO - [2025-02-06T18:54:44.630+0000] {dagbag.py:588} INFO - Filling up the DagBag from /home/airflow/.local/lib/python3.12/site-packages/airflow/example_dags/example_branch_labels.py
[2025-02-06T18:54:44.654+0000] {processor.py:925} INFO - DAG(s) 'example_branch_labels' retrieved from /home/airflow/.local/lib/python3.12/site-packages/airflow/example_dags/example_branch_labels.py
[2025-02-06T18:54:44.688+0000] {logging_mixin.py:190} INFO - [2025-02-06T18:54:44.688+0000] {dag.py:3239} INFO - Sync 1 DAGs
[2025-02-06T18:54:44.734+0000] {logging_mixin.py:190} INFO - [2025-02-06T18:54:44.733+0000] {dag.py:4180} INFO - Setting next_dagrun for example_branch_labels to 2025-02-05 00:00:00+00:00, run_after=2025-02-06 00:00:00+00:00
[2025-02-06T18:54:44.763+0000] {processor.py:208} INFO - Processing /home/airflow/.local/lib/python3.12/site-packages/airflow/example_dags/example_branch_labels.py took 0.146 seconds
[2025-02-06T18:55:16.132+0000] {processor.py:186} INFO - Started process (PID=4423) to work on /home/airflow/.local/lib/python3.12/site-packages/airflow/example_dags/example_branch_labels.py
[2025-02-06T18:55:16.133+0000] {processor.py:914} INFO - Processing file /home/airflow/.local/lib/python3.12/site-packages/airflow/example_dags/example_branch_labels.py for tasks to queue
[2025-02-06T18:55:16.139+0000] {logging_mixin.py:190} INFO - [2025-02-06T18:55:16.138+0000] {dagbag.py:588} INFO - Filling up the DagBag from /home/airflow/.local/lib/python3.12/site-packages/airflow/example_dags/example_branch_labels.py
[2025-02-06T18:55:16.161+0000] {processor.py:925} INFO - DAG(s) 'example_branch_labels' retrieved from /home/airflow/.local/lib/python3.12/site-packages/airflow/example_dags/example_branch_labels.py
[2025-02-06T18:55:16.199+0000] {logging_mixin.py:190} INFO - [2025-02-06T18:55:16.199+0000] {dag.py:3239} INFO - Sync 1 DAGs
[2025-02-06T18:55:16.240+0000] {logging_mixin.py:190} INFO - [2025-02-06T18:55:16.240+0000] {dag.py:4180} INFO - Setting next_dagrun for example_branch_labels to 2025-02-05 00:00:00+00:00, run_after=2025-02-06 00:00:00+00:00
[2025-02-06T18:55:16.275+0000] {processor.py:208} INFO - Processing /home/airflow/.local/lib/python3.12/site-packages/airflow/example_dags/example_branch_labels.py took 0.154 seconds
[2025-02-06T18:55:47.163+0000] {processor.py:186} INFO - Started process (PID=4480) to work on /home/airflow/.local/lib/python3.12/site-packages/airflow/example_dags/example_branch_labels.py
[2025-02-06T18:55:47.164+0000] {processor.py:914} INFO - Processing file /home/airflow/.local/lib/python3.12/site-packages/airflow/example_dags/example_branch_labels.py for tasks to queue
[2025-02-06T18:55:47.168+0000] {logging_mixin.py:190} INFO - [2025-02-06T18:55:47.168+0000] {dagbag.py:588} INFO - Filling up the DagBag from /home/airflow/.local/lib/python3.12/site-packages/airflow/example_dags/example_branch_labels.py
[2025-02-06T18:55:47.195+0000] {processor.py:925} INFO - DAG(s) 'example_branch_labels' retrieved from /home/airflow/.local/lib/python3.12/site-packages/airflow/example_dags/example_branch_labels.py
[2025-02-06T18:55:47.240+0000] {logging_mixin.py:190} INFO - [2025-02-06T18:55:47.239+0000] {dag.py:3239} INFO - Sync 1 DAGs
[2025-02-06T18:55:47.293+0000] {logging_mixin.py:190} INFO - [2025-02-06T18:55:47.293+0000] {dag.py:4180} INFO - Setting next_dagrun for example_branch_labels to 2025-02-05 00:00:00+00:00, run_after=2025-02-06 00:00:00+00:00
[2025-02-06T18:55:47.339+0000] {processor.py:208} INFO - Processing /home/airflow/.local/lib/python3.12/site-packages/airflow/example_dags/example_branch_labels.py took 0.186 seconds
[2025-02-06T18:56:18.657+0000] {processor.py:186} INFO - Started process (PID=4538) to work on /home/airflow/.local/lib/python3.12/site-packages/airflow/example_dags/example_branch_labels.py
[2025-02-06T18:56:18.659+0000] {processor.py:914} INFO - Processing file /home/airflow/.local/lib/python3.12/site-packages/airflow/example_dags/example_branch_labels.py for tasks to queue
[2025-02-06T18:56:18.663+0000] {logging_mixin.py:190} INFO - [2025-02-06T18:56:18.663+0000] {dagbag.py:588} INFO - Filling up the DagBag from /home/airflow/.local/lib/python3.12/site-packages/airflow/example_dags/example_branch_labels.py
[2025-02-06T18:56:18.680+0000] {processor.py:925} INFO - DAG(s) 'example_branch_labels' retrieved from /home/airflow/.local/lib/python3.12/site-packages/airflow/example_dags/example_branch_labels.py
[2025-02-06T18:56:18.709+0000] {logging_mixin.py:190} INFO - [2025-02-06T18:56:18.708+0000] {dag.py:3239} INFO - Sync 1 DAGs
[2025-02-06T18:56:18.752+0000] {logging_mixin.py:190} INFO - [2025-02-06T18:56:18.751+0000] {dag.py:4180} INFO - Setting next_dagrun for example_branch_labels to 2025-02-05 00:00:00+00:00, run_after=2025-02-06 00:00:00+00:00
[2025-02-06T18:56:18.782+0000] {processor.py:208} INFO - Processing /home/airflow/.local/lib/python3.12/site-packages/airflow/example_dags/example_branch_labels.py took 0.134 seconds
[2025-02-06T18:56:50.961+0000] {processor.py:186} INFO - Started process (PID=4596) to work on /home/airflow/.local/lib/python3.12/site-packages/airflow/example_dags/example_branch_labels.py
[2025-02-06T18:56:50.963+0000] {processor.py:914} INFO - Processing file /home/airflow/.local/lib/python3.12/site-packages/airflow/example_dags/example_branch_labels.py for tasks to queue
[2025-02-06T18:56:50.968+0000] {logging_mixin.py:190} INFO - [2025-02-06T18:56:50.968+0000] {dagbag.py:588} INFO - Filling up the DagBag from /home/airflow/.local/lib/python3.12/site-packages/airflow/example_dags/example_branch_labels.py
[2025-02-06T18:56:50.985+0000] {processor.py:925} INFO - DAG(s) 'example_branch_labels' retrieved from /home/airflow/.local/lib/python3.12/site-packages/airflow/example_dags/example_branch_labels.py
[2025-02-06T18:56:51.017+0000] {logging_mixin.py:190} INFO - [2025-02-06T18:56:51.017+0000] {dag.py:3239} INFO - Sync 1 DAGs
[2025-02-06T18:56:51.067+0000] {logging_mixin.py:190} INFO - [2025-02-06T18:56:51.067+0000] {dag.py:4180} INFO - Setting next_dagrun for example_branch_labels to 2025-02-05 00:00:00+00:00, run_after=2025-02-06 00:00:00+00:00
[2025-02-06T18:56:51.101+0000] {processor.py:208} INFO - Processing /home/airflow/.local/lib/python3.12/site-packages/airflow/example_dags/example_branch_labels.py took 0.153 seconds
[2025-02-06T18:57:23.710+0000] {processor.py:186} INFO - Started process (PID=4656) to work on /home/airflow/.local/lib/python3.12/site-packages/airflow/example_dags/example_branch_labels.py
[2025-02-06T18:57:23.713+0000] {processor.py:914} INFO - Processing file /home/airflow/.local/lib/python3.12/site-packages/airflow/example_dags/example_branch_labels.py for tasks to queue
[2025-02-06T18:57:23.718+0000] {logging_mixin.py:190} INFO - [2025-02-06T18:57:23.717+0000] {dagbag.py:588} INFO - Filling up the DagBag from /home/airflow/.local/lib/python3.12/site-packages/airflow/example_dags/example_branch_labels.py
[2025-02-06T18:57:23.739+0000] {processor.py:925} INFO - DAG(s) 'example_branch_labels' retrieved from /home/airflow/.local/lib/python3.12/site-packages/airflow/example_dags/example_branch_labels.py
[2025-02-06T18:57:23.779+0000] {logging_mixin.py:190} INFO - [2025-02-06T18:57:23.778+0000] {dag.py:3239} INFO - Sync 1 DAGs
[2025-02-06T18:57:23.826+0000] {logging_mixin.py:190} INFO - [2025-02-06T18:57:23.826+0000] {dag.py:4180} INFO - Setting next_dagrun for example_branch_labels to 2025-02-05 00:00:00+00:00, run_after=2025-02-06 00:00:00+00:00
[2025-02-06T18:57:23.868+0000] {processor.py:208} INFO - Processing /home/airflow/.local/lib/python3.12/site-packages/airflow/example_dags/example_branch_labels.py took 0.175 seconds
[2025-02-06T18:57:56.396+0000] {processor.py:186} INFO - Started process (PID=4718) to work on /home/airflow/.local/lib/python3.12/site-packages/airflow/example_dags/example_branch_labels.py
[2025-02-06T18:57:56.398+0000] {processor.py:914} INFO - Processing file /home/airflow/.local/lib/python3.12/site-packages/airflow/example_dags/example_branch_labels.py for tasks to queue
[2025-02-06T18:57:56.403+0000] {logging_mixin.py:190} INFO - [2025-02-06T18:57:56.402+0000] {dagbag.py:588} INFO - Filling up the DagBag from /home/airflow/.local/lib/python3.12/site-packages/airflow/example_dags/example_branch_labels.py
[2025-02-06T18:57:56.417+0000] {processor.py:925} INFO - DAG(s) 'example_branch_labels' retrieved from /home/airflow/.local/lib/python3.12/site-packages/airflow/example_dags/example_branch_labels.py
[2025-02-06T18:57:56.448+0000] {logging_mixin.py:190} INFO - [2025-02-06T18:57:56.447+0000] {dag.py:3239} INFO - Sync 1 DAGs
[2025-02-06T18:57:56.489+0000] {logging_mixin.py:190} INFO - [2025-02-06T18:57:56.489+0000] {dag.py:4180} INFO - Setting next_dagrun for example_branch_labels to 2025-02-05 00:00:00+00:00, run_after=2025-02-06 00:00:00+00:00
[2025-02-06T18:57:56.518+0000] {processor.py:208} INFO - Processing /home/airflow/.local/lib/python3.12/site-packages/airflow/example_dags/example_branch_labels.py took 0.132 seconds
[2025-02-06T18:58:29.606+0000] {processor.py:186} INFO - Started process (PID=4779) to work on /home/airflow/.local/lib/python3.12/site-packages/airflow/example_dags/example_branch_labels.py
[2025-02-06T18:58:29.607+0000] {processor.py:914} INFO - Processing file /home/airflow/.local/lib/python3.12/site-packages/airflow/example_dags/example_branch_labels.py for tasks to queue
[2025-02-06T18:58:29.611+0000] {logging_mixin.py:190} INFO - [2025-02-06T18:58:29.610+0000] {dagbag.py:588} INFO - Filling up the DagBag from /home/airflow/.local/lib/python3.12/site-packages/airflow/example_dags/example_branch_labels.py
[2025-02-06T18:58:29.624+0000] {processor.py:925} INFO - DAG(s) 'example_branch_labels' retrieved from /home/airflow/.local/lib/python3.12/site-packages/airflow/example_dags/example_branch_labels.py
[2025-02-06T18:58:29.651+0000] {logging_mixin.py:190} INFO - [2025-02-06T18:58:29.650+0000] {dag.py:3239} INFO - Sync 1 DAGs
[2025-02-06T18:58:29.688+0000] {logging_mixin.py:190} INFO - [2025-02-06T18:58:29.688+0000] {dag.py:4180} INFO - Setting next_dagrun for example_branch_labels to 2025-02-05 00:00:00+00:00, run_after=2025-02-06 00:00:00+00:00
[2025-02-06T18:58:29.719+0000] {processor.py:208} INFO - Processing /home/airflow/.local/lib/python3.12/site-packages/airflow/example_dags/example_branch_labels.py took 0.120 seconds
[2025-02-06T18:59:00.384+0000] {processor.py:186} INFO - Started process (PID=4836) to work on /home/airflow/.local/lib/python3.12/site-packages/airflow/example_dags/example_branch_labels.py
[2025-02-06T18:59:00.387+0000] {processor.py:914} INFO - Processing file /home/airflow/.local/lib/python3.12/site-packages/airflow/example_dags/example_branch_labels.py for tasks to queue
[2025-02-06T18:59:00.391+0000] {logging_mixin.py:190} INFO - [2025-02-06T18:59:00.390+0000] {dagbag.py:588} INFO - Filling up the DagBag from /home/airflow/.local/lib/python3.12/site-packages/airflow/example_dags/example_branch_labels.py
[2025-02-06T18:59:00.420+0000] {processor.py:925} INFO - DAG(s) 'example_branch_labels' retrieved from /home/airflow/.local/lib/python3.12/site-packages/airflow/example_dags/example_branch_labels.py
[2025-02-06T18:59:00.472+0000] {logging_mixin.py:190} INFO - [2025-02-06T18:59:00.471+0000] {dag.py:3239} INFO - Sync 1 DAGs
[2025-02-06T18:59:00.547+0000] {logging_mixin.py:190} INFO - [2025-02-06T18:59:00.546+0000] {dag.py:4180} INFO - Setting next_dagrun for example_branch_labels to 2025-02-05 00:00:00+00:00, run_after=2025-02-06 00:00:00+00:00
[2025-02-06T18:59:00.587+0000] {processor.py:208} INFO - Processing /home/airflow/.local/lib/python3.12/site-packages/airflow/example_dags/example_branch_labels.py took 0.219 seconds
[2025-02-06T18:59:31.615+0000] {processor.py:186} INFO - Started process (PID=4893) to work on /home/airflow/.local/lib/python3.12/site-packages/airflow/example_dags/example_branch_labels.py
[2025-02-06T18:59:31.617+0000] {processor.py:914} INFO - Processing file /home/airflow/.local/lib/python3.12/site-packages/airflow/example_dags/example_branch_labels.py for tasks to queue
[2025-02-06T18:59:31.621+0000] {logging_mixin.py:190} INFO - [2025-02-06T18:59:31.620+0000] {dagbag.py:588} INFO - Filling up the DagBag from /home/airflow/.local/lib/python3.12/site-packages/airflow/example_dags/example_branch_labels.py
[2025-02-06T18:59:31.641+0000] {processor.py:925} INFO - DAG(s) 'example_branch_labels' retrieved from /home/airflow/.local/lib/python3.12/site-packages/airflow/example_dags/example_branch_labels.py
[2025-02-06T18:59:31.673+0000] {logging_mixin.py:190} INFO - [2025-02-06T18:59:31.672+0000] {dag.py:3239} INFO - Sync 1 DAGs
[2025-02-06T18:59:31.717+0000] {logging_mixin.py:190} INFO - [2025-02-06T18:59:31.717+0000] {dag.py:4180} INFO - Setting next_dagrun for example_branch_labels to 2025-02-05 00:00:00+00:00, run_after=2025-02-06 00:00:00+00:00
[2025-02-06T18:59:31.747+0000] {processor.py:208} INFO - Processing /home/airflow/.local/lib/python3.12/site-packages/airflow/example_dags/example_branch_labels.py took 0.143 seconds
[2025-02-06T19:00:02.246+0000] {processor.py:186} INFO - Started process (PID=4950) to work on /home/airflow/.local/lib/python3.12/site-packages/airflow/example_dags/example_branch_labels.py
[2025-02-06T19:00:02.248+0000] {processor.py:914} INFO - Processing file /home/airflow/.local/lib/python3.12/site-packages/airflow/example_dags/example_branch_labels.py for tasks to queue
[2025-02-06T19:00:02.252+0000] {logging_mixin.py:190} INFO - [2025-02-06T19:00:02.251+0000] {dagbag.py:588} INFO - Filling up the DagBag from /home/airflow/.local/lib/python3.12/site-packages/airflow/example_dags/example_branch_labels.py
[2025-02-06T19:00:02.266+0000] {processor.py:925} INFO - DAG(s) 'example_branch_labels' retrieved from /home/airflow/.local/lib/python3.12/site-packages/airflow/example_dags/example_branch_labels.py
[2025-02-06T19:00:02.299+0000] {logging_mixin.py:190} INFO - [2025-02-06T19:00:02.298+0000] {dag.py:3239} INFO - Sync 1 DAGs
[2025-02-06T19:00:02.333+0000] {logging_mixin.py:190} INFO - [2025-02-06T19:00:02.333+0000] {dag.py:4180} INFO - Setting next_dagrun for example_branch_labels to 2025-02-05 00:00:00+00:00, run_after=2025-02-06 00:00:00+00:00
[2025-02-06T19:00:02.358+0000] {processor.py:208} INFO - Processing /home/airflow/.local/lib/python3.12/site-packages/airflow/example_dags/example_branch_labels.py took 0.121 seconds
[2025-02-06T19:00:33.872+0000] {processor.py:186} INFO - Started process (PID=5009) to work on /home/airflow/.local/lib/python3.12/site-packages/airflow/example_dags/example_branch_labels.py
[2025-02-06T19:00:33.873+0000] {processor.py:914} INFO - Processing file /home/airflow/.local/lib/python3.12/site-packages/airflow/example_dags/example_branch_labels.py for tasks to queue
[2025-02-06T19:00:33.878+0000] {logging_mixin.py:190} INFO - [2025-02-06T19:00:33.877+0000] {dagbag.py:588} INFO - Filling up the DagBag from /home/airflow/.local/lib/python3.12/site-packages/airflow/example_dags/example_branch_labels.py
[2025-02-06T19:00:33.894+0000] {processor.py:925} INFO - DAG(s) 'example_branch_labels' retrieved from /home/airflow/.local/lib/python3.12/site-packages/airflow/example_dags/example_branch_labels.py
[2025-02-06T19:00:33.968+0000] {logging_mixin.py:190} INFO - [2025-02-06T19:00:33.968+0000] {dag.py:3239} INFO - Sync 1 DAGs
[2025-02-06T19:00:34.016+0000] {logging_mixin.py:190} INFO - [2025-02-06T19:00:34.016+0000] {dag.py:4180} INFO - Setting next_dagrun for example_branch_labels to 2025-02-05 00:00:00+00:00, run_after=2025-02-06 00:00:00+00:00
[2025-02-06T19:00:34.044+0000] {processor.py:208} INFO - Processing /home/airflow/.local/lib/python3.12/site-packages/airflow/example_dags/example_branch_labels.py took 0.182 seconds
[2025-02-06T19:01:05.512+0000] {processor.py:186} INFO - Started process (PID=5068) to work on /home/airflow/.local/lib/python3.12/site-packages/airflow/example_dags/example_branch_labels.py
[2025-02-06T19:01:05.514+0000] {processor.py:914} INFO - Processing file /home/airflow/.local/lib/python3.12/site-packages/airflow/example_dags/example_branch_labels.py for tasks to queue
[2025-02-06T19:01:05.519+0000] {logging_mixin.py:190} INFO - [2025-02-06T19:01:05.518+0000] {dagbag.py:588} INFO - Filling up the DagBag from /home/airflow/.local/lib/python3.12/site-packages/airflow/example_dags/example_branch_labels.py
[2025-02-06T19:01:05.542+0000] {processor.py:925} INFO - DAG(s) 'example_branch_labels' retrieved from /home/airflow/.local/lib/python3.12/site-packages/airflow/example_dags/example_branch_labels.py
[2025-02-06T19:01:05.592+0000] {logging_mixin.py:190} INFO - [2025-02-06T19:01:05.592+0000] {dag.py:3239} INFO - Sync 1 DAGs
[2025-02-06T19:01:05.653+0000] {logging_mixin.py:190} INFO - [2025-02-06T19:01:05.653+0000] {dag.py:4180} INFO - Setting next_dagrun for example_branch_labels to 2025-02-05 00:00:00+00:00, run_after=2025-02-06 00:00:00+00:00
[2025-02-06T19:01:05.691+0000] {processor.py:208} INFO - Processing /home/airflow/.local/lib/python3.12/site-packages/airflow/example_dags/example_branch_labels.py took 0.190 seconds
[2025-02-06T19:01:36.433+0000] {processor.py:186} INFO - Started process (PID=5124) to work on /home/airflow/.local/lib/python3.12/site-packages/airflow/example_dags/example_branch_labels.py
[2025-02-06T19:01:36.436+0000] {processor.py:914} INFO - Processing file /home/airflow/.local/lib/python3.12/site-packages/airflow/example_dags/example_branch_labels.py for tasks to queue
[2025-02-06T19:01:36.443+0000] {logging_mixin.py:190} INFO - [2025-02-06T19:01:36.442+0000] {dagbag.py:588} INFO - Filling up the DagBag from /home/airflow/.local/lib/python3.12/site-packages/airflow/example_dags/example_branch_labels.py
[2025-02-06T19:01:36.480+0000] {processor.py:925} INFO - DAG(s) 'example_branch_labels' retrieved from /home/airflow/.local/lib/python3.12/site-packages/airflow/example_dags/example_branch_labels.py
[2025-02-06T19:01:36.547+0000] {logging_mixin.py:190} INFO - [2025-02-06T19:01:36.546+0000] {dag.py:3239} INFO - Sync 1 DAGs
[2025-02-06T19:01:36.627+0000] {logging_mixin.py:190} INFO - [2025-02-06T19:01:36.625+0000] {dag.py:4180} INFO - Setting next_dagrun for example_branch_labels to 2025-02-05 00:00:00+00:00, run_after=2025-02-06 00:00:00+00:00
[2025-02-06T19:01:36.683+0000] {processor.py:208} INFO - Processing /home/airflow/.local/lib/python3.12/site-packages/airflow/example_dags/example_branch_labels.py took 0.266 seconds
[2025-02-06T19:02:08.029+0000] {processor.py:186} INFO - Started process (PID=5183) to work on /home/airflow/.local/lib/python3.12/site-packages/airflow/example_dags/example_branch_labels.py
[2025-02-06T19:02:08.031+0000] {processor.py:914} INFO - Processing file /home/airflow/.local/lib/python3.12/site-packages/airflow/example_dags/example_branch_labels.py for tasks to queue
[2025-02-06T19:02:08.035+0000] {logging_mixin.py:190} INFO - [2025-02-06T19:02:08.035+0000] {dagbag.py:588} INFO - Filling up the DagBag from /home/airflow/.local/lib/python3.12/site-packages/airflow/example_dags/example_branch_labels.py
[2025-02-06T19:02:08.060+0000] {processor.py:925} INFO - DAG(s) 'example_branch_labels' retrieved from /home/airflow/.local/lib/python3.12/site-packages/airflow/example_dags/example_branch_labels.py
[2025-02-06T19:02:08.098+0000] {logging_mixin.py:190} INFO - [2025-02-06T19:02:08.098+0000] {dag.py:3239} INFO - Sync 1 DAGs
[2025-02-06T19:02:08.170+0000] {logging_mixin.py:190} INFO - [2025-02-06T19:02:08.170+0000] {dag.py:4180} INFO - Setting next_dagrun for example_branch_labels to 2025-02-05 00:00:00+00:00, run_after=2025-02-06 00:00:00+00:00
[2025-02-06T19:02:08.209+0000] {processor.py:208} INFO - Processing /home/airflow/.local/lib/python3.12/site-packages/airflow/example_dags/example_branch_labels.py took 0.194 seconds
[2025-02-06T19:02:39.246+0000] {processor.py:186} INFO - Started process (PID=5241) to work on /home/airflow/.local/lib/python3.12/site-packages/airflow/example_dags/example_branch_labels.py
[2025-02-06T19:02:39.248+0000] {processor.py:914} INFO - Processing file /home/airflow/.local/lib/python3.12/site-packages/airflow/example_dags/example_branch_labels.py for tasks to queue
[2025-02-06T19:02:39.252+0000] {logging_mixin.py:190} INFO - [2025-02-06T19:02:39.252+0000] {dagbag.py:588} INFO - Filling up the DagBag from /home/airflow/.local/lib/python3.12/site-packages/airflow/example_dags/example_branch_labels.py
[2025-02-06T19:02:39.271+0000] {processor.py:925} INFO - DAG(s) 'example_branch_labels' retrieved from /home/airflow/.local/lib/python3.12/site-packages/airflow/example_dags/example_branch_labels.py
[2025-02-06T19:02:39.303+0000] {logging_mixin.py:190} INFO - [2025-02-06T19:02:39.303+0000] {dag.py:3239} INFO - Sync 1 DAGs
[2025-02-06T19:02:39.350+0000] {logging_mixin.py:190} INFO - [2025-02-06T19:02:39.349+0000] {dag.py:4180} INFO - Setting next_dagrun for example_branch_labels to 2025-02-05 00:00:00+00:00, run_after=2025-02-06 00:00:00+00:00
[2025-02-06T19:02:39.384+0000] {processor.py:208} INFO - Processing /home/airflow/.local/lib/python3.12/site-packages/airflow/example_dags/example_branch_labels.py took 0.150 seconds
[2025-02-06T19:03:09.977+0000] {processor.py:186} INFO - Started process (PID=5298) to work on /home/airflow/.local/lib/python3.12/site-packages/airflow/example_dags/example_branch_labels.py
[2025-02-06T19:03:09.980+0000] {processor.py:914} INFO - Processing file /home/airflow/.local/lib/python3.12/site-packages/airflow/example_dags/example_branch_labels.py for tasks to queue
[2025-02-06T19:03:09.986+0000] {logging_mixin.py:190} INFO - [2025-02-06T19:03:09.985+0000] {dagbag.py:588} INFO - Filling up the DagBag from /home/airflow/.local/lib/python3.12/site-packages/airflow/example_dags/example_branch_labels.py
[2025-02-06T19:03:10.012+0000] {processor.py:925} INFO - DAG(s) 'example_branch_labels' retrieved from /home/airflow/.local/lib/python3.12/site-packages/airflow/example_dags/example_branch_labels.py
[2025-02-06T19:03:10.075+0000] {logging_mixin.py:190} INFO - [2025-02-06T19:03:10.075+0000] {dag.py:3239} INFO - Sync 1 DAGs
[2025-02-06T19:03:10.159+0000] {logging_mixin.py:190} INFO - [2025-02-06T19:03:10.158+0000] {dag.py:4180} INFO - Setting next_dagrun for example_branch_labels to 2025-02-05 00:00:00+00:00, run_after=2025-02-06 00:00:00+00:00
[2025-02-06T19:03:10.199+0000] {processor.py:208} INFO - Processing /home/airflow/.local/lib/python3.12/site-packages/airflow/example_dags/example_branch_labels.py took 0.239 seconds
[2025-02-06T19:03:40.998+0000] {processor.py:186} INFO - Started process (PID=5355) to work on /home/airflow/.local/lib/python3.12/site-packages/airflow/example_dags/example_branch_labels.py
[2025-02-06T19:03:41.010+0000] {processor.py:914} INFO - Processing file /home/airflow/.local/lib/python3.12/site-packages/airflow/example_dags/example_branch_labels.py for tasks to queue
[2025-02-06T19:03:41.016+0000] {logging_mixin.py:190} INFO - [2025-02-06T19:03:41.015+0000] {dagbag.py:588} INFO - Filling up the DagBag from /home/airflow/.local/lib/python3.12/site-packages/airflow/example_dags/example_branch_labels.py
[2025-02-06T19:03:41.106+0000] {processor.py:925} INFO - DAG(s) 'example_branch_labels' retrieved from /home/airflow/.local/lib/python3.12/site-packages/airflow/example_dags/example_branch_labels.py
[2025-02-06T19:03:41.190+0000] {logging_mixin.py:190} INFO - [2025-02-06T19:03:41.190+0000] {dag.py:3239} INFO - Sync 1 DAGs
[2025-02-06T19:03:41.292+0000] {logging_mixin.py:190} INFO - [2025-02-06T19:03:41.292+0000] {dag.py:4180} INFO - Setting next_dagrun for example_branch_labels to 2025-02-05 00:00:00+00:00, run_after=2025-02-06 00:00:00+00:00
[2025-02-06T19:03:41.336+0000] {processor.py:208} INFO - Processing /home/airflow/.local/lib/python3.12/site-packages/airflow/example_dags/example_branch_labels.py took 0.374 seconds
[2025-02-06T19:04:12.132+0000] {processor.py:186} INFO - Started process (PID=5412) to work on /home/airflow/.local/lib/python3.12/site-packages/airflow/example_dags/example_branch_labels.py
[2025-02-06T19:04:12.137+0000] {processor.py:914} INFO - Processing file /home/airflow/.local/lib/python3.12/site-packages/airflow/example_dags/example_branch_labels.py for tasks to queue
[2025-02-06T19:04:12.143+0000] {logging_mixin.py:190} INFO - [2025-02-06T19:04:12.142+0000] {dagbag.py:588} INFO - Filling up the DagBag from /home/airflow/.local/lib/python3.12/site-packages/airflow/example_dags/example_branch_labels.py
[2025-02-06T19:04:12.164+0000] {processor.py:925} INFO - DAG(s) 'example_branch_labels' retrieved from /home/airflow/.local/lib/python3.12/site-packages/airflow/example_dags/example_branch_labels.py
[2025-02-06T19:04:12.203+0000] {logging_mixin.py:190} INFO - [2025-02-06T19:04:12.202+0000] {dag.py:3239} INFO - Sync 1 DAGs
[2025-02-06T19:04:12.247+0000] {logging_mixin.py:190} INFO - [2025-02-06T19:04:12.247+0000] {dag.py:4180} INFO - Setting next_dagrun for example_branch_labels to 2025-02-05 00:00:00+00:00, run_after=2025-02-06 00:00:00+00:00
[2025-02-06T19:04:12.277+0000] {processor.py:208} INFO - Processing /home/airflow/.local/lib/python3.12/site-packages/airflow/example_dags/example_branch_labels.py took 0.159 seconds
[2025-02-06T19:04:42.767+0000] {processor.py:186} INFO - Started process (PID=5469) to work on /home/airflow/.local/lib/python3.12/site-packages/airflow/example_dags/example_branch_labels.py
[2025-02-06T19:04:42.770+0000] {processor.py:914} INFO - Processing file /home/airflow/.local/lib/python3.12/site-packages/airflow/example_dags/example_branch_labels.py for tasks to queue
[2025-02-06T19:04:42.775+0000] {logging_mixin.py:190} INFO - [2025-02-06T19:04:42.774+0000] {dagbag.py:588} INFO - Filling up the DagBag from /home/airflow/.local/lib/python3.12/site-packages/airflow/example_dags/example_branch_labels.py
[2025-02-06T19:04:42.792+0000] {processor.py:925} INFO - DAG(s) 'example_branch_labels' retrieved from /home/airflow/.local/lib/python3.12/site-packages/airflow/example_dags/example_branch_labels.py
[2025-02-06T19:04:42.820+0000] {logging_mixin.py:190} INFO - [2025-02-06T19:04:42.820+0000] {dag.py:3239} INFO - Sync 1 DAGs
[2025-02-06T19:04:42.853+0000] {logging_mixin.py:190} INFO - [2025-02-06T19:04:42.853+0000] {dag.py:4180} INFO - Setting next_dagrun for example_branch_labels to 2025-02-05 00:00:00+00:00, run_after=2025-02-06 00:00:00+00:00
[2025-02-06T19:04:42.894+0000] {processor.py:208} INFO - Processing /home/airflow/.local/lib/python3.12/site-packages/airflow/example_dags/example_branch_labels.py took 0.138 seconds
[2025-02-06T19:05:13.138+0000] {processor.py:186} INFO - Started process (PID=5526) to work on /home/airflow/.local/lib/python3.12/site-packages/airflow/example_dags/example_branch_labels.py
[2025-02-06T19:05:13.140+0000] {processor.py:914} INFO - Processing file /home/airflow/.local/lib/python3.12/site-packages/airflow/example_dags/example_branch_labels.py for tasks to queue
[2025-02-06T19:05:13.143+0000] {logging_mixin.py:190} INFO - [2025-02-06T19:05:13.143+0000] {dagbag.py:588} INFO - Filling up the DagBag from /home/airflow/.local/lib/python3.12/site-packages/airflow/example_dags/example_branch_labels.py
[2025-02-06T19:05:13.158+0000] {processor.py:925} INFO - DAG(s) 'example_branch_labels' retrieved from /home/airflow/.local/lib/python3.12/site-packages/airflow/example_dags/example_branch_labels.py
[2025-02-06T19:05:13.186+0000] {logging_mixin.py:190} INFO - [2025-02-06T19:05:13.185+0000] {dag.py:3239} INFO - Sync 1 DAGs
[2025-02-06T19:05:13.226+0000] {logging_mixin.py:190} INFO - [2025-02-06T19:05:13.226+0000] {dag.py:4180} INFO - Setting next_dagrun for example_branch_labels to 2025-02-05 00:00:00+00:00, run_after=2025-02-06 00:00:00+00:00
[2025-02-06T19:05:13.256+0000] {processor.py:208} INFO - Processing /home/airflow/.local/lib/python3.12/site-packages/airflow/example_dags/example_branch_labels.py took 0.129 seconds
[2025-02-06T19:05:43.732+0000] {processor.py:186} INFO - Started process (PID=5583) to work on /home/airflow/.local/lib/python3.12/site-packages/airflow/example_dags/example_branch_labels.py
[2025-02-06T19:05:43.734+0000] {processor.py:914} INFO - Processing file /home/airflow/.local/lib/python3.12/site-packages/airflow/example_dags/example_branch_labels.py for tasks to queue
[2025-02-06T19:05:43.738+0000] {logging_mixin.py:190} INFO - [2025-02-06T19:05:43.737+0000] {dagbag.py:588} INFO - Filling up the DagBag from /home/airflow/.local/lib/python3.12/site-packages/airflow/example_dags/example_branch_labels.py
[2025-02-06T19:05:43.753+0000] {processor.py:925} INFO - DAG(s) 'example_branch_labels' retrieved from /home/airflow/.local/lib/python3.12/site-packages/airflow/example_dags/example_branch_labels.py
[2025-02-06T19:05:43.788+0000] {logging_mixin.py:190} INFO - [2025-02-06T19:05:43.787+0000] {dag.py:3239} INFO - Sync 1 DAGs
[2025-02-06T19:05:43.820+0000] {logging_mixin.py:190} INFO - [2025-02-06T19:05:43.820+0000] {dag.py:4180} INFO - Setting next_dagrun for example_branch_labels to 2025-02-05 00:00:00+00:00, run_after=2025-02-06 00:00:00+00:00
[2025-02-06T19:05:43.845+0000] {processor.py:208} INFO - Processing /home/airflow/.local/lib/python3.12/site-packages/airflow/example_dags/example_branch_labels.py took 0.124 seconds
[2025-02-06T19:06:14.244+0000] {processor.py:186} INFO - Started process (PID=5640) to work on /home/airflow/.local/lib/python3.12/site-packages/airflow/example_dags/example_branch_labels.py
[2025-02-06T19:06:14.245+0000] {processor.py:914} INFO - Processing file /home/airflow/.local/lib/python3.12/site-packages/airflow/example_dags/example_branch_labels.py for tasks to queue
[2025-02-06T19:06:14.249+0000] {logging_mixin.py:190} INFO - [2025-02-06T19:06:14.248+0000] {dagbag.py:588} INFO - Filling up the DagBag from /home/airflow/.local/lib/python3.12/site-packages/airflow/example_dags/example_branch_labels.py
[2025-02-06T19:06:14.268+0000] {processor.py:925} INFO - DAG(s) 'example_branch_labels' retrieved from /home/airflow/.local/lib/python3.12/site-packages/airflow/example_dags/example_branch_labels.py
[2025-02-06T19:06:14.306+0000] {logging_mixin.py:190} INFO - [2025-02-06T19:06:14.306+0000] {dag.py:3239} INFO - Sync 1 DAGs
[2025-02-06T19:06:14.341+0000] {logging_mixin.py:190} INFO - [2025-02-06T19:06:14.341+0000] {dag.py:4180} INFO - Setting next_dagrun for example_branch_labels to 2025-02-05 00:00:00+00:00, run_after=2025-02-06 00:00:00+00:00
[2025-02-06T19:06:14.370+0000] {processor.py:208} INFO - Processing /home/airflow/.local/lib/python3.12/site-packages/airflow/example_dags/example_branch_labels.py took 0.135 seconds
[2025-02-06T19:06:44.692+0000] {processor.py:186} INFO - Started process (PID=5697) to work on /home/airflow/.local/lib/python3.12/site-packages/airflow/example_dags/example_branch_labels.py
[2025-02-06T19:06:44.693+0000] {processor.py:914} INFO - Processing file /home/airflow/.local/lib/python3.12/site-packages/airflow/example_dags/example_branch_labels.py for tasks to queue
[2025-02-06T19:06:44.697+0000] {logging_mixin.py:190} INFO - [2025-02-06T19:06:44.697+0000] {dagbag.py:588} INFO - Filling up the DagBag from /home/airflow/.local/lib/python3.12/site-packages/airflow/example_dags/example_branch_labels.py
[2025-02-06T19:06:44.713+0000] {processor.py:925} INFO - DAG(s) 'example_branch_labels' retrieved from /home/airflow/.local/lib/python3.12/site-packages/airflow/example_dags/example_branch_labels.py
[2025-02-06T19:06:44.752+0000] {logging_mixin.py:190} INFO - [2025-02-06T19:06:44.751+0000] {dag.py:3239} INFO - Sync 1 DAGs
[2025-02-06T19:06:44.798+0000] {logging_mixin.py:190} INFO - [2025-02-06T19:06:44.798+0000] {dag.py:4180} INFO - Setting next_dagrun for example_branch_labels to 2025-02-05 00:00:00+00:00, run_after=2025-02-06 00:00:00+00:00
[2025-02-06T19:06:44.825+0000] {processor.py:208} INFO - Processing /home/airflow/.local/lib/python3.12/site-packages/airflow/example_dags/example_branch_labels.py took 0.142 seconds
[2025-02-06T19:07:16.380+0000] {processor.py:186} INFO - Started process (PID=5754) to work on /home/airflow/.local/lib/python3.12/site-packages/airflow/example_dags/example_branch_labels.py
[2025-02-06T19:07:16.382+0000] {processor.py:914} INFO - Processing file /home/airflow/.local/lib/python3.12/site-packages/airflow/example_dags/example_branch_labels.py for tasks to queue
[2025-02-06T19:07:16.386+0000] {logging_mixin.py:190} INFO - [2025-02-06T19:07:16.385+0000] {dagbag.py:588} INFO - Filling up the DagBag from /home/airflow/.local/lib/python3.12/site-packages/airflow/example_dags/example_branch_labels.py
[2025-02-06T19:07:16.410+0000] {processor.py:925} INFO - DAG(s) 'example_branch_labels' retrieved from /home/airflow/.local/lib/python3.12/site-packages/airflow/example_dags/example_branch_labels.py
[2025-02-06T19:07:16.453+0000] {logging_mixin.py:190} INFO - [2025-02-06T19:07:16.452+0000] {dag.py:3239} INFO - Sync 1 DAGs
[2025-02-06T19:07:16.498+0000] {logging_mixin.py:190} INFO - [2025-02-06T19:07:16.498+0000] {dag.py:4180} INFO - Setting next_dagrun for example_branch_labels to 2025-02-05 00:00:00+00:00, run_after=2025-02-06 00:00:00+00:00
[2025-02-06T19:07:16.538+0000] {processor.py:208} INFO - Processing /home/airflow/.local/lib/python3.12/site-packages/airflow/example_dags/example_branch_labels.py took 0.171 seconds
[2025-02-06T19:07:46.603+0000] {processor.py:186} INFO - Started process (PID=5810) to work on /home/airflow/.local/lib/python3.12/site-packages/airflow/example_dags/example_branch_labels.py
[2025-02-06T19:07:46.605+0000] {processor.py:914} INFO - Processing file /home/airflow/.local/lib/python3.12/site-packages/airflow/example_dags/example_branch_labels.py for tasks to queue
[2025-02-06T19:07:46.608+0000] {logging_mixin.py:190} INFO - [2025-02-06T19:07:46.608+0000] {dagbag.py:588} INFO - Filling up the DagBag from /home/airflow/.local/lib/python3.12/site-packages/airflow/example_dags/example_branch_labels.py
[2025-02-06T19:07:46.623+0000] {processor.py:925} INFO - DAG(s) 'example_branch_labels' retrieved from /home/airflow/.local/lib/python3.12/site-packages/airflow/example_dags/example_branch_labels.py
[2025-02-06T19:07:46.652+0000] {logging_mixin.py:190} INFO - [2025-02-06T19:07:46.652+0000] {dag.py:3239} INFO - Sync 1 DAGs
[2025-02-06T19:07:46.684+0000] {logging_mixin.py:190} INFO - [2025-02-06T19:07:46.683+0000] {dag.py:4180} INFO - Setting next_dagrun for example_branch_labels to 2025-02-05 00:00:00+00:00, run_after=2025-02-06 00:00:00+00:00
[2025-02-06T19:07:46.707+0000] {processor.py:208} INFO - Processing /home/airflow/.local/lib/python3.12/site-packages/airflow/example_dags/example_branch_labels.py took 0.114 seconds
[2025-02-06T19:08:18.979+0000] {processor.py:186} INFO - Started process (PID=5871) to work on /home/airflow/.local/lib/python3.12/site-packages/airflow/example_dags/example_branch_labels.py
[2025-02-06T19:08:18.980+0000] {processor.py:914} INFO - Processing file /home/airflow/.local/lib/python3.12/site-packages/airflow/example_dags/example_branch_labels.py for tasks to queue
[2025-02-06T19:08:18.984+0000] {logging_mixin.py:190} INFO - [2025-02-06T19:08:18.983+0000] {dagbag.py:588} INFO - Filling up the DagBag from /home/airflow/.local/lib/python3.12/site-packages/airflow/example_dags/example_branch_labels.py
[2025-02-06T19:08:18.998+0000] {processor.py:925} INFO - DAG(s) 'example_branch_labels' retrieved from /home/airflow/.local/lib/python3.12/site-packages/airflow/example_dags/example_branch_labels.py
[2025-02-06T19:08:19.034+0000] {logging_mixin.py:190} INFO - [2025-02-06T19:08:19.034+0000] {dag.py:3239} INFO - Sync 1 DAGs
[2025-02-06T19:08:19.087+0000] {logging_mixin.py:190} INFO - [2025-02-06T19:08:19.087+0000] {dag.py:4180} INFO - Setting next_dagrun for example_branch_labels to 2025-02-05 00:00:00+00:00, run_after=2025-02-06 00:00:00+00:00
[2025-02-06T19:08:19.113+0000] {processor.py:208} INFO - Processing /home/airflow/.local/lib/python3.12/site-packages/airflow/example_dags/example_branch_labels.py took 0.144 seconds
