[2025-02-06T16:36:20.791+0000] {processor.py:186} INFO - Started process (PID=41) to work on /home/airflow/.local/lib/python3.12/site-packages/airflow/example_dags/example_latest_only_with_trigger.py
[2025-02-06T16:36:20.793+0000] {processor.py:914} INFO - Processing file /home/airflow/.local/lib/python3.12/site-packages/airflow/example_dags/example_latest_only_with_trigger.py for tasks to queue
[2025-02-06T16:36:20.797+0000] {logging_mixin.py:190} INFO - [2025-02-06T16:36:20.796+0000] {dagbag.py:588} INFO - Filling up the DagBag from /home/airflow/.local/lib/python3.12/site-packages/airflow/example_dags/example_latest_only_with_trigger.py
[2025-02-06T16:36:20.833+0000] {processor.py:925} INFO - DAG(s) 'latest_only_with_trigger' retrieved from /home/airflow/.local/lib/python3.12/site-packages/airflow/example_dags/example_latest_only_with_trigger.py
[2025-02-06T16:36:21.431+0000] {logging_mixin.py:190} INFO - [2025-02-06T16:36:21.429+0000] {override.py:1911} INFO - Created Permission View: can edit on DAG:latest_only_with_trigger
[2025-02-06T16:36:21.473+0000] {logging_mixin.py:190} INFO - [2025-02-06T16:36:21.473+0000] {override.py:1911} INFO - Created Permission View: can delete on DAG:latest_only_with_trigger
[2025-02-06T16:36:21.499+0000] {logging_mixin.py:190} INFO - [2025-02-06T16:36:21.498+0000] {override.py:1911} INFO - Created Permission View: can read on DAG:latest_only_with_trigger
[2025-02-06T16:36:21.523+0000] {logging_mixin.py:190} INFO - [2025-02-06T16:36:21.523+0000] {override.py:1911} INFO - Created Permission View: menu access on DAG Run:latest_only_with_trigger
[2025-02-06T16:36:21.545+0000] {logging_mixin.py:190} INFO - [2025-02-06T16:36:21.544+0000] {override.py:1911} INFO - Created Permission View: can create on DAG Run:latest_only_with_trigger
[2025-02-06T16:36:21.567+0000] {logging_mixin.py:190} INFO - [2025-02-06T16:36:21.567+0000] {override.py:1911} INFO - Created Permission View: can delete on DAG Run:latest_only_with_trigger
[2025-02-06T16:36:21.588+0000] {logging_mixin.py:190} INFO - [2025-02-06T16:36:21.587+0000] {override.py:1911} INFO - Created Permission View: can read on DAG Run:latest_only_with_trigger
[2025-02-06T16:36:21.589+0000] {logging_mixin.py:190} INFO - [2025-02-06T16:36:21.589+0000] {dag.py:3239} INFO - Sync 1 DAGs
[2025-02-06T16:36:21.624+0000] {logging_mixin.py:190} INFO - [2025-02-06T16:36:21.624+0000] {dag.py:3262} INFO - Creating ORM DAG for latest_only_with_trigger
[2025-02-06T16:36:21.664+0000] {logging_mixin.py:190} INFO - [2025-02-06T16:36:21.664+0000] {dag.py:4180} INFO - Setting next_dagrun for latest_only_with_trigger to 2025-02-06 12:00:00+00:00, run_after=2025-02-06 16:00:00+00:00
[2025-02-06T16:36:21.781+0000] {processor.py:208} INFO - Processing /home/airflow/.local/lib/python3.12/site-packages/airflow/example_dags/example_latest_only_with_trigger.py took 1.008 seconds
[2025-02-06T16:36:52.422+0000] {processor.py:186} INFO - Started process (PID=97) to work on /home/airflow/.local/lib/python3.12/site-packages/airflow/example_dags/example_latest_only_with_trigger.py
[2025-02-06T16:36:52.423+0000] {processor.py:914} INFO - Processing file /home/airflow/.local/lib/python3.12/site-packages/airflow/example_dags/example_latest_only_with_trigger.py for tasks to queue
[2025-02-06T16:36:52.426+0000] {logging_mixin.py:190} INFO - [2025-02-06T16:36:52.425+0000] {dagbag.py:588} INFO - Filling up the DagBag from /home/airflow/.local/lib/python3.12/site-packages/airflow/example_dags/example_latest_only_with_trigger.py
[2025-02-06T16:36:52.435+0000] {processor.py:925} INFO - DAG(s) 'latest_only_with_trigger' retrieved from /home/airflow/.local/lib/python3.12/site-packages/airflow/example_dags/example_latest_only_with_trigger.py
[2025-02-06T16:36:52.462+0000] {logging_mixin.py:190} INFO - [2025-02-06T16:36:52.461+0000] {dag.py:3239} INFO - Sync 1 DAGs
[2025-02-06T16:36:52.490+0000] {logging_mixin.py:190} INFO - [2025-02-06T16:36:52.490+0000] {dag.py:4180} INFO - Setting next_dagrun for latest_only_with_trigger to 2025-02-06 12:00:00+00:00, run_after=2025-02-06 16:00:00+00:00
[2025-02-06T16:36:52.513+0000] {processor.py:208} INFO - Processing /home/airflow/.local/lib/python3.12/site-packages/airflow/example_dags/example_latest_only_with_trigger.py took 0.099 seconds
[2025-02-06T16:37:22.679+0000] {processor.py:186} INFO - Started process (PID=154) to work on /home/airflow/.local/lib/python3.12/site-packages/airflow/example_dags/example_latest_only_with_trigger.py
[2025-02-06T16:37:22.681+0000] {processor.py:914} INFO - Processing file /home/airflow/.local/lib/python3.12/site-packages/airflow/example_dags/example_latest_only_with_trigger.py for tasks to queue
[2025-02-06T16:37:22.684+0000] {logging_mixin.py:190} INFO - [2025-02-06T16:37:22.683+0000] {dagbag.py:588} INFO - Filling up the DagBag from /home/airflow/.local/lib/python3.12/site-packages/airflow/example_dags/example_latest_only_with_trigger.py
[2025-02-06T16:37:22.693+0000] {processor.py:925} INFO - DAG(s) 'latest_only_with_trigger' retrieved from /home/airflow/.local/lib/python3.12/site-packages/airflow/example_dags/example_latest_only_with_trigger.py
[2025-02-06T16:37:22.717+0000] {logging_mixin.py:190} INFO - [2025-02-06T16:37:22.717+0000] {dag.py:3239} INFO - Sync 1 DAGs
[2025-02-06T16:37:22.745+0000] {logging_mixin.py:190} INFO - [2025-02-06T16:37:22.745+0000] {dag.py:4180} INFO - Setting next_dagrun for latest_only_with_trigger to 2025-02-06 12:00:00+00:00, run_after=2025-02-06 16:00:00+00:00
[2025-02-06T16:37:22.774+0000] {processor.py:208} INFO - Processing /home/airflow/.local/lib/python3.12/site-packages/airflow/example_dags/example_latest_only_with_trigger.py took 0.103 seconds
[2025-02-06T16:37:52.878+0000] {processor.py:186} INFO - Started process (PID=211) to work on /home/airflow/.local/lib/python3.12/site-packages/airflow/example_dags/example_latest_only_with_trigger.py
[2025-02-06T16:37:52.880+0000] {processor.py:914} INFO - Processing file /home/airflow/.local/lib/python3.12/site-packages/airflow/example_dags/example_latest_only_with_trigger.py for tasks to queue
[2025-02-06T16:37:52.883+0000] {logging_mixin.py:190} INFO - [2025-02-06T16:37:52.882+0000] {dagbag.py:588} INFO - Filling up the DagBag from /home/airflow/.local/lib/python3.12/site-packages/airflow/example_dags/example_latest_only_with_trigger.py
[2025-02-06T16:37:52.891+0000] {processor.py:925} INFO - DAG(s) 'latest_only_with_trigger' retrieved from /home/airflow/.local/lib/python3.12/site-packages/airflow/example_dags/example_latest_only_with_trigger.py
[2025-02-06T16:37:52.917+0000] {logging_mixin.py:190} INFO - [2025-02-06T16:37:52.916+0000] {dag.py:3239} INFO - Sync 1 DAGs
[2025-02-06T16:37:52.944+0000] {logging_mixin.py:190} INFO - [2025-02-06T16:37:52.943+0000] {dag.py:4180} INFO - Setting next_dagrun for latest_only_with_trigger to 2025-02-06 12:00:00+00:00, run_after=2025-02-06 16:00:00+00:00
[2025-02-06T16:37:52.971+0000] {processor.py:208} INFO - Processing /home/airflow/.local/lib/python3.12/site-packages/airflow/example_dags/example_latest_only_with_trigger.py took 0.099 seconds
[2025-02-06T16:38:23.703+0000] {processor.py:186} INFO - Started process (PID=268) to work on /home/airflow/.local/lib/python3.12/site-packages/airflow/example_dags/example_latest_only_with_trigger.py
[2025-02-06T16:38:23.704+0000] {processor.py:914} INFO - Processing file /home/airflow/.local/lib/python3.12/site-packages/airflow/example_dags/example_latest_only_with_trigger.py for tasks to queue
[2025-02-06T16:38:23.707+0000] {logging_mixin.py:190} INFO - [2025-02-06T16:38:23.707+0000] {dagbag.py:588} INFO - Filling up the DagBag from /home/airflow/.local/lib/python3.12/site-packages/airflow/example_dags/example_latest_only_with_trigger.py
[2025-02-06T16:38:23.716+0000] {processor.py:925} INFO - DAG(s) 'latest_only_with_trigger' retrieved from /home/airflow/.local/lib/python3.12/site-packages/airflow/example_dags/example_latest_only_with_trigger.py
[2025-02-06T16:38:23.740+0000] {logging_mixin.py:190} INFO - [2025-02-06T16:38:23.740+0000] {dag.py:3239} INFO - Sync 1 DAGs
[2025-02-06T16:38:23.769+0000] {logging_mixin.py:190} INFO - [2025-02-06T16:38:23.768+0000] {dag.py:4180} INFO - Setting next_dagrun for latest_only_with_trigger to 2025-02-06 12:00:00+00:00, run_after=2025-02-06 16:00:00+00:00
[2025-02-06T16:38:23.791+0000] {processor.py:208} INFO - Processing /home/airflow/.local/lib/python3.12/site-packages/airflow/example_dags/example_latest_only_with_trigger.py took 0.095 seconds
[2025-02-06T16:38:54.265+0000] {processor.py:186} INFO - Started process (PID=325) to work on /home/airflow/.local/lib/python3.12/site-packages/airflow/example_dags/example_latest_only_with_trigger.py
[2025-02-06T16:38:54.266+0000] {processor.py:914} INFO - Processing file /home/airflow/.local/lib/python3.12/site-packages/airflow/example_dags/example_latest_only_with_trigger.py for tasks to queue
[2025-02-06T16:38:54.270+0000] {logging_mixin.py:190} INFO - [2025-02-06T16:38:54.269+0000] {dagbag.py:588} INFO - Filling up the DagBag from /home/airflow/.local/lib/python3.12/site-packages/airflow/example_dags/example_latest_only_with_trigger.py
[2025-02-06T16:38:54.279+0000] {processor.py:925} INFO - DAG(s) 'latest_only_with_trigger' retrieved from /home/airflow/.local/lib/python3.12/site-packages/airflow/example_dags/example_latest_only_with_trigger.py
[2025-02-06T16:38:54.305+0000] {logging_mixin.py:190} INFO - [2025-02-06T16:38:54.305+0000] {dag.py:3239} INFO - Sync 1 DAGs
[2025-02-06T16:38:54.332+0000] {logging_mixin.py:190} INFO - [2025-02-06T16:38:54.332+0000] {dag.py:4180} INFO - Setting next_dagrun for latest_only_with_trigger to 2025-02-06 12:00:00+00:00, run_after=2025-02-06 16:00:00+00:00
[2025-02-06T16:38:54.360+0000] {processor.py:208} INFO - Processing /home/airflow/.local/lib/python3.12/site-packages/airflow/example_dags/example_latest_only_with_trigger.py took 0.108 seconds
[2025-02-06T16:39:24.891+0000] {processor.py:186} INFO - Started process (PID=382) to work on /home/airflow/.local/lib/python3.12/site-packages/airflow/example_dags/example_latest_only_with_trigger.py
[2025-02-06T16:39:24.892+0000] {processor.py:914} INFO - Processing file /home/airflow/.local/lib/python3.12/site-packages/airflow/example_dags/example_latest_only_with_trigger.py for tasks to queue
[2025-02-06T16:39:24.895+0000] {logging_mixin.py:190} INFO - [2025-02-06T16:39:24.895+0000] {dagbag.py:588} INFO - Filling up the DagBag from /home/airflow/.local/lib/python3.12/site-packages/airflow/example_dags/example_latest_only_with_trigger.py
[2025-02-06T16:39:24.907+0000] {processor.py:925} INFO - DAG(s) 'latest_only_with_trigger' retrieved from /home/airflow/.local/lib/python3.12/site-packages/airflow/example_dags/example_latest_only_with_trigger.py
[2025-02-06T16:39:24.934+0000] {logging_mixin.py:190} INFO - [2025-02-06T16:39:24.934+0000] {dag.py:3239} INFO - Sync 1 DAGs
[2025-02-06T16:39:24.964+0000] {logging_mixin.py:190} INFO - [2025-02-06T16:39:24.964+0000] {dag.py:4180} INFO - Setting next_dagrun for latest_only_with_trigger to 2025-02-06 12:00:00+00:00, run_after=2025-02-06 16:00:00+00:00
[2025-02-06T16:39:24.988+0000] {processor.py:208} INFO - Processing /home/airflow/.local/lib/python3.12/site-packages/airflow/example_dags/example_latest_only_with_trigger.py took 0.106 seconds
[2025-02-06T16:39:55.588+0000] {processor.py:186} INFO - Started process (PID=439) to work on /home/airflow/.local/lib/python3.12/site-packages/airflow/example_dags/example_latest_only_with_trigger.py
[2025-02-06T16:39:55.589+0000] {processor.py:914} INFO - Processing file /home/airflow/.local/lib/python3.12/site-packages/airflow/example_dags/example_latest_only_with_trigger.py for tasks to queue
[2025-02-06T16:39:55.592+0000] {logging_mixin.py:190} INFO - [2025-02-06T16:39:55.591+0000] {dagbag.py:588} INFO - Filling up the DagBag from /home/airflow/.local/lib/python3.12/site-packages/airflow/example_dags/example_latest_only_with_trigger.py
[2025-02-06T16:39:55.601+0000] {processor.py:925} INFO - DAG(s) 'latest_only_with_trigger' retrieved from /home/airflow/.local/lib/python3.12/site-packages/airflow/example_dags/example_latest_only_with_trigger.py
[2025-02-06T16:39:55.626+0000] {logging_mixin.py:190} INFO - [2025-02-06T16:39:55.626+0000] {dag.py:3239} INFO - Sync 1 DAGs
[2025-02-06T16:39:55.654+0000] {logging_mixin.py:190} INFO - [2025-02-06T16:39:55.654+0000] {dag.py:4180} INFO - Setting next_dagrun for latest_only_with_trigger to 2025-02-06 12:00:00+00:00, run_after=2025-02-06 16:00:00+00:00
[2025-02-06T16:39:55.679+0000] {processor.py:208} INFO - Processing /home/airflow/.local/lib/python3.12/site-packages/airflow/example_dags/example_latest_only_with_trigger.py took 0.099 seconds
[2025-02-06T16:40:25.820+0000] {processor.py:186} INFO - Started process (PID=496) to work on /home/airflow/.local/lib/python3.12/site-packages/airflow/example_dags/example_latest_only_with_trigger.py
[2025-02-06T16:40:25.821+0000] {processor.py:914} INFO - Processing file /home/airflow/.local/lib/python3.12/site-packages/airflow/example_dags/example_latest_only_with_trigger.py for tasks to queue
[2025-02-06T16:40:25.825+0000] {logging_mixin.py:190} INFO - [2025-02-06T16:40:25.824+0000] {dagbag.py:588} INFO - Filling up the DagBag from /home/airflow/.local/lib/python3.12/site-packages/airflow/example_dags/example_latest_only_with_trigger.py
[2025-02-06T16:40:25.834+0000] {processor.py:925} INFO - DAG(s) 'latest_only_with_trigger' retrieved from /home/airflow/.local/lib/python3.12/site-packages/airflow/example_dags/example_latest_only_with_trigger.py
[2025-02-06T16:40:25.861+0000] {logging_mixin.py:190} INFO - [2025-02-06T16:40:25.861+0000] {dag.py:3239} INFO - Sync 1 DAGs
[2025-02-06T16:40:25.898+0000] {logging_mixin.py:190} INFO - [2025-02-06T16:40:25.897+0000] {dag.py:4180} INFO - Setting next_dagrun for latest_only_with_trigger to 2025-02-06 12:00:00+00:00, run_after=2025-02-06 16:00:00+00:00
[2025-02-06T16:40:25.922+0000] {processor.py:208} INFO - Processing /home/airflow/.local/lib/python3.12/site-packages/airflow/example_dags/example_latest_only_with_trigger.py took 0.110 seconds
[2025-02-06T16:40:55.977+0000] {processor.py:186} INFO - Started process (PID=553) to work on /home/airflow/.local/lib/python3.12/site-packages/airflow/example_dags/example_latest_only_with_trigger.py
[2025-02-06T16:40:55.979+0000] {processor.py:914} INFO - Processing file /home/airflow/.local/lib/python3.12/site-packages/airflow/example_dags/example_latest_only_with_trigger.py for tasks to queue
[2025-02-06T16:40:55.981+0000] {logging_mixin.py:190} INFO - [2025-02-06T16:40:55.981+0000] {dagbag.py:588} INFO - Filling up the DagBag from /home/airflow/.local/lib/python3.12/site-packages/airflow/example_dags/example_latest_only_with_trigger.py
[2025-02-06T16:40:55.990+0000] {processor.py:925} INFO - DAG(s) 'latest_only_with_trigger' retrieved from /home/airflow/.local/lib/python3.12/site-packages/airflow/example_dags/example_latest_only_with_trigger.py
[2025-02-06T16:40:56.016+0000] {logging_mixin.py:190} INFO - [2025-02-06T16:40:56.016+0000] {dag.py:3239} INFO - Sync 1 DAGs
[2025-02-06T16:40:56.045+0000] {logging_mixin.py:190} INFO - [2025-02-06T16:40:56.045+0000] {dag.py:4180} INFO - Setting next_dagrun for latest_only_with_trigger to 2025-02-06 12:00:00+00:00, run_after=2025-02-06 16:00:00+00:00
[2025-02-06T16:40:56.069+0000] {processor.py:208} INFO - Processing /home/airflow/.local/lib/python3.12/site-packages/airflow/example_dags/example_latest_only_with_trigger.py took 0.100 seconds
[2025-02-06T16:41:26.189+0000] {processor.py:186} INFO - Started process (PID=610) to work on /home/airflow/.local/lib/python3.12/site-packages/airflow/example_dags/example_latest_only_with_trigger.py
[2025-02-06T16:41:26.190+0000] {processor.py:914} INFO - Processing file /home/airflow/.local/lib/python3.12/site-packages/airflow/example_dags/example_latest_only_with_trigger.py for tasks to queue
[2025-02-06T16:41:26.193+0000] {logging_mixin.py:190} INFO - [2025-02-06T16:41:26.193+0000] {dagbag.py:588} INFO - Filling up the DagBag from /home/airflow/.local/lib/python3.12/site-packages/airflow/example_dags/example_latest_only_with_trigger.py
[2025-02-06T16:41:26.202+0000] {processor.py:925} INFO - DAG(s) 'latest_only_with_trigger' retrieved from /home/airflow/.local/lib/python3.12/site-packages/airflow/example_dags/example_latest_only_with_trigger.py
[2025-02-06T16:41:26.228+0000] {logging_mixin.py:190} INFO - [2025-02-06T16:41:26.227+0000] {dag.py:3239} INFO - Sync 1 DAGs
[2025-02-06T16:41:26.258+0000] {logging_mixin.py:190} INFO - [2025-02-06T16:41:26.258+0000] {dag.py:4180} INFO - Setting next_dagrun for latest_only_with_trigger to 2025-02-06 12:00:00+00:00, run_after=2025-02-06 16:00:00+00:00
[2025-02-06T16:41:26.282+0000] {processor.py:208} INFO - Processing /home/airflow/.local/lib/python3.12/site-packages/airflow/example_dags/example_latest_only_with_trigger.py took 0.101 seconds
[2025-02-06T16:41:56.495+0000] {processor.py:186} INFO - Started process (PID=667) to work on /home/airflow/.local/lib/python3.12/site-packages/airflow/example_dags/example_latest_only_with_trigger.py
[2025-02-06T16:41:56.496+0000] {processor.py:914} INFO - Processing file /home/airflow/.local/lib/python3.12/site-packages/airflow/example_dags/example_latest_only_with_trigger.py for tasks to queue
[2025-02-06T16:41:56.499+0000] {logging_mixin.py:190} INFO - [2025-02-06T16:41:56.499+0000] {dagbag.py:588} INFO - Filling up the DagBag from /home/airflow/.local/lib/python3.12/site-packages/airflow/example_dags/example_latest_only_with_trigger.py
[2025-02-06T16:41:56.508+0000] {processor.py:925} INFO - DAG(s) 'latest_only_with_trigger' retrieved from /home/airflow/.local/lib/python3.12/site-packages/airflow/example_dags/example_latest_only_with_trigger.py
[2025-02-06T16:41:56.534+0000] {logging_mixin.py:190} INFO - [2025-02-06T16:41:56.533+0000] {dag.py:3239} INFO - Sync 1 DAGs
[2025-02-06T16:41:56.563+0000] {logging_mixin.py:190} INFO - [2025-02-06T16:41:56.563+0000] {dag.py:4180} INFO - Setting next_dagrun for latest_only_with_trigger to 2025-02-06 12:00:00+00:00, run_after=2025-02-06 16:00:00+00:00
[2025-02-06T16:41:56.590+0000] {processor.py:208} INFO - Processing /home/airflow/.local/lib/python3.12/site-packages/airflow/example_dags/example_latest_only_with_trigger.py took 0.102 seconds
[2025-02-06T16:42:27.252+0000] {processor.py:186} INFO - Started process (PID=724) to work on /home/airflow/.local/lib/python3.12/site-packages/airflow/example_dags/example_latest_only_with_trigger.py
[2025-02-06T16:42:27.253+0000] {processor.py:914} INFO - Processing file /home/airflow/.local/lib/python3.12/site-packages/airflow/example_dags/example_latest_only_with_trigger.py for tasks to queue
[2025-02-06T16:42:27.256+0000] {logging_mixin.py:190} INFO - [2025-02-06T16:42:27.255+0000] {dagbag.py:588} INFO - Filling up the DagBag from /home/airflow/.local/lib/python3.12/site-packages/airflow/example_dags/example_latest_only_with_trigger.py
[2025-02-06T16:42:27.265+0000] {processor.py:925} INFO - DAG(s) 'latest_only_with_trigger' retrieved from /home/airflow/.local/lib/python3.12/site-packages/airflow/example_dags/example_latest_only_with_trigger.py
[2025-02-06T16:42:27.291+0000] {logging_mixin.py:190} INFO - [2025-02-06T16:42:27.291+0000] {dag.py:3239} INFO - Sync 1 DAGs
[2025-02-06T16:42:27.320+0000] {logging_mixin.py:190} INFO - [2025-02-06T16:42:27.320+0000] {dag.py:4180} INFO - Setting next_dagrun for latest_only_with_trigger to 2025-02-06 12:00:00+00:00, run_after=2025-02-06 16:00:00+00:00
[2025-02-06T16:42:27.348+0000] {processor.py:208} INFO - Processing /home/airflow/.local/lib/python3.12/site-packages/airflow/example_dags/example_latest_only_with_trigger.py took 0.103 seconds
[2025-02-06T16:42:57.405+0000] {processor.py:186} INFO - Started process (PID=781) to work on /home/airflow/.local/lib/python3.12/site-packages/airflow/example_dags/example_latest_only_with_trigger.py
[2025-02-06T16:42:57.407+0000] {processor.py:914} INFO - Processing file /home/airflow/.local/lib/python3.12/site-packages/airflow/example_dags/example_latest_only_with_trigger.py for tasks to queue
[2025-02-06T16:42:57.410+0000] {logging_mixin.py:190} INFO - [2025-02-06T16:42:57.409+0000] {dagbag.py:588} INFO - Filling up the DagBag from /home/airflow/.local/lib/python3.12/site-packages/airflow/example_dags/example_latest_only_with_trigger.py
[2025-02-06T16:42:57.419+0000] {processor.py:925} INFO - DAG(s) 'latest_only_with_trigger' retrieved from /home/airflow/.local/lib/python3.12/site-packages/airflow/example_dags/example_latest_only_with_trigger.py
[2025-02-06T16:42:57.445+0000] {logging_mixin.py:190} INFO - [2025-02-06T16:42:57.445+0000] {dag.py:3239} INFO - Sync 1 DAGs
[2025-02-06T16:42:57.480+0000] {logging_mixin.py:190} INFO - [2025-02-06T16:42:57.480+0000] {dag.py:4180} INFO - Setting next_dagrun for latest_only_with_trigger to 2025-02-06 12:00:00+00:00, run_after=2025-02-06 16:00:00+00:00
[2025-02-06T16:42:57.506+0000] {processor.py:208} INFO - Processing /home/airflow/.local/lib/python3.12/site-packages/airflow/example_dags/example_latest_only_with_trigger.py took 0.107 seconds
[2025-02-06T16:43:28.033+0000] {processor.py:186} INFO - Started process (PID=838) to work on /home/airflow/.local/lib/python3.12/site-packages/airflow/example_dags/example_latest_only_with_trigger.py
[2025-02-06T16:43:28.034+0000] {processor.py:914} INFO - Processing file /home/airflow/.local/lib/python3.12/site-packages/airflow/example_dags/example_latest_only_with_trigger.py for tasks to queue
[2025-02-06T16:43:28.037+0000] {logging_mixin.py:190} INFO - [2025-02-06T16:43:28.037+0000] {dagbag.py:588} INFO - Filling up the DagBag from /home/airflow/.local/lib/python3.12/site-packages/airflow/example_dags/example_latest_only_with_trigger.py
[2025-02-06T16:43:28.046+0000] {processor.py:925} INFO - DAG(s) 'latest_only_with_trigger' retrieved from /home/airflow/.local/lib/python3.12/site-packages/airflow/example_dags/example_latest_only_with_trigger.py
[2025-02-06T16:43:28.073+0000] {logging_mixin.py:190} INFO - [2025-02-06T16:43:28.072+0000] {dag.py:3239} INFO - Sync 1 DAGs
[2025-02-06T16:43:28.105+0000] {logging_mixin.py:190} INFO - [2025-02-06T16:43:28.105+0000] {dag.py:4180} INFO - Setting next_dagrun for latest_only_with_trigger to 2025-02-06 12:00:00+00:00, run_after=2025-02-06 16:00:00+00:00
[2025-02-06T16:43:28.133+0000] {processor.py:208} INFO - Processing /home/airflow/.local/lib/python3.12/site-packages/airflow/example_dags/example_latest_only_with_trigger.py took 0.106 seconds
[2025-02-06T16:43:58.945+0000] {processor.py:186} INFO - Started process (PID=895) to work on /home/airflow/.local/lib/python3.12/site-packages/airflow/example_dags/example_latest_only_with_trigger.py
[2025-02-06T16:43:58.946+0000] {processor.py:914} INFO - Processing file /home/airflow/.local/lib/python3.12/site-packages/airflow/example_dags/example_latest_only_with_trigger.py for tasks to queue
[2025-02-06T16:43:58.949+0000] {logging_mixin.py:190} INFO - [2025-02-06T16:43:58.949+0000] {dagbag.py:588} INFO - Filling up the DagBag from /home/airflow/.local/lib/python3.12/site-packages/airflow/example_dags/example_latest_only_with_trigger.py
[2025-02-06T16:43:58.958+0000] {processor.py:925} INFO - DAG(s) 'latest_only_with_trigger' retrieved from /home/airflow/.local/lib/python3.12/site-packages/airflow/example_dags/example_latest_only_with_trigger.py
[2025-02-06T16:43:58.986+0000] {logging_mixin.py:190} INFO - [2025-02-06T16:43:58.985+0000] {dag.py:3239} INFO - Sync 1 DAGs
[2025-02-06T16:43:59.026+0000] {logging_mixin.py:190} INFO - [2025-02-06T16:43:59.026+0000] {dag.py:4180} INFO - Setting next_dagrun for latest_only_with_trigger to 2025-02-06 12:00:00+00:00, run_after=2025-02-06 16:00:00+00:00
[2025-02-06T16:43:59.050+0000] {processor.py:208} INFO - Processing /home/airflow/.local/lib/python3.12/site-packages/airflow/example_dags/example_latest_only_with_trigger.py took 0.113 seconds
[2025-02-06T16:44:31.516+0000] {processor.py:186} INFO - Started process (PID=952) to work on /home/airflow/.local/lib/python3.12/site-packages/airflow/example_dags/example_latest_only_with_trigger.py
[2025-02-06T16:44:31.518+0000] {processor.py:914} INFO - Processing file /home/airflow/.local/lib/python3.12/site-packages/airflow/example_dags/example_latest_only_with_trigger.py for tasks to queue
[2025-02-06T16:44:31.532+0000] {logging_mixin.py:190} INFO - [2025-02-06T16:44:31.531+0000] {dagbag.py:588} INFO - Filling up the DagBag from /home/airflow/.local/lib/python3.12/site-packages/airflow/example_dags/example_latest_only_with_trigger.py
[2025-02-06T16:44:31.557+0000] {processor.py:925} INFO - DAG(s) 'latest_only_with_trigger' retrieved from /home/airflow/.local/lib/python3.12/site-packages/airflow/example_dags/example_latest_only_with_trigger.py
[2025-02-06T16:44:31.621+0000] {logging_mixin.py:190} INFO - [2025-02-06T16:44:31.621+0000] {dag.py:3239} INFO - Sync 1 DAGs
[2025-02-06T16:44:31.687+0000] {logging_mixin.py:190} INFO - [2025-02-06T16:44:31.686+0000] {dag.py:4180} INFO - Setting next_dagrun for latest_only_with_trigger to 2025-02-06 12:00:00+00:00, run_after=2025-02-06 16:00:00+00:00
[2025-02-06T16:44:31.733+0000] {processor.py:208} INFO - Processing /home/airflow/.local/lib/python3.12/site-packages/airflow/example_dags/example_latest_only_with_trigger.py took 0.240 seconds
[2025-02-06T16:45:04.339+0000] {processor.py:186} INFO - Started process (PID=1009) to work on /home/airflow/.local/lib/python3.12/site-packages/airflow/example_dags/example_latest_only_with_trigger.py
[2025-02-06T16:45:04.345+0000] {processor.py:914} INFO - Processing file /home/airflow/.local/lib/python3.12/site-packages/airflow/example_dags/example_latest_only_with_trigger.py for tasks to queue
[2025-02-06T16:45:04.350+0000] {logging_mixin.py:190} INFO - [2025-02-06T16:45:04.349+0000] {dagbag.py:588} INFO - Filling up the DagBag from /home/airflow/.local/lib/python3.12/site-packages/airflow/example_dags/example_latest_only_with_trigger.py
[2025-02-06T16:45:04.360+0000] {processor.py:925} INFO - DAG(s) 'latest_only_with_trigger' retrieved from /home/airflow/.local/lib/python3.12/site-packages/airflow/example_dags/example_latest_only_with_trigger.py
[2025-02-06T16:45:04.398+0000] {logging_mixin.py:190} INFO - [2025-02-06T16:45:04.397+0000] {dag.py:3239} INFO - Sync 1 DAGs
[2025-02-06T16:45:04.434+0000] {logging_mixin.py:190} INFO - [2025-02-06T16:45:04.434+0000] {dag.py:4180} INFO - Setting next_dagrun for latest_only_with_trigger to 2025-02-06 12:00:00+00:00, run_after=2025-02-06 16:00:00+00:00
[2025-02-06T16:45:04.462+0000] {processor.py:208} INFO - Processing /home/airflow/.local/lib/python3.12/site-packages/airflow/example_dags/example_latest_only_with_trigger.py took 0.132 seconds
[2025-02-06T16:45:34.848+0000] {processor.py:186} INFO - Started process (PID=1062) to work on /home/airflow/.local/lib/python3.12/site-packages/airflow/example_dags/example_latest_only_with_trigger.py
[2025-02-06T16:45:34.849+0000] {processor.py:914} INFO - Processing file /home/airflow/.local/lib/python3.12/site-packages/airflow/example_dags/example_latest_only_with_trigger.py for tasks to queue
[2025-02-06T16:45:34.852+0000] {logging_mixin.py:190} INFO - [2025-02-06T16:45:34.851+0000] {dagbag.py:588} INFO - Filling up the DagBag from /home/airflow/.local/lib/python3.12/site-packages/airflow/example_dags/example_latest_only_with_trigger.py
[2025-02-06T16:45:34.863+0000] {processor.py:925} INFO - DAG(s) 'latest_only_with_trigger' retrieved from /home/airflow/.local/lib/python3.12/site-packages/airflow/example_dags/example_latest_only_with_trigger.py
[2025-02-06T16:45:34.891+0000] {logging_mixin.py:190} INFO - [2025-02-06T16:45:34.890+0000] {dag.py:3239} INFO - Sync 1 DAGs
[2025-02-06T16:45:34.922+0000] {logging_mixin.py:190} INFO - [2025-02-06T16:45:34.922+0000] {dag.py:4180} INFO - Setting next_dagrun for latest_only_with_trigger to 2025-02-06 12:00:00+00:00, run_after=2025-02-06 16:00:00+00:00
[2025-02-06T16:45:34.948+0000] {processor.py:208} INFO - Processing /home/airflow/.local/lib/python3.12/site-packages/airflow/example_dags/example_latest_only_with_trigger.py took 0.109 seconds
[2025-02-06T16:46:05.449+0000] {processor.py:186} INFO - Started process (PID=1119) to work on /home/airflow/.local/lib/python3.12/site-packages/airflow/example_dags/example_latest_only_with_trigger.py
[2025-02-06T16:46:05.450+0000] {processor.py:914} INFO - Processing file /home/airflow/.local/lib/python3.12/site-packages/airflow/example_dags/example_latest_only_with_trigger.py for tasks to queue
[2025-02-06T16:46:05.453+0000] {logging_mixin.py:190} INFO - [2025-02-06T16:46:05.452+0000] {dagbag.py:588} INFO - Filling up the DagBag from /home/airflow/.local/lib/python3.12/site-packages/airflow/example_dags/example_latest_only_with_trigger.py
[2025-02-06T16:46:05.462+0000] {processor.py:925} INFO - DAG(s) 'latest_only_with_trigger' retrieved from /home/airflow/.local/lib/python3.12/site-packages/airflow/example_dags/example_latest_only_with_trigger.py
[2025-02-06T16:46:05.488+0000] {logging_mixin.py:190} INFO - [2025-02-06T16:46:05.488+0000] {dag.py:3239} INFO - Sync 1 DAGs
[2025-02-06T16:46:05.517+0000] {logging_mixin.py:190} INFO - [2025-02-06T16:46:05.517+0000] {dag.py:4180} INFO - Setting next_dagrun for latest_only_with_trigger to 2025-02-06 12:00:00+00:00, run_after=2025-02-06 16:00:00+00:00
[2025-02-06T16:46:05.540+0000] {processor.py:208} INFO - Processing /home/airflow/.local/lib/python3.12/site-packages/airflow/example_dags/example_latest_only_with_trigger.py took 0.098 seconds
[2025-02-06T16:46:36.222+0000] {processor.py:186} INFO - Started process (PID=1176) to work on /home/airflow/.local/lib/python3.12/site-packages/airflow/example_dags/example_latest_only_with_trigger.py
[2025-02-06T16:46:36.224+0000] {processor.py:914} INFO - Processing file /home/airflow/.local/lib/python3.12/site-packages/airflow/example_dags/example_latest_only_with_trigger.py for tasks to queue
[2025-02-06T16:46:36.228+0000] {logging_mixin.py:190} INFO - [2025-02-06T16:46:36.227+0000] {dagbag.py:588} INFO - Filling up the DagBag from /home/airflow/.local/lib/python3.12/site-packages/airflow/example_dags/example_latest_only_with_trigger.py
[2025-02-06T16:46:36.247+0000] {processor.py:925} INFO - DAG(s) 'latest_only_with_trigger' retrieved from /home/airflow/.local/lib/python3.12/site-packages/airflow/example_dags/example_latest_only_with_trigger.py
[2025-02-06T16:46:36.306+0000] {logging_mixin.py:190} INFO - [2025-02-06T16:46:36.306+0000] {dag.py:3239} INFO - Sync 1 DAGs
[2025-02-06T16:46:36.381+0000] {logging_mixin.py:190} INFO - [2025-02-06T16:46:36.380+0000] {dag.py:4180} INFO - Setting next_dagrun for latest_only_with_trigger to 2025-02-06 12:00:00+00:00, run_after=2025-02-06 16:00:00+00:00
[2025-02-06T16:46:36.437+0000] {processor.py:208} INFO - Processing /home/airflow/.local/lib/python3.12/site-packages/airflow/example_dags/example_latest_only_with_trigger.py took 0.228 seconds
[2025-02-06T16:47:07.249+0000] {processor.py:186} INFO - Started process (PID=1233) to work on /home/airflow/.local/lib/python3.12/site-packages/airflow/example_dags/example_latest_only_with_trigger.py
[2025-02-06T16:47:07.251+0000] {processor.py:914} INFO - Processing file /home/airflow/.local/lib/python3.12/site-packages/airflow/example_dags/example_latest_only_with_trigger.py for tasks to queue
[2025-02-06T16:47:07.254+0000] {logging_mixin.py:190} INFO - [2025-02-06T16:47:07.253+0000] {dagbag.py:588} INFO - Filling up the DagBag from /home/airflow/.local/lib/python3.12/site-packages/airflow/example_dags/example_latest_only_with_trigger.py
[2025-02-06T16:47:07.263+0000] {processor.py:925} INFO - DAG(s) 'latest_only_with_trigger' retrieved from /home/airflow/.local/lib/python3.12/site-packages/airflow/example_dags/example_latest_only_with_trigger.py
[2025-02-06T16:47:07.297+0000] {logging_mixin.py:190} INFO - [2025-02-06T16:47:07.296+0000] {dag.py:3239} INFO - Sync 1 DAGs
[2025-02-06T16:47:07.330+0000] {logging_mixin.py:190} INFO - [2025-02-06T16:47:07.330+0000] {dag.py:4180} INFO - Setting next_dagrun for latest_only_with_trigger to 2025-02-06 12:00:00+00:00, run_after=2025-02-06 16:00:00+00:00
[2025-02-06T16:47:07.354+0000] {processor.py:208} INFO - Processing /home/airflow/.local/lib/python3.12/site-packages/airflow/example_dags/example_latest_only_with_trigger.py took 0.113 seconds
[2025-02-06T16:47:37.979+0000] {processor.py:186} INFO - Started process (PID=1290) to work on /home/airflow/.local/lib/python3.12/site-packages/airflow/example_dags/example_latest_only_with_trigger.py
[2025-02-06T16:47:37.981+0000] {processor.py:914} INFO - Processing file /home/airflow/.local/lib/python3.12/site-packages/airflow/example_dags/example_latest_only_with_trigger.py for tasks to queue
[2025-02-06T16:47:37.984+0000] {logging_mixin.py:190} INFO - [2025-02-06T16:47:37.983+0000] {dagbag.py:588} INFO - Filling up the DagBag from /home/airflow/.local/lib/python3.12/site-packages/airflow/example_dags/example_latest_only_with_trigger.py
[2025-02-06T16:47:37.993+0000] {processor.py:925} INFO - DAG(s) 'latest_only_with_trigger' retrieved from /home/airflow/.local/lib/python3.12/site-packages/airflow/example_dags/example_latest_only_with_trigger.py
[2025-02-06T16:47:38.018+0000] {logging_mixin.py:190} INFO - [2025-02-06T16:47:38.018+0000] {dag.py:3239} INFO - Sync 1 DAGs
[2025-02-06T16:47:38.046+0000] {logging_mixin.py:190} INFO - [2025-02-06T16:47:38.046+0000] {dag.py:4180} INFO - Setting next_dagrun for latest_only_with_trigger to 2025-02-06 12:00:00+00:00, run_after=2025-02-06 16:00:00+00:00
[2025-02-06T16:47:38.069+0000] {processor.py:208} INFO - Processing /home/airflow/.local/lib/python3.12/site-packages/airflow/example_dags/example_latest_only_with_trigger.py took 0.097 seconds
[2025-02-06T16:48:08.939+0000] {processor.py:186} INFO - Started process (PID=1347) to work on /home/airflow/.local/lib/python3.12/site-packages/airflow/example_dags/example_latest_only_with_trigger.py
[2025-02-06T16:48:08.941+0000] {processor.py:914} INFO - Processing file /home/airflow/.local/lib/python3.12/site-packages/airflow/example_dags/example_latest_only_with_trigger.py for tasks to queue
[2025-02-06T16:48:08.945+0000] {logging_mixin.py:190} INFO - [2025-02-06T16:48:08.945+0000] {dagbag.py:588} INFO - Filling up the DagBag from /home/airflow/.local/lib/python3.12/site-packages/airflow/example_dags/example_latest_only_with_trigger.py
[2025-02-06T16:48:08.961+0000] {processor.py:925} INFO - DAG(s) 'latest_only_with_trigger' retrieved from /home/airflow/.local/lib/python3.12/site-packages/airflow/example_dags/example_latest_only_with_trigger.py
[2025-02-06T16:48:09.014+0000] {logging_mixin.py:190} INFO - [2025-02-06T16:48:09.013+0000] {dag.py:3239} INFO - Sync 1 DAGs
[2025-02-06T16:48:09.085+0000] {logging_mixin.py:190} INFO - [2025-02-06T16:48:09.085+0000] {dag.py:4180} INFO - Setting next_dagrun for latest_only_with_trigger to 2025-02-06 12:00:00+00:00, run_after=2025-02-06 16:00:00+00:00
[2025-02-06T16:48:09.164+0000] {processor.py:208} INFO - Processing /home/airflow/.local/lib/python3.12/site-packages/airflow/example_dags/example_latest_only_with_trigger.py took 0.237 seconds
[2025-02-06T16:48:39.698+0000] {processor.py:186} INFO - Started process (PID=1404) to work on /home/airflow/.local/lib/python3.12/site-packages/airflow/example_dags/example_latest_only_with_trigger.py
[2025-02-06T16:48:39.699+0000] {processor.py:914} INFO - Processing file /home/airflow/.local/lib/python3.12/site-packages/airflow/example_dags/example_latest_only_with_trigger.py for tasks to queue
[2025-02-06T16:48:39.703+0000] {logging_mixin.py:190} INFO - [2025-02-06T16:48:39.702+0000] {dagbag.py:588} INFO - Filling up the DagBag from /home/airflow/.local/lib/python3.12/site-packages/airflow/example_dags/example_latest_only_with_trigger.py
[2025-02-06T16:48:39.713+0000] {processor.py:925} INFO - DAG(s) 'latest_only_with_trigger' retrieved from /home/airflow/.local/lib/python3.12/site-packages/airflow/example_dags/example_latest_only_with_trigger.py
[2025-02-06T16:48:39.742+0000] {logging_mixin.py:190} INFO - [2025-02-06T16:48:39.742+0000] {dag.py:3239} INFO - Sync 1 DAGs
[2025-02-06T16:48:39.782+0000] {logging_mixin.py:190} INFO - [2025-02-06T16:48:39.782+0000] {dag.py:4180} INFO - Setting next_dagrun for latest_only_with_trigger to 2025-02-06 12:00:00+00:00, run_after=2025-02-06 16:00:00+00:00
[2025-02-06T16:48:39.809+0000] {processor.py:208} INFO - Processing /home/airflow/.local/lib/python3.12/site-packages/airflow/example_dags/example_latest_only_with_trigger.py took 0.119 seconds
[2025-02-06T16:49:10.079+0000] {processor.py:186} INFO - Started process (PID=1461) to work on /home/airflow/.local/lib/python3.12/site-packages/airflow/example_dags/example_latest_only_with_trigger.py
[2025-02-06T16:49:10.080+0000] {processor.py:914} INFO - Processing file /home/airflow/.local/lib/python3.12/site-packages/airflow/example_dags/example_latest_only_with_trigger.py for tasks to queue
[2025-02-06T16:49:10.083+0000] {logging_mixin.py:190} INFO - [2025-02-06T16:49:10.083+0000] {dagbag.py:588} INFO - Filling up the DagBag from /home/airflow/.local/lib/python3.12/site-packages/airflow/example_dags/example_latest_only_with_trigger.py
[2025-02-06T16:49:10.092+0000] {processor.py:925} INFO - DAG(s) 'latest_only_with_trigger' retrieved from /home/airflow/.local/lib/python3.12/site-packages/airflow/example_dags/example_latest_only_with_trigger.py
[2025-02-06T16:49:10.118+0000] {logging_mixin.py:190} INFO - [2025-02-06T16:49:10.117+0000] {dag.py:3239} INFO - Sync 1 DAGs
[2025-02-06T16:49:10.147+0000] {logging_mixin.py:190} INFO - [2025-02-06T16:49:10.147+0000] {dag.py:4180} INFO - Setting next_dagrun for latest_only_with_trigger to 2025-02-06 12:00:00+00:00, run_after=2025-02-06 16:00:00+00:00
[2025-02-06T16:49:10.176+0000] {processor.py:208} INFO - Processing /home/airflow/.local/lib/python3.12/site-packages/airflow/example_dags/example_latest_only_with_trigger.py took 0.104 seconds
[2025-02-06T16:49:40.698+0000] {processor.py:186} INFO - Started process (PID=1517) to work on /home/airflow/.local/lib/python3.12/site-packages/airflow/example_dags/example_latest_only_with_trigger.py
[2025-02-06T16:49:40.699+0000] {processor.py:914} INFO - Processing file /home/airflow/.local/lib/python3.12/site-packages/airflow/example_dags/example_latest_only_with_trigger.py for tasks to queue
[2025-02-06T16:49:40.701+0000] {logging_mixin.py:190} INFO - [2025-02-06T16:49:40.701+0000] {dagbag.py:588} INFO - Filling up the DagBag from /home/airflow/.local/lib/python3.12/site-packages/airflow/example_dags/example_latest_only_with_trigger.py
[2025-02-06T16:49:40.711+0000] {processor.py:925} INFO - DAG(s) 'latest_only_with_trigger' retrieved from /home/airflow/.local/lib/python3.12/site-packages/airflow/example_dags/example_latest_only_with_trigger.py
[2025-02-06T16:49:40.737+0000] {logging_mixin.py:190} INFO - [2025-02-06T16:49:40.737+0000] {dag.py:3239} INFO - Sync 1 DAGs
[2025-02-06T16:49:40.766+0000] {logging_mixin.py:190} INFO - [2025-02-06T16:49:40.766+0000] {dag.py:4180} INFO - Setting next_dagrun for latest_only_with_trigger to 2025-02-06 12:00:00+00:00, run_after=2025-02-06 16:00:00+00:00
[2025-02-06T16:49:40.796+0000] {processor.py:208} INFO - Processing /home/airflow/.local/lib/python3.12/site-packages/airflow/example_dags/example_latest_only_with_trigger.py took 0.105 seconds
[2025-02-06T16:50:10.893+0000] {processor.py:186} INFO - Started process (PID=1573) to work on /home/airflow/.local/lib/python3.12/site-packages/airflow/example_dags/example_latest_only_with_trigger.py
[2025-02-06T16:50:10.894+0000] {processor.py:914} INFO - Processing file /home/airflow/.local/lib/python3.12/site-packages/airflow/example_dags/example_latest_only_with_trigger.py for tasks to queue
[2025-02-06T16:50:10.897+0000] {logging_mixin.py:190} INFO - [2025-02-06T16:50:10.897+0000] {dagbag.py:588} INFO - Filling up the DagBag from /home/airflow/.local/lib/python3.12/site-packages/airflow/example_dags/example_latest_only_with_trigger.py
[2025-02-06T16:50:10.906+0000] {processor.py:925} INFO - DAG(s) 'latest_only_with_trigger' retrieved from /home/airflow/.local/lib/python3.12/site-packages/airflow/example_dags/example_latest_only_with_trigger.py
[2025-02-06T16:50:10.935+0000] {logging_mixin.py:190} INFO - [2025-02-06T16:50:10.934+0000] {dag.py:3239} INFO - Sync 1 DAGs
[2025-02-06T16:50:10.965+0000] {logging_mixin.py:190} INFO - [2025-02-06T16:50:10.964+0000] {dag.py:4180} INFO - Setting next_dagrun for latest_only_with_trigger to 2025-02-06 12:00:00+00:00, run_after=2025-02-06 16:00:00+00:00
[2025-02-06T16:50:10.992+0000] {processor.py:208} INFO - Processing /home/airflow/.local/lib/python3.12/site-packages/airflow/example_dags/example_latest_only_with_trigger.py took 0.107 seconds
[2025-02-06T16:50:41.223+0000] {processor.py:186} INFO - Started process (PID=1630) to work on /home/airflow/.local/lib/python3.12/site-packages/airflow/example_dags/example_latest_only_with_trigger.py
[2025-02-06T16:50:41.225+0000] {processor.py:914} INFO - Processing file /home/airflow/.local/lib/python3.12/site-packages/airflow/example_dags/example_latest_only_with_trigger.py for tasks to queue
[2025-02-06T16:50:41.228+0000] {logging_mixin.py:190} INFO - [2025-02-06T16:50:41.228+0000] {dagbag.py:588} INFO - Filling up the DagBag from /home/airflow/.local/lib/python3.12/site-packages/airflow/example_dags/example_latest_only_with_trigger.py
[2025-02-06T16:50:41.238+0000] {processor.py:925} INFO - DAG(s) 'latest_only_with_trigger' retrieved from /home/airflow/.local/lib/python3.12/site-packages/airflow/example_dags/example_latest_only_with_trigger.py
[2025-02-06T16:50:41.263+0000] {logging_mixin.py:190} INFO - [2025-02-06T16:50:41.263+0000] {dag.py:3239} INFO - Sync 1 DAGs
[2025-02-06T16:50:41.297+0000] {logging_mixin.py:190} INFO - [2025-02-06T16:50:41.297+0000] {dag.py:4180} INFO - Setting next_dagrun for latest_only_with_trigger to 2025-02-06 12:00:00+00:00, run_after=2025-02-06 16:00:00+00:00
[2025-02-06T16:50:41.330+0000] {processor.py:208} INFO - Processing /home/airflow/.local/lib/python3.12/site-packages/airflow/example_dags/example_latest_only_with_trigger.py took 0.117 seconds
[2025-02-06T16:51:11.880+0000] {processor.py:186} INFO - Started process (PID=1687) to work on /home/airflow/.local/lib/python3.12/site-packages/airflow/example_dags/example_latest_only_with_trigger.py
[2025-02-06T16:51:11.882+0000] {processor.py:914} INFO - Processing file /home/airflow/.local/lib/python3.12/site-packages/airflow/example_dags/example_latest_only_with_trigger.py for tasks to queue
[2025-02-06T16:51:11.885+0000] {logging_mixin.py:190} INFO - [2025-02-06T16:51:11.885+0000] {dagbag.py:588} INFO - Filling up the DagBag from /home/airflow/.local/lib/python3.12/site-packages/airflow/example_dags/example_latest_only_with_trigger.py
[2025-02-06T16:51:11.894+0000] {processor.py:925} INFO - DAG(s) 'latest_only_with_trigger' retrieved from /home/airflow/.local/lib/python3.12/site-packages/airflow/example_dags/example_latest_only_with_trigger.py
[2025-02-06T16:51:11.926+0000] {logging_mixin.py:190} INFO - [2025-02-06T16:51:11.926+0000] {dag.py:3239} INFO - Sync 1 DAGs
[2025-02-06T16:51:11.971+0000] {logging_mixin.py:190} INFO - [2025-02-06T16:51:11.971+0000] {dag.py:4180} INFO - Setting next_dagrun for latest_only_with_trigger to 2025-02-06 12:00:00+00:00, run_after=2025-02-06 16:00:00+00:00
[2025-02-06T16:51:12.002+0000] {processor.py:208} INFO - Processing /home/airflow/.local/lib/python3.12/site-packages/airflow/example_dags/example_latest_only_with_trigger.py took 0.131 seconds
[2025-02-06T16:51:42.622+0000] {processor.py:186} INFO - Started process (PID=1744) to work on /home/airflow/.local/lib/python3.12/site-packages/airflow/example_dags/example_latest_only_with_trigger.py
[2025-02-06T16:51:42.624+0000] {processor.py:914} INFO - Processing file /home/airflow/.local/lib/python3.12/site-packages/airflow/example_dags/example_latest_only_with_trigger.py for tasks to queue
[2025-02-06T16:51:42.627+0000] {logging_mixin.py:190} INFO - [2025-02-06T16:51:42.626+0000] {dagbag.py:588} INFO - Filling up the DagBag from /home/airflow/.local/lib/python3.12/site-packages/airflow/example_dags/example_latest_only_with_trigger.py
[2025-02-06T16:51:42.646+0000] {processor.py:925} INFO - DAG(s) 'latest_only_with_trigger' retrieved from /home/airflow/.local/lib/python3.12/site-packages/airflow/example_dags/example_latest_only_with_trigger.py
[2025-02-06T16:51:42.695+0000] {logging_mixin.py:190} INFO - [2025-02-06T16:51:42.695+0000] {dag.py:3239} INFO - Sync 1 DAGs
[2025-02-06T16:51:42.738+0000] {logging_mixin.py:190} INFO - [2025-02-06T16:51:42.738+0000] {dag.py:4180} INFO - Setting next_dagrun for latest_only_with_trigger to 2025-02-06 12:00:00+00:00, run_after=2025-02-06 16:00:00+00:00
[2025-02-06T16:51:42.772+0000] {processor.py:208} INFO - Processing /home/airflow/.local/lib/python3.12/site-packages/airflow/example_dags/example_latest_only_with_trigger.py took 0.171 seconds
[2025-02-06T16:52:13.347+0000] {processor.py:186} INFO - Started process (PID=1797) to work on /home/airflow/.local/lib/python3.12/site-packages/airflow/example_dags/example_latest_only_with_trigger.py
[2025-02-06T16:52:13.348+0000] {processor.py:914} INFO - Processing file /home/airflow/.local/lib/python3.12/site-packages/airflow/example_dags/example_latest_only_with_trigger.py for tasks to queue
[2025-02-06T16:52:13.357+0000] {logging_mixin.py:190} INFO - [2025-02-06T16:52:13.357+0000] {dagbag.py:588} INFO - Filling up the DagBag from /home/airflow/.local/lib/python3.12/site-packages/airflow/example_dags/example_latest_only_with_trigger.py
[2025-02-06T16:52:13.368+0000] {processor.py:925} INFO - DAG(s) 'latest_only_with_trigger' retrieved from /home/airflow/.local/lib/python3.12/site-packages/airflow/example_dags/example_latest_only_with_trigger.py
[2025-02-06T16:52:13.409+0000] {logging_mixin.py:190} INFO - [2025-02-06T16:52:13.409+0000] {dag.py:3239} INFO - Sync 1 DAGs
[2025-02-06T16:52:13.474+0000] {logging_mixin.py:190} INFO - [2025-02-06T16:52:13.474+0000] {dag.py:4180} INFO - Setting next_dagrun for latest_only_with_trigger to 2025-02-06 12:00:00+00:00, run_after=2025-02-06 16:00:00+00:00
[2025-02-06T16:52:13.534+0000] {processor.py:208} INFO - Processing /home/airflow/.local/lib/python3.12/site-packages/airflow/example_dags/example_latest_only_with_trigger.py took 0.195 seconds
[2025-02-06T16:52:43.887+0000] {processor.py:186} INFO - Started process (PID=1853) to work on /home/airflow/.local/lib/python3.12/site-packages/airflow/example_dags/example_latest_only_with_trigger.py
[2025-02-06T16:52:43.888+0000] {processor.py:914} INFO - Processing file /home/airflow/.local/lib/python3.12/site-packages/airflow/example_dags/example_latest_only_with_trigger.py for tasks to queue
[2025-02-06T16:52:43.891+0000] {logging_mixin.py:190} INFO - [2025-02-06T16:52:43.891+0000] {dagbag.py:588} INFO - Filling up the DagBag from /home/airflow/.local/lib/python3.12/site-packages/airflow/example_dags/example_latest_only_with_trigger.py
[2025-02-06T16:52:43.900+0000] {processor.py:925} INFO - DAG(s) 'latest_only_with_trigger' retrieved from /home/airflow/.local/lib/python3.12/site-packages/airflow/example_dags/example_latest_only_with_trigger.py
[2025-02-06T16:52:43.927+0000] {logging_mixin.py:190} INFO - [2025-02-06T16:52:43.927+0000] {dag.py:3239} INFO - Sync 1 DAGs
[2025-02-06T16:52:43.957+0000] {logging_mixin.py:190} INFO - [2025-02-06T16:52:43.956+0000] {dag.py:4180} INFO - Setting next_dagrun for latest_only_with_trigger to 2025-02-06 12:00:00+00:00, run_after=2025-02-06 16:00:00+00:00
[2025-02-06T16:52:43.979+0000] {processor.py:208} INFO - Processing /home/airflow/.local/lib/python3.12/site-packages/airflow/example_dags/example_latest_only_with_trigger.py took 0.100 seconds
[2025-02-06T16:53:14.246+0000] {processor.py:186} INFO - Started process (PID=1910) to work on /home/airflow/.local/lib/python3.12/site-packages/airflow/example_dags/example_latest_only_with_trigger.py
[2025-02-06T16:53:14.247+0000] {processor.py:914} INFO - Processing file /home/airflow/.local/lib/python3.12/site-packages/airflow/example_dags/example_latest_only_with_trigger.py for tasks to queue
[2025-02-06T16:53:14.250+0000] {logging_mixin.py:190} INFO - [2025-02-06T16:53:14.250+0000] {dagbag.py:588} INFO - Filling up the DagBag from /home/airflow/.local/lib/python3.12/site-packages/airflow/example_dags/example_latest_only_with_trigger.py
[2025-02-06T16:53:14.259+0000] {processor.py:925} INFO - DAG(s) 'latest_only_with_trigger' retrieved from /home/airflow/.local/lib/python3.12/site-packages/airflow/example_dags/example_latest_only_with_trigger.py
[2025-02-06T16:53:14.286+0000] {logging_mixin.py:190} INFO - [2025-02-06T16:53:14.285+0000] {dag.py:3239} INFO - Sync 1 DAGs
[2025-02-06T16:53:14.316+0000] {logging_mixin.py:190} INFO - [2025-02-06T16:53:14.315+0000] {dag.py:4180} INFO - Setting next_dagrun for latest_only_with_trigger to 2025-02-06 12:00:00+00:00, run_after=2025-02-06 16:00:00+00:00
[2025-02-06T16:53:14.341+0000] {processor.py:208} INFO - Processing /home/airflow/.local/lib/python3.12/site-packages/airflow/example_dags/example_latest_only_with_trigger.py took 0.103 seconds
[2025-02-06T16:53:45.050+0000] {processor.py:186} INFO - Started process (PID=1967) to work on /home/airflow/.local/lib/python3.12/site-packages/airflow/example_dags/example_latest_only_with_trigger.py
[2025-02-06T16:53:45.052+0000] {processor.py:914} INFO - Processing file /home/airflow/.local/lib/python3.12/site-packages/airflow/example_dags/example_latest_only_with_trigger.py for tasks to queue
[2025-02-06T16:53:45.055+0000] {logging_mixin.py:190} INFO - [2025-02-06T16:53:45.055+0000] {dagbag.py:588} INFO - Filling up the DagBag from /home/airflow/.local/lib/python3.12/site-packages/airflow/example_dags/example_latest_only_with_trigger.py
[2025-02-06T16:53:45.068+0000] {processor.py:925} INFO - DAG(s) 'latest_only_with_trigger' retrieved from /home/airflow/.local/lib/python3.12/site-packages/airflow/example_dags/example_latest_only_with_trigger.py
[2025-02-06T16:53:45.097+0000] {logging_mixin.py:190} INFO - [2025-02-06T16:53:45.097+0000] {dag.py:3239} INFO - Sync 1 DAGs
[2025-02-06T16:53:45.130+0000] {logging_mixin.py:190} INFO - [2025-02-06T16:53:45.129+0000] {dag.py:4180} INFO - Setting next_dagrun for latest_only_with_trigger to 2025-02-06 12:00:00+00:00, run_after=2025-02-06 16:00:00+00:00
[2025-02-06T16:53:45.153+0000] {processor.py:208} INFO - Processing /home/airflow/.local/lib/python3.12/site-packages/airflow/example_dags/example_latest_only_with_trigger.py took 0.113 seconds
[2025-02-06T16:54:16.059+0000] {processor.py:186} INFO - Started process (PID=2024) to work on /home/airflow/.local/lib/python3.12/site-packages/airflow/example_dags/example_latest_only_with_trigger.py
[2025-02-06T16:54:16.060+0000] {processor.py:914} INFO - Processing file /home/airflow/.local/lib/python3.12/site-packages/airflow/example_dags/example_latest_only_with_trigger.py for tasks to queue
[2025-02-06T16:54:16.063+0000] {logging_mixin.py:190} INFO - [2025-02-06T16:54:16.062+0000] {dagbag.py:588} INFO - Filling up the DagBag from /home/airflow/.local/lib/python3.12/site-packages/airflow/example_dags/example_latest_only_with_trigger.py
[2025-02-06T16:54:16.073+0000] {processor.py:925} INFO - DAG(s) 'latest_only_with_trigger' retrieved from /home/airflow/.local/lib/python3.12/site-packages/airflow/example_dags/example_latest_only_with_trigger.py
[2025-02-06T16:54:16.101+0000] {logging_mixin.py:190} INFO - [2025-02-06T16:54:16.101+0000] {dag.py:3239} INFO - Sync 1 DAGs
[2025-02-06T16:54:16.133+0000] {logging_mixin.py:190} INFO - [2025-02-06T16:54:16.133+0000] {dag.py:4180} INFO - Setting next_dagrun for latest_only_with_trigger to 2025-02-06 12:00:00+00:00, run_after=2025-02-06 16:00:00+00:00
[2025-02-06T16:54:16.164+0000] {processor.py:208} INFO - Processing /home/airflow/.local/lib/python3.12/site-packages/airflow/example_dags/example_latest_only_with_trigger.py took 0.113 seconds
[2025-02-06T16:54:46.369+0000] {processor.py:186} INFO - Started process (PID=2081) to work on /home/airflow/.local/lib/python3.12/site-packages/airflow/example_dags/example_latest_only_with_trigger.py
[2025-02-06T16:54:46.370+0000] {processor.py:914} INFO - Processing file /home/airflow/.local/lib/python3.12/site-packages/airflow/example_dags/example_latest_only_with_trigger.py for tasks to queue
[2025-02-06T16:54:46.373+0000] {logging_mixin.py:190} INFO - [2025-02-06T16:54:46.372+0000] {dagbag.py:588} INFO - Filling up the DagBag from /home/airflow/.local/lib/python3.12/site-packages/airflow/example_dags/example_latest_only_with_trigger.py
[2025-02-06T16:54:46.382+0000] {processor.py:925} INFO - DAG(s) 'latest_only_with_trigger' retrieved from /home/airflow/.local/lib/python3.12/site-packages/airflow/example_dags/example_latest_only_with_trigger.py
[2025-02-06T16:54:46.407+0000] {logging_mixin.py:190} INFO - [2025-02-06T16:54:46.407+0000] {dag.py:3239} INFO - Sync 1 DAGs
[2025-02-06T16:54:46.442+0000] {logging_mixin.py:190} INFO - [2025-02-06T16:54:46.442+0000] {dag.py:4180} INFO - Setting next_dagrun for latest_only_with_trigger to 2025-02-06 12:00:00+00:00, run_after=2025-02-06 16:00:00+00:00
[2025-02-06T16:54:46.470+0000] {processor.py:208} INFO - Processing /home/airflow/.local/lib/python3.12/site-packages/airflow/example_dags/example_latest_only_with_trigger.py took 0.109 seconds
[2025-02-06T16:55:17.117+0000] {processor.py:186} INFO - Started process (PID=2138) to work on /home/airflow/.local/lib/python3.12/site-packages/airflow/example_dags/example_latest_only_with_trigger.py
[2025-02-06T16:55:17.119+0000] {processor.py:914} INFO - Processing file /home/airflow/.local/lib/python3.12/site-packages/airflow/example_dags/example_latest_only_with_trigger.py for tasks to queue
[2025-02-06T16:55:17.123+0000] {logging_mixin.py:190} INFO - [2025-02-06T16:55:17.122+0000] {dagbag.py:588} INFO - Filling up the DagBag from /home/airflow/.local/lib/python3.12/site-packages/airflow/example_dags/example_latest_only_with_trigger.py
[2025-02-06T16:55:17.144+0000] {processor.py:925} INFO - DAG(s) 'latest_only_with_trigger' retrieved from /home/airflow/.local/lib/python3.12/site-packages/airflow/example_dags/example_latest_only_with_trigger.py
[2025-02-06T16:55:17.188+0000] {logging_mixin.py:190} INFO - [2025-02-06T16:55:17.187+0000] {dag.py:3239} INFO - Sync 1 DAGs
[2025-02-06T16:55:17.233+0000] {logging_mixin.py:190} INFO - [2025-02-06T16:55:17.233+0000] {dag.py:4180} INFO - Setting next_dagrun for latest_only_with_trigger to 2025-02-06 12:00:00+00:00, run_after=2025-02-06 16:00:00+00:00
[2025-02-06T16:55:17.263+0000] {processor.py:208} INFO - Processing /home/airflow/.local/lib/python3.12/site-packages/airflow/example_dags/example_latest_only_with_trigger.py took 0.162 seconds
[2025-02-06T17:23:28.547+0000] {processor.py:186} INFO - Started process (PID=42) to work on /home/airflow/.local/lib/python3.12/site-packages/airflow/example_dags/example_latest_only_with_trigger.py
[2025-02-06T17:23:28.554+0000] {processor.py:914} INFO - Processing file /home/airflow/.local/lib/python3.12/site-packages/airflow/example_dags/example_latest_only_with_trigger.py for tasks to queue
[2025-02-06T17:23:28.560+0000] {logging_mixin.py:190} INFO - [2025-02-06T17:23:28.559+0000] {dagbag.py:588} INFO - Filling up the DagBag from /home/airflow/.local/lib/python3.12/site-packages/airflow/example_dags/example_latest_only_with_trigger.py
[2025-02-06T17:23:28.574+0000] {processor.py:925} INFO - DAG(s) 'latest_only_with_trigger' retrieved from /home/airflow/.local/lib/python3.12/site-packages/airflow/example_dags/example_latest_only_with_trigger.py
[2025-02-06T17:23:28.769+0000] {logging_mixin.py:190} INFO - [2025-02-06T17:23:28.768+0000] {override.py:1911} INFO - Created Permission View: can delete on DAG:latest_only_with_trigger
[2025-02-06T17:23:28.795+0000] {logging_mixin.py:190} INFO - [2025-02-06T17:23:28.794+0000] {override.py:1911} INFO - Created Permission View: can read on DAG:latest_only_with_trigger
[2025-02-06T17:23:28.815+0000] {logging_mixin.py:190} INFO - [2025-02-06T17:23:28.814+0000] {override.py:1911} INFO - Created Permission View: can edit on DAG:latest_only_with_trigger
[2025-02-06T17:23:28.851+0000] {logging_mixin.py:190} INFO - [2025-02-06T17:23:28.851+0000] {override.py:1911} INFO - Created Permission View: menu access on DAG Run:latest_only_with_trigger
[2025-02-06T17:23:28.873+0000] {logging_mixin.py:190} INFO - [2025-02-06T17:23:28.872+0000] {override.py:1911} INFO - Created Permission View: can delete on DAG Run:latest_only_with_trigger
[2025-02-06T17:23:28.894+0000] {logging_mixin.py:190} INFO - [2025-02-06T17:23:28.893+0000] {override.py:1911} INFO - Created Permission View: can create on DAG Run:latest_only_with_trigger
[2025-02-06T17:23:28.914+0000] {logging_mixin.py:190} INFO - [2025-02-06T17:23:28.914+0000] {override.py:1911} INFO - Created Permission View: can read on DAG Run:latest_only_with_trigger
[2025-02-06T17:23:28.915+0000] {logging_mixin.py:190} INFO - [2025-02-06T17:23:28.915+0000] {dag.py:3239} INFO - Sync 1 DAGs
[2025-02-06T17:23:28.933+0000] {logging_mixin.py:190} INFO - [2025-02-06T17:23:28.933+0000] {dag.py:3262} INFO - Creating ORM DAG for latest_only_with_trigger
[2025-02-06T17:23:28.948+0000] {logging_mixin.py:190} INFO - [2025-02-06T17:23:28.947+0000] {dag.py:4180} INFO - Setting next_dagrun for latest_only_with_trigger to 2025-02-06 12:00:00+00:00, run_after=2025-02-06 16:00:00+00:00
[2025-02-06T17:23:28.984+0000] {processor.py:208} INFO - Processing /home/airflow/.local/lib/python3.12/site-packages/airflow/example_dags/example_latest_only_with_trigger.py took 0.448 seconds
[2025-02-06T17:23:59.581+0000] {processor.py:186} INFO - Started process (PID=98) to work on /home/airflow/.local/lib/python3.12/site-packages/airflow/example_dags/example_latest_only_with_trigger.py
[2025-02-06T17:23:59.583+0000] {processor.py:914} INFO - Processing file /home/airflow/.local/lib/python3.12/site-packages/airflow/example_dags/example_latest_only_with_trigger.py for tasks to queue
[2025-02-06T17:23:59.586+0000] {logging_mixin.py:190} INFO - [2025-02-06T17:23:59.586+0000] {dagbag.py:588} INFO - Filling up the DagBag from /home/airflow/.local/lib/python3.12/site-packages/airflow/example_dags/example_latest_only_with_trigger.py
[2025-02-06T17:23:59.595+0000] {processor.py:925} INFO - DAG(s) 'latest_only_with_trigger' retrieved from /home/airflow/.local/lib/python3.12/site-packages/airflow/example_dags/example_latest_only_with_trigger.py
[2025-02-06T17:23:59.625+0000] {logging_mixin.py:190} INFO - [2025-02-06T17:23:59.624+0000] {dag.py:3239} INFO - Sync 1 DAGs
[2025-02-06T17:23:59.656+0000] {logging_mixin.py:190} INFO - [2025-02-06T17:23:59.656+0000] {dag.py:4180} INFO - Setting next_dagrun for latest_only_with_trigger to 2025-02-06 12:00:00+00:00, run_after=2025-02-06 16:00:00+00:00
[2025-02-06T17:23:59.685+0000] {processor.py:208} INFO - Processing /home/airflow/.local/lib/python3.12/site-packages/airflow/example_dags/example_latest_only_with_trigger.py took 0.111 seconds
[2025-02-06T17:24:29.764+0000] {processor.py:186} INFO - Started process (PID=155) to work on /home/airflow/.local/lib/python3.12/site-packages/airflow/example_dags/example_latest_only_with_trigger.py
[2025-02-06T17:24:29.766+0000] {processor.py:914} INFO - Processing file /home/airflow/.local/lib/python3.12/site-packages/airflow/example_dags/example_latest_only_with_trigger.py for tasks to queue
[2025-02-06T17:24:29.769+0000] {logging_mixin.py:190} INFO - [2025-02-06T17:24:29.769+0000] {dagbag.py:588} INFO - Filling up the DagBag from /home/airflow/.local/lib/python3.12/site-packages/airflow/example_dags/example_latest_only_with_trigger.py
[2025-02-06T17:24:29.779+0000] {processor.py:925} INFO - DAG(s) 'latest_only_with_trigger' retrieved from /home/airflow/.local/lib/python3.12/site-packages/airflow/example_dags/example_latest_only_with_trigger.py
[2025-02-06T17:24:29.807+0000] {logging_mixin.py:190} INFO - [2025-02-06T17:24:29.806+0000] {dag.py:3239} INFO - Sync 1 DAGs
[2025-02-06T17:24:29.847+0000] {logging_mixin.py:190} INFO - [2025-02-06T17:24:29.846+0000] {dag.py:4180} INFO - Setting next_dagrun for latest_only_with_trigger to 2025-02-06 12:00:00+00:00, run_after=2025-02-06 16:00:00+00:00
[2025-02-06T17:24:29.879+0000] {processor.py:208} INFO - Processing /home/airflow/.local/lib/python3.12/site-packages/airflow/example_dags/example_latest_only_with_trigger.py took 0.123 seconds
[2025-02-06T17:25:00.077+0000] {processor.py:186} INFO - Started process (PID=212) to work on /home/airflow/.local/lib/python3.12/site-packages/airflow/example_dags/example_latest_only_with_trigger.py
[2025-02-06T17:25:00.078+0000] {processor.py:914} INFO - Processing file /home/airflow/.local/lib/python3.12/site-packages/airflow/example_dags/example_latest_only_with_trigger.py for tasks to queue
[2025-02-06T17:25:00.081+0000] {logging_mixin.py:190} INFO - [2025-02-06T17:25:00.081+0000] {dagbag.py:588} INFO - Filling up the DagBag from /home/airflow/.local/lib/python3.12/site-packages/airflow/example_dags/example_latest_only_with_trigger.py
[2025-02-06T17:25:00.091+0000] {processor.py:925} INFO - DAG(s) 'latest_only_with_trigger' retrieved from /home/airflow/.local/lib/python3.12/site-packages/airflow/example_dags/example_latest_only_with_trigger.py
[2025-02-06T17:25:00.116+0000] {logging_mixin.py:190} INFO - [2025-02-06T17:25:00.116+0000] {dag.py:3239} INFO - Sync 1 DAGs
[2025-02-06T17:25:00.147+0000] {logging_mixin.py:190} INFO - [2025-02-06T17:25:00.147+0000] {dag.py:4180} INFO - Setting next_dagrun for latest_only_with_trigger to 2025-02-06 12:00:00+00:00, run_after=2025-02-06 16:00:00+00:00
[2025-02-06T17:25:00.172+0000] {processor.py:208} INFO - Processing /home/airflow/.local/lib/python3.12/site-packages/airflow/example_dags/example_latest_only_with_trigger.py took 0.103 seconds
[2025-02-06T17:25:30.628+0000] {processor.py:186} INFO - Started process (PID=269) to work on /home/airflow/.local/lib/python3.12/site-packages/airflow/example_dags/example_latest_only_with_trigger.py
[2025-02-06T17:25:30.630+0000] {processor.py:914} INFO - Processing file /home/airflow/.local/lib/python3.12/site-packages/airflow/example_dags/example_latest_only_with_trigger.py for tasks to queue
[2025-02-06T17:25:30.636+0000] {logging_mixin.py:190} INFO - [2025-02-06T17:25:30.635+0000] {dagbag.py:588} INFO - Filling up the DagBag from /home/airflow/.local/lib/python3.12/site-packages/airflow/example_dags/example_latest_only_with_trigger.py
[2025-02-06T17:25:30.660+0000] {processor.py:925} INFO - DAG(s) 'latest_only_with_trigger' retrieved from /home/airflow/.local/lib/python3.12/site-packages/airflow/example_dags/example_latest_only_with_trigger.py
[2025-02-06T17:25:30.722+0000] {logging_mixin.py:190} INFO - [2025-02-06T17:25:30.721+0000] {dag.py:3239} INFO - Sync 1 DAGs
[2025-02-06T17:25:30.761+0000] {logging_mixin.py:190} INFO - [2025-02-06T17:25:30.760+0000] {dag.py:4180} INFO - Setting next_dagrun for latest_only_with_trigger to 2025-02-06 12:00:00+00:00, run_after=2025-02-06 16:00:00+00:00
[2025-02-06T17:25:30.801+0000] {processor.py:208} INFO - Processing /home/airflow/.local/lib/python3.12/site-packages/airflow/example_dags/example_latest_only_with_trigger.py took 0.184 seconds
[2025-02-06T17:26:00.960+0000] {processor.py:186} INFO - Started process (PID=326) to work on /home/airflow/.local/lib/python3.12/site-packages/airflow/example_dags/example_latest_only_with_trigger.py
[2025-02-06T17:26:00.961+0000] {processor.py:914} INFO - Processing file /home/airflow/.local/lib/python3.12/site-packages/airflow/example_dags/example_latest_only_with_trigger.py for tasks to queue
[2025-02-06T17:26:00.964+0000] {logging_mixin.py:190} INFO - [2025-02-06T17:26:00.964+0000] {dagbag.py:588} INFO - Filling up the DagBag from /home/airflow/.local/lib/python3.12/site-packages/airflow/example_dags/example_latest_only_with_trigger.py
[2025-02-06T17:26:00.975+0000] {processor.py:925} INFO - DAG(s) 'latest_only_with_trigger' retrieved from /home/airflow/.local/lib/python3.12/site-packages/airflow/example_dags/example_latest_only_with_trigger.py
[2025-02-06T17:26:01.036+0000] {logging_mixin.py:190} INFO - [2025-02-06T17:26:01.036+0000] {dag.py:3239} INFO - Sync 1 DAGs
[2025-02-06T17:26:01.095+0000] {logging_mixin.py:190} INFO - [2025-02-06T17:26:01.095+0000] {dag.py:4180} INFO - Setting next_dagrun for latest_only_with_trigger to 2025-02-06 12:00:00+00:00, run_after=2025-02-06 16:00:00+00:00
[2025-02-06T17:26:01.128+0000] {processor.py:208} INFO - Processing /home/airflow/.local/lib/python3.12/site-packages/airflow/example_dags/example_latest_only_with_trigger.py took 0.178 seconds
[2025-02-06T17:29:07.135+0000] {processor.py:186} INFO - Started process (PID=41) to work on /home/airflow/.local/lib/python3.12/site-packages/airflow/example_dags/example_latest_only_with_trigger.py
[2025-02-06T17:29:07.137+0000] {processor.py:914} INFO - Processing file /home/airflow/.local/lib/python3.12/site-packages/airflow/example_dags/example_latest_only_with_trigger.py for tasks to queue
[2025-02-06T17:29:07.152+0000] {logging_mixin.py:190} INFO - [2025-02-06T17:29:07.151+0000] {dagbag.py:588} INFO - Filling up the DagBag from /home/airflow/.local/lib/python3.12/site-packages/airflow/example_dags/example_latest_only_with_trigger.py
[2025-02-06T17:29:07.200+0000] {processor.py:925} INFO - DAG(s) 'latest_only_with_trigger' retrieved from /home/airflow/.local/lib/python3.12/site-packages/airflow/example_dags/example_latest_only_with_trigger.py
[2025-02-06T17:29:07.652+0000] {logging_mixin.py:190} INFO - [2025-02-06T17:29:07.650+0000] {override.py:1911} INFO - Created Permission View: can read on DAG:latest_only_with_trigger
[2025-02-06T17:29:07.689+0000] {logging_mixin.py:190} INFO - [2025-02-06T17:29:07.688+0000] {override.py:1911} INFO - Created Permission View: can edit on DAG:latest_only_with_trigger
[2025-02-06T17:29:07.721+0000] {logging_mixin.py:190} INFO - [2025-02-06T17:29:07.721+0000] {override.py:1911} INFO - Created Permission View: can delete on DAG:latest_only_with_trigger
[2025-02-06T17:29:07.765+0000] {logging_mixin.py:190} INFO - [2025-02-06T17:29:07.765+0000] {override.py:1911} INFO - Created Permission View: can read on DAG Run:latest_only_with_trigger
[2025-02-06T17:29:07.804+0000] {logging_mixin.py:190} INFO - [2025-02-06T17:29:07.803+0000] {override.py:1911} INFO - Created Permission View: menu access on DAG Run:latest_only_with_trigger
[2025-02-06T17:29:07.831+0000] {logging_mixin.py:190} INFO - [2025-02-06T17:29:07.831+0000] {override.py:1911} INFO - Created Permission View: can delete on DAG Run:latest_only_with_trigger
[2025-02-06T17:29:07.852+0000] {logging_mixin.py:190} INFO - [2025-02-06T17:29:07.851+0000] {override.py:1911} INFO - Created Permission View: can create on DAG Run:latest_only_with_trigger
[2025-02-06T17:29:07.854+0000] {logging_mixin.py:190} INFO - [2025-02-06T17:29:07.853+0000] {dag.py:3239} INFO - Sync 1 DAGs
[2025-02-06T17:29:07.897+0000] {logging_mixin.py:190} INFO - [2025-02-06T17:29:07.896+0000] {dag.py:3262} INFO - Creating ORM DAG for latest_only_with_trigger
[2025-02-06T17:29:07.933+0000] {logging_mixin.py:190} INFO - [2025-02-06T17:29:07.933+0000] {dag.py:4180} INFO - Setting next_dagrun for latest_only_with_trigger to 2025-02-06 12:00:00+00:00, run_after=2025-02-06 16:00:00+00:00
[2025-02-06T17:29:07.976+0000] {processor.py:208} INFO - Processing /home/airflow/.local/lib/python3.12/site-packages/airflow/example_dags/example_latest_only_with_trigger.py took 0.876 seconds
[2025-02-06T17:29:48.473+0000] {processor.py:186} INFO - Started process (PID=98) to work on /home/airflow/.local/lib/python3.12/site-packages/airflow/example_dags/example_latest_only_with_trigger.py
[2025-02-06T17:29:48.477+0000] {processor.py:914} INFO - Processing file /home/airflow/.local/lib/python3.12/site-packages/airflow/example_dags/example_latest_only_with_trigger.py for tasks to queue
[2025-02-06T17:29:48.492+0000] {logging_mixin.py:190} INFO - [2025-02-06T17:29:48.491+0000] {dagbag.py:588} INFO - Filling up the DagBag from /home/airflow/.local/lib/python3.12/site-packages/airflow/example_dags/example_latest_only_with_trigger.py
[2025-02-06T17:29:48.528+0000] {processor.py:925} INFO - DAG(s) 'latest_only_with_trigger' retrieved from /home/airflow/.local/lib/python3.12/site-packages/airflow/example_dags/example_latest_only_with_trigger.py
[2025-02-06T17:29:48.584+0000] {logging_mixin.py:190} INFO - [2025-02-06T17:29:48.584+0000] {dag.py:3239} INFO - Sync 1 DAGs
[2025-02-06T17:29:48.657+0000] {logging_mixin.py:190} INFO - [2025-02-06T17:29:48.657+0000] {dag.py:4180} INFO - Setting next_dagrun for latest_only_with_trigger to 2025-02-06 12:00:00+00:00, run_after=2025-02-06 16:00:00+00:00
[2025-02-06T17:29:48.716+0000] {processor.py:208} INFO - Processing /home/airflow/.local/lib/python3.12/site-packages/airflow/example_dags/example_latest_only_with_trigger.py took 0.266 seconds
[2025-02-06T17:30:19.496+0000] {processor.py:186} INFO - Started process (PID=155) to work on /home/airflow/.local/lib/python3.12/site-packages/airflow/example_dags/example_latest_only_with_trigger.py
[2025-02-06T17:30:19.497+0000] {processor.py:914} INFO - Processing file /home/airflow/.local/lib/python3.12/site-packages/airflow/example_dags/example_latest_only_with_trigger.py for tasks to queue
[2025-02-06T17:30:19.500+0000] {logging_mixin.py:190} INFO - [2025-02-06T17:30:19.500+0000] {dagbag.py:588} INFO - Filling up the DagBag from /home/airflow/.local/lib/python3.12/site-packages/airflow/example_dags/example_latest_only_with_trigger.py
[2025-02-06T17:30:19.511+0000] {processor.py:925} INFO - DAG(s) 'latest_only_with_trigger' retrieved from /home/airflow/.local/lib/python3.12/site-packages/airflow/example_dags/example_latest_only_with_trigger.py
[2025-02-06T17:30:19.537+0000] {logging_mixin.py:190} INFO - [2025-02-06T17:30:19.537+0000] {dag.py:3239} INFO - Sync 1 DAGs
[2025-02-06T17:30:19.566+0000] {logging_mixin.py:190} INFO - [2025-02-06T17:30:19.566+0000] {dag.py:4180} INFO - Setting next_dagrun for latest_only_with_trigger to 2025-02-06 12:00:00+00:00, run_after=2025-02-06 16:00:00+00:00
[2025-02-06T17:30:19.592+0000] {processor.py:208} INFO - Processing /home/airflow/.local/lib/python3.12/site-packages/airflow/example_dags/example_latest_only_with_trigger.py took 0.104 seconds
[2025-02-06T17:30:49.937+0000] {processor.py:186} INFO - Started process (PID=211) to work on /home/airflow/.local/lib/python3.12/site-packages/airflow/example_dags/example_latest_only_with_trigger.py
[2025-02-06T17:30:49.939+0000] {processor.py:914} INFO - Processing file /home/airflow/.local/lib/python3.12/site-packages/airflow/example_dags/example_latest_only_with_trigger.py for tasks to queue
[2025-02-06T17:30:49.942+0000] {logging_mixin.py:190} INFO - [2025-02-06T17:30:49.941+0000] {dagbag.py:588} INFO - Filling up the DagBag from /home/airflow/.local/lib/python3.12/site-packages/airflow/example_dags/example_latest_only_with_trigger.py
[2025-02-06T17:30:49.951+0000] {processor.py:925} INFO - DAG(s) 'latest_only_with_trigger' retrieved from /home/airflow/.local/lib/python3.12/site-packages/airflow/example_dags/example_latest_only_with_trigger.py
[2025-02-06T17:30:49.979+0000] {logging_mixin.py:190} INFO - [2025-02-06T17:30:49.978+0000] {dag.py:3239} INFO - Sync 1 DAGs
[2025-02-06T17:30:50.008+0000] {logging_mixin.py:190} INFO - [2025-02-06T17:30:50.008+0000] {dag.py:4180} INFO - Setting next_dagrun for latest_only_with_trigger to 2025-02-06 12:00:00+00:00, run_after=2025-02-06 16:00:00+00:00
[2025-02-06T17:30:50.031+0000] {processor.py:208} INFO - Processing /home/airflow/.local/lib/python3.12/site-packages/airflow/example_dags/example_latest_only_with_trigger.py took 0.102 seconds
[2025-02-06T17:31:20.218+0000] {processor.py:186} INFO - Started process (PID=268) to work on /home/airflow/.local/lib/python3.12/site-packages/airflow/example_dags/example_latest_only_with_trigger.py
[2025-02-06T17:31:20.220+0000] {processor.py:914} INFO - Processing file /home/airflow/.local/lib/python3.12/site-packages/airflow/example_dags/example_latest_only_with_trigger.py for tasks to queue
[2025-02-06T17:31:20.223+0000] {logging_mixin.py:190} INFO - [2025-02-06T17:31:20.222+0000] {dagbag.py:588} INFO - Filling up the DagBag from /home/airflow/.local/lib/python3.12/site-packages/airflow/example_dags/example_latest_only_with_trigger.py
[2025-02-06T17:31:20.232+0000] {processor.py:925} INFO - DAG(s) 'latest_only_with_trigger' retrieved from /home/airflow/.local/lib/python3.12/site-packages/airflow/example_dags/example_latest_only_with_trigger.py
[2025-02-06T17:31:20.259+0000] {logging_mixin.py:190} INFO - [2025-02-06T17:31:20.259+0000] {dag.py:3239} INFO - Sync 1 DAGs
[2025-02-06T17:31:20.290+0000] {logging_mixin.py:190} INFO - [2025-02-06T17:31:20.289+0000] {dag.py:4180} INFO - Setting next_dagrun for latest_only_with_trigger to 2025-02-06 12:00:00+00:00, run_after=2025-02-06 16:00:00+00:00
[2025-02-06T17:31:20.312+0000] {processor.py:208} INFO - Processing /home/airflow/.local/lib/python3.12/site-packages/airflow/example_dags/example_latest_only_with_trigger.py took 0.102 seconds
[2025-02-06T17:31:50.674+0000] {processor.py:186} INFO - Started process (PID=325) to work on /home/airflow/.local/lib/python3.12/site-packages/airflow/example_dags/example_latest_only_with_trigger.py
[2025-02-06T17:31:50.675+0000] {processor.py:914} INFO - Processing file /home/airflow/.local/lib/python3.12/site-packages/airflow/example_dags/example_latest_only_with_trigger.py for tasks to queue
[2025-02-06T17:31:50.680+0000] {logging_mixin.py:190} INFO - [2025-02-06T17:31:50.680+0000] {dagbag.py:588} INFO - Filling up the DagBag from /home/airflow/.local/lib/python3.12/site-packages/airflow/example_dags/example_latest_only_with_trigger.py
[2025-02-06T17:31:50.689+0000] {processor.py:925} INFO - DAG(s) 'latest_only_with_trigger' retrieved from /home/airflow/.local/lib/python3.12/site-packages/airflow/example_dags/example_latest_only_with_trigger.py
[2025-02-06T17:31:50.717+0000] {logging_mixin.py:190} INFO - [2025-02-06T17:31:50.716+0000] {dag.py:3239} INFO - Sync 1 DAGs
[2025-02-06T17:31:50.747+0000] {logging_mixin.py:190} INFO - [2025-02-06T17:31:50.747+0000] {dag.py:4180} INFO - Setting next_dagrun for latest_only_with_trigger to 2025-02-06 12:00:00+00:00, run_after=2025-02-06 16:00:00+00:00
[2025-02-06T17:31:50.771+0000] {processor.py:208} INFO - Processing /home/airflow/.local/lib/python3.12/site-packages/airflow/example_dags/example_latest_only_with_trigger.py took 0.105 seconds
[2025-02-06T17:32:21.650+0000] {processor.py:186} INFO - Started process (PID=382) to work on /home/airflow/.local/lib/python3.12/site-packages/airflow/example_dags/example_latest_only_with_trigger.py
[2025-02-06T17:32:21.652+0000] {processor.py:914} INFO - Processing file /home/airflow/.local/lib/python3.12/site-packages/airflow/example_dags/example_latest_only_with_trigger.py for tasks to queue
[2025-02-06T17:32:21.655+0000] {logging_mixin.py:190} INFO - [2025-02-06T17:32:21.655+0000] {dagbag.py:588} INFO - Filling up the DagBag from /home/airflow/.local/lib/python3.12/site-packages/airflow/example_dags/example_latest_only_with_trigger.py
[2025-02-06T17:32:21.665+0000] {processor.py:925} INFO - DAG(s) 'latest_only_with_trigger' retrieved from /home/airflow/.local/lib/python3.12/site-packages/airflow/example_dags/example_latest_only_with_trigger.py
[2025-02-06T17:32:21.696+0000] {logging_mixin.py:190} INFO - [2025-02-06T17:32:21.696+0000] {dag.py:3239} INFO - Sync 1 DAGs
[2025-02-06T17:32:21.733+0000] {logging_mixin.py:190} INFO - [2025-02-06T17:32:21.733+0000] {dag.py:4180} INFO - Setting next_dagrun for latest_only_with_trigger to 2025-02-06 12:00:00+00:00, run_after=2025-02-06 16:00:00+00:00
[2025-02-06T17:32:21.762+0000] {processor.py:208} INFO - Processing /home/airflow/.local/lib/python3.12/site-packages/airflow/example_dags/example_latest_only_with_trigger.py took 0.121 seconds
[2025-02-06T17:32:52.411+0000] {processor.py:186} INFO - Started process (PID=439) to work on /home/airflow/.local/lib/python3.12/site-packages/airflow/example_dags/example_latest_only_with_trigger.py
[2025-02-06T17:32:52.412+0000] {processor.py:914} INFO - Processing file /home/airflow/.local/lib/python3.12/site-packages/airflow/example_dags/example_latest_only_with_trigger.py for tasks to queue
[2025-02-06T17:32:52.415+0000] {logging_mixin.py:190} INFO - [2025-02-06T17:32:52.415+0000] {dagbag.py:588} INFO - Filling up the DagBag from /home/airflow/.local/lib/python3.12/site-packages/airflow/example_dags/example_latest_only_with_trigger.py
[2025-02-06T17:32:52.425+0000] {processor.py:925} INFO - DAG(s) 'latest_only_with_trigger' retrieved from /home/airflow/.local/lib/python3.12/site-packages/airflow/example_dags/example_latest_only_with_trigger.py
[2025-02-06T17:32:52.454+0000] {logging_mixin.py:190} INFO - [2025-02-06T17:32:52.453+0000] {dag.py:3239} INFO - Sync 1 DAGs
[2025-02-06T17:32:52.483+0000] {logging_mixin.py:190} INFO - [2025-02-06T17:32:52.483+0000] {dag.py:4180} INFO - Setting next_dagrun for latest_only_with_trigger to 2025-02-06 12:00:00+00:00, run_after=2025-02-06 16:00:00+00:00
[2025-02-06T17:32:52.509+0000] {processor.py:208} INFO - Processing /home/airflow/.local/lib/python3.12/site-packages/airflow/example_dags/example_latest_only_with_trigger.py took 0.106 seconds
[2025-02-06T17:33:22.835+0000] {processor.py:186} INFO - Started process (PID=496) to work on /home/airflow/.local/lib/python3.12/site-packages/airflow/example_dags/example_latest_only_with_trigger.py
[2025-02-06T17:33:22.838+0000] {processor.py:914} INFO - Processing file /home/airflow/.local/lib/python3.12/site-packages/airflow/example_dags/example_latest_only_with_trigger.py for tasks to queue
[2025-02-06T17:33:22.844+0000] {logging_mixin.py:190} INFO - [2025-02-06T17:33:22.843+0000] {dagbag.py:588} INFO - Filling up the DagBag from /home/airflow/.local/lib/python3.12/site-packages/airflow/example_dags/example_latest_only_with_trigger.py
[2025-02-06T17:33:22.867+0000] {processor.py:925} INFO - DAG(s) 'latest_only_with_trigger' retrieved from /home/airflow/.local/lib/python3.12/site-packages/airflow/example_dags/example_latest_only_with_trigger.py
[2025-02-06T17:33:22.941+0000] {logging_mixin.py:190} INFO - [2025-02-06T17:33:22.939+0000] {dag.py:3239} INFO - Sync 1 DAGs
[2025-02-06T17:33:23.038+0000] {logging_mixin.py:190} INFO - [2025-02-06T17:33:23.037+0000] {dag.py:4180} INFO - Setting next_dagrun for latest_only_with_trigger to 2025-02-06 12:00:00+00:00, run_after=2025-02-06 16:00:00+00:00
[2025-02-06T17:33:23.099+0000] {processor.py:208} INFO - Processing /home/airflow/.local/lib/python3.12/site-packages/airflow/example_dags/example_latest_only_with_trigger.py took 0.275 seconds
[2025-02-06T17:33:53.255+0000] {processor.py:186} INFO - Started process (PID=552) to work on /home/airflow/.local/lib/python3.12/site-packages/airflow/example_dags/example_latest_only_with_trigger.py
[2025-02-06T17:33:53.256+0000] {processor.py:914} INFO - Processing file /home/airflow/.local/lib/python3.12/site-packages/airflow/example_dags/example_latest_only_with_trigger.py for tasks to queue
[2025-02-06T17:33:53.260+0000] {logging_mixin.py:190} INFO - [2025-02-06T17:33:53.259+0000] {dagbag.py:588} INFO - Filling up the DagBag from /home/airflow/.local/lib/python3.12/site-packages/airflow/example_dags/example_latest_only_with_trigger.py
[2025-02-06T17:33:53.269+0000] {processor.py:925} INFO - DAG(s) 'latest_only_with_trigger' retrieved from /home/airflow/.local/lib/python3.12/site-packages/airflow/example_dags/example_latest_only_with_trigger.py
[2025-02-06T17:33:53.295+0000] {logging_mixin.py:190} INFO - [2025-02-06T17:33:53.295+0000] {dag.py:3239} INFO - Sync 1 DAGs
[2025-02-06T17:33:53.326+0000] {logging_mixin.py:190} INFO - [2025-02-06T17:33:53.326+0000] {dag.py:4180} INFO - Setting next_dagrun for latest_only_with_trigger to 2025-02-06 12:00:00+00:00, run_after=2025-02-06 16:00:00+00:00
[2025-02-06T17:33:53.352+0000] {processor.py:208} INFO - Processing /home/airflow/.local/lib/python3.12/site-packages/airflow/example_dags/example_latest_only_with_trigger.py took 0.104 seconds
[2025-02-06T17:34:24.004+0000] {processor.py:186} INFO - Started process (PID=609) to work on /home/airflow/.local/lib/python3.12/site-packages/airflow/example_dags/example_latest_only_with_trigger.py
[2025-02-06T17:34:24.005+0000] {processor.py:914} INFO - Processing file /home/airflow/.local/lib/python3.12/site-packages/airflow/example_dags/example_latest_only_with_trigger.py for tasks to queue
[2025-02-06T17:34:24.009+0000] {logging_mixin.py:190} INFO - [2025-02-06T17:34:24.008+0000] {dagbag.py:588} INFO - Filling up the DagBag from /home/airflow/.local/lib/python3.12/site-packages/airflow/example_dags/example_latest_only_with_trigger.py
[2025-02-06T17:34:24.019+0000] {processor.py:925} INFO - DAG(s) 'latest_only_with_trigger' retrieved from /home/airflow/.local/lib/python3.12/site-packages/airflow/example_dags/example_latest_only_with_trigger.py
[2025-02-06T17:34:24.047+0000] {logging_mixin.py:190} INFO - [2025-02-06T17:34:24.047+0000] {dag.py:3239} INFO - Sync 1 DAGs
[2025-02-06T17:34:24.083+0000] {logging_mixin.py:190} INFO - [2025-02-06T17:34:24.082+0000] {dag.py:4180} INFO - Setting next_dagrun for latest_only_with_trigger to 2025-02-06 12:00:00+00:00, run_after=2025-02-06 16:00:00+00:00
[2025-02-06T17:34:24.108+0000] {processor.py:208} INFO - Processing /home/airflow/.local/lib/python3.12/site-packages/airflow/example_dags/example_latest_only_with_trigger.py took 0.112 seconds
[2025-02-06T17:34:54.394+0000] {processor.py:186} INFO - Started process (PID=666) to work on /home/airflow/.local/lib/python3.12/site-packages/airflow/example_dags/example_latest_only_with_trigger.py
[2025-02-06T17:34:54.395+0000] {processor.py:914} INFO - Processing file /home/airflow/.local/lib/python3.12/site-packages/airflow/example_dags/example_latest_only_with_trigger.py for tasks to queue
[2025-02-06T17:34:54.398+0000] {logging_mixin.py:190} INFO - [2025-02-06T17:34:54.398+0000] {dagbag.py:588} INFO - Filling up the DagBag from /home/airflow/.local/lib/python3.12/site-packages/airflow/example_dags/example_latest_only_with_trigger.py
[2025-02-06T17:34:54.407+0000] {processor.py:925} INFO - DAG(s) 'latest_only_with_trigger' retrieved from /home/airflow/.local/lib/python3.12/site-packages/airflow/example_dags/example_latest_only_with_trigger.py
[2025-02-06T17:34:54.434+0000] {logging_mixin.py:190} INFO - [2025-02-06T17:34:54.434+0000] {dag.py:3239} INFO - Sync 1 DAGs
[2025-02-06T17:34:54.465+0000] {logging_mixin.py:190} INFO - [2025-02-06T17:34:54.464+0000] {dag.py:4180} INFO - Setting next_dagrun for latest_only_with_trigger to 2025-02-06 12:00:00+00:00, run_after=2025-02-06 16:00:00+00:00
[2025-02-06T17:34:54.495+0000] {processor.py:208} INFO - Processing /home/airflow/.local/lib/python3.12/site-packages/airflow/example_dags/example_latest_only_with_trigger.py took 0.109 seconds
[2025-02-06T17:35:24.936+0000] {processor.py:186} INFO - Started process (PID=723) to work on /home/airflow/.local/lib/python3.12/site-packages/airflow/example_dags/example_latest_only_with_trigger.py
[2025-02-06T17:35:24.938+0000] {processor.py:914} INFO - Processing file /home/airflow/.local/lib/python3.12/site-packages/airflow/example_dags/example_latest_only_with_trigger.py for tasks to queue
[2025-02-06T17:35:24.943+0000] {logging_mixin.py:190} INFO - [2025-02-06T17:35:24.942+0000] {dagbag.py:588} INFO - Filling up the DagBag from /home/airflow/.local/lib/python3.12/site-packages/airflow/example_dags/example_latest_only_with_trigger.py
[2025-02-06T17:35:24.954+0000] {processor.py:925} INFO - DAG(s) 'latest_only_with_trigger' retrieved from /home/airflow/.local/lib/python3.12/site-packages/airflow/example_dags/example_latest_only_with_trigger.py
[2025-02-06T17:35:24.982+0000] {logging_mixin.py:190} INFO - [2025-02-06T17:35:24.982+0000] {dag.py:3239} INFO - Sync 1 DAGs
[2025-02-06T17:35:25.010+0000] {logging_mixin.py:190} INFO - [2025-02-06T17:35:25.010+0000] {dag.py:4180} INFO - Setting next_dagrun for latest_only_with_trigger to 2025-02-06 12:00:00+00:00, run_after=2025-02-06 16:00:00+00:00
[2025-02-06T17:35:25.037+0000] {processor.py:208} INFO - Processing /home/airflow/.local/lib/python3.12/site-packages/airflow/example_dags/example_latest_only_with_trigger.py took 0.112 seconds
[2025-02-06T17:35:55.304+0000] {processor.py:186} INFO - Started process (PID=779) to work on /home/airflow/.local/lib/python3.12/site-packages/airflow/example_dags/example_latest_only_with_trigger.py
[2025-02-06T17:35:55.305+0000] {processor.py:914} INFO - Processing file /home/airflow/.local/lib/python3.12/site-packages/airflow/example_dags/example_latest_only_with_trigger.py for tasks to queue
[2025-02-06T17:35:55.308+0000] {logging_mixin.py:190} INFO - [2025-02-06T17:35:55.308+0000] {dagbag.py:588} INFO - Filling up the DagBag from /home/airflow/.local/lib/python3.12/site-packages/airflow/example_dags/example_latest_only_with_trigger.py
[2025-02-06T17:35:55.318+0000] {processor.py:925} INFO - DAG(s) 'latest_only_with_trigger' retrieved from /home/airflow/.local/lib/python3.12/site-packages/airflow/example_dags/example_latest_only_with_trigger.py
[2025-02-06T17:35:55.344+0000] {logging_mixin.py:190} INFO - [2025-02-06T17:35:55.344+0000] {dag.py:3239} INFO - Sync 1 DAGs
[2025-02-06T17:35:55.375+0000] {logging_mixin.py:190} INFO - [2025-02-06T17:35:55.375+0000] {dag.py:4180} INFO - Setting next_dagrun for latest_only_with_trigger to 2025-02-06 12:00:00+00:00, run_after=2025-02-06 16:00:00+00:00
[2025-02-06T17:35:55.407+0000] {processor.py:208} INFO - Processing /home/airflow/.local/lib/python3.12/site-packages/airflow/example_dags/example_latest_only_with_trigger.py took 0.111 seconds
[2025-02-06T17:41:36.092+0000] {processor.py:186} INFO - Started process (PID=41) to work on /home/airflow/.local/lib/python3.12/site-packages/airflow/example_dags/example_latest_only_with_trigger.py
[2025-02-06T17:41:36.101+0000] {processor.py:914} INFO - Processing file /home/airflow/.local/lib/python3.12/site-packages/airflow/example_dags/example_latest_only_with_trigger.py for tasks to queue
[2025-02-06T17:41:36.106+0000] {logging_mixin.py:190} INFO - [2025-02-06T17:41:36.106+0000] {dagbag.py:588} INFO - Filling up the DagBag from /home/airflow/.local/lib/python3.12/site-packages/airflow/example_dags/example_latest_only_with_trigger.py
[2025-02-06T17:41:36.128+0000] {processor.py:925} INFO - DAG(s) 'latest_only_with_trigger' retrieved from /home/airflow/.local/lib/python3.12/site-packages/airflow/example_dags/example_latest_only_with_trigger.py
[2025-02-06T17:41:36.511+0000] {logging_mixin.py:190} INFO - [2025-02-06T17:41:36.509+0000] {override.py:1911} INFO - Created Permission View: can delete on DAG:latest_only_with_trigger
[2025-02-06T17:41:36.596+0000] {logging_mixin.py:190} INFO - [2025-02-06T17:41:36.595+0000] {override.py:1911} INFO - Created Permission View: can read on DAG:latest_only_with_trigger
[2025-02-06T17:41:36.624+0000] {logging_mixin.py:190} INFO - [2025-02-06T17:41:36.623+0000] {override.py:1911} INFO - Created Permission View: can edit on DAG:latest_only_with_trigger
[2025-02-06T17:41:36.663+0000] {logging_mixin.py:190} INFO - [2025-02-06T17:41:36.662+0000] {override.py:1911} INFO - Created Permission View: can delete on DAG Run:latest_only_with_trigger
[2025-02-06T17:41:36.689+0000] {logging_mixin.py:190} INFO - [2025-02-06T17:41:36.688+0000] {override.py:1911} INFO - Created Permission View: can create on DAG Run:latest_only_with_trigger
[2025-02-06T17:41:36.715+0000] {logging_mixin.py:190} INFO - [2025-02-06T17:41:36.715+0000] {override.py:1911} INFO - Created Permission View: can read on DAG Run:latest_only_with_trigger
[2025-02-06T17:41:36.738+0000] {logging_mixin.py:190} INFO - [2025-02-06T17:41:36.737+0000] {override.py:1911} INFO - Created Permission View: menu access on DAG Run:latest_only_with_trigger
[2025-02-06T17:41:36.743+0000] {logging_mixin.py:190} INFO - [2025-02-06T17:41:36.742+0000] {dag.py:3239} INFO - Sync 1 DAGs
[2025-02-06T17:41:36.781+0000] {logging_mixin.py:190} INFO - [2025-02-06T17:41:36.781+0000] {dag.py:3262} INFO - Creating ORM DAG for latest_only_with_trigger
[2025-02-06T17:41:36.809+0000] {logging_mixin.py:190} INFO - [2025-02-06T17:41:36.807+0000] {dag.py:4180} INFO - Setting next_dagrun for latest_only_with_trigger to 2025-02-06 12:00:00+00:00, run_after=2025-02-06 16:00:00+00:00
[2025-02-06T17:41:36.850+0000] {processor.py:208} INFO - Processing /home/airflow/.local/lib/python3.12/site-packages/airflow/example_dags/example_latest_only_with_trigger.py took 0.779 seconds
[2025-02-06T17:42:06.981+0000] {processor.py:186} INFO - Started process (PID=97) to work on /home/airflow/.local/lib/python3.12/site-packages/airflow/example_dags/example_latest_only_with_trigger.py
[2025-02-06T17:42:06.983+0000] {processor.py:914} INFO - Processing file /home/airflow/.local/lib/python3.12/site-packages/airflow/example_dags/example_latest_only_with_trigger.py for tasks to queue
[2025-02-06T17:42:06.997+0000] {logging_mixin.py:190} INFO - [2025-02-06T17:42:06.997+0000] {dagbag.py:588} INFO - Filling up the DagBag from /home/airflow/.local/lib/python3.12/site-packages/airflow/example_dags/example_latest_only_with_trigger.py
[2025-02-06T17:42:07.023+0000] {processor.py:925} INFO - DAG(s) 'latest_only_with_trigger' retrieved from /home/airflow/.local/lib/python3.12/site-packages/airflow/example_dags/example_latest_only_with_trigger.py
[2025-02-06T17:42:07.085+0000] {logging_mixin.py:190} INFO - [2025-02-06T17:42:07.085+0000] {dag.py:3239} INFO - Sync 1 DAGs
[2025-02-06T17:42:07.149+0000] {logging_mixin.py:190} INFO - [2025-02-06T17:42:07.149+0000] {dag.py:4180} INFO - Setting next_dagrun for latest_only_with_trigger to 2025-02-06 12:00:00+00:00, run_after=2025-02-06 16:00:00+00:00
[2025-02-06T17:42:07.193+0000] {processor.py:208} INFO - Processing /home/airflow/.local/lib/python3.12/site-packages/airflow/example_dags/example_latest_only_with_trigger.py took 0.233 seconds
[2025-02-06T17:42:37.694+0000] {processor.py:186} INFO - Started process (PID=154) to work on /home/airflow/.local/lib/python3.12/site-packages/airflow/example_dags/example_latest_only_with_trigger.py
[2025-02-06T17:42:37.695+0000] {processor.py:914} INFO - Processing file /home/airflow/.local/lib/python3.12/site-packages/airflow/example_dags/example_latest_only_with_trigger.py for tasks to queue
[2025-02-06T17:42:37.702+0000] {logging_mixin.py:190} INFO - [2025-02-06T17:42:37.701+0000] {dagbag.py:588} INFO - Filling up the DagBag from /home/airflow/.local/lib/python3.12/site-packages/airflow/example_dags/example_latest_only_with_trigger.py
[2025-02-06T17:42:37.723+0000] {processor.py:925} INFO - DAG(s) 'latest_only_with_trigger' retrieved from /home/airflow/.local/lib/python3.12/site-packages/airflow/example_dags/example_latest_only_with_trigger.py
[2025-02-06T17:42:37.765+0000] {logging_mixin.py:190} INFO - [2025-02-06T17:42:37.764+0000] {dag.py:3239} INFO - Sync 1 DAGs
[2025-02-06T17:42:37.815+0000] {logging_mixin.py:190} INFO - [2025-02-06T17:42:37.815+0000] {dag.py:4180} INFO - Setting next_dagrun for latest_only_with_trigger to 2025-02-06 12:00:00+00:00, run_after=2025-02-06 16:00:00+00:00
[2025-02-06T17:42:37.854+0000] {processor.py:208} INFO - Processing /home/airflow/.local/lib/python3.12/site-packages/airflow/example_dags/example_latest_only_with_trigger.py took 0.177 seconds
[2025-02-06T17:43:08.467+0000] {processor.py:186} INFO - Started process (PID=211) to work on /home/airflow/.local/lib/python3.12/site-packages/airflow/example_dags/example_latest_only_with_trigger.py
[2025-02-06T17:43:08.468+0000] {processor.py:914} INFO - Processing file /home/airflow/.local/lib/python3.12/site-packages/airflow/example_dags/example_latest_only_with_trigger.py for tasks to queue
[2025-02-06T17:43:08.472+0000] {logging_mixin.py:190} INFO - [2025-02-06T17:43:08.471+0000] {dagbag.py:588} INFO - Filling up the DagBag from /home/airflow/.local/lib/python3.12/site-packages/airflow/example_dags/example_latest_only_with_trigger.py
[2025-02-06T17:43:08.482+0000] {processor.py:925} INFO - DAG(s) 'latest_only_with_trigger' retrieved from /home/airflow/.local/lib/python3.12/site-packages/airflow/example_dags/example_latest_only_with_trigger.py
[2025-02-06T17:43:08.511+0000] {logging_mixin.py:190} INFO - [2025-02-06T17:43:08.510+0000] {dag.py:3239} INFO - Sync 1 DAGs
[2025-02-06T17:43:08.541+0000] {logging_mixin.py:190} INFO - [2025-02-06T17:43:08.541+0000] {dag.py:4180} INFO - Setting next_dagrun for latest_only_with_trigger to 2025-02-06 12:00:00+00:00, run_after=2025-02-06 16:00:00+00:00
[2025-02-06T17:43:08.569+0000] {processor.py:208} INFO - Processing /home/airflow/.local/lib/python3.12/site-packages/airflow/example_dags/example_latest_only_with_trigger.py took 0.110 seconds
[2025-02-06T17:43:39.415+0000] {processor.py:186} INFO - Started process (PID=268) to work on /home/airflow/.local/lib/python3.12/site-packages/airflow/example_dags/example_latest_only_with_trigger.py
[2025-02-06T17:43:39.417+0000] {processor.py:914} INFO - Processing file /home/airflow/.local/lib/python3.12/site-packages/airflow/example_dags/example_latest_only_with_trigger.py for tasks to queue
[2025-02-06T17:43:39.421+0000] {logging_mixin.py:190} INFO - [2025-02-06T17:43:39.421+0000] {dagbag.py:588} INFO - Filling up the DagBag from /home/airflow/.local/lib/python3.12/site-packages/airflow/example_dags/example_latest_only_with_trigger.py
[2025-02-06T17:43:39.433+0000] {processor.py:925} INFO - DAG(s) 'latest_only_with_trigger' retrieved from /home/airflow/.local/lib/python3.12/site-packages/airflow/example_dags/example_latest_only_with_trigger.py
[2025-02-06T17:43:39.462+0000] {logging_mixin.py:190} INFO - [2025-02-06T17:43:39.461+0000] {dag.py:3239} INFO - Sync 1 DAGs
[2025-02-06T17:43:39.497+0000] {logging_mixin.py:190} INFO - [2025-02-06T17:43:39.497+0000] {dag.py:4180} INFO - Setting next_dagrun for latest_only_with_trigger to 2025-02-06 12:00:00+00:00, run_after=2025-02-06 16:00:00+00:00
[2025-02-06T17:43:39.527+0000] {processor.py:208} INFO - Processing /home/airflow/.local/lib/python3.12/site-packages/airflow/example_dags/example_latest_only_with_trigger.py took 0.122 seconds
[2025-02-06T17:44:09.885+0000] {processor.py:186} INFO - Started process (PID=325) to work on /home/airflow/.local/lib/python3.12/site-packages/airflow/example_dags/example_latest_only_with_trigger.py
[2025-02-06T17:44:09.887+0000] {processor.py:914} INFO - Processing file /home/airflow/.local/lib/python3.12/site-packages/airflow/example_dags/example_latest_only_with_trigger.py for tasks to queue
[2025-02-06T17:44:09.890+0000] {logging_mixin.py:190} INFO - [2025-02-06T17:44:09.890+0000] {dagbag.py:588} INFO - Filling up the DagBag from /home/airflow/.local/lib/python3.12/site-packages/airflow/example_dags/example_latest_only_with_trigger.py
[2025-02-06T17:44:09.902+0000] {processor.py:925} INFO - DAG(s) 'latest_only_with_trigger' retrieved from /home/airflow/.local/lib/python3.12/site-packages/airflow/example_dags/example_latest_only_with_trigger.py
[2025-02-06T17:44:09.930+0000] {logging_mixin.py:190} INFO - [2025-02-06T17:44:09.929+0000] {dag.py:3239} INFO - Sync 1 DAGs
[2025-02-06T17:44:09.968+0000] {logging_mixin.py:190} INFO - [2025-02-06T17:44:09.967+0000] {dag.py:4180} INFO - Setting next_dagrun for latest_only_with_trigger to 2025-02-06 12:00:00+00:00, run_after=2025-02-06 16:00:00+00:00
[2025-02-06T17:44:10.000+0000] {processor.py:208} INFO - Processing /home/airflow/.local/lib/python3.12/site-packages/airflow/example_dags/example_latest_only_with_trigger.py took 0.122 seconds
[2025-02-06T17:44:40.498+0000] {processor.py:186} INFO - Started process (PID=382) to work on /home/airflow/.local/lib/python3.12/site-packages/airflow/example_dags/example_latest_only_with_trigger.py
[2025-02-06T17:44:40.502+0000] {processor.py:914} INFO - Processing file /home/airflow/.local/lib/python3.12/site-packages/airflow/example_dags/example_latest_only_with_trigger.py for tasks to queue
[2025-02-06T17:44:40.520+0000] {logging_mixin.py:190} INFO - [2025-02-06T17:44:40.519+0000] {dagbag.py:588} INFO - Filling up the DagBag from /home/airflow/.local/lib/python3.12/site-packages/airflow/example_dags/example_latest_only_with_trigger.py
[2025-02-06T17:44:40.548+0000] {processor.py:925} INFO - DAG(s) 'latest_only_with_trigger' retrieved from /home/airflow/.local/lib/python3.12/site-packages/airflow/example_dags/example_latest_only_with_trigger.py
[2025-02-06T17:44:40.657+0000] {logging_mixin.py:190} INFO - [2025-02-06T17:44:40.654+0000] {dag.py:3239} INFO - Sync 1 DAGs
[2025-02-06T17:44:40.798+0000] {logging_mixin.py:190} INFO - [2025-02-06T17:44:40.797+0000] {dag.py:4180} INFO - Setting next_dagrun for latest_only_with_trigger to 2025-02-06 12:00:00+00:00, run_after=2025-02-06 16:00:00+00:00
[2025-02-06T17:44:40.923+0000] {processor.py:208} INFO - Processing /home/airflow/.local/lib/python3.12/site-packages/airflow/example_dags/example_latest_only_with_trigger.py took 0.447 seconds
[2025-02-06T17:45:11.486+0000] {processor.py:186} INFO - Started process (PID=439) to work on /home/airflow/.local/lib/python3.12/site-packages/airflow/example_dags/example_latest_only_with_trigger.py
[2025-02-06T17:45:11.508+0000] {processor.py:914} INFO - Processing file /home/airflow/.local/lib/python3.12/site-packages/airflow/example_dags/example_latest_only_with_trigger.py for tasks to queue
[2025-02-06T17:45:11.524+0000] {logging_mixin.py:190} INFO - [2025-02-06T17:45:11.524+0000] {dagbag.py:588} INFO - Filling up the DagBag from /home/airflow/.local/lib/python3.12/site-packages/airflow/example_dags/example_latest_only_with_trigger.py
[2025-02-06T17:45:11.588+0000] {processor.py:925} INFO - DAG(s) 'latest_only_with_trigger' retrieved from /home/airflow/.local/lib/python3.12/site-packages/airflow/example_dags/example_latest_only_with_trigger.py
[2025-02-06T17:45:11.677+0000] {logging_mixin.py:190} INFO - [2025-02-06T17:45:11.677+0000] {dag.py:3239} INFO - Sync 1 DAGs
[2025-02-06T17:45:11.789+0000] {logging_mixin.py:190} INFO - [2025-02-06T17:45:11.789+0000] {dag.py:4180} INFO - Setting next_dagrun for latest_only_with_trigger to 2025-02-06 12:00:00+00:00, run_after=2025-02-06 16:00:00+00:00
[2025-02-06T17:45:11.885+0000] {processor.py:208} INFO - Processing /home/airflow/.local/lib/python3.12/site-packages/airflow/example_dags/example_latest_only_with_trigger.py took 0.427 seconds
[2025-02-06T17:53:24.039+0000] {processor.py:186} INFO - Started process (PID=42) to work on /home/airflow/.local/lib/python3.12/site-packages/airflow/example_dags/example_latest_only_with_trigger.py
[2025-02-06T17:53:24.049+0000] {processor.py:914} INFO - Processing file /home/airflow/.local/lib/python3.12/site-packages/airflow/example_dags/example_latest_only_with_trigger.py for tasks to queue
[2025-02-06T17:53:24.054+0000] {logging_mixin.py:190} INFO - [2025-02-06T17:53:24.053+0000] {dagbag.py:588} INFO - Filling up the DagBag from /home/airflow/.local/lib/python3.12/site-packages/airflow/example_dags/example_latest_only_with_trigger.py
[2025-02-06T17:53:24.075+0000] {processor.py:925} INFO - DAG(s) 'latest_only_with_trigger' retrieved from /home/airflow/.local/lib/python3.12/site-packages/airflow/example_dags/example_latest_only_with_trigger.py
[2025-02-06T17:53:24.173+0000] {logging_mixin.py:190} INFO - [2025-02-06T17:53:24.168+0000] {dag.py:3239} INFO - Sync 1 DAGs
[2025-02-06T17:53:24.273+0000] {logging_mixin.py:190} INFO - [2025-02-06T17:53:24.273+0000] {dag.py:4180} INFO - Setting next_dagrun for latest_only_with_trigger to 2025-02-06 12:00:00+00:00, run_after=2025-02-06 16:00:00+00:00
[2025-02-06T17:53:24.338+0000] {processor.py:208} INFO - Processing /home/airflow/.local/lib/python3.12/site-packages/airflow/example_dags/example_latest_only_with_trigger.py took 0.319 seconds
[2025-02-06T17:53:54.644+0000] {processor.py:186} INFO - Started process (PID=99) to work on /home/airflow/.local/lib/python3.12/site-packages/airflow/example_dags/example_latest_only_with_trigger.py
[2025-02-06T17:53:54.645+0000] {processor.py:914} INFO - Processing file /home/airflow/.local/lib/python3.12/site-packages/airflow/example_dags/example_latest_only_with_trigger.py for tasks to queue
[2025-02-06T17:53:54.648+0000] {logging_mixin.py:190} INFO - [2025-02-06T17:53:54.647+0000] {dagbag.py:588} INFO - Filling up the DagBag from /home/airflow/.local/lib/python3.12/site-packages/airflow/example_dags/example_latest_only_with_trigger.py
[2025-02-06T17:53:54.657+0000] {processor.py:925} INFO - DAG(s) 'latest_only_with_trigger' retrieved from /home/airflow/.local/lib/python3.12/site-packages/airflow/example_dags/example_latest_only_with_trigger.py
[2025-02-06T17:53:54.682+0000] {logging_mixin.py:190} INFO - [2025-02-06T17:53:54.681+0000] {dag.py:3239} INFO - Sync 1 DAGs
[2025-02-06T17:53:54.723+0000] {logging_mixin.py:190} INFO - [2025-02-06T17:53:54.723+0000] {dag.py:4180} INFO - Setting next_dagrun for latest_only_with_trigger to 2025-02-06 12:00:00+00:00, run_after=2025-02-06 16:00:00+00:00
[2025-02-06T17:53:54.752+0000] {processor.py:208} INFO - Processing /home/airflow/.local/lib/python3.12/site-packages/airflow/example_dags/example_latest_only_with_trigger.py took 0.115 seconds
[2025-02-06T17:55:58.347+0000] {processor.py:186} INFO - Started process (PID=42) to work on /home/airflow/.local/lib/python3.12/site-packages/airflow/example_dags/example_latest_only_with_trigger.py
[2025-02-06T17:55:58.351+0000] {processor.py:914} INFO - Processing file /home/airflow/.local/lib/python3.12/site-packages/airflow/example_dags/example_latest_only_with_trigger.py for tasks to queue
[2025-02-06T17:55:58.360+0000] {logging_mixin.py:190} INFO - [2025-02-06T17:55:58.359+0000] {dagbag.py:588} INFO - Filling up the DagBag from /home/airflow/.local/lib/python3.12/site-packages/airflow/example_dags/example_latest_only_with_trigger.py
[2025-02-06T17:55:58.395+0000] {processor.py:925} INFO - DAG(s) 'latest_only_with_trigger' retrieved from /home/airflow/.local/lib/python3.12/site-packages/airflow/example_dags/example_latest_only_with_trigger.py
[2025-02-06T17:55:58.494+0000] {logging_mixin.py:190} INFO - [2025-02-06T17:55:58.493+0000] {dag.py:3239} INFO - Sync 1 DAGs
[2025-02-06T17:55:58.559+0000] {logging_mixin.py:190} INFO - [2025-02-06T17:55:58.559+0000] {dag.py:4180} INFO - Setting next_dagrun for latest_only_with_trigger to 2025-02-06 12:00:00+00:00, run_after=2025-02-06 16:00:00+00:00
[2025-02-06T17:55:58.611+0000] {processor.py:208} INFO - Processing /home/airflow/.local/lib/python3.12/site-packages/airflow/example_dags/example_latest_only_with_trigger.py took 0.293 seconds
[2025-02-06T17:56:28.997+0000] {processor.py:186} INFO - Started process (PID=99) to work on /home/airflow/.local/lib/python3.12/site-packages/airflow/example_dags/example_latest_only_with_trigger.py
[2025-02-06T17:56:28.998+0000] {processor.py:914} INFO - Processing file /home/airflow/.local/lib/python3.12/site-packages/airflow/example_dags/example_latest_only_with_trigger.py for tasks to queue
[2025-02-06T17:56:29.001+0000] {logging_mixin.py:190} INFO - [2025-02-06T17:56:29.001+0000] {dagbag.py:588} INFO - Filling up the DagBag from /home/airflow/.local/lib/python3.12/site-packages/airflow/example_dags/example_latest_only_with_trigger.py
[2025-02-06T17:56:29.012+0000] {processor.py:925} INFO - DAG(s) 'latest_only_with_trigger' retrieved from /home/airflow/.local/lib/python3.12/site-packages/airflow/example_dags/example_latest_only_with_trigger.py
[2025-02-06T17:56:29.037+0000] {logging_mixin.py:190} INFO - [2025-02-06T17:56:29.037+0000] {dag.py:3239} INFO - Sync 1 DAGs
[2025-02-06T17:56:29.065+0000] {logging_mixin.py:190} INFO - [2025-02-06T17:56:29.065+0000] {dag.py:4180} INFO - Setting next_dagrun for latest_only_with_trigger to 2025-02-06 12:00:00+00:00, run_after=2025-02-06 16:00:00+00:00
[2025-02-06T17:56:29.088+0000] {processor.py:208} INFO - Processing /home/airflow/.local/lib/python3.12/site-packages/airflow/example_dags/example_latest_only_with_trigger.py took 0.099 seconds
[2025-02-06T17:56:59.606+0000] {processor.py:186} INFO - Started process (PID=157) to work on /home/airflow/.local/lib/python3.12/site-packages/airflow/example_dags/example_latest_only_with_trigger.py
[2025-02-06T17:56:59.607+0000] {processor.py:914} INFO - Processing file /home/airflow/.local/lib/python3.12/site-packages/airflow/example_dags/example_latest_only_with_trigger.py for tasks to queue
[2025-02-06T17:56:59.610+0000] {logging_mixin.py:190} INFO - [2025-02-06T17:56:59.610+0000] {dagbag.py:588} INFO - Filling up the DagBag from /home/airflow/.local/lib/python3.12/site-packages/airflow/example_dags/example_latest_only_with_trigger.py
[2025-02-06T17:56:59.620+0000] {processor.py:925} INFO - DAG(s) 'latest_only_with_trigger' retrieved from /home/airflow/.local/lib/python3.12/site-packages/airflow/example_dags/example_latest_only_with_trigger.py
[2025-02-06T17:56:59.648+0000] {logging_mixin.py:190} INFO - [2025-02-06T17:56:59.647+0000] {dag.py:3239} INFO - Sync 1 DAGs
[2025-02-06T17:56:59.677+0000] {logging_mixin.py:190} INFO - [2025-02-06T17:56:59.677+0000] {dag.py:4180} INFO - Setting next_dagrun for latest_only_with_trigger to 2025-02-06 12:00:00+00:00, run_after=2025-02-06 16:00:00+00:00
[2025-02-06T17:56:59.702+0000] {processor.py:208} INFO - Processing /home/airflow/.local/lib/python3.12/site-packages/airflow/example_dags/example_latest_only_with_trigger.py took 0.105 seconds
[2025-02-06T17:57:30.530+0000] {processor.py:186} INFO - Started process (PID=215) to work on /home/airflow/.local/lib/python3.12/site-packages/airflow/example_dags/example_latest_only_with_trigger.py
[2025-02-06T17:57:30.532+0000] {processor.py:914} INFO - Processing file /home/airflow/.local/lib/python3.12/site-packages/airflow/example_dags/example_latest_only_with_trigger.py for tasks to queue
[2025-02-06T17:57:30.535+0000] {logging_mixin.py:190} INFO - [2025-02-06T17:57:30.535+0000] {dagbag.py:588} INFO - Filling up the DagBag from /home/airflow/.local/lib/python3.12/site-packages/airflow/example_dags/example_latest_only_with_trigger.py
[2025-02-06T17:57:30.549+0000] {processor.py:925} INFO - DAG(s) 'latest_only_with_trigger' retrieved from /home/airflow/.local/lib/python3.12/site-packages/airflow/example_dags/example_latest_only_with_trigger.py
[2025-02-06T17:57:30.604+0000] {logging_mixin.py:190} INFO - [2025-02-06T17:57:30.604+0000] {dag.py:3239} INFO - Sync 1 DAGs
[2025-02-06T17:57:30.670+0000] {logging_mixin.py:190} INFO - [2025-02-06T17:57:30.670+0000] {dag.py:4180} INFO - Setting next_dagrun for latest_only_with_trigger to 2025-02-06 12:00:00+00:00, run_after=2025-02-06 16:00:00+00:00
[2025-02-06T17:57:30.793+0000] {processor.py:208} INFO - Processing /home/airflow/.local/lib/python3.12/site-packages/airflow/example_dags/example_latest_only_with_trigger.py took 0.270 seconds
[2025-02-06T17:58:01.494+0000] {processor.py:186} INFO - Started process (PID=273) to work on /home/airflow/.local/lib/python3.12/site-packages/airflow/example_dags/example_latest_only_with_trigger.py
[2025-02-06T17:58:01.495+0000] {processor.py:914} INFO - Processing file /home/airflow/.local/lib/python3.12/site-packages/airflow/example_dags/example_latest_only_with_trigger.py for tasks to queue
[2025-02-06T17:58:01.498+0000] {logging_mixin.py:190} INFO - [2025-02-06T17:58:01.498+0000] {dagbag.py:588} INFO - Filling up the DagBag from /home/airflow/.local/lib/python3.12/site-packages/airflow/example_dags/example_latest_only_with_trigger.py
[2025-02-06T17:58:01.508+0000] {processor.py:925} INFO - DAG(s) 'latest_only_with_trigger' retrieved from /home/airflow/.local/lib/python3.12/site-packages/airflow/example_dags/example_latest_only_with_trigger.py
[2025-02-06T17:58:01.534+0000] {logging_mixin.py:190} INFO - [2025-02-06T17:58:01.533+0000] {dag.py:3239} INFO - Sync 1 DAGs
[2025-02-06T17:58:01.562+0000] {logging_mixin.py:190} INFO - [2025-02-06T17:58:01.562+0000] {dag.py:4180} INFO - Setting next_dagrun for latest_only_with_trigger to 2025-02-06 12:00:00+00:00, run_after=2025-02-06 16:00:00+00:00
[2025-02-06T17:58:01.587+0000] {processor.py:208} INFO - Processing /home/airflow/.local/lib/python3.12/site-packages/airflow/example_dags/example_latest_only_with_trigger.py took 0.100 seconds
[2025-02-06T17:58:32.115+0000] {processor.py:186} INFO - Started process (PID=331) to work on /home/airflow/.local/lib/python3.12/site-packages/airflow/example_dags/example_latest_only_with_trigger.py
[2025-02-06T17:58:32.116+0000] {processor.py:914} INFO - Processing file /home/airflow/.local/lib/python3.12/site-packages/airflow/example_dags/example_latest_only_with_trigger.py for tasks to queue
[2025-02-06T17:58:32.119+0000] {logging_mixin.py:190} INFO - [2025-02-06T17:58:32.119+0000] {dagbag.py:588} INFO - Filling up the DagBag from /home/airflow/.local/lib/python3.12/site-packages/airflow/example_dags/example_latest_only_with_trigger.py
[2025-02-06T17:58:32.129+0000] {processor.py:925} INFO - DAG(s) 'latest_only_with_trigger' retrieved from /home/airflow/.local/lib/python3.12/site-packages/airflow/example_dags/example_latest_only_with_trigger.py
[2025-02-06T17:58:32.156+0000] {logging_mixin.py:190} INFO - [2025-02-06T17:58:32.156+0000] {dag.py:3239} INFO - Sync 1 DAGs
[2025-02-06T17:58:32.191+0000] {logging_mixin.py:190} INFO - [2025-02-06T17:58:32.191+0000] {dag.py:4180} INFO - Setting next_dagrun for latest_only_with_trigger to 2025-02-06 12:00:00+00:00, run_after=2025-02-06 16:00:00+00:00
[2025-02-06T17:58:32.218+0000] {processor.py:208} INFO - Processing /home/airflow/.local/lib/python3.12/site-packages/airflow/example_dags/example_latest_only_with_trigger.py took 0.111 seconds
[2025-02-06T17:59:02.855+0000] {processor.py:186} INFO - Started process (PID=389) to work on /home/airflow/.local/lib/python3.12/site-packages/airflow/example_dags/example_latest_only_with_trigger.py
[2025-02-06T17:59:02.856+0000] {processor.py:914} INFO - Processing file /home/airflow/.local/lib/python3.12/site-packages/airflow/example_dags/example_latest_only_with_trigger.py for tasks to queue
[2025-02-06T17:59:02.859+0000] {logging_mixin.py:190} INFO - [2025-02-06T17:59:02.859+0000] {dagbag.py:588} INFO - Filling up the DagBag from /home/airflow/.local/lib/python3.12/site-packages/airflow/example_dags/example_latest_only_with_trigger.py
[2025-02-06T17:59:02.868+0000] {processor.py:925} INFO - DAG(s) 'latest_only_with_trigger' retrieved from /home/airflow/.local/lib/python3.12/site-packages/airflow/example_dags/example_latest_only_with_trigger.py
[2025-02-06T17:59:02.895+0000] {logging_mixin.py:190} INFO - [2025-02-06T17:59:02.895+0000] {dag.py:3239} INFO - Sync 1 DAGs
[2025-02-06T17:59:02.929+0000] {logging_mixin.py:190} INFO - [2025-02-06T17:59:02.929+0000] {dag.py:4180} INFO - Setting next_dagrun for latest_only_with_trigger to 2025-02-06 12:00:00+00:00, run_after=2025-02-06 16:00:00+00:00
[2025-02-06T17:59:02.954+0000] {processor.py:208} INFO - Processing /home/airflow/.local/lib/python3.12/site-packages/airflow/example_dags/example_latest_only_with_trigger.py took 0.107 seconds
[2025-02-06T17:59:33.747+0000] {processor.py:186} INFO - Started process (PID=447) to work on /home/airflow/.local/lib/python3.12/site-packages/airflow/example_dags/example_latest_only_with_trigger.py
[2025-02-06T17:59:33.749+0000] {processor.py:914} INFO - Processing file /home/airflow/.local/lib/python3.12/site-packages/airflow/example_dags/example_latest_only_with_trigger.py for tasks to queue
[2025-02-06T17:59:33.754+0000] {logging_mixin.py:190} INFO - [2025-02-06T17:59:33.753+0000] {dagbag.py:588} INFO - Filling up the DagBag from /home/airflow/.local/lib/python3.12/site-packages/airflow/example_dags/example_latest_only_with_trigger.py
[2025-02-06T17:59:33.773+0000] {processor.py:925} INFO - DAG(s) 'latest_only_with_trigger' retrieved from /home/airflow/.local/lib/python3.12/site-packages/airflow/example_dags/example_latest_only_with_trigger.py
[2025-02-06T17:59:33.813+0000] {logging_mixin.py:190} INFO - [2025-02-06T17:59:33.813+0000] {dag.py:3239} INFO - Sync 1 DAGs
[2025-02-06T17:59:33.856+0000] {logging_mixin.py:190} INFO - [2025-02-06T17:59:33.856+0000] {dag.py:4180} INFO - Setting next_dagrun for latest_only_with_trigger to 2025-02-06 12:00:00+00:00, run_after=2025-02-06 16:00:00+00:00
[2025-02-06T17:59:33.888+0000] {processor.py:208} INFO - Processing /home/airflow/.local/lib/python3.12/site-packages/airflow/example_dags/example_latest_only_with_trigger.py took 0.151 seconds
[2025-02-06T18:00:04.147+0000] {processor.py:186} INFO - Started process (PID=505) to work on /home/airflow/.local/lib/python3.12/site-packages/airflow/example_dags/example_latest_only_with_trigger.py
[2025-02-06T18:00:04.149+0000] {processor.py:914} INFO - Processing file /home/airflow/.local/lib/python3.12/site-packages/airflow/example_dags/example_latest_only_with_trigger.py for tasks to queue
[2025-02-06T18:00:04.152+0000] {logging_mixin.py:190} INFO - [2025-02-06T18:00:04.152+0000] {dagbag.py:588} INFO - Filling up the DagBag from /home/airflow/.local/lib/python3.12/site-packages/airflow/example_dags/example_latest_only_with_trigger.py
[2025-02-06T18:00:04.163+0000] {processor.py:925} INFO - DAG(s) 'latest_only_with_trigger' retrieved from /home/airflow/.local/lib/python3.12/site-packages/airflow/example_dags/example_latest_only_with_trigger.py
[2025-02-06T18:00:04.191+0000] {logging_mixin.py:190} INFO - [2025-02-06T18:00:04.191+0000] {dag.py:3239} INFO - Sync 1 DAGs
[2025-02-06T18:00:04.227+0000] {logging_mixin.py:190} INFO - [2025-02-06T18:00:04.227+0000] {dag.py:4180} INFO - Setting next_dagrun for latest_only_with_trigger to 2025-02-06 12:00:00+00:00, run_after=2025-02-06 16:00:00+00:00
[2025-02-06T18:00:04.254+0000] {processor.py:208} INFO - Processing /home/airflow/.local/lib/python3.12/site-packages/airflow/example_dags/example_latest_only_with_trigger.py took 0.115 seconds
[2025-02-06T18:00:34.471+0000] {processor.py:186} INFO - Started process (PID=563) to work on /home/airflow/.local/lib/python3.12/site-packages/airflow/example_dags/example_latest_only_with_trigger.py
[2025-02-06T18:00:34.473+0000] {processor.py:914} INFO - Processing file /home/airflow/.local/lib/python3.12/site-packages/airflow/example_dags/example_latest_only_with_trigger.py for tasks to queue
[2025-02-06T18:00:34.476+0000] {logging_mixin.py:190} INFO - [2025-02-06T18:00:34.476+0000] {dagbag.py:588} INFO - Filling up the DagBag from /home/airflow/.local/lib/python3.12/site-packages/airflow/example_dags/example_latest_only_with_trigger.py
[2025-02-06T18:00:34.489+0000] {processor.py:925} INFO - DAG(s) 'latest_only_with_trigger' retrieved from /home/airflow/.local/lib/python3.12/site-packages/airflow/example_dags/example_latest_only_with_trigger.py
[2025-02-06T18:00:34.520+0000] {logging_mixin.py:190} INFO - [2025-02-06T18:00:34.520+0000] {dag.py:3239} INFO - Sync 1 DAGs
[2025-02-06T18:00:34.565+0000] {logging_mixin.py:190} INFO - [2025-02-06T18:00:34.564+0000] {dag.py:4180} INFO - Setting next_dagrun for latest_only_with_trigger to 2025-02-06 12:00:00+00:00, run_after=2025-02-06 16:00:00+00:00
[2025-02-06T18:00:34.591+0000] {processor.py:208} INFO - Processing /home/airflow/.local/lib/python3.12/site-packages/airflow/example_dags/example_latest_only_with_trigger.py took 0.133 seconds
[2025-02-06T18:01:04.858+0000] {processor.py:186} INFO - Started process (PID=621) to work on /home/airflow/.local/lib/python3.12/site-packages/airflow/example_dags/example_latest_only_with_trigger.py
[2025-02-06T18:01:04.860+0000] {processor.py:914} INFO - Processing file /home/airflow/.local/lib/python3.12/site-packages/airflow/example_dags/example_latest_only_with_trigger.py for tasks to queue
[2025-02-06T18:01:04.863+0000] {logging_mixin.py:190} INFO - [2025-02-06T18:01:04.862+0000] {dagbag.py:588} INFO - Filling up the DagBag from /home/airflow/.local/lib/python3.12/site-packages/airflow/example_dags/example_latest_only_with_trigger.py
[2025-02-06T18:01:04.872+0000] {processor.py:925} INFO - DAG(s) 'latest_only_with_trigger' retrieved from /home/airflow/.local/lib/python3.12/site-packages/airflow/example_dags/example_latest_only_with_trigger.py
[2025-02-06T18:01:04.898+0000] {logging_mixin.py:190} INFO - [2025-02-06T18:01:04.897+0000] {dag.py:3239} INFO - Sync 1 DAGs
[2025-02-06T18:01:04.927+0000] {logging_mixin.py:190} INFO - [2025-02-06T18:01:04.927+0000] {dag.py:4180} INFO - Setting next_dagrun for latest_only_with_trigger to 2025-02-06 12:00:00+00:00, run_after=2025-02-06 16:00:00+00:00
[2025-02-06T18:01:04.951+0000] {processor.py:208} INFO - Processing /home/airflow/.local/lib/python3.12/site-packages/airflow/example_dags/example_latest_only_with_trigger.py took 0.101 seconds
[2025-02-06T18:01:35.211+0000] {processor.py:186} INFO - Started process (PID=679) to work on /home/airflow/.local/lib/python3.12/site-packages/airflow/example_dags/example_latest_only_with_trigger.py
[2025-02-06T18:01:35.213+0000] {processor.py:914} INFO - Processing file /home/airflow/.local/lib/python3.12/site-packages/airflow/example_dags/example_latest_only_with_trigger.py for tasks to queue
[2025-02-06T18:01:35.216+0000] {logging_mixin.py:190} INFO - [2025-02-06T18:01:35.216+0000] {dagbag.py:588} INFO - Filling up the DagBag from /home/airflow/.local/lib/python3.12/site-packages/airflow/example_dags/example_latest_only_with_trigger.py
[2025-02-06T18:01:35.227+0000] {processor.py:925} INFO - DAG(s) 'latest_only_with_trigger' retrieved from /home/airflow/.local/lib/python3.12/site-packages/airflow/example_dags/example_latest_only_with_trigger.py
[2025-02-06T18:01:35.256+0000] {logging_mixin.py:190} INFO - [2025-02-06T18:01:35.256+0000] {dag.py:3239} INFO - Sync 1 DAGs
[2025-02-06T18:01:35.287+0000] {logging_mixin.py:190} INFO - [2025-02-06T18:01:35.287+0000] {dag.py:4180} INFO - Setting next_dagrun for latest_only_with_trigger to 2025-02-06 12:00:00+00:00, run_after=2025-02-06 16:00:00+00:00
[2025-02-06T18:01:35.315+0000] {processor.py:208} INFO - Processing /home/airflow/.local/lib/python3.12/site-packages/airflow/example_dags/example_latest_only_with_trigger.py took 0.111 seconds
[2025-02-06T18:15:32.318+0000] {processor.py:186} INFO - Started process (PID=41) to work on /home/airflow/.local/lib/python3.12/site-packages/airflow/example_dags/example_latest_only_with_trigger.py
[2025-02-06T18:15:32.319+0000] {processor.py:914} INFO - Processing file /home/airflow/.local/lib/python3.12/site-packages/airflow/example_dags/example_latest_only_with_trigger.py for tasks to queue
[2025-02-06T18:15:32.323+0000] {logging_mixin.py:190} INFO - [2025-02-06T18:15:32.322+0000] {dagbag.py:588} INFO - Filling up the DagBag from /home/airflow/.local/lib/python3.12/site-packages/airflow/example_dags/example_latest_only_with_trigger.py
[2025-02-06T18:15:32.341+0000] {processor.py:925} INFO - DAG(s) 'latest_only_with_trigger' retrieved from /home/airflow/.local/lib/python3.12/site-packages/airflow/example_dags/example_latest_only_with_trigger.py
[2025-02-06T18:15:32.399+0000] {logging_mixin.py:190} INFO - [2025-02-06T18:15:32.399+0000] {dag.py:3239} INFO - Sync 1 DAGs
[2025-02-06T18:15:32.444+0000] {logging_mixin.py:190} INFO - [2025-02-06T18:15:32.443+0000] {dag.py:4180} INFO - Setting next_dagrun for latest_only_with_trigger to 2025-02-06 12:00:00+00:00, run_after=2025-02-06 16:00:00+00:00
[2025-02-06T18:15:32.475+0000] {processor.py:208} INFO - Processing /home/airflow/.local/lib/python3.12/site-packages/airflow/example_dags/example_latest_only_with_trigger.py took 0.168 seconds
[2025-02-06T18:16:02.657+0000] {processor.py:186} INFO - Started process (PID=97) to work on /home/airflow/.local/lib/python3.12/site-packages/airflow/example_dags/example_latest_only_with_trigger.py
[2025-02-06T18:16:02.659+0000] {processor.py:914} INFO - Processing file /home/airflow/.local/lib/python3.12/site-packages/airflow/example_dags/example_latest_only_with_trigger.py for tasks to queue
[2025-02-06T18:16:02.664+0000] {logging_mixin.py:190} INFO - [2025-02-06T18:16:02.663+0000] {dagbag.py:588} INFO - Filling up the DagBag from /home/airflow/.local/lib/python3.12/site-packages/airflow/example_dags/example_latest_only_with_trigger.py
[2025-02-06T18:16:02.679+0000] {processor.py:925} INFO - DAG(s) 'latest_only_with_trigger' retrieved from /home/airflow/.local/lib/python3.12/site-packages/airflow/example_dags/example_latest_only_with_trigger.py
[2025-02-06T18:16:02.717+0000] {logging_mixin.py:190} INFO - [2025-02-06T18:16:02.716+0000] {dag.py:3239} INFO - Sync 1 DAGs
[2025-02-06T18:16:02.756+0000] {logging_mixin.py:190} INFO - [2025-02-06T18:16:02.755+0000] {dag.py:4180} INFO - Setting next_dagrun for latest_only_with_trigger to 2025-02-06 12:00:00+00:00, run_after=2025-02-06 16:00:00+00:00
[2025-02-06T18:16:02.789+0000] {processor.py:208} INFO - Processing /home/airflow/.local/lib/python3.12/site-packages/airflow/example_dags/example_latest_only_with_trigger.py took 0.140 seconds
[2025-02-06T18:16:32.915+0000] {processor.py:186} INFO - Started process (PID=154) to work on /home/airflow/.local/lib/python3.12/site-packages/airflow/example_dags/example_latest_only_with_trigger.py
[2025-02-06T18:16:32.916+0000] {processor.py:914} INFO - Processing file /home/airflow/.local/lib/python3.12/site-packages/airflow/example_dags/example_latest_only_with_trigger.py for tasks to queue
[2025-02-06T18:16:32.919+0000] {logging_mixin.py:190} INFO - [2025-02-06T18:16:32.919+0000] {dagbag.py:588} INFO - Filling up the DagBag from /home/airflow/.local/lib/python3.12/site-packages/airflow/example_dags/example_latest_only_with_trigger.py
[2025-02-06T18:16:32.932+0000] {processor.py:925} INFO - DAG(s) 'latest_only_with_trigger' retrieved from /home/airflow/.local/lib/python3.12/site-packages/airflow/example_dags/example_latest_only_with_trigger.py
[2025-02-06T18:16:32.972+0000] {logging_mixin.py:190} INFO - [2025-02-06T18:16:32.972+0000] {dag.py:3239} INFO - Sync 1 DAGs
[2025-02-06T18:16:33.014+0000] {logging_mixin.py:190} INFO - [2025-02-06T18:16:33.013+0000] {dag.py:4180} INFO - Setting next_dagrun for latest_only_with_trigger to 2025-02-06 12:00:00+00:00, run_after=2025-02-06 16:00:00+00:00
[2025-02-06T18:16:33.045+0000] {processor.py:208} INFO - Processing /home/airflow/.local/lib/python3.12/site-packages/airflow/example_dags/example_latest_only_with_trigger.py took 0.139 seconds
[2025-02-06T18:17:03.585+0000] {processor.py:186} INFO - Started process (PID=211) to work on /home/airflow/.local/lib/python3.12/site-packages/airflow/example_dags/example_latest_only_with_trigger.py
[2025-02-06T18:17:03.587+0000] {processor.py:914} INFO - Processing file /home/airflow/.local/lib/python3.12/site-packages/airflow/example_dags/example_latest_only_with_trigger.py for tasks to queue
[2025-02-06T18:17:03.590+0000] {logging_mixin.py:190} INFO - [2025-02-06T18:17:03.589+0000] {dagbag.py:588} INFO - Filling up the DagBag from /home/airflow/.local/lib/python3.12/site-packages/airflow/example_dags/example_latest_only_with_trigger.py
[2025-02-06T18:17:03.602+0000] {processor.py:925} INFO - DAG(s) 'latest_only_with_trigger' retrieved from /home/airflow/.local/lib/python3.12/site-packages/airflow/example_dags/example_latest_only_with_trigger.py
[2025-02-06T18:17:03.630+0000] {logging_mixin.py:190} INFO - [2025-02-06T18:17:03.630+0000] {dag.py:3239} INFO - Sync 1 DAGs
[2025-02-06T18:17:03.665+0000] {logging_mixin.py:190} INFO - [2025-02-06T18:17:03.665+0000] {dag.py:4180} INFO - Setting next_dagrun for latest_only_with_trigger to 2025-02-06 12:00:00+00:00, run_after=2025-02-06 16:00:00+00:00
[2025-02-06T18:17:03.693+0000] {processor.py:208} INFO - Processing /home/airflow/.local/lib/python3.12/site-packages/airflow/example_dags/example_latest_only_with_trigger.py took 0.115 seconds
[2025-02-06T18:17:34.637+0000] {processor.py:186} INFO - Started process (PID=268) to work on /home/airflow/.local/lib/python3.12/site-packages/airflow/example_dags/example_latest_only_with_trigger.py
[2025-02-06T18:17:34.639+0000] {processor.py:914} INFO - Processing file /home/airflow/.local/lib/python3.12/site-packages/airflow/example_dags/example_latest_only_with_trigger.py for tasks to queue
[2025-02-06T18:17:34.644+0000] {logging_mixin.py:190} INFO - [2025-02-06T18:17:34.643+0000] {dagbag.py:588} INFO - Filling up the DagBag from /home/airflow/.local/lib/python3.12/site-packages/airflow/example_dags/example_latest_only_with_trigger.py
[2025-02-06T18:17:34.656+0000] {processor.py:925} INFO - DAG(s) 'latest_only_with_trigger' retrieved from /home/airflow/.local/lib/python3.12/site-packages/airflow/example_dags/example_latest_only_with_trigger.py
[2025-02-06T18:17:34.696+0000] {logging_mixin.py:190} INFO - [2025-02-06T18:17:34.696+0000] {dag.py:3239} INFO - Sync 1 DAGs
[2025-02-06T18:17:34.731+0000] {logging_mixin.py:190} INFO - [2025-02-06T18:17:34.730+0000] {dag.py:4180} INFO - Setting next_dagrun for latest_only_with_trigger to 2025-02-06 12:00:00+00:00, run_after=2025-02-06 16:00:00+00:00
[2025-02-06T18:17:34.762+0000] {processor.py:208} INFO - Processing /home/airflow/.local/lib/python3.12/site-packages/airflow/example_dags/example_latest_only_with_trigger.py took 0.136 seconds
[2025-02-06T18:18:04.989+0000] {processor.py:186} INFO - Started process (PID=325) to work on /home/airflow/.local/lib/python3.12/site-packages/airflow/example_dags/example_latest_only_with_trigger.py
[2025-02-06T18:18:04.991+0000] {processor.py:914} INFO - Processing file /home/airflow/.local/lib/python3.12/site-packages/airflow/example_dags/example_latest_only_with_trigger.py for tasks to queue
[2025-02-06T18:18:04.997+0000] {logging_mixin.py:190} INFO - [2025-02-06T18:18:04.995+0000] {dagbag.py:588} INFO - Filling up the DagBag from /home/airflow/.local/lib/python3.12/site-packages/airflow/example_dags/example_latest_only_with_trigger.py
[2025-02-06T18:18:05.014+0000] {processor.py:925} INFO - DAG(s) 'latest_only_with_trigger' retrieved from /home/airflow/.local/lib/python3.12/site-packages/airflow/example_dags/example_latest_only_with_trigger.py
[2025-02-06T18:18:05.059+0000] {logging_mixin.py:190} INFO - [2025-02-06T18:18:05.058+0000] {dag.py:3239} INFO - Sync 1 DAGs
[2025-02-06T18:18:05.137+0000] {logging_mixin.py:190} INFO - [2025-02-06T18:18:05.136+0000] {dag.py:4180} INFO - Setting next_dagrun for latest_only_with_trigger to 2025-02-06 12:00:00+00:00, run_after=2025-02-06 16:00:00+00:00
[2025-02-06T18:18:05.198+0000] {processor.py:208} INFO - Processing /home/airflow/.local/lib/python3.12/site-packages/airflow/example_dags/example_latest_only_with_trigger.py took 0.222 seconds
[2025-02-06T18:18:35.416+0000] {processor.py:186} INFO - Started process (PID=382) to work on /home/airflow/.local/lib/python3.12/site-packages/airflow/example_dags/example_latest_only_with_trigger.py
[2025-02-06T18:18:35.418+0000] {processor.py:914} INFO - Processing file /home/airflow/.local/lib/python3.12/site-packages/airflow/example_dags/example_latest_only_with_trigger.py for tasks to queue
[2025-02-06T18:18:35.421+0000] {logging_mixin.py:190} INFO - [2025-02-06T18:18:35.421+0000] {dagbag.py:588} INFO - Filling up the DagBag from /home/airflow/.local/lib/python3.12/site-packages/airflow/example_dags/example_latest_only_with_trigger.py
[2025-02-06T18:18:35.432+0000] {processor.py:925} INFO - DAG(s) 'latest_only_with_trigger' retrieved from /home/airflow/.local/lib/python3.12/site-packages/airflow/example_dags/example_latest_only_with_trigger.py
[2025-02-06T18:18:35.461+0000] {logging_mixin.py:190} INFO - [2025-02-06T18:18:35.460+0000] {dag.py:3239} INFO - Sync 1 DAGs
[2025-02-06T18:18:35.504+0000] {logging_mixin.py:190} INFO - [2025-02-06T18:18:35.503+0000] {dag.py:4180} INFO - Setting next_dagrun for latest_only_with_trigger to 2025-02-06 12:00:00+00:00, run_after=2025-02-06 16:00:00+00:00
[2025-02-06T18:18:35.532+0000] {processor.py:208} INFO - Processing /home/airflow/.local/lib/python3.12/site-packages/airflow/example_dags/example_latest_only_with_trigger.py took 0.125 seconds
[2025-02-06T18:19:06.141+0000] {processor.py:186} INFO - Started process (PID=439) to work on /home/airflow/.local/lib/python3.12/site-packages/airflow/example_dags/example_latest_only_with_trigger.py
[2025-02-06T18:19:06.144+0000] {processor.py:914} INFO - Processing file /home/airflow/.local/lib/python3.12/site-packages/airflow/example_dags/example_latest_only_with_trigger.py for tasks to queue
[2025-02-06T18:19:06.149+0000] {logging_mixin.py:190} INFO - [2025-02-06T18:19:06.149+0000] {dagbag.py:588} INFO - Filling up the DagBag from /home/airflow/.local/lib/python3.12/site-packages/airflow/example_dags/example_latest_only_with_trigger.py
[2025-02-06T18:19:06.170+0000] {processor.py:925} INFO - DAG(s) 'latest_only_with_trigger' retrieved from /home/airflow/.local/lib/python3.12/site-packages/airflow/example_dags/example_latest_only_with_trigger.py
[2025-02-06T18:19:06.213+0000] {logging_mixin.py:190} INFO - [2025-02-06T18:19:06.213+0000] {dag.py:3239} INFO - Sync 1 DAGs
[2025-02-06T18:19:06.255+0000] {logging_mixin.py:190} INFO - [2025-02-06T18:19:06.255+0000] {dag.py:4180} INFO - Setting next_dagrun for latest_only_with_trigger to 2025-02-06 12:00:00+00:00, run_after=2025-02-06 16:00:00+00:00
[2025-02-06T18:19:06.290+0000] {processor.py:208} INFO - Processing /home/airflow/.local/lib/python3.12/site-packages/airflow/example_dags/example_latest_only_with_trigger.py took 0.164 seconds
[2025-02-06T18:19:36.684+0000] {processor.py:186} INFO - Started process (PID=496) to work on /home/airflow/.local/lib/python3.12/site-packages/airflow/example_dags/example_latest_only_with_trigger.py
[2025-02-06T18:19:36.685+0000] {processor.py:914} INFO - Processing file /home/airflow/.local/lib/python3.12/site-packages/airflow/example_dags/example_latest_only_with_trigger.py for tasks to queue
[2025-02-06T18:19:36.689+0000] {logging_mixin.py:190} INFO - [2025-02-06T18:19:36.688+0000] {dagbag.py:588} INFO - Filling up the DagBag from /home/airflow/.local/lib/python3.12/site-packages/airflow/example_dags/example_latest_only_with_trigger.py
[2025-02-06T18:19:36.702+0000] {processor.py:925} INFO - DAG(s) 'latest_only_with_trigger' retrieved from /home/airflow/.local/lib/python3.12/site-packages/airflow/example_dags/example_latest_only_with_trigger.py
[2025-02-06T18:19:36.733+0000] {logging_mixin.py:190} INFO - [2025-02-06T18:19:36.733+0000] {dag.py:3239} INFO - Sync 1 DAGs
[2025-02-06T18:19:36.772+0000] {logging_mixin.py:190} INFO - [2025-02-06T18:19:36.772+0000] {dag.py:4180} INFO - Setting next_dagrun for latest_only_with_trigger to 2025-02-06 12:00:00+00:00, run_after=2025-02-06 16:00:00+00:00
[2025-02-06T18:19:36.804+0000] {processor.py:208} INFO - Processing /home/airflow/.local/lib/python3.12/site-packages/airflow/example_dags/example_latest_only_with_trigger.py took 0.130 seconds
[2025-02-06T18:20:07.748+0000] {processor.py:186} INFO - Started process (PID=553) to work on /home/airflow/.local/lib/python3.12/site-packages/airflow/example_dags/example_latest_only_with_trigger.py
[2025-02-06T18:20:07.750+0000] {processor.py:914} INFO - Processing file /home/airflow/.local/lib/python3.12/site-packages/airflow/example_dags/example_latest_only_with_trigger.py for tasks to queue
[2025-02-06T18:20:07.753+0000] {logging_mixin.py:190} INFO - [2025-02-06T18:20:07.753+0000] {dagbag.py:588} INFO - Filling up the DagBag from /home/airflow/.local/lib/python3.12/site-packages/airflow/example_dags/example_latest_only_with_trigger.py
[2025-02-06T18:20:07.765+0000] {processor.py:925} INFO - DAG(s) 'latest_only_with_trigger' retrieved from /home/airflow/.local/lib/python3.12/site-packages/airflow/example_dags/example_latest_only_with_trigger.py
[2025-02-06T18:20:07.793+0000] {logging_mixin.py:190} INFO - [2025-02-06T18:20:07.792+0000] {dag.py:3239} INFO - Sync 1 DAGs
[2025-02-06T18:20:07.825+0000] {logging_mixin.py:190} INFO - [2025-02-06T18:20:07.825+0000] {dag.py:4180} INFO - Setting next_dagrun for latest_only_with_trigger to 2025-02-06 12:00:00+00:00, run_after=2025-02-06 16:00:00+00:00
[2025-02-06T18:20:07.849+0000] {processor.py:208} INFO - Processing /home/airflow/.local/lib/python3.12/site-packages/airflow/example_dags/example_latest_only_with_trigger.py took 0.109 seconds
[2025-02-06T18:20:38.001+0000] {processor.py:186} INFO - Started process (PID=610) to work on /home/airflow/.local/lib/python3.12/site-packages/airflow/example_dags/example_latest_only_with_trigger.py
[2025-02-06T18:20:38.002+0000] {processor.py:914} INFO - Processing file /home/airflow/.local/lib/python3.12/site-packages/airflow/example_dags/example_latest_only_with_trigger.py for tasks to queue
[2025-02-06T18:20:38.005+0000] {logging_mixin.py:190} INFO - [2025-02-06T18:20:38.004+0000] {dagbag.py:588} INFO - Filling up the DagBag from /home/airflow/.local/lib/python3.12/site-packages/airflow/example_dags/example_latest_only_with_trigger.py
[2025-02-06T18:20:38.016+0000] {processor.py:925} INFO - DAG(s) 'latest_only_with_trigger' retrieved from /home/airflow/.local/lib/python3.12/site-packages/airflow/example_dags/example_latest_only_with_trigger.py
[2025-02-06T18:20:38.044+0000] {logging_mixin.py:190} INFO - [2025-02-06T18:20:38.043+0000] {dag.py:3239} INFO - Sync 1 DAGs
[2025-02-06T18:20:38.073+0000] {logging_mixin.py:190} INFO - [2025-02-06T18:20:38.073+0000] {dag.py:4180} INFO - Setting next_dagrun for latest_only_with_trigger to 2025-02-06 12:00:00+00:00, run_after=2025-02-06 16:00:00+00:00
[2025-02-06T18:20:38.099+0000] {processor.py:208} INFO - Processing /home/airflow/.local/lib/python3.12/site-packages/airflow/example_dags/example_latest_only_with_trigger.py took 0.107 seconds
[2025-02-06T18:21:08.959+0000] {processor.py:186} INFO - Started process (PID=667) to work on /home/airflow/.local/lib/python3.12/site-packages/airflow/example_dags/example_latest_only_with_trigger.py
[2025-02-06T18:21:08.960+0000] {processor.py:914} INFO - Processing file /home/airflow/.local/lib/python3.12/site-packages/airflow/example_dags/example_latest_only_with_trigger.py for tasks to queue
[2025-02-06T18:21:08.964+0000] {logging_mixin.py:190} INFO - [2025-02-06T18:21:08.963+0000] {dagbag.py:588} INFO - Filling up the DagBag from /home/airflow/.local/lib/python3.12/site-packages/airflow/example_dags/example_latest_only_with_trigger.py
[2025-02-06T18:21:08.974+0000] {processor.py:925} INFO - DAG(s) 'latest_only_with_trigger' retrieved from /home/airflow/.local/lib/python3.12/site-packages/airflow/example_dags/example_latest_only_with_trigger.py
[2025-02-06T18:21:09.001+0000] {logging_mixin.py:190} INFO - [2025-02-06T18:21:09.000+0000] {dag.py:3239} INFO - Sync 1 DAGs
[2025-02-06T18:21:09.033+0000] {logging_mixin.py:190} INFO - [2025-02-06T18:21:09.033+0000] {dag.py:4180} INFO - Setting next_dagrun for latest_only_with_trigger to 2025-02-06 12:00:00+00:00, run_after=2025-02-06 16:00:00+00:00
[2025-02-06T18:21:09.059+0000] {processor.py:208} INFO - Processing /home/airflow/.local/lib/python3.12/site-packages/airflow/example_dags/example_latest_only_with_trigger.py took 0.109 seconds
[2025-02-06T18:21:39.620+0000] {processor.py:186} INFO - Started process (PID=724) to work on /home/airflow/.local/lib/python3.12/site-packages/airflow/example_dags/example_latest_only_with_trigger.py
[2025-02-06T18:21:39.621+0000] {processor.py:914} INFO - Processing file /home/airflow/.local/lib/python3.12/site-packages/airflow/example_dags/example_latest_only_with_trigger.py for tasks to queue
[2025-02-06T18:21:39.625+0000] {logging_mixin.py:190} INFO - [2025-02-06T18:21:39.624+0000] {dagbag.py:588} INFO - Filling up the DagBag from /home/airflow/.local/lib/python3.12/site-packages/airflow/example_dags/example_latest_only_with_trigger.py
[2025-02-06T18:21:39.636+0000] {processor.py:925} INFO - DAG(s) 'latest_only_with_trigger' retrieved from /home/airflow/.local/lib/python3.12/site-packages/airflow/example_dags/example_latest_only_with_trigger.py
[2025-02-06T18:21:39.666+0000] {logging_mixin.py:190} INFO - [2025-02-06T18:21:39.666+0000] {dag.py:3239} INFO - Sync 1 DAGs
[2025-02-06T18:21:39.700+0000] {logging_mixin.py:190} INFO - [2025-02-06T18:21:39.700+0000] {dag.py:4180} INFO - Setting next_dagrun for latest_only_with_trigger to 2025-02-06 12:00:00+00:00, run_after=2025-02-06 16:00:00+00:00
[2025-02-06T18:21:39.729+0000] {processor.py:208} INFO - Processing /home/airflow/.local/lib/python3.12/site-packages/airflow/example_dags/example_latest_only_with_trigger.py took 0.118 seconds
[2025-02-06T18:22:10.205+0000] {processor.py:186} INFO - Started process (PID=781) to work on /home/airflow/.local/lib/python3.12/site-packages/airflow/example_dags/example_latest_only_with_trigger.py
[2025-02-06T18:22:10.208+0000] {processor.py:914} INFO - Processing file /home/airflow/.local/lib/python3.12/site-packages/airflow/example_dags/example_latest_only_with_trigger.py for tasks to queue
[2025-02-06T18:22:10.214+0000] {logging_mixin.py:190} INFO - [2025-02-06T18:22:10.214+0000] {dagbag.py:588} INFO - Filling up the DagBag from /home/airflow/.local/lib/python3.12/site-packages/airflow/example_dags/example_latest_only_with_trigger.py
[2025-02-06T18:22:10.230+0000] {processor.py:925} INFO - DAG(s) 'latest_only_with_trigger' retrieved from /home/airflow/.local/lib/python3.12/site-packages/airflow/example_dags/example_latest_only_with_trigger.py
[2025-02-06T18:22:10.268+0000] {logging_mixin.py:190} INFO - [2025-02-06T18:22:10.268+0000] {dag.py:3239} INFO - Sync 1 DAGs
[2025-02-06T18:22:10.312+0000] {logging_mixin.py:190} INFO - [2025-02-06T18:22:10.312+0000] {dag.py:4180} INFO - Setting next_dagrun for latest_only_with_trigger to 2025-02-06 12:00:00+00:00, run_after=2025-02-06 16:00:00+00:00
[2025-02-06T18:22:10.350+0000] {processor.py:208} INFO - Processing /home/airflow/.local/lib/python3.12/site-packages/airflow/example_dags/example_latest_only_with_trigger.py took 0.160 seconds
[2025-02-06T18:22:40.713+0000] {processor.py:186} INFO - Started process (PID=838) to work on /home/airflow/.local/lib/python3.12/site-packages/airflow/example_dags/example_latest_only_with_trigger.py
[2025-02-06T18:22:40.714+0000] {processor.py:914} INFO - Processing file /home/airflow/.local/lib/python3.12/site-packages/airflow/example_dags/example_latest_only_with_trigger.py for tasks to queue
[2025-02-06T18:22:40.719+0000] {logging_mixin.py:190} INFO - [2025-02-06T18:22:40.719+0000] {dagbag.py:588} INFO - Filling up the DagBag from /home/airflow/.local/lib/python3.12/site-packages/airflow/example_dags/example_latest_only_with_trigger.py
[2025-02-06T18:22:40.744+0000] {processor.py:925} INFO - DAG(s) 'latest_only_with_trigger' retrieved from /home/airflow/.local/lib/python3.12/site-packages/airflow/example_dags/example_latest_only_with_trigger.py
[2025-02-06T18:22:40.787+0000] {logging_mixin.py:190} INFO - [2025-02-06T18:22:40.786+0000] {dag.py:3239} INFO - Sync 1 DAGs
[2025-02-06T18:22:40.827+0000] {logging_mixin.py:190} INFO - [2025-02-06T18:22:40.827+0000] {dag.py:4180} INFO - Setting next_dagrun for latest_only_with_trigger to 2025-02-06 12:00:00+00:00, run_after=2025-02-06 16:00:00+00:00
[2025-02-06T18:22:40.870+0000] {processor.py:208} INFO - Processing /home/airflow/.local/lib/python3.12/site-packages/airflow/example_dags/example_latest_only_with_trigger.py took 0.173 seconds
[2025-02-06T18:23:11.125+0000] {processor.py:186} INFO - Started process (PID=895) to work on /home/airflow/.local/lib/python3.12/site-packages/airflow/example_dags/example_latest_only_with_trigger.py
[2025-02-06T18:23:11.126+0000] {processor.py:914} INFO - Processing file /home/airflow/.local/lib/python3.12/site-packages/airflow/example_dags/example_latest_only_with_trigger.py for tasks to queue
[2025-02-06T18:23:11.130+0000] {logging_mixin.py:190} INFO - [2025-02-06T18:23:11.129+0000] {dagbag.py:588} INFO - Filling up the DagBag from /home/airflow/.local/lib/python3.12/site-packages/airflow/example_dags/example_latest_only_with_trigger.py
[2025-02-06T18:23:11.141+0000] {processor.py:925} INFO - DAG(s) 'latest_only_with_trigger' retrieved from /home/airflow/.local/lib/python3.12/site-packages/airflow/example_dags/example_latest_only_with_trigger.py
[2025-02-06T18:23:11.172+0000] {logging_mixin.py:190} INFO - [2025-02-06T18:23:11.172+0000] {dag.py:3239} INFO - Sync 1 DAGs
[2025-02-06T18:23:11.205+0000] {logging_mixin.py:190} INFO - [2025-02-06T18:23:11.205+0000] {dag.py:4180} INFO - Setting next_dagrun for latest_only_with_trigger to 2025-02-06 12:00:00+00:00, run_after=2025-02-06 16:00:00+00:00
[2025-02-06T18:23:11.228+0000] {processor.py:208} INFO - Processing /home/airflow/.local/lib/python3.12/site-packages/airflow/example_dags/example_latest_only_with_trigger.py took 0.112 seconds
[2025-02-06T18:23:42.764+0000] {processor.py:186} INFO - Started process (PID=952) to work on /home/airflow/.local/lib/python3.12/site-packages/airflow/example_dags/example_latest_only_with_trigger.py
[2025-02-06T18:23:42.768+0000] {processor.py:914} INFO - Processing file /home/airflow/.local/lib/python3.12/site-packages/airflow/example_dags/example_latest_only_with_trigger.py for tasks to queue
[2025-02-06T18:23:42.775+0000] {logging_mixin.py:190} INFO - [2025-02-06T18:23:42.775+0000] {dagbag.py:588} INFO - Filling up the DagBag from /home/airflow/.local/lib/python3.12/site-packages/airflow/example_dags/example_latest_only_with_trigger.py
[2025-02-06T18:23:42.794+0000] {processor.py:925} INFO - DAG(s) 'latest_only_with_trigger' retrieved from /home/airflow/.local/lib/python3.12/site-packages/airflow/example_dags/example_latest_only_with_trigger.py
[2025-02-06T18:23:42.849+0000] {logging_mixin.py:190} INFO - [2025-02-06T18:23:42.848+0000] {dag.py:3239} INFO - Sync 1 DAGs
[2025-02-06T18:23:42.934+0000] {logging_mixin.py:190} INFO - [2025-02-06T18:23:42.933+0000] {dag.py:4180} INFO - Setting next_dagrun for latest_only_with_trigger to 2025-02-06 12:00:00+00:00, run_after=2025-02-06 16:00:00+00:00
[2025-02-06T18:23:43.009+0000] {processor.py:208} INFO - Processing /home/airflow/.local/lib/python3.12/site-packages/airflow/example_dags/example_latest_only_with_trigger.py took 0.267 seconds
[2025-02-06T18:24:13.423+0000] {processor.py:186} INFO - Started process (PID=1009) to work on /home/airflow/.local/lib/python3.12/site-packages/airflow/example_dags/example_latest_only_with_trigger.py
[2025-02-06T18:24:13.426+0000] {processor.py:914} INFO - Processing file /home/airflow/.local/lib/python3.12/site-packages/airflow/example_dags/example_latest_only_with_trigger.py for tasks to queue
[2025-02-06T18:24:13.432+0000] {logging_mixin.py:190} INFO - [2025-02-06T18:24:13.432+0000] {dagbag.py:588} INFO - Filling up the DagBag from /home/airflow/.local/lib/python3.12/site-packages/airflow/example_dags/example_latest_only_with_trigger.py
[2025-02-06T18:24:13.450+0000] {processor.py:925} INFO - DAG(s) 'latest_only_with_trigger' retrieved from /home/airflow/.local/lib/python3.12/site-packages/airflow/example_dags/example_latest_only_with_trigger.py
[2025-02-06T18:24:13.483+0000] {logging_mixin.py:190} INFO - [2025-02-06T18:24:13.483+0000] {dag.py:3239} INFO - Sync 1 DAGs
[2025-02-06T18:24:13.538+0000] {logging_mixin.py:190} INFO - [2025-02-06T18:24:13.538+0000] {dag.py:4180} INFO - Setting next_dagrun for latest_only_with_trigger to 2025-02-06 12:00:00+00:00, run_after=2025-02-06 16:00:00+00:00
[2025-02-06T18:24:13.585+0000] {processor.py:208} INFO - Processing /home/airflow/.local/lib/python3.12/site-packages/airflow/example_dags/example_latest_only_with_trigger.py took 0.173 seconds
[2025-02-06T18:24:44.226+0000] {processor.py:186} INFO - Started process (PID=1066) to work on /home/airflow/.local/lib/python3.12/site-packages/airflow/example_dags/example_latest_only_with_trigger.py
[2025-02-06T18:24:44.227+0000] {processor.py:914} INFO - Processing file /home/airflow/.local/lib/python3.12/site-packages/airflow/example_dags/example_latest_only_with_trigger.py for tasks to queue
[2025-02-06T18:24:44.232+0000] {logging_mixin.py:190} INFO - [2025-02-06T18:24:44.231+0000] {dagbag.py:588} INFO - Filling up the DagBag from /home/airflow/.local/lib/python3.12/site-packages/airflow/example_dags/example_latest_only_with_trigger.py
[2025-02-06T18:24:44.248+0000] {processor.py:925} INFO - DAG(s) 'latest_only_with_trigger' retrieved from /home/airflow/.local/lib/python3.12/site-packages/airflow/example_dags/example_latest_only_with_trigger.py
[2025-02-06T18:24:44.287+0000] {logging_mixin.py:190} INFO - [2025-02-06T18:24:44.286+0000] {dag.py:3239} INFO - Sync 1 DAGs
[2025-02-06T18:24:44.334+0000] {logging_mixin.py:190} INFO - [2025-02-06T18:24:44.333+0000] {dag.py:4180} INFO - Setting next_dagrun for latest_only_with_trigger to 2025-02-06 12:00:00+00:00, run_after=2025-02-06 16:00:00+00:00
[2025-02-06T18:24:44.365+0000] {processor.py:208} INFO - Processing /home/airflow/.local/lib/python3.12/site-packages/airflow/example_dags/example_latest_only_with_trigger.py took 0.151 seconds
[2025-02-06T18:25:14.743+0000] {processor.py:186} INFO - Started process (PID=1123) to work on /home/airflow/.local/lib/python3.12/site-packages/airflow/example_dags/example_latest_only_with_trigger.py
[2025-02-06T18:25:14.746+0000] {processor.py:914} INFO - Processing file /home/airflow/.local/lib/python3.12/site-packages/airflow/example_dags/example_latest_only_with_trigger.py for tasks to queue
[2025-02-06T18:25:14.751+0000] {logging_mixin.py:190} INFO - [2025-02-06T18:25:14.750+0000] {dagbag.py:588} INFO - Filling up the DagBag from /home/airflow/.local/lib/python3.12/site-packages/airflow/example_dags/example_latest_only_with_trigger.py
[2025-02-06T18:25:14.763+0000] {processor.py:925} INFO - DAG(s) 'latest_only_with_trigger' retrieved from /home/airflow/.local/lib/python3.12/site-packages/airflow/example_dags/example_latest_only_with_trigger.py
[2025-02-06T18:25:14.792+0000] {logging_mixin.py:190} INFO - [2025-02-06T18:25:14.792+0000] {dag.py:3239} INFO - Sync 1 DAGs
[2025-02-06T18:25:14.826+0000] {logging_mixin.py:190} INFO - [2025-02-06T18:25:14.826+0000] {dag.py:4180} INFO - Setting next_dagrun for latest_only_with_trigger to 2025-02-06 12:00:00+00:00, run_after=2025-02-06 16:00:00+00:00
[2025-02-06T18:25:14.856+0000] {processor.py:208} INFO - Processing /home/airflow/.local/lib/python3.12/site-packages/airflow/example_dags/example_latest_only_with_trigger.py took 0.124 seconds
[2025-02-06T18:25:44.905+0000] {processor.py:186} INFO - Started process (PID=1180) to work on /home/airflow/.local/lib/python3.12/site-packages/airflow/example_dags/example_latest_only_with_trigger.py
[2025-02-06T18:25:44.906+0000] {processor.py:914} INFO - Processing file /home/airflow/.local/lib/python3.12/site-packages/airflow/example_dags/example_latest_only_with_trigger.py for tasks to queue
[2025-02-06T18:25:44.910+0000] {logging_mixin.py:190} INFO - [2025-02-06T18:25:44.909+0000] {dagbag.py:588} INFO - Filling up the DagBag from /home/airflow/.local/lib/python3.12/site-packages/airflow/example_dags/example_latest_only_with_trigger.py
[2025-02-06T18:25:44.922+0000] {processor.py:925} INFO - DAG(s) 'latest_only_with_trigger' retrieved from /home/airflow/.local/lib/python3.12/site-packages/airflow/example_dags/example_latest_only_with_trigger.py
[2025-02-06T18:25:44.952+0000] {logging_mixin.py:190} INFO - [2025-02-06T18:25:44.952+0000] {dag.py:3239} INFO - Sync 1 DAGs
[2025-02-06T18:25:44.991+0000] {logging_mixin.py:190} INFO - [2025-02-06T18:25:44.991+0000] {dag.py:4180} INFO - Setting next_dagrun for latest_only_with_trigger to 2025-02-06 12:00:00+00:00, run_after=2025-02-06 16:00:00+00:00
[2025-02-06T18:25:45.017+0000] {processor.py:208} INFO - Processing /home/airflow/.local/lib/python3.12/site-packages/airflow/example_dags/example_latest_only_with_trigger.py took 0.122 seconds
[2025-02-06T18:26:16.029+0000] {processor.py:186} INFO - Started process (PID=1237) to work on /home/airflow/.local/lib/python3.12/site-packages/airflow/example_dags/example_latest_only_with_trigger.py
[2025-02-06T18:26:16.031+0000] {processor.py:914} INFO - Processing file /home/airflow/.local/lib/python3.12/site-packages/airflow/example_dags/example_latest_only_with_trigger.py for tasks to queue
[2025-02-06T18:26:16.035+0000] {logging_mixin.py:190} INFO - [2025-02-06T18:26:16.035+0000] {dagbag.py:588} INFO - Filling up the DagBag from /home/airflow/.local/lib/python3.12/site-packages/airflow/example_dags/example_latest_only_with_trigger.py
[2025-02-06T18:26:16.049+0000] {processor.py:925} INFO - DAG(s) 'latest_only_with_trigger' retrieved from /home/airflow/.local/lib/python3.12/site-packages/airflow/example_dags/example_latest_only_with_trigger.py
[2025-02-06T18:26:16.084+0000] {logging_mixin.py:190} INFO - [2025-02-06T18:26:16.083+0000] {dag.py:3239} INFO - Sync 1 DAGs
[2025-02-06T18:26:16.122+0000] {logging_mixin.py:190} INFO - [2025-02-06T18:26:16.121+0000] {dag.py:4180} INFO - Setting next_dagrun for latest_only_with_trigger to 2025-02-06 12:00:00+00:00, run_after=2025-02-06 16:00:00+00:00
[2025-02-06T18:26:16.170+0000] {processor.py:208} INFO - Processing /home/airflow/.local/lib/python3.12/site-packages/airflow/example_dags/example_latest_only_with_trigger.py took 0.150 seconds
[2025-02-06T18:26:46.782+0000] {processor.py:186} INFO - Started process (PID=1294) to work on /home/airflow/.local/lib/python3.12/site-packages/airflow/example_dags/example_latest_only_with_trigger.py
[2025-02-06T18:26:46.783+0000] {processor.py:914} INFO - Processing file /home/airflow/.local/lib/python3.12/site-packages/airflow/example_dags/example_latest_only_with_trigger.py for tasks to queue
[2025-02-06T18:26:46.788+0000] {logging_mixin.py:190} INFO - [2025-02-06T18:26:46.787+0000] {dagbag.py:588} INFO - Filling up the DagBag from /home/airflow/.local/lib/python3.12/site-packages/airflow/example_dags/example_latest_only_with_trigger.py
[2025-02-06T18:26:46.804+0000] {processor.py:925} INFO - DAG(s) 'latest_only_with_trigger' retrieved from /home/airflow/.local/lib/python3.12/site-packages/airflow/example_dags/example_latest_only_with_trigger.py
[2025-02-06T18:26:46.843+0000] {logging_mixin.py:190} INFO - [2025-02-06T18:26:46.843+0000] {dag.py:3239} INFO - Sync 1 DAGs
[2025-02-06T18:26:46.883+0000] {logging_mixin.py:190} INFO - [2025-02-06T18:26:46.883+0000] {dag.py:4180} INFO - Setting next_dagrun for latest_only_with_trigger to 2025-02-06 12:00:00+00:00, run_after=2025-02-06 16:00:00+00:00
[2025-02-06T18:26:46.919+0000] {processor.py:208} INFO - Processing /home/airflow/.local/lib/python3.12/site-packages/airflow/example_dags/example_latest_only_with_trigger.py took 0.148 seconds
[2025-02-06T18:27:17.425+0000] {processor.py:186} INFO - Started process (PID=1350) to work on /home/airflow/.local/lib/python3.12/site-packages/airflow/example_dags/example_latest_only_with_trigger.py
[2025-02-06T18:27:17.429+0000] {processor.py:914} INFO - Processing file /home/airflow/.local/lib/python3.12/site-packages/airflow/example_dags/example_latest_only_with_trigger.py for tasks to queue
[2025-02-06T18:27:17.433+0000] {logging_mixin.py:190} INFO - [2025-02-06T18:27:17.432+0000] {dagbag.py:588} INFO - Filling up the DagBag from /home/airflow/.local/lib/python3.12/site-packages/airflow/example_dags/example_latest_only_with_trigger.py
[2025-02-06T18:27:17.449+0000] {processor.py:925} INFO - DAG(s) 'latest_only_with_trigger' retrieved from /home/airflow/.local/lib/python3.12/site-packages/airflow/example_dags/example_latest_only_with_trigger.py
[2025-02-06T18:27:17.495+0000] {logging_mixin.py:190} INFO - [2025-02-06T18:27:17.494+0000] {dag.py:3239} INFO - Sync 1 DAGs
[2025-02-06T18:27:17.566+0000] {logging_mixin.py:190} INFO - [2025-02-06T18:27:17.565+0000] {dag.py:4180} INFO - Setting next_dagrun for latest_only_with_trigger to 2025-02-06 12:00:00+00:00, run_after=2025-02-06 16:00:00+00:00
[2025-02-06T18:27:17.610+0000] {processor.py:208} INFO - Processing /home/airflow/.local/lib/python3.12/site-packages/airflow/example_dags/example_latest_only_with_trigger.py took 0.197 seconds
[2025-02-06T18:27:47.962+0000] {processor.py:186} INFO - Started process (PID=1406) to work on /home/airflow/.local/lib/python3.12/site-packages/airflow/example_dags/example_latest_only_with_trigger.py
[2025-02-06T18:27:47.963+0000] {processor.py:914} INFO - Processing file /home/airflow/.local/lib/python3.12/site-packages/airflow/example_dags/example_latest_only_with_trigger.py for tasks to queue
[2025-02-06T18:27:47.967+0000] {logging_mixin.py:190} INFO - [2025-02-06T18:27:47.966+0000] {dagbag.py:588} INFO - Filling up the DagBag from /home/airflow/.local/lib/python3.12/site-packages/airflow/example_dags/example_latest_only_with_trigger.py
[2025-02-06T18:27:47.977+0000] {processor.py:925} INFO - DAG(s) 'latest_only_with_trigger' retrieved from /home/airflow/.local/lib/python3.12/site-packages/airflow/example_dags/example_latest_only_with_trigger.py
[2025-02-06T18:27:48.010+0000] {logging_mixin.py:190} INFO - [2025-02-06T18:27:48.010+0000] {dag.py:3239} INFO - Sync 1 DAGs
[2025-02-06T18:27:48.048+0000] {logging_mixin.py:190} INFO - [2025-02-06T18:27:48.047+0000] {dag.py:4180} INFO - Setting next_dagrun for latest_only_with_trigger to 2025-02-06 12:00:00+00:00, run_after=2025-02-06 16:00:00+00:00
[2025-02-06T18:27:48.073+0000] {processor.py:208} INFO - Processing /home/airflow/.local/lib/python3.12/site-packages/airflow/example_dags/example_latest_only_with_trigger.py took 0.120 seconds
[2025-02-06T18:28:20.348+0000] {processor.py:186} INFO - Started process (PID=1463) to work on /home/airflow/.local/lib/python3.12/site-packages/airflow/example_dags/example_latest_only_with_trigger.py
[2025-02-06T18:28:20.349+0000] {processor.py:914} INFO - Processing file /home/airflow/.local/lib/python3.12/site-packages/airflow/example_dags/example_latest_only_with_trigger.py for tasks to queue
[2025-02-06T18:28:20.354+0000] {logging_mixin.py:190} INFO - [2025-02-06T18:28:20.353+0000] {dagbag.py:588} INFO - Filling up the DagBag from /home/airflow/.local/lib/python3.12/site-packages/airflow/example_dags/example_latest_only_with_trigger.py
[2025-02-06T18:28:20.367+0000] {processor.py:925} INFO - DAG(s) 'latest_only_with_trigger' retrieved from /home/airflow/.local/lib/python3.12/site-packages/airflow/example_dags/example_latest_only_with_trigger.py
[2025-02-06T18:28:20.397+0000] {logging_mixin.py:190} INFO - [2025-02-06T18:28:20.397+0000] {dag.py:3239} INFO - Sync 1 DAGs
[2025-02-06T18:28:20.441+0000] {logging_mixin.py:190} INFO - [2025-02-06T18:28:20.441+0000] {dag.py:4180} INFO - Setting next_dagrun for latest_only_with_trigger to 2025-02-06 12:00:00+00:00, run_after=2025-02-06 16:00:00+00:00
[2025-02-06T18:28:20.469+0000] {processor.py:208} INFO - Processing /home/airflow/.local/lib/python3.12/site-packages/airflow/example_dags/example_latest_only_with_trigger.py took 0.131 seconds
[2025-02-06T18:28:51.265+0000] {processor.py:186} INFO - Started process (PID=1518) to work on /home/airflow/.local/lib/python3.12/site-packages/airflow/example_dags/example_latest_only_with_trigger.py
[2025-02-06T18:28:51.267+0000] {processor.py:914} INFO - Processing file /home/airflow/.local/lib/python3.12/site-packages/airflow/example_dags/example_latest_only_with_trigger.py for tasks to queue
[2025-02-06T18:28:51.273+0000] {logging_mixin.py:190} INFO - [2025-02-06T18:28:51.272+0000] {dagbag.py:588} INFO - Filling up the DagBag from /home/airflow/.local/lib/python3.12/site-packages/airflow/example_dags/example_latest_only_with_trigger.py
[2025-02-06T18:28:51.296+0000] {processor.py:925} INFO - DAG(s) 'latest_only_with_trigger' retrieved from /home/airflow/.local/lib/python3.12/site-packages/airflow/example_dags/example_latest_only_with_trigger.py
[2025-02-06T18:28:51.351+0000] {logging_mixin.py:190} INFO - [2025-02-06T18:28:51.350+0000] {dag.py:3239} INFO - Sync 1 DAGs
[2025-02-06T18:28:51.415+0000] {logging_mixin.py:190} INFO - [2025-02-06T18:28:51.414+0000] {dag.py:4180} INFO - Setting next_dagrun for latest_only_with_trigger to 2025-02-06 12:00:00+00:00, run_after=2025-02-06 16:00:00+00:00
[2025-02-06T18:28:51.460+0000] {processor.py:208} INFO - Processing /home/airflow/.local/lib/python3.12/site-packages/airflow/example_dags/example_latest_only_with_trigger.py took 0.213 seconds
[2025-02-06T18:29:22.221+0000] {processor.py:186} INFO - Started process (PID=1575) to work on /home/airflow/.local/lib/python3.12/site-packages/airflow/example_dags/example_latest_only_with_trigger.py
[2025-02-06T18:29:22.223+0000] {processor.py:914} INFO - Processing file /home/airflow/.local/lib/python3.12/site-packages/airflow/example_dags/example_latest_only_with_trigger.py for tasks to queue
[2025-02-06T18:29:22.226+0000] {logging_mixin.py:190} INFO - [2025-02-06T18:29:22.226+0000] {dagbag.py:588} INFO - Filling up the DagBag from /home/airflow/.local/lib/python3.12/site-packages/airflow/example_dags/example_latest_only_with_trigger.py
[2025-02-06T18:29:22.241+0000] {processor.py:925} INFO - DAG(s) 'latest_only_with_trigger' retrieved from /home/airflow/.local/lib/python3.12/site-packages/airflow/example_dags/example_latest_only_with_trigger.py
[2025-02-06T18:29:22.279+0000] {logging_mixin.py:190} INFO - [2025-02-06T18:29:22.279+0000] {dag.py:3239} INFO - Sync 1 DAGs
[2025-02-06T18:29:22.315+0000] {logging_mixin.py:190} INFO - [2025-02-06T18:29:22.315+0000] {dag.py:4180} INFO - Setting next_dagrun for latest_only_with_trigger to 2025-02-06 12:00:00+00:00, run_after=2025-02-06 16:00:00+00:00
[2025-02-06T18:29:22.338+0000] {processor.py:208} INFO - Processing /home/airflow/.local/lib/python3.12/site-packages/airflow/example_dags/example_latest_only_with_trigger.py took 0.128 seconds
[2025-02-06T18:29:52.515+0000] {processor.py:186} INFO - Started process (PID=1632) to work on /home/airflow/.local/lib/python3.12/site-packages/airflow/example_dags/example_latest_only_with_trigger.py
[2025-02-06T18:29:52.516+0000] {processor.py:914} INFO - Processing file /home/airflow/.local/lib/python3.12/site-packages/airflow/example_dags/example_latest_only_with_trigger.py for tasks to queue
[2025-02-06T18:29:52.520+0000] {logging_mixin.py:190} INFO - [2025-02-06T18:29:52.519+0000] {dagbag.py:588} INFO - Filling up the DagBag from /home/airflow/.local/lib/python3.12/site-packages/airflow/example_dags/example_latest_only_with_trigger.py
[2025-02-06T18:29:52.530+0000] {processor.py:925} INFO - DAG(s) 'latest_only_with_trigger' retrieved from /home/airflow/.local/lib/python3.12/site-packages/airflow/example_dags/example_latest_only_with_trigger.py
[2025-02-06T18:29:52.558+0000] {logging_mixin.py:190} INFO - [2025-02-06T18:29:52.557+0000] {dag.py:3239} INFO - Sync 1 DAGs
[2025-02-06T18:29:52.591+0000] {logging_mixin.py:190} INFO - [2025-02-06T18:29:52.590+0000] {dag.py:4180} INFO - Setting next_dagrun for latest_only_with_trigger to 2025-02-06 12:00:00+00:00, run_after=2025-02-06 16:00:00+00:00
[2025-02-06T18:29:52.617+0000] {processor.py:208} INFO - Processing /home/airflow/.local/lib/python3.12/site-packages/airflow/example_dags/example_latest_only_with_trigger.py took 0.111 seconds
[2025-02-06T18:30:23.188+0000] {processor.py:186} INFO - Started process (PID=1689) to work on /home/airflow/.local/lib/python3.12/site-packages/airflow/example_dags/example_latest_only_with_trigger.py
[2025-02-06T18:30:23.190+0000] {processor.py:914} INFO - Processing file /home/airflow/.local/lib/python3.12/site-packages/airflow/example_dags/example_latest_only_with_trigger.py for tasks to queue
[2025-02-06T18:30:23.194+0000] {logging_mixin.py:190} INFO - [2025-02-06T18:30:23.193+0000] {dagbag.py:588} INFO - Filling up the DagBag from /home/airflow/.local/lib/python3.12/site-packages/airflow/example_dags/example_latest_only_with_trigger.py
[2025-02-06T18:30:23.207+0000] {processor.py:925} INFO - DAG(s) 'latest_only_with_trigger' retrieved from /home/airflow/.local/lib/python3.12/site-packages/airflow/example_dags/example_latest_only_with_trigger.py
[2025-02-06T18:30:23.245+0000] {logging_mixin.py:190} INFO - [2025-02-06T18:30:23.244+0000] {dag.py:3239} INFO - Sync 1 DAGs
[2025-02-06T18:30:23.321+0000] {logging_mixin.py:190} INFO - [2025-02-06T18:30:23.320+0000] {dag.py:4180} INFO - Setting next_dagrun for latest_only_with_trigger to 2025-02-06 12:00:00+00:00, run_after=2025-02-06 16:00:00+00:00
[2025-02-06T18:30:23.375+0000] {processor.py:208} INFO - Processing /home/airflow/.local/lib/python3.12/site-packages/airflow/example_dags/example_latest_only_with_trigger.py took 0.197 seconds
[2025-02-06T18:30:53.980+0000] {processor.py:186} INFO - Started process (PID=1745) to work on /home/airflow/.local/lib/python3.12/site-packages/airflow/example_dags/example_latest_only_with_trigger.py
[2025-02-06T18:30:53.982+0000] {processor.py:914} INFO - Processing file /home/airflow/.local/lib/python3.12/site-packages/airflow/example_dags/example_latest_only_with_trigger.py for tasks to queue
[2025-02-06T18:30:53.986+0000] {logging_mixin.py:190} INFO - [2025-02-06T18:30:53.985+0000] {dagbag.py:588} INFO - Filling up the DagBag from /home/airflow/.local/lib/python3.12/site-packages/airflow/example_dags/example_latest_only_with_trigger.py
[2025-02-06T18:30:53.997+0000] {processor.py:925} INFO - DAG(s) 'latest_only_with_trigger' retrieved from /home/airflow/.local/lib/python3.12/site-packages/airflow/example_dags/example_latest_only_with_trigger.py
[2025-02-06T18:30:54.026+0000] {logging_mixin.py:190} INFO - [2025-02-06T18:30:54.025+0000] {dag.py:3239} INFO - Sync 1 DAGs
[2025-02-06T18:30:54.056+0000] {logging_mixin.py:190} INFO - [2025-02-06T18:30:54.056+0000] {dag.py:4180} INFO - Setting next_dagrun for latest_only_with_trigger to 2025-02-06 12:00:00+00:00, run_after=2025-02-06 16:00:00+00:00
[2025-02-06T18:30:54.083+0000] {processor.py:208} INFO - Processing /home/airflow/.local/lib/python3.12/site-packages/airflow/example_dags/example_latest_only_with_trigger.py took 0.111 seconds
[2025-02-06T18:31:24.467+0000] {processor.py:186} INFO - Started process (PID=1802) to work on /home/airflow/.local/lib/python3.12/site-packages/airflow/example_dags/example_latest_only_with_trigger.py
[2025-02-06T18:31:24.469+0000] {processor.py:914} INFO - Processing file /home/airflow/.local/lib/python3.12/site-packages/airflow/example_dags/example_latest_only_with_trigger.py for tasks to queue
[2025-02-06T18:31:24.475+0000] {logging_mixin.py:190} INFO - [2025-02-06T18:31:24.474+0000] {dagbag.py:588} INFO - Filling up the DagBag from /home/airflow/.local/lib/python3.12/site-packages/airflow/example_dags/example_latest_only_with_trigger.py
[2025-02-06T18:31:24.489+0000] {processor.py:925} INFO - DAG(s) 'latest_only_with_trigger' retrieved from /home/airflow/.local/lib/python3.12/site-packages/airflow/example_dags/example_latest_only_with_trigger.py
[2025-02-06T18:31:24.522+0000] {logging_mixin.py:190} INFO - [2025-02-06T18:31:24.522+0000] {dag.py:3239} INFO - Sync 1 DAGs
[2025-02-06T18:31:24.565+0000] {logging_mixin.py:190} INFO - [2025-02-06T18:31:24.565+0000] {dag.py:4180} INFO - Setting next_dagrun for latest_only_with_trigger to 2025-02-06 12:00:00+00:00, run_after=2025-02-06 16:00:00+00:00
[2025-02-06T18:31:24.592+0000] {processor.py:208} INFO - Processing /home/airflow/.local/lib/python3.12/site-packages/airflow/example_dags/example_latest_only_with_trigger.py took 0.138 seconds
[2025-02-06T18:31:54.705+0000] {processor.py:186} INFO - Started process (PID=1859) to work on /home/airflow/.local/lib/python3.12/site-packages/airflow/example_dags/example_latest_only_with_trigger.py
[2025-02-06T18:31:54.707+0000] {processor.py:914} INFO - Processing file /home/airflow/.local/lib/python3.12/site-packages/airflow/example_dags/example_latest_only_with_trigger.py for tasks to queue
[2025-02-06T18:31:54.714+0000] {logging_mixin.py:190} INFO - [2025-02-06T18:31:54.713+0000] {dagbag.py:588} INFO - Filling up the DagBag from /home/airflow/.local/lib/python3.12/site-packages/airflow/example_dags/example_latest_only_with_trigger.py
[2025-02-06T18:31:54.735+0000] {processor.py:925} INFO - DAG(s) 'latest_only_with_trigger' retrieved from /home/airflow/.local/lib/python3.12/site-packages/airflow/example_dags/example_latest_only_with_trigger.py
[2025-02-06T18:31:54.778+0000] {logging_mixin.py:190} INFO - [2025-02-06T18:31:54.777+0000] {dag.py:3239} INFO - Sync 1 DAGs
[2025-02-06T18:31:54.835+0000] {logging_mixin.py:190} INFO - [2025-02-06T18:31:54.835+0000] {dag.py:4180} INFO - Setting next_dagrun for latest_only_with_trigger to 2025-02-06 12:00:00+00:00, run_after=2025-02-06 16:00:00+00:00
[2025-02-06T18:31:54.880+0000] {processor.py:208} INFO - Processing /home/airflow/.local/lib/python3.12/site-packages/airflow/example_dags/example_latest_only_with_trigger.py took 0.189 seconds
[2025-02-06T18:32:25.264+0000] {processor.py:186} INFO - Started process (PID=1916) to work on /home/airflow/.local/lib/python3.12/site-packages/airflow/example_dags/example_latest_only_with_trigger.py
[2025-02-06T18:32:25.266+0000] {processor.py:914} INFO - Processing file /home/airflow/.local/lib/python3.12/site-packages/airflow/example_dags/example_latest_only_with_trigger.py for tasks to queue
[2025-02-06T18:32:25.270+0000] {logging_mixin.py:190} INFO - [2025-02-06T18:32:25.269+0000] {dagbag.py:588} INFO - Filling up the DagBag from /home/airflow/.local/lib/python3.12/site-packages/airflow/example_dags/example_latest_only_with_trigger.py
[2025-02-06T18:32:25.281+0000] {processor.py:925} INFO - DAG(s) 'latest_only_with_trigger' retrieved from /home/airflow/.local/lib/python3.12/site-packages/airflow/example_dags/example_latest_only_with_trigger.py
[2025-02-06T18:32:25.319+0000] {logging_mixin.py:190} INFO - [2025-02-06T18:32:25.319+0000] {dag.py:3239} INFO - Sync 1 DAGs
[2025-02-06T18:32:25.364+0000] {logging_mixin.py:190} INFO - [2025-02-06T18:32:25.364+0000] {dag.py:4180} INFO - Setting next_dagrun for latest_only_with_trigger to 2025-02-06 12:00:00+00:00, run_after=2025-02-06 16:00:00+00:00
[2025-02-06T18:32:25.395+0000] {processor.py:208} INFO - Processing /home/airflow/.local/lib/python3.12/site-packages/airflow/example_dags/example_latest_only_with_trigger.py took 0.141 seconds
[2025-02-06T18:32:56.357+0000] {processor.py:186} INFO - Started process (PID=1973) to work on /home/airflow/.local/lib/python3.12/site-packages/airflow/example_dags/example_latest_only_with_trigger.py
[2025-02-06T18:32:56.366+0000] {processor.py:914} INFO - Processing file /home/airflow/.local/lib/python3.12/site-packages/airflow/example_dags/example_latest_only_with_trigger.py for tasks to queue
[2025-02-06T18:32:56.486+0000] {logging_mixin.py:190} INFO - [2025-02-06T18:32:56.485+0000] {dagbag.py:588} INFO - Filling up the DagBag from /home/airflow/.local/lib/python3.12/site-packages/airflow/example_dags/example_latest_only_with_trigger.py
[2025-02-06T18:32:56.525+0000] {processor.py:925} INFO - DAG(s) 'latest_only_with_trigger' retrieved from /home/airflow/.local/lib/python3.12/site-packages/airflow/example_dags/example_latest_only_with_trigger.py
[2025-02-06T18:32:56.656+0000] {logging_mixin.py:190} INFO - [2025-02-06T18:32:56.646+0000] {dag.py:3239} INFO - Sync 1 DAGs
[2025-02-06T18:32:56.803+0000] {logging_mixin.py:190} INFO - [2025-02-06T18:32:56.794+0000] {dag.py:4180} INFO - Setting next_dagrun for latest_only_with_trigger to 2025-02-06 12:00:00+00:00, run_after=2025-02-06 16:00:00+00:00
[2025-02-06T18:32:56.883+0000] {processor.py:208} INFO - Processing /home/airflow/.local/lib/python3.12/site-packages/airflow/example_dags/example_latest_only_with_trigger.py took 0.552 seconds
[2025-02-06T18:33:27.706+0000] {processor.py:186} INFO - Started process (PID=2030) to work on /home/airflow/.local/lib/python3.12/site-packages/airflow/example_dags/example_latest_only_with_trigger.py
[2025-02-06T18:33:27.708+0000] {processor.py:914} INFO - Processing file /home/airflow/.local/lib/python3.12/site-packages/airflow/example_dags/example_latest_only_with_trigger.py for tasks to queue
[2025-02-06T18:33:27.713+0000] {logging_mixin.py:190} INFO - [2025-02-06T18:33:27.712+0000] {dagbag.py:588} INFO - Filling up the DagBag from /home/airflow/.local/lib/python3.12/site-packages/airflow/example_dags/example_latest_only_with_trigger.py
[2025-02-06T18:33:27.732+0000] {processor.py:925} INFO - DAG(s) 'latest_only_with_trigger' retrieved from /home/airflow/.local/lib/python3.12/site-packages/airflow/example_dags/example_latest_only_with_trigger.py
[2025-02-06T18:33:27.801+0000] {logging_mixin.py:190} INFO - [2025-02-06T18:33:27.800+0000] {dag.py:3239} INFO - Sync 1 DAGs
[2025-02-06T18:33:27.976+0000] {logging_mixin.py:190} INFO - [2025-02-06T18:33:27.976+0000] {dag.py:4180} INFO - Setting next_dagrun for latest_only_with_trigger to 2025-02-06 12:00:00+00:00, run_after=2025-02-06 16:00:00+00:00
[2025-02-06T18:33:28.043+0000] {processor.py:208} INFO - Processing /home/airflow/.local/lib/python3.12/site-packages/airflow/example_dags/example_latest_only_with_trigger.py took 0.355 seconds
[2025-02-06T18:33:58.164+0000] {processor.py:186} INFO - Started process (PID=2087) to work on /home/airflow/.local/lib/python3.12/site-packages/airflow/example_dags/example_latest_only_with_trigger.py
[2025-02-06T18:33:58.177+0000] {processor.py:914} INFO - Processing file /home/airflow/.local/lib/python3.12/site-packages/airflow/example_dags/example_latest_only_with_trigger.py for tasks to queue
[2025-02-06T18:33:58.186+0000] {logging_mixin.py:190} INFO - [2025-02-06T18:33:58.185+0000] {dagbag.py:588} INFO - Filling up the DagBag from /home/airflow/.local/lib/python3.12/site-packages/airflow/example_dags/example_latest_only_with_trigger.py
[2025-02-06T18:33:58.212+0000] {processor.py:925} INFO - DAG(s) 'latest_only_with_trigger' retrieved from /home/airflow/.local/lib/python3.12/site-packages/airflow/example_dags/example_latest_only_with_trigger.py
[2025-02-06T18:33:58.259+0000] {logging_mixin.py:190} INFO - [2025-02-06T18:33:58.258+0000] {dag.py:3239} INFO - Sync 1 DAGs
[2025-02-06T18:33:58.321+0000] {logging_mixin.py:190} INFO - [2025-02-06T18:33:58.321+0000] {dag.py:4180} INFO - Setting next_dagrun for latest_only_with_trigger to 2025-02-06 12:00:00+00:00, run_after=2025-02-06 16:00:00+00:00
[2025-02-06T18:33:58.359+0000] {processor.py:208} INFO - Processing /home/airflow/.local/lib/python3.12/site-packages/airflow/example_dags/example_latest_only_with_trigger.py took 0.213 seconds
[2025-02-06T18:34:28.428+0000] {processor.py:186} INFO - Started process (PID=2144) to work on /home/airflow/.local/lib/python3.12/site-packages/airflow/example_dags/example_latest_only_with_trigger.py
[2025-02-06T18:34:28.431+0000] {processor.py:914} INFO - Processing file /home/airflow/.local/lib/python3.12/site-packages/airflow/example_dags/example_latest_only_with_trigger.py for tasks to queue
[2025-02-06T18:34:28.436+0000] {logging_mixin.py:190} INFO - [2025-02-06T18:34:28.435+0000] {dagbag.py:588} INFO - Filling up the DagBag from /home/airflow/.local/lib/python3.12/site-packages/airflow/example_dags/example_latest_only_with_trigger.py
[2025-02-06T18:34:28.452+0000] {processor.py:925} INFO - DAG(s) 'latest_only_with_trigger' retrieved from /home/airflow/.local/lib/python3.12/site-packages/airflow/example_dags/example_latest_only_with_trigger.py
[2025-02-06T18:34:28.493+0000] {logging_mixin.py:190} INFO - [2025-02-06T18:34:28.493+0000] {dag.py:3239} INFO - Sync 1 DAGs
[2025-02-06T18:34:28.535+0000] {logging_mixin.py:190} INFO - [2025-02-06T18:34:28.535+0000] {dag.py:4180} INFO - Setting next_dagrun for latest_only_with_trigger to 2025-02-06 12:00:00+00:00, run_after=2025-02-06 16:00:00+00:00
[2025-02-06T18:34:28.563+0000] {processor.py:208} INFO - Processing /home/airflow/.local/lib/python3.12/site-packages/airflow/example_dags/example_latest_only_with_trigger.py took 0.149 seconds
[2025-02-06T18:34:58.856+0000] {processor.py:186} INFO - Started process (PID=2201) to work on /home/airflow/.local/lib/python3.12/site-packages/airflow/example_dags/example_latest_only_with_trigger.py
[2025-02-06T18:34:58.858+0000] {processor.py:914} INFO - Processing file /home/airflow/.local/lib/python3.12/site-packages/airflow/example_dags/example_latest_only_with_trigger.py for tasks to queue
[2025-02-06T18:34:58.862+0000] {logging_mixin.py:190} INFO - [2025-02-06T18:34:58.861+0000] {dagbag.py:588} INFO - Filling up the DagBag from /home/airflow/.local/lib/python3.12/site-packages/airflow/example_dags/example_latest_only_with_trigger.py
[2025-02-06T18:34:58.873+0000] {processor.py:925} INFO - DAG(s) 'latest_only_with_trigger' retrieved from /home/airflow/.local/lib/python3.12/site-packages/airflow/example_dags/example_latest_only_with_trigger.py
[2025-02-06T18:34:58.901+0000] {logging_mixin.py:190} INFO - [2025-02-06T18:34:58.901+0000] {dag.py:3239} INFO - Sync 1 DAGs
[2025-02-06T18:34:58.943+0000] {logging_mixin.py:190} INFO - [2025-02-06T18:34:58.943+0000] {dag.py:4180} INFO - Setting next_dagrun for latest_only_with_trigger to 2025-02-06 12:00:00+00:00, run_after=2025-02-06 16:00:00+00:00
[2025-02-06T18:34:58.975+0000] {processor.py:208} INFO - Processing /home/airflow/.local/lib/python3.12/site-packages/airflow/example_dags/example_latest_only_with_trigger.py took 0.127 seconds
[2025-02-06T18:35:29.041+0000] {processor.py:186} INFO - Started process (PID=2258) to work on /home/airflow/.local/lib/python3.12/site-packages/airflow/example_dags/example_latest_only_with_trigger.py
[2025-02-06T18:35:29.043+0000] {processor.py:914} INFO - Processing file /home/airflow/.local/lib/python3.12/site-packages/airflow/example_dags/example_latest_only_with_trigger.py for tasks to queue
[2025-02-06T18:35:29.047+0000] {logging_mixin.py:190} INFO - [2025-02-06T18:35:29.047+0000] {dagbag.py:588} INFO - Filling up the DagBag from /home/airflow/.local/lib/python3.12/site-packages/airflow/example_dags/example_latest_only_with_trigger.py
[2025-02-06T18:35:29.063+0000] {processor.py:925} INFO - DAG(s) 'latest_only_with_trigger' retrieved from /home/airflow/.local/lib/python3.12/site-packages/airflow/example_dags/example_latest_only_with_trigger.py
[2025-02-06T18:35:29.098+0000] {logging_mixin.py:190} INFO - [2025-02-06T18:35:29.097+0000] {dag.py:3239} INFO - Sync 1 DAGs
[2025-02-06T18:35:29.141+0000] {logging_mixin.py:190} INFO - [2025-02-06T18:35:29.141+0000] {dag.py:4180} INFO - Setting next_dagrun for latest_only_with_trigger to 2025-02-06 12:00:00+00:00, run_after=2025-02-06 16:00:00+00:00
[2025-02-06T18:35:29.193+0000] {processor.py:208} INFO - Processing /home/airflow/.local/lib/python3.12/site-packages/airflow/example_dags/example_latest_only_with_trigger.py took 0.163 seconds
[2025-02-06T18:36:00.435+0000] {processor.py:186} INFO - Started process (PID=2315) to work on /home/airflow/.local/lib/python3.12/site-packages/airflow/example_dags/example_latest_only_with_trigger.py
[2025-02-06T18:36:00.437+0000] {processor.py:914} INFO - Processing file /home/airflow/.local/lib/python3.12/site-packages/airflow/example_dags/example_latest_only_with_trigger.py for tasks to queue
[2025-02-06T18:36:00.442+0000] {logging_mixin.py:190} INFO - [2025-02-06T18:36:00.441+0000] {dagbag.py:588} INFO - Filling up the DagBag from /home/airflow/.local/lib/python3.12/site-packages/airflow/example_dags/example_latest_only_with_trigger.py
[2025-02-06T18:36:00.457+0000] {processor.py:925} INFO - DAG(s) 'latest_only_with_trigger' retrieved from /home/airflow/.local/lib/python3.12/site-packages/airflow/example_dags/example_latest_only_with_trigger.py
[2025-02-06T18:36:00.493+0000] {logging_mixin.py:190} INFO - [2025-02-06T18:36:00.492+0000] {dag.py:3239} INFO - Sync 1 DAGs
[2025-02-06T18:36:00.539+0000] {logging_mixin.py:190} INFO - [2025-02-06T18:36:00.538+0000] {dag.py:4180} INFO - Setting next_dagrun for latest_only_with_trigger to 2025-02-06 12:00:00+00:00, run_after=2025-02-06 16:00:00+00:00
[2025-02-06T18:36:00.581+0000] {processor.py:208} INFO - Processing /home/airflow/.local/lib/python3.12/site-packages/airflow/example_dags/example_latest_only_with_trigger.py took 0.158 seconds
[2025-02-06T18:36:31.753+0000] {processor.py:186} INFO - Started process (PID=2370) to work on /home/airflow/.local/lib/python3.12/site-packages/airflow/example_dags/example_latest_only_with_trigger.py
[2025-02-06T18:36:31.754+0000] {processor.py:914} INFO - Processing file /home/airflow/.local/lib/python3.12/site-packages/airflow/example_dags/example_latest_only_with_trigger.py for tasks to queue
[2025-02-06T18:36:31.758+0000] {logging_mixin.py:190} INFO - [2025-02-06T18:36:31.757+0000] {dagbag.py:588} INFO - Filling up the DagBag from /home/airflow/.local/lib/python3.12/site-packages/airflow/example_dags/example_latest_only_with_trigger.py
[2025-02-06T18:36:31.769+0000] {processor.py:925} INFO - DAG(s) 'latest_only_with_trigger' retrieved from /home/airflow/.local/lib/python3.12/site-packages/airflow/example_dags/example_latest_only_with_trigger.py
[2025-02-06T18:36:31.802+0000] {logging_mixin.py:190} INFO - [2025-02-06T18:36:31.801+0000] {dag.py:3239} INFO - Sync 1 DAGs
[2025-02-06T18:36:31.831+0000] {logging_mixin.py:190} INFO - [2025-02-06T18:36:31.831+0000] {dag.py:4180} INFO - Setting next_dagrun for latest_only_with_trigger to 2025-02-06 12:00:00+00:00, run_after=2025-02-06 16:00:00+00:00
[2025-02-06T18:36:31.860+0000] {processor.py:208} INFO - Processing /home/airflow/.local/lib/python3.12/site-packages/airflow/example_dags/example_latest_only_with_trigger.py took 0.116 seconds
[2025-02-06T18:37:02.424+0000] {processor.py:186} INFO - Started process (PID=2415) to work on /home/airflow/.local/lib/python3.12/site-packages/airflow/example_dags/example_latest_only_with_trigger.py
[2025-02-06T18:37:02.425+0000] {processor.py:914} INFO - Processing file /home/airflow/.local/lib/python3.12/site-packages/airflow/example_dags/example_latest_only_with_trigger.py for tasks to queue
[2025-02-06T18:37:02.429+0000] {logging_mixin.py:190} INFO - [2025-02-06T18:37:02.428+0000] {dagbag.py:588} INFO - Filling up the DagBag from /home/airflow/.local/lib/python3.12/site-packages/airflow/example_dags/example_latest_only_with_trigger.py
[2025-02-06T18:37:02.440+0000] {processor.py:925} INFO - DAG(s) 'latest_only_with_trigger' retrieved from /home/airflow/.local/lib/python3.12/site-packages/airflow/example_dags/example_latest_only_with_trigger.py
[2025-02-06T18:37:02.475+0000] {logging_mixin.py:190} INFO - [2025-02-06T18:37:02.475+0000] {dag.py:3239} INFO - Sync 1 DAGs
[2025-02-06T18:37:02.527+0000] {logging_mixin.py:190} INFO - [2025-02-06T18:37:02.527+0000] {dag.py:4180} INFO - Setting next_dagrun for latest_only_with_trigger to 2025-02-06 12:00:00+00:00, run_after=2025-02-06 16:00:00+00:00
[2025-02-06T18:37:02.563+0000] {processor.py:208} INFO - Processing /home/airflow/.local/lib/python3.12/site-packages/airflow/example_dags/example_latest_only_with_trigger.py took 0.150 seconds
[2025-02-06T18:37:33.585+0000] {processor.py:186} INFO - Started process (PID=2470) to work on /home/airflow/.local/lib/python3.12/site-packages/airflow/example_dags/example_latest_only_with_trigger.py
[2025-02-06T18:37:33.586+0000] {processor.py:914} INFO - Processing file /home/airflow/.local/lib/python3.12/site-packages/airflow/example_dags/example_latest_only_with_trigger.py for tasks to queue
[2025-02-06T18:37:33.591+0000] {logging_mixin.py:190} INFO - [2025-02-06T18:37:33.590+0000] {dagbag.py:588} INFO - Filling up the DagBag from /home/airflow/.local/lib/python3.12/site-packages/airflow/example_dags/example_latest_only_with_trigger.py
[2025-02-06T18:37:33.606+0000] {processor.py:925} INFO - DAG(s) 'latest_only_with_trigger' retrieved from /home/airflow/.local/lib/python3.12/site-packages/airflow/example_dags/example_latest_only_with_trigger.py
[2025-02-06T18:37:33.646+0000] {logging_mixin.py:190} INFO - [2025-02-06T18:37:33.645+0000] {dag.py:3239} INFO - Sync 1 DAGs
[2025-02-06T18:37:33.697+0000] {logging_mixin.py:190} INFO - [2025-02-06T18:37:33.696+0000] {dag.py:4180} INFO - Setting next_dagrun for latest_only_with_trigger to 2025-02-06 12:00:00+00:00, run_after=2025-02-06 16:00:00+00:00
[2025-02-06T18:37:33.730+0000] {processor.py:208} INFO - Processing /home/airflow/.local/lib/python3.12/site-packages/airflow/example_dags/example_latest_only_with_trigger.py took 0.157 seconds
[2025-02-06T18:38:04.239+0000] {processor.py:186} INFO - Started process (PID=2524) to work on /home/airflow/.local/lib/python3.12/site-packages/airflow/example_dags/example_latest_only_with_trigger.py
[2025-02-06T18:38:04.241+0000] {processor.py:914} INFO - Processing file /home/airflow/.local/lib/python3.12/site-packages/airflow/example_dags/example_latest_only_with_trigger.py for tasks to queue
[2025-02-06T18:38:04.244+0000] {logging_mixin.py:190} INFO - [2025-02-06T18:38:04.243+0000] {dagbag.py:588} INFO - Filling up the DagBag from /home/airflow/.local/lib/python3.12/site-packages/airflow/example_dags/example_latest_only_with_trigger.py
[2025-02-06T18:38:04.257+0000] {processor.py:925} INFO - DAG(s) 'latest_only_with_trigger' retrieved from /home/airflow/.local/lib/python3.12/site-packages/airflow/example_dags/example_latest_only_with_trigger.py
[2025-02-06T18:38:04.289+0000] {logging_mixin.py:190} INFO - [2025-02-06T18:38:04.288+0000] {dag.py:3239} INFO - Sync 1 DAGs
[2025-02-06T18:38:04.323+0000] {logging_mixin.py:190} INFO - [2025-02-06T18:38:04.322+0000] {dag.py:4180} INFO - Setting next_dagrun for latest_only_with_trigger to 2025-02-06 12:00:00+00:00, run_after=2025-02-06 16:00:00+00:00
[2025-02-06T18:38:04.346+0000] {processor.py:208} INFO - Processing /home/airflow/.local/lib/python3.12/site-packages/airflow/example_dags/example_latest_only_with_trigger.py took 0.116 seconds
[2025-02-06T18:38:34.896+0000] {processor.py:186} INFO - Started process (PID=2581) to work on /home/airflow/.local/lib/python3.12/site-packages/airflow/example_dags/example_latest_only_with_trigger.py
[2025-02-06T18:38:34.898+0000] {processor.py:914} INFO - Processing file /home/airflow/.local/lib/python3.12/site-packages/airflow/example_dags/example_latest_only_with_trigger.py for tasks to queue
[2025-02-06T18:38:34.902+0000] {logging_mixin.py:190} INFO - [2025-02-06T18:38:34.901+0000] {dagbag.py:588} INFO - Filling up the DagBag from /home/airflow/.local/lib/python3.12/site-packages/airflow/example_dags/example_latest_only_with_trigger.py
[2025-02-06T18:38:34.912+0000] {processor.py:925} INFO - DAG(s) 'latest_only_with_trigger' retrieved from /home/airflow/.local/lib/python3.12/site-packages/airflow/example_dags/example_latest_only_with_trigger.py
[2025-02-06T18:38:34.945+0000] {logging_mixin.py:190} INFO - [2025-02-06T18:38:34.945+0000] {dag.py:3239} INFO - Sync 1 DAGs
[2025-02-06T18:38:34.979+0000] {logging_mixin.py:190} INFO - [2025-02-06T18:38:34.979+0000] {dag.py:4180} INFO - Setting next_dagrun for latest_only_with_trigger to 2025-02-06 12:00:00+00:00, run_after=2025-02-06 16:00:00+00:00
[2025-02-06T18:38:35.010+0000] {processor.py:208} INFO - Processing /home/airflow/.local/lib/python3.12/site-packages/airflow/example_dags/example_latest_only_with_trigger.py took 0.123 seconds
[2025-02-06T18:39:05.269+0000] {processor.py:186} INFO - Started process (PID=2638) to work on /home/airflow/.local/lib/python3.12/site-packages/airflow/example_dags/example_latest_only_with_trigger.py
[2025-02-06T18:39:05.270+0000] {processor.py:914} INFO - Processing file /home/airflow/.local/lib/python3.12/site-packages/airflow/example_dags/example_latest_only_with_trigger.py for tasks to queue
[2025-02-06T18:39:05.275+0000] {logging_mixin.py:190} INFO - [2025-02-06T18:39:05.275+0000] {dagbag.py:588} INFO - Filling up the DagBag from /home/airflow/.local/lib/python3.12/site-packages/airflow/example_dags/example_latest_only_with_trigger.py
[2025-02-06T18:39:05.287+0000] {processor.py:925} INFO - DAG(s) 'latest_only_with_trigger' retrieved from /home/airflow/.local/lib/python3.12/site-packages/airflow/example_dags/example_latest_only_with_trigger.py
[2025-02-06T18:39:05.323+0000] {logging_mixin.py:190} INFO - [2025-02-06T18:39:05.322+0000] {dag.py:3239} INFO - Sync 1 DAGs
[2025-02-06T18:39:05.374+0000] {logging_mixin.py:190} INFO - [2025-02-06T18:39:05.374+0000] {dag.py:4180} INFO - Setting next_dagrun for latest_only_with_trigger to 2025-02-06 12:00:00+00:00, run_after=2025-02-06 16:00:00+00:00
[2025-02-06T18:39:05.413+0000] {processor.py:208} INFO - Processing /home/airflow/.local/lib/python3.12/site-packages/airflow/example_dags/example_latest_only_with_trigger.py took 0.154 seconds
[2025-02-06T18:39:36.130+0000] {processor.py:186} INFO - Started process (PID=2695) to work on /home/airflow/.local/lib/python3.12/site-packages/airflow/example_dags/example_latest_only_with_trigger.py
[2025-02-06T18:39:36.132+0000] {processor.py:914} INFO - Processing file /home/airflow/.local/lib/python3.12/site-packages/airflow/example_dags/example_latest_only_with_trigger.py for tasks to queue
[2025-02-06T18:39:36.135+0000] {logging_mixin.py:190} INFO - [2025-02-06T18:39:36.135+0000] {dagbag.py:588} INFO - Filling up the DagBag from /home/airflow/.local/lib/python3.12/site-packages/airflow/example_dags/example_latest_only_with_trigger.py
[2025-02-06T18:39:36.147+0000] {processor.py:925} INFO - DAG(s) 'latest_only_with_trigger' retrieved from /home/airflow/.local/lib/python3.12/site-packages/airflow/example_dags/example_latest_only_with_trigger.py
[2025-02-06T18:39:36.179+0000] {logging_mixin.py:190} INFO - [2025-02-06T18:39:36.179+0000] {dag.py:3239} INFO - Sync 1 DAGs
[2025-02-06T18:39:36.222+0000] {logging_mixin.py:190} INFO - [2025-02-06T18:39:36.222+0000] {dag.py:4180} INFO - Setting next_dagrun for latest_only_with_trigger to 2025-02-06 12:00:00+00:00, run_after=2025-02-06 16:00:00+00:00
[2025-02-06T18:39:36.260+0000] {processor.py:208} INFO - Processing /home/airflow/.local/lib/python3.12/site-packages/airflow/example_dags/example_latest_only_with_trigger.py took 0.138 seconds
[2025-02-06T18:40:07.152+0000] {processor.py:186} INFO - Started process (PID=2749) to work on /home/airflow/.local/lib/python3.12/site-packages/airflow/example_dags/example_latest_only_with_trigger.py
[2025-02-06T18:40:07.154+0000] {processor.py:914} INFO - Processing file /home/airflow/.local/lib/python3.12/site-packages/airflow/example_dags/example_latest_only_with_trigger.py for tasks to queue
[2025-02-06T18:40:07.157+0000] {logging_mixin.py:190} INFO - [2025-02-06T18:40:07.157+0000] {dagbag.py:588} INFO - Filling up the DagBag from /home/airflow/.local/lib/python3.12/site-packages/airflow/example_dags/example_latest_only_with_trigger.py
[2025-02-06T18:40:07.170+0000] {processor.py:925} INFO - DAG(s) 'latest_only_with_trigger' retrieved from /home/airflow/.local/lib/python3.12/site-packages/airflow/example_dags/example_latest_only_with_trigger.py
[2025-02-06T18:40:07.201+0000] {logging_mixin.py:190} INFO - [2025-02-06T18:40:07.201+0000] {dag.py:3239} INFO - Sync 1 DAGs
[2025-02-06T18:40:07.509+0000] {logging_mixin.py:190} INFO - [2025-02-06T18:40:07.508+0000] {dag.py:4180} INFO - Setting next_dagrun for latest_only_with_trigger to 2025-02-06 12:00:00+00:00, run_after=2025-02-06 16:00:00+00:00
[2025-02-06T18:40:07.542+0000] {processor.py:208} INFO - Processing /home/airflow/.local/lib/python3.12/site-packages/airflow/example_dags/example_latest_only_with_trigger.py took 0.399 seconds
[2025-02-06T18:40:38.020+0000] {processor.py:186} INFO - Started process (PID=2806) to work on /home/airflow/.local/lib/python3.12/site-packages/airflow/example_dags/example_latest_only_with_trigger.py
[2025-02-06T18:40:38.021+0000] {processor.py:914} INFO - Processing file /home/airflow/.local/lib/python3.12/site-packages/airflow/example_dags/example_latest_only_with_trigger.py for tasks to queue
[2025-02-06T18:40:38.026+0000] {logging_mixin.py:190} INFO - [2025-02-06T18:40:38.025+0000] {dagbag.py:588} INFO - Filling up the DagBag from /home/airflow/.local/lib/python3.12/site-packages/airflow/example_dags/example_latest_only_with_trigger.py
[2025-02-06T18:40:38.040+0000] {processor.py:925} INFO - DAG(s) 'latest_only_with_trigger' retrieved from /home/airflow/.local/lib/python3.12/site-packages/airflow/example_dags/example_latest_only_with_trigger.py
[2025-02-06T18:40:38.078+0000] {logging_mixin.py:190} INFO - [2025-02-06T18:40:38.077+0000] {dag.py:3239} INFO - Sync 1 DAGs
[2025-02-06T18:40:38.392+0000] {logging_mixin.py:190} INFO - [2025-02-06T18:40:38.391+0000] {dag.py:4180} INFO - Setting next_dagrun for latest_only_with_trigger to 2025-02-06 12:00:00+00:00, run_after=2025-02-06 16:00:00+00:00
[2025-02-06T18:40:38.419+0000] {processor.py:208} INFO - Processing /home/airflow/.local/lib/python3.12/site-packages/airflow/example_dags/example_latest_only_with_trigger.py took 0.419 seconds
[2025-02-06T18:41:08.694+0000] {processor.py:186} INFO - Started process (PID=2863) to work on /home/airflow/.local/lib/python3.12/site-packages/airflow/example_dags/example_latest_only_with_trigger.py
[2025-02-06T18:41:08.698+0000] {processor.py:914} INFO - Processing file /home/airflow/.local/lib/python3.12/site-packages/airflow/example_dags/example_latest_only_with_trigger.py for tasks to queue
[2025-02-06T18:41:08.704+0000] {logging_mixin.py:190} INFO - [2025-02-06T18:41:08.703+0000] {dagbag.py:588} INFO - Filling up the DagBag from /home/airflow/.local/lib/python3.12/site-packages/airflow/example_dags/example_latest_only_with_trigger.py
[2025-02-06T18:41:08.728+0000] {processor.py:925} INFO - DAG(s) 'latest_only_with_trigger' retrieved from /home/airflow/.local/lib/python3.12/site-packages/airflow/example_dags/example_latest_only_with_trigger.py
[2025-02-06T18:41:08.774+0000] {logging_mixin.py:190} INFO - [2025-02-06T18:41:08.773+0000] {dag.py:3239} INFO - Sync 1 DAGs
[2025-02-06T18:41:08.823+0000] {logging_mixin.py:190} INFO - [2025-02-06T18:41:08.822+0000] {dag.py:4180} INFO - Setting next_dagrun for latest_only_with_trigger to 2025-02-06 12:00:00+00:00, run_after=2025-02-06 16:00:00+00:00
[2025-02-06T18:41:08.860+0000] {processor.py:208} INFO - Processing /home/airflow/.local/lib/python3.12/site-packages/airflow/example_dags/example_latest_only_with_trigger.py took 0.181 seconds
[2025-02-06T18:41:39.204+0000] {processor.py:186} INFO - Started process (PID=2917) to work on /home/airflow/.local/lib/python3.12/site-packages/airflow/example_dags/example_latest_only_with_trigger.py
[2025-02-06T18:41:39.206+0000] {processor.py:914} INFO - Processing file /home/airflow/.local/lib/python3.12/site-packages/airflow/example_dags/example_latest_only_with_trigger.py for tasks to queue
[2025-02-06T18:41:39.211+0000] {logging_mixin.py:190} INFO - [2025-02-06T18:41:39.210+0000] {dagbag.py:588} INFO - Filling up the DagBag from /home/airflow/.local/lib/python3.12/site-packages/airflow/example_dags/example_latest_only_with_trigger.py
[2025-02-06T18:41:39.225+0000] {processor.py:925} INFO - DAG(s) 'latest_only_with_trigger' retrieved from /home/airflow/.local/lib/python3.12/site-packages/airflow/example_dags/example_latest_only_with_trigger.py
[2025-02-06T18:41:39.263+0000] {logging_mixin.py:190} INFO - [2025-02-06T18:41:39.262+0000] {dag.py:3239} INFO - Sync 1 DAGs
[2025-02-06T18:41:39.296+0000] {logging_mixin.py:190} INFO - [2025-02-06T18:41:39.296+0000] {dag.py:4180} INFO - Setting next_dagrun for latest_only_with_trigger to 2025-02-06 12:00:00+00:00, run_after=2025-02-06 16:00:00+00:00
[2025-02-06T18:41:39.327+0000] {processor.py:208} INFO - Processing /home/airflow/.local/lib/python3.12/site-packages/airflow/example_dags/example_latest_only_with_trigger.py took 0.133 seconds
[2025-02-06T18:42:09.951+0000] {processor.py:186} INFO - Started process (PID=2974) to work on /home/airflow/.local/lib/python3.12/site-packages/airflow/example_dags/example_latest_only_with_trigger.py
[2025-02-06T18:42:09.952+0000] {processor.py:914} INFO - Processing file /home/airflow/.local/lib/python3.12/site-packages/airflow/example_dags/example_latest_only_with_trigger.py for tasks to queue
[2025-02-06T18:42:09.956+0000] {logging_mixin.py:190} INFO - [2025-02-06T18:42:09.955+0000] {dagbag.py:588} INFO - Filling up the DagBag from /home/airflow/.local/lib/python3.12/site-packages/airflow/example_dags/example_latest_only_with_trigger.py
[2025-02-06T18:42:09.968+0000] {processor.py:925} INFO - DAG(s) 'latest_only_with_trigger' retrieved from /home/airflow/.local/lib/python3.12/site-packages/airflow/example_dags/example_latest_only_with_trigger.py
[2025-02-06T18:42:09.999+0000] {logging_mixin.py:190} INFO - [2025-02-06T18:42:09.998+0000] {dag.py:3239} INFO - Sync 1 DAGs
[2025-02-06T18:42:10.038+0000] {logging_mixin.py:190} INFO - [2025-02-06T18:42:10.038+0000] {dag.py:4180} INFO - Setting next_dagrun for latest_only_with_trigger to 2025-02-06 12:00:00+00:00, run_after=2025-02-06 16:00:00+00:00
[2025-02-06T18:42:10.065+0000] {processor.py:208} INFO - Processing /home/airflow/.local/lib/python3.12/site-packages/airflow/example_dags/example_latest_only_with_trigger.py took 0.124 seconds
[2025-02-06T18:42:40.569+0000] {processor.py:186} INFO - Started process (PID=3031) to work on /home/airflow/.local/lib/python3.12/site-packages/airflow/example_dags/example_latest_only_with_trigger.py
[2025-02-06T18:42:40.571+0000] {processor.py:914} INFO - Processing file /home/airflow/.local/lib/python3.12/site-packages/airflow/example_dags/example_latest_only_with_trigger.py for tasks to queue
[2025-02-06T18:42:40.574+0000] {logging_mixin.py:190} INFO - [2025-02-06T18:42:40.574+0000] {dagbag.py:588} INFO - Filling up the DagBag from /home/airflow/.local/lib/python3.12/site-packages/airflow/example_dags/example_latest_only_with_trigger.py
[2025-02-06T18:42:40.590+0000] {processor.py:925} INFO - DAG(s) 'latest_only_with_trigger' retrieved from /home/airflow/.local/lib/python3.12/site-packages/airflow/example_dags/example_latest_only_with_trigger.py
[2025-02-06T18:42:40.621+0000] {logging_mixin.py:190} INFO - [2025-02-06T18:42:40.621+0000] {dag.py:3239} INFO - Sync 1 DAGs
[2025-02-06T18:42:40.665+0000] {logging_mixin.py:190} INFO - [2025-02-06T18:42:40.664+0000] {dag.py:4180} INFO - Setting next_dagrun for latest_only_with_trigger to 2025-02-06 12:00:00+00:00, run_after=2025-02-06 16:00:00+00:00
[2025-02-06T18:42:40.693+0000] {processor.py:208} INFO - Processing /home/airflow/.local/lib/python3.12/site-packages/airflow/example_dags/example_latest_only_with_trigger.py took 0.133 seconds
[2025-02-06T18:43:11.117+0000] {processor.py:186} INFO - Started process (PID=3088) to work on /home/airflow/.local/lib/python3.12/site-packages/airflow/example_dags/example_latest_only_with_trigger.py
[2025-02-06T18:43:11.118+0000] {processor.py:914} INFO - Processing file /home/airflow/.local/lib/python3.12/site-packages/airflow/example_dags/example_latest_only_with_trigger.py for tasks to queue
[2025-02-06T18:43:11.123+0000] {logging_mixin.py:190} INFO - [2025-02-06T18:43:11.122+0000] {dagbag.py:588} INFO - Filling up the DagBag from /home/airflow/.local/lib/python3.12/site-packages/airflow/example_dags/example_latest_only_with_trigger.py
[2025-02-06T18:43:11.135+0000] {processor.py:925} INFO - DAG(s) 'latest_only_with_trigger' retrieved from /home/airflow/.local/lib/python3.12/site-packages/airflow/example_dags/example_latest_only_with_trigger.py
[2025-02-06T18:43:11.170+0000] {logging_mixin.py:190} INFO - [2025-02-06T18:43:11.169+0000] {dag.py:3239} INFO - Sync 1 DAGs
[2025-02-06T18:43:11.217+0000] {logging_mixin.py:190} INFO - [2025-02-06T18:43:11.217+0000] {dag.py:4180} INFO - Setting next_dagrun for latest_only_with_trigger to 2025-02-06 12:00:00+00:00, run_after=2025-02-06 16:00:00+00:00
[2025-02-06T18:43:11.250+0000] {processor.py:208} INFO - Processing /home/airflow/.local/lib/python3.12/site-packages/airflow/example_dags/example_latest_only_with_trigger.py took 0.145 seconds
[2025-02-06T18:43:41.570+0000] {processor.py:186} INFO - Started process (PID=3144) to work on /home/airflow/.local/lib/python3.12/site-packages/airflow/example_dags/example_latest_only_with_trigger.py
[2025-02-06T18:43:41.572+0000] {processor.py:914} INFO - Processing file /home/airflow/.local/lib/python3.12/site-packages/airflow/example_dags/example_latest_only_with_trigger.py for tasks to queue
[2025-02-06T18:43:41.575+0000] {logging_mixin.py:190} INFO - [2025-02-06T18:43:41.575+0000] {dagbag.py:588} INFO - Filling up the DagBag from /home/airflow/.local/lib/python3.12/site-packages/airflow/example_dags/example_latest_only_with_trigger.py
[2025-02-06T18:43:41.594+0000] {processor.py:925} INFO - DAG(s) 'latest_only_with_trigger' retrieved from /home/airflow/.local/lib/python3.12/site-packages/airflow/example_dags/example_latest_only_with_trigger.py
[2025-02-06T18:43:41.640+0000] {logging_mixin.py:190} INFO - [2025-02-06T18:43:41.640+0000] {dag.py:3239} INFO - Sync 1 DAGs
[2025-02-06T18:43:41.723+0000] {logging_mixin.py:190} INFO - [2025-02-06T18:43:41.723+0000] {dag.py:4180} INFO - Setting next_dagrun for latest_only_with_trigger to 2025-02-06 12:00:00+00:00, run_after=2025-02-06 16:00:00+00:00
[2025-02-06T18:43:41.778+0000] {processor.py:208} INFO - Processing /home/airflow/.local/lib/python3.12/site-packages/airflow/example_dags/example_latest_only_with_trigger.py took 0.226 seconds
[2025-02-06T18:44:12.155+0000] {processor.py:186} INFO - Started process (PID=3200) to work on /home/airflow/.local/lib/python3.12/site-packages/airflow/example_dags/example_latest_only_with_trigger.py
[2025-02-06T18:44:12.157+0000] {processor.py:914} INFO - Processing file /home/airflow/.local/lib/python3.12/site-packages/airflow/example_dags/example_latest_only_with_trigger.py for tasks to queue
[2025-02-06T18:44:12.161+0000] {logging_mixin.py:190} INFO - [2025-02-06T18:44:12.160+0000] {dagbag.py:588} INFO - Filling up the DagBag from /home/airflow/.local/lib/python3.12/site-packages/airflow/example_dags/example_latest_only_with_trigger.py
[2025-02-06T18:44:12.171+0000] {processor.py:925} INFO - DAG(s) 'latest_only_with_trigger' retrieved from /home/airflow/.local/lib/python3.12/site-packages/airflow/example_dags/example_latest_only_with_trigger.py
[2025-02-06T18:44:12.210+0000] {logging_mixin.py:190} INFO - [2025-02-06T18:44:12.209+0000] {dag.py:3239} INFO - Sync 1 DAGs
[2025-02-06T18:44:12.261+0000] {logging_mixin.py:190} INFO - [2025-02-06T18:44:12.260+0000] {dag.py:4180} INFO - Setting next_dagrun for latest_only_with_trigger to 2025-02-06 12:00:00+00:00, run_after=2025-02-06 16:00:00+00:00
[2025-02-06T18:44:12.313+0000] {processor.py:208} INFO - Processing /home/airflow/.local/lib/python3.12/site-packages/airflow/example_dags/example_latest_only_with_trigger.py took 0.166 seconds
[2025-02-06T18:44:42.850+0000] {processor.py:186} INFO - Started process (PID=3257) to work on /home/airflow/.local/lib/python3.12/site-packages/airflow/example_dags/example_latest_only_with_trigger.py
[2025-02-06T18:44:42.851+0000] {processor.py:914} INFO - Processing file /home/airflow/.local/lib/python3.12/site-packages/airflow/example_dags/example_latest_only_with_trigger.py for tasks to queue
[2025-02-06T18:44:42.855+0000] {logging_mixin.py:190} INFO - [2025-02-06T18:44:42.854+0000] {dagbag.py:588} INFO - Filling up the DagBag from /home/airflow/.local/lib/python3.12/site-packages/airflow/example_dags/example_latest_only_with_trigger.py
[2025-02-06T18:44:42.866+0000] {processor.py:925} INFO - DAG(s) 'latest_only_with_trigger' retrieved from /home/airflow/.local/lib/python3.12/site-packages/airflow/example_dags/example_latest_only_with_trigger.py
[2025-02-06T18:44:42.901+0000] {logging_mixin.py:190} INFO - [2025-02-06T18:44:42.900+0000] {dag.py:3239} INFO - Sync 1 DAGs
[2025-02-06T18:44:42.943+0000] {logging_mixin.py:190} INFO - [2025-02-06T18:44:42.942+0000] {dag.py:4180} INFO - Setting next_dagrun for latest_only_with_trigger to 2025-02-06 12:00:00+00:00, run_after=2025-02-06 16:00:00+00:00
[2025-02-06T18:44:42.972+0000] {processor.py:208} INFO - Processing /home/airflow/.local/lib/python3.12/site-packages/airflow/example_dags/example_latest_only_with_trigger.py took 0.133 seconds
[2025-02-06T18:45:13.401+0000] {processor.py:186} INFO - Started process (PID=3314) to work on /home/airflow/.local/lib/python3.12/site-packages/airflow/example_dags/example_latest_only_with_trigger.py
[2025-02-06T18:45:13.403+0000] {processor.py:914} INFO - Processing file /home/airflow/.local/lib/python3.12/site-packages/airflow/example_dags/example_latest_only_with_trigger.py for tasks to queue
[2025-02-06T18:45:13.409+0000] {logging_mixin.py:190} INFO - [2025-02-06T18:45:13.409+0000] {dagbag.py:588} INFO - Filling up the DagBag from /home/airflow/.local/lib/python3.12/site-packages/airflow/example_dags/example_latest_only_with_trigger.py
[2025-02-06T18:45:13.426+0000] {processor.py:925} INFO - DAG(s) 'latest_only_with_trigger' retrieved from /home/airflow/.local/lib/python3.12/site-packages/airflow/example_dags/example_latest_only_with_trigger.py
[2025-02-06T18:45:13.462+0000] {logging_mixin.py:190} INFO - [2025-02-06T18:45:13.462+0000] {dag.py:3239} INFO - Sync 1 DAGs
[2025-02-06T18:45:13.505+0000] {logging_mixin.py:190} INFO - [2025-02-06T18:45:13.505+0000] {dag.py:4180} INFO - Setting next_dagrun for latest_only_with_trigger to 2025-02-06 12:00:00+00:00, run_after=2025-02-06 16:00:00+00:00
[2025-02-06T18:45:13.577+0000] {processor.py:208} INFO - Processing /home/airflow/.local/lib/python3.12/site-packages/airflow/example_dags/example_latest_only_with_trigger.py took 0.189 seconds
[2025-02-06T18:45:44.302+0000] {processor.py:186} INFO - Started process (PID=3370) to work on /home/airflow/.local/lib/python3.12/site-packages/airflow/example_dags/example_latest_only_with_trigger.py
[2025-02-06T18:45:44.305+0000] {processor.py:914} INFO - Processing file /home/airflow/.local/lib/python3.12/site-packages/airflow/example_dags/example_latest_only_with_trigger.py for tasks to queue
[2025-02-06T18:45:44.311+0000] {logging_mixin.py:190} INFO - [2025-02-06T18:45:44.310+0000] {dagbag.py:588} INFO - Filling up the DagBag from /home/airflow/.local/lib/python3.12/site-packages/airflow/example_dags/example_latest_only_with_trigger.py
[2025-02-06T18:45:44.328+0000] {processor.py:925} INFO - DAG(s) 'latest_only_with_trigger' retrieved from /home/airflow/.local/lib/python3.12/site-packages/airflow/example_dags/example_latest_only_with_trigger.py
[2025-02-06T18:45:44.372+0000] {logging_mixin.py:190} INFO - [2025-02-06T18:45:44.371+0000] {dag.py:3239} INFO - Sync 1 DAGs
[2025-02-06T18:45:44.444+0000] {logging_mixin.py:190} INFO - [2025-02-06T18:45:44.444+0000] {dag.py:4180} INFO - Setting next_dagrun for latest_only_with_trigger to 2025-02-06 12:00:00+00:00, run_after=2025-02-06 16:00:00+00:00
[2025-02-06T18:45:44.496+0000] {processor.py:208} INFO - Processing /home/airflow/.local/lib/python3.12/site-packages/airflow/example_dags/example_latest_only_with_trigger.py took 0.207 seconds
[2025-02-06T18:46:15.519+0000] {processor.py:186} INFO - Started process (PID=3427) to work on /home/airflow/.local/lib/python3.12/site-packages/airflow/example_dags/example_latest_only_with_trigger.py
[2025-02-06T18:46:15.521+0000] {processor.py:914} INFO - Processing file /home/airflow/.local/lib/python3.12/site-packages/airflow/example_dags/example_latest_only_with_trigger.py for tasks to queue
[2025-02-06T18:46:15.527+0000] {logging_mixin.py:190} INFO - [2025-02-06T18:46:15.526+0000] {dagbag.py:588} INFO - Filling up the DagBag from /home/airflow/.local/lib/python3.12/site-packages/airflow/example_dags/example_latest_only_with_trigger.py
[2025-02-06T18:46:15.550+0000] {processor.py:925} INFO - DAG(s) 'latest_only_with_trigger' retrieved from /home/airflow/.local/lib/python3.12/site-packages/airflow/example_dags/example_latest_only_with_trigger.py
[2025-02-06T18:46:15.608+0000] {logging_mixin.py:190} INFO - [2025-02-06T18:46:15.607+0000] {dag.py:3239} INFO - Sync 1 DAGs
[2025-02-06T18:46:15.684+0000] {logging_mixin.py:190} INFO - [2025-02-06T18:46:15.684+0000] {dag.py:4180} INFO - Setting next_dagrun for latest_only_with_trigger to 2025-02-06 12:00:00+00:00, run_after=2025-02-06 16:00:00+00:00
[2025-02-06T18:46:15.792+0000] {processor.py:208} INFO - Processing /home/airflow/.local/lib/python3.12/site-packages/airflow/example_dags/example_latest_only_with_trigger.py took 0.290 seconds
[2025-02-06T18:46:46.603+0000] {processor.py:186} INFO - Started process (PID=3484) to work on /home/airflow/.local/lib/python3.12/site-packages/airflow/example_dags/example_latest_only_with_trigger.py
[2025-02-06T18:46:46.605+0000] {processor.py:914} INFO - Processing file /home/airflow/.local/lib/python3.12/site-packages/airflow/example_dags/example_latest_only_with_trigger.py for tasks to queue
[2025-02-06T18:46:46.609+0000] {logging_mixin.py:190} INFO - [2025-02-06T18:46:46.608+0000] {dagbag.py:588} INFO - Filling up the DagBag from /home/airflow/.local/lib/python3.12/site-packages/airflow/example_dags/example_latest_only_with_trigger.py
[2025-02-06T18:46:46.621+0000] {processor.py:925} INFO - DAG(s) 'latest_only_with_trigger' retrieved from /home/airflow/.local/lib/python3.12/site-packages/airflow/example_dags/example_latest_only_with_trigger.py
[2025-02-06T18:46:46.653+0000] {logging_mixin.py:190} INFO - [2025-02-06T18:46:46.652+0000] {dag.py:3239} INFO - Sync 1 DAGs
[2025-02-06T18:46:46.698+0000] {logging_mixin.py:190} INFO - [2025-02-06T18:46:46.697+0000] {dag.py:4180} INFO - Setting next_dagrun for latest_only_with_trigger to 2025-02-06 12:00:00+00:00, run_after=2025-02-06 16:00:00+00:00
[2025-02-06T18:46:46.752+0000] {processor.py:208} INFO - Processing /home/airflow/.local/lib/python3.12/site-packages/airflow/example_dags/example_latest_only_with_trigger.py took 0.160 seconds
[2025-02-06T18:47:17.199+0000] {processor.py:186} INFO - Started process (PID=3541) to work on /home/airflow/.local/lib/python3.12/site-packages/airflow/example_dags/example_latest_only_with_trigger.py
[2025-02-06T18:47:17.202+0000] {processor.py:914} INFO - Processing file /home/airflow/.local/lib/python3.12/site-packages/airflow/example_dags/example_latest_only_with_trigger.py for tasks to queue
[2025-02-06T18:47:17.208+0000] {logging_mixin.py:190} INFO - [2025-02-06T18:47:17.208+0000] {dagbag.py:588} INFO - Filling up the DagBag from /home/airflow/.local/lib/python3.12/site-packages/airflow/example_dags/example_latest_only_with_trigger.py
[2025-02-06T18:47:17.228+0000] {processor.py:925} INFO - DAG(s) 'latest_only_with_trigger' retrieved from /home/airflow/.local/lib/python3.12/site-packages/airflow/example_dags/example_latest_only_with_trigger.py
[2025-02-06T18:47:17.268+0000] {logging_mixin.py:190} INFO - [2025-02-06T18:47:17.268+0000] {dag.py:3239} INFO - Sync 1 DAGs
[2025-02-06T18:47:17.320+0000] {logging_mixin.py:190} INFO - [2025-02-06T18:47:17.320+0000] {dag.py:4180} INFO - Setting next_dagrun for latest_only_with_trigger to 2025-02-06 12:00:00+00:00, run_after=2025-02-06 16:00:00+00:00
[2025-02-06T18:47:17.347+0000] {processor.py:208} INFO - Processing /home/airflow/.local/lib/python3.12/site-packages/airflow/example_dags/example_latest_only_with_trigger.py took 0.160 seconds
[2025-02-06T18:47:47.721+0000] {processor.py:186} INFO - Started process (PID=3598) to work on /home/airflow/.local/lib/python3.12/site-packages/airflow/example_dags/example_latest_only_with_trigger.py
[2025-02-06T18:47:47.722+0000] {processor.py:914} INFO - Processing file /home/airflow/.local/lib/python3.12/site-packages/airflow/example_dags/example_latest_only_with_trigger.py for tasks to queue
[2025-02-06T18:47:47.726+0000] {logging_mixin.py:190} INFO - [2025-02-06T18:47:47.726+0000] {dagbag.py:588} INFO - Filling up the DagBag from /home/airflow/.local/lib/python3.12/site-packages/airflow/example_dags/example_latest_only_with_trigger.py
[2025-02-06T18:47:47.736+0000] {processor.py:925} INFO - DAG(s) 'latest_only_with_trigger' retrieved from /home/airflow/.local/lib/python3.12/site-packages/airflow/example_dags/example_latest_only_with_trigger.py
[2025-02-06T18:47:47.767+0000] {logging_mixin.py:190} INFO - [2025-02-06T18:47:47.767+0000] {dag.py:3239} INFO - Sync 1 DAGs
[2025-02-06T18:47:47.801+0000] {logging_mixin.py:190} INFO - [2025-02-06T18:47:47.801+0000] {dag.py:4180} INFO - Setting next_dagrun for latest_only_with_trigger to 2025-02-06 12:00:00+00:00, run_after=2025-02-06 16:00:00+00:00
[2025-02-06T18:47:47.834+0000] {processor.py:208} INFO - Processing /home/airflow/.local/lib/python3.12/site-packages/airflow/example_dags/example_latest_only_with_trigger.py took 0.122 seconds
[2025-02-06T18:48:17.900+0000] {processor.py:186} INFO - Started process (PID=3655) to work on /home/airflow/.local/lib/python3.12/site-packages/airflow/example_dags/example_latest_only_with_trigger.py
[2025-02-06T18:48:17.901+0000] {processor.py:914} INFO - Processing file /home/airflow/.local/lib/python3.12/site-packages/airflow/example_dags/example_latest_only_with_trigger.py for tasks to queue
[2025-02-06T18:48:17.905+0000] {logging_mixin.py:190} INFO - [2025-02-06T18:48:17.904+0000] {dagbag.py:588} INFO - Filling up the DagBag from /home/airflow/.local/lib/python3.12/site-packages/airflow/example_dags/example_latest_only_with_trigger.py
[2025-02-06T18:48:17.916+0000] {processor.py:925} INFO - DAG(s) 'latest_only_with_trigger' retrieved from /home/airflow/.local/lib/python3.12/site-packages/airflow/example_dags/example_latest_only_with_trigger.py
[2025-02-06T18:48:17.945+0000] {logging_mixin.py:190} INFO - [2025-02-06T18:48:17.945+0000] {dag.py:3239} INFO - Sync 1 DAGs
[2025-02-06T18:48:17.978+0000] {logging_mixin.py:190} INFO - [2025-02-06T18:48:17.977+0000] {dag.py:4180} INFO - Setting next_dagrun for latest_only_with_trigger to 2025-02-06 12:00:00+00:00, run_after=2025-02-06 16:00:00+00:00
[2025-02-06T18:48:18.002+0000] {processor.py:208} INFO - Processing /home/airflow/.local/lib/python3.12/site-packages/airflow/example_dags/example_latest_only_with_trigger.py took 0.109 seconds
[2025-02-06T18:48:48.113+0000] {processor.py:186} INFO - Started process (PID=3712) to work on /home/airflow/.local/lib/python3.12/site-packages/airflow/example_dags/example_latest_only_with_trigger.py
[2025-02-06T18:48:48.114+0000] {processor.py:914} INFO - Processing file /home/airflow/.local/lib/python3.12/site-packages/airflow/example_dags/example_latest_only_with_trigger.py for tasks to queue
[2025-02-06T18:48:48.118+0000] {logging_mixin.py:190} INFO - [2025-02-06T18:48:48.118+0000] {dagbag.py:588} INFO - Filling up the DagBag from /home/airflow/.local/lib/python3.12/site-packages/airflow/example_dags/example_latest_only_with_trigger.py
[2025-02-06T18:48:48.130+0000] {processor.py:925} INFO - DAG(s) 'latest_only_with_trigger' retrieved from /home/airflow/.local/lib/python3.12/site-packages/airflow/example_dags/example_latest_only_with_trigger.py
[2025-02-06T18:48:48.175+0000] {logging_mixin.py:190} INFO - [2025-02-06T18:48:48.175+0000] {dag.py:3239} INFO - Sync 1 DAGs
[2025-02-06T18:48:48.221+0000] {logging_mixin.py:190} INFO - [2025-02-06T18:48:48.220+0000] {dag.py:4180} INFO - Setting next_dagrun for latest_only_with_trigger to 2025-02-06 12:00:00+00:00, run_after=2025-02-06 16:00:00+00:00
[2025-02-06T18:48:48.258+0000] {processor.py:208} INFO - Processing /home/airflow/.local/lib/python3.12/site-packages/airflow/example_dags/example_latest_only_with_trigger.py took 0.155 seconds
[2025-02-06T18:49:18.550+0000] {processor.py:186} INFO - Started process (PID=3768) to work on /home/airflow/.local/lib/python3.12/site-packages/airflow/example_dags/example_latest_only_with_trigger.py
[2025-02-06T18:49:18.552+0000] {processor.py:914} INFO - Processing file /home/airflow/.local/lib/python3.12/site-packages/airflow/example_dags/example_latest_only_with_trigger.py for tasks to queue
[2025-02-06T18:49:18.555+0000] {logging_mixin.py:190} INFO - [2025-02-06T18:49:18.554+0000] {dagbag.py:588} INFO - Filling up the DagBag from /home/airflow/.local/lib/python3.12/site-packages/airflow/example_dags/example_latest_only_with_trigger.py
[2025-02-06T18:49:18.565+0000] {processor.py:925} INFO - DAG(s) 'latest_only_with_trigger' retrieved from /home/airflow/.local/lib/python3.12/site-packages/airflow/example_dags/example_latest_only_with_trigger.py
[2025-02-06T18:49:18.592+0000] {logging_mixin.py:190} INFO - [2025-02-06T18:49:18.592+0000] {dag.py:3239} INFO - Sync 1 DAGs
[2025-02-06T18:49:18.629+0000] {logging_mixin.py:190} INFO - [2025-02-06T18:49:18.628+0000] {dag.py:4180} INFO - Setting next_dagrun for latest_only_with_trigger to 2025-02-06 12:00:00+00:00, run_after=2025-02-06 16:00:00+00:00
[2025-02-06T18:49:18.665+0000] {processor.py:208} INFO - Processing /home/airflow/.local/lib/python3.12/site-packages/airflow/example_dags/example_latest_only_with_trigger.py took 0.123 seconds
[2025-02-06T18:49:49.212+0000] {processor.py:186} INFO - Started process (PID=3825) to work on /home/airflow/.local/lib/python3.12/site-packages/airflow/example_dags/example_latest_only_with_trigger.py
[2025-02-06T18:49:49.214+0000] {processor.py:914} INFO - Processing file /home/airflow/.local/lib/python3.12/site-packages/airflow/example_dags/example_latest_only_with_trigger.py for tasks to queue
[2025-02-06T18:49:49.217+0000] {logging_mixin.py:190} INFO - [2025-02-06T18:49:49.217+0000] {dagbag.py:588} INFO - Filling up the DagBag from /home/airflow/.local/lib/python3.12/site-packages/airflow/example_dags/example_latest_only_with_trigger.py
[2025-02-06T18:49:49.239+0000] {processor.py:925} INFO - DAG(s) 'latest_only_with_trigger' retrieved from /home/airflow/.local/lib/python3.12/site-packages/airflow/example_dags/example_latest_only_with_trigger.py
[2025-02-06T18:49:49.285+0000] {logging_mixin.py:190} INFO - [2025-02-06T18:49:49.284+0000] {dag.py:3239} INFO - Sync 1 DAGs
[2025-02-06T18:49:49.324+0000] {logging_mixin.py:190} INFO - [2025-02-06T18:49:49.324+0000] {dag.py:4180} INFO - Setting next_dagrun for latest_only_with_trigger to 2025-02-06 12:00:00+00:00, run_after=2025-02-06 16:00:00+00:00
[2025-02-06T18:49:49.359+0000] {processor.py:208} INFO - Processing /home/airflow/.local/lib/python3.12/site-packages/airflow/example_dags/example_latest_only_with_trigger.py took 0.155 seconds
[2025-02-06T18:50:19.601+0000] {processor.py:186} INFO - Started process (PID=3882) to work on /home/airflow/.local/lib/python3.12/site-packages/airflow/example_dags/example_latest_only_with_trigger.py
[2025-02-06T18:50:19.607+0000] {processor.py:914} INFO - Processing file /home/airflow/.local/lib/python3.12/site-packages/airflow/example_dags/example_latest_only_with_trigger.py for tasks to queue
[2025-02-06T18:50:19.613+0000] {logging_mixin.py:190} INFO - [2025-02-06T18:50:19.612+0000] {dagbag.py:588} INFO - Filling up the DagBag from /home/airflow/.local/lib/python3.12/site-packages/airflow/example_dags/example_latest_only_with_trigger.py
[2025-02-06T18:50:19.633+0000] {processor.py:925} INFO - DAG(s) 'latest_only_with_trigger' retrieved from /home/airflow/.local/lib/python3.12/site-packages/airflow/example_dags/example_latest_only_with_trigger.py
[2025-02-06T18:50:19.684+0000] {logging_mixin.py:190} INFO - [2025-02-06T18:50:19.683+0000] {dag.py:3239} INFO - Sync 1 DAGs
[2025-02-06T18:50:19.768+0000] {logging_mixin.py:190} INFO - [2025-02-06T18:50:19.767+0000] {dag.py:4180} INFO - Setting next_dagrun for latest_only_with_trigger to 2025-02-06 12:00:00+00:00, run_after=2025-02-06 16:00:00+00:00
[2025-02-06T18:50:19.802+0000] {processor.py:208} INFO - Processing /home/airflow/.local/lib/python3.12/site-packages/airflow/example_dags/example_latest_only_with_trigger.py took 0.216 seconds
[2025-02-06T18:50:50.411+0000] {processor.py:186} INFO - Started process (PID=3939) to work on /home/airflow/.local/lib/python3.12/site-packages/airflow/example_dags/example_latest_only_with_trigger.py
[2025-02-06T18:50:50.413+0000] {processor.py:914} INFO - Processing file /home/airflow/.local/lib/python3.12/site-packages/airflow/example_dags/example_latest_only_with_trigger.py for tasks to queue
[2025-02-06T18:50:50.416+0000] {logging_mixin.py:190} INFO - [2025-02-06T18:50:50.415+0000] {dagbag.py:588} INFO - Filling up the DagBag from /home/airflow/.local/lib/python3.12/site-packages/airflow/example_dags/example_latest_only_with_trigger.py
[2025-02-06T18:50:50.426+0000] {processor.py:925} INFO - DAG(s) 'latest_only_with_trigger' retrieved from /home/airflow/.local/lib/python3.12/site-packages/airflow/example_dags/example_latest_only_with_trigger.py
[2025-02-06T18:50:50.456+0000] {logging_mixin.py:190} INFO - [2025-02-06T18:50:50.455+0000] {dag.py:3239} INFO - Sync 1 DAGs
[2025-02-06T18:50:50.492+0000] {logging_mixin.py:190} INFO - [2025-02-06T18:50:50.492+0000] {dag.py:4180} INFO - Setting next_dagrun for latest_only_with_trigger to 2025-02-06 12:00:00+00:00, run_after=2025-02-06 16:00:00+00:00
[2025-02-06T18:50:50.518+0000] {processor.py:208} INFO - Processing /home/airflow/.local/lib/python3.12/site-packages/airflow/example_dags/example_latest_only_with_trigger.py took 0.116 seconds
[2025-02-06T18:51:20.781+0000] {processor.py:186} INFO - Started process (PID=3996) to work on /home/airflow/.local/lib/python3.12/site-packages/airflow/example_dags/example_latest_only_with_trigger.py
[2025-02-06T18:51:20.782+0000] {processor.py:914} INFO - Processing file /home/airflow/.local/lib/python3.12/site-packages/airflow/example_dags/example_latest_only_with_trigger.py for tasks to queue
[2025-02-06T18:51:20.785+0000] {logging_mixin.py:190} INFO - [2025-02-06T18:51:20.785+0000] {dagbag.py:588} INFO - Filling up the DagBag from /home/airflow/.local/lib/python3.12/site-packages/airflow/example_dags/example_latest_only_with_trigger.py
[2025-02-06T18:51:20.795+0000] {processor.py:925} INFO - DAG(s) 'latest_only_with_trigger' retrieved from /home/airflow/.local/lib/python3.12/site-packages/airflow/example_dags/example_latest_only_with_trigger.py
[2025-02-06T18:51:20.823+0000] {logging_mixin.py:190} INFO - [2025-02-06T18:51:20.823+0000] {dag.py:3239} INFO - Sync 1 DAGs
[2025-02-06T18:51:20.859+0000] {logging_mixin.py:190} INFO - [2025-02-06T18:51:20.858+0000] {dag.py:4180} INFO - Setting next_dagrun for latest_only_with_trigger to 2025-02-06 12:00:00+00:00, run_after=2025-02-06 16:00:00+00:00
[2025-02-06T18:51:20.894+0000] {processor.py:208} INFO - Processing /home/airflow/.local/lib/python3.12/site-packages/airflow/example_dags/example_latest_only_with_trigger.py took 0.121 seconds
[2025-02-06T18:51:51.254+0000] {processor.py:186} INFO - Started process (PID=4053) to work on /home/airflow/.local/lib/python3.12/site-packages/airflow/example_dags/example_latest_only_with_trigger.py
[2025-02-06T18:51:51.256+0000] {processor.py:914} INFO - Processing file /home/airflow/.local/lib/python3.12/site-packages/airflow/example_dags/example_latest_only_with_trigger.py for tasks to queue
[2025-02-06T18:51:51.260+0000] {logging_mixin.py:190} INFO - [2025-02-06T18:51:51.259+0000] {dagbag.py:588} INFO - Filling up the DagBag from /home/airflow/.local/lib/python3.12/site-packages/airflow/example_dags/example_latest_only_with_trigger.py
[2025-02-06T18:51:51.275+0000] {processor.py:925} INFO - DAG(s) 'latest_only_with_trigger' retrieved from /home/airflow/.local/lib/python3.12/site-packages/airflow/example_dags/example_latest_only_with_trigger.py
[2025-02-06T18:51:51.308+0000] {logging_mixin.py:190} INFO - [2025-02-06T18:51:51.307+0000] {dag.py:3239} INFO - Sync 1 DAGs
[2025-02-06T18:51:51.343+0000] {logging_mixin.py:190} INFO - [2025-02-06T18:51:51.343+0000] {dag.py:4180} INFO - Setting next_dagrun for latest_only_with_trigger to 2025-02-06 12:00:00+00:00, run_after=2025-02-06 16:00:00+00:00
[2025-02-06T18:51:51.374+0000] {processor.py:208} INFO - Processing /home/airflow/.local/lib/python3.12/site-packages/airflow/example_dags/example_latest_only_with_trigger.py took 0.133 seconds
[2025-02-06T18:52:21.465+0000] {processor.py:186} INFO - Started process (PID=4108) to work on /home/airflow/.local/lib/python3.12/site-packages/airflow/example_dags/example_latest_only_with_trigger.py
[2025-02-06T18:52:21.467+0000] {processor.py:914} INFO - Processing file /home/airflow/.local/lib/python3.12/site-packages/airflow/example_dags/example_latest_only_with_trigger.py for tasks to queue
[2025-02-06T18:52:21.469+0000] {logging_mixin.py:190} INFO - [2025-02-06T18:52:21.469+0000] {dagbag.py:588} INFO - Filling up the DagBag from /home/airflow/.local/lib/python3.12/site-packages/airflow/example_dags/example_latest_only_with_trigger.py
[2025-02-06T18:52:21.479+0000] {processor.py:925} INFO - DAG(s) 'latest_only_with_trigger' retrieved from /home/airflow/.local/lib/python3.12/site-packages/airflow/example_dags/example_latest_only_with_trigger.py
[2025-02-06T18:52:21.507+0000] {logging_mixin.py:190} INFO - [2025-02-06T18:52:21.507+0000] {dag.py:3239} INFO - Sync 1 DAGs
[2025-02-06T18:52:21.545+0000] {logging_mixin.py:190} INFO - [2025-02-06T18:52:21.545+0000] {dag.py:4180} INFO - Setting next_dagrun for latest_only_with_trigger to 2025-02-06 12:00:00+00:00, run_after=2025-02-06 16:00:00+00:00
[2025-02-06T18:52:21.583+0000] {processor.py:208} INFO - Processing /home/airflow/.local/lib/python3.12/site-packages/airflow/example_dags/example_latest_only_with_trigger.py took 0.127 seconds
[2025-02-06T18:52:51.756+0000] {processor.py:186} INFO - Started process (PID=4165) to work on /home/airflow/.local/lib/python3.12/site-packages/airflow/example_dags/example_latest_only_with_trigger.py
[2025-02-06T18:52:51.757+0000] {processor.py:914} INFO - Processing file /home/airflow/.local/lib/python3.12/site-packages/airflow/example_dags/example_latest_only_with_trigger.py for tasks to queue
[2025-02-06T18:52:51.762+0000] {logging_mixin.py:190} INFO - [2025-02-06T18:52:51.762+0000] {dagbag.py:588} INFO - Filling up the DagBag from /home/airflow/.local/lib/python3.12/site-packages/airflow/example_dags/example_latest_only_with_trigger.py
[2025-02-06T18:52:51.776+0000] {processor.py:925} INFO - DAG(s) 'latest_only_with_trigger' retrieved from /home/airflow/.local/lib/python3.12/site-packages/airflow/example_dags/example_latest_only_with_trigger.py
[2025-02-06T18:52:51.808+0000] {logging_mixin.py:190} INFO - [2025-02-06T18:52:51.807+0000] {dag.py:3239} INFO - Sync 1 DAGs
[2025-02-06T18:52:51.851+0000] {logging_mixin.py:190} INFO - [2025-02-06T18:52:51.851+0000] {dag.py:4180} INFO - Setting next_dagrun for latest_only_with_trigger to 2025-02-06 12:00:00+00:00, run_after=2025-02-06 16:00:00+00:00
[2025-02-06T18:52:51.881+0000] {processor.py:208} INFO - Processing /home/airflow/.local/lib/python3.12/site-packages/airflow/example_dags/example_latest_only_with_trigger.py took 0.135 seconds
[2025-02-06T18:53:21.997+0000] {processor.py:186} INFO - Started process (PID=4222) to work on /home/airflow/.local/lib/python3.12/site-packages/airflow/example_dags/example_latest_only_with_trigger.py
[2025-02-06T18:53:21.998+0000] {processor.py:914} INFO - Processing file /home/airflow/.local/lib/python3.12/site-packages/airflow/example_dags/example_latest_only_with_trigger.py for tasks to queue
[2025-02-06T18:53:22.001+0000] {logging_mixin.py:190} INFO - [2025-02-06T18:53:22.000+0000] {dagbag.py:588} INFO - Filling up the DagBag from /home/airflow/.local/lib/python3.12/site-packages/airflow/example_dags/example_latest_only_with_trigger.py
[2025-02-06T18:53:22.011+0000] {processor.py:925} INFO - DAG(s) 'latest_only_with_trigger' retrieved from /home/airflow/.local/lib/python3.12/site-packages/airflow/example_dags/example_latest_only_with_trigger.py
[2025-02-06T18:53:22.038+0000] {logging_mixin.py:190} INFO - [2025-02-06T18:53:22.037+0000] {dag.py:3239} INFO - Sync 1 DAGs
[2025-02-06T18:53:22.067+0000] {logging_mixin.py:190} INFO - [2025-02-06T18:53:22.066+0000] {dag.py:4180} INFO - Setting next_dagrun for latest_only_with_trigger to 2025-02-06 12:00:00+00:00, run_after=2025-02-06 16:00:00+00:00
[2025-02-06T18:53:22.096+0000] {processor.py:208} INFO - Processing /home/airflow/.local/lib/python3.12/site-packages/airflow/example_dags/example_latest_only_with_trigger.py took 0.107 seconds
[2025-02-06T18:53:52.337+0000] {processor.py:186} INFO - Started process (PID=4279) to work on /home/airflow/.local/lib/python3.12/site-packages/airflow/example_dags/example_latest_only_with_trigger.py
[2025-02-06T18:53:52.339+0000] {processor.py:914} INFO - Processing file /home/airflow/.local/lib/python3.12/site-packages/airflow/example_dags/example_latest_only_with_trigger.py for tasks to queue
[2025-02-06T18:53:52.342+0000] {logging_mixin.py:190} INFO - [2025-02-06T18:53:52.341+0000] {dagbag.py:588} INFO - Filling up the DagBag from /home/airflow/.local/lib/python3.12/site-packages/airflow/example_dags/example_latest_only_with_trigger.py
[2025-02-06T18:53:52.353+0000] {processor.py:925} INFO - DAG(s) 'latest_only_with_trigger' retrieved from /home/airflow/.local/lib/python3.12/site-packages/airflow/example_dags/example_latest_only_with_trigger.py
[2025-02-06T18:53:52.380+0000] {logging_mixin.py:190} INFO - [2025-02-06T18:53:52.380+0000] {dag.py:3239} INFO - Sync 1 DAGs
[2025-02-06T18:53:52.415+0000] {logging_mixin.py:190} INFO - [2025-02-06T18:53:52.414+0000] {dag.py:4180} INFO - Setting next_dagrun for latest_only_with_trigger to 2025-02-06 12:00:00+00:00, run_after=2025-02-06 16:00:00+00:00
[2025-02-06T18:53:52.441+0000] {processor.py:208} INFO - Processing /home/airflow/.local/lib/python3.12/site-packages/airflow/example_dags/example_latest_only_with_trigger.py took 0.112 seconds
[2025-02-06T18:54:22.707+0000] {processor.py:186} INFO - Started process (PID=4336) to work on /home/airflow/.local/lib/python3.12/site-packages/airflow/example_dags/example_latest_only_with_trigger.py
[2025-02-06T18:54:22.709+0000] {processor.py:914} INFO - Processing file /home/airflow/.local/lib/python3.12/site-packages/airflow/example_dags/example_latest_only_with_trigger.py for tasks to queue
[2025-02-06T18:54:22.712+0000] {logging_mixin.py:190} INFO - [2025-02-06T18:54:22.712+0000] {dagbag.py:588} INFO - Filling up the DagBag from /home/airflow/.local/lib/python3.12/site-packages/airflow/example_dags/example_latest_only_with_trigger.py
[2025-02-06T18:54:22.725+0000] {processor.py:925} INFO - DAG(s) 'latest_only_with_trigger' retrieved from /home/airflow/.local/lib/python3.12/site-packages/airflow/example_dags/example_latest_only_with_trigger.py
[2025-02-06T18:54:22.758+0000] {logging_mixin.py:190} INFO - [2025-02-06T18:54:22.757+0000] {dag.py:3239} INFO - Sync 1 DAGs
[2025-02-06T18:54:22.790+0000] {logging_mixin.py:190} INFO - [2025-02-06T18:54:22.790+0000] {dag.py:4180} INFO - Setting next_dagrun for latest_only_with_trigger to 2025-02-06 12:00:00+00:00, run_after=2025-02-06 16:00:00+00:00
[2025-02-06T18:54:22.814+0000] {processor.py:208} INFO - Processing /home/airflow/.local/lib/python3.12/site-packages/airflow/example_dags/example_latest_only_with_trigger.py took 0.117 seconds
[2025-02-06T18:54:53.519+0000] {processor.py:186} INFO - Started process (PID=4393) to work on /home/airflow/.local/lib/python3.12/site-packages/airflow/example_dags/example_latest_only_with_trigger.py
[2025-02-06T18:54:53.522+0000] {processor.py:914} INFO - Processing file /home/airflow/.local/lib/python3.12/site-packages/airflow/example_dags/example_latest_only_with_trigger.py for tasks to queue
[2025-02-06T18:54:53.528+0000] {logging_mixin.py:190} INFO - [2025-02-06T18:54:53.528+0000] {dagbag.py:588} INFO - Filling up the DagBag from /home/airflow/.local/lib/python3.12/site-packages/airflow/example_dags/example_latest_only_with_trigger.py
[2025-02-06T18:54:53.563+0000] {processor.py:925} INFO - DAG(s) 'latest_only_with_trigger' retrieved from /home/airflow/.local/lib/python3.12/site-packages/airflow/example_dags/example_latest_only_with_trigger.py
[2025-02-06T18:54:53.637+0000] {logging_mixin.py:190} INFO - [2025-02-06T18:54:53.636+0000] {dag.py:3239} INFO - Sync 1 DAGs
[2025-02-06T18:54:53.767+0000] {logging_mixin.py:190} INFO - [2025-02-06T18:54:53.764+0000] {dag.py:4180} INFO - Setting next_dagrun for latest_only_with_trigger to 2025-02-06 12:00:00+00:00, run_after=2025-02-06 16:00:00+00:00
[2025-02-06T18:54:53.831+0000] {processor.py:208} INFO - Processing /home/airflow/.local/lib/python3.12/site-packages/airflow/example_dags/example_latest_only_with_trigger.py took 0.336 seconds
[2025-02-06T18:55:23.892+0000] {processor.py:186} INFO - Started process (PID=4450) to work on /home/airflow/.local/lib/python3.12/site-packages/airflow/example_dags/example_latest_only_with_trigger.py
[2025-02-06T18:55:23.894+0000] {processor.py:914} INFO - Processing file /home/airflow/.local/lib/python3.12/site-packages/airflow/example_dags/example_latest_only_with_trigger.py for tasks to queue
[2025-02-06T18:55:23.899+0000] {logging_mixin.py:190} INFO - [2025-02-06T18:55:23.898+0000] {dagbag.py:588} INFO - Filling up the DagBag from /home/airflow/.local/lib/python3.12/site-packages/airflow/example_dags/example_latest_only_with_trigger.py
[2025-02-06T18:55:23.918+0000] {processor.py:925} INFO - DAG(s) 'latest_only_with_trigger' retrieved from /home/airflow/.local/lib/python3.12/site-packages/airflow/example_dags/example_latest_only_with_trigger.py
[2025-02-06T18:55:23.951+0000] {logging_mixin.py:190} INFO - [2025-02-06T18:55:23.950+0000] {dag.py:3239} INFO - Sync 1 DAGs
[2025-02-06T18:55:23.984+0000] {logging_mixin.py:190} INFO - [2025-02-06T18:55:23.984+0000] {dag.py:4180} INFO - Setting next_dagrun for latest_only_with_trigger to 2025-02-06 12:00:00+00:00, run_after=2025-02-06 16:00:00+00:00
[2025-02-06T18:55:24.007+0000] {processor.py:208} INFO - Processing /home/airflow/.local/lib/python3.12/site-packages/airflow/example_dags/example_latest_only_with_trigger.py took 0.126 seconds
[2025-02-06T18:55:54.789+0000] {processor.py:186} INFO - Started process (PID=4507) to work on /home/airflow/.local/lib/python3.12/site-packages/airflow/example_dags/example_latest_only_with_trigger.py
[2025-02-06T18:55:54.790+0000] {processor.py:914} INFO - Processing file /home/airflow/.local/lib/python3.12/site-packages/airflow/example_dags/example_latest_only_with_trigger.py for tasks to queue
[2025-02-06T18:55:54.794+0000] {logging_mixin.py:190} INFO - [2025-02-06T18:55:54.794+0000] {dagbag.py:588} INFO - Filling up the DagBag from /home/airflow/.local/lib/python3.12/site-packages/airflow/example_dags/example_latest_only_with_trigger.py
[2025-02-06T18:55:54.805+0000] {processor.py:925} INFO - DAG(s) 'latest_only_with_trigger' retrieved from /home/airflow/.local/lib/python3.12/site-packages/airflow/example_dags/example_latest_only_with_trigger.py
[2025-02-06T18:55:54.835+0000] {logging_mixin.py:190} INFO - [2025-02-06T18:55:54.834+0000] {dag.py:3239} INFO - Sync 1 DAGs
[2025-02-06T18:55:54.873+0000] {logging_mixin.py:190} INFO - [2025-02-06T18:55:54.873+0000] {dag.py:4180} INFO - Setting next_dagrun for latest_only_with_trigger to 2025-02-06 12:00:00+00:00, run_after=2025-02-06 16:00:00+00:00
[2025-02-06T18:55:54.897+0000] {processor.py:208} INFO - Processing /home/airflow/.local/lib/python3.12/site-packages/airflow/example_dags/example_latest_only_with_trigger.py took 0.115 seconds
[2025-02-06T18:56:25.154+0000] {processor.py:186} INFO - Started process (PID=4564) to work on /home/airflow/.local/lib/python3.12/site-packages/airflow/example_dags/example_latest_only_with_trigger.py
[2025-02-06T18:56:25.155+0000] {processor.py:914} INFO - Processing file /home/airflow/.local/lib/python3.12/site-packages/airflow/example_dags/example_latest_only_with_trigger.py for tasks to queue
[2025-02-06T18:56:25.159+0000] {logging_mixin.py:190} INFO - [2025-02-06T18:56:25.158+0000] {dagbag.py:588} INFO - Filling up the DagBag from /home/airflow/.local/lib/python3.12/site-packages/airflow/example_dags/example_latest_only_with_trigger.py
[2025-02-06T18:56:25.171+0000] {processor.py:925} INFO - DAG(s) 'latest_only_with_trigger' retrieved from /home/airflow/.local/lib/python3.12/site-packages/airflow/example_dags/example_latest_only_with_trigger.py
[2025-02-06T18:56:25.204+0000] {logging_mixin.py:190} INFO - [2025-02-06T18:56:25.204+0000] {dag.py:3239} INFO - Sync 1 DAGs
[2025-02-06T18:56:25.248+0000] {logging_mixin.py:190} INFO - [2025-02-06T18:56:25.247+0000] {dag.py:4180} INFO - Setting next_dagrun for latest_only_with_trigger to 2025-02-06 12:00:00+00:00, run_after=2025-02-06 16:00:00+00:00
[2025-02-06T18:56:25.285+0000] {processor.py:208} INFO - Processing /home/airflow/.local/lib/python3.12/site-packages/airflow/example_dags/example_latest_only_with_trigger.py took 0.140 seconds
[2025-02-06T18:56:55.611+0000] {processor.py:186} INFO - Started process (PID=4621) to work on /home/airflow/.local/lib/python3.12/site-packages/airflow/example_dags/example_latest_only_with_trigger.py
[2025-02-06T18:56:55.612+0000] {processor.py:914} INFO - Processing file /home/airflow/.local/lib/python3.12/site-packages/airflow/example_dags/example_latest_only_with_trigger.py for tasks to queue
[2025-02-06T18:56:55.618+0000] {logging_mixin.py:190} INFO - [2025-02-06T18:56:55.617+0000] {dagbag.py:588} INFO - Filling up the DagBag from /home/airflow/.local/lib/python3.12/site-packages/airflow/example_dags/example_latest_only_with_trigger.py
[2025-02-06T18:56:55.635+0000] {processor.py:925} INFO - DAG(s) 'latest_only_with_trigger' retrieved from /home/airflow/.local/lib/python3.12/site-packages/airflow/example_dags/example_latest_only_with_trigger.py
[2025-02-06T18:56:55.677+0000] {logging_mixin.py:190} INFO - [2025-02-06T18:56:55.676+0000] {dag.py:3239} INFO - Sync 1 DAGs
[2025-02-06T18:56:55.725+0000] {logging_mixin.py:190} INFO - [2025-02-06T18:56:55.725+0000] {dag.py:4180} INFO - Setting next_dagrun for latest_only_with_trigger to 2025-02-06 12:00:00+00:00, run_after=2025-02-06 16:00:00+00:00
[2025-02-06T18:56:55.782+0000] {processor.py:208} INFO - Processing /home/airflow/.local/lib/python3.12/site-packages/airflow/example_dags/example_latest_only_with_trigger.py took 0.181 seconds
[2025-02-06T18:57:26.079+0000] {processor.py:186} INFO - Started process (PID=4678) to work on /home/airflow/.local/lib/python3.12/site-packages/airflow/example_dags/example_latest_only_with_trigger.py
[2025-02-06T18:57:26.080+0000] {processor.py:914} INFO - Processing file /home/airflow/.local/lib/python3.12/site-packages/airflow/example_dags/example_latest_only_with_trigger.py for tasks to queue
[2025-02-06T18:57:26.084+0000] {logging_mixin.py:190} INFO - [2025-02-06T18:57:26.084+0000] {dagbag.py:588} INFO - Filling up the DagBag from /home/airflow/.local/lib/python3.12/site-packages/airflow/example_dags/example_latest_only_with_trigger.py
[2025-02-06T18:57:26.097+0000] {processor.py:925} INFO - DAG(s) 'latest_only_with_trigger' retrieved from /home/airflow/.local/lib/python3.12/site-packages/airflow/example_dags/example_latest_only_with_trigger.py
[2025-02-06T18:57:26.127+0000] {logging_mixin.py:190} INFO - [2025-02-06T18:57:26.127+0000] {dag.py:3239} INFO - Sync 1 DAGs
[2025-02-06T18:57:26.167+0000] {logging_mixin.py:190} INFO - [2025-02-06T18:57:26.167+0000] {dag.py:4180} INFO - Setting next_dagrun for latest_only_with_trigger to 2025-02-06 12:00:00+00:00, run_after=2025-02-06 16:00:00+00:00
[2025-02-06T18:57:26.200+0000] {processor.py:208} INFO - Processing /home/airflow/.local/lib/python3.12/site-packages/airflow/example_dags/example_latest_only_with_trigger.py took 0.130 seconds
[2025-02-06T18:57:57.359+0000] {processor.py:186} INFO - Started process (PID=4730) to work on /home/airflow/.local/lib/python3.12/site-packages/airflow/example_dags/example_latest_only_with_trigger.py
[2025-02-06T18:57:57.361+0000] {processor.py:914} INFO - Processing file /home/airflow/.local/lib/python3.12/site-packages/airflow/example_dags/example_latest_only_with_trigger.py for tasks to queue
[2025-02-06T18:57:57.365+0000] {logging_mixin.py:190} INFO - [2025-02-06T18:57:57.365+0000] {dagbag.py:588} INFO - Filling up the DagBag from /home/airflow/.local/lib/python3.12/site-packages/airflow/example_dags/example_latest_only_with_trigger.py
[2025-02-06T18:57:57.379+0000] {processor.py:925} INFO - DAG(s) 'latest_only_with_trigger' retrieved from /home/airflow/.local/lib/python3.12/site-packages/airflow/example_dags/example_latest_only_with_trigger.py
[2025-02-06T18:57:57.411+0000] {logging_mixin.py:190} INFO - [2025-02-06T18:57:57.410+0000] {dag.py:3239} INFO - Sync 1 DAGs
[2025-02-06T18:57:57.460+0000] {logging_mixin.py:190} INFO - [2025-02-06T18:57:57.459+0000] {dag.py:4180} INFO - Setting next_dagrun for latest_only_with_trigger to 2025-02-06 12:00:00+00:00, run_after=2025-02-06 16:00:00+00:00
[2025-02-06T18:57:57.502+0000] {processor.py:208} INFO - Processing /home/airflow/.local/lib/python3.12/site-packages/airflow/example_dags/example_latest_only_with_trigger.py took 0.153 seconds
[2025-02-06T18:58:28.074+0000] {processor.py:186} INFO - Started process (PID=4773) to work on /home/airflow/.local/lib/python3.12/site-packages/airflow/example_dags/example_latest_only_with_trigger.py
[2025-02-06T18:58:28.075+0000] {processor.py:914} INFO - Processing file /home/airflow/.local/lib/python3.12/site-packages/airflow/example_dags/example_latest_only_with_trigger.py for tasks to queue
[2025-02-06T18:58:28.079+0000] {logging_mixin.py:190} INFO - [2025-02-06T18:58:28.078+0000] {dagbag.py:588} INFO - Filling up the DagBag from /home/airflow/.local/lib/python3.12/site-packages/airflow/example_dags/example_latest_only_with_trigger.py
[2025-02-06T18:58:28.093+0000] {processor.py:925} INFO - DAG(s) 'latest_only_with_trigger' retrieved from /home/airflow/.local/lib/python3.12/site-packages/airflow/example_dags/example_latest_only_with_trigger.py
[2025-02-06T18:58:28.127+0000] {logging_mixin.py:190} INFO - [2025-02-06T18:58:28.126+0000] {dag.py:3239} INFO - Sync 1 DAGs
[2025-02-06T18:58:28.186+0000] {logging_mixin.py:190} INFO - [2025-02-06T18:58:28.186+0000] {dag.py:4180} INFO - Setting next_dagrun for latest_only_with_trigger to 2025-02-06 12:00:00+00:00, run_after=2025-02-06 16:00:00+00:00
[2025-02-06T18:58:28.244+0000] {processor.py:208} INFO - Processing /home/airflow/.local/lib/python3.12/site-packages/airflow/example_dags/example_latest_only_with_trigger.py took 0.181 seconds
[2025-02-06T18:58:59.610+0000] {processor.py:186} INFO - Started process (PID=4830) to work on /home/airflow/.local/lib/python3.12/site-packages/airflow/example_dags/example_latest_only_with_trigger.py
[2025-02-06T18:58:59.612+0000] {processor.py:914} INFO - Processing file /home/airflow/.local/lib/python3.12/site-packages/airflow/example_dags/example_latest_only_with_trigger.py for tasks to queue
[2025-02-06T18:58:59.619+0000] {logging_mixin.py:190} INFO - [2025-02-06T18:58:59.618+0000] {dagbag.py:588} INFO - Filling up the DagBag from /home/airflow/.local/lib/python3.12/site-packages/airflow/example_dags/example_latest_only_with_trigger.py
[2025-02-06T18:58:59.637+0000] {processor.py:925} INFO - DAG(s) 'latest_only_with_trigger' retrieved from /home/airflow/.local/lib/python3.12/site-packages/airflow/example_dags/example_latest_only_with_trigger.py
[2025-02-06T18:58:59.680+0000] {logging_mixin.py:190} INFO - [2025-02-06T18:58:59.680+0000] {dag.py:3239} INFO - Sync 1 DAGs
[2025-02-06T18:58:59.742+0000] {logging_mixin.py:190} INFO - [2025-02-06T18:58:59.742+0000] {dag.py:4180} INFO - Setting next_dagrun for latest_only_with_trigger to 2025-02-06 12:00:00+00:00, run_after=2025-02-06 16:00:00+00:00
[2025-02-06T18:58:59.787+0000] {processor.py:208} INFO - Processing /home/airflow/.local/lib/python3.12/site-packages/airflow/example_dags/example_latest_only_with_trigger.py took 0.192 seconds
[2025-02-06T18:59:30.213+0000] {processor.py:186} INFO - Started process (PID=4886) to work on /home/airflow/.local/lib/python3.12/site-packages/airflow/example_dags/example_latest_only_with_trigger.py
[2025-02-06T18:59:30.216+0000] {processor.py:914} INFO - Processing file /home/airflow/.local/lib/python3.12/site-packages/airflow/example_dags/example_latest_only_with_trigger.py for tasks to queue
[2025-02-06T18:59:30.220+0000] {logging_mixin.py:190} INFO - [2025-02-06T18:59:30.219+0000] {dagbag.py:588} INFO - Filling up the DagBag from /home/airflow/.local/lib/python3.12/site-packages/airflow/example_dags/example_latest_only_with_trigger.py
[2025-02-06T18:59:30.236+0000] {processor.py:925} INFO - DAG(s) 'latest_only_with_trigger' retrieved from /home/airflow/.local/lib/python3.12/site-packages/airflow/example_dags/example_latest_only_with_trigger.py
[2025-02-06T18:59:30.284+0000] {logging_mixin.py:190} INFO - [2025-02-06T18:59:30.283+0000] {dag.py:3239} INFO - Sync 1 DAGs
[2025-02-06T18:59:30.391+0000] {logging_mixin.py:190} INFO - [2025-02-06T18:59:30.390+0000] {dag.py:4180} INFO - Setting next_dagrun for latest_only_with_trigger to 2025-02-06 12:00:00+00:00, run_after=2025-02-06 16:00:00+00:00
[2025-02-06T18:59:30.466+0000] {processor.py:208} INFO - Processing /home/airflow/.local/lib/python3.12/site-packages/airflow/example_dags/example_latest_only_with_trigger.py took 0.265 seconds
[2025-02-06T19:00:00.785+0000] {processor.py:186} INFO - Started process (PID=4940) to work on /home/airflow/.local/lib/python3.12/site-packages/airflow/example_dags/example_latest_only_with_trigger.py
[2025-02-06T19:00:00.787+0000] {processor.py:914} INFO - Processing file /home/airflow/.local/lib/python3.12/site-packages/airflow/example_dags/example_latest_only_with_trigger.py for tasks to queue
[2025-02-06T19:00:00.791+0000] {logging_mixin.py:190} INFO - [2025-02-06T19:00:00.790+0000] {dagbag.py:588} INFO - Filling up the DagBag from /home/airflow/.local/lib/python3.12/site-packages/airflow/example_dags/example_latest_only_with_trigger.py
[2025-02-06T19:00:00.803+0000] {processor.py:925} INFO - DAG(s) 'latest_only_with_trigger' retrieved from /home/airflow/.local/lib/python3.12/site-packages/airflow/example_dags/example_latest_only_with_trigger.py
[2025-02-06T19:00:00.834+0000] {logging_mixin.py:190} INFO - [2025-02-06T19:00:00.833+0000] {dag.py:3239} INFO - Sync 1 DAGs
[2025-02-06T19:00:00.868+0000] {logging_mixin.py:190} INFO - [2025-02-06T19:00:00.867+0000] {dag.py:4180} INFO - Setting next_dagrun for latest_only_with_trigger to 2025-02-06 12:00:00+00:00, run_after=2025-02-06 16:00:00+00:00
[2025-02-06T19:00:00.897+0000] {processor.py:208} INFO - Processing /home/airflow/.local/lib/python3.12/site-packages/airflow/example_dags/example_latest_only_with_trigger.py took 0.123 seconds
[2025-02-06T19:00:31.429+0000] {processor.py:186} INFO - Started process (PID=4996) to work on /home/airflow/.local/lib/python3.12/site-packages/airflow/example_dags/example_latest_only_with_trigger.py
[2025-02-06T19:00:31.431+0000] {processor.py:914} INFO - Processing file /home/airflow/.local/lib/python3.12/site-packages/airflow/example_dags/example_latest_only_with_trigger.py for tasks to queue
[2025-02-06T19:00:31.435+0000] {logging_mixin.py:190} INFO - [2025-02-06T19:00:31.434+0000] {dagbag.py:588} INFO - Filling up the DagBag from /home/airflow/.local/lib/python3.12/site-packages/airflow/example_dags/example_latest_only_with_trigger.py
[2025-02-06T19:00:31.448+0000] {processor.py:925} INFO - DAG(s) 'latest_only_with_trigger' retrieved from /home/airflow/.local/lib/python3.12/site-packages/airflow/example_dags/example_latest_only_with_trigger.py
[2025-02-06T19:00:31.478+0000] {logging_mixin.py:190} INFO - [2025-02-06T19:00:31.478+0000] {dag.py:3239} INFO - Sync 1 DAGs
[2025-02-06T19:00:31.521+0000] {logging_mixin.py:190} INFO - [2025-02-06T19:00:31.521+0000] {dag.py:4180} INFO - Setting next_dagrun for latest_only_with_trigger to 2025-02-06 12:00:00+00:00, run_after=2025-02-06 16:00:00+00:00
[2025-02-06T19:00:31.548+0000] {processor.py:208} INFO - Processing /home/airflow/.local/lib/python3.12/site-packages/airflow/example_dags/example_latest_only_with_trigger.py took 0.130 seconds
[2025-02-06T19:01:01.726+0000] {processor.py:186} INFO - Started process (PID=5048) to work on /home/airflow/.local/lib/python3.12/site-packages/airflow/example_dags/example_latest_only_with_trigger.py
[2025-02-06T19:01:01.728+0000] {processor.py:914} INFO - Processing file /home/airflow/.local/lib/python3.12/site-packages/airflow/example_dags/example_latest_only_with_trigger.py for tasks to queue
[2025-02-06T19:01:01.733+0000] {logging_mixin.py:190} INFO - [2025-02-06T19:01:01.732+0000] {dagbag.py:588} INFO - Filling up the DagBag from /home/airflow/.local/lib/python3.12/site-packages/airflow/example_dags/example_latest_only_with_trigger.py
[2025-02-06T19:01:01.751+0000] {processor.py:925} INFO - DAG(s) 'latest_only_with_trigger' retrieved from /home/airflow/.local/lib/python3.12/site-packages/airflow/example_dags/example_latest_only_with_trigger.py
[2025-02-06T19:01:01.784+0000] {logging_mixin.py:190} INFO - [2025-02-06T19:01:01.783+0000] {dag.py:3239} INFO - Sync 1 DAGs
[2025-02-06T19:01:01.825+0000] {logging_mixin.py:190} INFO - [2025-02-06T19:01:01.825+0000] {dag.py:4180} INFO - Setting next_dagrun for latest_only_with_trigger to 2025-02-06 12:00:00+00:00, run_after=2025-02-06 16:00:00+00:00
[2025-02-06T19:01:01.855+0000] {processor.py:208} INFO - Processing /home/airflow/.local/lib/python3.12/site-packages/airflow/example_dags/example_latest_only_with_trigger.py took 0.142 seconds
[2025-02-06T19:01:32.637+0000] {processor.py:186} INFO - Started process (PID=5105) to work on /home/airflow/.local/lib/python3.12/site-packages/airflow/example_dags/example_latest_only_with_trigger.py
[2025-02-06T19:01:32.639+0000] {processor.py:914} INFO - Processing file /home/airflow/.local/lib/python3.12/site-packages/airflow/example_dags/example_latest_only_with_trigger.py for tasks to queue
[2025-02-06T19:01:32.644+0000] {logging_mixin.py:190} INFO - [2025-02-06T19:01:32.643+0000] {dagbag.py:588} INFO - Filling up the DagBag from /home/airflow/.local/lib/python3.12/site-packages/airflow/example_dags/example_latest_only_with_trigger.py
[2025-02-06T19:01:32.661+0000] {processor.py:925} INFO - DAG(s) 'latest_only_with_trigger' retrieved from /home/airflow/.local/lib/python3.12/site-packages/airflow/example_dags/example_latest_only_with_trigger.py
[2025-02-06T19:01:32.702+0000] {logging_mixin.py:190} INFO - [2025-02-06T19:01:32.701+0000] {dag.py:3239} INFO - Sync 1 DAGs
[2025-02-06T19:01:32.759+0000] {logging_mixin.py:190} INFO - [2025-02-06T19:01:32.759+0000] {dag.py:4180} INFO - Setting next_dagrun for latest_only_with_trigger to 2025-02-06 12:00:00+00:00, run_after=2025-02-06 16:00:00+00:00
[2025-02-06T19:01:32.795+0000] {processor.py:208} INFO - Processing /home/airflow/.local/lib/python3.12/site-packages/airflow/example_dags/example_latest_only_with_trigger.py took 0.170 seconds
[2025-02-06T19:02:03.054+0000] {processor.py:186} INFO - Started process (PID=5162) to work on /home/airflow/.local/lib/python3.12/site-packages/airflow/example_dags/example_latest_only_with_trigger.py
[2025-02-06T19:02:03.055+0000] {processor.py:914} INFO - Processing file /home/airflow/.local/lib/python3.12/site-packages/airflow/example_dags/example_latest_only_with_trigger.py for tasks to queue
[2025-02-06T19:02:03.059+0000] {logging_mixin.py:190} INFO - [2025-02-06T19:02:03.059+0000] {dagbag.py:588} INFO - Filling up the DagBag from /home/airflow/.local/lib/python3.12/site-packages/airflow/example_dags/example_latest_only_with_trigger.py
[2025-02-06T19:02:03.075+0000] {processor.py:925} INFO - DAG(s) 'latest_only_with_trigger' retrieved from /home/airflow/.local/lib/python3.12/site-packages/airflow/example_dags/example_latest_only_with_trigger.py
[2025-02-06T19:02:03.114+0000] {logging_mixin.py:190} INFO - [2025-02-06T19:02:03.114+0000] {dag.py:3239} INFO - Sync 1 DAGs
[2025-02-06T19:02:03.158+0000] {logging_mixin.py:190} INFO - [2025-02-06T19:02:03.157+0000] {dag.py:4180} INFO - Setting next_dagrun for latest_only_with_trigger to 2025-02-06 12:00:00+00:00, run_after=2025-02-06 16:00:00+00:00
[2025-02-06T19:02:03.197+0000] {processor.py:208} INFO - Processing /home/airflow/.local/lib/python3.12/site-packages/airflow/example_dags/example_latest_only_with_trigger.py took 0.160 seconds
[2025-02-06T19:02:33.332+0000] {processor.py:186} INFO - Started process (PID=5219) to work on /home/airflow/.local/lib/python3.12/site-packages/airflow/example_dags/example_latest_only_with_trigger.py
[2025-02-06T19:02:33.334+0000] {processor.py:914} INFO - Processing file /home/airflow/.local/lib/python3.12/site-packages/airflow/example_dags/example_latest_only_with_trigger.py for tasks to queue
[2025-02-06T19:02:33.339+0000] {logging_mixin.py:190} INFO - [2025-02-06T19:02:33.339+0000] {dagbag.py:588} INFO - Filling up the DagBag from /home/airflow/.local/lib/python3.12/site-packages/airflow/example_dags/example_latest_only_with_trigger.py
[2025-02-06T19:02:33.354+0000] {processor.py:925} INFO - DAG(s) 'latest_only_with_trigger' retrieved from /home/airflow/.local/lib/python3.12/site-packages/airflow/example_dags/example_latest_only_with_trigger.py
[2025-02-06T19:02:33.396+0000] {logging_mixin.py:190} INFO - [2025-02-06T19:02:33.395+0000] {dag.py:3239} INFO - Sync 1 DAGs
[2025-02-06T19:02:33.449+0000] {logging_mixin.py:190} INFO - [2025-02-06T19:02:33.448+0000] {dag.py:4180} INFO - Setting next_dagrun for latest_only_with_trigger to 2025-02-06 12:00:00+00:00, run_after=2025-02-06 16:00:00+00:00
[2025-02-06T19:02:33.478+0000] {processor.py:208} INFO - Processing /home/airflow/.local/lib/python3.12/site-packages/airflow/example_dags/example_latest_only_with_trigger.py took 0.155 seconds
[2025-02-06T19:03:03.707+0000] {processor.py:186} INFO - Started process (PID=5276) to work on /home/airflow/.local/lib/python3.12/site-packages/airflow/example_dags/example_latest_only_with_trigger.py
[2025-02-06T19:03:03.709+0000] {processor.py:914} INFO - Processing file /home/airflow/.local/lib/python3.12/site-packages/airflow/example_dags/example_latest_only_with_trigger.py for tasks to queue
[2025-02-06T19:03:03.714+0000] {logging_mixin.py:190} INFO - [2025-02-06T19:03:03.713+0000] {dagbag.py:588} INFO - Filling up the DagBag from /home/airflow/.local/lib/python3.12/site-packages/airflow/example_dags/example_latest_only_with_trigger.py
[2025-02-06T19:03:03.729+0000] {processor.py:925} INFO - DAG(s) 'latest_only_with_trigger' retrieved from /home/airflow/.local/lib/python3.12/site-packages/airflow/example_dags/example_latest_only_with_trigger.py
[2025-02-06T19:03:03.763+0000] {logging_mixin.py:190} INFO - [2025-02-06T19:03:03.762+0000] {dag.py:3239} INFO - Sync 1 DAGs
[2025-02-06T19:03:03.821+0000] {logging_mixin.py:190} INFO - [2025-02-06T19:03:03.820+0000] {dag.py:4180} INFO - Setting next_dagrun for latest_only_with_trigger to 2025-02-06 12:00:00+00:00, run_after=2025-02-06 16:00:00+00:00
[2025-02-06T19:03:03.854+0000] {processor.py:208} INFO - Processing /home/airflow/.local/lib/python3.12/site-packages/airflow/example_dags/example_latest_only_with_trigger.py took 0.161 seconds
[2025-02-06T19:03:33.999+0000] {processor.py:186} INFO - Started process (PID=5333) to work on /home/airflow/.local/lib/python3.12/site-packages/airflow/example_dags/example_latest_only_with_trigger.py
[2025-02-06T19:03:34.000+0000] {processor.py:914} INFO - Processing file /home/airflow/.local/lib/python3.12/site-packages/airflow/example_dags/example_latest_only_with_trigger.py for tasks to queue
[2025-02-06T19:03:34.003+0000] {logging_mixin.py:190} INFO - [2025-02-06T19:03:34.003+0000] {dagbag.py:588} INFO - Filling up the DagBag from /home/airflow/.local/lib/python3.12/site-packages/airflow/example_dags/example_latest_only_with_trigger.py
[2025-02-06T19:03:34.013+0000] {processor.py:925} INFO - DAG(s) 'latest_only_with_trigger' retrieved from /home/airflow/.local/lib/python3.12/site-packages/airflow/example_dags/example_latest_only_with_trigger.py
[2025-02-06T19:03:34.040+0000] {logging_mixin.py:190} INFO - [2025-02-06T19:03:34.040+0000] {dag.py:3239} INFO - Sync 1 DAGs
[2025-02-06T19:03:34.074+0000] {logging_mixin.py:190} INFO - [2025-02-06T19:03:34.074+0000] {dag.py:4180} INFO - Setting next_dagrun for latest_only_with_trigger to 2025-02-06 12:00:00+00:00, run_after=2025-02-06 16:00:00+00:00
[2025-02-06T19:03:34.101+0000] {processor.py:208} INFO - Processing /home/airflow/.local/lib/python3.12/site-packages/airflow/example_dags/example_latest_only_with_trigger.py took 0.109 seconds
[2025-02-06T19:04:05.033+0000] {processor.py:186} INFO - Started process (PID=5390) to work on /home/airflow/.local/lib/python3.12/site-packages/airflow/example_dags/example_latest_only_with_trigger.py
[2025-02-06T19:04:05.037+0000] {processor.py:914} INFO - Processing file /home/airflow/.local/lib/python3.12/site-packages/airflow/example_dags/example_latest_only_with_trigger.py for tasks to queue
[2025-02-06T19:04:05.044+0000] {logging_mixin.py:190} INFO - [2025-02-06T19:04:05.043+0000] {dagbag.py:588} INFO - Filling up the DagBag from /home/airflow/.local/lib/python3.12/site-packages/airflow/example_dags/example_latest_only_with_trigger.py
[2025-02-06T19:04:05.067+0000] {processor.py:925} INFO - DAG(s) 'latest_only_with_trigger' retrieved from /home/airflow/.local/lib/python3.12/site-packages/airflow/example_dags/example_latest_only_with_trigger.py
[2025-02-06T19:04:05.133+0000] {logging_mixin.py:190} INFO - [2025-02-06T19:04:05.132+0000] {dag.py:3239} INFO - Sync 1 DAGs
[2025-02-06T19:04:05.211+0000] {logging_mixin.py:190} INFO - [2025-02-06T19:04:05.210+0000] {dag.py:4180} INFO - Setting next_dagrun for latest_only_with_trigger to 2025-02-06 12:00:00+00:00, run_after=2025-02-06 16:00:00+00:00
[2025-02-06T19:04:05.269+0000] {processor.py:208} INFO - Processing /home/airflow/.local/lib/python3.12/site-packages/airflow/example_dags/example_latest_only_with_trigger.py took 0.248 seconds
[2025-02-06T19:04:35.489+0000] {processor.py:186} INFO - Started process (PID=5446) to work on /home/airflow/.local/lib/python3.12/site-packages/airflow/example_dags/example_latest_only_with_trigger.py
[2025-02-06T19:04:35.491+0000] {processor.py:914} INFO - Processing file /home/airflow/.local/lib/python3.12/site-packages/airflow/example_dags/example_latest_only_with_trigger.py for tasks to queue
[2025-02-06T19:04:35.494+0000] {logging_mixin.py:190} INFO - [2025-02-06T19:04:35.493+0000] {dagbag.py:588} INFO - Filling up the DagBag from /home/airflow/.local/lib/python3.12/site-packages/airflow/example_dags/example_latest_only_with_trigger.py
[2025-02-06T19:04:35.504+0000] {processor.py:925} INFO - DAG(s) 'latest_only_with_trigger' retrieved from /home/airflow/.local/lib/python3.12/site-packages/airflow/example_dags/example_latest_only_with_trigger.py
[2025-02-06T19:04:35.529+0000] {logging_mixin.py:190} INFO - [2025-02-06T19:04:35.529+0000] {dag.py:3239} INFO - Sync 1 DAGs
[2025-02-06T19:04:35.559+0000] {logging_mixin.py:190} INFO - [2025-02-06T19:04:35.559+0000] {dag.py:4180} INFO - Setting next_dagrun for latest_only_with_trigger to 2025-02-06 12:00:00+00:00, run_after=2025-02-06 16:00:00+00:00
[2025-02-06T19:04:35.581+0000] {processor.py:208} INFO - Processing /home/airflow/.local/lib/python3.12/site-packages/airflow/example_dags/example_latest_only_with_trigger.py took 0.100 seconds
[2025-02-06T19:05:05.726+0000] {processor.py:186} INFO - Started process (PID=5503) to work on /home/airflow/.local/lib/python3.12/site-packages/airflow/example_dags/example_latest_only_with_trigger.py
[2025-02-06T19:05:05.727+0000] {processor.py:914} INFO - Processing file /home/airflow/.local/lib/python3.12/site-packages/airflow/example_dags/example_latest_only_with_trigger.py for tasks to queue
[2025-02-06T19:05:05.730+0000] {logging_mixin.py:190} INFO - [2025-02-06T19:05:05.730+0000] {dagbag.py:588} INFO - Filling up the DagBag from /home/airflow/.local/lib/python3.12/site-packages/airflow/example_dags/example_latest_only_with_trigger.py
[2025-02-06T19:05:05.742+0000] {processor.py:925} INFO - DAG(s) 'latest_only_with_trigger' retrieved from /home/airflow/.local/lib/python3.12/site-packages/airflow/example_dags/example_latest_only_with_trigger.py
[2025-02-06T19:05:05.772+0000] {logging_mixin.py:190} INFO - [2025-02-06T19:05:05.771+0000] {dag.py:3239} INFO - Sync 1 DAGs
[2025-02-06T19:05:05.812+0000] {logging_mixin.py:190} INFO - [2025-02-06T19:05:05.812+0000] {dag.py:4180} INFO - Setting next_dagrun for latest_only_with_trigger to 2025-02-06 12:00:00+00:00, run_after=2025-02-06 16:00:00+00:00
[2025-02-06T19:05:05.845+0000] {processor.py:208} INFO - Processing /home/airflow/.local/lib/python3.12/site-packages/airflow/example_dags/example_latest_only_with_trigger.py took 0.128 seconds
[2025-02-06T19:05:36.157+0000] {processor.py:186} INFO - Started process (PID=5559) to work on /home/airflow/.local/lib/python3.12/site-packages/airflow/example_dags/example_latest_only_with_trigger.py
[2025-02-06T19:05:36.158+0000] {processor.py:914} INFO - Processing file /home/airflow/.local/lib/python3.12/site-packages/airflow/example_dags/example_latest_only_with_trigger.py for tasks to queue
[2025-02-06T19:05:36.162+0000] {logging_mixin.py:190} INFO - [2025-02-06T19:05:36.161+0000] {dagbag.py:588} INFO - Filling up the DagBag from /home/airflow/.local/lib/python3.12/site-packages/airflow/example_dags/example_latest_only_with_trigger.py
[2025-02-06T19:05:36.172+0000] {processor.py:925} INFO - DAG(s) 'latest_only_with_trigger' retrieved from /home/airflow/.local/lib/python3.12/site-packages/airflow/example_dags/example_latest_only_with_trigger.py
[2025-02-06T19:05:36.200+0000] {logging_mixin.py:190} INFO - [2025-02-06T19:05:36.200+0000] {dag.py:3239} INFO - Sync 1 DAGs
[2025-02-06T19:05:36.235+0000] {logging_mixin.py:190} INFO - [2025-02-06T19:05:36.234+0000] {dag.py:4180} INFO - Setting next_dagrun for latest_only_with_trigger to 2025-02-06 12:00:00+00:00, run_after=2025-02-06 16:00:00+00:00
[2025-02-06T19:05:36.261+0000] {processor.py:208} INFO - Processing /home/airflow/.local/lib/python3.12/site-packages/airflow/example_dags/example_latest_only_with_trigger.py took 0.112 seconds
[2025-02-06T19:06:06.786+0000] {processor.py:186} INFO - Started process (PID=5616) to work on /home/airflow/.local/lib/python3.12/site-packages/airflow/example_dags/example_latest_only_with_trigger.py
[2025-02-06T19:06:06.788+0000] {processor.py:914} INFO - Processing file /home/airflow/.local/lib/python3.12/site-packages/airflow/example_dags/example_latest_only_with_trigger.py for tasks to queue
[2025-02-06T19:06:06.792+0000] {logging_mixin.py:190} INFO - [2025-02-06T19:06:06.791+0000] {dagbag.py:588} INFO - Filling up the DagBag from /home/airflow/.local/lib/python3.12/site-packages/airflow/example_dags/example_latest_only_with_trigger.py
[2025-02-06T19:06:06.803+0000] {processor.py:925} INFO - DAG(s) 'latest_only_with_trigger' retrieved from /home/airflow/.local/lib/python3.12/site-packages/airflow/example_dags/example_latest_only_with_trigger.py
[2025-02-06T19:06:06.832+0000] {logging_mixin.py:190} INFO - [2025-02-06T19:06:06.832+0000] {dag.py:3239} INFO - Sync 1 DAGs
[2025-02-06T19:06:06.865+0000] {logging_mixin.py:190} INFO - [2025-02-06T19:06:06.865+0000] {dag.py:4180} INFO - Setting next_dagrun for latest_only_with_trigger to 2025-02-06 12:00:00+00:00, run_after=2025-02-06 16:00:00+00:00
[2025-02-06T19:06:06.888+0000] {processor.py:208} INFO - Processing /home/airflow/.local/lib/python3.12/site-packages/airflow/example_dags/example_latest_only_with_trigger.py took 0.110 seconds
[2025-02-06T19:06:37.106+0000] {processor.py:186} INFO - Started process (PID=5673) to work on /home/airflow/.local/lib/python3.12/site-packages/airflow/example_dags/example_latest_only_with_trigger.py
[2025-02-06T19:06:37.107+0000] {processor.py:914} INFO - Processing file /home/airflow/.local/lib/python3.12/site-packages/airflow/example_dags/example_latest_only_with_trigger.py for tasks to queue
[2025-02-06T19:06:37.110+0000] {logging_mixin.py:190} INFO - [2025-02-06T19:06:37.110+0000] {dagbag.py:588} INFO - Filling up the DagBag from /home/airflow/.local/lib/python3.12/site-packages/airflow/example_dags/example_latest_only_with_trigger.py
[2025-02-06T19:06:37.121+0000] {processor.py:925} INFO - DAG(s) 'latest_only_with_trigger' retrieved from /home/airflow/.local/lib/python3.12/site-packages/airflow/example_dags/example_latest_only_with_trigger.py
[2025-02-06T19:06:37.153+0000] {logging_mixin.py:190} INFO - [2025-02-06T19:06:37.153+0000] {dag.py:3239} INFO - Sync 1 DAGs
[2025-02-06T19:06:37.197+0000] {logging_mixin.py:190} INFO - [2025-02-06T19:06:37.197+0000] {dag.py:4180} INFO - Setting next_dagrun for latest_only_with_trigger to 2025-02-06 12:00:00+00:00, run_after=2025-02-06 16:00:00+00:00
[2025-02-06T19:06:37.227+0000] {processor.py:208} INFO - Processing /home/airflow/.local/lib/python3.12/site-packages/airflow/example_dags/example_latest_only_with_trigger.py took 0.130 seconds
[2025-02-06T19:07:07.425+0000] {processor.py:186} INFO - Started process (PID=5730) to work on /home/airflow/.local/lib/python3.12/site-packages/airflow/example_dags/example_latest_only_with_trigger.py
[2025-02-06T19:07:07.426+0000] {processor.py:914} INFO - Processing file /home/airflow/.local/lib/python3.12/site-packages/airflow/example_dags/example_latest_only_with_trigger.py for tasks to queue
[2025-02-06T19:07:07.433+0000] {logging_mixin.py:190} INFO - [2025-02-06T19:07:07.432+0000] {dagbag.py:588} INFO - Filling up the DagBag from /home/airflow/.local/lib/python3.12/site-packages/airflow/example_dags/example_latest_only_with_trigger.py
[2025-02-06T19:07:07.450+0000] {processor.py:925} INFO - DAG(s) 'latest_only_with_trigger' retrieved from /home/airflow/.local/lib/python3.12/site-packages/airflow/example_dags/example_latest_only_with_trigger.py
[2025-02-06T19:07:07.487+0000] {logging_mixin.py:190} INFO - [2025-02-06T19:07:07.486+0000] {dag.py:3239} INFO - Sync 1 DAGs
[2025-02-06T19:07:07.539+0000] {logging_mixin.py:190} INFO - [2025-02-06T19:07:07.539+0000] {dag.py:4180} INFO - Setting next_dagrun for latest_only_with_trigger to 2025-02-06 12:00:00+00:00, run_after=2025-02-06 16:00:00+00:00
[2025-02-06T19:07:07.580+0000] {processor.py:208} INFO - Processing /home/airflow/.local/lib/python3.12/site-packages/airflow/example_dags/example_latest_only_with_trigger.py took 0.167 seconds
[2025-02-06T19:07:37.918+0000] {processor.py:186} INFO - Started process (PID=5787) to work on /home/airflow/.local/lib/python3.12/site-packages/airflow/example_dags/example_latest_only_with_trigger.py
[2025-02-06T19:07:37.920+0000] {processor.py:914} INFO - Processing file /home/airflow/.local/lib/python3.12/site-packages/airflow/example_dags/example_latest_only_with_trigger.py for tasks to queue
[2025-02-06T19:07:37.924+0000] {logging_mixin.py:190} INFO - [2025-02-06T19:07:37.923+0000] {dagbag.py:588} INFO - Filling up the DagBag from /home/airflow/.local/lib/python3.12/site-packages/airflow/example_dags/example_latest_only_with_trigger.py
[2025-02-06T19:07:37.937+0000] {processor.py:925} INFO - DAG(s) 'latest_only_with_trigger' retrieved from /home/airflow/.local/lib/python3.12/site-packages/airflow/example_dags/example_latest_only_with_trigger.py
[2025-02-06T19:07:37.969+0000] {logging_mixin.py:190} INFO - [2025-02-06T19:07:37.969+0000] {dag.py:3239} INFO - Sync 1 DAGs
[2025-02-06T19:07:38.019+0000] {logging_mixin.py:190} INFO - [2025-02-06T19:07:38.019+0000] {dag.py:4180} INFO - Setting next_dagrun for latest_only_with_trigger to 2025-02-06 12:00:00+00:00, run_after=2025-02-06 16:00:00+00:00
[2025-02-06T19:07:38.059+0000] {processor.py:208} INFO - Processing /home/airflow/.local/lib/python3.12/site-packages/airflow/example_dags/example_latest_only_with_trigger.py took 0.151 seconds
[2025-02-06T19:08:08.172+0000] {processor.py:186} INFO - Started process (PID=5841) to work on /home/airflow/.local/lib/python3.12/site-packages/airflow/example_dags/example_latest_only_with_trigger.py
[2025-02-06T19:08:08.173+0000] {processor.py:914} INFO - Processing file /home/airflow/.local/lib/python3.12/site-packages/airflow/example_dags/example_latest_only_with_trigger.py for tasks to queue
[2025-02-06T19:08:08.177+0000] {logging_mixin.py:190} INFO - [2025-02-06T19:08:08.176+0000] {dagbag.py:588} INFO - Filling up the DagBag from /home/airflow/.local/lib/python3.12/site-packages/airflow/example_dags/example_latest_only_with_trigger.py
[2025-02-06T19:08:08.188+0000] {processor.py:925} INFO - DAG(s) 'latest_only_with_trigger' retrieved from /home/airflow/.local/lib/python3.12/site-packages/airflow/example_dags/example_latest_only_with_trigger.py
[2025-02-06T19:08:08.216+0000] {logging_mixin.py:190} INFO - [2025-02-06T19:08:08.216+0000] {dag.py:3239} INFO - Sync 1 DAGs
[2025-02-06T19:08:08.251+0000] {logging_mixin.py:190} INFO - [2025-02-06T19:08:08.251+0000] {dag.py:4180} INFO - Setting next_dagrun for latest_only_with_trigger to 2025-02-06 12:00:00+00:00, run_after=2025-02-06 16:00:00+00:00
[2025-02-06T19:08:08.289+0000] {processor.py:208} INFO - Processing /home/airflow/.local/lib/python3.12/site-packages/airflow/example_dags/example_latest_only_with_trigger.py took 0.125 seconds
[2025-02-06T19:08:39.230+0000] {processor.py:186} INFO - Started process (PID=5898) to work on /home/airflow/.local/lib/python3.12/site-packages/airflow/example_dags/example_latest_only_with_trigger.py
[2025-02-06T19:08:39.232+0000] {processor.py:914} INFO - Processing file /home/airflow/.local/lib/python3.12/site-packages/airflow/example_dags/example_latest_only_with_trigger.py for tasks to queue
[2025-02-06T19:08:39.237+0000] {logging_mixin.py:190} INFO - [2025-02-06T19:08:39.237+0000] {dagbag.py:588} INFO - Filling up the DagBag from /home/airflow/.local/lib/python3.12/site-packages/airflow/example_dags/example_latest_only_with_trigger.py
[2025-02-06T19:08:39.255+0000] {processor.py:925} INFO - DAG(s) 'latest_only_with_trigger' retrieved from /home/airflow/.local/lib/python3.12/site-packages/airflow/example_dags/example_latest_only_with_trigger.py
[2025-02-06T19:08:39.295+0000] {logging_mixin.py:190} INFO - [2025-02-06T19:08:39.294+0000] {dag.py:3239} INFO - Sync 1 DAGs
[2025-02-06T19:08:39.339+0000] {logging_mixin.py:190} INFO - [2025-02-06T19:08:39.339+0000] {dag.py:4180} INFO - Setting next_dagrun for latest_only_with_trigger to 2025-02-06 12:00:00+00:00, run_after=2025-02-06 16:00:00+00:00
[2025-02-06T19:08:39.388+0000] {processor.py:208} INFO - Processing /home/airflow/.local/lib/python3.12/site-packages/airflow/example_dags/example_latest_only_with_trigger.py took 0.170 seconds
