[2025-02-06T16:36:29.968+0000] {processor.py:186} INFO - Started process (PID=57) to work on /home/airflow/.local/lib/python3.12/site-packages/airflow/example_dags/example_params_trigger_ui.py
[2025-02-06T16:36:29.969+0000] {processor.py:914} INFO - Processing file /home/airflow/.local/lib/python3.12/site-packages/airflow/example_dags/example_params_trigger_ui.py for tasks to queue
[2025-02-06T16:36:29.973+0000] {logging_mixin.py:190} INFO - [2025-02-06T16:36:29.972+0000] {dagbag.py:588} INFO - Filling up the DagBag from /home/airflow/.local/lib/python3.12/site-packages/airflow/example_dags/example_params_trigger_ui.py
[2025-02-06T16:36:29.997+0000] {processor.py:925} INFO - DAG(s) 'example_params_trigger_ui' retrieved from /home/airflow/.local/lib/python3.12/site-packages/airflow/example_dags/example_params_trigger_ui.py
[2025-02-06T16:36:30.231+0000] {logging_mixin.py:190} INFO - [2025-02-06T16:36:30.231+0000] {override.py:1911} INFO - Created Permission View: can edit on DAG:example_params_trigger_ui
[2025-02-06T16:36:30.249+0000] {logging_mixin.py:190} INFO - [2025-02-06T16:36:30.248+0000] {override.py:1911} INFO - Created Permission View: can delete on DAG:example_params_trigger_ui
[2025-02-06T16:36:30.262+0000] {logging_mixin.py:190} INFO - [2025-02-06T16:36:30.261+0000] {override.py:1911} INFO - Created Permission View: can read on DAG:example_params_trigger_ui
[2025-02-06T16:36:30.272+0000] {logging_mixin.py:190} INFO - [2025-02-06T16:36:30.272+0000] {override.py:1911} INFO - Created Permission View: menu access on DAG Run:example_params_trigger_ui
[2025-02-06T16:36:30.290+0000] {logging_mixin.py:190} INFO - [2025-02-06T16:36:30.290+0000] {override.py:1911} INFO - Created Permission View: can create on DAG Run:example_params_trigger_ui
[2025-02-06T16:36:30.310+0000] {logging_mixin.py:190} INFO - [2025-02-06T16:36:30.309+0000] {override.py:1911} INFO - Created Permission View: can delete on DAG Run:example_params_trigger_ui
[2025-02-06T16:36:30.326+0000] {logging_mixin.py:190} INFO - [2025-02-06T16:36:30.325+0000] {override.py:1911} INFO - Created Permission View: can read on DAG Run:example_params_trigger_ui
[2025-02-06T16:36:30.326+0000] {logging_mixin.py:190} INFO - [2025-02-06T16:36:30.326+0000] {dag.py:3239} INFO - Sync 1 DAGs
[2025-02-06T16:36:30.342+0000] {logging_mixin.py:190} INFO - [2025-02-06T16:36:30.342+0000] {dag.py:3262} INFO - Creating ORM DAG for example_params_trigger_ui
[2025-02-06T16:36:30.343+0000] {logging_mixin.py:190} INFO - [2025-02-06T16:36:30.343+0000] {dag.py:4180} INFO - Setting next_dagrun for example_params_trigger_ui to None, run_after=None
[2025-02-06T16:36:30.378+0000] {processor.py:208} INFO - Processing /home/airflow/.local/lib/python3.12/site-packages/airflow/example_dags/example_params_trigger_ui.py took 0.423 seconds
[2025-02-06T16:37:00.736+0000] {processor.py:186} INFO - Started process (PID=114) to work on /home/airflow/.local/lib/python3.12/site-packages/airflow/example_dags/example_params_trigger_ui.py
[2025-02-06T16:37:00.737+0000] {processor.py:914} INFO - Processing file /home/airflow/.local/lib/python3.12/site-packages/airflow/example_dags/example_params_trigger_ui.py for tasks to queue
[2025-02-06T16:37:00.740+0000] {logging_mixin.py:190} INFO - [2025-02-06T16:37:00.740+0000] {dagbag.py:588} INFO - Filling up the DagBag from /home/airflow/.local/lib/python3.12/site-packages/airflow/example_dags/example_params_trigger_ui.py
[2025-02-06T16:37:00.754+0000] {processor.py:925} INFO - DAG(s) 'example_params_trigger_ui' retrieved from /home/airflow/.local/lib/python3.12/site-packages/airflow/example_dags/example_params_trigger_ui.py
[2025-02-06T16:37:00.811+0000] {logging_mixin.py:190} INFO - [2025-02-06T16:37:00.811+0000] {dag.py:3239} INFO - Sync 1 DAGs
[2025-02-06T16:37:00.831+0000] {logging_mixin.py:190} INFO - [2025-02-06T16:37:00.830+0000] {dag.py:4180} INFO - Setting next_dagrun for example_params_trigger_ui to None, run_after=None
[2025-02-06T16:37:00.864+0000] {processor.py:208} INFO - Processing /home/airflow/.local/lib/python3.12/site-packages/airflow/example_dags/example_params_trigger_ui.py took 0.136 seconds
[2025-02-06T16:37:31.241+0000] {processor.py:186} INFO - Started process (PID=171) to work on /home/airflow/.local/lib/python3.12/site-packages/airflow/example_dags/example_params_trigger_ui.py
[2025-02-06T16:37:31.242+0000] {processor.py:914} INFO - Processing file /home/airflow/.local/lib/python3.12/site-packages/airflow/example_dags/example_params_trigger_ui.py for tasks to queue
[2025-02-06T16:37:31.245+0000] {logging_mixin.py:190} INFO - [2025-02-06T16:37:31.244+0000] {dagbag.py:588} INFO - Filling up the DagBag from /home/airflow/.local/lib/python3.12/site-packages/airflow/example_dags/example_params_trigger_ui.py
[2025-02-06T16:37:31.258+0000] {processor.py:925} INFO - DAG(s) 'example_params_trigger_ui' retrieved from /home/airflow/.local/lib/python3.12/site-packages/airflow/example_dags/example_params_trigger_ui.py
[2025-02-06T16:37:31.314+0000] {logging_mixin.py:190} INFO - [2025-02-06T16:37:31.314+0000] {dag.py:3239} INFO - Sync 1 DAGs
[2025-02-06T16:37:31.332+0000] {logging_mixin.py:190} INFO - [2025-02-06T16:37:31.331+0000] {dag.py:4180} INFO - Setting next_dagrun for example_params_trigger_ui to None, run_after=None
[2025-02-06T16:37:31.356+0000] {processor.py:208} INFO - Processing /home/airflow/.local/lib/python3.12/site-packages/airflow/example_dags/example_params_trigger_ui.py took 0.123 seconds
[2025-02-06T16:38:02.521+0000] {processor.py:186} INFO - Started process (PID=228) to work on /home/airflow/.local/lib/python3.12/site-packages/airflow/example_dags/example_params_trigger_ui.py
[2025-02-06T16:38:02.522+0000] {processor.py:914} INFO - Processing file /home/airflow/.local/lib/python3.12/site-packages/airflow/example_dags/example_params_trigger_ui.py for tasks to queue
[2025-02-06T16:38:02.525+0000] {logging_mixin.py:190} INFO - [2025-02-06T16:38:02.525+0000] {dagbag.py:588} INFO - Filling up the DagBag from /home/airflow/.local/lib/python3.12/site-packages/airflow/example_dags/example_params_trigger_ui.py
[2025-02-06T16:38:02.539+0000] {processor.py:925} INFO - DAG(s) 'example_params_trigger_ui' retrieved from /home/airflow/.local/lib/python3.12/site-packages/airflow/example_dags/example_params_trigger_ui.py
[2025-02-06T16:38:02.594+0000] {logging_mixin.py:190} INFO - [2025-02-06T16:38:02.594+0000] {dag.py:3239} INFO - Sync 1 DAGs
[2025-02-06T16:38:02.615+0000] {logging_mixin.py:190} INFO - [2025-02-06T16:38:02.614+0000] {dag.py:4180} INFO - Setting next_dagrun for example_params_trigger_ui to None, run_after=None
[2025-02-06T16:38:02.640+0000] {processor.py:208} INFO - Processing /home/airflow/.local/lib/python3.12/site-packages/airflow/example_dags/example_params_trigger_ui.py took 0.127 seconds
[2025-02-06T16:38:32.689+0000] {processor.py:186} INFO - Started process (PID=284) to work on /home/airflow/.local/lib/python3.12/site-packages/airflow/example_dags/example_params_trigger_ui.py
[2025-02-06T16:38:32.690+0000] {processor.py:914} INFO - Processing file /home/airflow/.local/lib/python3.12/site-packages/airflow/example_dags/example_params_trigger_ui.py for tasks to queue
[2025-02-06T16:38:32.693+0000] {logging_mixin.py:190} INFO - [2025-02-06T16:38:32.692+0000] {dagbag.py:588} INFO - Filling up the DagBag from /home/airflow/.local/lib/python3.12/site-packages/airflow/example_dags/example_params_trigger_ui.py
[2025-02-06T16:38:32.706+0000] {processor.py:925} INFO - DAG(s) 'example_params_trigger_ui' retrieved from /home/airflow/.local/lib/python3.12/site-packages/airflow/example_dags/example_params_trigger_ui.py
[2025-02-06T16:38:32.761+0000] {logging_mixin.py:190} INFO - [2025-02-06T16:38:32.760+0000] {dag.py:3239} INFO - Sync 1 DAGs
[2025-02-06T16:38:32.780+0000] {logging_mixin.py:190} INFO - [2025-02-06T16:38:32.779+0000] {dag.py:4180} INFO - Setting next_dagrun for example_params_trigger_ui to None, run_after=None
[2025-02-06T16:38:32.803+0000] {processor.py:208} INFO - Processing /home/airflow/.local/lib/python3.12/site-packages/airflow/example_dags/example_params_trigger_ui.py took 0.122 seconds
[2025-02-06T16:39:03.517+0000] {processor.py:186} INFO - Started process (PID=341) to work on /home/airflow/.local/lib/python3.12/site-packages/airflow/example_dags/example_params_trigger_ui.py
[2025-02-06T16:39:03.518+0000] {processor.py:914} INFO - Processing file /home/airflow/.local/lib/python3.12/site-packages/airflow/example_dags/example_params_trigger_ui.py for tasks to queue
[2025-02-06T16:39:03.521+0000] {logging_mixin.py:190} INFO - [2025-02-06T16:39:03.520+0000] {dagbag.py:588} INFO - Filling up the DagBag from /home/airflow/.local/lib/python3.12/site-packages/airflow/example_dags/example_params_trigger_ui.py
[2025-02-06T16:39:03.534+0000] {processor.py:925} INFO - DAG(s) 'example_params_trigger_ui' retrieved from /home/airflow/.local/lib/python3.12/site-packages/airflow/example_dags/example_params_trigger_ui.py
[2025-02-06T16:39:03.587+0000] {logging_mixin.py:190} INFO - [2025-02-06T16:39:03.586+0000] {dag.py:3239} INFO - Sync 1 DAGs
[2025-02-06T16:39:03.605+0000] {logging_mixin.py:190} INFO - [2025-02-06T16:39:03.605+0000] {dag.py:4180} INFO - Setting next_dagrun for example_params_trigger_ui to None, run_after=None
[2025-02-06T16:39:03.630+0000] {processor.py:208} INFO - Processing /home/airflow/.local/lib/python3.12/site-packages/airflow/example_dags/example_params_trigger_ui.py took 0.120 seconds
[2025-02-06T16:39:34.183+0000] {processor.py:186} INFO - Started process (PID=397) to work on /home/airflow/.local/lib/python3.12/site-packages/airflow/example_dags/example_params_trigger_ui.py
[2025-02-06T16:39:34.184+0000] {processor.py:914} INFO - Processing file /home/airflow/.local/lib/python3.12/site-packages/airflow/example_dags/example_params_trigger_ui.py for tasks to queue
[2025-02-06T16:39:34.187+0000] {logging_mixin.py:190} INFO - [2025-02-06T16:39:34.187+0000] {dagbag.py:588} INFO - Filling up the DagBag from /home/airflow/.local/lib/python3.12/site-packages/airflow/example_dags/example_params_trigger_ui.py
[2025-02-06T16:39:34.203+0000] {processor.py:925} INFO - DAG(s) 'example_params_trigger_ui' retrieved from /home/airflow/.local/lib/python3.12/site-packages/airflow/example_dags/example_params_trigger_ui.py
[2025-02-06T16:39:34.265+0000] {logging_mixin.py:190} INFO - [2025-02-06T16:39:34.265+0000] {dag.py:3239} INFO - Sync 1 DAGs
[2025-02-06T16:39:34.286+0000] {logging_mixin.py:190} INFO - [2025-02-06T16:39:34.285+0000] {dag.py:4180} INFO - Setting next_dagrun for example_params_trigger_ui to None, run_after=None
[2025-02-06T16:39:34.313+0000] {processor.py:208} INFO - Processing /home/airflow/.local/lib/python3.12/site-packages/airflow/example_dags/example_params_trigger_ui.py took 0.137 seconds
[2025-02-06T16:40:04.505+0000] {processor.py:186} INFO - Started process (PID=454) to work on /home/airflow/.local/lib/python3.12/site-packages/airflow/example_dags/example_params_trigger_ui.py
[2025-02-06T16:40:04.507+0000] {processor.py:914} INFO - Processing file /home/airflow/.local/lib/python3.12/site-packages/airflow/example_dags/example_params_trigger_ui.py for tasks to queue
[2025-02-06T16:40:04.511+0000] {logging_mixin.py:190} INFO - [2025-02-06T16:40:04.510+0000] {dagbag.py:588} INFO - Filling up the DagBag from /home/airflow/.local/lib/python3.12/site-packages/airflow/example_dags/example_params_trigger_ui.py
[2025-02-06T16:40:04.526+0000] {processor.py:925} INFO - DAG(s) 'example_params_trigger_ui' retrieved from /home/airflow/.local/lib/python3.12/site-packages/airflow/example_dags/example_params_trigger_ui.py
[2025-02-06T16:40:04.580+0000] {logging_mixin.py:190} INFO - [2025-02-06T16:40:04.580+0000] {dag.py:3239} INFO - Sync 1 DAGs
[2025-02-06T16:40:04.598+0000] {logging_mixin.py:190} INFO - [2025-02-06T16:40:04.598+0000] {dag.py:4180} INFO - Setting next_dagrun for example_params_trigger_ui to None, run_after=None
[2025-02-06T16:40:04.622+0000] {processor.py:208} INFO - Processing /home/airflow/.local/lib/python3.12/site-packages/airflow/example_dags/example_params_trigger_ui.py took 0.127 seconds
[2025-02-06T16:40:34.911+0000] {processor.py:186} INFO - Started process (PID=511) to work on /home/airflow/.local/lib/python3.12/site-packages/airflow/example_dags/example_params_trigger_ui.py
[2025-02-06T16:40:34.912+0000] {processor.py:914} INFO - Processing file /home/airflow/.local/lib/python3.12/site-packages/airflow/example_dags/example_params_trigger_ui.py for tasks to queue
[2025-02-06T16:40:34.915+0000] {logging_mixin.py:190} INFO - [2025-02-06T16:40:34.915+0000] {dagbag.py:588} INFO - Filling up the DagBag from /home/airflow/.local/lib/python3.12/site-packages/airflow/example_dags/example_params_trigger_ui.py
[2025-02-06T16:40:34.930+0000] {processor.py:925} INFO - DAG(s) 'example_params_trigger_ui' retrieved from /home/airflow/.local/lib/python3.12/site-packages/airflow/example_dags/example_params_trigger_ui.py
[2025-02-06T16:40:35.007+0000] {logging_mixin.py:190} INFO - [2025-02-06T16:40:35.006+0000] {dag.py:3239} INFO - Sync 1 DAGs
[2025-02-06T16:40:35.029+0000] {logging_mixin.py:190} INFO - [2025-02-06T16:40:35.029+0000] {dag.py:4180} INFO - Setting next_dagrun for example_params_trigger_ui to None, run_after=None
[2025-02-06T16:40:35.054+0000] {processor.py:208} INFO - Processing /home/airflow/.local/lib/python3.12/site-packages/airflow/example_dags/example_params_trigger_ui.py took 0.151 seconds
[2025-02-06T16:41:05.114+0000] {processor.py:186} INFO - Started process (PID=567) to work on /home/airflow/.local/lib/python3.12/site-packages/airflow/example_dags/example_params_trigger_ui.py
[2025-02-06T16:41:05.115+0000] {processor.py:914} INFO - Processing file /home/airflow/.local/lib/python3.12/site-packages/airflow/example_dags/example_params_trigger_ui.py for tasks to queue
[2025-02-06T16:41:05.118+0000] {logging_mixin.py:190} INFO - [2025-02-06T16:41:05.118+0000] {dagbag.py:588} INFO - Filling up the DagBag from /home/airflow/.local/lib/python3.12/site-packages/airflow/example_dags/example_params_trigger_ui.py
[2025-02-06T16:41:05.131+0000] {processor.py:925} INFO - DAG(s) 'example_params_trigger_ui' retrieved from /home/airflow/.local/lib/python3.12/site-packages/airflow/example_dags/example_params_trigger_ui.py
[2025-02-06T16:41:05.188+0000] {logging_mixin.py:190} INFO - [2025-02-06T16:41:05.187+0000] {dag.py:3239} INFO - Sync 1 DAGs
[2025-02-06T16:41:05.207+0000] {logging_mixin.py:190} INFO - [2025-02-06T16:41:05.207+0000] {dag.py:4180} INFO - Setting next_dagrun for example_params_trigger_ui to None, run_after=None
[2025-02-06T16:41:05.230+0000] {processor.py:208} INFO - Processing /home/airflow/.local/lib/python3.12/site-packages/airflow/example_dags/example_params_trigger_ui.py took 0.124 seconds
[2025-02-06T16:41:35.455+0000] {processor.py:186} INFO - Started process (PID=624) to work on /home/airflow/.local/lib/python3.12/site-packages/airflow/example_dags/example_params_trigger_ui.py
[2025-02-06T16:41:35.457+0000] {processor.py:914} INFO - Processing file /home/airflow/.local/lib/python3.12/site-packages/airflow/example_dags/example_params_trigger_ui.py for tasks to queue
[2025-02-06T16:41:35.460+0000] {logging_mixin.py:190} INFO - [2025-02-06T16:41:35.459+0000] {dagbag.py:588} INFO - Filling up the DagBag from /home/airflow/.local/lib/python3.12/site-packages/airflow/example_dags/example_params_trigger_ui.py
[2025-02-06T16:41:35.472+0000] {processor.py:925} INFO - DAG(s) 'example_params_trigger_ui' retrieved from /home/airflow/.local/lib/python3.12/site-packages/airflow/example_dags/example_params_trigger_ui.py
[2025-02-06T16:41:35.527+0000] {logging_mixin.py:190} INFO - [2025-02-06T16:41:35.527+0000] {dag.py:3239} INFO - Sync 1 DAGs
[2025-02-06T16:41:35.547+0000] {logging_mixin.py:190} INFO - [2025-02-06T16:41:35.546+0000] {dag.py:4180} INFO - Setting next_dagrun for example_params_trigger_ui to None, run_after=None
[2025-02-06T16:41:35.572+0000] {processor.py:208} INFO - Processing /home/airflow/.local/lib/python3.12/site-packages/airflow/example_dags/example_params_trigger_ui.py took 0.124 seconds
[2025-02-06T16:42:06.056+0000] {processor.py:186} INFO - Started process (PID=681) to work on /home/airflow/.local/lib/python3.12/site-packages/airflow/example_dags/example_params_trigger_ui.py
[2025-02-06T16:42:06.057+0000] {processor.py:914} INFO - Processing file /home/airflow/.local/lib/python3.12/site-packages/airflow/example_dags/example_params_trigger_ui.py for tasks to queue
[2025-02-06T16:42:06.060+0000] {logging_mixin.py:190} INFO - [2025-02-06T16:42:06.059+0000] {dagbag.py:588} INFO - Filling up the DagBag from /home/airflow/.local/lib/python3.12/site-packages/airflow/example_dags/example_params_trigger_ui.py
[2025-02-06T16:42:06.073+0000] {processor.py:925} INFO - DAG(s) 'example_params_trigger_ui' retrieved from /home/airflow/.local/lib/python3.12/site-packages/airflow/example_dags/example_params_trigger_ui.py
[2025-02-06T16:42:06.131+0000] {logging_mixin.py:190} INFO - [2025-02-06T16:42:06.131+0000] {dag.py:3239} INFO - Sync 1 DAGs
[2025-02-06T16:42:06.149+0000] {logging_mixin.py:190} INFO - [2025-02-06T16:42:06.149+0000] {dag.py:4180} INFO - Setting next_dagrun for example_params_trigger_ui to None, run_after=None
[2025-02-06T16:42:06.172+0000] {processor.py:208} INFO - Processing /home/airflow/.local/lib/python3.12/site-packages/airflow/example_dags/example_params_trigger_ui.py took 0.124 seconds
[2025-02-06T16:42:36.265+0000] {processor.py:186} INFO - Started process (PID=738) to work on /home/airflow/.local/lib/python3.12/site-packages/airflow/example_dags/example_params_trigger_ui.py
[2025-02-06T16:42:36.266+0000] {processor.py:914} INFO - Processing file /home/airflow/.local/lib/python3.12/site-packages/airflow/example_dags/example_params_trigger_ui.py for tasks to queue
[2025-02-06T16:42:36.269+0000] {logging_mixin.py:190} INFO - [2025-02-06T16:42:36.269+0000] {dagbag.py:588} INFO - Filling up the DagBag from /home/airflow/.local/lib/python3.12/site-packages/airflow/example_dags/example_params_trigger_ui.py
[2025-02-06T16:42:36.282+0000] {processor.py:925} INFO - DAG(s) 'example_params_trigger_ui' retrieved from /home/airflow/.local/lib/python3.12/site-packages/airflow/example_dags/example_params_trigger_ui.py
[2025-02-06T16:42:36.337+0000] {logging_mixin.py:190} INFO - [2025-02-06T16:42:36.337+0000] {dag.py:3239} INFO - Sync 1 DAGs
[2025-02-06T16:42:36.355+0000] {logging_mixin.py:190} INFO - [2025-02-06T16:42:36.355+0000] {dag.py:4180} INFO - Setting next_dagrun for example_params_trigger_ui to None, run_after=None
[2025-02-06T16:42:36.378+0000] {processor.py:208} INFO - Processing /home/airflow/.local/lib/python3.12/site-packages/airflow/example_dags/example_params_trigger_ui.py took 0.121 seconds
[2025-02-06T16:43:07.192+0000] {processor.py:186} INFO - Started process (PID=795) to work on /home/airflow/.local/lib/python3.12/site-packages/airflow/example_dags/example_params_trigger_ui.py
[2025-02-06T16:43:07.193+0000] {processor.py:914} INFO - Processing file /home/airflow/.local/lib/python3.12/site-packages/airflow/example_dags/example_params_trigger_ui.py for tasks to queue
[2025-02-06T16:43:07.197+0000] {logging_mixin.py:190} INFO - [2025-02-06T16:43:07.196+0000] {dagbag.py:588} INFO - Filling up the DagBag from /home/airflow/.local/lib/python3.12/site-packages/airflow/example_dags/example_params_trigger_ui.py
[2025-02-06T16:43:07.213+0000] {processor.py:925} INFO - DAG(s) 'example_params_trigger_ui' retrieved from /home/airflow/.local/lib/python3.12/site-packages/airflow/example_dags/example_params_trigger_ui.py
[2025-02-06T16:43:07.269+0000] {logging_mixin.py:190} INFO - [2025-02-06T16:43:07.269+0000] {dag.py:3239} INFO - Sync 1 DAGs
[2025-02-06T16:43:07.291+0000] {logging_mixin.py:190} INFO - [2025-02-06T16:43:07.290+0000] {dag.py:4180} INFO - Setting next_dagrun for example_params_trigger_ui to None, run_after=None
[2025-02-06T16:43:07.316+0000] {processor.py:208} INFO - Processing /home/airflow/.local/lib/python3.12/site-packages/airflow/example_dags/example_params_trigger_ui.py took 0.132 seconds
[2025-02-06T16:43:37.966+0000] {processor.py:186} INFO - Started process (PID=852) to work on /home/airflow/.local/lib/python3.12/site-packages/airflow/example_dags/example_params_trigger_ui.py
[2025-02-06T16:43:37.967+0000] {processor.py:914} INFO - Processing file /home/airflow/.local/lib/python3.12/site-packages/airflow/example_dags/example_params_trigger_ui.py for tasks to queue
[2025-02-06T16:43:37.970+0000] {logging_mixin.py:190} INFO - [2025-02-06T16:43:37.970+0000] {dagbag.py:588} INFO - Filling up the DagBag from /home/airflow/.local/lib/python3.12/site-packages/airflow/example_dags/example_params_trigger_ui.py
[2025-02-06T16:43:37.984+0000] {processor.py:925} INFO - DAG(s) 'example_params_trigger_ui' retrieved from /home/airflow/.local/lib/python3.12/site-packages/airflow/example_dags/example_params_trigger_ui.py
[2025-02-06T16:43:38.043+0000] {logging_mixin.py:190} INFO - [2025-02-06T16:43:38.042+0000] {dag.py:3239} INFO - Sync 1 DAGs
[2025-02-06T16:43:38.061+0000] {logging_mixin.py:190} INFO - [2025-02-06T16:43:38.061+0000] {dag.py:4180} INFO - Setting next_dagrun for example_params_trigger_ui to None, run_after=None
[2025-02-06T16:43:38.088+0000] {processor.py:208} INFO - Processing /home/airflow/.local/lib/python3.12/site-packages/airflow/example_dags/example_params_trigger_ui.py took 0.130 seconds
[2025-02-06T16:44:08.173+0000] {processor.py:186} INFO - Started process (PID=909) to work on /home/airflow/.local/lib/python3.12/site-packages/airflow/example_dags/example_params_trigger_ui.py
[2025-02-06T16:44:08.174+0000] {processor.py:914} INFO - Processing file /home/airflow/.local/lib/python3.12/site-packages/airflow/example_dags/example_params_trigger_ui.py for tasks to queue
[2025-02-06T16:44:08.177+0000] {logging_mixin.py:190} INFO - [2025-02-06T16:44:08.177+0000] {dagbag.py:588} INFO - Filling up the DagBag from /home/airflow/.local/lib/python3.12/site-packages/airflow/example_dags/example_params_trigger_ui.py
[2025-02-06T16:44:08.190+0000] {processor.py:925} INFO - DAG(s) 'example_params_trigger_ui' retrieved from /home/airflow/.local/lib/python3.12/site-packages/airflow/example_dags/example_params_trigger_ui.py
[2025-02-06T16:44:08.248+0000] {logging_mixin.py:190} INFO - [2025-02-06T16:44:08.248+0000] {dag.py:3239} INFO - Sync 1 DAGs
[2025-02-06T16:44:08.268+0000] {logging_mixin.py:190} INFO - [2025-02-06T16:44:08.268+0000] {dag.py:4180} INFO - Setting next_dagrun for example_params_trigger_ui to None, run_after=None
[2025-02-06T16:44:08.300+0000] {processor.py:208} INFO - Processing /home/airflow/.local/lib/python3.12/site-packages/airflow/example_dags/example_params_trigger_ui.py took 0.136 seconds
[2025-02-06T16:44:38.436+0000] {processor.py:186} INFO - Started process (PID=966) to work on /home/airflow/.local/lib/python3.12/site-packages/airflow/example_dags/example_params_trigger_ui.py
[2025-02-06T16:44:38.438+0000] {processor.py:914} INFO - Processing file /home/airflow/.local/lib/python3.12/site-packages/airflow/example_dags/example_params_trigger_ui.py for tasks to queue
[2025-02-06T16:44:38.441+0000] {logging_mixin.py:190} INFO - [2025-02-06T16:44:38.440+0000] {dagbag.py:588} INFO - Filling up the DagBag from /home/airflow/.local/lib/python3.12/site-packages/airflow/example_dags/example_params_trigger_ui.py
[2025-02-06T16:44:38.455+0000] {processor.py:925} INFO - DAG(s) 'example_params_trigger_ui' retrieved from /home/airflow/.local/lib/python3.12/site-packages/airflow/example_dags/example_params_trigger_ui.py
[2025-02-06T16:44:38.508+0000] {logging_mixin.py:190} INFO - [2025-02-06T16:44:38.508+0000] {dag.py:3239} INFO - Sync 1 DAGs
[2025-02-06T16:44:38.528+0000] {logging_mixin.py:190} INFO - [2025-02-06T16:44:38.528+0000] {dag.py:4180} INFO - Setting next_dagrun for example_params_trigger_ui to None, run_after=None
[2025-02-06T16:44:38.560+0000] {processor.py:208} INFO - Processing /home/airflow/.local/lib/python3.12/site-packages/airflow/example_dags/example_params_trigger_ui.py took 0.132 seconds
[2025-02-06T16:45:08.729+0000] {processor.py:186} INFO - Started process (PID=1023) to work on /home/airflow/.local/lib/python3.12/site-packages/airflow/example_dags/example_params_trigger_ui.py
[2025-02-06T16:45:08.731+0000] {processor.py:914} INFO - Processing file /home/airflow/.local/lib/python3.12/site-packages/airflow/example_dags/example_params_trigger_ui.py for tasks to queue
[2025-02-06T16:45:08.734+0000] {logging_mixin.py:190} INFO - [2025-02-06T16:45:08.733+0000] {dagbag.py:588} INFO - Filling up the DagBag from /home/airflow/.local/lib/python3.12/site-packages/airflow/example_dags/example_params_trigger_ui.py
[2025-02-06T16:45:08.749+0000] {processor.py:925} INFO - DAG(s) 'example_params_trigger_ui' retrieved from /home/airflow/.local/lib/python3.12/site-packages/airflow/example_dags/example_params_trigger_ui.py
[2025-02-06T16:45:08.818+0000] {logging_mixin.py:190} INFO - [2025-02-06T16:45:08.818+0000] {dag.py:3239} INFO - Sync 1 DAGs
[2025-02-06T16:45:08.841+0000] {logging_mixin.py:190} INFO - [2025-02-06T16:45:08.840+0000] {dag.py:4180} INFO - Setting next_dagrun for example_params_trigger_ui to None, run_after=None
[2025-02-06T16:45:08.871+0000] {processor.py:208} INFO - Processing /home/airflow/.local/lib/python3.12/site-packages/airflow/example_dags/example_params_trigger_ui.py took 0.150 seconds
[2025-02-06T16:45:39.185+0000] {processor.py:186} INFO - Started process (PID=1080) to work on /home/airflow/.local/lib/python3.12/site-packages/airflow/example_dags/example_params_trigger_ui.py
[2025-02-06T16:45:39.186+0000] {processor.py:914} INFO - Processing file /home/airflow/.local/lib/python3.12/site-packages/airflow/example_dags/example_params_trigger_ui.py for tasks to queue
[2025-02-06T16:45:39.190+0000] {logging_mixin.py:190} INFO - [2025-02-06T16:45:39.189+0000] {dagbag.py:588} INFO - Filling up the DagBag from /home/airflow/.local/lib/python3.12/site-packages/airflow/example_dags/example_params_trigger_ui.py
[2025-02-06T16:45:39.207+0000] {processor.py:925} INFO - DAG(s) 'example_params_trigger_ui' retrieved from /home/airflow/.local/lib/python3.12/site-packages/airflow/example_dags/example_params_trigger_ui.py
[2025-02-06T16:45:39.281+0000] {logging_mixin.py:190} INFO - [2025-02-06T16:45:39.281+0000] {dag.py:3239} INFO - Sync 1 DAGs
[2025-02-06T16:45:39.303+0000] {logging_mixin.py:190} INFO - [2025-02-06T16:45:39.302+0000] {dag.py:4180} INFO - Setting next_dagrun for example_params_trigger_ui to None, run_after=None
[2025-02-06T16:45:39.328+0000] {processor.py:208} INFO - Processing /home/airflow/.local/lib/python3.12/site-packages/airflow/example_dags/example_params_trigger_ui.py took 0.151 seconds
[2025-02-06T16:46:10.108+0000] {processor.py:186} INFO - Started process (PID=1137) to work on /home/airflow/.local/lib/python3.12/site-packages/airflow/example_dags/example_params_trigger_ui.py
[2025-02-06T16:46:10.109+0000] {processor.py:914} INFO - Processing file /home/airflow/.local/lib/python3.12/site-packages/airflow/example_dags/example_params_trigger_ui.py for tasks to queue
[2025-02-06T16:46:10.113+0000] {logging_mixin.py:190} INFO - [2025-02-06T16:46:10.112+0000] {dagbag.py:588} INFO - Filling up the DagBag from /home/airflow/.local/lib/python3.12/site-packages/airflow/example_dags/example_params_trigger_ui.py
[2025-02-06T16:46:10.134+0000] {processor.py:925} INFO - DAG(s) 'example_params_trigger_ui' retrieved from /home/airflow/.local/lib/python3.12/site-packages/airflow/example_dags/example_params_trigger_ui.py
[2025-02-06T16:46:10.212+0000] {logging_mixin.py:190} INFO - [2025-02-06T16:46:10.212+0000] {dag.py:3239} INFO - Sync 1 DAGs
[2025-02-06T16:46:10.235+0000] {logging_mixin.py:190} INFO - [2025-02-06T16:46:10.235+0000] {dag.py:4180} INFO - Setting next_dagrun for example_params_trigger_ui to None, run_after=None
[2025-02-06T16:46:10.267+0000] {processor.py:208} INFO - Processing /home/airflow/.local/lib/python3.12/site-packages/airflow/example_dags/example_params_trigger_ui.py took 0.175 seconds
[2025-02-06T16:46:40.952+0000] {processor.py:186} INFO - Started process (PID=1193) to work on /home/airflow/.local/lib/python3.12/site-packages/airflow/example_dags/example_params_trigger_ui.py
[2025-02-06T16:46:40.954+0000] {processor.py:914} INFO - Processing file /home/airflow/.local/lib/python3.12/site-packages/airflow/example_dags/example_params_trigger_ui.py for tasks to queue
[2025-02-06T16:46:40.957+0000] {logging_mixin.py:190} INFO - [2025-02-06T16:46:40.956+0000] {dagbag.py:588} INFO - Filling up the DagBag from /home/airflow/.local/lib/python3.12/site-packages/airflow/example_dags/example_params_trigger_ui.py
[2025-02-06T16:46:40.971+0000] {processor.py:925} INFO - DAG(s) 'example_params_trigger_ui' retrieved from /home/airflow/.local/lib/python3.12/site-packages/airflow/example_dags/example_params_trigger_ui.py
[2025-02-06T16:46:41.028+0000] {logging_mixin.py:190} INFO - [2025-02-06T16:46:41.028+0000] {dag.py:3239} INFO - Sync 1 DAGs
[2025-02-06T16:46:41.049+0000] {logging_mixin.py:190} INFO - [2025-02-06T16:46:41.049+0000] {dag.py:4180} INFO - Setting next_dagrun for example_params_trigger_ui to None, run_after=None
[2025-02-06T16:46:41.079+0000] {processor.py:208} INFO - Processing /home/airflow/.local/lib/python3.12/site-packages/airflow/example_dags/example_params_trigger_ui.py took 0.134 seconds
[2025-02-06T16:47:14.117+0000] {processor.py:186} INFO - Started process (PID=1250) to work on /home/airflow/.local/lib/python3.12/site-packages/airflow/example_dags/example_params_trigger_ui.py
[2025-02-06T16:47:14.121+0000] {processor.py:914} INFO - Processing file /home/airflow/.local/lib/python3.12/site-packages/airflow/example_dags/example_params_trigger_ui.py for tasks to queue
[2025-02-06T16:47:14.127+0000] {logging_mixin.py:190} INFO - [2025-02-06T16:47:14.126+0000] {dagbag.py:588} INFO - Filling up the DagBag from /home/airflow/.local/lib/python3.12/site-packages/airflow/example_dags/example_params_trigger_ui.py
[2025-02-06T16:47:14.180+0000] {processor.py:925} INFO - DAG(s) 'example_params_trigger_ui' retrieved from /home/airflow/.local/lib/python3.12/site-packages/airflow/example_dags/example_params_trigger_ui.py
[2025-02-06T16:47:14.361+0000] {logging_mixin.py:190} INFO - [2025-02-06T16:47:14.360+0000] {dag.py:3239} INFO - Sync 1 DAGs
[2025-02-06T16:47:14.438+0000] {logging_mixin.py:190} INFO - [2025-02-06T16:47:14.435+0000] {dag.py:4180} INFO - Setting next_dagrun for example_params_trigger_ui to None, run_after=None
[2025-02-06T16:47:14.496+0000] {processor.py:208} INFO - Processing /home/airflow/.local/lib/python3.12/site-packages/airflow/example_dags/example_params_trigger_ui.py took 0.417 seconds
[2025-02-06T16:47:45.001+0000] {processor.py:186} INFO - Started process (PID=1307) to work on /home/airflow/.local/lib/python3.12/site-packages/airflow/example_dags/example_params_trigger_ui.py
[2025-02-06T16:47:45.003+0000] {processor.py:914} INFO - Processing file /home/airflow/.local/lib/python3.12/site-packages/airflow/example_dags/example_params_trigger_ui.py for tasks to queue
[2025-02-06T16:47:45.006+0000] {logging_mixin.py:190} INFO - [2025-02-06T16:47:45.005+0000] {dagbag.py:588} INFO - Filling up the DagBag from /home/airflow/.local/lib/python3.12/site-packages/airflow/example_dags/example_params_trigger_ui.py
[2025-02-06T16:47:45.022+0000] {processor.py:925} INFO - DAG(s) 'example_params_trigger_ui' retrieved from /home/airflow/.local/lib/python3.12/site-packages/airflow/example_dags/example_params_trigger_ui.py
[2025-02-06T16:47:45.148+0000] {logging_mixin.py:190} INFO - [2025-02-06T16:47:45.148+0000] {dag.py:3239} INFO - Sync 1 DAGs
[2025-02-06T16:47:45.178+0000] {logging_mixin.py:190} INFO - [2025-02-06T16:47:45.178+0000] {dag.py:4180} INFO - Setting next_dagrun for example_params_trigger_ui to None, run_after=None
[2025-02-06T16:47:45.220+0000] {processor.py:208} INFO - Processing /home/airflow/.local/lib/python3.12/site-packages/airflow/example_dags/example_params_trigger_ui.py took 0.227 seconds
[2025-02-06T16:48:15.492+0000] {processor.py:186} INFO - Started process (PID=1363) to work on /home/airflow/.local/lib/python3.12/site-packages/airflow/example_dags/example_params_trigger_ui.py
[2025-02-06T16:48:15.494+0000] {processor.py:914} INFO - Processing file /home/airflow/.local/lib/python3.12/site-packages/airflow/example_dags/example_params_trigger_ui.py for tasks to queue
[2025-02-06T16:48:15.497+0000] {logging_mixin.py:190} INFO - [2025-02-06T16:48:15.496+0000] {dagbag.py:588} INFO - Filling up the DagBag from /home/airflow/.local/lib/python3.12/site-packages/airflow/example_dags/example_params_trigger_ui.py
[2025-02-06T16:48:15.516+0000] {processor.py:925} INFO - DAG(s) 'example_params_trigger_ui' retrieved from /home/airflow/.local/lib/python3.12/site-packages/airflow/example_dags/example_params_trigger_ui.py
[2025-02-06T16:48:15.576+0000] {logging_mixin.py:190} INFO - [2025-02-06T16:48:15.576+0000] {dag.py:3239} INFO - Sync 1 DAGs
[2025-02-06T16:48:15.599+0000] {logging_mixin.py:190} INFO - [2025-02-06T16:48:15.599+0000] {dag.py:4180} INFO - Setting next_dagrun for example_params_trigger_ui to None, run_after=None
[2025-02-06T16:48:15.627+0000] {processor.py:208} INFO - Processing /home/airflow/.local/lib/python3.12/site-packages/airflow/example_dags/example_params_trigger_ui.py took 0.142 seconds
[2025-02-06T16:48:46.154+0000] {processor.py:186} INFO - Started process (PID=1420) to work on /home/airflow/.local/lib/python3.12/site-packages/airflow/example_dags/example_params_trigger_ui.py
[2025-02-06T16:48:46.156+0000] {processor.py:914} INFO - Processing file /home/airflow/.local/lib/python3.12/site-packages/airflow/example_dags/example_params_trigger_ui.py for tasks to queue
[2025-02-06T16:48:46.159+0000] {logging_mixin.py:190} INFO - [2025-02-06T16:48:46.158+0000] {dagbag.py:588} INFO - Filling up the DagBag from /home/airflow/.local/lib/python3.12/site-packages/airflow/example_dags/example_params_trigger_ui.py
[2025-02-06T16:48:46.172+0000] {processor.py:925} INFO - DAG(s) 'example_params_trigger_ui' retrieved from /home/airflow/.local/lib/python3.12/site-packages/airflow/example_dags/example_params_trigger_ui.py
[2025-02-06T16:48:46.248+0000] {logging_mixin.py:190} INFO - [2025-02-06T16:48:46.248+0000] {dag.py:3239} INFO - Sync 1 DAGs
[2025-02-06T16:48:46.272+0000] {logging_mixin.py:190} INFO - [2025-02-06T16:48:46.272+0000] {dag.py:4180} INFO - Setting next_dagrun for example_params_trigger_ui to None, run_after=None
[2025-02-06T16:48:46.311+0000] {processor.py:208} INFO - Processing /home/airflow/.local/lib/python3.12/site-packages/airflow/example_dags/example_params_trigger_ui.py took 0.164 seconds
[2025-02-06T16:49:16.451+0000] {processor.py:186} INFO - Started process (PID=1477) to work on /home/airflow/.local/lib/python3.12/site-packages/airflow/example_dags/example_params_trigger_ui.py
[2025-02-06T16:49:16.452+0000] {processor.py:914} INFO - Processing file /home/airflow/.local/lib/python3.12/site-packages/airflow/example_dags/example_params_trigger_ui.py for tasks to queue
[2025-02-06T16:49:16.465+0000] {logging_mixin.py:190} INFO - [2025-02-06T16:49:16.464+0000] {dagbag.py:588} INFO - Filling up the DagBag from /home/airflow/.local/lib/python3.12/site-packages/airflow/example_dags/example_params_trigger_ui.py
[2025-02-06T16:49:16.509+0000] {processor.py:925} INFO - DAG(s) 'example_params_trigger_ui' retrieved from /home/airflow/.local/lib/python3.12/site-packages/airflow/example_dags/example_params_trigger_ui.py
[2025-02-06T16:49:16.697+0000] {logging_mixin.py:190} INFO - [2025-02-06T16:49:16.696+0000] {dag.py:3239} INFO - Sync 1 DAGs
[2025-02-06T16:49:16.745+0000] {logging_mixin.py:190} INFO - [2025-02-06T16:49:16.744+0000] {dag.py:4180} INFO - Setting next_dagrun for example_params_trigger_ui to None, run_after=None
[2025-02-06T16:49:16.824+0000] {processor.py:208} INFO - Processing /home/airflow/.local/lib/python3.12/site-packages/airflow/example_dags/example_params_trigger_ui.py took 0.383 seconds
[2025-02-06T16:49:47.153+0000] {processor.py:186} INFO - Started process (PID=1534) to work on /home/airflow/.local/lib/python3.12/site-packages/airflow/example_dags/example_params_trigger_ui.py
[2025-02-06T16:49:47.154+0000] {processor.py:914} INFO - Processing file /home/airflow/.local/lib/python3.12/site-packages/airflow/example_dags/example_params_trigger_ui.py for tasks to queue
[2025-02-06T16:49:47.158+0000] {logging_mixin.py:190} INFO - [2025-02-06T16:49:47.157+0000] {dagbag.py:588} INFO - Filling up the DagBag from /home/airflow/.local/lib/python3.12/site-packages/airflow/example_dags/example_params_trigger_ui.py
[2025-02-06T16:49:47.175+0000] {processor.py:925} INFO - DAG(s) 'example_params_trigger_ui' retrieved from /home/airflow/.local/lib/python3.12/site-packages/airflow/example_dags/example_params_trigger_ui.py
[2025-02-06T16:49:47.230+0000] {logging_mixin.py:190} INFO - [2025-02-06T16:49:47.230+0000] {dag.py:3239} INFO - Sync 1 DAGs
[2025-02-06T16:49:47.248+0000] {logging_mixin.py:190} INFO - [2025-02-06T16:49:47.248+0000] {dag.py:4180} INFO - Setting next_dagrun for example_params_trigger_ui to None, run_after=None
[2025-02-06T16:49:47.275+0000] {processor.py:208} INFO - Processing /home/airflow/.local/lib/python3.12/site-packages/airflow/example_dags/example_params_trigger_ui.py took 0.132 seconds
[2025-02-06T16:50:17.609+0000] {processor.py:186} INFO - Started process (PID=1591) to work on /home/airflow/.local/lib/python3.12/site-packages/airflow/example_dags/example_params_trigger_ui.py
[2025-02-06T16:50:17.610+0000] {processor.py:914} INFO - Processing file /home/airflow/.local/lib/python3.12/site-packages/airflow/example_dags/example_params_trigger_ui.py for tasks to queue
[2025-02-06T16:50:17.614+0000] {logging_mixin.py:190} INFO - [2025-02-06T16:50:17.614+0000] {dagbag.py:588} INFO - Filling up the DagBag from /home/airflow/.local/lib/python3.12/site-packages/airflow/example_dags/example_params_trigger_ui.py
[2025-02-06T16:50:17.640+0000] {processor.py:925} INFO - DAG(s) 'example_params_trigger_ui' retrieved from /home/airflow/.local/lib/python3.12/site-packages/airflow/example_dags/example_params_trigger_ui.py
[2025-02-06T16:50:17.744+0000] {logging_mixin.py:190} INFO - [2025-02-06T16:50:17.743+0000] {dag.py:3239} INFO - Sync 1 DAGs
[2025-02-06T16:50:17.768+0000] {logging_mixin.py:190} INFO - [2025-02-06T16:50:17.768+0000] {dag.py:4180} INFO - Setting next_dagrun for example_params_trigger_ui to None, run_after=None
[2025-02-06T16:50:17.804+0000] {processor.py:208} INFO - Processing /home/airflow/.local/lib/python3.12/site-packages/airflow/example_dags/example_params_trigger_ui.py took 0.216 seconds
[2025-02-06T16:50:47.945+0000] {processor.py:186} INFO - Started process (PID=1648) to work on /home/airflow/.local/lib/python3.12/site-packages/airflow/example_dags/example_params_trigger_ui.py
[2025-02-06T16:50:47.946+0000] {processor.py:914} INFO - Processing file /home/airflow/.local/lib/python3.12/site-packages/airflow/example_dags/example_params_trigger_ui.py for tasks to queue
[2025-02-06T16:50:47.951+0000] {logging_mixin.py:190} INFO - [2025-02-06T16:50:47.950+0000] {dagbag.py:588} INFO - Filling up the DagBag from /home/airflow/.local/lib/python3.12/site-packages/airflow/example_dags/example_params_trigger_ui.py
[2025-02-06T16:50:47.967+0000] {processor.py:925} INFO - DAG(s) 'example_params_trigger_ui' retrieved from /home/airflow/.local/lib/python3.12/site-packages/airflow/example_dags/example_params_trigger_ui.py
[2025-02-06T16:50:48.031+0000] {logging_mixin.py:190} INFO - [2025-02-06T16:50:48.031+0000] {dag.py:3239} INFO - Sync 1 DAGs
[2025-02-06T16:50:48.056+0000] {logging_mixin.py:190} INFO - [2025-02-06T16:50:48.056+0000] {dag.py:4180} INFO - Setting next_dagrun for example_params_trigger_ui to None, run_after=None
[2025-02-06T16:50:48.091+0000] {processor.py:208} INFO - Processing /home/airflow/.local/lib/python3.12/site-packages/airflow/example_dags/example_params_trigger_ui.py took 0.154 seconds
[2025-02-06T16:51:18.459+0000] {processor.py:186} INFO - Started process (PID=1705) to work on /home/airflow/.local/lib/python3.12/site-packages/airflow/example_dags/example_params_trigger_ui.py
[2025-02-06T16:51:18.460+0000] {processor.py:914} INFO - Processing file /home/airflow/.local/lib/python3.12/site-packages/airflow/example_dags/example_params_trigger_ui.py for tasks to queue
[2025-02-06T16:51:18.463+0000] {logging_mixin.py:190} INFO - [2025-02-06T16:51:18.463+0000] {dagbag.py:588} INFO - Filling up the DagBag from /home/airflow/.local/lib/python3.12/site-packages/airflow/example_dags/example_params_trigger_ui.py
[2025-02-06T16:51:18.476+0000] {processor.py:925} INFO - DAG(s) 'example_params_trigger_ui' retrieved from /home/airflow/.local/lib/python3.12/site-packages/airflow/example_dags/example_params_trigger_ui.py
[2025-02-06T16:51:18.531+0000] {logging_mixin.py:190} INFO - [2025-02-06T16:51:18.531+0000] {dag.py:3239} INFO - Sync 1 DAGs
[2025-02-06T16:51:18.551+0000] {logging_mixin.py:190} INFO - [2025-02-06T16:51:18.550+0000] {dag.py:4180} INFO - Setting next_dagrun for example_params_trigger_ui to None, run_after=None
[2025-02-06T16:51:18.576+0000] {processor.py:208} INFO - Processing /home/airflow/.local/lib/python3.12/site-packages/airflow/example_dags/example_params_trigger_ui.py took 0.125 seconds
[2025-02-06T16:51:49.154+0000] {processor.py:186} INFO - Started process (PID=1762) to work on /home/airflow/.local/lib/python3.12/site-packages/airflow/example_dags/example_params_trigger_ui.py
[2025-02-06T16:51:49.155+0000] {processor.py:914} INFO - Processing file /home/airflow/.local/lib/python3.12/site-packages/airflow/example_dags/example_params_trigger_ui.py for tasks to queue
[2025-02-06T16:51:49.158+0000] {logging_mixin.py:190} INFO - [2025-02-06T16:51:49.157+0000] {dagbag.py:588} INFO - Filling up the DagBag from /home/airflow/.local/lib/python3.12/site-packages/airflow/example_dags/example_params_trigger_ui.py
[2025-02-06T16:51:49.172+0000] {processor.py:925} INFO - DAG(s) 'example_params_trigger_ui' retrieved from /home/airflow/.local/lib/python3.12/site-packages/airflow/example_dags/example_params_trigger_ui.py
[2025-02-06T16:51:49.235+0000] {logging_mixin.py:190} INFO - [2025-02-06T16:51:49.235+0000] {dag.py:3239} INFO - Sync 1 DAGs
[2025-02-06T16:51:49.262+0000] {logging_mixin.py:190} INFO - [2025-02-06T16:51:49.261+0000] {dag.py:4180} INFO - Setting next_dagrun for example_params_trigger_ui to None, run_after=None
[2025-02-06T16:51:49.336+0000] {processor.py:208} INFO - Processing /home/airflow/.local/lib/python3.12/site-packages/airflow/example_dags/example_params_trigger_ui.py took 0.191 seconds
[2025-02-06T16:52:20.620+0000] {processor.py:186} INFO - Started process (PID=1819) to work on /home/airflow/.local/lib/python3.12/site-packages/airflow/example_dags/example_params_trigger_ui.py
[2025-02-06T16:52:20.622+0000] {processor.py:914} INFO - Processing file /home/airflow/.local/lib/python3.12/site-packages/airflow/example_dags/example_params_trigger_ui.py for tasks to queue
[2025-02-06T16:52:20.627+0000] {logging_mixin.py:190} INFO - [2025-02-06T16:52:20.626+0000] {dagbag.py:588} INFO - Filling up the DagBag from /home/airflow/.local/lib/python3.12/site-packages/airflow/example_dags/example_params_trigger_ui.py
[2025-02-06T16:52:20.649+0000] {processor.py:925} INFO - DAG(s) 'example_params_trigger_ui' retrieved from /home/airflow/.local/lib/python3.12/site-packages/airflow/example_dags/example_params_trigger_ui.py
[2025-02-06T16:52:20.762+0000] {logging_mixin.py:190} INFO - [2025-02-06T16:52:20.762+0000] {dag.py:3239} INFO - Sync 1 DAGs
[2025-02-06T16:52:20.809+0000] {logging_mixin.py:190} INFO - [2025-02-06T16:52:20.809+0000] {dag.py:4180} INFO - Setting next_dagrun for example_params_trigger_ui to None, run_after=None
[2025-02-06T16:52:20.869+0000] {processor.py:208} INFO - Processing /home/airflow/.local/lib/python3.12/site-packages/airflow/example_dags/example_params_trigger_ui.py took 0.259 seconds
[2025-02-06T16:52:51.757+0000] {processor.py:186} INFO - Started process (PID=1876) to work on /home/airflow/.local/lib/python3.12/site-packages/airflow/example_dags/example_params_trigger_ui.py
[2025-02-06T16:52:51.759+0000] {processor.py:914} INFO - Processing file /home/airflow/.local/lib/python3.12/site-packages/airflow/example_dags/example_params_trigger_ui.py for tasks to queue
[2025-02-06T16:52:51.763+0000] {logging_mixin.py:190} INFO - [2025-02-06T16:52:51.762+0000] {dagbag.py:588} INFO - Filling up the DagBag from /home/airflow/.local/lib/python3.12/site-packages/airflow/example_dags/example_params_trigger_ui.py
[2025-02-06T16:52:51.785+0000] {processor.py:925} INFO - DAG(s) 'example_params_trigger_ui' retrieved from /home/airflow/.local/lib/python3.12/site-packages/airflow/example_dags/example_params_trigger_ui.py
[2025-02-06T16:52:51.844+0000] {logging_mixin.py:190} INFO - [2025-02-06T16:52:51.844+0000] {dag.py:3239} INFO - Sync 1 DAGs
[2025-02-06T16:52:51.862+0000] {logging_mixin.py:190} INFO - [2025-02-06T16:52:51.862+0000] {dag.py:4180} INFO - Setting next_dagrun for example_params_trigger_ui to None, run_after=None
[2025-02-06T16:52:51.886+0000] {processor.py:208} INFO - Processing /home/airflow/.local/lib/python3.12/site-packages/airflow/example_dags/example_params_trigger_ui.py took 0.136 seconds
[2025-02-06T16:53:23.200+0000] {processor.py:186} INFO - Started process (PID=1933) to work on /home/airflow/.local/lib/python3.12/site-packages/airflow/example_dags/example_params_trigger_ui.py
[2025-02-06T16:53:23.201+0000] {processor.py:914} INFO - Processing file /home/airflow/.local/lib/python3.12/site-packages/airflow/example_dags/example_params_trigger_ui.py for tasks to queue
[2025-02-06T16:53:23.204+0000] {logging_mixin.py:190} INFO - [2025-02-06T16:53:23.204+0000] {dagbag.py:588} INFO - Filling up the DagBag from /home/airflow/.local/lib/python3.12/site-packages/airflow/example_dags/example_params_trigger_ui.py
[2025-02-06T16:53:23.218+0000] {processor.py:925} INFO - DAG(s) 'example_params_trigger_ui' retrieved from /home/airflow/.local/lib/python3.12/site-packages/airflow/example_dags/example_params_trigger_ui.py
[2025-02-06T16:53:23.274+0000] {logging_mixin.py:190} INFO - [2025-02-06T16:53:23.273+0000] {dag.py:3239} INFO - Sync 1 DAGs
[2025-02-06T16:53:23.291+0000] {logging_mixin.py:190} INFO - [2025-02-06T16:53:23.291+0000] {dag.py:4180} INFO - Setting next_dagrun for example_params_trigger_ui to None, run_after=None
[2025-02-06T16:53:23.315+0000] {processor.py:208} INFO - Processing /home/airflow/.local/lib/python3.12/site-packages/airflow/example_dags/example_params_trigger_ui.py took 0.123 seconds
[2025-02-06T16:53:55.406+0000] {processor.py:186} INFO - Started process (PID=1990) to work on /home/airflow/.local/lib/python3.12/site-packages/airflow/example_dags/example_params_trigger_ui.py
[2025-02-06T16:53:55.409+0000] {processor.py:914} INFO - Processing file /home/airflow/.local/lib/python3.12/site-packages/airflow/example_dags/example_params_trigger_ui.py for tasks to queue
[2025-02-06T16:53:55.422+0000] {logging_mixin.py:190} INFO - [2025-02-06T16:53:55.422+0000] {dagbag.py:588} INFO - Filling up the DagBag from /home/airflow/.local/lib/python3.12/site-packages/airflow/example_dags/example_params_trigger_ui.py
[2025-02-06T16:53:55.468+0000] {processor.py:925} INFO - DAG(s) 'example_params_trigger_ui' retrieved from /home/airflow/.local/lib/python3.12/site-packages/airflow/example_dags/example_params_trigger_ui.py
[2025-02-06T16:53:55.599+0000] {logging_mixin.py:190} INFO - [2025-02-06T16:53:55.598+0000] {dag.py:3239} INFO - Sync 1 DAGs
[2025-02-06T16:53:55.655+0000] {logging_mixin.py:190} INFO - [2025-02-06T16:53:55.655+0000] {dag.py:4180} INFO - Setting next_dagrun for example_params_trigger_ui to None, run_after=None
[2025-02-06T16:53:55.708+0000] {processor.py:208} INFO - Processing /home/airflow/.local/lib/python3.12/site-packages/airflow/example_dags/example_params_trigger_ui.py took 0.326 seconds
[2025-02-06T16:54:27.738+0000] {processor.py:186} INFO - Started process (PID=2045) to work on /home/airflow/.local/lib/python3.12/site-packages/airflow/example_dags/example_params_trigger_ui.py
[2025-02-06T16:54:27.739+0000] {processor.py:914} INFO - Processing file /home/airflow/.local/lib/python3.12/site-packages/airflow/example_dags/example_params_trigger_ui.py for tasks to queue
[2025-02-06T16:54:27.749+0000] {logging_mixin.py:190} INFO - [2025-02-06T16:54:27.749+0000] {dagbag.py:588} INFO - Filling up the DagBag from /home/airflow/.local/lib/python3.12/site-packages/airflow/example_dags/example_params_trigger_ui.py
[2025-02-06T16:54:27.774+0000] {processor.py:925} INFO - DAG(s) 'example_params_trigger_ui' retrieved from /home/airflow/.local/lib/python3.12/site-packages/airflow/example_dags/example_params_trigger_ui.py
[2025-02-06T16:54:27.857+0000] {logging_mixin.py:190} INFO - [2025-02-06T16:54:27.857+0000] {dag.py:3239} INFO - Sync 1 DAGs
[2025-02-06T16:54:27.877+0000] {logging_mixin.py:190} INFO - [2025-02-06T16:54:27.877+0000] {dag.py:4180} INFO - Setting next_dagrun for example_params_trigger_ui to None, run_after=None
[2025-02-06T16:54:27.902+0000] {processor.py:208} INFO - Processing /home/airflow/.local/lib/python3.12/site-packages/airflow/example_dags/example_params_trigger_ui.py took 0.172 seconds
[2025-02-06T16:54:59.183+0000] {processor.py:186} INFO - Started process (PID=2102) to work on /home/airflow/.local/lib/python3.12/site-packages/airflow/example_dags/example_params_trigger_ui.py
[2025-02-06T16:54:59.185+0000] {processor.py:914} INFO - Processing file /home/airflow/.local/lib/python3.12/site-packages/airflow/example_dags/example_params_trigger_ui.py for tasks to queue
[2025-02-06T16:54:59.188+0000] {logging_mixin.py:190} INFO - [2025-02-06T16:54:59.188+0000] {dagbag.py:588} INFO - Filling up the DagBag from /home/airflow/.local/lib/python3.12/site-packages/airflow/example_dags/example_params_trigger_ui.py
[2025-02-06T16:54:59.205+0000] {processor.py:925} INFO - DAG(s) 'example_params_trigger_ui' retrieved from /home/airflow/.local/lib/python3.12/site-packages/airflow/example_dags/example_params_trigger_ui.py
[2025-02-06T16:54:59.264+0000] {logging_mixin.py:190} INFO - [2025-02-06T16:54:59.263+0000] {dag.py:3239} INFO - Sync 1 DAGs
[2025-02-06T16:54:59.283+0000] {logging_mixin.py:190} INFO - [2025-02-06T16:54:59.283+0000] {dag.py:4180} INFO - Setting next_dagrun for example_params_trigger_ui to None, run_after=None
[2025-02-06T16:54:59.304+0000] {processor.py:208} INFO - Processing /home/airflow/.local/lib/python3.12/site-packages/airflow/example_dags/example_params_trigger_ui.py took 0.131 seconds
[2025-02-06T17:23:33.895+0000] {processor.py:186} INFO - Started process (PID=58) to work on /home/airflow/.local/lib/python3.12/site-packages/airflow/example_dags/example_params_trigger_ui.py
[2025-02-06T17:23:33.896+0000] {processor.py:914} INFO - Processing file /home/airflow/.local/lib/python3.12/site-packages/airflow/example_dags/example_params_trigger_ui.py for tasks to queue
[2025-02-06T17:23:33.899+0000] {logging_mixin.py:190} INFO - [2025-02-06T17:23:33.899+0000] {dagbag.py:588} INFO - Filling up the DagBag from /home/airflow/.local/lib/python3.12/site-packages/airflow/example_dags/example_params_trigger_ui.py
[2025-02-06T17:23:33.917+0000] {processor.py:925} INFO - DAG(s) 'example_params_trigger_ui' retrieved from /home/airflow/.local/lib/python3.12/site-packages/airflow/example_dags/example_params_trigger_ui.py
[2025-02-06T17:23:34.112+0000] {logging_mixin.py:190} INFO - [2025-02-06T17:23:34.112+0000] {override.py:1911} INFO - Created Permission View: can delete on DAG:example_params_trigger_ui
[2025-02-06T17:23:34.126+0000] {logging_mixin.py:190} INFO - [2025-02-06T17:23:34.125+0000] {override.py:1911} INFO - Created Permission View: can read on DAG:example_params_trigger_ui
[2025-02-06T17:23:34.135+0000] {logging_mixin.py:190} INFO - [2025-02-06T17:23:34.134+0000] {override.py:1911} INFO - Created Permission View: can edit on DAG:example_params_trigger_ui
[2025-02-06T17:23:34.147+0000] {logging_mixin.py:190} INFO - [2025-02-06T17:23:34.146+0000] {override.py:1911} INFO - Created Permission View: menu access on DAG Run:example_params_trigger_ui
[2025-02-06T17:23:34.156+0000] {logging_mixin.py:190} INFO - [2025-02-06T17:23:34.155+0000] {override.py:1911} INFO - Created Permission View: can delete on DAG Run:example_params_trigger_ui
[2025-02-06T17:23:34.165+0000] {logging_mixin.py:190} INFO - [2025-02-06T17:23:34.165+0000] {override.py:1911} INFO - Created Permission View: can create on DAG Run:example_params_trigger_ui
[2025-02-06T17:23:34.178+0000] {logging_mixin.py:190} INFO - [2025-02-06T17:23:34.178+0000] {override.py:1911} INFO - Created Permission View: can read on DAG Run:example_params_trigger_ui
[2025-02-06T17:23:34.179+0000] {logging_mixin.py:190} INFO - [2025-02-06T17:23:34.179+0000] {dag.py:3239} INFO - Sync 1 DAGs
[2025-02-06T17:23:34.231+0000] {logging_mixin.py:190} INFO - [2025-02-06T17:23:34.230+0000] {dag.py:3262} INFO - Creating ORM DAG for example_params_trigger_ui
[2025-02-06T17:23:34.233+0000] {logging_mixin.py:190} INFO - [2025-02-06T17:23:34.233+0000] {dag.py:4180} INFO - Setting next_dagrun for example_params_trigger_ui to None, run_after=None
[2025-02-06T17:23:34.269+0000] {processor.py:208} INFO - Processing /home/airflow/.local/lib/python3.12/site-packages/airflow/example_dags/example_params_trigger_ui.py took 0.382 seconds
[2025-02-06T17:24:04.889+0000] {processor.py:186} INFO - Started process (PID=115) to work on /home/airflow/.local/lib/python3.12/site-packages/airflow/example_dags/example_params_trigger_ui.py
[2025-02-06T17:24:04.891+0000] {processor.py:914} INFO - Processing file /home/airflow/.local/lib/python3.12/site-packages/airflow/example_dags/example_params_trigger_ui.py for tasks to queue
[2025-02-06T17:24:04.894+0000] {logging_mixin.py:190} INFO - [2025-02-06T17:24:04.893+0000] {dagbag.py:588} INFO - Filling up the DagBag from /home/airflow/.local/lib/python3.12/site-packages/airflow/example_dags/example_params_trigger_ui.py
[2025-02-06T17:24:04.910+0000] {processor.py:925} INFO - DAG(s) 'example_params_trigger_ui' retrieved from /home/airflow/.local/lib/python3.12/site-packages/airflow/example_dags/example_params_trigger_ui.py
[2025-02-06T17:24:04.983+0000] {logging_mixin.py:190} INFO - [2025-02-06T17:24:04.979+0000] {dag.py:3239} INFO - Sync 1 DAGs
[2025-02-06T17:24:05.006+0000] {logging_mixin.py:190} INFO - [2025-02-06T17:24:05.005+0000] {dag.py:4180} INFO - Setting next_dagrun for example_params_trigger_ui to None, run_after=None
[2025-02-06T17:24:05.027+0000] {processor.py:208} INFO - Processing /home/airflow/.local/lib/python3.12/site-packages/airflow/example_dags/example_params_trigger_ui.py took 0.145 seconds
[2025-02-06T17:24:37.372+0000] {processor.py:186} INFO - Started process (PID=172) to work on /home/airflow/.local/lib/python3.12/site-packages/airflow/example_dags/example_params_trigger_ui.py
[2025-02-06T17:24:37.373+0000] {processor.py:914} INFO - Processing file /home/airflow/.local/lib/python3.12/site-packages/airflow/example_dags/example_params_trigger_ui.py for tasks to queue
[2025-02-06T17:24:37.376+0000] {logging_mixin.py:190} INFO - [2025-02-06T17:24:37.376+0000] {dagbag.py:588} INFO - Filling up the DagBag from /home/airflow/.local/lib/python3.12/site-packages/airflow/example_dags/example_params_trigger_ui.py
[2025-02-06T17:24:37.391+0000] {processor.py:925} INFO - DAG(s) 'example_params_trigger_ui' retrieved from /home/airflow/.local/lib/python3.12/site-packages/airflow/example_dags/example_params_trigger_ui.py
[2025-02-06T17:24:37.457+0000] {logging_mixin.py:190} INFO - [2025-02-06T17:24:37.456+0000] {dag.py:3239} INFO - Sync 1 DAGs
[2025-02-06T17:24:37.478+0000] {logging_mixin.py:190} INFO - [2025-02-06T17:24:37.477+0000] {dag.py:4180} INFO - Setting next_dagrun for example_params_trigger_ui to None, run_after=None
[2025-02-06T17:24:37.506+0000] {processor.py:208} INFO - Processing /home/airflow/.local/lib/python3.12/site-packages/airflow/example_dags/example_params_trigger_ui.py took 0.142 seconds
[2025-02-06T17:25:09.615+0000] {processor.py:186} INFO - Started process (PID=229) to work on /home/airflow/.local/lib/python3.12/site-packages/airflow/example_dags/example_params_trigger_ui.py
[2025-02-06T17:25:09.617+0000] {processor.py:914} INFO - Processing file /home/airflow/.local/lib/python3.12/site-packages/airflow/example_dags/example_params_trigger_ui.py for tasks to queue
[2025-02-06T17:25:09.623+0000] {logging_mixin.py:190} INFO - [2025-02-06T17:25:09.622+0000] {dagbag.py:588} INFO - Filling up the DagBag from /home/airflow/.local/lib/python3.12/site-packages/airflow/example_dags/example_params_trigger_ui.py
[2025-02-06T17:25:09.646+0000] {processor.py:925} INFO - DAG(s) 'example_params_trigger_ui' retrieved from /home/airflow/.local/lib/python3.12/site-packages/airflow/example_dags/example_params_trigger_ui.py
[2025-02-06T17:25:09.733+0000] {logging_mixin.py:190} INFO - [2025-02-06T17:25:09.732+0000] {dag.py:3239} INFO - Sync 1 DAGs
[2025-02-06T17:25:09.752+0000] {logging_mixin.py:190} INFO - [2025-02-06T17:25:09.752+0000] {dag.py:4180} INFO - Setting next_dagrun for example_params_trigger_ui to None, run_after=None
[2025-02-06T17:25:09.778+0000] {processor.py:208} INFO - Processing /home/airflow/.local/lib/python3.12/site-packages/airflow/example_dags/example_params_trigger_ui.py took 0.179 seconds
[2025-02-06T17:25:40.774+0000] {processor.py:186} INFO - Started process (PID=286) to work on /home/airflow/.local/lib/python3.12/site-packages/airflow/example_dags/example_params_trigger_ui.py
[2025-02-06T17:25:40.776+0000] {processor.py:914} INFO - Processing file /home/airflow/.local/lib/python3.12/site-packages/airflow/example_dags/example_params_trigger_ui.py for tasks to queue
[2025-02-06T17:25:40.781+0000] {logging_mixin.py:190} INFO - [2025-02-06T17:25:40.780+0000] {dagbag.py:588} INFO - Filling up the DagBag from /home/airflow/.local/lib/python3.12/site-packages/airflow/example_dags/example_params_trigger_ui.py
[2025-02-06T17:25:40.816+0000] {processor.py:925} INFO - DAG(s) 'example_params_trigger_ui' retrieved from /home/airflow/.local/lib/python3.12/site-packages/airflow/example_dags/example_params_trigger_ui.py
[2025-02-06T17:25:40.954+0000] {logging_mixin.py:190} INFO - [2025-02-06T17:25:40.954+0000] {dag.py:3239} INFO - Sync 1 DAGs
[2025-02-06T17:25:41.017+0000] {logging_mixin.py:190} INFO - [2025-02-06T17:25:41.016+0000] {dag.py:4180} INFO - Setting next_dagrun for example_params_trigger_ui to None, run_after=None
[2025-02-06T17:25:41.080+0000] {processor.py:208} INFO - Processing /home/airflow/.local/lib/python3.12/site-packages/airflow/example_dags/example_params_trigger_ui.py took 0.323 seconds
[2025-02-06T17:26:12.373+0000] {processor.py:186} INFO - Started process (PID=343) to work on /home/airflow/.local/lib/python3.12/site-packages/airflow/example_dags/example_params_trigger_ui.py
[2025-02-06T17:26:12.374+0000] {processor.py:914} INFO - Processing file /home/airflow/.local/lib/python3.12/site-packages/airflow/example_dags/example_params_trigger_ui.py for tasks to queue
[2025-02-06T17:26:12.377+0000] {logging_mixin.py:190} INFO - [2025-02-06T17:26:12.377+0000] {dagbag.py:588} INFO - Filling up the DagBag from /home/airflow/.local/lib/python3.12/site-packages/airflow/example_dags/example_params_trigger_ui.py
[2025-02-06T17:26:12.404+0000] {processor.py:925} INFO - DAG(s) 'example_params_trigger_ui' retrieved from /home/airflow/.local/lib/python3.12/site-packages/airflow/example_dags/example_params_trigger_ui.py
[2025-02-06T17:26:12.523+0000] {logging_mixin.py:190} INFO - [2025-02-06T17:26:12.523+0000] {dag.py:3239} INFO - Sync 1 DAGs
[2025-02-06T17:26:12.581+0000] {logging_mixin.py:190} INFO - [2025-02-06T17:26:12.580+0000] {dag.py:4180} INFO - Setting next_dagrun for example_params_trigger_ui to None, run_after=None
[2025-02-06T17:26:12.692+0000] {processor.py:208} INFO - Processing /home/airflow/.local/lib/python3.12/site-packages/airflow/example_dags/example_params_trigger_ui.py took 0.327 seconds
[2025-02-06T17:29:21.037+0000] {processor.py:186} INFO - Started process (PID=57) to work on /home/airflow/.local/lib/python3.12/site-packages/airflow/example_dags/example_params_trigger_ui.py
[2025-02-06T17:29:21.040+0000] {processor.py:914} INFO - Processing file /home/airflow/.local/lib/python3.12/site-packages/airflow/example_dags/example_params_trigger_ui.py for tasks to queue
[2025-02-06T17:29:21.047+0000] {logging_mixin.py:190} INFO - [2025-02-06T17:29:21.046+0000] {dagbag.py:588} INFO - Filling up the DagBag from /home/airflow/.local/lib/python3.12/site-packages/airflow/example_dags/example_params_trigger_ui.py
[2025-02-06T17:29:21.076+0000] {processor.py:925} INFO - DAG(s) 'example_params_trigger_ui' retrieved from /home/airflow/.local/lib/python3.12/site-packages/airflow/example_dags/example_params_trigger_ui.py
[2025-02-06T17:29:21.512+0000] {logging_mixin.py:190} INFO - [2025-02-06T17:29:21.510+0000] {override.py:1911} INFO - Created Permission View: can read on DAG:example_params_trigger_ui
[2025-02-06T17:29:21.538+0000] {logging_mixin.py:190} INFO - [2025-02-06T17:29:21.537+0000] {override.py:1911} INFO - Created Permission View: can edit on DAG:example_params_trigger_ui
[2025-02-06T17:29:21.556+0000] {logging_mixin.py:190} INFO - [2025-02-06T17:29:21.555+0000] {override.py:1911} INFO - Created Permission View: can delete on DAG:example_params_trigger_ui
[2025-02-06T17:29:21.574+0000] {logging_mixin.py:190} INFO - [2025-02-06T17:29:21.573+0000] {override.py:1911} INFO - Created Permission View: can read on DAG Run:example_params_trigger_ui
[2025-02-06T17:29:21.593+0000] {logging_mixin.py:190} INFO - [2025-02-06T17:29:21.592+0000] {override.py:1911} INFO - Created Permission View: menu access on DAG Run:example_params_trigger_ui
[2025-02-06T17:29:21.609+0000] {logging_mixin.py:190} INFO - [2025-02-06T17:29:21.608+0000] {override.py:1911} INFO - Created Permission View: can delete on DAG Run:example_params_trigger_ui
[2025-02-06T17:29:21.630+0000] {logging_mixin.py:190} INFO - [2025-02-06T17:29:21.629+0000] {override.py:1911} INFO - Created Permission View: can create on DAG Run:example_params_trigger_ui
[2025-02-06T17:29:21.632+0000] {logging_mixin.py:190} INFO - [2025-02-06T17:29:21.631+0000] {dag.py:3239} INFO - Sync 1 DAGs
[2025-02-06T17:29:21.665+0000] {logging_mixin.py:190} INFO - [2025-02-06T17:29:21.664+0000] {dag.py:3262} INFO - Creating ORM DAG for example_params_trigger_ui
[2025-02-06T17:29:21.667+0000] {logging_mixin.py:190} INFO - [2025-02-06T17:29:21.666+0000] {dag.py:4180} INFO - Setting next_dagrun for example_params_trigger_ui to None, run_after=None
[2025-02-06T17:29:21.706+0000] {processor.py:208} INFO - Processing /home/airflow/.local/lib/python3.12/site-packages/airflow/example_dags/example_params_trigger_ui.py took 0.686 seconds
[2025-02-06T17:29:55.194+0000] {processor.py:186} INFO - Started process (PID=114) to work on /home/airflow/.local/lib/python3.12/site-packages/airflow/example_dags/example_params_trigger_ui.py
[2025-02-06T17:29:55.197+0000] {processor.py:914} INFO - Processing file /home/airflow/.local/lib/python3.12/site-packages/airflow/example_dags/example_params_trigger_ui.py for tasks to queue
[2025-02-06T17:29:55.214+0000] {logging_mixin.py:190} INFO - [2025-02-06T17:29:55.203+0000] {dagbag.py:588} INFO - Filling up the DagBag from /home/airflow/.local/lib/python3.12/site-packages/airflow/example_dags/example_params_trigger_ui.py
[2025-02-06T17:29:55.298+0000] {processor.py:925} INFO - DAG(s) 'example_params_trigger_ui' retrieved from /home/airflow/.local/lib/python3.12/site-packages/airflow/example_dags/example_params_trigger_ui.py
[2025-02-06T17:29:55.590+0000] {logging_mixin.py:190} INFO - [2025-02-06T17:29:55.589+0000] {dag.py:3239} INFO - Sync 1 DAGs
[2025-02-06T17:29:55.664+0000] {logging_mixin.py:190} INFO - [2025-02-06T17:29:55.663+0000] {dag.py:4180} INFO - Setting next_dagrun for example_params_trigger_ui to None, run_after=None
[2025-02-06T17:29:55.788+0000] {processor.py:208} INFO - Processing /home/airflow/.local/lib/python3.12/site-packages/airflow/example_dags/example_params_trigger_ui.py took 0.641 seconds
[2025-02-06T17:30:27.743+0000] {processor.py:186} INFO - Started process (PID=171) to work on /home/airflow/.local/lib/python3.12/site-packages/airflow/example_dags/example_params_trigger_ui.py
[2025-02-06T17:30:27.744+0000] {processor.py:914} INFO - Processing file /home/airflow/.local/lib/python3.12/site-packages/airflow/example_dags/example_params_trigger_ui.py for tasks to queue
[2025-02-06T17:30:27.750+0000] {logging_mixin.py:190} INFO - [2025-02-06T17:30:27.749+0000] {dagbag.py:588} INFO - Filling up the DagBag from /home/airflow/.local/lib/python3.12/site-packages/airflow/example_dags/example_params_trigger_ui.py
[2025-02-06T17:30:27.781+0000] {processor.py:925} INFO - DAG(s) 'example_params_trigger_ui' retrieved from /home/airflow/.local/lib/python3.12/site-packages/airflow/example_dags/example_params_trigger_ui.py
[2025-02-06T17:30:27.871+0000] {logging_mixin.py:190} INFO - [2025-02-06T17:30:27.871+0000] {dag.py:3239} INFO - Sync 1 DAGs
[2025-02-06T17:30:27.894+0000] {logging_mixin.py:190} INFO - [2025-02-06T17:30:27.894+0000] {dag.py:4180} INFO - Setting next_dagrun for example_params_trigger_ui to None, run_after=None
[2025-02-06T17:30:27.938+0000] {processor.py:208} INFO - Processing /home/airflow/.local/lib/python3.12/site-packages/airflow/example_dags/example_params_trigger_ui.py took 0.204 seconds
[2025-02-06T17:31:00.356+0000] {processor.py:186} INFO - Started process (PID=228) to work on /home/airflow/.local/lib/python3.12/site-packages/airflow/example_dags/example_params_trigger_ui.py
[2025-02-06T17:31:00.358+0000] {processor.py:914} INFO - Processing file /home/airflow/.local/lib/python3.12/site-packages/airflow/example_dags/example_params_trigger_ui.py for tasks to queue
[2025-02-06T17:31:00.366+0000] {logging_mixin.py:190} INFO - [2025-02-06T17:31:00.362+0000] {dagbag.py:588} INFO - Filling up the DagBag from /home/airflow/.local/lib/python3.12/site-packages/airflow/example_dags/example_params_trigger_ui.py
[2025-02-06T17:31:00.394+0000] {processor.py:925} INFO - DAG(s) 'example_params_trigger_ui' retrieved from /home/airflow/.local/lib/python3.12/site-packages/airflow/example_dags/example_params_trigger_ui.py
[2025-02-06T17:31:00.492+0000] {logging_mixin.py:190} INFO - [2025-02-06T17:31:00.492+0000] {dag.py:3239} INFO - Sync 1 DAGs
[2025-02-06T17:31:00.521+0000] {logging_mixin.py:190} INFO - [2025-02-06T17:31:00.521+0000] {dag.py:4180} INFO - Setting next_dagrun for example_params_trigger_ui to None, run_after=None
[2025-02-06T17:31:00.563+0000] {processor.py:208} INFO - Processing /home/airflow/.local/lib/python3.12/site-packages/airflow/example_dags/example_params_trigger_ui.py took 0.216 seconds
[2025-02-06T17:31:31.397+0000] {processor.py:186} INFO - Started process (PID=285) to work on /home/airflow/.local/lib/python3.12/site-packages/airflow/example_dags/example_params_trigger_ui.py
[2025-02-06T17:31:31.399+0000] {processor.py:914} INFO - Processing file /home/airflow/.local/lib/python3.12/site-packages/airflow/example_dags/example_params_trigger_ui.py for tasks to queue
[2025-02-06T17:31:31.401+0000] {logging_mixin.py:190} INFO - [2025-02-06T17:31:31.401+0000] {dagbag.py:588} INFO - Filling up the DagBag from /home/airflow/.local/lib/python3.12/site-packages/airflow/example_dags/example_params_trigger_ui.py
[2025-02-06T17:31:31.416+0000] {processor.py:925} INFO - DAG(s) 'example_params_trigger_ui' retrieved from /home/airflow/.local/lib/python3.12/site-packages/airflow/example_dags/example_params_trigger_ui.py
[2025-02-06T17:31:31.485+0000] {logging_mixin.py:190} INFO - [2025-02-06T17:31:31.485+0000] {dag.py:3239} INFO - Sync 1 DAGs
[2025-02-06T17:31:31.504+0000] {logging_mixin.py:190} INFO - [2025-02-06T17:31:31.503+0000] {dag.py:4180} INFO - Setting next_dagrun for example_params_trigger_ui to None, run_after=None
[2025-02-06T17:31:31.525+0000] {processor.py:208} INFO - Processing /home/airflow/.local/lib/python3.12/site-packages/airflow/example_dags/example_params_trigger_ui.py took 0.135 seconds
[2025-02-06T17:32:02.705+0000] {processor.py:186} INFO - Started process (PID=342) to work on /home/airflow/.local/lib/python3.12/site-packages/airflow/example_dags/example_params_trigger_ui.py
[2025-02-06T17:32:02.706+0000] {processor.py:914} INFO - Processing file /home/airflow/.local/lib/python3.12/site-packages/airflow/example_dags/example_params_trigger_ui.py for tasks to queue
[2025-02-06T17:32:02.709+0000] {logging_mixin.py:190} INFO - [2025-02-06T17:32:02.709+0000] {dagbag.py:588} INFO - Filling up the DagBag from /home/airflow/.local/lib/python3.12/site-packages/airflow/example_dags/example_params_trigger_ui.py
[2025-02-06T17:32:02.723+0000] {processor.py:925} INFO - DAG(s) 'example_params_trigger_ui' retrieved from /home/airflow/.local/lib/python3.12/site-packages/airflow/example_dags/example_params_trigger_ui.py
[2025-02-06T17:32:02.777+0000] {logging_mixin.py:190} INFO - [2025-02-06T17:32:02.777+0000] {dag.py:3239} INFO - Sync 1 DAGs
[2025-02-06T17:32:02.795+0000] {logging_mixin.py:190} INFO - [2025-02-06T17:32:02.795+0000] {dag.py:4180} INFO - Setting next_dagrun for example_params_trigger_ui to None, run_after=None
[2025-02-06T17:32:02.819+0000] {processor.py:208} INFO - Processing /home/airflow/.local/lib/python3.12/site-packages/airflow/example_dags/example_params_trigger_ui.py took 0.123 seconds
[2025-02-06T17:32:34.206+0000] {processor.py:186} INFO - Started process (PID=399) to work on /home/airflow/.local/lib/python3.12/site-packages/airflow/example_dags/example_params_trigger_ui.py
[2025-02-06T17:32:34.207+0000] {processor.py:914} INFO - Processing file /home/airflow/.local/lib/python3.12/site-packages/airflow/example_dags/example_params_trigger_ui.py for tasks to queue
[2025-02-06T17:32:34.210+0000] {logging_mixin.py:190} INFO - [2025-02-06T17:32:34.210+0000] {dagbag.py:588} INFO - Filling up the DagBag from /home/airflow/.local/lib/python3.12/site-packages/airflow/example_dags/example_params_trigger_ui.py
[2025-02-06T17:32:34.228+0000] {processor.py:925} INFO - DAG(s) 'example_params_trigger_ui' retrieved from /home/airflow/.local/lib/python3.12/site-packages/airflow/example_dags/example_params_trigger_ui.py
[2025-02-06T17:32:34.302+0000] {logging_mixin.py:190} INFO - [2025-02-06T17:32:34.301+0000] {dag.py:3239} INFO - Sync 1 DAGs
[2025-02-06T17:32:34.337+0000] {logging_mixin.py:190} INFO - [2025-02-06T17:32:34.337+0000] {dag.py:4180} INFO - Setting next_dagrun for example_params_trigger_ui to None, run_after=None
[2025-02-06T17:32:34.377+0000] {processor.py:208} INFO - Processing /home/airflow/.local/lib/python3.12/site-packages/airflow/example_dags/example_params_trigger_ui.py took 0.182 seconds
[2025-02-06T17:33:05.700+0000] {processor.py:186} INFO - Started process (PID=456) to work on /home/airflow/.local/lib/python3.12/site-packages/airflow/example_dags/example_params_trigger_ui.py
[2025-02-06T17:33:05.701+0000] {processor.py:914} INFO - Processing file /home/airflow/.local/lib/python3.12/site-packages/airflow/example_dags/example_params_trigger_ui.py for tasks to queue
[2025-02-06T17:33:05.704+0000] {logging_mixin.py:190} INFO - [2025-02-06T17:33:05.704+0000] {dagbag.py:588} INFO - Filling up the DagBag from /home/airflow/.local/lib/python3.12/site-packages/airflow/example_dags/example_params_trigger_ui.py
[2025-02-06T17:33:05.719+0000] {processor.py:925} INFO - DAG(s) 'example_params_trigger_ui' retrieved from /home/airflow/.local/lib/python3.12/site-packages/airflow/example_dags/example_params_trigger_ui.py
[2025-02-06T17:33:05.776+0000] {logging_mixin.py:190} INFO - [2025-02-06T17:33:05.776+0000] {dag.py:3239} INFO - Sync 1 DAGs
[2025-02-06T17:33:05.797+0000] {logging_mixin.py:190} INFO - [2025-02-06T17:33:05.797+0000] {dag.py:4180} INFO - Setting next_dagrun for example_params_trigger_ui to None, run_after=None
[2025-02-06T17:33:05.826+0000] {processor.py:208} INFO - Processing /home/airflow/.local/lib/python3.12/site-packages/airflow/example_dags/example_params_trigger_ui.py took 0.133 seconds
[2025-02-06T17:33:36.790+0000] {processor.py:186} INFO - Started process (PID=513) to work on /home/airflow/.local/lib/python3.12/site-packages/airflow/example_dags/example_params_trigger_ui.py
[2025-02-06T17:33:36.791+0000] {processor.py:914} INFO - Processing file /home/airflow/.local/lib/python3.12/site-packages/airflow/example_dags/example_params_trigger_ui.py for tasks to queue
[2025-02-06T17:33:36.794+0000] {logging_mixin.py:190} INFO - [2025-02-06T17:33:36.794+0000] {dagbag.py:588} INFO - Filling up the DagBag from /home/airflow/.local/lib/python3.12/site-packages/airflow/example_dags/example_params_trigger_ui.py
[2025-02-06T17:33:36.808+0000] {processor.py:925} INFO - DAG(s) 'example_params_trigger_ui' retrieved from /home/airflow/.local/lib/python3.12/site-packages/airflow/example_dags/example_params_trigger_ui.py
[2025-02-06T17:33:36.865+0000] {logging_mixin.py:190} INFO - [2025-02-06T17:33:36.865+0000] {dag.py:3239} INFO - Sync 1 DAGs
[2025-02-06T17:33:36.886+0000] {logging_mixin.py:190} INFO - [2025-02-06T17:33:36.885+0000] {dag.py:4180} INFO - Setting next_dagrun for example_params_trigger_ui to None, run_after=None
[2025-02-06T17:33:36.913+0000] {processor.py:208} INFO - Processing /home/airflow/.local/lib/python3.12/site-packages/airflow/example_dags/example_params_trigger_ui.py took 0.130 seconds
[2025-02-06T17:34:08.771+0000] {processor.py:186} INFO - Started process (PID=570) to work on /home/airflow/.local/lib/python3.12/site-packages/airflow/example_dags/example_params_trigger_ui.py
[2025-02-06T17:34:08.772+0000] {processor.py:914} INFO - Processing file /home/airflow/.local/lib/python3.12/site-packages/airflow/example_dags/example_params_trigger_ui.py for tasks to queue
[2025-02-06T17:34:08.781+0000] {logging_mixin.py:190} INFO - [2025-02-06T17:34:08.780+0000] {dagbag.py:588} INFO - Filling up the DagBag from /home/airflow/.local/lib/python3.12/site-packages/airflow/example_dags/example_params_trigger_ui.py
[2025-02-06T17:34:08.804+0000] {processor.py:925} INFO - DAG(s) 'example_params_trigger_ui' retrieved from /home/airflow/.local/lib/python3.12/site-packages/airflow/example_dags/example_params_trigger_ui.py
[2025-02-06T17:34:08.890+0000] {logging_mixin.py:190} INFO - [2025-02-06T17:34:08.890+0000] {dag.py:3239} INFO - Sync 1 DAGs
[2025-02-06T17:34:08.921+0000] {logging_mixin.py:190} INFO - [2025-02-06T17:34:08.920+0000] {dag.py:4180} INFO - Setting next_dagrun for example_params_trigger_ui to None, run_after=None
[2025-02-06T17:34:08.959+0000] {processor.py:208} INFO - Processing /home/airflow/.local/lib/python3.12/site-packages/airflow/example_dags/example_params_trigger_ui.py took 0.201 seconds
[2025-02-06T17:34:40.357+0000] {processor.py:186} INFO - Started process (PID=627) to work on /home/airflow/.local/lib/python3.12/site-packages/airflow/example_dags/example_params_trigger_ui.py
[2025-02-06T17:34:40.359+0000] {processor.py:914} INFO - Processing file /home/airflow/.local/lib/python3.12/site-packages/airflow/example_dags/example_params_trigger_ui.py for tasks to queue
[2025-02-06T17:34:40.361+0000] {logging_mixin.py:190} INFO - [2025-02-06T17:34:40.361+0000] {dagbag.py:588} INFO - Filling up the DagBag from /home/airflow/.local/lib/python3.12/site-packages/airflow/example_dags/example_params_trigger_ui.py
[2025-02-06T17:34:40.375+0000] {processor.py:925} INFO - DAG(s) 'example_params_trigger_ui' retrieved from /home/airflow/.local/lib/python3.12/site-packages/airflow/example_dags/example_params_trigger_ui.py
[2025-02-06T17:34:40.438+0000] {logging_mixin.py:190} INFO - [2025-02-06T17:34:40.437+0000] {dag.py:3239} INFO - Sync 1 DAGs
[2025-02-06T17:34:40.457+0000] {logging_mixin.py:190} INFO - [2025-02-06T17:34:40.456+0000] {dag.py:4180} INFO - Setting next_dagrun for example_params_trigger_ui to None, run_after=None
[2025-02-06T17:34:40.481+0000] {processor.py:208} INFO - Processing /home/airflow/.local/lib/python3.12/site-packages/airflow/example_dags/example_params_trigger_ui.py took 0.132 seconds
[2025-02-06T17:35:11.774+0000] {processor.py:186} INFO - Started process (PID=684) to work on /home/airflow/.local/lib/python3.12/site-packages/airflow/example_dags/example_params_trigger_ui.py
[2025-02-06T17:35:11.776+0000] {processor.py:914} INFO - Processing file /home/airflow/.local/lib/python3.12/site-packages/airflow/example_dags/example_params_trigger_ui.py for tasks to queue
[2025-02-06T17:35:11.779+0000] {logging_mixin.py:190} INFO - [2025-02-06T17:35:11.778+0000] {dagbag.py:588} INFO - Filling up the DagBag from /home/airflow/.local/lib/python3.12/site-packages/airflow/example_dags/example_params_trigger_ui.py
[2025-02-06T17:35:11.796+0000] {processor.py:925} INFO - DAG(s) 'example_params_trigger_ui' retrieved from /home/airflow/.local/lib/python3.12/site-packages/airflow/example_dags/example_params_trigger_ui.py
[2025-02-06T17:35:11.856+0000] {logging_mixin.py:190} INFO - [2025-02-06T17:35:11.856+0000] {dag.py:3239} INFO - Sync 1 DAGs
[2025-02-06T17:35:11.874+0000] {logging_mixin.py:190} INFO - [2025-02-06T17:35:11.874+0000] {dag.py:4180} INFO - Setting next_dagrun for example_params_trigger_ui to None, run_after=None
[2025-02-06T17:35:11.899+0000] {processor.py:208} INFO - Processing /home/airflow/.local/lib/python3.12/site-packages/airflow/example_dags/example_params_trigger_ui.py took 0.136 seconds
[2025-02-06T17:35:43.092+0000] {processor.py:186} INFO - Started process (PID=741) to work on /home/airflow/.local/lib/python3.12/site-packages/airflow/example_dags/example_params_trigger_ui.py
[2025-02-06T17:35:43.093+0000] {processor.py:914} INFO - Processing file /home/airflow/.local/lib/python3.12/site-packages/airflow/example_dags/example_params_trigger_ui.py for tasks to queue
[2025-02-06T17:35:43.096+0000] {logging_mixin.py:190} INFO - [2025-02-06T17:35:43.096+0000] {dagbag.py:588} INFO - Filling up the DagBag from /home/airflow/.local/lib/python3.12/site-packages/airflow/example_dags/example_params_trigger_ui.py
[2025-02-06T17:35:43.111+0000] {processor.py:925} INFO - DAG(s) 'example_params_trigger_ui' retrieved from /home/airflow/.local/lib/python3.12/site-packages/airflow/example_dags/example_params_trigger_ui.py
[2025-02-06T17:35:43.171+0000] {logging_mixin.py:190} INFO - [2025-02-06T17:35:43.171+0000] {dag.py:3239} INFO - Sync 1 DAGs
[2025-02-06T17:35:43.191+0000] {logging_mixin.py:190} INFO - [2025-02-06T17:35:43.190+0000] {dag.py:4180} INFO - Setting next_dagrun for example_params_trigger_ui to None, run_after=None
[2025-02-06T17:35:43.215+0000] {processor.py:208} INFO - Processing /home/airflow/.local/lib/python3.12/site-packages/airflow/example_dags/example_params_trigger_ui.py took 0.131 seconds
[2025-02-06T17:36:14.453+0000] {processor.py:186} INFO - Started process (PID=798) to work on /home/airflow/.local/lib/python3.12/site-packages/airflow/example_dags/example_params_trigger_ui.py
[2025-02-06T17:36:14.455+0000] {processor.py:914} INFO - Processing file /home/airflow/.local/lib/python3.12/site-packages/airflow/example_dags/example_params_trigger_ui.py for tasks to queue
[2025-02-06T17:36:14.465+0000] {logging_mixin.py:190} INFO - [2025-02-06T17:36:14.459+0000] {dagbag.py:588} INFO - Filling up the DagBag from /home/airflow/.local/lib/python3.12/site-packages/airflow/example_dags/example_params_trigger_ui.py
[2025-02-06T17:36:14.481+0000] {processor.py:925} INFO - DAG(s) 'example_params_trigger_ui' retrieved from /home/airflow/.local/lib/python3.12/site-packages/airflow/example_dags/example_params_trigger_ui.py
[2025-02-06T17:36:14.557+0000] {logging_mixin.py:190} INFO - [2025-02-06T17:36:14.556+0000] {dag.py:3239} INFO - Sync 1 DAGs
[2025-02-06T17:36:14.579+0000] {logging_mixin.py:190} INFO - [2025-02-06T17:36:14.579+0000] {dag.py:4180} INFO - Setting next_dagrun for example_params_trigger_ui to None, run_after=None
[2025-02-06T17:36:14.606+0000] {processor.py:208} INFO - Processing /home/airflow/.local/lib/python3.12/site-packages/airflow/example_dags/example_params_trigger_ui.py took 0.162 seconds
[2025-02-06T17:41:44.172+0000] {processor.py:186} INFO - Started process (PID=57) to work on /home/airflow/.local/lib/python3.12/site-packages/airflow/example_dags/example_params_trigger_ui.py
[2025-02-06T17:41:44.174+0000] {processor.py:914} INFO - Processing file /home/airflow/.local/lib/python3.12/site-packages/airflow/example_dags/example_params_trigger_ui.py for tasks to queue
[2025-02-06T17:41:44.180+0000] {logging_mixin.py:190} INFO - [2025-02-06T17:41:44.179+0000] {dagbag.py:588} INFO - Filling up the DagBag from /home/airflow/.local/lib/python3.12/site-packages/airflow/example_dags/example_params_trigger_ui.py
[2025-02-06T17:41:44.206+0000] {processor.py:925} INFO - DAG(s) 'example_params_trigger_ui' retrieved from /home/airflow/.local/lib/python3.12/site-packages/airflow/example_dags/example_params_trigger_ui.py
[2025-02-06T17:41:44.477+0000] {logging_mixin.py:190} INFO - [2025-02-06T17:41:44.476+0000] {override.py:1911} INFO - Created Permission View: can delete on DAG:example_params_trigger_ui
[2025-02-06T17:41:44.498+0000] {logging_mixin.py:190} INFO - [2025-02-06T17:41:44.497+0000] {override.py:1911} INFO - Created Permission View: can read on DAG:example_params_trigger_ui
[2025-02-06T17:41:44.516+0000] {logging_mixin.py:190} INFO - [2025-02-06T17:41:44.515+0000] {override.py:1911} INFO - Created Permission View: can edit on DAG:example_params_trigger_ui
[2025-02-06T17:41:44.527+0000] {logging_mixin.py:190} INFO - [2025-02-06T17:41:44.527+0000] {override.py:1911} INFO - Created Permission View: can delete on DAG Run:example_params_trigger_ui
[2025-02-06T17:41:44.543+0000] {logging_mixin.py:190} INFO - [2025-02-06T17:41:44.542+0000] {override.py:1911} INFO - Created Permission View: can create on DAG Run:example_params_trigger_ui
[2025-02-06T17:41:44.558+0000] {logging_mixin.py:190} INFO - [2025-02-06T17:41:44.557+0000] {override.py:1911} INFO - Created Permission View: can read on DAG Run:example_params_trigger_ui
[2025-02-06T17:41:44.568+0000] {logging_mixin.py:190} INFO - [2025-02-06T17:41:44.567+0000] {override.py:1911} INFO - Created Permission View: menu access on DAG Run:example_params_trigger_ui
[2025-02-06T17:41:44.569+0000] {logging_mixin.py:190} INFO - [2025-02-06T17:41:44.568+0000] {dag.py:3239} INFO - Sync 1 DAGs
[2025-02-06T17:41:44.600+0000] {logging_mixin.py:190} INFO - [2025-02-06T17:41:44.600+0000] {dag.py:3262} INFO - Creating ORM DAG for example_params_trigger_ui
[2025-02-06T17:41:44.602+0000] {logging_mixin.py:190} INFO - [2025-02-06T17:41:44.602+0000] {dag.py:4180} INFO - Setting next_dagrun for example_params_trigger_ui to None, run_after=None
[2025-02-06T17:41:44.634+0000] {processor.py:208} INFO - Processing /home/airflow/.local/lib/python3.12/site-packages/airflow/example_dags/example_params_trigger_ui.py took 0.477 seconds
[2025-02-06T17:42:15.067+0000] {processor.py:186} INFO - Started process (PID=114) to work on /home/airflow/.local/lib/python3.12/site-packages/airflow/example_dags/example_params_trigger_ui.py
[2025-02-06T17:42:15.068+0000] {processor.py:914} INFO - Processing file /home/airflow/.local/lib/python3.12/site-packages/airflow/example_dags/example_params_trigger_ui.py for tasks to queue
[2025-02-06T17:42:15.071+0000] {logging_mixin.py:190} INFO - [2025-02-06T17:42:15.071+0000] {dagbag.py:588} INFO - Filling up the DagBag from /home/airflow/.local/lib/python3.12/site-packages/airflow/example_dags/example_params_trigger_ui.py
[2025-02-06T17:42:15.094+0000] {processor.py:925} INFO - DAG(s) 'example_params_trigger_ui' retrieved from /home/airflow/.local/lib/python3.12/site-packages/airflow/example_dags/example_params_trigger_ui.py
[2025-02-06T17:42:15.180+0000] {logging_mixin.py:190} INFO - [2025-02-06T17:42:15.180+0000] {dag.py:3239} INFO - Sync 1 DAGs
[2025-02-06T17:42:15.235+0000] {logging_mixin.py:190} INFO - [2025-02-06T17:42:15.234+0000] {dag.py:4180} INFO - Setting next_dagrun for example_params_trigger_ui to None, run_after=None
[2025-02-06T17:42:15.266+0000] {processor.py:208} INFO - Processing /home/airflow/.local/lib/python3.12/site-packages/airflow/example_dags/example_params_trigger_ui.py took 0.214 seconds
[2025-02-06T17:42:46.161+0000] {processor.py:186} INFO - Started process (PID=171) to work on /home/airflow/.local/lib/python3.12/site-packages/airflow/example_dags/example_params_trigger_ui.py
[2025-02-06T17:42:46.163+0000] {processor.py:914} INFO - Processing file /home/airflow/.local/lib/python3.12/site-packages/airflow/example_dags/example_params_trigger_ui.py for tasks to queue
[2025-02-06T17:42:46.168+0000] {logging_mixin.py:190} INFO - [2025-02-06T17:42:46.167+0000] {dagbag.py:588} INFO - Filling up the DagBag from /home/airflow/.local/lib/python3.12/site-packages/airflow/example_dags/example_params_trigger_ui.py
[2025-02-06T17:42:46.202+0000] {processor.py:925} INFO - DAG(s) 'example_params_trigger_ui' retrieved from /home/airflow/.local/lib/python3.12/site-packages/airflow/example_dags/example_params_trigger_ui.py
[2025-02-06T17:42:46.329+0000] {logging_mixin.py:190} INFO - [2025-02-06T17:42:46.329+0000] {dag.py:3239} INFO - Sync 1 DAGs
[2025-02-06T17:42:46.362+0000] {logging_mixin.py:190} INFO - [2025-02-06T17:42:46.362+0000] {dag.py:4180} INFO - Setting next_dagrun for example_params_trigger_ui to None, run_after=None
[2025-02-06T17:42:46.395+0000] {processor.py:208} INFO - Processing /home/airflow/.local/lib/python3.12/site-packages/airflow/example_dags/example_params_trigger_ui.py took 0.252 seconds
[2025-02-06T17:43:16.577+0000] {processor.py:186} INFO - Started process (PID=228) to work on /home/airflow/.local/lib/python3.12/site-packages/airflow/example_dags/example_params_trigger_ui.py
[2025-02-06T17:43:16.578+0000] {processor.py:914} INFO - Processing file /home/airflow/.local/lib/python3.12/site-packages/airflow/example_dags/example_params_trigger_ui.py for tasks to queue
[2025-02-06T17:43:16.581+0000] {logging_mixin.py:190} INFO - [2025-02-06T17:43:16.581+0000] {dagbag.py:588} INFO - Filling up the DagBag from /home/airflow/.local/lib/python3.12/site-packages/airflow/example_dags/example_params_trigger_ui.py
[2025-02-06T17:43:16.598+0000] {processor.py:925} INFO - DAG(s) 'example_params_trigger_ui' retrieved from /home/airflow/.local/lib/python3.12/site-packages/airflow/example_dags/example_params_trigger_ui.py
[2025-02-06T17:43:16.689+0000] {logging_mixin.py:190} INFO - [2025-02-06T17:43:16.688+0000] {dag.py:3239} INFO - Sync 1 DAGs
[2025-02-06T17:43:16.717+0000] {logging_mixin.py:190} INFO - [2025-02-06T17:43:16.716+0000] {dag.py:4180} INFO - Setting next_dagrun for example_params_trigger_ui to None, run_after=None
[2025-02-06T17:43:16.765+0000] {processor.py:208} INFO - Processing /home/airflow/.local/lib/python3.12/site-packages/airflow/example_dags/example_params_trigger_ui.py took 0.201 seconds
[2025-02-06T17:43:47.506+0000] {processor.py:186} INFO - Started process (PID=285) to work on /home/airflow/.local/lib/python3.12/site-packages/airflow/example_dags/example_params_trigger_ui.py
[2025-02-06T17:43:47.508+0000] {processor.py:914} INFO - Processing file /home/airflow/.local/lib/python3.12/site-packages/airflow/example_dags/example_params_trigger_ui.py for tasks to queue
[2025-02-06T17:43:47.511+0000] {logging_mixin.py:190} INFO - [2025-02-06T17:43:47.510+0000] {dagbag.py:588} INFO - Filling up the DagBag from /home/airflow/.local/lib/python3.12/site-packages/airflow/example_dags/example_params_trigger_ui.py
[2025-02-06T17:43:47.525+0000] {processor.py:925} INFO - DAG(s) 'example_params_trigger_ui' retrieved from /home/airflow/.local/lib/python3.12/site-packages/airflow/example_dags/example_params_trigger_ui.py
[2025-02-06T17:43:47.587+0000] {logging_mixin.py:190} INFO - [2025-02-06T17:43:47.586+0000] {dag.py:3239} INFO - Sync 1 DAGs
[2025-02-06T17:43:47.609+0000] {logging_mixin.py:190} INFO - [2025-02-06T17:43:47.609+0000] {dag.py:4180} INFO - Setting next_dagrun for example_params_trigger_ui to None, run_after=None
[2025-02-06T17:43:47.635+0000] {processor.py:208} INFO - Processing /home/airflow/.local/lib/python3.12/site-packages/airflow/example_dags/example_params_trigger_ui.py took 0.136 seconds
[2025-02-06T17:44:18.206+0000] {processor.py:186} INFO - Started process (PID=341) to work on /home/airflow/.local/lib/python3.12/site-packages/airflow/example_dags/example_params_trigger_ui.py
[2025-02-06T17:44:18.208+0000] {processor.py:914} INFO - Processing file /home/airflow/.local/lib/python3.12/site-packages/airflow/example_dags/example_params_trigger_ui.py for tasks to queue
[2025-02-06T17:44:18.211+0000] {logging_mixin.py:190} INFO - [2025-02-06T17:44:18.210+0000] {dagbag.py:588} INFO - Filling up the DagBag from /home/airflow/.local/lib/python3.12/site-packages/airflow/example_dags/example_params_trigger_ui.py
[2025-02-06T17:44:18.232+0000] {processor.py:925} INFO - DAG(s) 'example_params_trigger_ui' retrieved from /home/airflow/.local/lib/python3.12/site-packages/airflow/example_dags/example_params_trigger_ui.py
[2025-02-06T17:44:18.291+0000] {logging_mixin.py:190} INFO - [2025-02-06T17:44:18.290+0000] {dag.py:3239} INFO - Sync 1 DAGs
[2025-02-06T17:44:18.312+0000] {logging_mixin.py:190} INFO - [2025-02-06T17:44:18.312+0000] {dag.py:4180} INFO - Setting next_dagrun for example_params_trigger_ui to None, run_after=None
[2025-02-06T17:44:18.348+0000] {processor.py:208} INFO - Processing /home/airflow/.local/lib/python3.12/site-packages/airflow/example_dags/example_params_trigger_ui.py took 0.149 seconds
[2025-02-06T17:44:48.566+0000] {processor.py:186} INFO - Started process (PID=397) to work on /home/airflow/.local/lib/python3.12/site-packages/airflow/example_dags/example_params_trigger_ui.py
[2025-02-06T17:44:48.567+0000] {processor.py:914} INFO - Processing file /home/airflow/.local/lib/python3.12/site-packages/airflow/example_dags/example_params_trigger_ui.py for tasks to queue
[2025-02-06T17:44:48.570+0000] {logging_mixin.py:190} INFO - [2025-02-06T17:44:48.569+0000] {dagbag.py:588} INFO - Filling up the DagBag from /home/airflow/.local/lib/python3.12/site-packages/airflow/example_dags/example_params_trigger_ui.py
[2025-02-06T17:44:48.584+0000] {processor.py:925} INFO - DAG(s) 'example_params_trigger_ui' retrieved from /home/airflow/.local/lib/python3.12/site-packages/airflow/example_dags/example_params_trigger_ui.py
[2025-02-06T17:44:48.640+0000] {logging_mixin.py:190} INFO - [2025-02-06T17:44:48.639+0000] {dag.py:3239} INFO - Sync 1 DAGs
[2025-02-06T17:44:48.658+0000] {logging_mixin.py:190} INFO - [2025-02-06T17:44:48.658+0000] {dag.py:4180} INFO - Setting next_dagrun for example_params_trigger_ui to None, run_after=None
[2025-02-06T17:44:48.682+0000] {processor.py:208} INFO - Processing /home/airflow/.local/lib/python3.12/site-packages/airflow/example_dags/example_params_trigger_ui.py took 0.124 seconds
[2025-02-06T17:53:28.934+0000] {processor.py:186} INFO - Started process (PID=58) to work on /home/airflow/.local/lib/python3.12/site-packages/airflow/example_dags/example_params_trigger_ui.py
[2025-02-06T17:53:28.935+0000] {processor.py:914} INFO - Processing file /home/airflow/.local/lib/python3.12/site-packages/airflow/example_dags/example_params_trigger_ui.py for tasks to queue
[2025-02-06T17:53:28.938+0000] {logging_mixin.py:190} INFO - [2025-02-06T17:53:28.938+0000] {dagbag.py:588} INFO - Filling up the DagBag from /home/airflow/.local/lib/python3.12/site-packages/airflow/example_dags/example_params_trigger_ui.py
[2025-02-06T17:53:28.958+0000] {processor.py:925} INFO - DAG(s) 'example_params_trigger_ui' retrieved from /home/airflow/.local/lib/python3.12/site-packages/airflow/example_dags/example_params_trigger_ui.py
[2025-02-06T17:53:29.059+0000] {logging_mixin.py:190} INFO - [2025-02-06T17:53:29.058+0000] {dag.py:3239} INFO - Sync 1 DAGs
[2025-02-06T17:53:29.081+0000] {logging_mixin.py:190} INFO - [2025-02-06T17:53:29.081+0000] {dag.py:4180} INFO - Setting next_dagrun for example_params_trigger_ui to None, run_after=None
[2025-02-06T17:53:29.111+0000] {processor.py:208} INFO - Processing /home/airflow/.local/lib/python3.12/site-packages/airflow/example_dags/example_params_trigger_ui.py took 0.185 seconds
[2025-02-06T17:54:00.622+0000] {processor.py:186} INFO - Started process (PID=116) to work on /home/airflow/.local/lib/python3.12/site-packages/airflow/example_dags/example_params_trigger_ui.py
[2025-02-06T17:54:00.624+0000] {processor.py:914} INFO - Processing file /home/airflow/.local/lib/python3.12/site-packages/airflow/example_dags/example_params_trigger_ui.py for tasks to queue
[2025-02-06T17:54:00.635+0000] {logging_mixin.py:190} INFO - [2025-02-06T17:54:00.634+0000] {dagbag.py:588} INFO - Filling up the DagBag from /home/airflow/.local/lib/python3.12/site-packages/airflow/example_dags/example_params_trigger_ui.py
[2025-02-06T17:54:00.660+0000] {processor.py:925} INFO - DAG(s) 'example_params_trigger_ui' retrieved from /home/airflow/.local/lib/python3.12/site-packages/airflow/example_dags/example_params_trigger_ui.py
[2025-02-06T17:54:00.769+0000] {logging_mixin.py:190} INFO - [2025-02-06T17:54:00.768+0000] {dag.py:3239} INFO - Sync 1 DAGs
[2025-02-06T17:54:00.796+0000] {logging_mixin.py:190} INFO - [2025-02-06T17:54:00.796+0000] {dag.py:4180} INFO - Setting next_dagrun for example_params_trigger_ui to None, run_after=None
[2025-02-06T17:54:00.839+0000] {processor.py:208} INFO - Processing /home/airflow/.local/lib/python3.12/site-packages/airflow/example_dags/example_params_trigger_ui.py took 0.227 seconds
[2025-02-06T17:56:03.298+0000] {processor.py:186} INFO - Started process (PID=58) to work on /home/airflow/.local/lib/python3.12/site-packages/airflow/example_dags/example_params_trigger_ui.py
[2025-02-06T17:56:03.299+0000] {processor.py:914} INFO - Processing file /home/airflow/.local/lib/python3.12/site-packages/airflow/example_dags/example_params_trigger_ui.py for tasks to queue
[2025-02-06T17:56:03.304+0000] {logging_mixin.py:190} INFO - [2025-02-06T17:56:03.303+0000] {dagbag.py:588} INFO - Filling up the DagBag from /home/airflow/.local/lib/python3.12/site-packages/airflow/example_dags/example_params_trigger_ui.py
[2025-02-06T17:56:03.322+0000] {processor.py:925} INFO - DAG(s) 'example_params_trigger_ui' retrieved from /home/airflow/.local/lib/python3.12/site-packages/airflow/example_dags/example_params_trigger_ui.py
[2025-02-06T17:56:03.396+0000] {logging_mixin.py:190} INFO - [2025-02-06T17:56:03.395+0000] {dag.py:3239} INFO - Sync 1 DAGs
[2025-02-06T17:56:03.419+0000] {logging_mixin.py:190} INFO - [2025-02-06T17:56:03.419+0000] {dag.py:4180} INFO - Setting next_dagrun for example_params_trigger_ui to None, run_after=None
[2025-02-06T17:56:03.448+0000] {processor.py:208} INFO - Processing /home/airflow/.local/lib/python3.12/site-packages/airflow/example_dags/example_params_trigger_ui.py took 0.171 seconds
[2025-02-06T17:56:34.215+0000] {processor.py:186} INFO - Started process (PID=116) to work on /home/airflow/.local/lib/python3.12/site-packages/airflow/example_dags/example_params_trigger_ui.py
[2025-02-06T17:56:34.216+0000] {processor.py:914} INFO - Processing file /home/airflow/.local/lib/python3.12/site-packages/airflow/example_dags/example_params_trigger_ui.py for tasks to queue
[2025-02-06T17:56:34.219+0000] {logging_mixin.py:190} INFO - [2025-02-06T17:56:34.219+0000] {dagbag.py:588} INFO - Filling up the DagBag from /home/airflow/.local/lib/python3.12/site-packages/airflow/example_dags/example_params_trigger_ui.py
[2025-02-06T17:56:34.233+0000] {processor.py:925} INFO - DAG(s) 'example_params_trigger_ui' retrieved from /home/airflow/.local/lib/python3.12/site-packages/airflow/example_dags/example_params_trigger_ui.py
[2025-02-06T17:56:34.292+0000] {logging_mixin.py:190} INFO - [2025-02-06T17:56:34.291+0000] {dag.py:3239} INFO - Sync 1 DAGs
[2025-02-06T17:56:34.323+0000] {logging_mixin.py:190} INFO - [2025-02-06T17:56:34.323+0000] {dag.py:4180} INFO - Setting next_dagrun for example_params_trigger_ui to None, run_after=None
[2025-02-06T17:56:34.357+0000] {processor.py:208} INFO - Processing /home/airflow/.local/lib/python3.12/site-packages/airflow/example_dags/example_params_trigger_ui.py took 0.150 seconds
[2025-02-06T17:57:05.913+0000] {processor.py:186} INFO - Started process (PID=174) to work on /home/airflow/.local/lib/python3.12/site-packages/airflow/example_dags/example_params_trigger_ui.py
[2025-02-06T17:57:05.914+0000] {processor.py:914} INFO - Processing file /home/airflow/.local/lib/python3.12/site-packages/airflow/example_dags/example_params_trigger_ui.py for tasks to queue
[2025-02-06T17:57:05.918+0000] {logging_mixin.py:190} INFO - [2025-02-06T17:57:05.917+0000] {dagbag.py:588} INFO - Filling up the DagBag from /home/airflow/.local/lib/python3.12/site-packages/airflow/example_dags/example_params_trigger_ui.py
[2025-02-06T17:57:05.933+0000] {processor.py:925} INFO - DAG(s) 'example_params_trigger_ui' retrieved from /home/airflow/.local/lib/python3.12/site-packages/airflow/example_dags/example_params_trigger_ui.py
[2025-02-06T17:57:06.019+0000] {logging_mixin.py:190} INFO - [2025-02-06T17:57:06.018+0000] {dag.py:3239} INFO - Sync 1 DAGs
[2025-02-06T17:57:06.051+0000] {logging_mixin.py:190} INFO - [2025-02-06T17:57:06.051+0000] {dag.py:4180} INFO - Setting next_dagrun for example_params_trigger_ui to None, run_after=None
[2025-02-06T17:57:06.094+0000] {processor.py:208} INFO - Processing /home/airflow/.local/lib/python3.12/site-packages/airflow/example_dags/example_params_trigger_ui.py took 0.189 seconds
[2025-02-06T17:57:37.609+0000] {processor.py:186} INFO - Started process (PID=232) to work on /home/airflow/.local/lib/python3.12/site-packages/airflow/example_dags/example_params_trigger_ui.py
[2025-02-06T17:57:37.611+0000] {processor.py:914} INFO - Processing file /home/airflow/.local/lib/python3.12/site-packages/airflow/example_dags/example_params_trigger_ui.py for tasks to queue
[2025-02-06T17:57:37.614+0000] {logging_mixin.py:190} INFO - [2025-02-06T17:57:37.613+0000] {dagbag.py:588} INFO - Filling up the DagBag from /home/airflow/.local/lib/python3.12/site-packages/airflow/example_dags/example_params_trigger_ui.py
[2025-02-06T17:57:37.628+0000] {processor.py:925} INFO - DAG(s) 'example_params_trigger_ui' retrieved from /home/airflow/.local/lib/python3.12/site-packages/airflow/example_dags/example_params_trigger_ui.py
[2025-02-06T17:57:37.690+0000] {logging_mixin.py:190} INFO - [2025-02-06T17:57:37.689+0000] {dag.py:3239} INFO - Sync 1 DAGs
[2025-02-06T17:57:37.712+0000] {logging_mixin.py:190} INFO - [2025-02-06T17:57:37.711+0000] {dag.py:4180} INFO - Setting next_dagrun for example_params_trigger_ui to None, run_after=None
[2025-02-06T17:57:37.740+0000] {processor.py:208} INFO - Processing /home/airflow/.local/lib/python3.12/site-packages/airflow/example_dags/example_params_trigger_ui.py took 0.139 seconds
[2025-02-06T17:58:08.799+0000] {processor.py:186} INFO - Started process (PID=290) to work on /home/airflow/.local/lib/python3.12/site-packages/airflow/example_dags/example_params_trigger_ui.py
[2025-02-06T17:58:08.800+0000] {processor.py:914} INFO - Processing file /home/airflow/.local/lib/python3.12/site-packages/airflow/example_dags/example_params_trigger_ui.py for tasks to queue
[2025-02-06T17:58:08.803+0000] {logging_mixin.py:190} INFO - [2025-02-06T17:58:08.803+0000] {dagbag.py:588} INFO - Filling up the DagBag from /home/airflow/.local/lib/python3.12/site-packages/airflow/example_dags/example_params_trigger_ui.py
[2025-02-06T17:58:08.822+0000] {processor.py:925} INFO - DAG(s) 'example_params_trigger_ui' retrieved from /home/airflow/.local/lib/python3.12/site-packages/airflow/example_dags/example_params_trigger_ui.py
[2025-02-06T17:58:08.892+0000] {logging_mixin.py:190} INFO - [2025-02-06T17:58:08.891+0000] {dag.py:3239} INFO - Sync 1 DAGs
[2025-02-06T17:58:08.909+0000] {logging_mixin.py:190} INFO - [2025-02-06T17:58:08.909+0000] {dag.py:4180} INFO - Setting next_dagrun for example_params_trigger_ui to None, run_after=None
[2025-02-06T17:58:08.931+0000] {processor.py:208} INFO - Processing /home/airflow/.local/lib/python3.12/site-packages/airflow/example_dags/example_params_trigger_ui.py took 0.140 seconds
[2025-02-06T17:58:40.338+0000] {processor.py:186} INFO - Started process (PID=348) to work on /home/airflow/.local/lib/python3.12/site-packages/airflow/example_dags/example_params_trigger_ui.py
[2025-02-06T17:58:40.339+0000] {processor.py:914} INFO - Processing file /home/airflow/.local/lib/python3.12/site-packages/airflow/example_dags/example_params_trigger_ui.py for tasks to queue
[2025-02-06T17:58:40.343+0000] {logging_mixin.py:190} INFO - [2025-02-06T17:58:40.342+0000] {dagbag.py:588} INFO - Filling up the DagBag from /home/airflow/.local/lib/python3.12/site-packages/airflow/example_dags/example_params_trigger_ui.py
[2025-02-06T17:58:40.356+0000] {processor.py:925} INFO - DAG(s) 'example_params_trigger_ui' retrieved from /home/airflow/.local/lib/python3.12/site-packages/airflow/example_dags/example_params_trigger_ui.py
[2025-02-06T17:58:40.420+0000] {logging_mixin.py:190} INFO - [2025-02-06T17:58:40.420+0000] {dag.py:3239} INFO - Sync 1 DAGs
[2025-02-06T17:58:40.439+0000] {logging_mixin.py:190} INFO - [2025-02-06T17:58:40.439+0000] {dag.py:4180} INFO - Setting next_dagrun for example_params_trigger_ui to None, run_after=None
[2025-02-06T17:58:40.465+0000] {processor.py:208} INFO - Processing /home/airflow/.local/lib/python3.12/site-packages/airflow/example_dags/example_params_trigger_ui.py took 0.135 seconds
[2025-02-06T17:59:11.777+0000] {processor.py:186} INFO - Started process (PID=406) to work on /home/airflow/.local/lib/python3.12/site-packages/airflow/example_dags/example_params_trigger_ui.py
[2025-02-06T17:59:11.779+0000] {processor.py:914} INFO - Processing file /home/airflow/.local/lib/python3.12/site-packages/airflow/example_dags/example_params_trigger_ui.py for tasks to queue
[2025-02-06T17:59:11.782+0000] {logging_mixin.py:190} INFO - [2025-02-06T17:59:11.781+0000] {dagbag.py:588} INFO - Filling up the DagBag from /home/airflow/.local/lib/python3.12/site-packages/airflow/example_dags/example_params_trigger_ui.py
[2025-02-06T17:59:11.796+0000] {processor.py:925} INFO - DAG(s) 'example_params_trigger_ui' retrieved from /home/airflow/.local/lib/python3.12/site-packages/airflow/example_dags/example_params_trigger_ui.py
[2025-02-06T17:59:11.857+0000] {logging_mixin.py:190} INFO - [2025-02-06T17:59:11.856+0000] {dag.py:3239} INFO - Sync 1 DAGs
[2025-02-06T17:59:11.874+0000] {logging_mixin.py:190} INFO - [2025-02-06T17:59:11.874+0000] {dag.py:4180} INFO - Setting next_dagrun for example_params_trigger_ui to None, run_after=None
[2025-02-06T17:59:11.902+0000] {processor.py:208} INFO - Processing /home/airflow/.local/lib/python3.12/site-packages/airflow/example_dags/example_params_trigger_ui.py took 0.133 seconds
[2025-02-06T17:59:43.493+0000] {processor.py:186} INFO - Started process (PID=464) to work on /home/airflow/.local/lib/python3.12/site-packages/airflow/example_dags/example_params_trigger_ui.py
[2025-02-06T17:59:43.495+0000] {processor.py:914} INFO - Processing file /home/airflow/.local/lib/python3.12/site-packages/airflow/example_dags/example_params_trigger_ui.py for tasks to queue
[2025-02-06T17:59:43.497+0000] {logging_mixin.py:190} INFO - [2025-02-06T17:59:43.497+0000] {dagbag.py:588} INFO - Filling up the DagBag from /home/airflow/.local/lib/python3.12/site-packages/airflow/example_dags/example_params_trigger_ui.py
[2025-02-06T17:59:43.512+0000] {processor.py:925} INFO - DAG(s) 'example_params_trigger_ui' retrieved from /home/airflow/.local/lib/python3.12/site-packages/airflow/example_dags/example_params_trigger_ui.py
[2025-02-06T17:59:43.604+0000] {logging_mixin.py:190} INFO - [2025-02-06T17:59:43.604+0000] {dag.py:3239} INFO - Sync 1 DAGs
[2025-02-06T17:59:43.639+0000] {logging_mixin.py:190} INFO - [2025-02-06T17:59:43.639+0000] {dag.py:4180} INFO - Setting next_dagrun for example_params_trigger_ui to None, run_after=None
[2025-02-06T17:59:43.671+0000] {processor.py:208} INFO - Processing /home/airflow/.local/lib/python3.12/site-packages/airflow/example_dags/example_params_trigger_ui.py took 0.185 seconds
[2025-02-06T18:00:14.218+0000] {processor.py:186} INFO - Started process (PID=522) to work on /home/airflow/.local/lib/python3.12/site-packages/airflow/example_dags/example_params_trigger_ui.py
[2025-02-06T18:00:14.219+0000] {processor.py:914} INFO - Processing file /home/airflow/.local/lib/python3.12/site-packages/airflow/example_dags/example_params_trigger_ui.py for tasks to queue
[2025-02-06T18:00:14.222+0000] {logging_mixin.py:190} INFO - [2025-02-06T18:00:14.221+0000] {dagbag.py:588} INFO - Filling up the DagBag from /home/airflow/.local/lib/python3.12/site-packages/airflow/example_dags/example_params_trigger_ui.py
[2025-02-06T18:00:14.236+0000] {processor.py:925} INFO - DAG(s) 'example_params_trigger_ui' retrieved from /home/airflow/.local/lib/python3.12/site-packages/airflow/example_dags/example_params_trigger_ui.py
[2025-02-06T18:00:14.297+0000] {logging_mixin.py:190} INFO - [2025-02-06T18:00:14.297+0000] {dag.py:3239} INFO - Sync 1 DAGs
[2025-02-06T18:00:14.319+0000] {logging_mixin.py:190} INFO - [2025-02-06T18:00:14.319+0000] {dag.py:4180} INFO - Setting next_dagrun for example_params_trigger_ui to None, run_after=None
[2025-02-06T18:00:14.351+0000] {processor.py:208} INFO - Processing /home/airflow/.local/lib/python3.12/site-packages/airflow/example_dags/example_params_trigger_ui.py took 0.140 seconds
[2025-02-06T18:00:46.088+0000] {processor.py:186} INFO - Started process (PID=580) to work on /home/airflow/.local/lib/python3.12/site-packages/airflow/example_dags/example_params_trigger_ui.py
[2025-02-06T18:00:46.089+0000] {processor.py:914} INFO - Processing file /home/airflow/.local/lib/python3.12/site-packages/airflow/example_dags/example_params_trigger_ui.py for tasks to queue
[2025-02-06T18:00:46.097+0000] {logging_mixin.py:190} INFO - [2025-02-06T18:00:46.096+0000] {dagbag.py:588} INFO - Filling up the DagBag from /home/airflow/.local/lib/python3.12/site-packages/airflow/example_dags/example_params_trigger_ui.py
[2025-02-06T18:00:46.119+0000] {processor.py:925} INFO - DAG(s) 'example_params_trigger_ui' retrieved from /home/airflow/.local/lib/python3.12/site-packages/airflow/example_dags/example_params_trigger_ui.py
[2025-02-06T18:00:46.216+0000] {logging_mixin.py:190} INFO - [2025-02-06T18:00:46.216+0000] {dag.py:3239} INFO - Sync 1 DAGs
[2025-02-06T18:00:46.247+0000] {logging_mixin.py:190} INFO - [2025-02-06T18:00:46.246+0000] {dag.py:4180} INFO - Setting next_dagrun for example_params_trigger_ui to None, run_after=None
[2025-02-06T18:00:46.314+0000] {processor.py:208} INFO - Processing /home/airflow/.local/lib/python3.12/site-packages/airflow/example_dags/example_params_trigger_ui.py took 0.233 seconds
[2025-02-06T18:01:17.649+0000] {processor.py:186} INFO - Started process (PID=638) to work on /home/airflow/.local/lib/python3.12/site-packages/airflow/example_dags/example_params_trigger_ui.py
[2025-02-06T18:01:17.651+0000] {processor.py:914} INFO - Processing file /home/airflow/.local/lib/python3.12/site-packages/airflow/example_dags/example_params_trigger_ui.py for tasks to queue
[2025-02-06T18:01:17.655+0000] {logging_mixin.py:190} INFO - [2025-02-06T18:01:17.655+0000] {dagbag.py:588} INFO - Filling up the DagBag from /home/airflow/.local/lib/python3.12/site-packages/airflow/example_dags/example_params_trigger_ui.py
[2025-02-06T18:01:17.678+0000] {processor.py:925} INFO - DAG(s) 'example_params_trigger_ui' retrieved from /home/airflow/.local/lib/python3.12/site-packages/airflow/example_dags/example_params_trigger_ui.py
[2025-02-06T18:01:17.783+0000] {logging_mixin.py:190} INFO - [2025-02-06T18:01:17.783+0000] {dag.py:3239} INFO - Sync 1 DAGs
[2025-02-06T18:01:17.813+0000] {logging_mixin.py:190} INFO - [2025-02-06T18:01:17.812+0000] {dag.py:4180} INFO - Setting next_dagrun for example_params_trigger_ui to None, run_after=None
[2025-02-06T18:01:17.849+0000] {processor.py:208} INFO - Processing /home/airflow/.local/lib/python3.12/site-packages/airflow/example_dags/example_params_trigger_ui.py took 0.214 seconds
[2025-02-06T18:01:48.728+0000] {processor.py:186} INFO - Started process (PID=696) to work on /home/airflow/.local/lib/python3.12/site-packages/airflow/example_dags/example_params_trigger_ui.py
[2025-02-06T18:01:48.729+0000] {processor.py:914} INFO - Processing file /home/airflow/.local/lib/python3.12/site-packages/airflow/example_dags/example_params_trigger_ui.py for tasks to queue
[2025-02-06T18:01:48.733+0000] {logging_mixin.py:190} INFO - [2025-02-06T18:01:48.732+0000] {dagbag.py:588} INFO - Filling up the DagBag from /home/airflow/.local/lib/python3.12/site-packages/airflow/example_dags/example_params_trigger_ui.py
[2025-02-06T18:01:48.747+0000] {processor.py:925} INFO - DAG(s) 'example_params_trigger_ui' retrieved from /home/airflow/.local/lib/python3.12/site-packages/airflow/example_dags/example_params_trigger_ui.py
[2025-02-06T18:01:48.806+0000] {logging_mixin.py:190} INFO - [2025-02-06T18:01:48.806+0000] {dag.py:3239} INFO - Sync 1 DAGs
[2025-02-06T18:01:48.825+0000] {logging_mixin.py:190} INFO - [2025-02-06T18:01:48.824+0000] {dag.py:4180} INFO - Setting next_dagrun for example_params_trigger_ui to None, run_after=None
[2025-02-06T18:01:48.850+0000] {processor.py:208} INFO - Processing /home/airflow/.local/lib/python3.12/site-packages/airflow/example_dags/example_params_trigger_ui.py took 0.130 seconds
[2025-02-06T18:15:37.987+0000] {processor.py:186} INFO - Started process (PID=57) to work on /home/airflow/.local/lib/python3.12/site-packages/airflow/example_dags/example_params_trigger_ui.py
[2025-02-06T18:15:37.988+0000] {processor.py:914} INFO - Processing file /home/airflow/.local/lib/python3.12/site-packages/airflow/example_dags/example_params_trigger_ui.py for tasks to queue
[2025-02-06T18:15:37.993+0000] {logging_mixin.py:190} INFO - [2025-02-06T18:15:37.992+0000] {dagbag.py:588} INFO - Filling up the DagBag from /home/airflow/.local/lib/python3.12/site-packages/airflow/example_dags/example_params_trigger_ui.py
[2025-02-06T18:15:38.015+0000] {processor.py:925} INFO - DAG(s) 'example_params_trigger_ui' retrieved from /home/airflow/.local/lib/python3.12/site-packages/airflow/example_dags/example_params_trigger_ui.py
[2025-02-06T18:15:38.111+0000] {logging_mixin.py:190} INFO - [2025-02-06T18:15:38.111+0000] {dag.py:3239} INFO - Sync 1 DAGs
[2025-02-06T18:15:38.141+0000] {logging_mixin.py:190} INFO - [2025-02-06T18:15:38.141+0000] {dag.py:4180} INFO - Setting next_dagrun for example_params_trigger_ui to None, run_after=None
[2025-02-06T18:15:38.184+0000] {processor.py:208} INFO - Processing /home/airflow/.local/lib/python3.12/site-packages/airflow/example_dags/example_params_trigger_ui.py took 0.208 seconds
[2025-02-06T18:16:09.204+0000] {processor.py:186} INFO - Started process (PID=114) to work on /home/airflow/.local/lib/python3.12/site-packages/airflow/example_dags/example_params_trigger_ui.py
[2025-02-06T18:16:09.205+0000] {processor.py:914} INFO - Processing file /home/airflow/.local/lib/python3.12/site-packages/airflow/example_dags/example_params_trigger_ui.py for tasks to queue
[2025-02-06T18:16:09.209+0000] {logging_mixin.py:190} INFO - [2025-02-06T18:16:09.208+0000] {dagbag.py:588} INFO - Filling up the DagBag from /home/airflow/.local/lib/python3.12/site-packages/airflow/example_dags/example_params_trigger_ui.py
[2025-02-06T18:16:09.235+0000] {processor.py:925} INFO - DAG(s) 'example_params_trigger_ui' retrieved from /home/airflow/.local/lib/python3.12/site-packages/airflow/example_dags/example_params_trigger_ui.py
[2025-02-06T18:16:09.323+0000] {logging_mixin.py:190} INFO - [2025-02-06T18:16:09.323+0000] {dag.py:3239} INFO - Sync 1 DAGs
[2025-02-06T18:16:09.345+0000] {logging_mixin.py:190} INFO - [2025-02-06T18:16:09.345+0000] {dag.py:4180} INFO - Setting next_dagrun for example_params_trigger_ui to None, run_after=None
[2025-02-06T18:16:09.379+0000] {processor.py:208} INFO - Processing /home/airflow/.local/lib/python3.12/site-packages/airflow/example_dags/example_params_trigger_ui.py took 0.185 seconds
[2025-02-06T18:16:39.534+0000] {processor.py:186} INFO - Started process (PID=171) to work on /home/airflow/.local/lib/python3.12/site-packages/airflow/example_dags/example_params_trigger_ui.py
[2025-02-06T18:16:39.536+0000] {processor.py:914} INFO - Processing file /home/airflow/.local/lib/python3.12/site-packages/airflow/example_dags/example_params_trigger_ui.py for tasks to queue
[2025-02-06T18:16:39.540+0000] {logging_mixin.py:190} INFO - [2025-02-06T18:16:39.540+0000] {dagbag.py:588} INFO - Filling up the DagBag from /home/airflow/.local/lib/python3.12/site-packages/airflow/example_dags/example_params_trigger_ui.py
[2025-02-06T18:16:39.566+0000] {processor.py:925} INFO - DAG(s) 'example_params_trigger_ui' retrieved from /home/airflow/.local/lib/python3.12/site-packages/airflow/example_dags/example_params_trigger_ui.py
[2025-02-06T18:16:39.633+0000] {logging_mixin.py:190} INFO - [2025-02-06T18:16:39.632+0000] {dag.py:3239} INFO - Sync 1 DAGs
[2025-02-06T18:16:39.657+0000] {logging_mixin.py:190} INFO - [2025-02-06T18:16:39.657+0000] {dag.py:4180} INFO - Setting next_dagrun for example_params_trigger_ui to None, run_after=None
[2025-02-06T18:16:39.685+0000] {processor.py:208} INFO - Processing /home/airflow/.local/lib/python3.12/site-packages/airflow/example_dags/example_params_trigger_ui.py took 0.162 seconds
[2025-02-06T18:17:09.868+0000] {processor.py:186} INFO - Started process (PID=227) to work on /home/airflow/.local/lib/python3.12/site-packages/airflow/example_dags/example_params_trigger_ui.py
[2025-02-06T18:17:09.869+0000] {processor.py:914} INFO - Processing file /home/airflow/.local/lib/python3.12/site-packages/airflow/example_dags/example_params_trigger_ui.py for tasks to queue
[2025-02-06T18:17:09.874+0000] {logging_mixin.py:190} INFO - [2025-02-06T18:17:09.874+0000] {dagbag.py:588} INFO - Filling up the DagBag from /home/airflow/.local/lib/python3.12/site-packages/airflow/example_dags/example_params_trigger_ui.py
[2025-02-06T18:17:09.902+0000] {processor.py:925} INFO - DAG(s) 'example_params_trigger_ui' retrieved from /home/airflow/.local/lib/python3.12/site-packages/airflow/example_dags/example_params_trigger_ui.py
[2025-02-06T18:17:10.022+0000] {logging_mixin.py:190} INFO - [2025-02-06T18:17:10.022+0000] {dag.py:3239} INFO - Sync 1 DAGs
[2025-02-06T18:17:10.055+0000] {logging_mixin.py:190} INFO - [2025-02-06T18:17:10.054+0000] {dag.py:4180} INFO - Setting next_dagrun for example_params_trigger_ui to None, run_after=None
[2025-02-06T18:17:10.090+0000] {processor.py:208} INFO - Processing /home/airflow/.local/lib/python3.12/site-packages/airflow/example_dags/example_params_trigger_ui.py took 0.234 seconds
[2025-02-06T18:17:40.195+0000] {processor.py:186} INFO - Started process (PID=283) to work on /home/airflow/.local/lib/python3.12/site-packages/airflow/example_dags/example_params_trigger_ui.py
[2025-02-06T18:17:40.197+0000] {processor.py:914} INFO - Processing file /home/airflow/.local/lib/python3.12/site-packages/airflow/example_dags/example_params_trigger_ui.py for tasks to queue
[2025-02-06T18:17:40.200+0000] {logging_mixin.py:190} INFO - [2025-02-06T18:17:40.200+0000] {dagbag.py:588} INFO - Filling up the DagBag from /home/airflow/.local/lib/python3.12/site-packages/airflow/example_dags/example_params_trigger_ui.py
[2025-02-06T18:17:40.216+0000] {processor.py:925} INFO - DAG(s) 'example_params_trigger_ui' retrieved from /home/airflow/.local/lib/python3.12/site-packages/airflow/example_dags/example_params_trigger_ui.py
[2025-02-06T18:17:40.293+0000] {logging_mixin.py:190} INFO - [2025-02-06T18:17:40.292+0000] {dag.py:3239} INFO - Sync 1 DAGs
[2025-02-06T18:17:40.328+0000] {logging_mixin.py:190} INFO - [2025-02-06T18:17:40.327+0000] {dag.py:4180} INFO - Setting next_dagrun for example_params_trigger_ui to None, run_after=None
[2025-02-06T18:17:40.370+0000] {processor.py:208} INFO - Processing /home/airflow/.local/lib/python3.12/site-packages/airflow/example_dags/example_params_trigger_ui.py took 0.185 seconds
[2025-02-06T18:18:10.665+0000] {processor.py:186} INFO - Started process (PID=339) to work on /home/airflow/.local/lib/python3.12/site-packages/airflow/example_dags/example_params_trigger_ui.py
[2025-02-06T18:18:10.667+0000] {processor.py:914} INFO - Processing file /home/airflow/.local/lib/python3.12/site-packages/airflow/example_dags/example_params_trigger_ui.py for tasks to queue
[2025-02-06T18:18:10.670+0000] {logging_mixin.py:190} INFO - [2025-02-06T18:18:10.670+0000] {dagbag.py:588} INFO - Filling up the DagBag from /home/airflow/.local/lib/python3.12/site-packages/airflow/example_dags/example_params_trigger_ui.py
[2025-02-06T18:18:10.691+0000] {processor.py:925} INFO - DAG(s) 'example_params_trigger_ui' retrieved from /home/airflow/.local/lib/python3.12/site-packages/airflow/example_dags/example_params_trigger_ui.py
[2025-02-06T18:18:10.757+0000] {logging_mixin.py:190} INFO - [2025-02-06T18:18:10.756+0000] {dag.py:3239} INFO - Sync 1 DAGs
[2025-02-06T18:18:10.787+0000] {logging_mixin.py:190} INFO - [2025-02-06T18:18:10.786+0000] {dag.py:4180} INFO - Setting next_dagrun for example_params_trigger_ui to None, run_after=None
[2025-02-06T18:18:10.820+0000] {processor.py:208} INFO - Processing /home/airflow/.local/lib/python3.12/site-packages/airflow/example_dags/example_params_trigger_ui.py took 0.162 seconds
[2025-02-06T18:18:42.100+0000] {processor.py:186} INFO - Started process (PID=398) to work on /home/airflow/.local/lib/python3.12/site-packages/airflow/example_dags/example_params_trigger_ui.py
[2025-02-06T18:18:42.103+0000] {processor.py:914} INFO - Processing file /home/airflow/.local/lib/python3.12/site-packages/airflow/example_dags/example_params_trigger_ui.py for tasks to queue
[2025-02-06T18:18:42.108+0000] {logging_mixin.py:190} INFO - [2025-02-06T18:18:42.107+0000] {dagbag.py:588} INFO - Filling up the DagBag from /home/airflow/.local/lib/python3.12/site-packages/airflow/example_dags/example_params_trigger_ui.py
[2025-02-06T18:18:42.141+0000] {processor.py:925} INFO - DAG(s) 'example_params_trigger_ui' retrieved from /home/airflow/.local/lib/python3.12/site-packages/airflow/example_dags/example_params_trigger_ui.py
[2025-02-06T18:18:42.271+0000] {logging_mixin.py:190} INFO - [2025-02-06T18:18:42.270+0000] {dag.py:3239} INFO - Sync 1 DAGs
[2025-02-06T18:18:42.327+0000] {logging_mixin.py:190} INFO - [2025-02-06T18:18:42.326+0000] {dag.py:4180} INFO - Setting next_dagrun for example_params_trigger_ui to None, run_after=None
[2025-02-06T18:18:42.408+0000] {processor.py:208} INFO - Processing /home/airflow/.local/lib/python3.12/site-packages/airflow/example_dags/example_params_trigger_ui.py took 0.325 seconds
[2025-02-06T18:19:12.489+0000] {processor.py:186} INFO - Started process (PID=454) to work on /home/airflow/.local/lib/python3.12/site-packages/airflow/example_dags/example_params_trigger_ui.py
[2025-02-06T18:19:12.491+0000] {processor.py:914} INFO - Processing file /home/airflow/.local/lib/python3.12/site-packages/airflow/example_dags/example_params_trigger_ui.py for tasks to queue
[2025-02-06T18:19:12.494+0000] {logging_mixin.py:190} INFO - [2025-02-06T18:19:12.494+0000] {dagbag.py:588} INFO - Filling up the DagBag from /home/airflow/.local/lib/python3.12/site-packages/airflow/example_dags/example_params_trigger_ui.py
[2025-02-06T18:19:12.509+0000] {processor.py:925} INFO - DAG(s) 'example_params_trigger_ui' retrieved from /home/airflow/.local/lib/python3.12/site-packages/airflow/example_dags/example_params_trigger_ui.py
[2025-02-06T18:19:12.565+0000] {logging_mixin.py:190} INFO - [2025-02-06T18:19:12.565+0000] {dag.py:3239} INFO - Sync 1 DAGs
[2025-02-06T18:19:12.585+0000] {logging_mixin.py:190} INFO - [2025-02-06T18:19:12.585+0000] {dag.py:4180} INFO - Setting next_dagrun for example_params_trigger_ui to None, run_after=None
[2025-02-06T18:19:12.610+0000] {processor.py:208} INFO - Processing /home/airflow/.local/lib/python3.12/site-packages/airflow/example_dags/example_params_trigger_ui.py took 0.130 seconds
[2025-02-06T18:19:42.961+0000] {processor.py:186} INFO - Started process (PID=510) to work on /home/airflow/.local/lib/python3.12/site-packages/airflow/example_dags/example_params_trigger_ui.py
[2025-02-06T18:19:42.962+0000] {processor.py:914} INFO - Processing file /home/airflow/.local/lib/python3.12/site-packages/airflow/example_dags/example_params_trigger_ui.py for tasks to queue
[2025-02-06T18:19:42.965+0000] {logging_mixin.py:190} INFO - [2025-02-06T18:19:42.965+0000] {dagbag.py:588} INFO - Filling up the DagBag from /home/airflow/.local/lib/python3.12/site-packages/airflow/example_dags/example_params_trigger_ui.py
[2025-02-06T18:19:42.996+0000] {processor.py:925} INFO - DAG(s) 'example_params_trigger_ui' retrieved from /home/airflow/.local/lib/python3.12/site-packages/airflow/example_dags/example_params_trigger_ui.py
[2025-02-06T18:19:43.089+0000] {logging_mixin.py:190} INFO - [2025-02-06T18:19:43.088+0000] {dag.py:3239} INFO - Sync 1 DAGs
[2025-02-06T18:19:43.127+0000] {logging_mixin.py:190} INFO - [2025-02-06T18:19:43.126+0000] {dag.py:4180} INFO - Setting next_dagrun for example_params_trigger_ui to None, run_after=None
[2025-02-06T18:19:43.172+0000] {processor.py:208} INFO - Processing /home/airflow/.local/lib/python3.12/site-packages/airflow/example_dags/example_params_trigger_ui.py took 0.223 seconds
[2025-02-06T18:20:13.927+0000] {processor.py:186} INFO - Started process (PID=567) to work on /home/airflow/.local/lib/python3.12/site-packages/airflow/example_dags/example_params_trigger_ui.py
[2025-02-06T18:20:13.929+0000] {processor.py:914} INFO - Processing file /home/airflow/.local/lib/python3.12/site-packages/airflow/example_dags/example_params_trigger_ui.py for tasks to queue
[2025-02-06T18:20:13.932+0000] {logging_mixin.py:190} INFO - [2025-02-06T18:20:13.932+0000] {dagbag.py:588} INFO - Filling up the DagBag from /home/airflow/.local/lib/python3.12/site-packages/airflow/example_dags/example_params_trigger_ui.py
[2025-02-06T18:20:13.948+0000] {processor.py:925} INFO - DAG(s) 'example_params_trigger_ui' retrieved from /home/airflow/.local/lib/python3.12/site-packages/airflow/example_dags/example_params_trigger_ui.py
[2025-02-06T18:20:14.020+0000] {logging_mixin.py:190} INFO - [2025-02-06T18:20:14.019+0000] {dag.py:3239} INFO - Sync 1 DAGs
[2025-02-06T18:20:14.041+0000] {logging_mixin.py:190} INFO - [2025-02-06T18:20:14.040+0000] {dag.py:4180} INFO - Setting next_dagrun for example_params_trigger_ui to None, run_after=None
[2025-02-06T18:20:14.071+0000] {processor.py:208} INFO - Processing /home/airflow/.local/lib/python3.12/site-packages/airflow/example_dags/example_params_trigger_ui.py took 0.153 seconds
[2025-02-06T18:20:44.514+0000] {processor.py:186} INFO - Started process (PID=624) to work on /home/airflow/.local/lib/python3.12/site-packages/airflow/example_dags/example_params_trigger_ui.py
[2025-02-06T18:20:44.516+0000] {processor.py:914} INFO - Processing file /home/airflow/.local/lib/python3.12/site-packages/airflow/example_dags/example_params_trigger_ui.py for tasks to queue
[2025-02-06T18:20:44.521+0000] {logging_mixin.py:190} INFO - [2025-02-06T18:20:44.520+0000] {dagbag.py:588} INFO - Filling up the DagBag from /home/airflow/.local/lib/python3.12/site-packages/airflow/example_dags/example_params_trigger_ui.py
[2025-02-06T18:20:44.541+0000] {processor.py:925} INFO - DAG(s) 'example_params_trigger_ui' retrieved from /home/airflow/.local/lib/python3.12/site-packages/airflow/example_dags/example_params_trigger_ui.py
[2025-02-06T18:20:44.627+0000] {logging_mixin.py:190} INFO - [2025-02-06T18:20:44.627+0000] {dag.py:3239} INFO - Sync 1 DAGs
[2025-02-06T18:20:44.649+0000] {logging_mixin.py:190} INFO - [2025-02-06T18:20:44.648+0000] {dag.py:4180} INFO - Setting next_dagrun for example_params_trigger_ui to None, run_after=None
[2025-02-06T18:20:44.680+0000] {processor.py:208} INFO - Processing /home/airflow/.local/lib/python3.12/site-packages/airflow/example_dags/example_params_trigger_ui.py took 0.174 seconds
[2025-02-06T18:21:15.117+0000] {processor.py:186} INFO - Started process (PID=681) to work on /home/airflow/.local/lib/python3.12/site-packages/airflow/example_dags/example_params_trigger_ui.py
[2025-02-06T18:21:15.118+0000] {processor.py:914} INFO - Processing file /home/airflow/.local/lib/python3.12/site-packages/airflow/example_dags/example_params_trigger_ui.py for tasks to queue
[2025-02-06T18:21:15.122+0000] {logging_mixin.py:190} INFO - [2025-02-06T18:21:15.121+0000] {dagbag.py:588} INFO - Filling up the DagBag from /home/airflow/.local/lib/python3.12/site-packages/airflow/example_dags/example_params_trigger_ui.py
[2025-02-06T18:21:15.135+0000] {processor.py:925} INFO - DAG(s) 'example_params_trigger_ui' retrieved from /home/airflow/.local/lib/python3.12/site-packages/airflow/example_dags/example_params_trigger_ui.py
[2025-02-06T18:21:15.209+0000] {logging_mixin.py:190} INFO - [2025-02-06T18:21:15.209+0000] {dag.py:3239} INFO - Sync 1 DAGs
[2025-02-06T18:21:15.238+0000] {logging_mixin.py:190} INFO - [2025-02-06T18:21:15.237+0000] {dag.py:4180} INFO - Setting next_dagrun for example_params_trigger_ui to None, run_after=None
[2025-02-06T18:21:15.274+0000] {processor.py:208} INFO - Processing /home/airflow/.local/lib/python3.12/site-packages/airflow/example_dags/example_params_trigger_ui.py took 0.164 seconds
[2025-02-06T18:21:45.767+0000] {processor.py:186} INFO - Started process (PID=738) to work on /home/airflow/.local/lib/python3.12/site-packages/airflow/example_dags/example_params_trigger_ui.py
[2025-02-06T18:21:45.769+0000] {processor.py:914} INFO - Processing file /home/airflow/.local/lib/python3.12/site-packages/airflow/example_dags/example_params_trigger_ui.py for tasks to queue
[2025-02-06T18:21:45.773+0000] {logging_mixin.py:190} INFO - [2025-02-06T18:21:45.772+0000] {dagbag.py:588} INFO - Filling up the DagBag from /home/airflow/.local/lib/python3.12/site-packages/airflow/example_dags/example_params_trigger_ui.py
[2025-02-06T18:21:45.791+0000] {processor.py:925} INFO - DAG(s) 'example_params_trigger_ui' retrieved from /home/airflow/.local/lib/python3.12/site-packages/airflow/example_dags/example_params_trigger_ui.py
[2025-02-06T18:21:45.855+0000] {logging_mixin.py:190} INFO - [2025-02-06T18:21:45.855+0000] {dag.py:3239} INFO - Sync 1 DAGs
[2025-02-06T18:21:45.877+0000] {logging_mixin.py:190} INFO - [2025-02-06T18:21:45.877+0000] {dag.py:4180} INFO - Setting next_dagrun for example_params_trigger_ui to None, run_after=None
[2025-02-06T18:21:45.905+0000] {processor.py:208} INFO - Processing /home/airflow/.local/lib/python3.12/site-packages/airflow/example_dags/example_params_trigger_ui.py took 0.146 seconds
[2025-02-06T18:22:16.328+0000] {processor.py:186} INFO - Started process (PID=795) to work on /home/airflow/.local/lib/python3.12/site-packages/airflow/example_dags/example_params_trigger_ui.py
[2025-02-06T18:22:16.330+0000] {processor.py:914} INFO - Processing file /home/airflow/.local/lib/python3.12/site-packages/airflow/example_dags/example_params_trigger_ui.py for tasks to queue
[2025-02-06T18:22:16.337+0000] {logging_mixin.py:190} INFO - [2025-02-06T18:22:16.336+0000] {dagbag.py:588} INFO - Filling up the DagBag from /home/airflow/.local/lib/python3.12/site-packages/airflow/example_dags/example_params_trigger_ui.py
[2025-02-06T18:22:16.383+0000] {processor.py:925} INFO - DAG(s) 'example_params_trigger_ui' retrieved from /home/airflow/.local/lib/python3.12/site-packages/airflow/example_dags/example_params_trigger_ui.py
[2025-02-06T18:22:16.509+0000] {logging_mixin.py:190} INFO - [2025-02-06T18:22:16.509+0000] {dag.py:3239} INFO - Sync 1 DAGs
[2025-02-06T18:22:16.546+0000] {logging_mixin.py:190} INFO - [2025-02-06T18:22:16.545+0000] {dag.py:4180} INFO - Setting next_dagrun for example_params_trigger_ui to None, run_after=None
[2025-02-06T18:22:16.605+0000] {processor.py:208} INFO - Processing /home/airflow/.local/lib/python3.12/site-packages/airflow/example_dags/example_params_trigger_ui.py took 0.298 seconds
[2025-02-06T18:22:47.203+0000] {processor.py:186} INFO - Started process (PID=852) to work on /home/airflow/.local/lib/python3.12/site-packages/airflow/example_dags/example_params_trigger_ui.py
[2025-02-06T18:22:47.205+0000] {processor.py:914} INFO - Processing file /home/airflow/.local/lib/python3.12/site-packages/airflow/example_dags/example_params_trigger_ui.py for tasks to queue
[2025-02-06T18:22:47.209+0000] {logging_mixin.py:190} INFO - [2025-02-06T18:22:47.208+0000] {dagbag.py:588} INFO - Filling up the DagBag from /home/airflow/.local/lib/python3.12/site-packages/airflow/example_dags/example_params_trigger_ui.py
[2025-02-06T18:22:47.231+0000] {processor.py:925} INFO - DAG(s) 'example_params_trigger_ui' retrieved from /home/airflow/.local/lib/python3.12/site-packages/airflow/example_dags/example_params_trigger_ui.py
[2025-02-06T18:22:47.352+0000] {logging_mixin.py:190} INFO - [2025-02-06T18:22:47.351+0000] {dag.py:3239} INFO - Sync 1 DAGs
[2025-02-06T18:22:47.387+0000] {logging_mixin.py:190} INFO - [2025-02-06T18:22:47.387+0000] {dag.py:4180} INFO - Setting next_dagrun for example_params_trigger_ui to None, run_after=None
[2025-02-06T18:22:47.440+0000] {processor.py:208} INFO - Processing /home/airflow/.local/lib/python3.12/site-packages/airflow/example_dags/example_params_trigger_ui.py took 0.248 seconds
[2025-02-06T18:23:17.710+0000] {processor.py:186} INFO - Started process (PID=909) to work on /home/airflow/.local/lib/python3.12/site-packages/airflow/example_dags/example_params_trigger_ui.py
[2025-02-06T18:23:17.711+0000] {processor.py:914} INFO - Processing file /home/airflow/.local/lib/python3.12/site-packages/airflow/example_dags/example_params_trigger_ui.py for tasks to queue
[2025-02-06T18:23:17.715+0000] {logging_mixin.py:190} INFO - [2025-02-06T18:23:17.715+0000] {dagbag.py:588} INFO - Filling up the DagBag from /home/airflow/.local/lib/python3.12/site-packages/airflow/example_dags/example_params_trigger_ui.py
[2025-02-06T18:23:17.736+0000] {processor.py:925} INFO - DAG(s) 'example_params_trigger_ui' retrieved from /home/airflow/.local/lib/python3.12/site-packages/airflow/example_dags/example_params_trigger_ui.py
[2025-02-06T18:23:17.823+0000] {logging_mixin.py:190} INFO - [2025-02-06T18:23:17.823+0000] {dag.py:3239} INFO - Sync 1 DAGs
[2025-02-06T18:23:17.863+0000] {logging_mixin.py:190} INFO - [2025-02-06T18:23:17.863+0000] {dag.py:4180} INFO - Setting next_dagrun for example_params_trigger_ui to None, run_after=None
[2025-02-06T18:23:17.908+0000] {processor.py:208} INFO - Processing /home/airflow/.local/lib/python3.12/site-packages/airflow/example_dags/example_params_trigger_ui.py took 0.207 seconds
[2025-02-06T18:23:48.905+0000] {processor.py:186} INFO - Started process (PID=966) to work on /home/airflow/.local/lib/python3.12/site-packages/airflow/example_dags/example_params_trigger_ui.py
[2025-02-06T18:23:48.907+0000] {processor.py:914} INFO - Processing file /home/airflow/.local/lib/python3.12/site-packages/airflow/example_dags/example_params_trigger_ui.py for tasks to queue
[2025-02-06T18:23:48.911+0000] {logging_mixin.py:190} INFO - [2025-02-06T18:23:48.910+0000] {dagbag.py:588} INFO - Filling up the DagBag from /home/airflow/.local/lib/python3.12/site-packages/airflow/example_dags/example_params_trigger_ui.py
[2025-02-06T18:23:48.930+0000] {processor.py:925} INFO - DAG(s) 'example_params_trigger_ui' retrieved from /home/airflow/.local/lib/python3.12/site-packages/airflow/example_dags/example_params_trigger_ui.py
[2025-02-06T18:23:49.058+0000] {logging_mixin.py:190} INFO - [2025-02-06T18:23:49.057+0000] {dag.py:3239} INFO - Sync 1 DAGs
[2025-02-06T18:23:49.101+0000] {logging_mixin.py:190} INFO - [2025-02-06T18:23:49.101+0000] {dag.py:4180} INFO - Setting next_dagrun for example_params_trigger_ui to None, run_after=None
[2025-02-06T18:23:49.212+0000] {processor.py:208} INFO - Processing /home/airflow/.local/lib/python3.12/site-packages/airflow/example_dags/example_params_trigger_ui.py took 0.317 seconds
[2025-02-06T18:24:19.725+0000] {processor.py:186} INFO - Started process (PID=1023) to work on /home/airflow/.local/lib/python3.12/site-packages/airflow/example_dags/example_params_trigger_ui.py
[2025-02-06T18:24:19.727+0000] {processor.py:914} INFO - Processing file /home/airflow/.local/lib/python3.12/site-packages/airflow/example_dags/example_params_trigger_ui.py for tasks to queue
[2025-02-06T18:24:19.733+0000] {logging_mixin.py:190} INFO - [2025-02-06T18:24:19.732+0000] {dagbag.py:588} INFO - Filling up the DagBag from /home/airflow/.local/lib/python3.12/site-packages/airflow/example_dags/example_params_trigger_ui.py
[2025-02-06T18:24:19.766+0000] {processor.py:925} INFO - DAG(s) 'example_params_trigger_ui' retrieved from /home/airflow/.local/lib/python3.12/site-packages/airflow/example_dags/example_params_trigger_ui.py
[2025-02-06T18:24:19.875+0000] {logging_mixin.py:190} INFO - [2025-02-06T18:24:19.875+0000] {dag.py:3239} INFO - Sync 1 DAGs
[2025-02-06T18:24:19.900+0000] {logging_mixin.py:190} INFO - [2025-02-06T18:24:19.899+0000] {dag.py:4180} INFO - Setting next_dagrun for example_params_trigger_ui to None, run_after=None
[2025-02-06T18:24:19.938+0000] {processor.py:208} INFO - Processing /home/airflow/.local/lib/python3.12/site-packages/airflow/example_dags/example_params_trigger_ui.py took 0.227 seconds
[2025-02-06T18:24:50.118+0000] {processor.py:186} INFO - Started process (PID=1081) to work on /home/airflow/.local/lib/python3.12/site-packages/airflow/example_dags/example_params_trigger_ui.py
[2025-02-06T18:24:50.120+0000] {processor.py:914} INFO - Processing file /home/airflow/.local/lib/python3.12/site-packages/airflow/example_dags/example_params_trigger_ui.py for tasks to queue
[2025-02-06T18:24:50.123+0000] {logging_mixin.py:190} INFO - [2025-02-06T18:24:50.122+0000] {dagbag.py:588} INFO - Filling up the DagBag from /home/airflow/.local/lib/python3.12/site-packages/airflow/example_dags/example_params_trigger_ui.py
[2025-02-06T18:24:50.139+0000] {processor.py:925} INFO - DAG(s) 'example_params_trigger_ui' retrieved from /home/airflow/.local/lib/python3.12/site-packages/airflow/example_dags/example_params_trigger_ui.py
[2025-02-06T18:24:50.201+0000] {logging_mixin.py:190} INFO - [2025-02-06T18:24:50.200+0000] {dag.py:3239} INFO - Sync 1 DAGs
[2025-02-06T18:24:50.219+0000] {logging_mixin.py:190} INFO - [2025-02-06T18:24:50.219+0000] {dag.py:4180} INFO - Setting next_dagrun for example_params_trigger_ui to None, run_after=None
[2025-02-06T18:24:50.243+0000] {processor.py:208} INFO - Processing /home/airflow/.local/lib/python3.12/site-packages/airflow/example_dags/example_params_trigger_ui.py took 0.134 seconds
[2025-02-06T18:25:20.441+0000] {processor.py:186} INFO - Started process (PID=1137) to work on /home/airflow/.local/lib/python3.12/site-packages/airflow/example_dags/example_params_trigger_ui.py
[2025-02-06T18:25:20.443+0000] {processor.py:914} INFO - Processing file /home/airflow/.local/lib/python3.12/site-packages/airflow/example_dags/example_params_trigger_ui.py for tasks to queue
[2025-02-06T18:25:20.447+0000] {logging_mixin.py:190} INFO - [2025-02-06T18:25:20.446+0000] {dagbag.py:588} INFO - Filling up the DagBag from /home/airflow/.local/lib/python3.12/site-packages/airflow/example_dags/example_params_trigger_ui.py
[2025-02-06T18:25:20.473+0000] {processor.py:925} INFO - DAG(s) 'example_params_trigger_ui' retrieved from /home/airflow/.local/lib/python3.12/site-packages/airflow/example_dags/example_params_trigger_ui.py
[2025-02-06T18:25:20.576+0000] {logging_mixin.py:190} INFO - [2025-02-06T18:25:20.575+0000] {dag.py:3239} INFO - Sync 1 DAGs
[2025-02-06T18:25:20.613+0000] {logging_mixin.py:190} INFO - [2025-02-06T18:25:20.613+0000] {dag.py:4180} INFO - Setting next_dagrun for example_params_trigger_ui to None, run_after=None
[2025-02-06T18:25:20.665+0000] {processor.py:208} INFO - Processing /home/airflow/.local/lib/python3.12/site-packages/airflow/example_dags/example_params_trigger_ui.py took 0.238 seconds
[2025-02-06T18:25:51.312+0000] {processor.py:186} INFO - Started process (PID=1194) to work on /home/airflow/.local/lib/python3.12/site-packages/airflow/example_dags/example_params_trigger_ui.py
[2025-02-06T18:25:51.315+0000] {processor.py:914} INFO - Processing file /home/airflow/.local/lib/python3.12/site-packages/airflow/example_dags/example_params_trigger_ui.py for tasks to queue
[2025-02-06T18:25:51.320+0000] {logging_mixin.py:190} INFO - [2025-02-06T18:25:51.319+0000] {dagbag.py:588} INFO - Filling up the DagBag from /home/airflow/.local/lib/python3.12/site-packages/airflow/example_dags/example_params_trigger_ui.py
[2025-02-06T18:25:51.352+0000] {processor.py:925} INFO - DAG(s) 'example_params_trigger_ui' retrieved from /home/airflow/.local/lib/python3.12/site-packages/airflow/example_dags/example_params_trigger_ui.py
[2025-02-06T18:25:51.468+0000] {logging_mixin.py:190} INFO - [2025-02-06T18:25:51.467+0000] {dag.py:3239} INFO - Sync 1 DAGs
[2025-02-06T18:25:51.504+0000] {logging_mixin.py:190} INFO - [2025-02-06T18:25:51.503+0000] {dag.py:4180} INFO - Setting next_dagrun for example_params_trigger_ui to None, run_after=None
[2025-02-06T18:25:51.549+0000] {processor.py:208} INFO - Processing /home/airflow/.local/lib/python3.12/site-packages/airflow/example_dags/example_params_trigger_ui.py took 0.251 seconds
[2025-02-06T18:26:21.687+0000] {processor.py:186} INFO - Started process (PID=1251) to work on /home/airflow/.local/lib/python3.12/site-packages/airflow/example_dags/example_params_trigger_ui.py
[2025-02-06T18:26:21.689+0000] {processor.py:914} INFO - Processing file /home/airflow/.local/lib/python3.12/site-packages/airflow/example_dags/example_params_trigger_ui.py for tasks to queue
[2025-02-06T18:26:21.693+0000] {logging_mixin.py:190} INFO - [2025-02-06T18:26:21.692+0000] {dagbag.py:588} INFO - Filling up the DagBag from /home/airflow/.local/lib/python3.12/site-packages/airflow/example_dags/example_params_trigger_ui.py
[2025-02-06T18:26:21.718+0000] {processor.py:925} INFO - DAG(s) 'example_params_trigger_ui' retrieved from /home/airflow/.local/lib/python3.12/site-packages/airflow/example_dags/example_params_trigger_ui.py
[2025-02-06T18:26:21.823+0000] {logging_mixin.py:190} INFO - [2025-02-06T18:26:21.823+0000] {dag.py:3239} INFO - Sync 1 DAGs
[2025-02-06T18:26:21.852+0000] {logging_mixin.py:190} INFO - [2025-02-06T18:26:21.851+0000] {dag.py:4180} INFO - Setting next_dagrun for example_params_trigger_ui to None, run_after=None
[2025-02-06T18:26:21.886+0000] {processor.py:208} INFO - Processing /home/airflow/.local/lib/python3.12/site-packages/airflow/example_dags/example_params_trigger_ui.py took 0.214 seconds
[2025-02-06T18:26:52.185+0000] {processor.py:186} INFO - Started process (PID=1308) to work on /home/airflow/.local/lib/python3.12/site-packages/airflow/example_dags/example_params_trigger_ui.py
[2025-02-06T18:26:52.186+0000] {processor.py:914} INFO - Processing file /home/airflow/.local/lib/python3.12/site-packages/airflow/example_dags/example_params_trigger_ui.py for tasks to queue
[2025-02-06T18:26:52.191+0000] {logging_mixin.py:190} INFO - [2025-02-06T18:26:52.190+0000] {dagbag.py:588} INFO - Filling up the DagBag from /home/airflow/.local/lib/python3.12/site-packages/airflow/example_dags/example_params_trigger_ui.py
[2025-02-06T18:26:52.209+0000] {processor.py:925} INFO - DAG(s) 'example_params_trigger_ui' retrieved from /home/airflow/.local/lib/python3.12/site-packages/airflow/example_dags/example_params_trigger_ui.py
[2025-02-06T18:26:52.291+0000] {logging_mixin.py:190} INFO - [2025-02-06T18:26:52.290+0000] {dag.py:3239} INFO - Sync 1 DAGs
[2025-02-06T18:26:52.315+0000] {logging_mixin.py:190} INFO - [2025-02-06T18:26:52.315+0000] {dag.py:4180} INFO - Setting next_dagrun for example_params_trigger_ui to None, run_after=None
[2025-02-06T18:26:52.351+0000] {processor.py:208} INFO - Processing /home/airflow/.local/lib/python3.12/site-packages/airflow/example_dags/example_params_trigger_ui.py took 0.174 seconds
[2025-02-06T18:27:22.682+0000] {processor.py:186} INFO - Started process (PID=1365) to work on /home/airflow/.local/lib/python3.12/site-packages/airflow/example_dags/example_params_trigger_ui.py
[2025-02-06T18:27:22.684+0000] {processor.py:914} INFO - Processing file /home/airflow/.local/lib/python3.12/site-packages/airflow/example_dags/example_params_trigger_ui.py for tasks to queue
[2025-02-06T18:27:22.689+0000] {logging_mixin.py:190} INFO - [2025-02-06T18:27:22.688+0000] {dagbag.py:588} INFO - Filling up the DagBag from /home/airflow/.local/lib/python3.12/site-packages/airflow/example_dags/example_params_trigger_ui.py
[2025-02-06T18:27:22.732+0000] {processor.py:925} INFO - DAG(s) 'example_params_trigger_ui' retrieved from /home/airflow/.local/lib/python3.12/site-packages/airflow/example_dags/example_params_trigger_ui.py
[2025-02-06T18:27:22.858+0000] {logging_mixin.py:190} INFO - [2025-02-06T18:27:22.857+0000] {dag.py:3239} INFO - Sync 1 DAGs
[2025-02-06T18:27:22.934+0000] {logging_mixin.py:190} INFO - [2025-02-06T18:27:22.934+0000] {dag.py:4180} INFO - Setting next_dagrun for example_params_trigger_ui to None, run_after=None
[2025-02-06T18:27:23.010+0000] {processor.py:208} INFO - Processing /home/airflow/.local/lib/python3.12/site-packages/airflow/example_dags/example_params_trigger_ui.py took 0.341 seconds
[2025-02-06T18:27:54.027+0000] {processor.py:186} INFO - Started process (PID=1422) to work on /home/airflow/.local/lib/python3.12/site-packages/airflow/example_dags/example_params_trigger_ui.py
[2025-02-06T18:27:54.029+0000] {processor.py:914} INFO - Processing file /home/airflow/.local/lib/python3.12/site-packages/airflow/example_dags/example_params_trigger_ui.py for tasks to queue
[2025-02-06T18:27:54.033+0000] {logging_mixin.py:190} INFO - [2025-02-06T18:27:54.032+0000] {dagbag.py:588} INFO - Filling up the DagBag from /home/airflow/.local/lib/python3.12/site-packages/airflow/example_dags/example_params_trigger_ui.py
[2025-02-06T18:27:54.051+0000] {processor.py:925} INFO - DAG(s) 'example_params_trigger_ui' retrieved from /home/airflow/.local/lib/python3.12/site-packages/airflow/example_dags/example_params_trigger_ui.py
[2025-02-06T18:27:54.153+0000] {logging_mixin.py:190} INFO - [2025-02-06T18:27:54.152+0000] {dag.py:3239} INFO - Sync 1 DAGs
[2025-02-06T18:27:54.181+0000] {logging_mixin.py:190} INFO - [2025-02-06T18:27:54.180+0000] {dag.py:4180} INFO - Setting next_dagrun for example_params_trigger_ui to None, run_after=None
[2025-02-06T18:27:54.224+0000] {processor.py:208} INFO - Processing /home/airflow/.local/lib/python3.12/site-packages/airflow/example_dags/example_params_trigger_ui.py took 0.208 seconds
[2025-02-06T18:28:24.510+0000] {processor.py:186} INFO - Started process (PID=1479) to work on /home/airflow/.local/lib/python3.12/site-packages/airflow/example_dags/example_params_trigger_ui.py
[2025-02-06T18:28:24.512+0000] {processor.py:914} INFO - Processing file /home/airflow/.local/lib/python3.12/site-packages/airflow/example_dags/example_params_trigger_ui.py for tasks to queue
[2025-02-06T18:28:24.518+0000] {logging_mixin.py:190} INFO - [2025-02-06T18:28:24.517+0000] {dagbag.py:588} INFO - Filling up the DagBag from /home/airflow/.local/lib/python3.12/site-packages/airflow/example_dags/example_params_trigger_ui.py
[2025-02-06T18:28:24.542+0000] {processor.py:925} INFO - DAG(s) 'example_params_trigger_ui' retrieved from /home/airflow/.local/lib/python3.12/site-packages/airflow/example_dags/example_params_trigger_ui.py
[2025-02-06T18:28:24.655+0000] {logging_mixin.py:190} INFO - [2025-02-06T18:28:24.654+0000] {dag.py:3239} INFO - Sync 1 DAGs
[2025-02-06T18:28:24.690+0000] {logging_mixin.py:190} INFO - [2025-02-06T18:28:24.689+0000] {dag.py:4180} INFO - Setting next_dagrun for example_params_trigger_ui to None, run_after=None
[2025-02-06T18:28:24.744+0000] {processor.py:208} INFO - Processing /home/airflow/.local/lib/python3.12/site-packages/airflow/example_dags/example_params_trigger_ui.py took 0.248 seconds
[2025-02-06T18:28:55.506+0000] {processor.py:186} INFO - Started process (PID=1534) to work on /home/airflow/.local/lib/python3.12/site-packages/airflow/example_dags/example_params_trigger_ui.py
[2025-02-06T18:28:55.508+0000] {processor.py:914} INFO - Processing file /home/airflow/.local/lib/python3.12/site-packages/airflow/example_dags/example_params_trigger_ui.py for tasks to queue
[2025-02-06T18:28:55.514+0000] {logging_mixin.py:190} INFO - [2025-02-06T18:28:55.513+0000] {dagbag.py:588} INFO - Filling up the DagBag from /home/airflow/.local/lib/python3.12/site-packages/airflow/example_dags/example_params_trigger_ui.py
[2025-02-06T18:28:55.546+0000] {processor.py:925} INFO - DAG(s) 'example_params_trigger_ui' retrieved from /home/airflow/.local/lib/python3.12/site-packages/airflow/example_dags/example_params_trigger_ui.py
[2025-02-06T18:28:55.720+0000] {logging_mixin.py:190} INFO - [2025-02-06T18:28:55.719+0000] {dag.py:3239} INFO - Sync 1 DAGs
[2025-02-06T18:28:55.764+0000] {logging_mixin.py:190} INFO - [2025-02-06T18:28:55.763+0000] {dag.py:4180} INFO - Setting next_dagrun for example_params_trigger_ui to None, run_after=None
[2025-02-06T18:28:55.860+0000] {processor.py:208} INFO - Processing /home/airflow/.local/lib/python3.12/site-packages/airflow/example_dags/example_params_trigger_ui.py took 0.366 seconds
[2025-02-06T18:29:27.119+0000] {processor.py:186} INFO - Started process (PID=1591) to work on /home/airflow/.local/lib/python3.12/site-packages/airflow/example_dags/example_params_trigger_ui.py
[2025-02-06T18:29:27.120+0000] {processor.py:914} INFO - Processing file /home/airflow/.local/lib/python3.12/site-packages/airflow/example_dags/example_params_trigger_ui.py for tasks to queue
[2025-02-06T18:29:27.125+0000] {logging_mixin.py:190} INFO - [2025-02-06T18:29:27.124+0000] {dagbag.py:588} INFO - Filling up the DagBag from /home/airflow/.local/lib/python3.12/site-packages/airflow/example_dags/example_params_trigger_ui.py
[2025-02-06T18:29:27.145+0000] {processor.py:925} INFO - DAG(s) 'example_params_trigger_ui' retrieved from /home/airflow/.local/lib/python3.12/site-packages/airflow/example_dags/example_params_trigger_ui.py
[2025-02-06T18:29:27.288+0000] {logging_mixin.py:190} INFO - [2025-02-06T18:29:27.288+0000] {dag.py:3239} INFO - Sync 1 DAGs
[2025-02-06T18:29:27.323+0000] {logging_mixin.py:190} INFO - [2025-02-06T18:29:27.323+0000] {dag.py:4180} INFO - Setting next_dagrun for example_params_trigger_ui to None, run_after=None
[2025-02-06T18:29:27.359+0000] {processor.py:208} INFO - Processing /home/airflow/.local/lib/python3.12/site-packages/airflow/example_dags/example_params_trigger_ui.py took 0.250 seconds
[2025-02-06T18:29:59.124+0000] {processor.py:186} INFO - Started process (PID=1648) to work on /home/airflow/.local/lib/python3.12/site-packages/airflow/example_dags/example_params_trigger_ui.py
[2025-02-06T18:29:59.126+0000] {processor.py:914} INFO - Processing file /home/airflow/.local/lib/python3.12/site-packages/airflow/example_dags/example_params_trigger_ui.py for tasks to queue
[2025-02-06T18:29:59.129+0000] {logging_mixin.py:190} INFO - [2025-02-06T18:29:59.129+0000] {dagbag.py:588} INFO - Filling up the DagBag from /home/airflow/.local/lib/python3.12/site-packages/airflow/example_dags/example_params_trigger_ui.py
[2025-02-06T18:29:59.149+0000] {processor.py:925} INFO - DAG(s) 'example_params_trigger_ui' retrieved from /home/airflow/.local/lib/python3.12/site-packages/airflow/example_dags/example_params_trigger_ui.py
[2025-02-06T18:29:59.225+0000] {logging_mixin.py:190} INFO - [2025-02-06T18:29:59.225+0000] {dag.py:3239} INFO - Sync 1 DAGs
[2025-02-06T18:29:59.247+0000] {logging_mixin.py:190} INFO - [2025-02-06T18:29:59.247+0000] {dag.py:4180} INFO - Setting next_dagrun for example_params_trigger_ui to None, run_after=None
[2025-02-06T18:29:59.274+0000] {processor.py:208} INFO - Processing /home/airflow/.local/lib/python3.12/site-packages/airflow/example_dags/example_params_trigger_ui.py took 0.159 seconds
[2025-02-06T18:30:30.957+0000] {processor.py:186} INFO - Started process (PID=1705) to work on /home/airflow/.local/lib/python3.12/site-packages/airflow/example_dags/example_params_trigger_ui.py
[2025-02-06T18:30:30.958+0000] {processor.py:914} INFO - Processing file /home/airflow/.local/lib/python3.12/site-packages/airflow/example_dags/example_params_trigger_ui.py for tasks to queue
[2025-02-06T18:30:30.962+0000] {logging_mixin.py:190} INFO - [2025-02-06T18:30:30.962+0000] {dagbag.py:588} INFO - Filling up the DagBag from /home/airflow/.local/lib/python3.12/site-packages/airflow/example_dags/example_params_trigger_ui.py
[2025-02-06T18:30:30.982+0000] {processor.py:925} INFO - DAG(s) 'example_params_trigger_ui' retrieved from /home/airflow/.local/lib/python3.12/site-packages/airflow/example_dags/example_params_trigger_ui.py
[2025-02-06T18:30:31.076+0000] {logging_mixin.py:190} INFO - [2025-02-06T18:30:31.075+0000] {dag.py:3239} INFO - Sync 1 DAGs
[2025-02-06T18:30:31.116+0000] {logging_mixin.py:190} INFO - [2025-02-06T18:30:31.115+0000] {dag.py:4180} INFO - Setting next_dagrun for example_params_trigger_ui to None, run_after=None
[2025-02-06T18:30:31.156+0000] {processor.py:208} INFO - Processing /home/airflow/.local/lib/python3.12/site-packages/airflow/example_dags/example_params_trigger_ui.py took 0.209 seconds
[2025-02-06T18:31:02.694+0000] {processor.py:186} INFO - Started process (PID=1762) to work on /home/airflow/.local/lib/python3.12/site-packages/airflow/example_dags/example_params_trigger_ui.py
[2025-02-06T18:31:02.696+0000] {processor.py:914} INFO - Processing file /home/airflow/.local/lib/python3.12/site-packages/airflow/example_dags/example_params_trigger_ui.py for tasks to queue
[2025-02-06T18:31:02.701+0000] {logging_mixin.py:190} INFO - [2025-02-06T18:31:02.700+0000] {dagbag.py:588} INFO - Filling up the DagBag from /home/airflow/.local/lib/python3.12/site-packages/airflow/example_dags/example_params_trigger_ui.py
[2025-02-06T18:31:02.723+0000] {processor.py:925} INFO - DAG(s) 'example_params_trigger_ui' retrieved from /home/airflow/.local/lib/python3.12/site-packages/airflow/example_dags/example_params_trigger_ui.py
[2025-02-06T18:31:02.807+0000] {logging_mixin.py:190} INFO - [2025-02-06T18:31:02.807+0000] {dag.py:3239} INFO - Sync 1 DAGs
[2025-02-06T18:31:02.829+0000] {logging_mixin.py:190} INFO - [2025-02-06T18:31:02.829+0000] {dag.py:4180} INFO - Setting next_dagrun for example_params_trigger_ui to None, run_after=None
[2025-02-06T18:31:02.859+0000] {processor.py:208} INFO - Processing /home/airflow/.local/lib/python3.12/site-packages/airflow/example_dags/example_params_trigger_ui.py took 0.177 seconds
[2025-02-06T18:31:34.901+0000] {processor.py:186} INFO - Started process (PID=1819) to work on /home/airflow/.local/lib/python3.12/site-packages/airflow/example_dags/example_params_trigger_ui.py
[2025-02-06T18:31:34.905+0000] {processor.py:914} INFO - Processing file /home/airflow/.local/lib/python3.12/site-packages/airflow/example_dags/example_params_trigger_ui.py for tasks to queue
[2025-02-06T18:31:34.912+0000] {logging_mixin.py:190} INFO - [2025-02-06T18:31:34.911+0000] {dagbag.py:588} INFO - Filling up the DagBag from /home/airflow/.local/lib/python3.12/site-packages/airflow/example_dags/example_params_trigger_ui.py
[2025-02-06T18:31:34.946+0000] {processor.py:925} INFO - DAG(s) 'example_params_trigger_ui' retrieved from /home/airflow/.local/lib/python3.12/site-packages/airflow/example_dags/example_params_trigger_ui.py
[2025-02-06T18:31:35.057+0000] {logging_mixin.py:190} INFO - [2025-02-06T18:31:35.057+0000] {dag.py:3239} INFO - Sync 1 DAGs
[2025-02-06T18:31:35.116+0000] {logging_mixin.py:190} INFO - [2025-02-06T18:31:35.116+0000] {dag.py:4180} INFO - Setting next_dagrun for example_params_trigger_ui to None, run_after=None
[2025-02-06T18:31:35.173+0000] {processor.py:208} INFO - Processing /home/airflow/.local/lib/python3.12/site-packages/airflow/example_dags/example_params_trigger_ui.py took 0.288 seconds
[2025-02-06T18:32:06.586+0000] {processor.py:186} INFO - Started process (PID=1876) to work on /home/airflow/.local/lib/python3.12/site-packages/airflow/example_dags/example_params_trigger_ui.py
[2025-02-06T18:32:06.587+0000] {processor.py:914} INFO - Processing file /home/airflow/.local/lib/python3.12/site-packages/airflow/example_dags/example_params_trigger_ui.py for tasks to queue
[2025-02-06T18:32:06.591+0000] {logging_mixin.py:190} INFO - [2025-02-06T18:32:06.590+0000] {dagbag.py:588} INFO - Filling up the DagBag from /home/airflow/.local/lib/python3.12/site-packages/airflow/example_dags/example_params_trigger_ui.py
[2025-02-06T18:32:06.605+0000] {processor.py:925} INFO - DAG(s) 'example_params_trigger_ui' retrieved from /home/airflow/.local/lib/python3.12/site-packages/airflow/example_dags/example_params_trigger_ui.py
[2025-02-06T18:32:06.671+0000] {logging_mixin.py:190} INFO - [2025-02-06T18:32:06.671+0000] {dag.py:3239} INFO - Sync 1 DAGs
[2025-02-06T18:32:06.695+0000] {logging_mixin.py:190} INFO - [2025-02-06T18:32:06.694+0000] {dag.py:4180} INFO - Setting next_dagrun for example_params_trigger_ui to None, run_after=None
[2025-02-06T18:32:06.734+0000] {processor.py:208} INFO - Processing /home/airflow/.local/lib/python3.12/site-packages/airflow/example_dags/example_params_trigger_ui.py took 0.158 seconds
[2025-02-06T18:32:37.690+0000] {processor.py:186} INFO - Started process (PID=1933) to work on /home/airflow/.local/lib/python3.12/site-packages/airflow/example_dags/example_params_trigger_ui.py
[2025-02-06T18:32:37.693+0000] {processor.py:914} INFO - Processing file /home/airflow/.local/lib/python3.12/site-packages/airflow/example_dags/example_params_trigger_ui.py for tasks to queue
[2025-02-06T18:32:37.699+0000] {logging_mixin.py:190} INFO - [2025-02-06T18:32:37.698+0000] {dagbag.py:588} INFO - Filling up the DagBag from /home/airflow/.local/lib/python3.12/site-packages/airflow/example_dags/example_params_trigger_ui.py
[2025-02-06T18:32:37.722+0000] {processor.py:925} INFO - DAG(s) 'example_params_trigger_ui' retrieved from /home/airflow/.local/lib/python3.12/site-packages/airflow/example_dags/example_params_trigger_ui.py
[2025-02-06T18:32:37.797+0000] {logging_mixin.py:190} INFO - [2025-02-06T18:32:37.796+0000] {dag.py:3239} INFO - Sync 1 DAGs
[2025-02-06T18:32:37.819+0000] {logging_mixin.py:190} INFO - [2025-02-06T18:32:37.819+0000] {dag.py:4180} INFO - Setting next_dagrun for example_params_trigger_ui to None, run_after=None
[2025-02-06T18:32:37.849+0000] {processor.py:208} INFO - Processing /home/airflow/.local/lib/python3.12/site-packages/airflow/example_dags/example_params_trigger_ui.py took 0.174 seconds
[2025-02-06T18:33:10.729+0000] {processor.py:186} INFO - Started process (PID=1990) to work on /home/airflow/.local/lib/python3.12/site-packages/airflow/example_dags/example_params_trigger_ui.py
[2025-02-06T18:33:10.730+0000] {processor.py:914} INFO - Processing file /home/airflow/.local/lib/python3.12/site-packages/airflow/example_dags/example_params_trigger_ui.py for tasks to queue
[2025-02-06T18:33:10.734+0000] {logging_mixin.py:190} INFO - [2025-02-06T18:33:10.734+0000] {dagbag.py:588} INFO - Filling up the DagBag from /home/airflow/.local/lib/python3.12/site-packages/airflow/example_dags/example_params_trigger_ui.py
[2025-02-06T18:33:10.755+0000] {processor.py:925} INFO - DAG(s) 'example_params_trigger_ui' retrieved from /home/airflow/.local/lib/python3.12/site-packages/airflow/example_dags/example_params_trigger_ui.py
[2025-02-06T18:33:10.841+0000] {logging_mixin.py:190} INFO - [2025-02-06T18:33:10.841+0000] {dag.py:3239} INFO - Sync 1 DAGs
[2025-02-06T18:33:10.868+0000] {logging_mixin.py:190} INFO - [2025-02-06T18:33:10.868+0000] {dag.py:4180} INFO - Setting next_dagrun for example_params_trigger_ui to None, run_after=None
[2025-02-06T18:33:10.904+0000] {processor.py:208} INFO - Processing /home/airflow/.local/lib/python3.12/site-packages/airflow/example_dags/example_params_trigger_ui.py took 0.187 seconds
[2025-02-06T18:33:42.349+0000] {processor.py:186} INFO - Started process (PID=2047) to work on /home/airflow/.local/lib/python3.12/site-packages/airflow/example_dags/example_params_trigger_ui.py
[2025-02-06T18:33:42.352+0000] {processor.py:914} INFO - Processing file /home/airflow/.local/lib/python3.12/site-packages/airflow/example_dags/example_params_trigger_ui.py for tasks to queue
[2025-02-06T18:33:42.366+0000] {logging_mixin.py:190} INFO - [2025-02-06T18:33:42.365+0000] {dagbag.py:588} INFO - Filling up the DagBag from /home/airflow/.local/lib/python3.12/site-packages/airflow/example_dags/example_params_trigger_ui.py
[2025-02-06T18:33:42.401+0000] {processor.py:925} INFO - DAG(s) 'example_params_trigger_ui' retrieved from /home/airflow/.local/lib/python3.12/site-packages/airflow/example_dags/example_params_trigger_ui.py
[2025-02-06T18:33:42.520+0000] {logging_mixin.py:190} INFO - [2025-02-06T18:33:42.519+0000] {dag.py:3239} INFO - Sync 1 DAGs
[2025-02-06T18:33:42.552+0000] {logging_mixin.py:190} INFO - [2025-02-06T18:33:42.551+0000] {dag.py:4180} INFO - Setting next_dagrun for example_params_trigger_ui to None, run_after=None
[2025-02-06T18:33:42.584+0000] {processor.py:208} INFO - Processing /home/airflow/.local/lib/python3.12/site-packages/airflow/example_dags/example_params_trigger_ui.py took 0.259 seconds
[2025-02-06T18:34:13.725+0000] {processor.py:186} INFO - Started process (PID=2104) to work on /home/airflow/.local/lib/python3.12/site-packages/airflow/example_dags/example_params_trigger_ui.py
[2025-02-06T18:34:13.726+0000] {processor.py:914} INFO - Processing file /home/airflow/.local/lib/python3.12/site-packages/airflow/example_dags/example_params_trigger_ui.py for tasks to queue
[2025-02-06T18:34:13.729+0000] {logging_mixin.py:190} INFO - [2025-02-06T18:34:13.729+0000] {dagbag.py:588} INFO - Filling up the DagBag from /home/airflow/.local/lib/python3.12/site-packages/airflow/example_dags/example_params_trigger_ui.py
[2025-02-06T18:34:13.747+0000] {processor.py:925} INFO - DAG(s) 'example_params_trigger_ui' retrieved from /home/airflow/.local/lib/python3.12/site-packages/airflow/example_dags/example_params_trigger_ui.py
[2025-02-06T18:34:13.826+0000] {logging_mixin.py:190} INFO - [2025-02-06T18:34:13.825+0000] {dag.py:3239} INFO - Sync 1 DAGs
[2025-02-06T18:34:13.852+0000] {logging_mixin.py:190} INFO - [2025-02-06T18:34:13.851+0000] {dag.py:4180} INFO - Setting next_dagrun for example_params_trigger_ui to None, run_after=None
[2025-02-06T18:34:13.879+0000] {processor.py:208} INFO - Processing /home/airflow/.local/lib/python3.12/site-packages/airflow/example_dags/example_params_trigger_ui.py took 0.164 seconds
[2025-02-06T18:34:46.063+0000] {processor.py:186} INFO - Started process (PID=2161) to work on /home/airflow/.local/lib/python3.12/site-packages/airflow/example_dags/example_params_trigger_ui.py
[2025-02-06T18:34:46.065+0000] {processor.py:914} INFO - Processing file /home/airflow/.local/lib/python3.12/site-packages/airflow/example_dags/example_params_trigger_ui.py for tasks to queue
[2025-02-06T18:34:46.069+0000] {logging_mixin.py:190} INFO - [2025-02-06T18:34:46.069+0000] {dagbag.py:588} INFO - Filling up the DagBag from /home/airflow/.local/lib/python3.12/site-packages/airflow/example_dags/example_params_trigger_ui.py
[2025-02-06T18:34:46.089+0000] {processor.py:925} INFO - DAG(s) 'example_params_trigger_ui' retrieved from /home/airflow/.local/lib/python3.12/site-packages/airflow/example_dags/example_params_trigger_ui.py
[2025-02-06T18:34:46.184+0000] {logging_mixin.py:190} INFO - [2025-02-06T18:34:46.183+0000] {dag.py:3239} INFO - Sync 1 DAGs
[2025-02-06T18:34:46.215+0000] {logging_mixin.py:190} INFO - [2025-02-06T18:34:46.215+0000] {dag.py:4180} INFO - Setting next_dagrun for example_params_trigger_ui to None, run_after=None
[2025-02-06T18:34:46.260+0000] {processor.py:208} INFO - Processing /home/airflow/.local/lib/python3.12/site-packages/airflow/example_dags/example_params_trigger_ui.py took 0.206 seconds
[2025-02-06T18:35:18.503+0000] {processor.py:186} INFO - Started process (PID=2218) to work on /home/airflow/.local/lib/python3.12/site-packages/airflow/example_dags/example_params_trigger_ui.py
[2025-02-06T18:35:18.506+0000] {processor.py:914} INFO - Processing file /home/airflow/.local/lib/python3.12/site-packages/airflow/example_dags/example_params_trigger_ui.py for tasks to queue
[2025-02-06T18:35:18.517+0000] {logging_mixin.py:190} INFO - [2025-02-06T18:35:18.515+0000] {dagbag.py:588} INFO - Filling up the DagBag from /home/airflow/.local/lib/python3.12/site-packages/airflow/example_dags/example_params_trigger_ui.py
[2025-02-06T18:35:18.538+0000] {processor.py:925} INFO - DAG(s) 'example_params_trigger_ui' retrieved from /home/airflow/.local/lib/python3.12/site-packages/airflow/example_dags/example_params_trigger_ui.py
[2025-02-06T18:35:18.630+0000] {logging_mixin.py:190} INFO - [2025-02-06T18:35:18.629+0000] {dag.py:3239} INFO - Sync 1 DAGs
[2025-02-06T18:35:18.665+0000] {logging_mixin.py:190} INFO - [2025-02-06T18:35:18.665+0000] {dag.py:4180} INFO - Setting next_dagrun for example_params_trigger_ui to None, run_after=None
[2025-02-06T18:35:18.707+0000] {processor.py:208} INFO - Processing /home/airflow/.local/lib/python3.12/site-packages/airflow/example_dags/example_params_trigger_ui.py took 0.232 seconds
[2025-02-06T18:35:50.855+0000] {processor.py:186} INFO - Started process (PID=2275) to work on /home/airflow/.local/lib/python3.12/site-packages/airflow/example_dags/example_params_trigger_ui.py
[2025-02-06T18:35:50.857+0000] {processor.py:914} INFO - Processing file /home/airflow/.local/lib/python3.12/site-packages/airflow/example_dags/example_params_trigger_ui.py for tasks to queue
[2025-02-06T18:35:50.862+0000] {logging_mixin.py:190} INFO - [2025-02-06T18:35:50.861+0000] {dagbag.py:588} INFO - Filling up the DagBag from /home/airflow/.local/lib/python3.12/site-packages/airflow/example_dags/example_params_trigger_ui.py
[2025-02-06T18:35:50.888+0000] {processor.py:925} INFO - DAG(s) 'example_params_trigger_ui' retrieved from /home/airflow/.local/lib/python3.12/site-packages/airflow/example_dags/example_params_trigger_ui.py
[2025-02-06T18:35:51.016+0000] {logging_mixin.py:190} INFO - [2025-02-06T18:35:51.015+0000] {dag.py:3239} INFO - Sync 1 DAGs
[2025-02-06T18:35:51.051+0000] {logging_mixin.py:190} INFO - [2025-02-06T18:35:51.051+0000] {dag.py:4180} INFO - Setting next_dagrun for example_params_trigger_ui to None, run_after=None
[2025-02-06T18:35:51.115+0000] {processor.py:208} INFO - Processing /home/airflow/.local/lib/python3.12/site-packages/airflow/example_dags/example_params_trigger_ui.py took 0.271 seconds
[2025-02-06T18:36:22.407+0000] {processor.py:186} INFO - Started process (PID=2332) to work on /home/airflow/.local/lib/python3.12/site-packages/airflow/example_dags/example_params_trigger_ui.py
[2025-02-06T18:36:22.409+0000] {processor.py:914} INFO - Processing file /home/airflow/.local/lib/python3.12/site-packages/airflow/example_dags/example_params_trigger_ui.py for tasks to queue
[2025-02-06T18:36:22.414+0000] {logging_mixin.py:190} INFO - [2025-02-06T18:36:22.413+0000] {dagbag.py:588} INFO - Filling up the DagBag from /home/airflow/.local/lib/python3.12/site-packages/airflow/example_dags/example_params_trigger_ui.py
[2025-02-06T18:36:22.438+0000] {processor.py:925} INFO - DAG(s) 'example_params_trigger_ui' retrieved from /home/airflow/.local/lib/python3.12/site-packages/airflow/example_dags/example_params_trigger_ui.py
[2025-02-06T18:36:22.542+0000] {logging_mixin.py:190} INFO - [2025-02-06T18:36:22.541+0000] {dag.py:3239} INFO - Sync 1 DAGs
[2025-02-06T18:36:22.576+0000] {logging_mixin.py:190} INFO - [2025-02-06T18:36:22.576+0000] {dag.py:4180} INFO - Setting next_dagrun for example_params_trigger_ui to None, run_after=None
[2025-02-06T18:36:22.618+0000] {processor.py:208} INFO - Processing /home/airflow/.local/lib/python3.12/site-packages/airflow/example_dags/example_params_trigger_ui.py took 0.223 seconds
[2025-02-06T18:36:53.676+0000] {processor.py:186} INFO - Started process (PID=2389) to work on /home/airflow/.local/lib/python3.12/site-packages/airflow/example_dags/example_params_trigger_ui.py
[2025-02-06T18:36:53.677+0000] {processor.py:914} INFO - Processing file /home/airflow/.local/lib/python3.12/site-packages/airflow/example_dags/example_params_trigger_ui.py for tasks to queue
[2025-02-06T18:36:53.681+0000] {logging_mixin.py:190} INFO - [2025-02-06T18:36:53.680+0000] {dagbag.py:588} INFO - Filling up the DagBag from /home/airflow/.local/lib/python3.12/site-packages/airflow/example_dags/example_params_trigger_ui.py
[2025-02-06T18:36:53.701+0000] {processor.py:925} INFO - DAG(s) 'example_params_trigger_ui' retrieved from /home/airflow/.local/lib/python3.12/site-packages/airflow/example_dags/example_params_trigger_ui.py
[2025-02-06T18:36:53.813+0000] {logging_mixin.py:190} INFO - [2025-02-06T18:36:53.813+0000] {dag.py:3239} INFO - Sync 1 DAGs
[2025-02-06T18:36:53.847+0000] {logging_mixin.py:190} INFO - [2025-02-06T18:36:53.846+0000] {dag.py:4180} INFO - Setting next_dagrun for example_params_trigger_ui to None, run_after=None
[2025-02-06T18:36:53.875+0000] {processor.py:208} INFO - Processing /home/airflow/.local/lib/python3.12/site-packages/airflow/example_dags/example_params_trigger_ui.py took 0.210 seconds
[2025-02-06T18:37:25.476+0000] {processor.py:186} INFO - Started process (PID=2446) to work on /home/airflow/.local/lib/python3.12/site-packages/airflow/example_dags/example_params_trigger_ui.py
[2025-02-06T18:37:25.477+0000] {processor.py:914} INFO - Processing file /home/airflow/.local/lib/python3.12/site-packages/airflow/example_dags/example_params_trigger_ui.py for tasks to queue
[2025-02-06T18:37:25.481+0000] {logging_mixin.py:190} INFO - [2025-02-06T18:37:25.480+0000] {dagbag.py:588} INFO - Filling up the DagBag from /home/airflow/.local/lib/python3.12/site-packages/airflow/example_dags/example_params_trigger_ui.py
[2025-02-06T18:37:25.498+0000] {processor.py:925} INFO - DAG(s) 'example_params_trigger_ui' retrieved from /home/airflow/.local/lib/python3.12/site-packages/airflow/example_dags/example_params_trigger_ui.py
[2025-02-06T18:37:25.573+0000] {logging_mixin.py:190} INFO - [2025-02-06T18:37:25.573+0000] {dag.py:3239} INFO - Sync 1 DAGs
[2025-02-06T18:37:25.597+0000] {logging_mixin.py:190} INFO - [2025-02-06T18:37:25.597+0000] {dag.py:4180} INFO - Setting next_dagrun for example_params_trigger_ui to None, run_after=None
[2025-02-06T18:37:25.623+0000] {processor.py:208} INFO - Processing /home/airflow/.local/lib/python3.12/site-packages/airflow/example_dags/example_params_trigger_ui.py took 0.155 seconds
[2025-02-06T18:37:56.785+0000] {processor.py:186} INFO - Started process (PID=2503) to work on /home/airflow/.local/lib/python3.12/site-packages/airflow/example_dags/example_params_trigger_ui.py
[2025-02-06T18:37:56.787+0000] {processor.py:914} INFO - Processing file /home/airflow/.local/lib/python3.12/site-packages/airflow/example_dags/example_params_trigger_ui.py for tasks to queue
[2025-02-06T18:37:56.792+0000] {logging_mixin.py:190} INFO - [2025-02-06T18:37:56.792+0000] {dagbag.py:588} INFO - Filling up the DagBag from /home/airflow/.local/lib/python3.12/site-packages/airflow/example_dags/example_params_trigger_ui.py
[2025-02-06T18:37:56.813+0000] {processor.py:925} INFO - DAG(s) 'example_params_trigger_ui' retrieved from /home/airflow/.local/lib/python3.12/site-packages/airflow/example_dags/example_params_trigger_ui.py
[2025-02-06T18:37:56.941+0000] {logging_mixin.py:190} INFO - [2025-02-06T18:37:56.941+0000] {dag.py:3239} INFO - Sync 1 DAGs
[2025-02-06T18:37:56.975+0000] {logging_mixin.py:190} INFO - [2025-02-06T18:37:56.974+0000] {dag.py:4180} INFO - Setting next_dagrun for example_params_trigger_ui to None, run_after=None
[2025-02-06T18:37:57.025+0000] {processor.py:208} INFO - Processing /home/airflow/.local/lib/python3.12/site-packages/airflow/example_dags/example_params_trigger_ui.py took 0.252 seconds
[2025-02-06T18:38:28.842+0000] {processor.py:186} INFO - Started process (PID=2560) to work on /home/airflow/.local/lib/python3.12/site-packages/airflow/example_dags/example_params_trigger_ui.py
[2025-02-06T18:38:28.844+0000] {processor.py:914} INFO - Processing file /home/airflow/.local/lib/python3.12/site-packages/airflow/example_dags/example_params_trigger_ui.py for tasks to queue
[2025-02-06T18:38:28.848+0000] {logging_mixin.py:190} INFO - [2025-02-06T18:38:28.848+0000] {dagbag.py:588} INFO - Filling up the DagBag from /home/airflow/.local/lib/python3.12/site-packages/airflow/example_dags/example_params_trigger_ui.py
[2025-02-06T18:38:28.868+0000] {processor.py:925} INFO - DAG(s) 'example_params_trigger_ui' retrieved from /home/airflow/.local/lib/python3.12/site-packages/airflow/example_dags/example_params_trigger_ui.py
[2025-02-06T18:38:28.948+0000] {logging_mixin.py:190} INFO - [2025-02-06T18:38:28.948+0000] {dag.py:3239} INFO - Sync 1 DAGs
[2025-02-06T18:38:28.975+0000] {logging_mixin.py:190} INFO - [2025-02-06T18:38:28.975+0000] {dag.py:4180} INFO - Setting next_dagrun for example_params_trigger_ui to None, run_after=None
[2025-02-06T18:38:29.000+0000] {processor.py:208} INFO - Processing /home/airflow/.local/lib/python3.12/site-packages/airflow/example_dags/example_params_trigger_ui.py took 0.171 seconds
[2025-02-06T18:39:00.263+0000] {processor.py:186} INFO - Started process (PID=2617) to work on /home/airflow/.local/lib/python3.12/site-packages/airflow/example_dags/example_params_trigger_ui.py
[2025-02-06T18:39:00.265+0000] {processor.py:914} INFO - Processing file /home/airflow/.local/lib/python3.12/site-packages/airflow/example_dags/example_params_trigger_ui.py for tasks to queue
[2025-02-06T18:39:00.269+0000] {logging_mixin.py:190} INFO - [2025-02-06T18:39:00.268+0000] {dagbag.py:588} INFO - Filling up the DagBag from /home/airflow/.local/lib/python3.12/site-packages/airflow/example_dags/example_params_trigger_ui.py
[2025-02-06T18:39:00.288+0000] {processor.py:925} INFO - DAG(s) 'example_params_trigger_ui' retrieved from /home/airflow/.local/lib/python3.12/site-packages/airflow/example_dags/example_params_trigger_ui.py
[2025-02-06T18:39:00.383+0000] {logging_mixin.py:190} INFO - [2025-02-06T18:39:00.382+0000] {dag.py:3239} INFO - Sync 1 DAGs
[2025-02-06T18:39:00.412+0000] {logging_mixin.py:190} INFO - [2025-02-06T18:39:00.412+0000] {dag.py:4180} INFO - Setting next_dagrun for example_params_trigger_ui to None, run_after=None
[2025-02-06T18:39:00.452+0000] {processor.py:208} INFO - Processing /home/airflow/.local/lib/python3.12/site-packages/airflow/example_dags/example_params_trigger_ui.py took 0.200 seconds
[2025-02-06T18:39:30.885+0000] {processor.py:186} INFO - Started process (PID=2673) to work on /home/airflow/.local/lib/python3.12/site-packages/airflow/example_dags/example_params_trigger_ui.py
[2025-02-06T18:39:30.886+0000] {processor.py:914} INFO - Processing file /home/airflow/.local/lib/python3.12/site-packages/airflow/example_dags/example_params_trigger_ui.py for tasks to queue
[2025-02-06T18:39:30.890+0000] {logging_mixin.py:190} INFO - [2025-02-06T18:39:30.889+0000] {dagbag.py:588} INFO - Filling up the DagBag from /home/airflow/.local/lib/python3.12/site-packages/airflow/example_dags/example_params_trigger_ui.py
[2025-02-06T18:39:30.908+0000] {processor.py:925} INFO - DAG(s) 'example_params_trigger_ui' retrieved from /home/airflow/.local/lib/python3.12/site-packages/airflow/example_dags/example_params_trigger_ui.py
[2025-02-06T18:39:30.973+0000] {logging_mixin.py:190} INFO - [2025-02-06T18:39:30.973+0000] {dag.py:3239} INFO - Sync 1 DAGs
[2025-02-06T18:39:31.260+0000] {logging_mixin.py:190} INFO - [2025-02-06T18:39:31.259+0000] {dag.py:4180} INFO - Setting next_dagrun for example_params_trigger_ui to None, run_after=None
[2025-02-06T18:39:31.300+0000] {processor.py:208} INFO - Processing /home/airflow/.local/lib/python3.12/site-packages/airflow/example_dags/example_params_trigger_ui.py took 0.424 seconds
[2025-02-06T18:40:01.909+0000] {processor.py:186} INFO - Started process (PID=2730) to work on /home/airflow/.local/lib/python3.12/site-packages/airflow/example_dags/example_params_trigger_ui.py
[2025-02-06T18:40:01.911+0000] {processor.py:914} INFO - Processing file /home/airflow/.local/lib/python3.12/site-packages/airflow/example_dags/example_params_trigger_ui.py for tasks to queue
[2025-02-06T18:40:01.915+0000] {logging_mixin.py:190} INFO - [2025-02-06T18:40:01.915+0000] {dagbag.py:588} INFO - Filling up the DagBag from /home/airflow/.local/lib/python3.12/site-packages/airflow/example_dags/example_params_trigger_ui.py
[2025-02-06T18:40:01.948+0000] {processor.py:925} INFO - DAG(s) 'example_params_trigger_ui' retrieved from /home/airflow/.local/lib/python3.12/site-packages/airflow/example_dags/example_params_trigger_ui.py
[2025-02-06T18:40:02.043+0000] {logging_mixin.py:190} INFO - [2025-02-06T18:40:02.042+0000] {dag.py:3239} INFO - Sync 1 DAGs
[2025-02-06T18:40:02.069+0000] {logging_mixin.py:190} INFO - [2025-02-06T18:40:02.068+0000] {dag.py:4180} INFO - Setting next_dagrun for example_params_trigger_ui to None, run_after=None
[2025-02-06T18:40:02.102+0000] {processor.py:208} INFO - Processing /home/airflow/.local/lib/python3.12/site-packages/airflow/example_dags/example_params_trigger_ui.py took 0.208 seconds
[2025-02-06T18:40:32.612+0000] {processor.py:186} INFO - Started process (PID=2786) to work on /home/airflow/.local/lib/python3.12/site-packages/airflow/example_dags/example_params_trigger_ui.py
[2025-02-06T18:40:32.613+0000] {processor.py:914} INFO - Processing file /home/airflow/.local/lib/python3.12/site-packages/airflow/example_dags/example_params_trigger_ui.py for tasks to queue
[2025-02-06T18:40:32.616+0000] {logging_mixin.py:190} INFO - [2025-02-06T18:40:32.615+0000] {dagbag.py:588} INFO - Filling up the DagBag from /home/airflow/.local/lib/python3.12/site-packages/airflow/example_dags/example_params_trigger_ui.py
[2025-02-06T18:40:32.632+0000] {processor.py:925} INFO - DAG(s) 'example_params_trigger_ui' retrieved from /home/airflow/.local/lib/python3.12/site-packages/airflow/example_dags/example_params_trigger_ui.py
[2025-02-06T18:40:32.706+0000] {logging_mixin.py:190} INFO - [2025-02-06T18:40:32.705+0000] {dag.py:3239} INFO - Sync 1 DAGs
[2025-02-06T18:40:32.730+0000] {logging_mixin.py:190} INFO - [2025-02-06T18:40:32.729+0000] {dag.py:4180} INFO - Setting next_dagrun for example_params_trigger_ui to None, run_after=None
[2025-02-06T18:40:32.756+0000] {processor.py:208} INFO - Processing /home/airflow/.local/lib/python3.12/site-packages/airflow/example_dags/example_params_trigger_ui.py took 0.153 seconds
[2025-02-06T18:41:03.271+0000] {processor.py:186} INFO - Started process (PID=2843) to work on /home/airflow/.local/lib/python3.12/site-packages/airflow/example_dags/example_params_trigger_ui.py
[2025-02-06T18:41:03.273+0000] {processor.py:914} INFO - Processing file /home/airflow/.local/lib/python3.12/site-packages/airflow/example_dags/example_params_trigger_ui.py for tasks to queue
[2025-02-06T18:41:03.277+0000] {logging_mixin.py:190} INFO - [2025-02-06T18:41:03.276+0000] {dagbag.py:588} INFO - Filling up the DagBag from /home/airflow/.local/lib/python3.12/site-packages/airflow/example_dags/example_params_trigger_ui.py
[2025-02-06T18:41:03.295+0000] {processor.py:925} INFO - DAG(s) 'example_params_trigger_ui' retrieved from /home/airflow/.local/lib/python3.12/site-packages/airflow/example_dags/example_params_trigger_ui.py
[2025-02-06T18:41:03.370+0000] {logging_mixin.py:190} INFO - [2025-02-06T18:41:03.370+0000] {dag.py:3239} INFO - Sync 1 DAGs
[2025-02-06T18:41:03.394+0000] {logging_mixin.py:190} INFO - [2025-02-06T18:41:03.393+0000] {dag.py:4180} INFO - Setting next_dagrun for example_params_trigger_ui to None, run_after=None
[2025-02-06T18:41:03.425+0000] {processor.py:208} INFO - Processing /home/airflow/.local/lib/python3.12/site-packages/airflow/example_dags/example_params_trigger_ui.py took 0.164 seconds
[2025-02-06T18:41:33.652+0000] {processor.py:186} INFO - Started process (PID=2900) to work on /home/airflow/.local/lib/python3.12/site-packages/airflow/example_dags/example_params_trigger_ui.py
[2025-02-06T18:41:33.653+0000] {processor.py:914} INFO - Processing file /home/airflow/.local/lib/python3.12/site-packages/airflow/example_dags/example_params_trigger_ui.py for tasks to queue
[2025-02-06T18:41:33.657+0000] {logging_mixin.py:190} INFO - [2025-02-06T18:41:33.657+0000] {dagbag.py:588} INFO - Filling up the DagBag from /home/airflow/.local/lib/python3.12/site-packages/airflow/example_dags/example_params_trigger_ui.py
[2025-02-06T18:41:33.675+0000] {processor.py:925} INFO - DAG(s) 'example_params_trigger_ui' retrieved from /home/airflow/.local/lib/python3.12/site-packages/airflow/example_dags/example_params_trigger_ui.py
[2025-02-06T18:41:33.740+0000] {logging_mixin.py:190} INFO - [2025-02-06T18:41:33.739+0000] {dag.py:3239} INFO - Sync 1 DAGs
[2025-02-06T18:41:33.765+0000] {logging_mixin.py:190} INFO - [2025-02-06T18:41:33.765+0000] {dag.py:4180} INFO - Setting next_dagrun for example_params_trigger_ui to None, run_after=None
[2025-02-06T18:41:33.795+0000] {processor.py:208} INFO - Processing /home/airflow/.local/lib/python3.12/site-packages/airflow/example_dags/example_params_trigger_ui.py took 0.153 seconds
[2025-02-06T18:42:04.562+0000] {processor.py:186} INFO - Started process (PID=2957) to work on /home/airflow/.local/lib/python3.12/site-packages/airflow/example_dags/example_params_trigger_ui.py
[2025-02-06T18:42:04.563+0000] {processor.py:914} INFO - Processing file /home/airflow/.local/lib/python3.12/site-packages/airflow/example_dags/example_params_trigger_ui.py for tasks to queue
[2025-02-06T18:42:04.566+0000] {logging_mixin.py:190} INFO - [2025-02-06T18:42:04.566+0000] {dagbag.py:588} INFO - Filling up the DagBag from /home/airflow/.local/lib/python3.12/site-packages/airflow/example_dags/example_params_trigger_ui.py
[2025-02-06T18:42:04.580+0000] {processor.py:925} INFO - DAG(s) 'example_params_trigger_ui' retrieved from /home/airflow/.local/lib/python3.12/site-packages/airflow/example_dags/example_params_trigger_ui.py
[2025-02-06T18:42:04.640+0000] {logging_mixin.py:190} INFO - [2025-02-06T18:42:04.640+0000] {dag.py:3239} INFO - Sync 1 DAGs
[2025-02-06T18:42:04.662+0000] {logging_mixin.py:190} INFO - [2025-02-06T18:42:04.661+0000] {dag.py:4180} INFO - Setting next_dagrun for example_params_trigger_ui to None, run_after=None
[2025-02-06T18:42:04.700+0000] {processor.py:208} INFO - Processing /home/airflow/.local/lib/python3.12/site-packages/airflow/example_dags/example_params_trigger_ui.py took 0.148 seconds
[2025-02-06T18:42:34.763+0000] {processor.py:186} INFO - Started process (PID=3014) to work on /home/airflow/.local/lib/python3.12/site-packages/airflow/example_dags/example_params_trigger_ui.py
[2025-02-06T18:42:34.764+0000] {processor.py:914} INFO - Processing file /home/airflow/.local/lib/python3.12/site-packages/airflow/example_dags/example_params_trigger_ui.py for tasks to queue
[2025-02-06T18:42:34.768+0000] {logging_mixin.py:190} INFO - [2025-02-06T18:42:34.767+0000] {dagbag.py:588} INFO - Filling up the DagBag from /home/airflow/.local/lib/python3.12/site-packages/airflow/example_dags/example_params_trigger_ui.py
[2025-02-06T18:42:34.782+0000] {processor.py:925} INFO - DAG(s) 'example_params_trigger_ui' retrieved from /home/airflow/.local/lib/python3.12/site-packages/airflow/example_dags/example_params_trigger_ui.py
[2025-02-06T18:42:34.879+0000] {logging_mixin.py:190} INFO - [2025-02-06T18:42:34.879+0000] {dag.py:3239} INFO - Sync 1 DAGs
[2025-02-06T18:42:34.906+0000] {logging_mixin.py:190} INFO - [2025-02-06T18:42:34.905+0000] {dag.py:4180} INFO - Setting next_dagrun for example_params_trigger_ui to None, run_after=None
[2025-02-06T18:42:34.946+0000] {processor.py:208} INFO - Processing /home/airflow/.local/lib/python3.12/site-packages/airflow/example_dags/example_params_trigger_ui.py took 0.191 seconds
[2025-02-06T18:43:05.139+0000] {processor.py:186} INFO - Started process (PID=3071) to work on /home/airflow/.local/lib/python3.12/site-packages/airflow/example_dags/example_params_trigger_ui.py
[2025-02-06T18:43:05.140+0000] {processor.py:914} INFO - Processing file /home/airflow/.local/lib/python3.12/site-packages/airflow/example_dags/example_params_trigger_ui.py for tasks to queue
[2025-02-06T18:43:05.143+0000] {logging_mixin.py:190} INFO - [2025-02-06T18:43:05.142+0000] {dagbag.py:588} INFO - Filling up the DagBag from /home/airflow/.local/lib/python3.12/site-packages/airflow/example_dags/example_params_trigger_ui.py
[2025-02-06T18:43:05.158+0000] {processor.py:925} INFO - DAG(s) 'example_params_trigger_ui' retrieved from /home/airflow/.local/lib/python3.12/site-packages/airflow/example_dags/example_params_trigger_ui.py
[2025-02-06T18:43:05.221+0000] {logging_mixin.py:190} INFO - [2025-02-06T18:43:05.220+0000] {dag.py:3239} INFO - Sync 1 DAGs
[2025-02-06T18:43:05.245+0000] {logging_mixin.py:190} INFO - [2025-02-06T18:43:05.244+0000] {dag.py:4180} INFO - Setting next_dagrun for example_params_trigger_ui to None, run_after=None
[2025-02-06T18:43:05.283+0000] {processor.py:208} INFO - Processing /home/airflow/.local/lib/python3.12/site-packages/airflow/example_dags/example_params_trigger_ui.py took 0.152 seconds
[2025-02-06T18:43:35.856+0000] {processor.py:186} INFO - Started process (PID=3128) to work on /home/airflow/.local/lib/python3.12/site-packages/airflow/example_dags/example_params_trigger_ui.py
[2025-02-06T18:43:35.862+0000] {processor.py:914} INFO - Processing file /home/airflow/.local/lib/python3.12/site-packages/airflow/example_dags/example_params_trigger_ui.py for tasks to queue
[2025-02-06T18:43:35.879+0000] {logging_mixin.py:190} INFO - [2025-02-06T18:43:35.878+0000] {dagbag.py:588} INFO - Filling up the DagBag from /home/airflow/.local/lib/python3.12/site-packages/airflow/example_dags/example_params_trigger_ui.py
[2025-02-06T18:43:35.951+0000] {processor.py:925} INFO - DAG(s) 'example_params_trigger_ui' retrieved from /home/airflow/.local/lib/python3.12/site-packages/airflow/example_dags/example_params_trigger_ui.py
[2025-02-06T18:43:36.145+0000] {logging_mixin.py:190} INFO - [2025-02-06T18:43:36.144+0000] {dag.py:3239} INFO - Sync 1 DAGs
[2025-02-06T18:43:36.189+0000] {logging_mixin.py:190} INFO - [2025-02-06T18:43:36.188+0000] {dag.py:4180} INFO - Setting next_dagrun for example_params_trigger_ui to None, run_after=None
[2025-02-06T18:43:36.302+0000] {processor.py:208} INFO - Processing /home/airflow/.local/lib/python3.12/site-packages/airflow/example_dags/example_params_trigger_ui.py took 0.477 seconds
[2025-02-06T18:44:06.656+0000] {processor.py:186} INFO - Started process (PID=3185) to work on /home/airflow/.local/lib/python3.12/site-packages/airflow/example_dags/example_params_trigger_ui.py
[2025-02-06T18:44:06.657+0000] {processor.py:914} INFO - Processing file /home/airflow/.local/lib/python3.12/site-packages/airflow/example_dags/example_params_trigger_ui.py for tasks to queue
[2025-02-06T18:44:06.661+0000] {logging_mixin.py:190} INFO - [2025-02-06T18:44:06.660+0000] {dagbag.py:588} INFO - Filling up the DagBag from /home/airflow/.local/lib/python3.12/site-packages/airflow/example_dags/example_params_trigger_ui.py
[2025-02-06T18:44:06.677+0000] {processor.py:925} INFO - DAG(s) 'example_params_trigger_ui' retrieved from /home/airflow/.local/lib/python3.12/site-packages/airflow/example_dags/example_params_trigger_ui.py
[2025-02-06T18:44:06.745+0000] {logging_mixin.py:190} INFO - [2025-02-06T18:44:06.744+0000] {dag.py:3239} INFO - Sync 1 DAGs
[2025-02-06T18:44:06.767+0000] {logging_mixin.py:190} INFO - [2025-02-06T18:44:06.767+0000] {dag.py:4180} INFO - Setting next_dagrun for example_params_trigger_ui to None, run_after=None
[2025-02-06T18:44:06.793+0000] {processor.py:208} INFO - Processing /home/airflow/.local/lib/python3.12/site-packages/airflow/example_dags/example_params_trigger_ui.py took 0.145 seconds
[2025-02-06T18:44:36.879+0000] {processor.py:186} INFO - Started process (PID=3241) to work on /home/airflow/.local/lib/python3.12/site-packages/airflow/example_dags/example_params_trigger_ui.py
[2025-02-06T18:44:36.881+0000] {processor.py:914} INFO - Processing file /home/airflow/.local/lib/python3.12/site-packages/airflow/example_dags/example_params_trigger_ui.py for tasks to queue
[2025-02-06T18:44:36.888+0000] {logging_mixin.py:190} INFO - [2025-02-06T18:44:36.887+0000] {dagbag.py:588} INFO - Filling up the DagBag from /home/airflow/.local/lib/python3.12/site-packages/airflow/example_dags/example_params_trigger_ui.py
[2025-02-06T18:44:36.915+0000] {processor.py:925} INFO - DAG(s) 'example_params_trigger_ui' retrieved from /home/airflow/.local/lib/python3.12/site-packages/airflow/example_dags/example_params_trigger_ui.py
[2025-02-06T18:44:37.067+0000] {logging_mixin.py:190} INFO - [2025-02-06T18:44:37.066+0000] {dag.py:3239} INFO - Sync 1 DAGs
[2025-02-06T18:44:37.118+0000] {logging_mixin.py:190} INFO - [2025-02-06T18:44:37.117+0000] {dag.py:4180} INFO - Setting next_dagrun for example_params_trigger_ui to None, run_after=None
[2025-02-06T18:44:37.163+0000] {processor.py:208} INFO - Processing /home/airflow/.local/lib/python3.12/site-packages/airflow/example_dags/example_params_trigger_ui.py took 0.301 seconds
[2025-02-06T18:45:07.382+0000] {processor.py:186} INFO - Started process (PID=3298) to work on /home/airflow/.local/lib/python3.12/site-packages/airflow/example_dags/example_params_trigger_ui.py
[2025-02-06T18:45:07.384+0000] {processor.py:914} INFO - Processing file /home/airflow/.local/lib/python3.12/site-packages/airflow/example_dags/example_params_trigger_ui.py for tasks to queue
[2025-02-06T18:45:07.388+0000] {logging_mixin.py:190} INFO - [2025-02-06T18:45:07.388+0000] {dagbag.py:588} INFO - Filling up the DagBag from /home/airflow/.local/lib/python3.12/site-packages/airflow/example_dags/example_params_trigger_ui.py
[2025-02-06T18:45:07.408+0000] {processor.py:925} INFO - DAG(s) 'example_params_trigger_ui' retrieved from /home/airflow/.local/lib/python3.12/site-packages/airflow/example_dags/example_params_trigger_ui.py
[2025-02-06T18:45:07.483+0000] {logging_mixin.py:190} INFO - [2025-02-06T18:45:07.482+0000] {dag.py:3239} INFO - Sync 1 DAGs
[2025-02-06T18:45:07.507+0000] {logging_mixin.py:190} INFO - [2025-02-06T18:45:07.507+0000] {dag.py:4180} INFO - Setting next_dagrun for example_params_trigger_ui to None, run_after=None
[2025-02-06T18:45:07.555+0000] {processor.py:208} INFO - Processing /home/airflow/.local/lib/python3.12/site-packages/airflow/example_dags/example_params_trigger_ui.py took 0.187 seconds
[2025-02-06T18:45:37.797+0000] {processor.py:186} INFO - Started process (PID=3355) to work on /home/airflow/.local/lib/python3.12/site-packages/airflow/example_dags/example_params_trigger_ui.py
[2025-02-06T18:45:37.799+0000] {processor.py:914} INFO - Processing file /home/airflow/.local/lib/python3.12/site-packages/airflow/example_dags/example_params_trigger_ui.py for tasks to queue
[2025-02-06T18:45:37.813+0000] {logging_mixin.py:190} INFO - [2025-02-06T18:45:37.812+0000] {dagbag.py:588} INFO - Filling up the DagBag from /home/airflow/.local/lib/python3.12/site-packages/airflow/example_dags/example_params_trigger_ui.py
[2025-02-06T18:45:37.855+0000] {processor.py:925} INFO - DAG(s) 'example_params_trigger_ui' retrieved from /home/airflow/.local/lib/python3.12/site-packages/airflow/example_dags/example_params_trigger_ui.py
[2025-02-06T18:45:38.026+0000] {logging_mixin.py:190} INFO - [2025-02-06T18:45:38.025+0000] {dag.py:3239} INFO - Sync 1 DAGs
[2025-02-06T18:45:38.070+0000] {logging_mixin.py:190} INFO - [2025-02-06T18:45:38.069+0000] {dag.py:4180} INFO - Setting next_dagrun for example_params_trigger_ui to None, run_after=None
[2025-02-06T18:45:38.154+0000] {processor.py:208} INFO - Processing /home/airflow/.local/lib/python3.12/site-packages/airflow/example_dags/example_params_trigger_ui.py took 0.379 seconds
[2025-02-06T18:46:08.604+0000] {processor.py:186} INFO - Started process (PID=3412) to work on /home/airflow/.local/lib/python3.12/site-packages/airflow/example_dags/example_params_trigger_ui.py
[2025-02-06T18:46:08.606+0000] {processor.py:914} INFO - Processing file /home/airflow/.local/lib/python3.12/site-packages/airflow/example_dags/example_params_trigger_ui.py for tasks to queue
[2025-02-06T18:46:08.613+0000] {logging_mixin.py:190} INFO - [2025-02-06T18:46:08.612+0000] {dagbag.py:588} INFO - Filling up the DagBag from /home/airflow/.local/lib/python3.12/site-packages/airflow/example_dags/example_params_trigger_ui.py
[2025-02-06T18:46:08.652+0000] {processor.py:925} INFO - DAG(s) 'example_params_trigger_ui' retrieved from /home/airflow/.local/lib/python3.12/site-packages/airflow/example_dags/example_params_trigger_ui.py
[2025-02-06T18:46:08.779+0000] {logging_mixin.py:190} INFO - [2025-02-06T18:46:08.779+0000] {dag.py:3239} INFO - Sync 1 DAGs
[2025-02-06T18:46:08.823+0000] {logging_mixin.py:190} INFO - [2025-02-06T18:46:08.822+0000] {dag.py:4180} INFO - Setting next_dagrun for example_params_trigger_ui to None, run_after=None
[2025-02-06T18:46:08.856+0000] {processor.py:208} INFO - Processing /home/airflow/.local/lib/python3.12/site-packages/airflow/example_dags/example_params_trigger_ui.py took 0.268 seconds
[2025-02-06T18:46:39.555+0000] {processor.py:186} INFO - Started process (PID=3471) to work on /home/airflow/.local/lib/python3.12/site-packages/airflow/example_dags/example_params_trigger_ui.py
[2025-02-06T18:46:39.556+0000] {processor.py:914} INFO - Processing file /home/airflow/.local/lib/python3.12/site-packages/airflow/example_dags/example_params_trigger_ui.py for tasks to queue
[2025-02-06T18:46:39.560+0000] {logging_mixin.py:190} INFO - [2025-02-06T18:46:39.559+0000] {dagbag.py:588} INFO - Filling up the DagBag from /home/airflow/.local/lib/python3.12/site-packages/airflow/example_dags/example_params_trigger_ui.py
[2025-02-06T18:46:39.580+0000] {processor.py:925} INFO - DAG(s) 'example_params_trigger_ui' retrieved from /home/airflow/.local/lib/python3.12/site-packages/airflow/example_dags/example_params_trigger_ui.py
[2025-02-06T18:46:39.662+0000] {logging_mixin.py:190} INFO - [2025-02-06T18:46:39.661+0000] {dag.py:3239} INFO - Sync 1 DAGs
[2025-02-06T18:46:39.693+0000] {logging_mixin.py:190} INFO - [2025-02-06T18:46:39.693+0000] {dag.py:4180} INFO - Setting next_dagrun for example_params_trigger_ui to None, run_after=None
[2025-02-06T18:46:39.741+0000] {processor.py:208} INFO - Processing /home/airflow/.local/lib/python3.12/site-packages/airflow/example_dags/example_params_trigger_ui.py took 0.196 seconds
[2025-02-06T18:47:09.990+0000] {processor.py:186} INFO - Started process (PID=3528) to work on /home/airflow/.local/lib/python3.12/site-packages/airflow/example_dags/example_params_trigger_ui.py
[2025-02-06T18:47:09.992+0000] {processor.py:914} INFO - Processing file /home/airflow/.local/lib/python3.12/site-packages/airflow/example_dags/example_params_trigger_ui.py for tasks to queue
[2025-02-06T18:47:09.995+0000] {logging_mixin.py:190} INFO - [2025-02-06T18:47:09.994+0000] {dagbag.py:588} INFO - Filling up the DagBag from /home/airflow/.local/lib/python3.12/site-packages/airflow/example_dags/example_params_trigger_ui.py
[2025-02-06T18:47:10.009+0000] {processor.py:925} INFO - DAG(s) 'example_params_trigger_ui' retrieved from /home/airflow/.local/lib/python3.12/site-packages/airflow/example_dags/example_params_trigger_ui.py
[2025-02-06T18:47:10.075+0000] {logging_mixin.py:190} INFO - [2025-02-06T18:47:10.075+0000] {dag.py:3239} INFO - Sync 1 DAGs
[2025-02-06T18:47:10.097+0000] {logging_mixin.py:190} INFO - [2025-02-06T18:47:10.096+0000] {dag.py:4180} INFO - Setting next_dagrun for example_params_trigger_ui to None, run_after=None
[2025-02-06T18:47:10.127+0000] {processor.py:208} INFO - Processing /home/airflow/.local/lib/python3.12/site-packages/airflow/example_dags/example_params_trigger_ui.py took 0.145 seconds
[2025-02-06T18:47:40.627+0000] {processor.py:186} INFO - Started process (PID=3585) to work on /home/airflow/.local/lib/python3.12/site-packages/airflow/example_dags/example_params_trigger_ui.py
[2025-02-06T18:47:40.629+0000] {processor.py:914} INFO - Processing file /home/airflow/.local/lib/python3.12/site-packages/airflow/example_dags/example_params_trigger_ui.py for tasks to queue
[2025-02-06T18:47:40.634+0000] {logging_mixin.py:190} INFO - [2025-02-06T18:47:40.633+0000] {dagbag.py:588} INFO - Filling up the DagBag from /home/airflow/.local/lib/python3.12/site-packages/airflow/example_dags/example_params_trigger_ui.py
[2025-02-06T18:47:40.658+0000] {processor.py:925} INFO - DAG(s) 'example_params_trigger_ui' retrieved from /home/airflow/.local/lib/python3.12/site-packages/airflow/example_dags/example_params_trigger_ui.py
[2025-02-06T18:47:40.742+0000] {logging_mixin.py:190} INFO - [2025-02-06T18:47:40.742+0000] {dag.py:3239} INFO - Sync 1 DAGs
[2025-02-06T18:47:40.761+0000] {logging_mixin.py:190} INFO - [2025-02-06T18:47:40.761+0000] {dag.py:4180} INFO - Setting next_dagrun for example_params_trigger_ui to None, run_after=None
[2025-02-06T18:47:40.787+0000] {processor.py:208} INFO - Processing /home/airflow/.local/lib/python3.12/site-packages/airflow/example_dags/example_params_trigger_ui.py took 0.176 seconds
[2025-02-06T18:48:11.542+0000] {processor.py:186} INFO - Started process (PID=3642) to work on /home/airflow/.local/lib/python3.12/site-packages/airflow/example_dags/example_params_trigger_ui.py
[2025-02-06T18:48:11.544+0000] {processor.py:914} INFO - Processing file /home/airflow/.local/lib/python3.12/site-packages/airflow/example_dags/example_params_trigger_ui.py for tasks to queue
[2025-02-06T18:48:11.548+0000] {logging_mixin.py:190} INFO - [2025-02-06T18:48:11.548+0000] {dagbag.py:588} INFO - Filling up the DagBag from /home/airflow/.local/lib/python3.12/site-packages/airflow/example_dags/example_params_trigger_ui.py
[2025-02-06T18:48:11.568+0000] {processor.py:925} INFO - DAG(s) 'example_params_trigger_ui' retrieved from /home/airflow/.local/lib/python3.12/site-packages/airflow/example_dags/example_params_trigger_ui.py
[2025-02-06T18:48:11.647+0000] {logging_mixin.py:190} INFO - [2025-02-06T18:48:11.646+0000] {dag.py:3239} INFO - Sync 1 DAGs
[2025-02-06T18:48:11.671+0000] {logging_mixin.py:190} INFO - [2025-02-06T18:48:11.671+0000] {dag.py:4180} INFO - Setting next_dagrun for example_params_trigger_ui to None, run_after=None
[2025-02-06T18:48:11.704+0000] {processor.py:208} INFO - Processing /home/airflow/.local/lib/python3.12/site-packages/airflow/example_dags/example_params_trigger_ui.py took 0.171 seconds
[2025-02-06T18:48:41.809+0000] {processor.py:186} INFO - Started process (PID=3699) to work on /home/airflow/.local/lib/python3.12/site-packages/airflow/example_dags/example_params_trigger_ui.py
[2025-02-06T18:48:41.811+0000] {processor.py:914} INFO - Processing file /home/airflow/.local/lib/python3.12/site-packages/airflow/example_dags/example_params_trigger_ui.py for tasks to queue
[2025-02-06T18:48:41.814+0000] {logging_mixin.py:190} INFO - [2025-02-06T18:48:41.813+0000] {dagbag.py:588} INFO - Filling up the DagBag from /home/airflow/.local/lib/python3.12/site-packages/airflow/example_dags/example_params_trigger_ui.py
[2025-02-06T18:48:41.828+0000] {processor.py:925} INFO - DAG(s) 'example_params_trigger_ui' retrieved from /home/airflow/.local/lib/python3.12/site-packages/airflow/example_dags/example_params_trigger_ui.py
[2025-02-06T18:48:41.904+0000] {logging_mixin.py:190} INFO - [2025-02-06T18:48:41.904+0000] {dag.py:3239} INFO - Sync 1 DAGs
[2025-02-06T18:48:41.931+0000] {logging_mixin.py:190} INFO - [2025-02-06T18:48:41.930+0000] {dag.py:4180} INFO - Setting next_dagrun for example_params_trigger_ui to None, run_after=None
[2025-02-06T18:48:41.973+0000] {processor.py:208} INFO - Processing /home/airflow/.local/lib/python3.12/site-packages/airflow/example_dags/example_params_trigger_ui.py took 0.173 seconds
[2025-02-06T18:49:12.592+0000] {processor.py:186} INFO - Started process (PID=3756) to work on /home/airflow/.local/lib/python3.12/site-packages/airflow/example_dags/example_params_trigger_ui.py
[2025-02-06T18:49:12.594+0000] {processor.py:914} INFO - Processing file /home/airflow/.local/lib/python3.12/site-packages/airflow/example_dags/example_params_trigger_ui.py for tasks to queue
[2025-02-06T18:49:12.598+0000] {logging_mixin.py:190} INFO - [2025-02-06T18:49:12.598+0000] {dagbag.py:588} INFO - Filling up the DagBag from /home/airflow/.local/lib/python3.12/site-packages/airflow/example_dags/example_params_trigger_ui.py
[2025-02-06T18:49:12.622+0000] {processor.py:925} INFO - DAG(s) 'example_params_trigger_ui' retrieved from /home/airflow/.local/lib/python3.12/site-packages/airflow/example_dags/example_params_trigger_ui.py
[2025-02-06T18:49:12.752+0000] {logging_mixin.py:190} INFO - [2025-02-06T18:49:12.752+0000] {dag.py:3239} INFO - Sync 1 DAGs
[2025-02-06T18:49:12.791+0000] {logging_mixin.py:190} INFO - [2025-02-06T18:49:12.791+0000] {dag.py:4180} INFO - Setting next_dagrun for example_params_trigger_ui to None, run_after=None
[2025-02-06T18:49:12.837+0000] {processor.py:208} INFO - Processing /home/airflow/.local/lib/python3.12/site-packages/airflow/example_dags/example_params_trigger_ui.py took 0.255 seconds
[2025-02-06T18:49:43.293+0000] {processor.py:186} INFO - Started process (PID=3811) to work on /home/airflow/.local/lib/python3.12/site-packages/airflow/example_dags/example_params_trigger_ui.py
[2025-02-06T18:49:43.295+0000] {processor.py:914} INFO - Processing file /home/airflow/.local/lib/python3.12/site-packages/airflow/example_dags/example_params_trigger_ui.py for tasks to queue
[2025-02-06T18:49:43.298+0000] {logging_mixin.py:190} INFO - [2025-02-06T18:49:43.298+0000] {dagbag.py:588} INFO - Filling up the DagBag from /home/airflow/.local/lib/python3.12/site-packages/airflow/example_dags/example_params_trigger_ui.py
[2025-02-06T18:49:43.315+0000] {processor.py:925} INFO - DAG(s) 'example_params_trigger_ui' retrieved from /home/airflow/.local/lib/python3.12/site-packages/airflow/example_dags/example_params_trigger_ui.py
[2025-02-06T18:49:43.385+0000] {logging_mixin.py:190} INFO - [2025-02-06T18:49:43.385+0000] {dag.py:3239} INFO - Sync 1 DAGs
[2025-02-06T18:49:43.411+0000] {logging_mixin.py:190} INFO - [2025-02-06T18:49:43.410+0000] {dag.py:4180} INFO - Setting next_dagrun for example_params_trigger_ui to None, run_after=None
[2025-02-06T18:49:43.441+0000] {processor.py:208} INFO - Processing /home/airflow/.local/lib/python3.12/site-packages/airflow/example_dags/example_params_trigger_ui.py took 0.156 seconds
[2025-02-06T18:50:13.564+0000] {processor.py:186} INFO - Started process (PID=3868) to work on /home/airflow/.local/lib/python3.12/site-packages/airflow/example_dags/example_params_trigger_ui.py
[2025-02-06T18:50:13.566+0000] {processor.py:914} INFO - Processing file /home/airflow/.local/lib/python3.12/site-packages/airflow/example_dags/example_params_trigger_ui.py for tasks to queue
[2025-02-06T18:50:13.570+0000] {logging_mixin.py:190} INFO - [2025-02-06T18:50:13.569+0000] {dagbag.py:588} INFO - Filling up the DagBag from /home/airflow/.local/lib/python3.12/site-packages/airflow/example_dags/example_params_trigger_ui.py
[2025-02-06T18:50:13.593+0000] {processor.py:925} INFO - DAG(s) 'example_params_trigger_ui' retrieved from /home/airflow/.local/lib/python3.12/site-packages/airflow/example_dags/example_params_trigger_ui.py
[2025-02-06T18:50:13.661+0000] {logging_mixin.py:190} INFO - [2025-02-06T18:50:13.661+0000] {dag.py:3239} INFO - Sync 1 DAGs
[2025-02-06T18:50:13.684+0000] {logging_mixin.py:190} INFO - [2025-02-06T18:50:13.683+0000] {dag.py:4180} INFO - Setting next_dagrun for example_params_trigger_ui to None, run_after=None
[2025-02-06T18:50:13.710+0000] {processor.py:208} INFO - Processing /home/airflow/.local/lib/python3.12/site-packages/airflow/example_dags/example_params_trigger_ui.py took 0.154 seconds
[2025-02-06T18:50:44.386+0000] {processor.py:186} INFO - Started process (PID=3925) to work on /home/airflow/.local/lib/python3.12/site-packages/airflow/example_dags/example_params_trigger_ui.py
[2025-02-06T18:50:44.388+0000] {processor.py:914} INFO - Processing file /home/airflow/.local/lib/python3.12/site-packages/airflow/example_dags/example_params_trigger_ui.py for tasks to queue
[2025-02-06T18:50:44.392+0000] {logging_mixin.py:190} INFO - [2025-02-06T18:50:44.391+0000] {dagbag.py:588} INFO - Filling up the DagBag from /home/airflow/.local/lib/python3.12/site-packages/airflow/example_dags/example_params_trigger_ui.py
[2025-02-06T18:50:44.411+0000] {processor.py:925} INFO - DAG(s) 'example_params_trigger_ui' retrieved from /home/airflow/.local/lib/python3.12/site-packages/airflow/example_dags/example_params_trigger_ui.py
[2025-02-06T18:50:44.483+0000] {logging_mixin.py:190} INFO - [2025-02-06T18:50:44.483+0000] {dag.py:3239} INFO - Sync 1 DAGs
[2025-02-06T18:50:44.516+0000] {logging_mixin.py:190} INFO - [2025-02-06T18:50:44.516+0000] {dag.py:4180} INFO - Setting next_dagrun for example_params_trigger_ui to None, run_after=None
[2025-02-06T18:50:44.564+0000] {processor.py:208} INFO - Processing /home/airflow/.local/lib/python3.12/site-packages/airflow/example_dags/example_params_trigger_ui.py took 0.192 seconds
[2025-02-06T18:51:14.652+0000] {processor.py:186} INFO - Started process (PID=3982) to work on /home/airflow/.local/lib/python3.12/site-packages/airflow/example_dags/example_params_trigger_ui.py
[2025-02-06T18:51:14.654+0000] {processor.py:914} INFO - Processing file /home/airflow/.local/lib/python3.12/site-packages/airflow/example_dags/example_params_trigger_ui.py for tasks to queue
[2025-02-06T18:51:14.657+0000] {logging_mixin.py:190} INFO - [2025-02-06T18:51:14.657+0000] {dagbag.py:588} INFO - Filling up the DagBag from /home/airflow/.local/lib/python3.12/site-packages/airflow/example_dags/example_params_trigger_ui.py
[2025-02-06T18:51:14.676+0000] {processor.py:925} INFO - DAG(s) 'example_params_trigger_ui' retrieved from /home/airflow/.local/lib/python3.12/site-packages/airflow/example_dags/example_params_trigger_ui.py
[2025-02-06T18:51:14.748+0000] {logging_mixin.py:190} INFO - [2025-02-06T18:51:14.748+0000] {dag.py:3239} INFO - Sync 1 DAGs
[2025-02-06T18:51:14.768+0000] {logging_mixin.py:190} INFO - [2025-02-06T18:51:14.767+0000] {dag.py:4180} INFO - Setting next_dagrun for example_params_trigger_ui to None, run_after=None
[2025-02-06T18:51:14.798+0000] {processor.py:208} INFO - Processing /home/airflow/.local/lib/python3.12/site-packages/airflow/example_dags/example_params_trigger_ui.py took 0.155 seconds
[2025-02-06T18:51:45.325+0000] {processor.py:186} INFO - Started process (PID=4039) to work on /home/airflow/.local/lib/python3.12/site-packages/airflow/example_dags/example_params_trigger_ui.py
[2025-02-06T18:51:45.326+0000] {processor.py:914} INFO - Processing file /home/airflow/.local/lib/python3.12/site-packages/airflow/example_dags/example_params_trigger_ui.py for tasks to queue
[2025-02-06T18:51:45.329+0000] {logging_mixin.py:190} INFO - [2025-02-06T18:51:45.328+0000] {dagbag.py:588} INFO - Filling up the DagBag from /home/airflow/.local/lib/python3.12/site-packages/airflow/example_dags/example_params_trigger_ui.py
[2025-02-06T18:51:45.346+0000] {processor.py:925} INFO - DAG(s) 'example_params_trigger_ui' retrieved from /home/airflow/.local/lib/python3.12/site-packages/airflow/example_dags/example_params_trigger_ui.py
[2025-02-06T18:51:45.418+0000] {logging_mixin.py:190} INFO - [2025-02-06T18:51:45.418+0000] {dag.py:3239} INFO - Sync 1 DAGs
[2025-02-06T18:51:45.442+0000] {logging_mixin.py:190} INFO - [2025-02-06T18:51:45.442+0000] {dag.py:4180} INFO - Setting next_dagrun for example_params_trigger_ui to None, run_after=None
[2025-02-06T18:51:45.476+0000] {processor.py:208} INFO - Processing /home/airflow/.local/lib/python3.12/site-packages/airflow/example_dags/example_params_trigger_ui.py took 0.159 seconds
[2025-02-06T18:52:16.347+0000] {processor.py:186} INFO - Started process (PID=4096) to work on /home/airflow/.local/lib/python3.12/site-packages/airflow/example_dags/example_params_trigger_ui.py
[2025-02-06T18:52:16.349+0000] {processor.py:914} INFO - Processing file /home/airflow/.local/lib/python3.12/site-packages/airflow/example_dags/example_params_trigger_ui.py for tasks to queue
[2025-02-06T18:52:16.356+0000] {logging_mixin.py:190} INFO - [2025-02-06T18:52:16.355+0000] {dagbag.py:588} INFO - Filling up the DagBag from /home/airflow/.local/lib/python3.12/site-packages/airflow/example_dags/example_params_trigger_ui.py
[2025-02-06T18:52:16.382+0000] {processor.py:925} INFO - DAG(s) 'example_params_trigger_ui' retrieved from /home/airflow/.local/lib/python3.12/site-packages/airflow/example_dags/example_params_trigger_ui.py
[2025-02-06T18:52:16.460+0000] {logging_mixin.py:190} INFO - [2025-02-06T18:52:16.459+0000] {dag.py:3239} INFO - Sync 1 DAGs
[2025-02-06T18:52:16.484+0000] {logging_mixin.py:190} INFO - [2025-02-06T18:52:16.484+0000] {dag.py:4180} INFO - Setting next_dagrun for example_params_trigger_ui to None, run_after=None
[2025-02-06T18:52:16.512+0000] {processor.py:208} INFO - Processing /home/airflow/.local/lib/python3.12/site-packages/airflow/example_dags/example_params_trigger_ui.py took 0.180 seconds
[2025-02-06T18:52:47.408+0000] {processor.py:186} INFO - Started process (PID=4153) to work on /home/airflow/.local/lib/python3.12/site-packages/airflow/example_dags/example_params_trigger_ui.py
[2025-02-06T18:52:47.411+0000] {processor.py:914} INFO - Processing file /home/airflow/.local/lib/python3.12/site-packages/airflow/example_dags/example_params_trigger_ui.py for tasks to queue
[2025-02-06T18:52:47.417+0000] {logging_mixin.py:190} INFO - [2025-02-06T18:52:47.416+0000] {dagbag.py:588} INFO - Filling up the DagBag from /home/airflow/.local/lib/python3.12/site-packages/airflow/example_dags/example_params_trigger_ui.py
[2025-02-06T18:52:47.439+0000] {processor.py:925} INFO - DAG(s) 'example_params_trigger_ui' retrieved from /home/airflow/.local/lib/python3.12/site-packages/airflow/example_dags/example_params_trigger_ui.py
[2025-02-06T18:52:47.525+0000] {logging_mixin.py:190} INFO - [2025-02-06T18:52:47.524+0000] {dag.py:3239} INFO - Sync 1 DAGs
[2025-02-06T18:52:47.561+0000] {logging_mixin.py:190} INFO - [2025-02-06T18:52:47.561+0000] {dag.py:4180} INFO - Setting next_dagrun for example_params_trigger_ui to None, run_after=None
[2025-02-06T18:52:47.597+0000] {processor.py:208} INFO - Processing /home/airflow/.local/lib/python3.12/site-packages/airflow/example_dags/example_params_trigger_ui.py took 0.201 seconds
[2025-02-06T18:53:17.783+0000] {processor.py:186} INFO - Started process (PID=4210) to work on /home/airflow/.local/lib/python3.12/site-packages/airflow/example_dags/example_params_trigger_ui.py
[2025-02-06T18:53:17.784+0000] {processor.py:914} INFO - Processing file /home/airflow/.local/lib/python3.12/site-packages/airflow/example_dags/example_params_trigger_ui.py for tasks to queue
[2025-02-06T18:53:17.788+0000] {logging_mixin.py:190} INFO - [2025-02-06T18:53:17.788+0000] {dagbag.py:588} INFO - Filling up the DagBag from /home/airflow/.local/lib/python3.12/site-packages/airflow/example_dags/example_params_trigger_ui.py
[2025-02-06T18:53:17.812+0000] {processor.py:925} INFO - DAG(s) 'example_params_trigger_ui' retrieved from /home/airflow/.local/lib/python3.12/site-packages/airflow/example_dags/example_params_trigger_ui.py
[2025-02-06T18:53:17.892+0000] {logging_mixin.py:190} INFO - [2025-02-06T18:53:17.892+0000] {dag.py:3239} INFO - Sync 1 DAGs
[2025-02-06T18:53:17.917+0000] {logging_mixin.py:190} INFO - [2025-02-06T18:53:17.916+0000] {dag.py:4180} INFO - Setting next_dagrun for example_params_trigger_ui to None, run_after=None
[2025-02-06T18:53:17.946+0000] {processor.py:208} INFO - Processing /home/airflow/.local/lib/python3.12/site-packages/airflow/example_dags/example_params_trigger_ui.py took 0.172 seconds
[2025-02-06T18:53:48.152+0000] {processor.py:186} INFO - Started process (PID=4268) to work on /home/airflow/.local/lib/python3.12/site-packages/airflow/example_dags/example_params_trigger_ui.py
[2025-02-06T18:53:48.153+0000] {processor.py:914} INFO - Processing file /home/airflow/.local/lib/python3.12/site-packages/airflow/example_dags/example_params_trigger_ui.py for tasks to queue
[2025-02-06T18:53:48.156+0000] {logging_mixin.py:190} INFO - [2025-02-06T18:53:48.156+0000] {dagbag.py:588} INFO - Filling up the DagBag from /home/airflow/.local/lib/python3.12/site-packages/airflow/example_dags/example_params_trigger_ui.py
[2025-02-06T18:53:48.173+0000] {processor.py:925} INFO - DAG(s) 'example_params_trigger_ui' retrieved from /home/airflow/.local/lib/python3.12/site-packages/airflow/example_dags/example_params_trigger_ui.py
[2025-02-06T18:53:48.255+0000] {logging_mixin.py:190} INFO - [2025-02-06T18:53:48.254+0000] {dag.py:3239} INFO - Sync 1 DAGs
[2025-02-06T18:53:48.284+0000] {logging_mixin.py:190} INFO - [2025-02-06T18:53:48.284+0000] {dag.py:4180} INFO - Setting next_dagrun for example_params_trigger_ui to None, run_after=None
[2025-02-06T18:53:48.320+0000] {processor.py:208} INFO - Processing /home/airflow/.local/lib/python3.12/site-packages/airflow/example_dags/example_params_trigger_ui.py took 0.177 seconds
[2025-02-06T18:54:18.681+0000] {processor.py:186} INFO - Started process (PID=4325) to work on /home/airflow/.local/lib/python3.12/site-packages/airflow/example_dags/example_params_trigger_ui.py
[2025-02-06T18:54:18.683+0000] {processor.py:914} INFO - Processing file /home/airflow/.local/lib/python3.12/site-packages/airflow/example_dags/example_params_trigger_ui.py for tasks to queue
[2025-02-06T18:54:18.693+0000] {logging_mixin.py:190} INFO - [2025-02-06T18:54:18.691+0000] {dagbag.py:588} INFO - Filling up the DagBag from /home/airflow/.local/lib/python3.12/site-packages/airflow/example_dags/example_params_trigger_ui.py
[2025-02-06T18:54:18.723+0000] {processor.py:925} INFO - DAG(s) 'example_params_trigger_ui' retrieved from /home/airflow/.local/lib/python3.12/site-packages/airflow/example_dags/example_params_trigger_ui.py
[2025-02-06T18:54:18.809+0000] {logging_mixin.py:190} INFO - [2025-02-06T18:54:18.809+0000] {dag.py:3239} INFO - Sync 1 DAGs
[2025-02-06T18:54:18.830+0000] {logging_mixin.py:190} INFO - [2025-02-06T18:54:18.830+0000] {dag.py:4180} INFO - Setting next_dagrun for example_params_trigger_ui to None, run_after=None
[2025-02-06T18:54:18.855+0000] {processor.py:208} INFO - Processing /home/airflow/.local/lib/python3.12/site-packages/airflow/example_dags/example_params_trigger_ui.py took 0.188 seconds
[2025-02-06T18:54:49.340+0000] {processor.py:186} INFO - Started process (PID=4382) to work on /home/airflow/.local/lib/python3.12/site-packages/airflow/example_dags/example_params_trigger_ui.py
[2025-02-06T18:54:49.341+0000] {processor.py:914} INFO - Processing file /home/airflow/.local/lib/python3.12/site-packages/airflow/example_dags/example_params_trigger_ui.py for tasks to queue
[2025-02-06T18:54:49.344+0000] {logging_mixin.py:190} INFO - [2025-02-06T18:54:49.344+0000] {dagbag.py:588} INFO - Filling up the DagBag from /home/airflow/.local/lib/python3.12/site-packages/airflow/example_dags/example_params_trigger_ui.py
[2025-02-06T18:54:49.361+0000] {processor.py:925} INFO - DAG(s) 'example_params_trigger_ui' retrieved from /home/airflow/.local/lib/python3.12/site-packages/airflow/example_dags/example_params_trigger_ui.py
[2025-02-06T18:54:49.417+0000] {logging_mixin.py:190} INFO - [2025-02-06T18:54:49.417+0000] {dag.py:3239} INFO - Sync 1 DAGs
[2025-02-06T18:54:49.436+0000] {logging_mixin.py:190} INFO - [2025-02-06T18:54:49.435+0000] {dag.py:4180} INFO - Setting next_dagrun for example_params_trigger_ui to None, run_after=None
[2025-02-06T18:54:49.464+0000] {processor.py:208} INFO - Processing /home/airflow/.local/lib/python3.12/site-packages/airflow/example_dags/example_params_trigger_ui.py took 0.132 seconds
[2025-02-06T18:55:19.696+0000] {processor.py:186} INFO - Started process (PID=4438) to work on /home/airflow/.local/lib/python3.12/site-packages/airflow/example_dags/example_params_trigger_ui.py
[2025-02-06T18:55:19.698+0000] {processor.py:914} INFO - Processing file /home/airflow/.local/lib/python3.12/site-packages/airflow/example_dags/example_params_trigger_ui.py for tasks to queue
[2025-02-06T18:55:19.701+0000] {logging_mixin.py:190} INFO - [2025-02-06T18:55:19.701+0000] {dagbag.py:588} INFO - Filling up the DagBag from /home/airflow/.local/lib/python3.12/site-packages/airflow/example_dags/example_params_trigger_ui.py
[2025-02-06T18:55:19.723+0000] {processor.py:925} INFO - DAG(s) 'example_params_trigger_ui' retrieved from /home/airflow/.local/lib/python3.12/site-packages/airflow/example_dags/example_params_trigger_ui.py
[2025-02-06T18:55:19.812+0000] {logging_mixin.py:190} INFO - [2025-02-06T18:55:19.812+0000] {dag.py:3239} INFO - Sync 1 DAGs
[2025-02-06T18:55:19.836+0000] {logging_mixin.py:190} INFO - [2025-02-06T18:55:19.836+0000] {dag.py:4180} INFO - Setting next_dagrun for example_params_trigger_ui to None, run_after=None
[2025-02-06T18:55:19.864+0000] {processor.py:208} INFO - Processing /home/airflow/.local/lib/python3.12/site-packages/airflow/example_dags/example_params_trigger_ui.py took 0.179 seconds
[2025-02-06T18:55:50.608+0000] {processor.py:186} INFO - Started process (PID=4495) to work on /home/airflow/.local/lib/python3.12/site-packages/airflow/example_dags/example_params_trigger_ui.py
[2025-02-06T18:55:50.610+0000] {processor.py:914} INFO - Processing file /home/airflow/.local/lib/python3.12/site-packages/airflow/example_dags/example_params_trigger_ui.py for tasks to queue
[2025-02-06T18:55:50.614+0000] {logging_mixin.py:190} INFO - [2025-02-06T18:55:50.613+0000] {dagbag.py:588} INFO - Filling up the DagBag from /home/airflow/.local/lib/python3.12/site-packages/airflow/example_dags/example_params_trigger_ui.py
[2025-02-06T18:55:50.632+0000] {processor.py:925} INFO - DAG(s) 'example_params_trigger_ui' retrieved from /home/airflow/.local/lib/python3.12/site-packages/airflow/example_dags/example_params_trigger_ui.py
[2025-02-06T18:55:50.731+0000] {logging_mixin.py:190} INFO - [2025-02-06T18:55:50.731+0000] {dag.py:3239} INFO - Sync 1 DAGs
[2025-02-06T18:55:50.785+0000] {logging_mixin.py:190} INFO - [2025-02-06T18:55:50.785+0000] {dag.py:4180} INFO - Setting next_dagrun for example_params_trigger_ui to None, run_after=None
[2025-02-06T18:55:50.832+0000] {processor.py:208} INFO - Processing /home/airflow/.local/lib/python3.12/site-packages/airflow/example_dags/example_params_trigger_ui.py took 0.234 seconds
[2025-02-06T18:56:20.929+0000] {processor.py:186} INFO - Started process (PID=4552) to work on /home/airflow/.local/lib/python3.12/site-packages/airflow/example_dags/example_params_trigger_ui.py
[2025-02-06T18:56:20.931+0000] {processor.py:914} INFO - Processing file /home/airflow/.local/lib/python3.12/site-packages/airflow/example_dags/example_params_trigger_ui.py for tasks to queue
[2025-02-06T18:56:20.934+0000] {logging_mixin.py:190} INFO - [2025-02-06T18:56:20.934+0000] {dagbag.py:588} INFO - Filling up the DagBag from /home/airflow/.local/lib/python3.12/site-packages/airflow/example_dags/example_params_trigger_ui.py
[2025-02-06T18:56:20.951+0000] {processor.py:925} INFO - DAG(s) 'example_params_trigger_ui' retrieved from /home/airflow/.local/lib/python3.12/site-packages/airflow/example_dags/example_params_trigger_ui.py
[2025-02-06T18:56:21.023+0000] {logging_mixin.py:190} INFO - [2025-02-06T18:56:21.022+0000] {dag.py:3239} INFO - Sync 1 DAGs
[2025-02-06T18:56:21.054+0000] {logging_mixin.py:190} INFO - [2025-02-06T18:56:21.054+0000] {dag.py:4180} INFO - Setting next_dagrun for example_params_trigger_ui to None, run_after=None
[2025-02-06T18:56:21.090+0000] {processor.py:208} INFO - Processing /home/airflow/.local/lib/python3.12/site-packages/airflow/example_dags/example_params_trigger_ui.py took 0.170 seconds
[2025-02-06T18:56:52.098+0000] {processor.py:186} INFO - Started process (PID=4609) to work on /home/airflow/.local/lib/python3.12/site-packages/airflow/example_dags/example_params_trigger_ui.py
[2025-02-06T18:56:52.099+0000] {processor.py:914} INFO - Processing file /home/airflow/.local/lib/python3.12/site-packages/airflow/example_dags/example_params_trigger_ui.py for tasks to queue
[2025-02-06T18:56:52.103+0000] {logging_mixin.py:190} INFO - [2025-02-06T18:56:52.103+0000] {dagbag.py:588} INFO - Filling up the DagBag from /home/airflow/.local/lib/python3.12/site-packages/airflow/example_dags/example_params_trigger_ui.py
[2025-02-06T18:56:52.122+0000] {processor.py:925} INFO - DAG(s) 'example_params_trigger_ui' retrieved from /home/airflow/.local/lib/python3.12/site-packages/airflow/example_dags/example_params_trigger_ui.py
[2025-02-06T18:56:52.204+0000] {logging_mixin.py:190} INFO - [2025-02-06T18:56:52.204+0000] {dag.py:3239} INFO - Sync 1 DAGs
[2025-02-06T18:56:52.226+0000] {logging_mixin.py:190} INFO - [2025-02-06T18:56:52.225+0000] {dag.py:4180} INFO - Setting next_dagrun for example_params_trigger_ui to None, run_after=None
[2025-02-06T18:56:52.256+0000] {processor.py:208} INFO - Processing /home/airflow/.local/lib/python3.12/site-packages/airflow/example_dags/example_params_trigger_ui.py took 0.166 seconds
[2025-02-06T18:57:22.838+0000] {processor.py:186} INFO - Started process (PID=4651) to work on /home/airflow/.local/lib/python3.12/site-packages/airflow/example_dags/example_params_trigger_ui.py
[2025-02-06T18:57:22.840+0000] {processor.py:914} INFO - Processing file /home/airflow/.local/lib/python3.12/site-packages/airflow/example_dags/example_params_trigger_ui.py for tasks to queue
[2025-02-06T18:57:22.845+0000] {logging_mixin.py:190} INFO - [2025-02-06T18:57:22.844+0000] {dagbag.py:588} INFO - Filling up the DagBag from /home/airflow/.local/lib/python3.12/site-packages/airflow/example_dags/example_params_trigger_ui.py
[2025-02-06T18:57:22.871+0000] {processor.py:925} INFO - DAG(s) 'example_params_trigger_ui' retrieved from /home/airflow/.local/lib/python3.12/site-packages/airflow/example_dags/example_params_trigger_ui.py
[2025-02-06T18:57:23.068+0000] {logging_mixin.py:190} INFO - [2025-02-06T18:57:23.067+0000] {dag.py:3239} INFO - Sync 1 DAGs
[2025-02-06T18:57:23.138+0000] {logging_mixin.py:190} INFO - [2025-02-06T18:57:23.133+0000] {dag.py:4180} INFO - Setting next_dagrun for example_params_trigger_ui to None, run_after=None
[2025-02-06T18:57:23.226+0000] {processor.py:208} INFO - Processing /home/airflow/.local/lib/python3.12/site-packages/airflow/example_dags/example_params_trigger_ui.py took 0.403 seconds
[2025-02-06T18:57:55.102+0000] {processor.py:186} INFO - Started process (PID=4708) to work on /home/airflow/.local/lib/python3.12/site-packages/airflow/example_dags/example_params_trigger_ui.py
[2025-02-06T18:57:55.104+0000] {processor.py:914} INFO - Processing file /home/airflow/.local/lib/python3.12/site-packages/airflow/example_dags/example_params_trigger_ui.py for tasks to queue
[2025-02-06T18:57:55.109+0000] {logging_mixin.py:190} INFO - [2025-02-06T18:57:55.109+0000] {dagbag.py:588} INFO - Filling up the DagBag from /home/airflow/.local/lib/python3.12/site-packages/airflow/example_dags/example_params_trigger_ui.py
[2025-02-06T18:57:55.142+0000] {processor.py:925} INFO - DAG(s) 'example_params_trigger_ui' retrieved from /home/airflow/.local/lib/python3.12/site-packages/airflow/example_dags/example_params_trigger_ui.py
[2025-02-06T18:57:55.281+0000] {logging_mixin.py:190} INFO - [2025-02-06T18:57:55.280+0000] {dag.py:3239} INFO - Sync 1 DAGs
[2025-02-06T18:57:55.315+0000] {logging_mixin.py:190} INFO - [2025-02-06T18:57:55.314+0000] {dag.py:4180} INFO - Setting next_dagrun for example_params_trigger_ui to None, run_after=None
[2025-02-06T18:57:55.356+0000] {processor.py:208} INFO - Processing /home/airflow/.local/lib/python3.12/site-packages/airflow/example_dags/example_params_trigger_ui.py took 0.272 seconds
[2025-02-06T18:58:27.067+0000] {processor.py:186} INFO - Started process (PID=4768) to work on /home/airflow/.local/lib/python3.12/site-packages/airflow/example_dags/example_params_trigger_ui.py
[2025-02-06T18:58:27.071+0000] {processor.py:914} INFO - Processing file /home/airflow/.local/lib/python3.12/site-packages/airflow/example_dags/example_params_trigger_ui.py for tasks to queue
[2025-02-06T18:58:27.077+0000] {logging_mixin.py:190} INFO - [2025-02-06T18:58:27.076+0000] {dagbag.py:588} INFO - Filling up the DagBag from /home/airflow/.local/lib/python3.12/site-packages/airflow/example_dags/example_params_trigger_ui.py
[2025-02-06T18:58:27.110+0000] {processor.py:925} INFO - DAG(s) 'example_params_trigger_ui' retrieved from /home/airflow/.local/lib/python3.12/site-packages/airflow/example_dags/example_params_trigger_ui.py
[2025-02-06T18:58:27.203+0000] {logging_mixin.py:190} INFO - [2025-02-06T18:58:27.203+0000] {dag.py:3239} INFO - Sync 1 DAGs
[2025-02-06T18:58:27.234+0000] {logging_mixin.py:190} INFO - [2025-02-06T18:58:27.234+0000] {dag.py:4180} INFO - Setting next_dagrun for example_params_trigger_ui to None, run_after=None
[2025-02-06T18:58:27.293+0000] {processor.py:208} INFO - Processing /home/airflow/.local/lib/python3.12/site-packages/airflow/example_dags/example_params_trigger_ui.py took 0.238 seconds
[2025-02-06T18:58:58.569+0000] {processor.py:186} INFO - Started process (PID=4825) to work on /home/airflow/.local/lib/python3.12/site-packages/airflow/example_dags/example_params_trigger_ui.py
[2025-02-06T18:58:58.572+0000] {processor.py:914} INFO - Processing file /home/airflow/.local/lib/python3.12/site-packages/airflow/example_dags/example_params_trigger_ui.py for tasks to queue
[2025-02-06T18:58:58.578+0000] {logging_mixin.py:190} INFO - [2025-02-06T18:58:58.577+0000] {dagbag.py:588} INFO - Filling up the DagBag from /home/airflow/.local/lib/python3.12/site-packages/airflow/example_dags/example_params_trigger_ui.py
[2025-02-06T18:58:58.604+0000] {processor.py:925} INFO - DAG(s) 'example_params_trigger_ui' retrieved from /home/airflow/.local/lib/python3.12/site-packages/airflow/example_dags/example_params_trigger_ui.py
[2025-02-06T18:58:58.712+0000] {logging_mixin.py:190} INFO - [2025-02-06T18:58:58.712+0000] {dag.py:3239} INFO - Sync 1 DAGs
[2025-02-06T18:58:58.753+0000] {logging_mixin.py:190} INFO - [2025-02-06T18:58:58.753+0000] {dag.py:4180} INFO - Setting next_dagrun for example_params_trigger_ui to None, run_after=None
[2025-02-06T18:58:58.846+0000] {processor.py:208} INFO - Processing /home/airflow/.local/lib/python3.12/site-packages/airflow/example_dags/example_params_trigger_ui.py took 0.296 seconds
[2025-02-06T18:59:29.152+0000] {processor.py:186} INFO - Started process (PID=4881) to work on /home/airflow/.local/lib/python3.12/site-packages/airflow/example_dags/example_params_trigger_ui.py
[2025-02-06T18:59:29.154+0000] {processor.py:914} INFO - Processing file /home/airflow/.local/lib/python3.12/site-packages/airflow/example_dags/example_params_trigger_ui.py for tasks to queue
[2025-02-06T18:59:29.159+0000] {logging_mixin.py:190} INFO - [2025-02-06T18:59:29.158+0000] {dagbag.py:588} INFO - Filling up the DagBag from /home/airflow/.local/lib/python3.12/site-packages/airflow/example_dags/example_params_trigger_ui.py
[2025-02-06T18:59:29.192+0000] {processor.py:925} INFO - DAG(s) 'example_params_trigger_ui' retrieved from /home/airflow/.local/lib/python3.12/site-packages/airflow/example_dags/example_params_trigger_ui.py
[2025-02-06T18:59:29.275+0000] {logging_mixin.py:190} INFO - [2025-02-06T18:59:29.274+0000] {dag.py:3239} INFO - Sync 1 DAGs
[2025-02-06T18:59:29.324+0000] {logging_mixin.py:190} INFO - [2025-02-06T18:59:29.323+0000] {dag.py:4180} INFO - Setting next_dagrun for example_params_trigger_ui to None, run_after=None
[2025-02-06T18:59:29.365+0000] {processor.py:208} INFO - Processing /home/airflow/.local/lib/python3.12/site-packages/airflow/example_dags/example_params_trigger_ui.py took 0.226 seconds
[2025-02-06T19:00:00.342+0000] {processor.py:186} INFO - Started process (PID=4938) to work on /home/airflow/.local/lib/python3.12/site-packages/airflow/example_dags/example_params_trigger_ui.py
[2025-02-06T19:00:00.343+0000] {processor.py:914} INFO - Processing file /home/airflow/.local/lib/python3.12/site-packages/airflow/example_dags/example_params_trigger_ui.py for tasks to queue
[2025-02-06T19:00:00.347+0000] {logging_mixin.py:190} INFO - [2025-02-06T19:00:00.346+0000] {dagbag.py:588} INFO - Filling up the DagBag from /home/airflow/.local/lib/python3.12/site-packages/airflow/example_dags/example_params_trigger_ui.py
[2025-02-06T19:00:00.364+0000] {processor.py:925} INFO - DAG(s) 'example_params_trigger_ui' retrieved from /home/airflow/.local/lib/python3.12/site-packages/airflow/example_dags/example_params_trigger_ui.py
[2025-02-06T19:00:00.447+0000] {logging_mixin.py:190} INFO - [2025-02-06T19:00:00.447+0000] {dag.py:3239} INFO - Sync 1 DAGs
[2025-02-06T19:00:00.477+0000] {logging_mixin.py:190} INFO - [2025-02-06T19:00:00.476+0000] {dag.py:4180} INFO - Setting next_dagrun for example_params_trigger_ui to None, run_after=None
[2025-02-06T19:00:00.515+0000] {processor.py:208} INFO - Processing /home/airflow/.local/lib/python3.12/site-packages/airflow/example_dags/example_params_trigger_ui.py took 0.182 seconds
[2025-02-06T19:00:31.256+0000] {processor.py:186} INFO - Started process (PID=4994) to work on /home/airflow/.local/lib/python3.12/site-packages/airflow/example_dags/example_params_trigger_ui.py
[2025-02-06T19:00:31.257+0000] {processor.py:914} INFO - Processing file /home/airflow/.local/lib/python3.12/site-packages/airflow/example_dags/example_params_trigger_ui.py for tasks to queue
[2025-02-06T19:00:31.260+0000] {logging_mixin.py:190} INFO - [2025-02-06T19:00:31.260+0000] {dagbag.py:588} INFO - Filling up the DagBag from /home/airflow/.local/lib/python3.12/site-packages/airflow/example_dags/example_params_trigger_ui.py
[2025-02-06T19:00:31.277+0000] {processor.py:925} INFO - DAG(s) 'example_params_trigger_ui' retrieved from /home/airflow/.local/lib/python3.12/site-packages/airflow/example_dags/example_params_trigger_ui.py
[2025-02-06T19:00:31.351+0000] {logging_mixin.py:190} INFO - [2025-02-06T19:00:31.351+0000] {dag.py:3239} INFO - Sync 1 DAGs
[2025-02-06T19:00:31.373+0000] {logging_mixin.py:190} INFO - [2025-02-06T19:00:31.372+0000] {dag.py:4180} INFO - Setting next_dagrun for example_params_trigger_ui to None, run_after=None
[2025-02-06T19:00:31.407+0000] {processor.py:208} INFO - Processing /home/airflow/.local/lib/python3.12/site-packages/airflow/example_dags/example_params_trigger_ui.py took 0.161 seconds
[2025-02-06T19:01:02.545+0000] {processor.py:186} INFO - Started process (PID=5053) to work on /home/airflow/.local/lib/python3.12/site-packages/airflow/example_dags/example_params_trigger_ui.py
[2025-02-06T19:01:02.547+0000] {processor.py:914} INFO - Processing file /home/airflow/.local/lib/python3.12/site-packages/airflow/example_dags/example_params_trigger_ui.py for tasks to queue
[2025-02-06T19:01:02.553+0000] {logging_mixin.py:190} INFO - [2025-02-06T19:01:02.552+0000] {dagbag.py:588} INFO - Filling up the DagBag from /home/airflow/.local/lib/python3.12/site-packages/airflow/example_dags/example_params_trigger_ui.py
[2025-02-06T19:01:02.585+0000] {processor.py:925} INFO - DAG(s) 'example_params_trigger_ui' retrieved from /home/airflow/.local/lib/python3.12/site-packages/airflow/example_dags/example_params_trigger_ui.py
[2025-02-06T19:01:02.708+0000] {logging_mixin.py:190} INFO - [2025-02-06T19:01:02.707+0000] {dag.py:3239} INFO - Sync 1 DAGs
[2025-02-06T19:01:02.739+0000] {logging_mixin.py:190} INFO - [2025-02-06T19:01:02.738+0000] {dag.py:4180} INFO - Setting next_dagrun for example_params_trigger_ui to None, run_after=None
[2025-02-06T19:01:02.794+0000] {processor.py:208} INFO - Processing /home/airflow/.local/lib/python3.12/site-packages/airflow/example_dags/example_params_trigger_ui.py took 0.268 seconds
[2025-02-06T19:01:33.293+0000] {processor.py:186} INFO - Started process (PID=5110) to work on /home/airflow/.local/lib/python3.12/site-packages/airflow/example_dags/example_params_trigger_ui.py
[2025-02-06T19:01:33.295+0000] {processor.py:914} INFO - Processing file /home/airflow/.local/lib/python3.12/site-packages/airflow/example_dags/example_params_trigger_ui.py for tasks to queue
[2025-02-06T19:01:33.300+0000] {logging_mixin.py:190} INFO - [2025-02-06T19:01:33.299+0000] {dagbag.py:588} INFO - Filling up the DagBag from /home/airflow/.local/lib/python3.12/site-packages/airflow/example_dags/example_params_trigger_ui.py
[2025-02-06T19:01:33.331+0000] {processor.py:925} INFO - DAG(s) 'example_params_trigger_ui' retrieved from /home/airflow/.local/lib/python3.12/site-packages/airflow/example_dags/example_params_trigger_ui.py
[2025-02-06T19:01:33.430+0000] {logging_mixin.py:190} INFO - [2025-02-06T19:01:33.429+0000] {dag.py:3239} INFO - Sync 1 DAGs
[2025-02-06T19:01:33.463+0000] {logging_mixin.py:190} INFO - [2025-02-06T19:01:33.463+0000] {dag.py:4180} INFO - Setting next_dagrun for example_params_trigger_ui to None, run_after=None
[2025-02-06T19:01:33.498+0000] {processor.py:208} INFO - Processing /home/airflow/.local/lib/python3.12/site-packages/airflow/example_dags/example_params_trigger_ui.py took 0.215 seconds
[2025-02-06T19:02:03.746+0000] {processor.py:186} INFO - Started process (PID=5167) to work on /home/airflow/.local/lib/python3.12/site-packages/airflow/example_dags/example_params_trigger_ui.py
[2025-02-06T19:02:03.748+0000] {processor.py:914} INFO - Processing file /home/airflow/.local/lib/python3.12/site-packages/airflow/example_dags/example_params_trigger_ui.py for tasks to queue
[2025-02-06T19:02:03.752+0000] {logging_mixin.py:190} INFO - [2025-02-06T19:02:03.751+0000] {dagbag.py:588} INFO - Filling up the DagBag from /home/airflow/.local/lib/python3.12/site-packages/airflow/example_dags/example_params_trigger_ui.py
[2025-02-06T19:02:03.773+0000] {processor.py:925} INFO - DAG(s) 'example_params_trigger_ui' retrieved from /home/airflow/.local/lib/python3.12/site-packages/airflow/example_dags/example_params_trigger_ui.py
[2025-02-06T19:02:03.854+0000] {logging_mixin.py:190} INFO - [2025-02-06T19:02:03.853+0000] {dag.py:3239} INFO - Sync 1 DAGs
[2025-02-06T19:02:03.882+0000] {logging_mixin.py:190} INFO - [2025-02-06T19:02:03.881+0000] {dag.py:4180} INFO - Setting next_dagrun for example_params_trigger_ui to None, run_after=None
[2025-02-06T19:02:03.930+0000] {processor.py:208} INFO - Processing /home/airflow/.local/lib/python3.12/site-packages/airflow/example_dags/example_params_trigger_ui.py took 0.195 seconds
[2025-02-06T19:02:34.743+0000] {processor.py:186} INFO - Started process (PID=5224) to work on /home/airflow/.local/lib/python3.12/site-packages/airflow/example_dags/example_params_trigger_ui.py
[2025-02-06T19:02:34.745+0000] {processor.py:914} INFO - Processing file /home/airflow/.local/lib/python3.12/site-packages/airflow/example_dags/example_params_trigger_ui.py for tasks to queue
[2025-02-06T19:02:34.749+0000] {logging_mixin.py:190} INFO - [2025-02-06T19:02:34.748+0000] {dagbag.py:588} INFO - Filling up the DagBag from /home/airflow/.local/lib/python3.12/site-packages/airflow/example_dags/example_params_trigger_ui.py
[2025-02-06T19:02:34.768+0000] {processor.py:925} INFO - DAG(s) 'example_params_trigger_ui' retrieved from /home/airflow/.local/lib/python3.12/site-packages/airflow/example_dags/example_params_trigger_ui.py
[2025-02-06T19:02:34.830+0000] {logging_mixin.py:190} INFO - [2025-02-06T19:02:34.830+0000] {dag.py:3239} INFO - Sync 1 DAGs
[2025-02-06T19:02:34.853+0000] {logging_mixin.py:190} INFO - [2025-02-06T19:02:34.852+0000] {dag.py:4180} INFO - Setting next_dagrun for example_params_trigger_ui to None, run_after=None
[2025-02-06T19:02:34.885+0000] {processor.py:208} INFO - Processing /home/airflow/.local/lib/python3.12/site-packages/airflow/example_dags/example_params_trigger_ui.py took 0.151 seconds
[2025-02-06T19:03:05.362+0000] {processor.py:186} INFO - Started process (PID=5282) to work on /home/airflow/.local/lib/python3.12/site-packages/airflow/example_dags/example_params_trigger_ui.py
[2025-02-06T19:03:05.364+0000] {processor.py:914} INFO - Processing file /home/airflow/.local/lib/python3.12/site-packages/airflow/example_dags/example_params_trigger_ui.py for tasks to queue
[2025-02-06T19:03:05.370+0000] {logging_mixin.py:190} INFO - [2025-02-06T19:03:05.370+0000] {dagbag.py:588} INFO - Filling up the DagBag from /home/airflow/.local/lib/python3.12/site-packages/airflow/example_dags/example_params_trigger_ui.py
[2025-02-06T19:03:05.410+0000] {processor.py:925} INFO - DAG(s) 'example_params_trigger_ui' retrieved from /home/airflow/.local/lib/python3.12/site-packages/airflow/example_dags/example_params_trigger_ui.py
[2025-02-06T19:03:05.527+0000] {logging_mixin.py:190} INFO - [2025-02-06T19:03:05.526+0000] {dag.py:3239} INFO - Sync 1 DAGs
[2025-02-06T19:03:05.560+0000] {logging_mixin.py:190} INFO - [2025-02-06T19:03:05.559+0000] {dag.py:4180} INFO - Setting next_dagrun for example_params_trigger_ui to None, run_after=None
[2025-02-06T19:03:05.596+0000] {processor.py:208} INFO - Processing /home/airflow/.local/lib/python3.12/site-packages/airflow/example_dags/example_params_trigger_ui.py took 0.251 seconds
[2025-02-06T19:03:36.373+0000] {processor.py:186} INFO - Started process (PID=5340) to work on /home/airflow/.local/lib/python3.12/site-packages/airflow/example_dags/example_params_trigger_ui.py
[2025-02-06T19:03:36.374+0000] {processor.py:914} INFO - Processing file /home/airflow/.local/lib/python3.12/site-packages/airflow/example_dags/example_params_trigger_ui.py for tasks to queue
[2025-02-06T19:03:36.377+0000] {logging_mixin.py:190} INFO - [2025-02-06T19:03:36.376+0000] {dagbag.py:588} INFO - Filling up the DagBag from /home/airflow/.local/lib/python3.12/site-packages/airflow/example_dags/example_params_trigger_ui.py
[2025-02-06T19:03:36.394+0000] {processor.py:925} INFO - DAG(s) 'example_params_trigger_ui' retrieved from /home/airflow/.local/lib/python3.12/site-packages/airflow/example_dags/example_params_trigger_ui.py
[2025-02-06T19:03:36.490+0000] {logging_mixin.py:190} INFO - [2025-02-06T19:03:36.489+0000] {dag.py:3239} INFO - Sync 1 DAGs
[2025-02-06T19:03:36.524+0000] {logging_mixin.py:190} INFO - [2025-02-06T19:03:36.524+0000] {dag.py:4180} INFO - Setting next_dagrun for example_params_trigger_ui to None, run_after=None
[2025-02-06T19:03:36.564+0000] {processor.py:208} INFO - Processing /home/airflow/.local/lib/python3.12/site-packages/airflow/example_dags/example_params_trigger_ui.py took 0.200 seconds
[2025-02-06T19:04:07.148+0000] {processor.py:186} INFO - Started process (PID=5397) to work on /home/airflow/.local/lib/python3.12/site-packages/airflow/example_dags/example_params_trigger_ui.py
[2025-02-06T19:04:07.150+0000] {processor.py:914} INFO - Processing file /home/airflow/.local/lib/python3.12/site-packages/airflow/example_dags/example_params_trigger_ui.py for tasks to queue
[2025-02-06T19:04:07.153+0000] {logging_mixin.py:190} INFO - [2025-02-06T19:04:07.152+0000] {dagbag.py:588} INFO - Filling up the DagBag from /home/airflow/.local/lib/python3.12/site-packages/airflow/example_dags/example_params_trigger_ui.py
[2025-02-06T19:04:07.174+0000] {processor.py:925} INFO - DAG(s) 'example_params_trigger_ui' retrieved from /home/airflow/.local/lib/python3.12/site-packages/airflow/example_dags/example_params_trigger_ui.py
[2025-02-06T19:04:07.285+0000] {logging_mixin.py:190} INFO - [2025-02-06T19:04:07.284+0000] {dag.py:3239} INFO - Sync 1 DAGs
[2025-02-06T19:04:07.317+0000] {logging_mixin.py:190} INFO - [2025-02-06T19:04:07.317+0000] {dag.py:4180} INFO - Setting next_dagrun for example_params_trigger_ui to None, run_after=None
[2025-02-06T19:04:07.352+0000] {processor.py:208} INFO - Processing /home/airflow/.local/lib/python3.12/site-packages/airflow/example_dags/example_params_trigger_ui.py took 0.212 seconds
[2025-02-06T19:04:38.149+0000] {processor.py:186} INFO - Started process (PID=5454) to work on /home/airflow/.local/lib/python3.12/site-packages/airflow/example_dags/example_params_trigger_ui.py
[2025-02-06T19:04:38.151+0000] {processor.py:914} INFO - Processing file /home/airflow/.local/lib/python3.12/site-packages/airflow/example_dags/example_params_trigger_ui.py for tasks to queue
[2025-02-06T19:04:38.155+0000] {logging_mixin.py:190} INFO - [2025-02-06T19:04:38.154+0000] {dagbag.py:588} INFO - Filling up the DagBag from /home/airflow/.local/lib/python3.12/site-packages/airflow/example_dags/example_params_trigger_ui.py
[2025-02-06T19:04:38.170+0000] {processor.py:925} INFO - DAG(s) 'example_params_trigger_ui' retrieved from /home/airflow/.local/lib/python3.12/site-packages/airflow/example_dags/example_params_trigger_ui.py
[2025-02-06T19:04:38.243+0000] {logging_mixin.py:190} INFO - [2025-02-06T19:04:38.243+0000] {dag.py:3239} INFO - Sync 1 DAGs
[2025-02-06T19:04:38.262+0000] {logging_mixin.py:190} INFO - [2025-02-06T19:04:38.262+0000] {dag.py:4180} INFO - Setting next_dagrun for example_params_trigger_ui to None, run_after=None
[2025-02-06T19:04:38.290+0000] {processor.py:208} INFO - Processing /home/airflow/.local/lib/python3.12/site-packages/airflow/example_dags/example_params_trigger_ui.py took 0.153 seconds
[2025-02-06T19:05:08.742+0000] {processor.py:186} INFO - Started process (PID=5511) to work on /home/airflow/.local/lib/python3.12/site-packages/airflow/example_dags/example_params_trigger_ui.py
[2025-02-06T19:05:08.744+0000] {processor.py:914} INFO - Processing file /home/airflow/.local/lib/python3.12/site-packages/airflow/example_dags/example_params_trigger_ui.py for tasks to queue
[2025-02-06T19:05:08.747+0000] {logging_mixin.py:190} INFO - [2025-02-06T19:05:08.746+0000] {dagbag.py:588} INFO - Filling up the DagBag from /home/airflow/.local/lib/python3.12/site-packages/airflow/example_dags/example_params_trigger_ui.py
[2025-02-06T19:05:08.766+0000] {processor.py:925} INFO - DAG(s) 'example_params_trigger_ui' retrieved from /home/airflow/.local/lib/python3.12/site-packages/airflow/example_dags/example_params_trigger_ui.py
[2025-02-06T19:05:08.844+0000] {logging_mixin.py:190} INFO - [2025-02-06T19:05:08.843+0000] {dag.py:3239} INFO - Sync 1 DAGs
[2025-02-06T19:05:08.867+0000] {logging_mixin.py:190} INFO - [2025-02-06T19:05:08.867+0000] {dag.py:4180} INFO - Setting next_dagrun for example_params_trigger_ui to None, run_after=None
[2025-02-06T19:05:08.893+0000] {processor.py:208} INFO - Processing /home/airflow/.local/lib/python3.12/site-packages/airflow/example_dags/example_params_trigger_ui.py took 0.161 seconds
[2025-02-06T19:05:39.033+0000] {processor.py:186} INFO - Started process (PID=5567) to work on /home/airflow/.local/lib/python3.12/site-packages/airflow/example_dags/example_params_trigger_ui.py
[2025-02-06T19:05:39.035+0000] {processor.py:914} INFO - Processing file /home/airflow/.local/lib/python3.12/site-packages/airflow/example_dags/example_params_trigger_ui.py for tasks to queue
[2025-02-06T19:05:39.038+0000] {logging_mixin.py:190} INFO - [2025-02-06T19:05:39.038+0000] {dagbag.py:588} INFO - Filling up the DagBag from /home/airflow/.local/lib/python3.12/site-packages/airflow/example_dags/example_params_trigger_ui.py
[2025-02-06T19:05:39.056+0000] {processor.py:925} INFO - DAG(s) 'example_params_trigger_ui' retrieved from /home/airflow/.local/lib/python3.12/site-packages/airflow/example_dags/example_params_trigger_ui.py
[2025-02-06T19:05:39.133+0000] {logging_mixin.py:190} INFO - [2025-02-06T19:05:39.133+0000] {dag.py:3239} INFO - Sync 1 DAGs
[2025-02-06T19:05:39.164+0000] {logging_mixin.py:190} INFO - [2025-02-06T19:05:39.163+0000] {dag.py:4180} INFO - Setting next_dagrun for example_params_trigger_ui to None, run_after=None
[2025-02-06T19:05:39.193+0000] {processor.py:208} INFO - Processing /home/airflow/.local/lib/python3.12/site-packages/airflow/example_dags/example_params_trigger_ui.py took 0.169 seconds
[2025-02-06T19:06:09.613+0000] {processor.py:186} INFO - Started process (PID=5624) to work on /home/airflow/.local/lib/python3.12/site-packages/airflow/example_dags/example_params_trigger_ui.py
[2025-02-06T19:06:09.614+0000] {processor.py:914} INFO - Processing file /home/airflow/.local/lib/python3.12/site-packages/airflow/example_dags/example_params_trigger_ui.py for tasks to queue
[2025-02-06T19:06:09.618+0000] {logging_mixin.py:190} INFO - [2025-02-06T19:06:09.618+0000] {dagbag.py:588} INFO - Filling up the DagBag from /home/airflow/.local/lib/python3.12/site-packages/airflow/example_dags/example_params_trigger_ui.py
[2025-02-06T19:06:09.637+0000] {processor.py:925} INFO - DAG(s) 'example_params_trigger_ui' retrieved from /home/airflow/.local/lib/python3.12/site-packages/airflow/example_dags/example_params_trigger_ui.py
[2025-02-06T19:06:09.714+0000] {logging_mixin.py:190} INFO - [2025-02-06T19:06:09.713+0000] {dag.py:3239} INFO - Sync 1 DAGs
[2025-02-06T19:06:09.742+0000] {logging_mixin.py:190} INFO - [2025-02-06T19:06:09.741+0000] {dag.py:4180} INFO - Setting next_dagrun for example_params_trigger_ui to None, run_after=None
[2025-02-06T19:06:09.768+0000] {processor.py:208} INFO - Processing /home/airflow/.local/lib/python3.12/site-packages/airflow/example_dags/example_params_trigger_ui.py took 0.164 seconds
[2025-02-06T19:06:39.877+0000] {processor.py:186} INFO - Started process (PID=5681) to work on /home/airflow/.local/lib/python3.12/site-packages/airflow/example_dags/example_params_trigger_ui.py
[2025-02-06T19:06:39.880+0000] {processor.py:914} INFO - Processing file /home/airflow/.local/lib/python3.12/site-packages/airflow/example_dags/example_params_trigger_ui.py for tasks to queue
[2025-02-06T19:06:39.891+0000] {logging_mixin.py:190} INFO - [2025-02-06T19:06:39.891+0000] {dagbag.py:588} INFO - Filling up the DagBag from /home/airflow/.local/lib/python3.12/site-packages/airflow/example_dags/example_params_trigger_ui.py
[2025-02-06T19:06:39.918+0000] {processor.py:925} INFO - DAG(s) 'example_params_trigger_ui' retrieved from /home/airflow/.local/lib/python3.12/site-packages/airflow/example_dags/example_params_trigger_ui.py
[2025-02-06T19:06:40.044+0000] {logging_mixin.py:190} INFO - [2025-02-06T19:06:40.043+0000] {dag.py:3239} INFO - Sync 1 DAGs
[2025-02-06T19:06:40.076+0000] {logging_mixin.py:190} INFO - [2025-02-06T19:06:40.076+0000] {dag.py:4180} INFO - Setting next_dagrun for example_params_trigger_ui to None, run_after=None
[2025-02-06T19:06:40.117+0000] {processor.py:208} INFO - Processing /home/airflow/.local/lib/python3.12/site-packages/airflow/example_dags/example_params_trigger_ui.py took 0.254 seconds
[2025-02-06T19:07:10.395+0000] {processor.py:186} INFO - Started process (PID=5737) to work on /home/airflow/.local/lib/python3.12/site-packages/airflow/example_dags/example_params_trigger_ui.py
[2025-02-06T19:07:10.397+0000] {processor.py:914} INFO - Processing file /home/airflow/.local/lib/python3.12/site-packages/airflow/example_dags/example_params_trigger_ui.py for tasks to queue
[2025-02-06T19:07:10.402+0000] {logging_mixin.py:190} INFO - [2025-02-06T19:07:10.401+0000] {dagbag.py:588} INFO - Filling up the DagBag from /home/airflow/.local/lib/python3.12/site-packages/airflow/example_dags/example_params_trigger_ui.py
[2025-02-06T19:07:10.428+0000] {processor.py:925} INFO - DAG(s) 'example_params_trigger_ui' retrieved from /home/airflow/.local/lib/python3.12/site-packages/airflow/example_dags/example_params_trigger_ui.py
[2025-02-06T19:07:10.549+0000] {logging_mixin.py:190} INFO - [2025-02-06T19:07:10.548+0000] {dag.py:3239} INFO - Sync 1 DAGs
[2025-02-06T19:07:10.588+0000] {logging_mixin.py:190} INFO - [2025-02-06T19:07:10.587+0000] {dag.py:4180} INFO - Setting next_dagrun for example_params_trigger_ui to None, run_after=None
[2025-02-06T19:07:10.631+0000] {processor.py:208} INFO - Processing /home/airflow/.local/lib/python3.12/site-packages/airflow/example_dags/example_params_trigger_ui.py took 0.247 seconds
[2025-02-06T19:07:41.304+0000] {processor.py:186} INFO - Started process (PID=5794) to work on /home/airflow/.local/lib/python3.12/site-packages/airflow/example_dags/example_params_trigger_ui.py
[2025-02-06T19:07:41.305+0000] {processor.py:914} INFO - Processing file /home/airflow/.local/lib/python3.12/site-packages/airflow/example_dags/example_params_trigger_ui.py for tasks to queue
[2025-02-06T19:07:41.309+0000] {logging_mixin.py:190} INFO - [2025-02-06T19:07:41.309+0000] {dagbag.py:588} INFO - Filling up the DagBag from /home/airflow/.local/lib/python3.12/site-packages/airflow/example_dags/example_params_trigger_ui.py
[2025-02-06T19:07:41.327+0000] {processor.py:925} INFO - DAG(s) 'example_params_trigger_ui' retrieved from /home/airflow/.local/lib/python3.12/site-packages/airflow/example_dags/example_params_trigger_ui.py
[2025-02-06T19:07:41.397+0000] {logging_mixin.py:190} INFO - [2025-02-06T19:07:41.397+0000] {dag.py:3239} INFO - Sync 1 DAGs
[2025-02-06T19:07:41.423+0000] {logging_mixin.py:190} INFO - [2025-02-06T19:07:41.423+0000] {dag.py:4180} INFO - Setting next_dagrun for example_params_trigger_ui to None, run_after=None
[2025-02-06T19:07:41.457+0000] {processor.py:208} INFO - Processing /home/airflow/.local/lib/python3.12/site-packages/airflow/example_dags/example_params_trigger_ui.py took 0.161 seconds
[2025-02-06T19:08:12.134+0000] {processor.py:186} INFO - Started process (PID=5851) to work on /home/airflow/.local/lib/python3.12/site-packages/airflow/example_dags/example_params_trigger_ui.py
[2025-02-06T19:08:12.136+0000] {processor.py:914} INFO - Processing file /home/airflow/.local/lib/python3.12/site-packages/airflow/example_dags/example_params_trigger_ui.py for tasks to queue
[2025-02-06T19:08:12.143+0000] {logging_mixin.py:190} INFO - [2025-02-06T19:08:12.142+0000] {dagbag.py:588} INFO - Filling up the DagBag from /home/airflow/.local/lib/python3.12/site-packages/airflow/example_dags/example_params_trigger_ui.py
[2025-02-06T19:08:12.165+0000] {processor.py:925} INFO - DAG(s) 'example_params_trigger_ui' retrieved from /home/airflow/.local/lib/python3.12/site-packages/airflow/example_dags/example_params_trigger_ui.py
[2025-02-06T19:08:12.262+0000] {logging_mixin.py:190} INFO - [2025-02-06T19:08:12.261+0000] {dag.py:3239} INFO - Sync 1 DAGs
[2025-02-06T19:08:12.298+0000] {logging_mixin.py:190} INFO - [2025-02-06T19:08:12.298+0000] {dag.py:4180} INFO - Setting next_dagrun for example_params_trigger_ui to None, run_after=None
[2025-02-06T19:08:12.349+0000] {processor.py:208} INFO - Processing /home/airflow/.local/lib/python3.12/site-packages/airflow/example_dags/example_params_trigger_ui.py took 0.223 seconds
