[2025-02-06T16:36:31.001+0000] {processor.py:186} INFO - Started process (PID=62) to work on /home/airflow/.local/lib/python3.12/site-packages/airflow/example_dags/example_bash_operator.py
[2025-02-06T16:36:31.003+0000] {processor.py:914} INFO - Processing file /home/airflow/.local/lib/python3.12/site-packages/airflow/example_dags/example_bash_operator.py for tasks to queue
[2025-02-06T16:36:31.007+0000] {logging_mixin.py:190} INFO - [2025-02-06T16:36:31.007+0000] {dagbag.py:588} INFO - Filling up the DagBag from /home/airflow/.local/lib/python3.12/site-packages/airflow/example_dags/example_bash_operator.py
[2025-02-06T16:36:31.044+0000] {processor.py:925} INFO - DAG(s) 'example_bash_operator' retrieved from /home/airflow/.local/lib/python3.12/site-packages/airflow/example_dags/example_bash_operator.py
[2025-02-06T16:36:31.362+0000] {logging_mixin.py:190} INFO - [2025-02-06T16:36:31.353+0000] {override.py:1911} INFO - Created Permission View: can edit on DAG:example_bash_operator
[2025-02-06T16:36:31.405+0000] {logging_mixin.py:190} INFO - [2025-02-06T16:36:31.404+0000] {override.py:1911} INFO - Created Permission View: can delete on DAG:example_bash_operator
[2025-02-06T16:36:31.428+0000] {logging_mixin.py:190} INFO - [2025-02-06T16:36:31.428+0000] {override.py:1911} INFO - Created Permission View: can read on DAG:example_bash_operator
[2025-02-06T16:36:31.451+0000] {logging_mixin.py:190} INFO - [2025-02-06T16:36:31.450+0000] {override.py:1911} INFO - Created Permission View: menu access on DAG Run:example_bash_operator
[2025-02-06T16:36:31.468+0000] {logging_mixin.py:190} INFO - [2025-02-06T16:36:31.462+0000] {override.py:1911} INFO - Created Permission View: can create on DAG Run:example_bash_operator
[2025-02-06T16:36:31.476+0000] {logging_mixin.py:190} INFO - [2025-02-06T16:36:31.476+0000] {override.py:1911} INFO - Created Permission View: can delete on DAG Run:example_bash_operator
[2025-02-06T16:36:31.493+0000] {logging_mixin.py:190} INFO - [2025-02-06T16:36:31.492+0000] {override.py:1911} INFO - Created Permission View: can read on DAG Run:example_bash_operator
[2025-02-06T16:36:31.494+0000] {logging_mixin.py:190} INFO - [2025-02-06T16:36:31.493+0000] {dag.py:3239} INFO - Sync 1 DAGs
[2025-02-06T16:36:31.518+0000] {logging_mixin.py:190} INFO - [2025-02-06T16:36:31.518+0000] {dag.py:3262} INFO - Creating ORM DAG for example_bash_operator
[2025-02-06T16:36:31.555+0000] {logging_mixin.py:190} INFO - [2025-02-06T16:36:31.555+0000] {dag.py:4180} INFO - Setting next_dagrun for example_bash_operator to 2025-02-05 00:00:00+00:00, run_after=2025-02-06 00:00:00+00:00
[2025-02-06T16:36:31.733+0000] {processor.py:208} INFO - Processing /home/airflow/.local/lib/python3.12/site-packages/airflow/example_dags/example_bash_operator.py took 0.748 seconds
[2025-02-06T16:37:02.152+0000] {processor.py:186} INFO - Started process (PID=119) to work on /home/airflow/.local/lib/python3.12/site-packages/airflow/example_dags/example_bash_operator.py
[2025-02-06T16:37:02.154+0000] {processor.py:914} INFO - Processing file /home/airflow/.local/lib/python3.12/site-packages/airflow/example_dags/example_bash_operator.py for tasks to queue
[2025-02-06T16:37:02.158+0000] {logging_mixin.py:190} INFO - [2025-02-06T16:37:02.157+0000] {dagbag.py:588} INFO - Filling up the DagBag from /home/airflow/.local/lib/python3.12/site-packages/airflow/example_dags/example_bash_operator.py
[2025-02-06T16:37:02.195+0000] {processor.py:925} INFO - DAG(s) 'example_bash_operator' retrieved from /home/airflow/.local/lib/python3.12/site-packages/airflow/example_dags/example_bash_operator.py
[2025-02-06T16:37:02.255+0000] {logging_mixin.py:190} INFO - [2025-02-06T16:37:02.255+0000] {dag.py:3239} INFO - Sync 1 DAGs
[2025-02-06T16:37:02.306+0000] {logging_mixin.py:190} INFO - [2025-02-06T16:37:02.306+0000] {dag.py:4180} INFO - Setting next_dagrun for example_bash_operator to 2025-02-05 00:00:00+00:00, run_after=2025-02-06 00:00:00+00:00
[2025-02-06T16:37:02.417+0000] {processor.py:208} INFO - Processing /home/airflow/.local/lib/python3.12/site-packages/airflow/example_dags/example_bash_operator.py took 0.288 seconds
[2025-02-06T16:37:32.939+0000] {processor.py:186} INFO - Started process (PID=176) to work on /home/airflow/.local/lib/python3.12/site-packages/airflow/example_dags/example_bash_operator.py
[2025-02-06T16:37:32.940+0000] {processor.py:914} INFO - Processing file /home/airflow/.local/lib/python3.12/site-packages/airflow/example_dags/example_bash_operator.py for tasks to queue
[2025-02-06T16:37:32.943+0000] {logging_mixin.py:190} INFO - [2025-02-06T16:37:32.942+0000] {dagbag.py:588} INFO - Filling up the DagBag from /home/airflow/.local/lib/python3.12/site-packages/airflow/example_dags/example_bash_operator.py
[2025-02-06T16:37:32.959+0000] {processor.py:925} INFO - DAG(s) 'example_bash_operator' retrieved from /home/airflow/.local/lib/python3.12/site-packages/airflow/example_dags/example_bash_operator.py
[2025-02-06T16:37:32.995+0000] {logging_mixin.py:190} INFO - [2025-02-06T16:37:32.995+0000] {dag.py:3239} INFO - Sync 1 DAGs
[2025-02-06T16:37:33.028+0000] {logging_mixin.py:190} INFO - [2025-02-06T16:37:33.028+0000] {dag.py:4180} INFO - Setting next_dagrun for example_bash_operator to 2025-02-05 00:00:00+00:00, run_after=2025-02-06 00:00:00+00:00
[2025-02-06T16:37:33.072+0000] {processor.py:208} INFO - Processing /home/airflow/.local/lib/python3.12/site-packages/airflow/example_dags/example_bash_operator.py took 0.140 seconds
[2025-02-06T16:38:03.204+0000] {processor.py:186} INFO - Started process (PID=233) to work on /home/airflow/.local/lib/python3.12/site-packages/airflow/example_dags/example_bash_operator.py
[2025-02-06T16:38:03.206+0000] {processor.py:914} INFO - Processing file /home/airflow/.local/lib/python3.12/site-packages/airflow/example_dags/example_bash_operator.py for tasks to queue
[2025-02-06T16:38:03.211+0000] {logging_mixin.py:190} INFO - [2025-02-06T16:38:03.211+0000] {dagbag.py:588} INFO - Filling up the DagBag from /home/airflow/.local/lib/python3.12/site-packages/airflow/example_dags/example_bash_operator.py
[2025-02-06T16:38:03.229+0000] {processor.py:925} INFO - DAG(s) 'example_bash_operator' retrieved from /home/airflow/.local/lib/python3.12/site-packages/airflow/example_dags/example_bash_operator.py
[2025-02-06T16:38:03.269+0000] {logging_mixin.py:190} INFO - [2025-02-06T16:38:03.269+0000] {dag.py:3239} INFO - Sync 1 DAGs
[2025-02-06T16:38:03.301+0000] {logging_mixin.py:190} INFO - [2025-02-06T16:38:03.301+0000] {dag.py:4180} INFO - Setting next_dagrun for example_bash_operator to 2025-02-05 00:00:00+00:00, run_after=2025-02-06 00:00:00+00:00
[2025-02-06T16:38:03.325+0000] {processor.py:208} INFO - Processing /home/airflow/.local/lib/python3.12/site-packages/airflow/example_dags/example_bash_operator.py took 0.133 seconds
[2025-02-06T16:38:34.001+0000] {processor.py:186} INFO - Started process (PID=290) to work on /home/airflow/.local/lib/python3.12/site-packages/airflow/example_dags/example_bash_operator.py
[2025-02-06T16:38:34.003+0000] {processor.py:914} INFO - Processing file /home/airflow/.local/lib/python3.12/site-packages/airflow/example_dags/example_bash_operator.py for tasks to queue
[2025-02-06T16:38:34.006+0000] {logging_mixin.py:190} INFO - [2025-02-06T16:38:34.005+0000] {dagbag.py:588} INFO - Filling up the DagBag from /home/airflow/.local/lib/python3.12/site-packages/airflow/example_dags/example_bash_operator.py
[2025-02-06T16:38:34.021+0000] {processor.py:925} INFO - DAG(s) 'example_bash_operator' retrieved from /home/airflow/.local/lib/python3.12/site-packages/airflow/example_dags/example_bash_operator.py
[2025-02-06T16:38:34.053+0000] {logging_mixin.py:190} INFO - [2025-02-06T16:38:34.053+0000] {dag.py:3239} INFO - Sync 1 DAGs
[2025-02-06T16:38:34.082+0000] {logging_mixin.py:190} INFO - [2025-02-06T16:38:34.081+0000] {dag.py:4180} INFO - Setting next_dagrun for example_bash_operator to 2025-02-05 00:00:00+00:00, run_after=2025-02-06 00:00:00+00:00
[2025-02-06T16:38:34.104+0000] {processor.py:208} INFO - Processing /home/airflow/.local/lib/python3.12/site-packages/airflow/example_dags/example_bash_operator.py took 0.112 seconds
[2025-02-06T16:39:04.219+0000] {processor.py:186} INFO - Started process (PID=346) to work on /home/airflow/.local/lib/python3.12/site-packages/airflow/example_dags/example_bash_operator.py
[2025-02-06T16:39:04.221+0000] {processor.py:914} INFO - Processing file /home/airflow/.local/lib/python3.12/site-packages/airflow/example_dags/example_bash_operator.py for tasks to queue
[2025-02-06T16:39:04.223+0000] {logging_mixin.py:190} INFO - [2025-02-06T16:39:04.223+0000] {dagbag.py:588} INFO - Filling up the DagBag from /home/airflow/.local/lib/python3.12/site-packages/airflow/example_dags/example_bash_operator.py
[2025-02-06T16:39:04.239+0000] {processor.py:925} INFO - DAG(s) 'example_bash_operator' retrieved from /home/airflow/.local/lib/python3.12/site-packages/airflow/example_dags/example_bash_operator.py
[2025-02-06T16:39:04.271+0000] {logging_mixin.py:190} INFO - [2025-02-06T16:39:04.271+0000] {dag.py:3239} INFO - Sync 1 DAGs
[2025-02-06T16:39:04.305+0000] {logging_mixin.py:190} INFO - [2025-02-06T16:39:04.305+0000] {dag.py:4180} INFO - Setting next_dagrun for example_bash_operator to 2025-02-05 00:00:00+00:00, run_after=2025-02-06 00:00:00+00:00
[2025-02-06T16:39:04.330+0000] {processor.py:208} INFO - Processing /home/airflow/.local/lib/python3.12/site-packages/airflow/example_dags/example_bash_operator.py took 0.118 seconds
[2025-02-06T16:39:34.627+0000] {processor.py:186} INFO - Started process (PID=403) to work on /home/airflow/.local/lib/python3.12/site-packages/airflow/example_dags/example_bash_operator.py
[2025-02-06T16:39:34.628+0000] {processor.py:914} INFO - Processing file /home/airflow/.local/lib/python3.12/site-packages/airflow/example_dags/example_bash_operator.py for tasks to queue
[2025-02-06T16:39:34.631+0000] {logging_mixin.py:190} INFO - [2025-02-06T16:39:34.630+0000] {dagbag.py:588} INFO - Filling up the DagBag from /home/airflow/.local/lib/python3.12/site-packages/airflow/example_dags/example_bash_operator.py
[2025-02-06T16:39:34.646+0000] {processor.py:925} INFO - DAG(s) 'example_bash_operator' retrieved from /home/airflow/.local/lib/python3.12/site-packages/airflow/example_dags/example_bash_operator.py
[2025-02-06T16:39:34.678+0000] {logging_mixin.py:190} INFO - [2025-02-06T16:39:34.678+0000] {dag.py:3239} INFO - Sync 1 DAGs
[2025-02-06T16:39:34.706+0000] {logging_mixin.py:190} INFO - [2025-02-06T16:39:34.706+0000] {dag.py:4180} INFO - Setting next_dagrun for example_bash_operator to 2025-02-05 00:00:00+00:00, run_after=2025-02-06 00:00:00+00:00
[2025-02-06T16:39:34.732+0000] {processor.py:208} INFO - Processing /home/airflow/.local/lib/python3.12/site-packages/airflow/example_dags/example_bash_operator.py took 0.113 seconds
[2025-02-06T16:40:04.988+0000] {processor.py:186} INFO - Started process (PID=459) to work on /home/airflow/.local/lib/python3.12/site-packages/airflow/example_dags/example_bash_operator.py
[2025-02-06T16:40:04.990+0000] {processor.py:914} INFO - Processing file /home/airflow/.local/lib/python3.12/site-packages/airflow/example_dags/example_bash_operator.py for tasks to queue
[2025-02-06T16:40:04.993+0000] {logging_mixin.py:190} INFO - [2025-02-06T16:40:04.992+0000] {dagbag.py:588} INFO - Filling up the DagBag from /home/airflow/.local/lib/python3.12/site-packages/airflow/example_dags/example_bash_operator.py
[2025-02-06T16:40:05.010+0000] {processor.py:925} INFO - DAG(s) 'example_bash_operator' retrieved from /home/airflow/.local/lib/python3.12/site-packages/airflow/example_dags/example_bash_operator.py
[2025-02-06T16:40:05.061+0000] {logging_mixin.py:190} INFO - [2025-02-06T16:40:05.060+0000] {dag.py:3239} INFO - Sync 1 DAGs
[2025-02-06T16:40:05.117+0000] {logging_mixin.py:190} INFO - [2025-02-06T16:40:05.117+0000] {dag.py:4180} INFO - Setting next_dagrun for example_bash_operator to 2025-02-05 00:00:00+00:00, run_after=2025-02-06 00:00:00+00:00
[2025-02-06T16:40:05.149+0000] {processor.py:208} INFO - Processing /home/airflow/.local/lib/python3.12/site-packages/airflow/example_dags/example_bash_operator.py took 0.169 seconds
[2025-02-06T16:40:35.704+0000] {processor.py:186} INFO - Started process (PID=516) to work on /home/airflow/.local/lib/python3.12/site-packages/airflow/example_dags/example_bash_operator.py
[2025-02-06T16:40:35.705+0000] {processor.py:914} INFO - Processing file /home/airflow/.local/lib/python3.12/site-packages/airflow/example_dags/example_bash_operator.py for tasks to queue
[2025-02-06T16:40:35.708+0000] {logging_mixin.py:190} INFO - [2025-02-06T16:40:35.708+0000] {dagbag.py:588} INFO - Filling up the DagBag from /home/airflow/.local/lib/python3.12/site-packages/airflow/example_dags/example_bash_operator.py
[2025-02-06T16:40:35.724+0000] {processor.py:925} INFO - DAG(s) 'example_bash_operator' retrieved from /home/airflow/.local/lib/python3.12/site-packages/airflow/example_dags/example_bash_operator.py
[2025-02-06T16:40:35.759+0000] {logging_mixin.py:190} INFO - [2025-02-06T16:40:35.759+0000] {dag.py:3239} INFO - Sync 1 DAGs
[2025-02-06T16:40:35.795+0000] {logging_mixin.py:190} INFO - [2025-02-06T16:40:35.794+0000] {dag.py:4180} INFO - Setting next_dagrun for example_bash_operator to 2025-02-05 00:00:00+00:00, run_after=2025-02-06 00:00:00+00:00
[2025-02-06T16:40:35.822+0000] {processor.py:208} INFO - Processing /home/airflow/.local/lib/python3.12/site-packages/airflow/example_dags/example_bash_operator.py took 0.127 seconds
[2025-02-06T16:41:05.884+0000] {processor.py:186} INFO - Started process (PID=572) to work on /home/airflow/.local/lib/python3.12/site-packages/airflow/example_dags/example_bash_operator.py
[2025-02-06T16:41:05.885+0000] {processor.py:914} INFO - Processing file /home/airflow/.local/lib/python3.12/site-packages/airflow/example_dags/example_bash_operator.py for tasks to queue
[2025-02-06T16:41:05.888+0000] {logging_mixin.py:190} INFO - [2025-02-06T16:41:05.888+0000] {dagbag.py:588} INFO - Filling up the DagBag from /home/airflow/.local/lib/python3.12/site-packages/airflow/example_dags/example_bash_operator.py
[2025-02-06T16:41:05.906+0000] {processor.py:925} INFO - DAG(s) 'example_bash_operator' retrieved from /home/airflow/.local/lib/python3.12/site-packages/airflow/example_dags/example_bash_operator.py
[2025-02-06T16:41:05.940+0000] {logging_mixin.py:190} INFO - [2025-02-06T16:41:05.940+0000] {dag.py:3239} INFO - Sync 1 DAGs
[2025-02-06T16:41:05.972+0000] {logging_mixin.py:190} INFO - [2025-02-06T16:41:05.971+0000] {dag.py:4180} INFO - Setting next_dagrun for example_bash_operator to 2025-02-05 00:00:00+00:00, run_after=2025-02-06 00:00:00+00:00
[2025-02-06T16:41:05.995+0000] {processor.py:208} INFO - Processing /home/airflow/.local/lib/python3.12/site-packages/airflow/example_dags/example_bash_operator.py took 0.121 seconds
[2025-02-06T16:41:36.077+0000] {processor.py:186} INFO - Started process (PID=629) to work on /home/airflow/.local/lib/python3.12/site-packages/airflow/example_dags/example_bash_operator.py
[2025-02-06T16:41:36.078+0000] {processor.py:914} INFO - Processing file /home/airflow/.local/lib/python3.12/site-packages/airflow/example_dags/example_bash_operator.py for tasks to queue
[2025-02-06T16:41:36.082+0000] {logging_mixin.py:190} INFO - [2025-02-06T16:41:36.081+0000] {dagbag.py:588} INFO - Filling up the DagBag from /home/airflow/.local/lib/python3.12/site-packages/airflow/example_dags/example_bash_operator.py
[2025-02-06T16:41:36.098+0000] {processor.py:925} INFO - DAG(s) 'example_bash_operator' retrieved from /home/airflow/.local/lib/python3.12/site-packages/airflow/example_dags/example_bash_operator.py
[2025-02-06T16:41:36.134+0000] {logging_mixin.py:190} INFO - [2025-02-06T16:41:36.134+0000] {dag.py:3239} INFO - Sync 1 DAGs
[2025-02-06T16:41:36.198+0000] {logging_mixin.py:190} INFO - [2025-02-06T16:41:36.198+0000] {dag.py:4180} INFO - Setting next_dagrun for example_bash_operator to 2025-02-05 00:00:00+00:00, run_after=2025-02-06 00:00:00+00:00
[2025-02-06T16:41:36.222+0000] {processor.py:208} INFO - Processing /home/airflow/.local/lib/python3.12/site-packages/airflow/example_dags/example_bash_operator.py took 0.154 seconds
[2025-02-06T16:42:06.520+0000] {processor.py:186} INFO - Started process (PID=686) to work on /home/airflow/.local/lib/python3.12/site-packages/airflow/example_dags/example_bash_operator.py
[2025-02-06T16:42:06.522+0000] {processor.py:914} INFO - Processing file /home/airflow/.local/lib/python3.12/site-packages/airflow/example_dags/example_bash_operator.py for tasks to queue
[2025-02-06T16:42:06.525+0000] {logging_mixin.py:190} INFO - [2025-02-06T16:42:06.524+0000] {dagbag.py:588} INFO - Filling up the DagBag from /home/airflow/.local/lib/python3.12/site-packages/airflow/example_dags/example_bash_operator.py
[2025-02-06T16:42:06.540+0000] {processor.py:925} INFO - DAG(s) 'example_bash_operator' retrieved from /home/airflow/.local/lib/python3.12/site-packages/airflow/example_dags/example_bash_operator.py
[2025-02-06T16:42:06.572+0000] {logging_mixin.py:190} INFO - [2025-02-06T16:42:06.572+0000] {dag.py:3239} INFO - Sync 1 DAGs
[2025-02-06T16:42:06.600+0000] {logging_mixin.py:190} INFO - [2025-02-06T16:42:06.600+0000] {dag.py:4180} INFO - Setting next_dagrun for example_bash_operator to 2025-02-05 00:00:00+00:00, run_after=2025-02-06 00:00:00+00:00
[2025-02-06T16:42:06.632+0000] {processor.py:208} INFO - Processing /home/airflow/.local/lib/python3.12/site-packages/airflow/example_dags/example_bash_operator.py took 0.119 seconds
[2025-02-06T16:42:36.688+0000] {processor.py:186} INFO - Started process (PID=743) to work on /home/airflow/.local/lib/python3.12/site-packages/airflow/example_dags/example_bash_operator.py
[2025-02-06T16:42:36.690+0000] {processor.py:914} INFO - Processing file /home/airflow/.local/lib/python3.12/site-packages/airflow/example_dags/example_bash_operator.py for tasks to queue
[2025-02-06T16:42:36.693+0000] {logging_mixin.py:190} INFO - [2025-02-06T16:42:36.692+0000] {dagbag.py:588} INFO - Filling up the DagBag from /home/airflow/.local/lib/python3.12/site-packages/airflow/example_dags/example_bash_operator.py
[2025-02-06T16:42:36.708+0000] {processor.py:925} INFO - DAG(s) 'example_bash_operator' retrieved from /home/airflow/.local/lib/python3.12/site-packages/airflow/example_dags/example_bash_operator.py
[2025-02-06T16:42:36.742+0000] {logging_mixin.py:190} INFO - [2025-02-06T16:42:36.741+0000] {dag.py:3239} INFO - Sync 1 DAGs
[2025-02-06T16:42:36.774+0000] {logging_mixin.py:190} INFO - [2025-02-06T16:42:36.774+0000] {dag.py:4180} INFO - Setting next_dagrun for example_bash_operator to 2025-02-05 00:00:00+00:00, run_after=2025-02-06 00:00:00+00:00
[2025-02-06T16:42:36.799+0000] {processor.py:208} INFO - Processing /home/airflow/.local/lib/python3.12/site-packages/airflow/example_dags/example_bash_operator.py took 0.119 seconds
[2025-02-06T16:43:07.501+0000] {processor.py:186} INFO - Started process (PID=800) to work on /home/airflow/.local/lib/python3.12/site-packages/airflow/example_dags/example_bash_operator.py
[2025-02-06T16:43:07.502+0000] {processor.py:914} INFO - Processing file /home/airflow/.local/lib/python3.12/site-packages/airflow/example_dags/example_bash_operator.py for tasks to queue
[2025-02-06T16:43:07.506+0000] {logging_mixin.py:190} INFO - [2025-02-06T16:43:07.505+0000] {dagbag.py:588} INFO - Filling up the DagBag from /home/airflow/.local/lib/python3.12/site-packages/airflow/example_dags/example_bash_operator.py
[2025-02-06T16:43:07.521+0000] {processor.py:925} INFO - DAG(s) 'example_bash_operator' retrieved from /home/airflow/.local/lib/python3.12/site-packages/airflow/example_dags/example_bash_operator.py
[2025-02-06T16:43:07.557+0000] {logging_mixin.py:190} INFO - [2025-02-06T16:43:07.557+0000] {dag.py:3239} INFO - Sync 1 DAGs
[2025-02-06T16:43:07.592+0000] {logging_mixin.py:190} INFO - [2025-02-06T16:43:07.591+0000] {dag.py:4180} INFO - Setting next_dagrun for example_bash_operator to 2025-02-05 00:00:00+00:00, run_after=2025-02-06 00:00:00+00:00
[2025-02-06T16:43:07.618+0000] {processor.py:208} INFO - Processing /home/airflow/.local/lib/python3.12/site-packages/airflow/example_dags/example_bash_operator.py took 0.125 seconds
[2025-02-06T16:43:38.267+0000] {processor.py:186} INFO - Started process (PID=857) to work on /home/airflow/.local/lib/python3.12/site-packages/airflow/example_dags/example_bash_operator.py
[2025-02-06T16:43:38.268+0000] {processor.py:914} INFO - Processing file /home/airflow/.local/lib/python3.12/site-packages/airflow/example_dags/example_bash_operator.py for tasks to queue
[2025-02-06T16:43:38.271+0000] {logging_mixin.py:190} INFO - [2025-02-06T16:43:38.271+0000] {dagbag.py:588} INFO - Filling up the DagBag from /home/airflow/.local/lib/python3.12/site-packages/airflow/example_dags/example_bash_operator.py
[2025-02-06T16:43:38.287+0000] {processor.py:925} INFO - DAG(s) 'example_bash_operator' retrieved from /home/airflow/.local/lib/python3.12/site-packages/airflow/example_dags/example_bash_operator.py
[2025-02-06T16:43:38.320+0000] {logging_mixin.py:190} INFO - [2025-02-06T16:43:38.320+0000] {dag.py:3239} INFO - Sync 1 DAGs
[2025-02-06T16:43:38.351+0000] {logging_mixin.py:190} INFO - [2025-02-06T16:43:38.350+0000] {dag.py:4180} INFO - Setting next_dagrun for example_bash_operator to 2025-02-05 00:00:00+00:00, run_after=2025-02-06 00:00:00+00:00
[2025-02-06T16:43:38.375+0000] {processor.py:208} INFO - Processing /home/airflow/.local/lib/python3.12/site-packages/airflow/example_dags/example_bash_operator.py took 0.115 seconds
[2025-02-06T16:44:08.497+0000] {processor.py:186} INFO - Started process (PID=914) to work on /home/airflow/.local/lib/python3.12/site-packages/airflow/example_dags/example_bash_operator.py
[2025-02-06T16:44:08.498+0000] {processor.py:914} INFO - Processing file /home/airflow/.local/lib/python3.12/site-packages/airflow/example_dags/example_bash_operator.py for tasks to queue
[2025-02-06T16:44:08.501+0000] {logging_mixin.py:190} INFO - [2025-02-06T16:44:08.500+0000] {dagbag.py:588} INFO - Filling up the DagBag from /home/airflow/.local/lib/python3.12/site-packages/airflow/example_dags/example_bash_operator.py
[2025-02-06T16:44:08.518+0000] {processor.py:925} INFO - DAG(s) 'example_bash_operator' retrieved from /home/airflow/.local/lib/python3.12/site-packages/airflow/example_dags/example_bash_operator.py
[2025-02-06T16:44:08.558+0000] {logging_mixin.py:190} INFO - [2025-02-06T16:44:08.558+0000] {dag.py:3239} INFO - Sync 1 DAGs
[2025-02-06T16:44:08.588+0000] {logging_mixin.py:190} INFO - [2025-02-06T16:44:08.587+0000] {dag.py:4180} INFO - Setting next_dagrun for example_bash_operator to 2025-02-05 00:00:00+00:00, run_after=2025-02-06 00:00:00+00:00
[2025-02-06T16:44:08.613+0000] {processor.py:208} INFO - Processing /home/airflow/.local/lib/python3.12/site-packages/airflow/example_dags/example_bash_operator.py took 0.124 seconds
[2025-02-06T16:44:38.799+0000] {processor.py:186} INFO - Started process (PID=971) to work on /home/airflow/.local/lib/python3.12/site-packages/airflow/example_dags/example_bash_operator.py
[2025-02-06T16:44:38.801+0000] {processor.py:914} INFO - Processing file /home/airflow/.local/lib/python3.12/site-packages/airflow/example_dags/example_bash_operator.py for tasks to queue
[2025-02-06T16:44:38.805+0000] {logging_mixin.py:190} INFO - [2025-02-06T16:44:38.804+0000] {dagbag.py:588} INFO - Filling up the DagBag from /home/airflow/.local/lib/python3.12/site-packages/airflow/example_dags/example_bash_operator.py
[2025-02-06T16:44:38.821+0000] {processor.py:925} INFO - DAG(s) 'example_bash_operator' retrieved from /home/airflow/.local/lib/python3.12/site-packages/airflow/example_dags/example_bash_operator.py
[2025-02-06T16:44:38.855+0000] {logging_mixin.py:190} INFO - [2025-02-06T16:44:38.855+0000] {dag.py:3239} INFO - Sync 1 DAGs
[2025-02-06T16:44:38.889+0000] {logging_mixin.py:190} INFO - [2025-02-06T16:44:38.889+0000] {dag.py:4180} INFO - Setting next_dagrun for example_bash_operator to 2025-02-05 00:00:00+00:00, run_after=2025-02-06 00:00:00+00:00
[2025-02-06T16:44:38.914+0000] {processor.py:208} INFO - Processing /home/airflow/.local/lib/python3.12/site-packages/airflow/example_dags/example_bash_operator.py took 0.124 seconds
[2025-02-06T16:45:09.059+0000] {processor.py:186} INFO - Started process (PID=1028) to work on /home/airflow/.local/lib/python3.12/site-packages/airflow/example_dags/example_bash_operator.py
[2025-02-06T16:45:09.060+0000] {processor.py:914} INFO - Processing file /home/airflow/.local/lib/python3.12/site-packages/airflow/example_dags/example_bash_operator.py for tasks to queue
[2025-02-06T16:45:09.064+0000] {logging_mixin.py:190} INFO - [2025-02-06T16:45:09.063+0000] {dagbag.py:588} INFO - Filling up the DagBag from /home/airflow/.local/lib/python3.12/site-packages/airflow/example_dags/example_bash_operator.py
[2025-02-06T16:45:09.080+0000] {processor.py:925} INFO - DAG(s) 'example_bash_operator' retrieved from /home/airflow/.local/lib/python3.12/site-packages/airflow/example_dags/example_bash_operator.py
[2025-02-06T16:45:09.115+0000] {logging_mixin.py:190} INFO - [2025-02-06T16:45:09.115+0000] {dag.py:3239} INFO - Sync 1 DAGs
[2025-02-06T16:45:09.148+0000] {logging_mixin.py:190} INFO - [2025-02-06T16:45:09.147+0000] {dag.py:4180} INFO - Setting next_dagrun for example_bash_operator to 2025-02-05 00:00:00+00:00, run_after=2025-02-06 00:00:00+00:00
[2025-02-06T16:45:09.173+0000] {processor.py:208} INFO - Processing /home/airflow/.local/lib/python3.12/site-packages/airflow/example_dags/example_bash_operator.py took 0.121 seconds
[2025-02-06T16:45:39.724+0000] {processor.py:186} INFO - Started process (PID=1085) to work on /home/airflow/.local/lib/python3.12/site-packages/airflow/example_dags/example_bash_operator.py
[2025-02-06T16:45:39.725+0000] {processor.py:914} INFO - Processing file /home/airflow/.local/lib/python3.12/site-packages/airflow/example_dags/example_bash_operator.py for tasks to queue
[2025-02-06T16:45:39.728+0000] {logging_mixin.py:190} INFO - [2025-02-06T16:45:39.728+0000] {dagbag.py:588} INFO - Filling up the DagBag from /home/airflow/.local/lib/python3.12/site-packages/airflow/example_dags/example_bash_operator.py
[2025-02-06T16:45:39.756+0000] {processor.py:925} INFO - DAG(s) 'example_bash_operator' retrieved from /home/airflow/.local/lib/python3.12/site-packages/airflow/example_dags/example_bash_operator.py
[2025-02-06T16:45:39.830+0000] {logging_mixin.py:190} INFO - [2025-02-06T16:45:39.830+0000] {dag.py:3239} INFO - Sync 1 DAGs
[2025-02-06T16:45:39.888+0000] {logging_mixin.py:190} INFO - [2025-02-06T16:45:39.887+0000] {dag.py:4180} INFO - Setting next_dagrun for example_bash_operator to 2025-02-05 00:00:00+00:00, run_after=2025-02-06 00:00:00+00:00
[2025-02-06T16:45:39.930+0000] {processor.py:208} INFO - Processing /home/airflow/.local/lib/python3.12/site-packages/airflow/example_dags/example_bash_operator.py took 0.216 seconds
[2025-02-06T16:46:10.575+0000] {processor.py:186} INFO - Started process (PID=1142) to work on /home/airflow/.local/lib/python3.12/site-packages/airflow/example_dags/example_bash_operator.py
[2025-02-06T16:46:10.583+0000] {processor.py:914} INFO - Processing file /home/airflow/.local/lib/python3.12/site-packages/airflow/example_dags/example_bash_operator.py for tasks to queue
[2025-02-06T16:46:10.588+0000] {logging_mixin.py:190} INFO - [2025-02-06T16:46:10.588+0000] {dagbag.py:588} INFO - Filling up the DagBag from /home/airflow/.local/lib/python3.12/site-packages/airflow/example_dags/example_bash_operator.py
[2025-02-06T16:46:10.614+0000] {processor.py:925} INFO - DAG(s) 'example_bash_operator' retrieved from /home/airflow/.local/lib/python3.12/site-packages/airflow/example_dags/example_bash_operator.py
[2025-02-06T16:46:10.676+0000] {logging_mixin.py:190} INFO - [2025-02-06T16:46:10.676+0000] {dag.py:3239} INFO - Sync 1 DAGs
[2025-02-06T16:46:10.726+0000] {logging_mixin.py:190} INFO - [2025-02-06T16:46:10.726+0000] {dag.py:4180} INFO - Setting next_dagrun for example_bash_operator to 2025-02-05 00:00:00+00:00, run_after=2025-02-06 00:00:00+00:00
[2025-02-06T16:46:10.755+0000] {processor.py:208} INFO - Processing /home/airflow/.local/lib/python3.12/site-packages/airflow/example_dags/example_bash_operator.py took 0.190 seconds
[2025-02-06T16:46:41.584+0000] {processor.py:186} INFO - Started process (PID=1199) to work on /home/airflow/.local/lib/python3.12/site-packages/airflow/example_dags/example_bash_operator.py
[2025-02-06T16:46:41.585+0000] {processor.py:914} INFO - Processing file /home/airflow/.local/lib/python3.12/site-packages/airflow/example_dags/example_bash_operator.py for tasks to queue
[2025-02-06T16:46:41.587+0000] {logging_mixin.py:190} INFO - [2025-02-06T16:46:41.587+0000] {dagbag.py:588} INFO - Filling up the DagBag from /home/airflow/.local/lib/python3.12/site-packages/airflow/example_dags/example_bash_operator.py
[2025-02-06T16:46:41.604+0000] {processor.py:925} INFO - DAG(s) 'example_bash_operator' retrieved from /home/airflow/.local/lib/python3.12/site-packages/airflow/example_dags/example_bash_operator.py
[2025-02-06T16:46:41.641+0000] {logging_mixin.py:190} INFO - [2025-02-06T16:46:41.641+0000] {dag.py:3239} INFO - Sync 1 DAGs
[2025-02-06T16:46:41.674+0000] {logging_mixin.py:190} INFO - [2025-02-06T16:46:41.673+0000] {dag.py:4180} INFO - Setting next_dagrun for example_bash_operator to 2025-02-05 00:00:00+00:00, run_after=2025-02-06 00:00:00+00:00
[2025-02-06T16:46:41.696+0000] {processor.py:208} INFO - Processing /home/airflow/.local/lib/python3.12/site-packages/airflow/example_dags/example_bash_operator.py took 0.120 seconds
[2025-02-06T16:47:15.758+0000] {processor.py:186} INFO - Started process (PID=1255) to work on /home/airflow/.local/lib/python3.12/site-packages/airflow/example_dags/example_bash_operator.py
[2025-02-06T16:47:15.760+0000] {processor.py:914} INFO - Processing file /home/airflow/.local/lib/python3.12/site-packages/airflow/example_dags/example_bash_operator.py for tasks to queue
[2025-02-06T16:47:15.777+0000] {logging_mixin.py:190} INFO - [2025-02-06T16:47:15.776+0000] {dagbag.py:588} INFO - Filling up the DagBag from /home/airflow/.local/lib/python3.12/site-packages/airflow/example_dags/example_bash_operator.py
[2025-02-06T16:47:15.842+0000] {processor.py:925} INFO - DAG(s) 'example_bash_operator' retrieved from /home/airflow/.local/lib/python3.12/site-packages/airflow/example_dags/example_bash_operator.py
[2025-02-06T16:47:15.975+0000] {logging_mixin.py:190} INFO - [2025-02-06T16:47:15.974+0000] {dag.py:3239} INFO - Sync 1 DAGs
[2025-02-06T16:47:16.095+0000] {logging_mixin.py:190} INFO - [2025-02-06T16:47:16.094+0000] {dag.py:4180} INFO - Setting next_dagrun for example_bash_operator to 2025-02-05 00:00:00+00:00, run_after=2025-02-06 00:00:00+00:00
[2025-02-06T16:47:16.207+0000] {processor.py:208} INFO - Processing /home/airflow/.local/lib/python3.12/site-packages/airflow/example_dags/example_bash_operator.py took 0.478 seconds
[2025-02-06T16:47:46.431+0000] {processor.py:186} INFO - Started process (PID=1312) to work on /home/airflow/.local/lib/python3.12/site-packages/airflow/example_dags/example_bash_operator.py
[2025-02-06T16:47:46.435+0000] {processor.py:914} INFO - Processing file /home/airflow/.local/lib/python3.12/site-packages/airflow/example_dags/example_bash_operator.py for tasks to queue
[2025-02-06T16:47:46.451+0000] {logging_mixin.py:190} INFO - [2025-02-06T16:47:46.440+0000] {dagbag.py:588} INFO - Filling up the DagBag from /home/airflow/.local/lib/python3.12/site-packages/airflow/example_dags/example_bash_operator.py
[2025-02-06T16:47:46.519+0000] {processor.py:925} INFO - DAG(s) 'example_bash_operator' retrieved from /home/airflow/.local/lib/python3.12/site-packages/airflow/example_dags/example_bash_operator.py
[2025-02-06T16:47:46.711+0000] {logging_mixin.py:190} INFO - [2025-02-06T16:47:46.711+0000] {dag.py:3239} INFO - Sync 1 DAGs
[2025-02-06T16:47:46.866+0000] {logging_mixin.py:190} INFO - [2025-02-06T16:47:46.865+0000] {dag.py:4180} INFO - Setting next_dagrun for example_bash_operator to 2025-02-05 00:00:00+00:00, run_after=2025-02-06 00:00:00+00:00
[2025-02-06T16:47:46.971+0000] {processor.py:208} INFO - Processing /home/airflow/.local/lib/python3.12/site-packages/airflow/example_dags/example_bash_operator.py took 0.573 seconds
[2025-02-06T16:48:17.853+0000] {processor.py:186} INFO - Started process (PID=1369) to work on /home/airflow/.local/lib/python3.12/site-packages/airflow/example_dags/example_bash_operator.py
[2025-02-06T16:48:17.854+0000] {processor.py:914} INFO - Processing file /home/airflow/.local/lib/python3.12/site-packages/airflow/example_dags/example_bash_operator.py for tasks to queue
[2025-02-06T16:48:17.858+0000] {logging_mixin.py:190} INFO - [2025-02-06T16:48:17.858+0000] {dagbag.py:588} INFO - Filling up the DagBag from /home/airflow/.local/lib/python3.12/site-packages/airflow/example_dags/example_bash_operator.py
[2025-02-06T16:48:17.881+0000] {processor.py:925} INFO - DAG(s) 'example_bash_operator' retrieved from /home/airflow/.local/lib/python3.12/site-packages/airflow/example_dags/example_bash_operator.py
[2025-02-06T16:48:17.912+0000] {logging_mixin.py:190} INFO - [2025-02-06T16:48:17.911+0000] {dag.py:3239} INFO - Sync 1 DAGs
[2025-02-06T16:48:17.940+0000] {logging_mixin.py:190} INFO - [2025-02-06T16:48:17.940+0000] {dag.py:4180} INFO - Setting next_dagrun for example_bash_operator to 2025-02-05 00:00:00+00:00, run_after=2025-02-06 00:00:00+00:00
[2025-02-06T16:48:17.967+0000] {processor.py:208} INFO - Processing /home/airflow/.local/lib/python3.12/site-packages/airflow/example_dags/example_bash_operator.py took 0.126 seconds
[2025-02-06T16:48:48.355+0000] {processor.py:186} INFO - Started process (PID=1426) to work on /home/airflow/.local/lib/python3.12/site-packages/airflow/example_dags/example_bash_operator.py
[2025-02-06T16:48:48.356+0000] {processor.py:914} INFO - Processing file /home/airflow/.local/lib/python3.12/site-packages/airflow/example_dags/example_bash_operator.py for tasks to queue
[2025-02-06T16:48:48.359+0000] {logging_mixin.py:190} INFO - [2025-02-06T16:48:48.359+0000] {dagbag.py:588} INFO - Filling up the DagBag from /home/airflow/.local/lib/python3.12/site-packages/airflow/example_dags/example_bash_operator.py
[2025-02-06T16:48:48.375+0000] {processor.py:925} INFO - DAG(s) 'example_bash_operator' retrieved from /home/airflow/.local/lib/python3.12/site-packages/airflow/example_dags/example_bash_operator.py
[2025-02-06T16:48:48.408+0000] {logging_mixin.py:190} INFO - [2025-02-06T16:48:48.408+0000] {dag.py:3239} INFO - Sync 1 DAGs
[2025-02-06T16:48:48.437+0000] {logging_mixin.py:190} INFO - [2025-02-06T16:48:48.437+0000] {dag.py:4180} INFO - Setting next_dagrun for example_bash_operator to 2025-02-05 00:00:00+00:00, run_after=2025-02-06 00:00:00+00:00
[2025-02-06T16:48:48.460+0000] {processor.py:208} INFO - Processing /home/airflow/.local/lib/python3.12/site-packages/airflow/example_dags/example_bash_operator.py took 0.112 seconds
[2025-02-06T16:49:18.908+0000] {processor.py:186} INFO - Started process (PID=1482) to work on /home/airflow/.local/lib/python3.12/site-packages/airflow/example_dags/example_bash_operator.py
[2025-02-06T16:49:18.909+0000] {processor.py:914} INFO - Processing file /home/airflow/.local/lib/python3.12/site-packages/airflow/example_dags/example_bash_operator.py for tasks to queue
[2025-02-06T16:49:18.913+0000] {logging_mixin.py:190} INFO - [2025-02-06T16:49:18.912+0000] {dagbag.py:588} INFO - Filling up the DagBag from /home/airflow/.local/lib/python3.12/site-packages/airflow/example_dags/example_bash_operator.py
[2025-02-06T16:49:18.932+0000] {processor.py:925} INFO - DAG(s) 'example_bash_operator' retrieved from /home/airflow/.local/lib/python3.12/site-packages/airflow/example_dags/example_bash_operator.py
[2025-02-06T16:49:18.972+0000] {logging_mixin.py:190} INFO - [2025-02-06T16:49:18.971+0000] {dag.py:3239} INFO - Sync 1 DAGs
[2025-02-06T16:49:19.008+0000] {logging_mixin.py:190} INFO - [2025-02-06T16:49:19.008+0000] {dag.py:4180} INFO - Setting next_dagrun for example_bash_operator to 2025-02-05 00:00:00+00:00, run_after=2025-02-06 00:00:00+00:00
[2025-02-06T16:49:19.039+0000] {processor.py:208} INFO - Processing /home/airflow/.local/lib/python3.12/site-packages/airflow/example_dags/example_bash_operator.py took 0.139 seconds
[2025-02-06T16:49:49.495+0000] {processor.py:186} INFO - Started process (PID=1539) to work on /home/airflow/.local/lib/python3.12/site-packages/airflow/example_dags/example_bash_operator.py
[2025-02-06T16:49:49.497+0000] {processor.py:914} INFO - Processing file /home/airflow/.local/lib/python3.12/site-packages/airflow/example_dags/example_bash_operator.py for tasks to queue
[2025-02-06T16:49:49.502+0000] {logging_mixin.py:190} INFO - [2025-02-06T16:49:49.502+0000] {dagbag.py:588} INFO - Filling up the DagBag from /home/airflow/.local/lib/python3.12/site-packages/airflow/example_dags/example_bash_operator.py
[2025-02-06T16:49:49.558+0000] {processor.py:925} INFO - DAG(s) 'example_bash_operator' retrieved from /home/airflow/.local/lib/python3.12/site-packages/airflow/example_dags/example_bash_operator.py
[2025-02-06T16:49:49.637+0000] {logging_mixin.py:190} INFO - [2025-02-06T16:49:49.636+0000] {dag.py:3239} INFO - Sync 1 DAGs
[2025-02-06T16:49:49.699+0000] {logging_mixin.py:190} INFO - [2025-02-06T16:49:49.698+0000] {dag.py:4180} INFO - Setting next_dagrun for example_bash_operator to 2025-02-05 00:00:00+00:00, run_after=2025-02-06 00:00:00+00:00
[2025-02-06T16:49:49.758+0000] {processor.py:208} INFO - Processing /home/airflow/.local/lib/python3.12/site-packages/airflow/example_dags/example_bash_operator.py took 0.282 seconds
[2025-02-06T16:50:19.990+0000] {processor.py:186} INFO - Started process (PID=1596) to work on /home/airflow/.local/lib/python3.12/site-packages/airflow/example_dags/example_bash_operator.py
[2025-02-06T16:50:19.992+0000] {processor.py:914} INFO - Processing file /home/airflow/.local/lib/python3.12/site-packages/airflow/example_dags/example_bash_operator.py for tasks to queue
[2025-02-06T16:50:19.994+0000] {logging_mixin.py:190} INFO - [2025-02-06T16:50:19.994+0000] {dagbag.py:588} INFO - Filling up the DagBag from /home/airflow/.local/lib/python3.12/site-packages/airflow/example_dags/example_bash_operator.py
[2025-02-06T16:50:20.011+0000] {processor.py:925} INFO - DAG(s) 'example_bash_operator' retrieved from /home/airflow/.local/lib/python3.12/site-packages/airflow/example_dags/example_bash_operator.py
[2025-02-06T16:50:20.044+0000] {logging_mixin.py:190} INFO - [2025-02-06T16:50:20.044+0000] {dag.py:3239} INFO - Sync 1 DAGs
[2025-02-06T16:50:20.077+0000] {logging_mixin.py:190} INFO - [2025-02-06T16:50:20.077+0000] {dag.py:4180} INFO - Setting next_dagrun for example_bash_operator to 2025-02-05 00:00:00+00:00, run_after=2025-02-06 00:00:00+00:00
[2025-02-06T16:50:20.099+0000] {processor.py:208} INFO - Processing /home/airflow/.local/lib/python3.12/site-packages/airflow/example_dags/example_bash_operator.py took 0.117 seconds
[2025-02-06T16:50:50.627+0000] {processor.py:186} INFO - Started process (PID=1653) to work on /home/airflow/.local/lib/python3.12/site-packages/airflow/example_dags/example_bash_operator.py
[2025-02-06T16:50:50.628+0000] {processor.py:914} INFO - Processing file /home/airflow/.local/lib/python3.12/site-packages/airflow/example_dags/example_bash_operator.py for tasks to queue
[2025-02-06T16:50:50.633+0000] {logging_mixin.py:190} INFO - [2025-02-06T16:50:50.632+0000] {dagbag.py:588} INFO - Filling up the DagBag from /home/airflow/.local/lib/python3.12/site-packages/airflow/example_dags/example_bash_operator.py
[2025-02-06T16:50:50.658+0000] {processor.py:925} INFO - DAG(s) 'example_bash_operator' retrieved from /home/airflow/.local/lib/python3.12/site-packages/airflow/example_dags/example_bash_operator.py
[2025-02-06T16:50:50.717+0000] {logging_mixin.py:190} INFO - [2025-02-06T16:50:50.717+0000] {dag.py:3239} INFO - Sync 1 DAGs
[2025-02-06T16:50:50.764+0000] {logging_mixin.py:190} INFO - [2025-02-06T16:50:50.764+0000] {dag.py:4180} INFO - Setting next_dagrun for example_bash_operator to 2025-02-05 00:00:00+00:00, run_after=2025-02-06 00:00:00+00:00
[2025-02-06T16:50:50.796+0000] {processor.py:208} INFO - Processing /home/airflow/.local/lib/python3.12/site-packages/airflow/example_dags/example_bash_operator.py took 0.184 seconds
[2025-02-06T16:51:20.894+0000] {processor.py:186} INFO - Started process (PID=1710) to work on /home/airflow/.local/lib/python3.12/site-packages/airflow/example_dags/example_bash_operator.py
[2025-02-06T16:51:20.896+0000] {processor.py:914} INFO - Processing file /home/airflow/.local/lib/python3.12/site-packages/airflow/example_dags/example_bash_operator.py for tasks to queue
[2025-02-06T16:51:20.899+0000] {logging_mixin.py:190} INFO - [2025-02-06T16:51:20.898+0000] {dagbag.py:588} INFO - Filling up the DagBag from /home/airflow/.local/lib/python3.12/site-packages/airflow/example_dags/example_bash_operator.py
[2025-02-06T16:51:20.917+0000] {processor.py:925} INFO - DAG(s) 'example_bash_operator' retrieved from /home/airflow/.local/lib/python3.12/site-packages/airflow/example_dags/example_bash_operator.py
[2025-02-06T16:51:20.954+0000] {logging_mixin.py:190} INFO - [2025-02-06T16:51:20.954+0000] {dag.py:3239} INFO - Sync 1 DAGs
[2025-02-06T16:51:20.987+0000] {logging_mixin.py:190} INFO - [2025-02-06T16:51:20.987+0000] {dag.py:4180} INFO - Setting next_dagrun for example_bash_operator to 2025-02-05 00:00:00+00:00, run_after=2025-02-06 00:00:00+00:00
[2025-02-06T16:51:21.015+0000] {processor.py:208} INFO - Processing /home/airflow/.local/lib/python3.12/site-packages/airflow/example_dags/example_bash_operator.py took 0.128 seconds
[2025-02-06T16:51:51.527+0000] {processor.py:186} INFO - Started process (PID=1767) to work on /home/airflow/.local/lib/python3.12/site-packages/airflow/example_dags/example_bash_operator.py
[2025-02-06T16:51:51.528+0000] {processor.py:914} INFO - Processing file /home/airflow/.local/lib/python3.12/site-packages/airflow/example_dags/example_bash_operator.py for tasks to queue
[2025-02-06T16:51:51.531+0000] {logging_mixin.py:190} INFO - [2025-02-06T16:51:51.531+0000] {dagbag.py:588} INFO - Filling up the DagBag from /home/airflow/.local/lib/python3.12/site-packages/airflow/example_dags/example_bash_operator.py
[2025-02-06T16:51:51.549+0000] {processor.py:925} INFO - DAG(s) 'example_bash_operator' retrieved from /home/airflow/.local/lib/python3.12/site-packages/airflow/example_dags/example_bash_operator.py
[2025-02-06T16:51:51.585+0000] {logging_mixin.py:190} INFO - [2025-02-06T16:51:51.584+0000] {dag.py:3239} INFO - Sync 1 DAGs
[2025-02-06T16:51:51.619+0000] {logging_mixin.py:190} INFO - [2025-02-06T16:51:51.619+0000] {dag.py:4180} INFO - Setting next_dagrun for example_bash_operator to 2025-02-05 00:00:00+00:00, run_after=2025-02-06 00:00:00+00:00
[2025-02-06T16:51:51.642+0000] {processor.py:208} INFO - Processing /home/airflow/.local/lib/python3.12/site-packages/airflow/example_dags/example_bash_operator.py took 0.123 seconds
[2025-02-06T16:52:22.017+0000] {processor.py:186} INFO - Started process (PID=1824) to work on /home/airflow/.local/lib/python3.12/site-packages/airflow/example_dags/example_bash_operator.py
[2025-02-06T16:52:22.018+0000] {processor.py:914} INFO - Processing file /home/airflow/.local/lib/python3.12/site-packages/airflow/example_dags/example_bash_operator.py for tasks to queue
[2025-02-06T16:52:22.021+0000] {logging_mixin.py:190} INFO - [2025-02-06T16:52:22.021+0000] {dagbag.py:588} INFO - Filling up the DagBag from /home/airflow/.local/lib/python3.12/site-packages/airflow/example_dags/example_bash_operator.py
[2025-02-06T16:52:22.060+0000] {processor.py:925} INFO - DAG(s) 'example_bash_operator' retrieved from /home/airflow/.local/lib/python3.12/site-packages/airflow/example_dags/example_bash_operator.py
[2025-02-06T16:52:22.105+0000] {logging_mixin.py:190} INFO - [2025-02-06T16:52:22.105+0000] {dag.py:3239} INFO - Sync 1 DAGs
[2025-02-06T16:52:22.136+0000] {logging_mixin.py:190} INFO - [2025-02-06T16:52:22.136+0000] {dag.py:4180} INFO - Setting next_dagrun for example_bash_operator to 2025-02-05 00:00:00+00:00, run_after=2025-02-06 00:00:00+00:00
[2025-02-06T16:52:22.159+0000] {processor.py:208} INFO - Processing /home/airflow/.local/lib/python3.12/site-packages/airflow/example_dags/example_bash_operator.py took 0.150 seconds
[2025-02-06T16:52:52.255+0000] {processor.py:186} INFO - Started process (PID=1881) to work on /home/airflow/.local/lib/python3.12/site-packages/airflow/example_dags/example_bash_operator.py
[2025-02-06T16:52:52.256+0000] {processor.py:914} INFO - Processing file /home/airflow/.local/lib/python3.12/site-packages/airflow/example_dags/example_bash_operator.py for tasks to queue
[2025-02-06T16:52:52.259+0000] {logging_mixin.py:190} INFO - [2025-02-06T16:52:52.258+0000] {dagbag.py:588} INFO - Filling up the DagBag from /home/airflow/.local/lib/python3.12/site-packages/airflow/example_dags/example_bash_operator.py
[2025-02-06T16:52:52.275+0000] {processor.py:925} INFO - DAG(s) 'example_bash_operator' retrieved from /home/airflow/.local/lib/python3.12/site-packages/airflow/example_dags/example_bash_operator.py
[2025-02-06T16:52:52.307+0000] {logging_mixin.py:190} INFO - [2025-02-06T16:52:52.307+0000] {dag.py:3239} INFO - Sync 1 DAGs
[2025-02-06T16:52:52.339+0000] {logging_mixin.py:190} INFO - [2025-02-06T16:52:52.339+0000] {dag.py:4180} INFO - Setting next_dagrun for example_bash_operator to 2025-02-05 00:00:00+00:00, run_after=2025-02-06 00:00:00+00:00
[2025-02-06T16:52:52.362+0000] {processor.py:208} INFO - Processing /home/airflow/.local/lib/python3.12/site-packages/airflow/example_dags/example_bash_operator.py took 0.120 seconds
[2025-02-06T16:53:23.666+0000] {processor.py:186} INFO - Started process (PID=1938) to work on /home/airflow/.local/lib/python3.12/site-packages/airflow/example_dags/example_bash_operator.py
[2025-02-06T16:53:23.668+0000] {processor.py:914} INFO - Processing file /home/airflow/.local/lib/python3.12/site-packages/airflow/example_dags/example_bash_operator.py for tasks to queue
[2025-02-06T16:53:23.671+0000] {logging_mixin.py:190} INFO - [2025-02-06T16:53:23.671+0000] {dagbag.py:588} INFO - Filling up the DagBag from /home/airflow/.local/lib/python3.12/site-packages/airflow/example_dags/example_bash_operator.py
[2025-02-06T16:53:23.693+0000] {processor.py:925} INFO - DAG(s) 'example_bash_operator' retrieved from /home/airflow/.local/lib/python3.12/site-packages/airflow/example_dags/example_bash_operator.py
[2025-02-06T16:53:23.737+0000] {logging_mixin.py:190} INFO - [2025-02-06T16:53:23.736+0000] {dag.py:3239} INFO - Sync 1 DAGs
[2025-02-06T16:53:23.787+0000] {logging_mixin.py:190} INFO - [2025-02-06T16:53:23.786+0000] {dag.py:4180} INFO - Setting next_dagrun for example_bash_operator to 2025-02-05 00:00:00+00:00, run_after=2025-02-06 00:00:00+00:00
[2025-02-06T16:53:23.826+0000] {processor.py:208} INFO - Processing /home/airflow/.local/lib/python3.12/site-packages/airflow/example_dags/example_bash_operator.py took 0.170 seconds
[2025-02-06T16:53:56.413+0000] {processor.py:186} INFO - Started process (PID=1995) to work on /home/airflow/.local/lib/python3.12/site-packages/airflow/example_dags/example_bash_operator.py
[2025-02-06T16:53:56.415+0000] {processor.py:914} INFO - Processing file /home/airflow/.local/lib/python3.12/site-packages/airflow/example_dags/example_bash_operator.py for tasks to queue
[2025-02-06T16:53:56.425+0000] {logging_mixin.py:190} INFO - [2025-02-06T16:53:56.424+0000] {dagbag.py:588} INFO - Filling up the DagBag from /home/airflow/.local/lib/python3.12/site-packages/airflow/example_dags/example_bash_operator.py
[2025-02-06T16:53:56.453+0000] {processor.py:925} INFO - DAG(s) 'example_bash_operator' retrieved from /home/airflow/.local/lib/python3.12/site-packages/airflow/example_dags/example_bash_operator.py
[2025-02-06T16:53:56.552+0000] {logging_mixin.py:190} INFO - [2025-02-06T16:53:56.552+0000] {dag.py:3239} INFO - Sync 1 DAGs
[2025-02-06T16:53:56.638+0000] {logging_mixin.py:190} INFO - [2025-02-06T16:53:56.638+0000] {dag.py:4180} INFO - Setting next_dagrun for example_bash_operator to 2025-02-05 00:00:00+00:00, run_after=2025-02-06 00:00:00+00:00
[2025-02-06T16:53:56.708+0000] {processor.py:208} INFO - Processing /home/airflow/.local/lib/python3.12/site-packages/airflow/example_dags/example_bash_operator.py took 0.302 seconds
[2025-02-06T16:54:28.205+0000] {processor.py:186} INFO - Started process (PID=2050) to work on /home/airflow/.local/lib/python3.12/site-packages/airflow/example_dags/example_bash_operator.py
[2025-02-06T16:54:28.207+0000] {processor.py:914} INFO - Processing file /home/airflow/.local/lib/python3.12/site-packages/airflow/example_dags/example_bash_operator.py for tasks to queue
[2025-02-06T16:54:28.219+0000] {logging_mixin.py:190} INFO - [2025-02-06T16:54:28.218+0000] {dagbag.py:588} INFO - Filling up the DagBag from /home/airflow/.local/lib/python3.12/site-packages/airflow/example_dags/example_bash_operator.py
[2025-02-06T16:54:28.287+0000] {processor.py:925} INFO - DAG(s) 'example_bash_operator' retrieved from /home/airflow/.local/lib/python3.12/site-packages/airflow/example_dags/example_bash_operator.py
[2025-02-06T16:54:28.390+0000] {logging_mixin.py:190} INFO - [2025-02-06T16:54:28.384+0000] {dag.py:3239} INFO - Sync 1 DAGs
[2025-02-06T16:54:28.489+0000] {logging_mixin.py:190} INFO - [2025-02-06T16:54:28.488+0000] {dag.py:4180} INFO - Setting next_dagrun for example_bash_operator to 2025-02-05 00:00:00+00:00, run_after=2025-02-06 00:00:00+00:00
[2025-02-06T16:54:28.530+0000] {processor.py:208} INFO - Processing /home/airflow/.local/lib/python3.12/site-packages/airflow/example_dags/example_bash_operator.py took 0.345 seconds
[2025-02-06T16:54:59.511+0000] {processor.py:186} INFO - Started process (PID=2107) to work on /home/airflow/.local/lib/python3.12/site-packages/airflow/example_dags/example_bash_operator.py
[2025-02-06T16:54:59.512+0000] {processor.py:914} INFO - Processing file /home/airflow/.local/lib/python3.12/site-packages/airflow/example_dags/example_bash_operator.py for tasks to queue
[2025-02-06T16:54:59.515+0000] {logging_mixin.py:190} INFO - [2025-02-06T16:54:59.515+0000] {dagbag.py:588} INFO - Filling up the DagBag from /home/airflow/.local/lib/python3.12/site-packages/airflow/example_dags/example_bash_operator.py
[2025-02-06T16:54:59.532+0000] {processor.py:925} INFO - DAG(s) 'example_bash_operator' retrieved from /home/airflow/.local/lib/python3.12/site-packages/airflow/example_dags/example_bash_operator.py
[2025-02-06T16:54:59.578+0000] {logging_mixin.py:190} INFO - [2025-02-06T16:54:59.577+0000] {dag.py:3239} INFO - Sync 1 DAGs
[2025-02-06T16:54:59.622+0000] {logging_mixin.py:190} INFO - [2025-02-06T16:54:59.622+0000] {dag.py:4180} INFO - Setting next_dagrun for example_bash_operator to 2025-02-05 00:00:00+00:00, run_after=2025-02-06 00:00:00+00:00
[2025-02-06T16:54:59.657+0000] {processor.py:208} INFO - Processing /home/airflow/.local/lib/python3.12/site-packages/airflow/example_dags/example_bash_operator.py took 0.154 seconds
[2025-02-06T17:23:34.859+0000] {processor.py:186} INFO - Started process (PID=63) to work on /home/airflow/.local/lib/python3.12/site-packages/airflow/example_dags/example_bash_operator.py
[2025-02-06T17:23:34.861+0000] {processor.py:914} INFO - Processing file /home/airflow/.local/lib/python3.12/site-packages/airflow/example_dags/example_bash_operator.py for tasks to queue
[2025-02-06T17:23:34.866+0000] {logging_mixin.py:190} INFO - [2025-02-06T17:23:34.865+0000] {dagbag.py:588} INFO - Filling up the DagBag from /home/airflow/.local/lib/python3.12/site-packages/airflow/example_dags/example_bash_operator.py
[2025-02-06T17:23:34.889+0000] {processor.py:925} INFO - DAG(s) 'example_bash_operator' retrieved from /home/airflow/.local/lib/python3.12/site-packages/airflow/example_dags/example_bash_operator.py
[2025-02-06T17:23:35.064+0000] {logging_mixin.py:190} INFO - [2025-02-06T17:23:35.063+0000] {override.py:1911} INFO - Created Permission View: can delete on DAG:example_bash_operator
[2025-02-06T17:23:35.083+0000] {logging_mixin.py:190} INFO - [2025-02-06T17:23:35.082+0000] {override.py:1911} INFO - Created Permission View: can read on DAG:example_bash_operator
[2025-02-06T17:23:35.097+0000] {logging_mixin.py:190} INFO - [2025-02-06T17:23:35.097+0000] {override.py:1911} INFO - Created Permission View: can edit on DAG:example_bash_operator
[2025-02-06T17:23:35.111+0000] {logging_mixin.py:190} INFO - [2025-02-06T17:23:35.111+0000] {override.py:1911} INFO - Created Permission View: menu access on DAG Run:example_bash_operator
[2025-02-06T17:23:35.125+0000] {logging_mixin.py:190} INFO - [2025-02-06T17:23:35.124+0000] {override.py:1911} INFO - Created Permission View: can delete on DAG Run:example_bash_operator
[2025-02-06T17:23:35.139+0000] {logging_mixin.py:190} INFO - [2025-02-06T17:23:35.138+0000] {override.py:1911} INFO - Created Permission View: can create on DAG Run:example_bash_operator
[2025-02-06T17:23:35.154+0000] {logging_mixin.py:190} INFO - [2025-02-06T17:23:35.153+0000] {override.py:1911} INFO - Created Permission View: can read on DAG Run:example_bash_operator
[2025-02-06T17:23:35.161+0000] {logging_mixin.py:190} INFO - [2025-02-06T17:23:35.156+0000] {dag.py:3239} INFO - Sync 1 DAGs
[2025-02-06T17:23:35.203+0000] {logging_mixin.py:190} INFO - [2025-02-06T17:23:35.202+0000] {dag.py:3262} INFO - Creating ORM DAG for example_bash_operator
[2025-02-06T17:23:35.237+0000] {logging_mixin.py:190} INFO - [2025-02-06T17:23:35.237+0000] {dag.py:4180} INFO - Setting next_dagrun for example_bash_operator to 2025-02-05 00:00:00+00:00, run_after=2025-02-06 00:00:00+00:00
[2025-02-06T17:23:35.273+0000] {processor.py:208} INFO - Processing /home/airflow/.local/lib/python3.12/site-packages/airflow/example_dags/example_bash_operator.py took 0.424 seconds
[2025-02-06T17:24:05.419+0000] {processor.py:186} INFO - Started process (PID=120) to work on /home/airflow/.local/lib/python3.12/site-packages/airflow/example_dags/example_bash_operator.py
[2025-02-06T17:24:05.421+0000] {processor.py:914} INFO - Processing file /home/airflow/.local/lib/python3.12/site-packages/airflow/example_dags/example_bash_operator.py for tasks to queue
[2025-02-06T17:24:05.425+0000] {logging_mixin.py:190} INFO - [2025-02-06T17:24:05.424+0000] {dagbag.py:588} INFO - Filling up the DagBag from /home/airflow/.local/lib/python3.12/site-packages/airflow/example_dags/example_bash_operator.py
[2025-02-06T17:24:05.459+0000] {processor.py:925} INFO - DAG(s) 'example_bash_operator' retrieved from /home/airflow/.local/lib/python3.12/site-packages/airflow/example_dags/example_bash_operator.py
[2025-02-06T17:24:05.508+0000] {logging_mixin.py:190} INFO - [2025-02-06T17:24:05.507+0000] {dag.py:3239} INFO - Sync 1 DAGs
[2025-02-06T17:24:05.556+0000] {logging_mixin.py:190} INFO - [2025-02-06T17:24:05.555+0000] {dag.py:4180} INFO - Setting next_dagrun for example_bash_operator to 2025-02-05 00:00:00+00:00, run_after=2025-02-06 00:00:00+00:00
[2025-02-06T17:24:05.598+0000] {processor.py:208} INFO - Processing /home/airflow/.local/lib/python3.12/site-packages/airflow/example_dags/example_bash_operator.py took 0.195 seconds
[2025-02-06T17:24:37.774+0000] {processor.py:186} INFO - Started process (PID=177) to work on /home/airflow/.local/lib/python3.12/site-packages/airflow/example_dags/example_bash_operator.py
[2025-02-06T17:24:37.775+0000] {processor.py:914} INFO - Processing file /home/airflow/.local/lib/python3.12/site-packages/airflow/example_dags/example_bash_operator.py for tasks to queue
[2025-02-06T17:24:37.779+0000] {logging_mixin.py:190} INFO - [2025-02-06T17:24:37.778+0000] {dagbag.py:588} INFO - Filling up the DagBag from /home/airflow/.local/lib/python3.12/site-packages/airflow/example_dags/example_bash_operator.py
[2025-02-06T17:24:37.803+0000] {processor.py:925} INFO - DAG(s) 'example_bash_operator' retrieved from /home/airflow/.local/lib/python3.12/site-packages/airflow/example_dags/example_bash_operator.py
[2025-02-06T17:24:37.862+0000] {logging_mixin.py:190} INFO - [2025-02-06T17:24:37.862+0000] {dag.py:3239} INFO - Sync 1 DAGs
[2025-02-06T17:24:37.908+0000] {logging_mixin.py:190} INFO - [2025-02-06T17:24:37.908+0000] {dag.py:4180} INFO - Setting next_dagrun for example_bash_operator to 2025-02-05 00:00:00+00:00, run_after=2025-02-06 00:00:00+00:00
[2025-02-06T17:24:37.963+0000] {processor.py:208} INFO - Processing /home/airflow/.local/lib/python3.12/site-packages/airflow/example_dags/example_bash_operator.py took 0.205 seconds
[2025-02-06T17:25:10.029+0000] {processor.py:186} INFO - Started process (PID=234) to work on /home/airflow/.local/lib/python3.12/site-packages/airflow/example_dags/example_bash_operator.py
[2025-02-06T17:25:10.030+0000] {processor.py:914} INFO - Processing file /home/airflow/.local/lib/python3.12/site-packages/airflow/example_dags/example_bash_operator.py for tasks to queue
[2025-02-06T17:25:10.037+0000] {logging_mixin.py:190} INFO - [2025-02-06T17:25:10.037+0000] {dagbag.py:588} INFO - Filling up the DagBag from /home/airflow/.local/lib/python3.12/site-packages/airflow/example_dags/example_bash_operator.py
[2025-02-06T17:25:10.060+0000] {processor.py:925} INFO - DAG(s) 'example_bash_operator' retrieved from /home/airflow/.local/lib/python3.12/site-packages/airflow/example_dags/example_bash_operator.py
[2025-02-06T17:25:10.102+0000] {logging_mixin.py:190} INFO - [2025-02-06T17:25:10.102+0000] {dag.py:3239} INFO - Sync 1 DAGs
[2025-02-06T17:25:10.156+0000] {logging_mixin.py:190} INFO - [2025-02-06T17:25:10.155+0000] {dag.py:4180} INFO - Setting next_dagrun for example_bash_operator to 2025-02-05 00:00:00+00:00, run_after=2025-02-06 00:00:00+00:00
[2025-02-06T17:25:10.198+0000] {processor.py:208} INFO - Processing /home/airflow/.local/lib/python3.12/site-packages/airflow/example_dags/example_bash_operator.py took 0.179 seconds
[2025-02-06T17:25:41.660+0000] {processor.py:186} INFO - Started process (PID=291) to work on /home/airflow/.local/lib/python3.12/site-packages/airflow/example_dags/example_bash_operator.py
[2025-02-06T17:25:41.662+0000] {processor.py:914} INFO - Processing file /home/airflow/.local/lib/python3.12/site-packages/airflow/example_dags/example_bash_operator.py for tasks to queue
[2025-02-06T17:25:41.667+0000] {logging_mixin.py:190} INFO - [2025-02-06T17:25:41.667+0000] {dagbag.py:588} INFO - Filling up the DagBag from /home/airflow/.local/lib/python3.12/site-packages/airflow/example_dags/example_bash_operator.py
[2025-02-06T17:25:41.703+0000] {processor.py:925} INFO - DAG(s) 'example_bash_operator' retrieved from /home/airflow/.local/lib/python3.12/site-packages/airflow/example_dags/example_bash_operator.py
[2025-02-06T17:25:41.766+0000] {logging_mixin.py:190} INFO - [2025-02-06T17:25:41.766+0000] {dag.py:3239} INFO - Sync 1 DAGs
[2025-02-06T17:25:41.800+0000] {logging_mixin.py:190} INFO - [2025-02-06T17:25:41.800+0000] {dag.py:4180} INFO - Setting next_dagrun for example_bash_operator to 2025-02-05 00:00:00+00:00, run_after=2025-02-06 00:00:00+00:00
[2025-02-06T17:25:41.829+0000] {processor.py:208} INFO - Processing /home/airflow/.local/lib/python3.12/site-packages/airflow/example_dags/example_bash_operator.py took 0.185 seconds
[2025-02-06T17:26:13.204+0000] {processor.py:186} INFO - Started process (PID=348) to work on /home/airflow/.local/lib/python3.12/site-packages/airflow/example_dags/example_bash_operator.py
[2025-02-06T17:26:13.206+0000] {processor.py:914} INFO - Processing file /home/airflow/.local/lib/python3.12/site-packages/airflow/example_dags/example_bash_operator.py for tasks to queue
[2025-02-06T17:26:13.209+0000] {logging_mixin.py:190} INFO - [2025-02-06T17:26:13.209+0000] {dagbag.py:588} INFO - Filling up the DagBag from /home/airflow/.local/lib/python3.12/site-packages/airflow/example_dags/example_bash_operator.py
[2025-02-06T17:26:13.232+0000] {processor.py:925} INFO - DAG(s) 'example_bash_operator' retrieved from /home/airflow/.local/lib/python3.12/site-packages/airflow/example_dags/example_bash_operator.py
[2025-02-06T17:26:13.280+0000] {logging_mixin.py:190} INFO - [2025-02-06T17:26:13.280+0000] {dag.py:3239} INFO - Sync 1 DAGs
[2025-02-06T17:26:13.314+0000] {logging_mixin.py:190} INFO - [2025-02-06T17:26:13.313+0000] {dag.py:4180} INFO - Setting next_dagrun for example_bash_operator to 2025-02-05 00:00:00+00:00, run_after=2025-02-06 00:00:00+00:00
[2025-02-06T17:26:13.342+0000] {processor.py:208} INFO - Processing /home/airflow/.local/lib/python3.12/site-packages/airflow/example_dags/example_bash_operator.py took 0.153 seconds
[2025-02-06T17:29:23.243+0000] {processor.py:186} INFO - Started process (PID=62) to work on /home/airflow/.local/lib/python3.12/site-packages/airflow/example_dags/example_bash_operator.py
[2025-02-06T17:29:23.245+0000] {processor.py:914} INFO - Processing file /home/airflow/.local/lib/python3.12/site-packages/airflow/example_dags/example_bash_operator.py for tasks to queue
[2025-02-06T17:29:23.257+0000] {logging_mixin.py:190} INFO - [2025-02-06T17:29:23.256+0000] {dagbag.py:588} INFO - Filling up the DagBag from /home/airflow/.local/lib/python3.12/site-packages/airflow/example_dags/example_bash_operator.py
[2025-02-06T17:29:23.307+0000] {processor.py:925} INFO - DAG(s) 'example_bash_operator' retrieved from /home/airflow/.local/lib/python3.12/site-packages/airflow/example_dags/example_bash_operator.py
[2025-02-06T17:29:24.055+0000] {logging_mixin.py:190} INFO - [2025-02-06T17:29:24.054+0000] {override.py:1911} INFO - Created Permission View: can read on DAG:example_bash_operator
[2025-02-06T17:29:24.157+0000] {logging_mixin.py:190} INFO - [2025-02-06T17:29:24.156+0000] {override.py:1911} INFO - Created Permission View: can edit on DAG:example_bash_operator
[2025-02-06T17:29:24.223+0000] {logging_mixin.py:190} INFO - [2025-02-06T17:29:24.222+0000] {override.py:1911} INFO - Created Permission View: can delete on DAG:example_bash_operator
[2025-02-06T17:29:24.395+0000] {logging_mixin.py:190} INFO - [2025-02-06T17:29:24.394+0000] {override.py:1911} INFO - Created Permission View: can read on DAG Run:example_bash_operator
[2025-02-06T17:29:24.483+0000] {logging_mixin.py:190} INFO - [2025-02-06T17:29:24.483+0000] {override.py:1911} INFO - Created Permission View: menu access on DAG Run:example_bash_operator
[2025-02-06T17:29:24.574+0000] {logging_mixin.py:190} INFO - [2025-02-06T17:29:24.573+0000] {override.py:1911} INFO - Created Permission View: can delete on DAG Run:example_bash_operator
[2025-02-06T17:29:24.641+0000] {logging_mixin.py:190} INFO - [2025-02-06T17:29:24.640+0000] {override.py:1911} INFO - Created Permission View: can create on DAG Run:example_bash_operator
[2025-02-06T17:29:24.642+0000] {logging_mixin.py:190} INFO - [2025-02-06T17:29:24.642+0000] {dag.py:3239} INFO - Sync 1 DAGs
[2025-02-06T17:29:24.664+0000] {logging_mixin.py:190} INFO - [2025-02-06T17:29:24.664+0000] {dag.py:3262} INFO - Creating ORM DAG for example_bash_operator
[2025-02-06T17:29:24.703+0000] {logging_mixin.py:190} INFO - [2025-02-06T17:29:24.702+0000] {dag.py:4180} INFO - Setting next_dagrun for example_bash_operator to 2025-02-05 00:00:00+00:00, run_after=2025-02-06 00:00:00+00:00
[2025-02-06T17:29:24.790+0000] {processor.py:208} INFO - Processing /home/airflow/.local/lib/python3.12/site-packages/airflow/example_dags/example_bash_operator.py took 1.567 seconds
[2025-02-06T17:29:56.406+0000] {processor.py:186} INFO - Started process (PID=119) to work on /home/airflow/.local/lib/python3.12/site-packages/airflow/example_dags/example_bash_operator.py
[2025-02-06T17:29:56.408+0000] {processor.py:914} INFO - Processing file /home/airflow/.local/lib/python3.12/site-packages/airflow/example_dags/example_bash_operator.py for tasks to queue
[2025-02-06T17:29:56.411+0000] {logging_mixin.py:190} INFO - [2025-02-06T17:29:56.411+0000] {dagbag.py:588} INFO - Filling up the DagBag from /home/airflow/.local/lib/python3.12/site-packages/airflow/example_dags/example_bash_operator.py
[2025-02-06T17:29:56.435+0000] {processor.py:925} INFO - DAG(s) 'example_bash_operator' retrieved from /home/airflow/.local/lib/python3.12/site-packages/airflow/example_dags/example_bash_operator.py
[2025-02-06T17:29:56.509+0000] {logging_mixin.py:190} INFO - [2025-02-06T17:29:56.508+0000] {dag.py:3239} INFO - Sync 1 DAGs
[2025-02-06T17:29:56.561+0000] {logging_mixin.py:190} INFO - [2025-02-06T17:29:56.560+0000] {dag.py:4180} INFO - Setting next_dagrun for example_bash_operator to 2025-02-05 00:00:00+00:00, run_after=2025-02-06 00:00:00+00:00
[2025-02-06T17:29:56.601+0000] {processor.py:208} INFO - Processing /home/airflow/.local/lib/python3.12/site-packages/airflow/example_dags/example_bash_operator.py took 0.210 seconds
[2025-02-06T17:30:28.441+0000] {processor.py:186} INFO - Started process (PID=176) to work on /home/airflow/.local/lib/python3.12/site-packages/airflow/example_dags/example_bash_operator.py
[2025-02-06T17:30:28.442+0000] {processor.py:914} INFO - Processing file /home/airflow/.local/lib/python3.12/site-packages/airflow/example_dags/example_bash_operator.py for tasks to queue
[2025-02-06T17:30:28.447+0000] {logging_mixin.py:190} INFO - [2025-02-06T17:30:28.446+0000] {dagbag.py:588} INFO - Filling up the DagBag from /home/airflow/.local/lib/python3.12/site-packages/airflow/example_dags/example_bash_operator.py
[2025-02-06T17:30:28.470+0000] {processor.py:925} INFO - DAG(s) 'example_bash_operator' retrieved from /home/airflow/.local/lib/python3.12/site-packages/airflow/example_dags/example_bash_operator.py
[2025-02-06T17:30:28.509+0000] {logging_mixin.py:190} INFO - [2025-02-06T17:30:28.509+0000] {dag.py:3239} INFO - Sync 1 DAGs
[2025-02-06T17:30:28.544+0000] {logging_mixin.py:190} INFO - [2025-02-06T17:30:28.543+0000] {dag.py:4180} INFO - Setting next_dagrun for example_bash_operator to 2025-02-05 00:00:00+00:00, run_after=2025-02-06 00:00:00+00:00
[2025-02-06T17:30:28.584+0000] {processor.py:208} INFO - Processing /home/airflow/.local/lib/python3.12/site-packages/airflow/example_dags/example_bash_operator.py took 0.153 seconds
[2025-02-06T17:31:01.094+0000] {processor.py:186} INFO - Started process (PID=233) to work on /home/airflow/.local/lib/python3.12/site-packages/airflow/example_dags/example_bash_operator.py
[2025-02-06T17:31:01.096+0000] {processor.py:914} INFO - Processing file /home/airflow/.local/lib/python3.12/site-packages/airflow/example_dags/example_bash_operator.py for tasks to queue
[2025-02-06T17:31:01.100+0000] {logging_mixin.py:190} INFO - [2025-02-06T17:31:01.100+0000] {dagbag.py:588} INFO - Filling up the DagBag from /home/airflow/.local/lib/python3.12/site-packages/airflow/example_dags/example_bash_operator.py
[2025-02-06T17:31:01.122+0000] {processor.py:925} INFO - DAG(s) 'example_bash_operator' retrieved from /home/airflow/.local/lib/python3.12/site-packages/airflow/example_dags/example_bash_operator.py
[2025-02-06T17:31:01.169+0000] {logging_mixin.py:190} INFO - [2025-02-06T17:31:01.168+0000] {dag.py:3239} INFO - Sync 1 DAGs
[2025-02-06T17:31:01.206+0000] {logging_mixin.py:190} INFO - [2025-02-06T17:31:01.206+0000] {dag.py:4180} INFO - Setting next_dagrun for example_bash_operator to 2025-02-05 00:00:00+00:00, run_after=2025-02-06 00:00:00+00:00
[2025-02-06T17:31:01.236+0000] {processor.py:208} INFO - Processing /home/airflow/.local/lib/python3.12/site-packages/airflow/example_dags/example_bash_operator.py took 0.152 seconds
[2025-02-06T17:31:31.758+0000] {processor.py:186} INFO - Started process (PID=290) to work on /home/airflow/.local/lib/python3.12/site-packages/airflow/example_dags/example_bash_operator.py
[2025-02-06T17:31:31.759+0000] {processor.py:914} INFO - Processing file /home/airflow/.local/lib/python3.12/site-packages/airflow/example_dags/example_bash_operator.py for tasks to queue
[2025-02-06T17:31:31.762+0000] {logging_mixin.py:190} INFO - [2025-02-06T17:31:31.762+0000] {dagbag.py:588} INFO - Filling up the DagBag from /home/airflow/.local/lib/python3.12/site-packages/airflow/example_dags/example_bash_operator.py
[2025-02-06T17:31:31.782+0000] {processor.py:925} INFO - DAG(s) 'example_bash_operator' retrieved from /home/airflow/.local/lib/python3.12/site-packages/airflow/example_dags/example_bash_operator.py
[2025-02-06T17:31:31.830+0000] {logging_mixin.py:190} INFO - [2025-02-06T17:31:31.830+0000] {dag.py:3239} INFO - Sync 1 DAGs
[2025-02-06T17:31:31.872+0000] {logging_mixin.py:190} INFO - [2025-02-06T17:31:31.872+0000] {dag.py:4180} INFO - Setting next_dagrun for example_bash_operator to 2025-02-05 00:00:00+00:00, run_after=2025-02-06 00:00:00+00:00
[2025-02-06T17:31:31.903+0000] {processor.py:208} INFO - Processing /home/airflow/.local/lib/python3.12/site-packages/airflow/example_dags/example_bash_operator.py took 0.159 seconds
[2025-02-06T17:32:03.250+0000] {processor.py:186} INFO - Started process (PID=347) to work on /home/airflow/.local/lib/python3.12/site-packages/airflow/example_dags/example_bash_operator.py
[2025-02-06T17:32:03.252+0000] {processor.py:914} INFO - Processing file /home/airflow/.local/lib/python3.12/site-packages/airflow/example_dags/example_bash_operator.py for tasks to queue
[2025-02-06T17:32:03.257+0000] {logging_mixin.py:190} INFO - [2025-02-06T17:32:03.256+0000] {dagbag.py:588} INFO - Filling up the DagBag from /home/airflow/.local/lib/python3.12/site-packages/airflow/example_dags/example_bash_operator.py
[2025-02-06T17:32:03.293+0000] {processor.py:925} INFO - DAG(s) 'example_bash_operator' retrieved from /home/airflow/.local/lib/python3.12/site-packages/airflow/example_dags/example_bash_operator.py
[2025-02-06T17:32:03.360+0000] {logging_mixin.py:190} INFO - [2025-02-06T17:32:03.359+0000] {dag.py:3239} INFO - Sync 1 DAGs
[2025-02-06T17:32:03.423+0000] {logging_mixin.py:190} INFO - [2025-02-06T17:32:03.423+0000] {dag.py:4180} INFO - Setting next_dagrun for example_bash_operator to 2025-02-05 00:00:00+00:00, run_after=2025-02-06 00:00:00+00:00
[2025-02-06T17:32:03.467+0000] {processor.py:208} INFO - Processing /home/airflow/.local/lib/python3.12/site-packages/airflow/example_dags/example_bash_operator.py took 0.232 seconds
[2025-02-06T17:32:34.936+0000] {processor.py:186} INFO - Started process (PID=404) to work on /home/airflow/.local/lib/python3.12/site-packages/airflow/example_dags/example_bash_operator.py
[2025-02-06T17:32:34.937+0000] {processor.py:914} INFO - Processing file /home/airflow/.local/lib/python3.12/site-packages/airflow/example_dags/example_bash_operator.py for tasks to queue
[2025-02-06T17:32:34.940+0000] {logging_mixin.py:190} INFO - [2025-02-06T17:32:34.940+0000] {dagbag.py:588} INFO - Filling up the DagBag from /home/airflow/.local/lib/python3.12/site-packages/airflow/example_dags/example_bash_operator.py
[2025-02-06T17:32:34.962+0000] {processor.py:925} INFO - DAG(s) 'example_bash_operator' retrieved from /home/airflow/.local/lib/python3.12/site-packages/airflow/example_dags/example_bash_operator.py
[2025-02-06T17:32:35.021+0000] {logging_mixin.py:190} INFO - [2025-02-06T17:32:35.020+0000] {dag.py:3239} INFO - Sync 1 DAGs
[2025-02-06T17:32:35.066+0000] {logging_mixin.py:190} INFO - [2025-02-06T17:32:35.065+0000] {dag.py:4180} INFO - Setting next_dagrun for example_bash_operator to 2025-02-05 00:00:00+00:00, run_after=2025-02-06 00:00:00+00:00
[2025-02-06T17:32:35.100+0000] {processor.py:208} INFO - Processing /home/airflow/.local/lib/python3.12/site-packages/airflow/example_dags/example_bash_operator.py took 0.176 seconds
[2025-02-06T17:33:06.180+0000] {processor.py:186} INFO - Started process (PID=461) to work on /home/airflow/.local/lib/python3.12/site-packages/airflow/example_dags/example_bash_operator.py
[2025-02-06T17:33:06.182+0000] {processor.py:914} INFO - Processing file /home/airflow/.local/lib/python3.12/site-packages/airflow/example_dags/example_bash_operator.py for tasks to queue
[2025-02-06T17:33:06.185+0000] {logging_mixin.py:190} INFO - [2025-02-06T17:33:06.185+0000] {dagbag.py:588} INFO - Filling up the DagBag from /home/airflow/.local/lib/python3.12/site-packages/airflow/example_dags/example_bash_operator.py
[2025-02-06T17:33:06.201+0000] {processor.py:925} INFO - DAG(s) 'example_bash_operator' retrieved from /home/airflow/.local/lib/python3.12/site-packages/airflow/example_dags/example_bash_operator.py
[2025-02-06T17:33:06.244+0000] {logging_mixin.py:190} INFO - [2025-02-06T17:33:06.243+0000] {dag.py:3239} INFO - Sync 1 DAGs
[2025-02-06T17:33:06.277+0000] {logging_mixin.py:190} INFO - [2025-02-06T17:33:06.276+0000] {dag.py:4180} INFO - Setting next_dagrun for example_bash_operator to 2025-02-05 00:00:00+00:00, run_after=2025-02-06 00:00:00+00:00
[2025-02-06T17:33:06.309+0000] {processor.py:208} INFO - Processing /home/airflow/.local/lib/python3.12/site-packages/airflow/example_dags/example_bash_operator.py took 0.137 seconds
[2025-02-06T17:33:37.204+0000] {processor.py:186} INFO - Started process (PID=518) to work on /home/airflow/.local/lib/python3.12/site-packages/airflow/example_dags/example_bash_operator.py
[2025-02-06T17:33:37.205+0000] {processor.py:914} INFO - Processing file /home/airflow/.local/lib/python3.12/site-packages/airflow/example_dags/example_bash_operator.py for tasks to queue
[2025-02-06T17:33:37.209+0000] {logging_mixin.py:190} INFO - [2025-02-06T17:33:37.208+0000] {dagbag.py:588} INFO - Filling up the DagBag from /home/airflow/.local/lib/python3.12/site-packages/airflow/example_dags/example_bash_operator.py
[2025-02-06T17:33:37.226+0000] {processor.py:925} INFO - DAG(s) 'example_bash_operator' retrieved from /home/airflow/.local/lib/python3.12/site-packages/airflow/example_dags/example_bash_operator.py
[2025-02-06T17:33:37.277+0000] {logging_mixin.py:190} INFO - [2025-02-06T17:33:37.276+0000] {dag.py:3239} INFO - Sync 1 DAGs
[2025-02-06T17:33:37.326+0000] {logging_mixin.py:190} INFO - [2025-02-06T17:33:37.326+0000] {dag.py:4180} INFO - Setting next_dagrun for example_bash_operator to 2025-02-05 00:00:00+00:00, run_after=2025-02-06 00:00:00+00:00
[2025-02-06T17:33:37.373+0000] {processor.py:208} INFO - Processing /home/airflow/.local/lib/python3.12/site-packages/airflow/example_dags/example_bash_operator.py took 0.177 seconds
[2025-02-06T17:34:09.413+0000] {processor.py:186} INFO - Started process (PID=575) to work on /home/airflow/.local/lib/python3.12/site-packages/airflow/example_dags/example_bash_operator.py
[2025-02-06T17:34:09.414+0000] {processor.py:914} INFO - Processing file /home/airflow/.local/lib/python3.12/site-packages/airflow/example_dags/example_bash_operator.py for tasks to queue
[2025-02-06T17:34:09.417+0000] {logging_mixin.py:190} INFO - [2025-02-06T17:34:09.417+0000] {dagbag.py:588} INFO - Filling up the DagBag from /home/airflow/.local/lib/python3.12/site-packages/airflow/example_dags/example_bash_operator.py
[2025-02-06T17:34:09.437+0000] {processor.py:925} INFO - DAG(s) 'example_bash_operator' retrieved from /home/airflow/.local/lib/python3.12/site-packages/airflow/example_dags/example_bash_operator.py
[2025-02-06T17:34:09.474+0000] {logging_mixin.py:190} INFO - [2025-02-06T17:34:09.473+0000] {dag.py:3239} INFO - Sync 1 DAGs
[2025-02-06T17:34:09.513+0000] {logging_mixin.py:190} INFO - [2025-02-06T17:34:09.513+0000] {dag.py:4180} INFO - Setting next_dagrun for example_bash_operator to 2025-02-05 00:00:00+00:00, run_after=2025-02-06 00:00:00+00:00
[2025-02-06T17:34:09.538+0000] {processor.py:208} INFO - Processing /home/airflow/.local/lib/python3.12/site-packages/airflow/example_dags/example_bash_operator.py took 0.134 seconds
[2025-02-06T17:34:40.739+0000] {processor.py:186} INFO - Started process (PID=632) to work on /home/airflow/.local/lib/python3.12/site-packages/airflow/example_dags/example_bash_operator.py
[2025-02-06T17:34:40.741+0000] {processor.py:914} INFO - Processing file /home/airflow/.local/lib/python3.12/site-packages/airflow/example_dags/example_bash_operator.py for tasks to queue
[2025-02-06T17:34:40.744+0000] {logging_mixin.py:190} INFO - [2025-02-06T17:34:40.744+0000] {dagbag.py:588} INFO - Filling up the DagBag from /home/airflow/.local/lib/python3.12/site-packages/airflow/example_dags/example_bash_operator.py
[2025-02-06T17:34:40.761+0000] {processor.py:925} INFO - DAG(s) 'example_bash_operator' retrieved from /home/airflow/.local/lib/python3.12/site-packages/airflow/example_dags/example_bash_operator.py
[2025-02-06T17:34:40.797+0000] {logging_mixin.py:190} INFO - [2025-02-06T17:34:40.797+0000] {dag.py:3239} INFO - Sync 1 DAGs
[2025-02-06T17:34:40.832+0000] {logging_mixin.py:190} INFO - [2025-02-06T17:34:40.831+0000] {dag.py:4180} INFO - Setting next_dagrun for example_bash_operator to 2025-02-05 00:00:00+00:00, run_after=2025-02-06 00:00:00+00:00
[2025-02-06T17:34:40.856+0000] {processor.py:208} INFO - Processing /home/airflow/.local/lib/python3.12/site-packages/airflow/example_dags/example_bash_operator.py took 0.125 seconds
[2025-02-06T17:35:12.123+0000] {processor.py:186} INFO - Started process (PID=689) to work on /home/airflow/.local/lib/python3.12/site-packages/airflow/example_dags/example_bash_operator.py
[2025-02-06T17:35:12.124+0000] {processor.py:914} INFO - Processing file /home/airflow/.local/lib/python3.12/site-packages/airflow/example_dags/example_bash_operator.py for tasks to queue
[2025-02-06T17:35:12.128+0000] {logging_mixin.py:190} INFO - [2025-02-06T17:35:12.127+0000] {dagbag.py:588} INFO - Filling up the DagBag from /home/airflow/.local/lib/python3.12/site-packages/airflow/example_dags/example_bash_operator.py
[2025-02-06T17:35:12.152+0000] {processor.py:925} INFO - DAG(s) 'example_bash_operator' retrieved from /home/airflow/.local/lib/python3.12/site-packages/airflow/example_dags/example_bash_operator.py
[2025-02-06T17:35:12.196+0000] {logging_mixin.py:190} INFO - [2025-02-06T17:35:12.195+0000] {dag.py:3239} INFO - Sync 1 DAGs
[2025-02-06T17:35:12.235+0000] {logging_mixin.py:190} INFO - [2025-02-06T17:35:12.235+0000] {dag.py:4180} INFO - Setting next_dagrun for example_bash_operator to 2025-02-05 00:00:00+00:00, run_after=2025-02-06 00:00:00+00:00
[2025-02-06T17:35:12.271+0000] {processor.py:208} INFO - Processing /home/airflow/.local/lib/python3.12/site-packages/airflow/example_dags/example_bash_operator.py took 0.161 seconds
[2025-02-06T17:35:43.460+0000] {processor.py:186} INFO - Started process (PID=746) to work on /home/airflow/.local/lib/python3.12/site-packages/airflow/example_dags/example_bash_operator.py
[2025-02-06T17:35:43.464+0000] {processor.py:914} INFO - Processing file /home/airflow/.local/lib/python3.12/site-packages/airflow/example_dags/example_bash_operator.py for tasks to queue
[2025-02-06T17:35:43.469+0000] {logging_mixin.py:190} INFO - [2025-02-06T17:35:43.468+0000] {dagbag.py:588} INFO - Filling up the DagBag from /home/airflow/.local/lib/python3.12/site-packages/airflow/example_dags/example_bash_operator.py
[2025-02-06T17:35:43.492+0000] {processor.py:925} INFO - DAG(s) 'example_bash_operator' retrieved from /home/airflow/.local/lib/python3.12/site-packages/airflow/example_dags/example_bash_operator.py
[2025-02-06T17:35:43.543+0000] {logging_mixin.py:190} INFO - [2025-02-06T17:35:43.542+0000] {dag.py:3239} INFO - Sync 1 DAGs
[2025-02-06T17:35:43.584+0000] {logging_mixin.py:190} INFO - [2025-02-06T17:35:43.584+0000] {dag.py:4180} INFO - Setting next_dagrun for example_bash_operator to 2025-02-05 00:00:00+00:00, run_after=2025-02-06 00:00:00+00:00
[2025-02-06T17:35:43.614+0000] {processor.py:208} INFO - Processing /home/airflow/.local/lib/python3.12/site-packages/airflow/example_dags/example_bash_operator.py took 0.165 seconds
[2025-02-06T17:36:14.835+0000] {processor.py:186} INFO - Started process (PID=803) to work on /home/airflow/.local/lib/python3.12/site-packages/airflow/example_dags/example_bash_operator.py
[2025-02-06T17:36:14.837+0000] {processor.py:914} INFO - Processing file /home/airflow/.local/lib/python3.12/site-packages/airflow/example_dags/example_bash_operator.py for tasks to queue
[2025-02-06T17:36:14.845+0000] {logging_mixin.py:190} INFO - [2025-02-06T17:36:14.844+0000] {dagbag.py:588} INFO - Filling up the DagBag from /home/airflow/.local/lib/python3.12/site-packages/airflow/example_dags/example_bash_operator.py
[2025-02-06T17:36:14.870+0000] {processor.py:925} INFO - DAG(s) 'example_bash_operator' retrieved from /home/airflow/.local/lib/python3.12/site-packages/airflow/example_dags/example_bash_operator.py
[2025-02-06T17:36:14.976+0000] {logging_mixin.py:190} INFO - [2025-02-06T17:36:14.976+0000] {dag.py:3239} INFO - Sync 1 DAGs
[2025-02-06T17:36:15.066+0000] {logging_mixin.py:190} INFO - [2025-02-06T17:36:15.066+0000] {dag.py:4180} INFO - Setting next_dagrun for example_bash_operator to 2025-02-05 00:00:00+00:00, run_after=2025-02-06 00:00:00+00:00
[2025-02-06T17:36:15.128+0000] {processor.py:208} INFO - Processing /home/airflow/.local/lib/python3.12/site-packages/airflow/example_dags/example_bash_operator.py took 0.305 seconds
[2025-02-06T17:41:45.658+0000] {processor.py:186} INFO - Started process (PID=62) to work on /home/airflow/.local/lib/python3.12/site-packages/airflow/example_dags/example_bash_operator.py
[2025-02-06T17:41:45.660+0000] {processor.py:914} INFO - Processing file /home/airflow/.local/lib/python3.12/site-packages/airflow/example_dags/example_bash_operator.py for tasks to queue
[2025-02-06T17:41:45.671+0000] {logging_mixin.py:190} INFO - [2025-02-06T17:41:45.667+0000] {dagbag.py:588} INFO - Filling up the DagBag from /home/airflow/.local/lib/python3.12/site-packages/airflow/example_dags/example_bash_operator.py
[2025-02-06T17:41:45.706+0000] {processor.py:925} INFO - DAG(s) 'example_bash_operator' retrieved from /home/airflow/.local/lib/python3.12/site-packages/airflow/example_dags/example_bash_operator.py
[2025-02-06T17:41:46.139+0000] {logging_mixin.py:190} INFO - [2025-02-06T17:41:46.137+0000] {override.py:1911} INFO - Created Permission View: can delete on DAG:example_bash_operator
[2025-02-06T17:41:46.156+0000] {logging_mixin.py:190} INFO - [2025-02-06T17:41:46.155+0000] {override.py:1911} INFO - Created Permission View: can read on DAG:example_bash_operator
[2025-02-06T17:41:46.167+0000] {logging_mixin.py:190} INFO - [2025-02-06T17:41:46.166+0000] {override.py:1911} INFO - Created Permission View: can edit on DAG:example_bash_operator
[2025-02-06T17:41:46.180+0000] {logging_mixin.py:190} INFO - [2025-02-06T17:41:46.180+0000] {override.py:1911} INFO - Created Permission View: can delete on DAG Run:example_bash_operator
[2025-02-06T17:41:46.194+0000] {logging_mixin.py:190} INFO - [2025-02-06T17:41:46.193+0000] {override.py:1911} INFO - Created Permission View: can create on DAG Run:example_bash_operator
[2025-02-06T17:41:46.208+0000] {logging_mixin.py:190} INFO - [2025-02-06T17:41:46.207+0000] {override.py:1911} INFO - Created Permission View: can read on DAG Run:example_bash_operator
[2025-02-06T17:41:46.224+0000] {logging_mixin.py:190} INFO - [2025-02-06T17:41:46.223+0000] {override.py:1911} INFO - Created Permission View: menu access on DAG Run:example_bash_operator
[2025-02-06T17:41:46.227+0000] {logging_mixin.py:190} INFO - [2025-02-06T17:41:46.226+0000] {dag.py:3239} INFO - Sync 1 DAGs
[2025-02-06T17:41:46.257+0000] {logging_mixin.py:190} INFO - [2025-02-06T17:41:46.257+0000] {dag.py:3262} INFO - Creating ORM DAG for example_bash_operator
[2025-02-06T17:41:46.280+0000] {logging_mixin.py:190} INFO - [2025-02-06T17:41:46.280+0000] {dag.py:4180} INFO - Setting next_dagrun for example_bash_operator to 2025-02-05 00:00:00+00:00, run_after=2025-02-06 00:00:00+00:00
[2025-02-06T17:41:46.316+0000] {processor.py:208} INFO - Processing /home/airflow/.local/lib/python3.12/site-packages/airflow/example_dags/example_bash_operator.py took 0.675 seconds
[2025-02-06T17:42:16.517+0000] {processor.py:186} INFO - Started process (PID=119) to work on /home/airflow/.local/lib/python3.12/site-packages/airflow/example_dags/example_bash_operator.py
[2025-02-06T17:42:16.519+0000] {processor.py:914} INFO - Processing file /home/airflow/.local/lib/python3.12/site-packages/airflow/example_dags/example_bash_operator.py for tasks to queue
[2025-02-06T17:42:16.523+0000] {logging_mixin.py:190} INFO - [2025-02-06T17:42:16.522+0000] {dagbag.py:588} INFO - Filling up the DagBag from /home/airflow/.local/lib/python3.12/site-packages/airflow/example_dags/example_bash_operator.py
[2025-02-06T17:42:16.574+0000] {processor.py:925} INFO - DAG(s) 'example_bash_operator' retrieved from /home/airflow/.local/lib/python3.12/site-packages/airflow/example_dags/example_bash_operator.py
[2025-02-06T17:42:16.669+0000] {logging_mixin.py:190} INFO - [2025-02-06T17:42:16.669+0000] {dag.py:3239} INFO - Sync 1 DAGs
[2025-02-06T17:42:16.731+0000] {logging_mixin.py:190} INFO - [2025-02-06T17:42:16.730+0000] {dag.py:4180} INFO - Setting next_dagrun for example_bash_operator to 2025-02-05 00:00:00+00:00, run_after=2025-02-06 00:00:00+00:00
[2025-02-06T17:42:16.775+0000] {processor.py:208} INFO - Processing /home/airflow/.local/lib/python3.12/site-packages/airflow/example_dags/example_bash_operator.py took 0.275 seconds
[2025-02-06T17:42:47.696+0000] {processor.py:186} INFO - Started process (PID=176) to work on /home/airflow/.local/lib/python3.12/site-packages/airflow/example_dags/example_bash_operator.py
[2025-02-06T17:42:47.704+0000] {processor.py:914} INFO - Processing file /home/airflow/.local/lib/python3.12/site-packages/airflow/example_dags/example_bash_operator.py for tasks to queue
[2025-02-06T17:42:47.713+0000] {logging_mixin.py:190} INFO - [2025-02-06T17:42:47.709+0000] {dagbag.py:588} INFO - Filling up the DagBag from /home/airflow/.local/lib/python3.12/site-packages/airflow/example_dags/example_bash_operator.py
[2025-02-06T17:42:47.794+0000] {processor.py:925} INFO - DAG(s) 'example_bash_operator' retrieved from /home/airflow/.local/lib/python3.12/site-packages/airflow/example_dags/example_bash_operator.py
[2025-02-06T17:42:47.928+0000] {logging_mixin.py:190} INFO - [2025-02-06T17:42:47.927+0000] {dag.py:3239} INFO - Sync 1 DAGs
[2025-02-06T17:42:48.001+0000] {logging_mixin.py:190} INFO - [2025-02-06T17:42:48.001+0000] {dag.py:4180} INFO - Setting next_dagrun for example_bash_operator to 2025-02-05 00:00:00+00:00, run_after=2025-02-06 00:00:00+00:00
[2025-02-06T17:42:48.037+0000] {processor.py:208} INFO - Processing /home/airflow/.local/lib/python3.12/site-packages/airflow/example_dags/example_bash_operator.py took 0.361 seconds
[2025-02-06T17:43:18.398+0000] {processor.py:186} INFO - Started process (PID=233) to work on /home/airflow/.local/lib/python3.12/site-packages/airflow/example_dags/example_bash_operator.py
[2025-02-06T17:43:18.400+0000] {processor.py:914} INFO - Processing file /home/airflow/.local/lib/python3.12/site-packages/airflow/example_dags/example_bash_operator.py for tasks to queue
[2025-02-06T17:43:18.403+0000] {logging_mixin.py:190} INFO - [2025-02-06T17:43:18.402+0000] {dagbag.py:588} INFO - Filling up the DagBag from /home/airflow/.local/lib/python3.12/site-packages/airflow/example_dags/example_bash_operator.py
[2025-02-06T17:43:18.422+0000] {processor.py:925} INFO - DAG(s) 'example_bash_operator' retrieved from /home/airflow/.local/lib/python3.12/site-packages/airflow/example_dags/example_bash_operator.py
[2025-02-06T17:43:18.459+0000] {logging_mixin.py:190} INFO - [2025-02-06T17:43:18.458+0000] {dag.py:3239} INFO - Sync 1 DAGs
[2025-02-06T17:43:18.501+0000] {logging_mixin.py:190} INFO - [2025-02-06T17:43:18.500+0000] {dag.py:4180} INFO - Setting next_dagrun for example_bash_operator to 2025-02-05 00:00:00+00:00, run_after=2025-02-06 00:00:00+00:00
[2025-02-06T17:43:18.526+0000] {processor.py:208} INFO - Processing /home/airflow/.local/lib/python3.12/site-packages/airflow/example_dags/example_bash_operator.py took 0.135 seconds
[2025-02-06T17:43:48.732+0000] {processor.py:186} INFO - Started process (PID=290) to work on /home/airflow/.local/lib/python3.12/site-packages/airflow/example_dags/example_bash_operator.py
[2025-02-06T17:43:48.733+0000] {processor.py:914} INFO - Processing file /home/airflow/.local/lib/python3.12/site-packages/airflow/example_dags/example_bash_operator.py for tasks to queue
[2025-02-06T17:43:48.736+0000] {logging_mixin.py:190} INFO - [2025-02-06T17:43:48.736+0000] {dagbag.py:588} INFO - Filling up the DagBag from /home/airflow/.local/lib/python3.12/site-packages/airflow/example_dags/example_bash_operator.py
[2025-02-06T17:43:48.752+0000] {processor.py:925} INFO - DAG(s) 'example_bash_operator' retrieved from /home/airflow/.local/lib/python3.12/site-packages/airflow/example_dags/example_bash_operator.py
[2025-02-06T17:43:48.788+0000] {logging_mixin.py:190} INFO - [2025-02-06T17:43:48.787+0000] {dag.py:3239} INFO - Sync 1 DAGs
[2025-02-06T17:43:48.823+0000] {logging_mixin.py:190} INFO - [2025-02-06T17:43:48.823+0000] {dag.py:4180} INFO - Setting next_dagrun for example_bash_operator to 2025-02-05 00:00:00+00:00, run_after=2025-02-06 00:00:00+00:00
[2025-02-06T17:43:48.851+0000] {processor.py:208} INFO - Processing /home/airflow/.local/lib/python3.12/site-packages/airflow/example_dags/example_bash_operator.py took 0.128 seconds
[2025-02-06T17:44:19.566+0000] {processor.py:186} INFO - Started process (PID=348) to work on /home/airflow/.local/lib/python3.12/site-packages/airflow/example_dags/example_bash_operator.py
[2025-02-06T17:44:19.569+0000] {processor.py:914} INFO - Processing file /home/airflow/.local/lib/python3.12/site-packages/airflow/example_dags/example_bash_operator.py for tasks to queue
[2025-02-06T17:44:19.572+0000] {logging_mixin.py:190} INFO - [2025-02-06T17:44:19.571+0000] {dagbag.py:588} INFO - Filling up the DagBag from /home/airflow/.local/lib/python3.12/site-packages/airflow/example_dags/example_bash_operator.py
[2025-02-06T17:44:19.589+0000] {processor.py:925} INFO - DAG(s) 'example_bash_operator' retrieved from /home/airflow/.local/lib/python3.12/site-packages/airflow/example_dags/example_bash_operator.py
[2025-02-06T17:44:19.624+0000] {logging_mixin.py:190} INFO - [2025-02-06T17:44:19.624+0000] {dag.py:3239} INFO - Sync 1 DAGs
[2025-02-06T17:44:19.656+0000] {logging_mixin.py:190} INFO - [2025-02-06T17:44:19.656+0000] {dag.py:4180} INFO - Setting next_dagrun for example_bash_operator to 2025-02-05 00:00:00+00:00, run_after=2025-02-06 00:00:00+00:00
[2025-02-06T17:44:19.678+0000] {processor.py:208} INFO - Processing /home/airflow/.local/lib/python3.12/site-packages/airflow/example_dags/example_bash_operator.py took 0.120 seconds
[2025-02-06T17:44:50.068+0000] {processor.py:186} INFO - Started process (PID=403) to work on /home/airflow/.local/lib/python3.12/site-packages/airflow/example_dags/example_bash_operator.py
[2025-02-06T17:44:50.070+0000] {processor.py:914} INFO - Processing file /home/airflow/.local/lib/python3.12/site-packages/airflow/example_dags/example_bash_operator.py for tasks to queue
[2025-02-06T17:44:50.072+0000] {logging_mixin.py:190} INFO - [2025-02-06T17:44:50.072+0000] {dagbag.py:588} INFO - Filling up the DagBag from /home/airflow/.local/lib/python3.12/site-packages/airflow/example_dags/example_bash_operator.py
[2025-02-06T17:44:50.090+0000] {processor.py:925} INFO - DAG(s) 'example_bash_operator' retrieved from /home/airflow/.local/lib/python3.12/site-packages/airflow/example_dags/example_bash_operator.py
[2025-02-06T17:44:50.125+0000] {logging_mixin.py:190} INFO - [2025-02-06T17:44:50.124+0000] {dag.py:3239} INFO - Sync 1 DAGs
[2025-02-06T17:44:50.160+0000] {logging_mixin.py:190} INFO - [2025-02-06T17:44:50.160+0000] {dag.py:4180} INFO - Setting next_dagrun for example_bash_operator to 2025-02-05 00:00:00+00:00, run_after=2025-02-06 00:00:00+00:00
[2025-02-06T17:44:50.187+0000] {processor.py:208} INFO - Processing /home/airflow/.local/lib/python3.12/site-packages/airflow/example_dags/example_bash_operator.py took 0.126 seconds
[2025-02-06T17:53:29.699+0000] {processor.py:186} INFO - Started process (PID=63) to work on /home/airflow/.local/lib/python3.12/site-packages/airflow/example_dags/example_bash_operator.py
[2025-02-06T17:53:29.701+0000] {processor.py:914} INFO - Processing file /home/airflow/.local/lib/python3.12/site-packages/airflow/example_dags/example_bash_operator.py for tasks to queue
[2025-02-06T17:53:29.709+0000] {logging_mixin.py:190} INFO - [2025-02-06T17:53:29.708+0000] {dagbag.py:588} INFO - Filling up the DagBag from /home/airflow/.local/lib/python3.12/site-packages/airflow/example_dags/example_bash_operator.py
[2025-02-06T17:53:29.741+0000] {processor.py:925} INFO - DAG(s) 'example_bash_operator' retrieved from /home/airflow/.local/lib/python3.12/site-packages/airflow/example_dags/example_bash_operator.py
[2025-02-06T17:53:29.810+0000] {logging_mixin.py:190} INFO - [2025-02-06T17:53:29.810+0000] {dag.py:3239} INFO - Sync 1 DAGs
[2025-02-06T17:53:29.853+0000] {logging_mixin.py:190} INFO - [2025-02-06T17:53:29.853+0000] {dag.py:4180} INFO - Setting next_dagrun for example_bash_operator to 2025-02-05 00:00:00+00:00, run_after=2025-02-06 00:00:00+00:00
[2025-02-06T17:53:29.886+0000] {processor.py:208} INFO - Processing /home/airflow/.local/lib/python3.12/site-packages/airflow/example_dags/example_bash_operator.py took 0.205 seconds
[2025-02-06T17:54:01.051+0000] {processor.py:186} INFO - Started process (PID=121) to work on /home/airflow/.local/lib/python3.12/site-packages/airflow/example_dags/example_bash_operator.py
[2025-02-06T17:54:01.053+0000] {processor.py:914} INFO - Processing file /home/airflow/.local/lib/python3.12/site-packages/airflow/example_dags/example_bash_operator.py for tasks to queue
[2025-02-06T17:54:01.056+0000] {logging_mixin.py:190} INFO - [2025-02-06T17:54:01.055+0000] {dagbag.py:588} INFO - Filling up the DagBag from /home/airflow/.local/lib/python3.12/site-packages/airflow/example_dags/example_bash_operator.py
[2025-02-06T17:54:01.072+0000] {processor.py:925} INFO - DAG(s) 'example_bash_operator' retrieved from /home/airflow/.local/lib/python3.12/site-packages/airflow/example_dags/example_bash_operator.py
[2025-02-06T17:54:01.107+0000] {logging_mixin.py:190} INFO - [2025-02-06T17:54:01.107+0000] {dag.py:3239} INFO - Sync 1 DAGs
[2025-02-06T17:54:01.149+0000] {logging_mixin.py:190} INFO - [2025-02-06T17:54:01.149+0000] {dag.py:4180} INFO - Setting next_dagrun for example_bash_operator to 2025-02-05 00:00:00+00:00, run_after=2025-02-06 00:00:00+00:00
[2025-02-06T17:54:01.193+0000] {processor.py:208} INFO - Processing /home/airflow/.local/lib/python3.12/site-packages/airflow/example_dags/example_bash_operator.py took 0.153 seconds
[2025-02-06T17:56:03.749+0000] {processor.py:186} INFO - Started process (PID=63) to work on /home/airflow/.local/lib/python3.12/site-packages/airflow/example_dags/example_bash_operator.py
[2025-02-06T17:56:03.750+0000] {processor.py:914} INFO - Processing file /home/airflow/.local/lib/python3.12/site-packages/airflow/example_dags/example_bash_operator.py for tasks to queue
[2025-02-06T17:56:03.753+0000] {logging_mixin.py:190} INFO - [2025-02-06T17:56:03.753+0000] {dagbag.py:588} INFO - Filling up the DagBag from /home/airflow/.local/lib/python3.12/site-packages/airflow/example_dags/example_bash_operator.py
[2025-02-06T17:56:03.774+0000] {processor.py:925} INFO - DAG(s) 'example_bash_operator' retrieved from /home/airflow/.local/lib/python3.12/site-packages/airflow/example_dags/example_bash_operator.py
[2025-02-06T17:56:03.830+0000] {logging_mixin.py:190} INFO - [2025-02-06T17:56:03.829+0000] {dag.py:3239} INFO - Sync 1 DAGs
[2025-02-06T17:56:03.874+0000] {logging_mixin.py:190} INFO - [2025-02-06T17:56:03.873+0000] {dag.py:4180} INFO - Setting next_dagrun for example_bash_operator to 2025-02-05 00:00:00+00:00, run_after=2025-02-06 00:00:00+00:00
[2025-02-06T17:56:03.905+0000] {processor.py:208} INFO - Processing /home/airflow/.local/lib/python3.12/site-packages/airflow/example_dags/example_bash_operator.py took 0.164 seconds
[2025-02-06T17:56:34.820+0000] {processor.py:186} INFO - Started process (PID=121) to work on /home/airflow/.local/lib/python3.12/site-packages/airflow/example_dags/example_bash_operator.py
[2025-02-06T17:56:34.821+0000] {processor.py:914} INFO - Processing file /home/airflow/.local/lib/python3.12/site-packages/airflow/example_dags/example_bash_operator.py for tasks to queue
[2025-02-06T17:56:34.828+0000] {logging_mixin.py:190} INFO - [2025-02-06T17:56:34.827+0000] {dagbag.py:588} INFO - Filling up the DagBag from /home/airflow/.local/lib/python3.12/site-packages/airflow/example_dags/example_bash_operator.py
[2025-02-06T17:56:34.848+0000] {processor.py:925} INFO - DAG(s) 'example_bash_operator' retrieved from /home/airflow/.local/lib/python3.12/site-packages/airflow/example_dags/example_bash_operator.py
[2025-02-06T17:56:34.887+0000] {logging_mixin.py:190} INFO - [2025-02-06T17:56:34.886+0000] {dag.py:3239} INFO - Sync 1 DAGs
[2025-02-06T17:56:34.927+0000] {logging_mixin.py:190} INFO - [2025-02-06T17:56:34.927+0000] {dag.py:4180} INFO - Setting next_dagrun for example_bash_operator to 2025-02-05 00:00:00+00:00, run_after=2025-02-06 00:00:00+00:00
[2025-02-06T17:56:34.961+0000] {processor.py:208} INFO - Processing /home/airflow/.local/lib/python3.12/site-packages/airflow/example_dags/example_bash_operator.py took 0.149 seconds
[2025-02-06T17:57:06.567+0000] {processor.py:186} INFO - Started process (PID=179) to work on /home/airflow/.local/lib/python3.12/site-packages/airflow/example_dags/example_bash_operator.py
[2025-02-06T17:57:06.568+0000] {processor.py:914} INFO - Processing file /home/airflow/.local/lib/python3.12/site-packages/airflow/example_dags/example_bash_operator.py for tasks to queue
[2025-02-06T17:57:06.571+0000] {logging_mixin.py:190} INFO - [2025-02-06T17:57:06.570+0000] {dagbag.py:588} INFO - Filling up the DagBag from /home/airflow/.local/lib/python3.12/site-packages/airflow/example_dags/example_bash_operator.py
[2025-02-06T17:57:06.595+0000] {processor.py:925} INFO - DAG(s) 'example_bash_operator' retrieved from /home/airflow/.local/lib/python3.12/site-packages/airflow/example_dags/example_bash_operator.py
[2025-02-06T17:57:06.653+0000] {logging_mixin.py:190} INFO - [2025-02-06T17:57:06.652+0000] {dag.py:3239} INFO - Sync 1 DAGs
[2025-02-06T17:57:06.698+0000] {logging_mixin.py:190} INFO - [2025-02-06T17:57:06.698+0000] {dag.py:4180} INFO - Setting next_dagrun for example_bash_operator to 2025-02-05 00:00:00+00:00, run_after=2025-02-06 00:00:00+00:00
[2025-02-06T17:57:06.726+0000] {processor.py:208} INFO - Processing /home/airflow/.local/lib/python3.12/site-packages/airflow/example_dags/example_bash_operator.py took 0.173 seconds
[2025-02-06T17:57:38.259+0000] {processor.py:186} INFO - Started process (PID=237) to work on /home/airflow/.local/lib/python3.12/site-packages/airflow/example_dags/example_bash_operator.py
[2025-02-06T17:57:38.260+0000] {processor.py:914} INFO - Processing file /home/airflow/.local/lib/python3.12/site-packages/airflow/example_dags/example_bash_operator.py for tasks to queue
[2025-02-06T17:57:38.263+0000] {logging_mixin.py:190} INFO - [2025-02-06T17:57:38.263+0000] {dagbag.py:588} INFO - Filling up the DagBag from /home/airflow/.local/lib/python3.12/site-packages/airflow/example_dags/example_bash_operator.py
[2025-02-06T17:57:38.280+0000] {processor.py:925} INFO - DAG(s) 'example_bash_operator' retrieved from /home/airflow/.local/lib/python3.12/site-packages/airflow/example_dags/example_bash_operator.py
[2025-02-06T17:57:38.326+0000] {logging_mixin.py:190} INFO - [2025-02-06T17:57:38.325+0000] {dag.py:3239} INFO - Sync 1 DAGs
[2025-02-06T17:57:38.356+0000] {logging_mixin.py:190} INFO - [2025-02-06T17:57:38.356+0000] {dag.py:4180} INFO - Setting next_dagrun for example_bash_operator to 2025-02-05 00:00:00+00:00, run_after=2025-02-06 00:00:00+00:00
[2025-02-06T17:57:38.380+0000] {processor.py:208} INFO - Processing /home/airflow/.local/lib/python3.12/site-packages/airflow/example_dags/example_bash_operator.py took 0.129 seconds
[2025-02-06T17:58:09.128+0000] {processor.py:186} INFO - Started process (PID=295) to work on /home/airflow/.local/lib/python3.12/site-packages/airflow/example_dags/example_bash_operator.py
[2025-02-06T17:58:09.129+0000] {processor.py:914} INFO - Processing file /home/airflow/.local/lib/python3.12/site-packages/airflow/example_dags/example_bash_operator.py for tasks to queue
[2025-02-06T17:58:09.132+0000] {logging_mixin.py:190} INFO - [2025-02-06T17:58:09.132+0000] {dagbag.py:588} INFO - Filling up the DagBag from /home/airflow/.local/lib/python3.12/site-packages/airflow/example_dags/example_bash_operator.py
[2025-02-06T17:58:09.149+0000] {processor.py:925} INFO - DAG(s) 'example_bash_operator' retrieved from /home/airflow/.local/lib/python3.12/site-packages/airflow/example_dags/example_bash_operator.py
[2025-02-06T17:58:09.186+0000] {logging_mixin.py:190} INFO - [2025-02-06T17:58:09.185+0000] {dag.py:3239} INFO - Sync 1 DAGs
[2025-02-06T17:58:09.217+0000] {logging_mixin.py:190} INFO - [2025-02-06T17:58:09.217+0000] {dag.py:4180} INFO - Setting next_dagrun for example_bash_operator to 2025-02-05 00:00:00+00:00, run_after=2025-02-06 00:00:00+00:00
[2025-02-06T17:58:09.243+0000] {processor.py:208} INFO - Processing /home/airflow/.local/lib/python3.12/site-packages/airflow/example_dags/example_bash_operator.py took 0.122 seconds
[2025-02-06T17:58:40.754+0000] {processor.py:186} INFO - Started process (PID=353) to work on /home/airflow/.local/lib/python3.12/site-packages/airflow/example_dags/example_bash_operator.py
[2025-02-06T17:58:40.755+0000] {processor.py:914} INFO - Processing file /home/airflow/.local/lib/python3.12/site-packages/airflow/example_dags/example_bash_operator.py for tasks to queue
[2025-02-06T17:58:40.758+0000] {logging_mixin.py:190} INFO - [2025-02-06T17:58:40.758+0000] {dagbag.py:588} INFO - Filling up the DagBag from /home/airflow/.local/lib/python3.12/site-packages/airflow/example_dags/example_bash_operator.py
[2025-02-06T17:58:40.775+0000] {processor.py:925} INFO - DAG(s) 'example_bash_operator' retrieved from /home/airflow/.local/lib/python3.12/site-packages/airflow/example_dags/example_bash_operator.py
[2025-02-06T17:58:40.817+0000] {logging_mixin.py:190} INFO - [2025-02-06T17:58:40.816+0000] {dag.py:3239} INFO - Sync 1 DAGs
[2025-02-06T17:58:40.849+0000] {logging_mixin.py:190} INFO - [2025-02-06T17:58:40.848+0000] {dag.py:4180} INFO - Setting next_dagrun for example_bash_operator to 2025-02-05 00:00:00+00:00, run_after=2025-02-06 00:00:00+00:00
[2025-02-06T17:58:40.872+0000] {processor.py:208} INFO - Processing /home/airflow/.local/lib/python3.12/site-packages/airflow/example_dags/example_bash_operator.py took 0.126 seconds
[2025-02-06T17:59:12.082+0000] {processor.py:186} INFO - Started process (PID=411) to work on /home/airflow/.local/lib/python3.12/site-packages/airflow/example_dags/example_bash_operator.py
[2025-02-06T17:59:12.083+0000] {processor.py:914} INFO - Processing file /home/airflow/.local/lib/python3.12/site-packages/airflow/example_dags/example_bash_operator.py for tasks to queue
[2025-02-06T17:59:12.087+0000] {logging_mixin.py:190} INFO - [2025-02-06T17:59:12.086+0000] {dagbag.py:588} INFO - Filling up the DagBag from /home/airflow/.local/lib/python3.12/site-packages/airflow/example_dags/example_bash_operator.py
[2025-02-06T17:59:12.103+0000] {processor.py:925} INFO - DAG(s) 'example_bash_operator' retrieved from /home/airflow/.local/lib/python3.12/site-packages/airflow/example_dags/example_bash_operator.py
[2025-02-06T17:59:12.137+0000] {logging_mixin.py:190} INFO - [2025-02-06T17:59:12.137+0000] {dag.py:3239} INFO - Sync 1 DAGs
[2025-02-06T17:59:12.169+0000] {logging_mixin.py:190} INFO - [2025-02-06T17:59:12.169+0000] {dag.py:4180} INFO - Setting next_dagrun for example_bash_operator to 2025-02-05 00:00:00+00:00, run_after=2025-02-06 00:00:00+00:00
[2025-02-06T17:59:12.195+0000] {processor.py:208} INFO - Processing /home/airflow/.local/lib/python3.12/site-packages/airflow/example_dags/example_bash_operator.py took 0.121 seconds
[2025-02-06T17:59:43.892+0000] {processor.py:186} INFO - Started process (PID=469) to work on /home/airflow/.local/lib/python3.12/site-packages/airflow/example_dags/example_bash_operator.py
[2025-02-06T17:59:43.893+0000] {processor.py:914} INFO - Processing file /home/airflow/.local/lib/python3.12/site-packages/airflow/example_dags/example_bash_operator.py for tasks to queue
[2025-02-06T17:59:43.896+0000] {logging_mixin.py:190} INFO - [2025-02-06T17:59:43.896+0000] {dagbag.py:588} INFO - Filling up the DagBag from /home/airflow/.local/lib/python3.12/site-packages/airflow/example_dags/example_bash_operator.py
[2025-02-06T17:59:43.915+0000] {processor.py:925} INFO - DAG(s) 'example_bash_operator' retrieved from /home/airflow/.local/lib/python3.12/site-packages/airflow/example_dags/example_bash_operator.py
[2025-02-06T17:59:43.952+0000] {logging_mixin.py:190} INFO - [2025-02-06T17:59:43.952+0000] {dag.py:3239} INFO - Sync 1 DAGs
[2025-02-06T17:59:43.991+0000] {logging_mixin.py:190} INFO - [2025-02-06T17:59:43.990+0000] {dag.py:4180} INFO - Setting next_dagrun for example_bash_operator to 2025-02-05 00:00:00+00:00, run_after=2025-02-06 00:00:00+00:00
[2025-02-06T17:59:44.022+0000] {processor.py:208} INFO - Processing /home/airflow/.local/lib/python3.12/site-packages/airflow/example_dags/example_bash_operator.py took 0.140 seconds
[2025-02-06T18:00:14.622+0000] {processor.py:186} INFO - Started process (PID=527) to work on /home/airflow/.local/lib/python3.12/site-packages/airflow/example_dags/example_bash_operator.py
[2025-02-06T18:00:14.624+0000] {processor.py:914} INFO - Processing file /home/airflow/.local/lib/python3.12/site-packages/airflow/example_dags/example_bash_operator.py for tasks to queue
[2025-02-06T18:00:14.627+0000] {logging_mixin.py:190} INFO - [2025-02-06T18:00:14.626+0000] {dagbag.py:588} INFO - Filling up the DagBag from /home/airflow/.local/lib/python3.12/site-packages/airflow/example_dags/example_bash_operator.py
[2025-02-06T18:00:14.643+0000] {processor.py:925} INFO - DAG(s) 'example_bash_operator' retrieved from /home/airflow/.local/lib/python3.12/site-packages/airflow/example_dags/example_bash_operator.py
[2025-02-06T18:00:14.680+0000] {logging_mixin.py:190} INFO - [2025-02-06T18:00:14.679+0000] {dag.py:3239} INFO - Sync 1 DAGs
[2025-02-06T18:00:14.712+0000] {logging_mixin.py:190} INFO - [2025-02-06T18:00:14.711+0000] {dag.py:4180} INFO - Setting next_dagrun for example_bash_operator to 2025-02-05 00:00:00+00:00, run_after=2025-02-06 00:00:00+00:00
[2025-02-06T18:00:14.734+0000] {processor.py:208} INFO - Processing /home/airflow/.local/lib/python3.12/site-packages/airflow/example_dags/example_bash_operator.py took 0.120 seconds
[2025-02-06T18:00:46.762+0000] {processor.py:186} INFO - Started process (PID=585) to work on /home/airflow/.local/lib/python3.12/site-packages/airflow/example_dags/example_bash_operator.py
[2025-02-06T18:00:46.763+0000] {processor.py:914} INFO - Processing file /home/airflow/.local/lib/python3.12/site-packages/airflow/example_dags/example_bash_operator.py for tasks to queue
[2025-02-06T18:00:46.766+0000] {logging_mixin.py:190} INFO - [2025-02-06T18:00:46.766+0000] {dagbag.py:588} INFO - Filling up the DagBag from /home/airflow/.local/lib/python3.12/site-packages/airflow/example_dags/example_bash_operator.py
[2025-02-06T18:00:46.782+0000] {processor.py:925} INFO - DAG(s) 'example_bash_operator' retrieved from /home/airflow/.local/lib/python3.12/site-packages/airflow/example_dags/example_bash_operator.py
[2025-02-06T18:00:46.815+0000] {logging_mixin.py:190} INFO - [2025-02-06T18:00:46.815+0000] {dag.py:3239} INFO - Sync 1 DAGs
[2025-02-06T18:00:46.847+0000] {logging_mixin.py:190} INFO - [2025-02-06T18:00:46.847+0000] {dag.py:4180} INFO - Setting next_dagrun for example_bash_operator to 2025-02-05 00:00:00+00:00, run_after=2025-02-06 00:00:00+00:00
[2025-02-06T18:00:46.873+0000] {processor.py:208} INFO - Processing /home/airflow/.local/lib/python3.12/site-packages/airflow/example_dags/example_bash_operator.py took 0.119 seconds
[2025-02-06T18:01:18.080+0000] {processor.py:186} INFO - Started process (PID=643) to work on /home/airflow/.local/lib/python3.12/site-packages/airflow/example_dags/example_bash_operator.py
[2025-02-06T18:01:18.082+0000] {processor.py:914} INFO - Processing file /home/airflow/.local/lib/python3.12/site-packages/airflow/example_dags/example_bash_operator.py for tasks to queue
[2025-02-06T18:01:18.085+0000] {logging_mixin.py:190} INFO - [2025-02-06T18:01:18.084+0000] {dagbag.py:588} INFO - Filling up the DagBag from /home/airflow/.local/lib/python3.12/site-packages/airflow/example_dags/example_bash_operator.py
[2025-02-06T18:01:18.101+0000] {processor.py:925} INFO - DAG(s) 'example_bash_operator' retrieved from /home/airflow/.local/lib/python3.12/site-packages/airflow/example_dags/example_bash_operator.py
[2025-02-06T18:01:18.136+0000] {logging_mixin.py:190} INFO - [2025-02-06T18:01:18.135+0000] {dag.py:3239} INFO - Sync 1 DAGs
[2025-02-06T18:01:18.165+0000] {logging_mixin.py:190} INFO - [2025-02-06T18:01:18.165+0000] {dag.py:4180} INFO - Setting next_dagrun for example_bash_operator to 2025-02-05 00:00:00+00:00, run_after=2025-02-06 00:00:00+00:00
[2025-02-06T18:01:18.190+0000] {processor.py:208} INFO - Processing /home/airflow/.local/lib/python3.12/site-packages/airflow/example_dags/example_bash_operator.py took 0.121 seconds
[2025-02-06T18:01:49.210+0000] {processor.py:186} INFO - Started process (PID=701) to work on /home/airflow/.local/lib/python3.12/site-packages/airflow/example_dags/example_bash_operator.py
[2025-02-06T18:01:49.211+0000] {processor.py:914} INFO - Processing file /home/airflow/.local/lib/python3.12/site-packages/airflow/example_dags/example_bash_operator.py for tasks to queue
[2025-02-06T18:01:49.214+0000] {logging_mixin.py:190} INFO - [2025-02-06T18:01:49.214+0000] {dagbag.py:588} INFO - Filling up the DagBag from /home/airflow/.local/lib/python3.12/site-packages/airflow/example_dags/example_bash_operator.py
[2025-02-06T18:01:49.231+0000] {processor.py:925} INFO - DAG(s) 'example_bash_operator' retrieved from /home/airflow/.local/lib/python3.12/site-packages/airflow/example_dags/example_bash_operator.py
[2025-02-06T18:01:49.266+0000] {logging_mixin.py:190} INFO - [2025-02-06T18:01:49.266+0000] {dag.py:3239} INFO - Sync 1 DAGs
[2025-02-06T18:01:49.300+0000] {logging_mixin.py:190} INFO - [2025-02-06T18:01:49.300+0000] {dag.py:4180} INFO - Setting next_dagrun for example_bash_operator to 2025-02-05 00:00:00+00:00, run_after=2025-02-06 00:00:00+00:00
[2025-02-06T18:01:49.330+0000] {processor.py:208} INFO - Processing /home/airflow/.local/lib/python3.12/site-packages/airflow/example_dags/example_bash_operator.py took 0.128 seconds
[2025-02-06T18:15:38.862+0000] {processor.py:186} INFO - Started process (PID=62) to work on /home/airflow/.local/lib/python3.12/site-packages/airflow/example_dags/example_bash_operator.py
[2025-02-06T18:15:38.864+0000] {processor.py:914} INFO - Processing file /home/airflow/.local/lib/python3.12/site-packages/airflow/example_dags/example_bash_operator.py for tasks to queue
[2025-02-06T18:15:38.868+0000] {logging_mixin.py:190} INFO - [2025-02-06T18:15:38.867+0000] {dagbag.py:588} INFO - Filling up the DagBag from /home/airflow/.local/lib/python3.12/site-packages/airflow/example_dags/example_bash_operator.py
[2025-02-06T18:15:38.889+0000] {processor.py:925} INFO - DAG(s) 'example_bash_operator' retrieved from /home/airflow/.local/lib/python3.12/site-packages/airflow/example_dags/example_bash_operator.py
[2025-02-06T18:15:38.939+0000] {logging_mixin.py:190} INFO - [2025-02-06T18:15:38.938+0000] {dag.py:3239} INFO - Sync 1 DAGs
[2025-02-06T18:15:38.974+0000] {logging_mixin.py:190} INFO - [2025-02-06T18:15:38.973+0000] {dag.py:4180} INFO - Setting next_dagrun for example_bash_operator to 2025-02-05 00:00:00+00:00, run_after=2025-02-06 00:00:00+00:00
[2025-02-06T18:15:39.002+0000] {processor.py:208} INFO - Processing /home/airflow/.local/lib/python3.12/site-packages/airflow/example_dags/example_bash_operator.py took 0.148 seconds
[2025-02-06T18:16:09.691+0000] {processor.py:186} INFO - Started process (PID=119) to work on /home/airflow/.local/lib/python3.12/site-packages/airflow/example_dags/example_bash_operator.py
[2025-02-06T18:16:09.693+0000] {processor.py:914} INFO - Processing file /home/airflow/.local/lib/python3.12/site-packages/airflow/example_dags/example_bash_operator.py for tasks to queue
[2025-02-06T18:16:09.697+0000] {logging_mixin.py:190} INFO - [2025-02-06T18:16:09.696+0000] {dagbag.py:588} INFO - Filling up the DagBag from /home/airflow/.local/lib/python3.12/site-packages/airflow/example_dags/example_bash_operator.py
[2025-02-06T18:16:09.719+0000] {processor.py:925} INFO - DAG(s) 'example_bash_operator' retrieved from /home/airflow/.local/lib/python3.12/site-packages/airflow/example_dags/example_bash_operator.py
[2025-02-06T18:16:09.775+0000] {logging_mixin.py:190} INFO - [2025-02-06T18:16:09.774+0000] {dag.py:3239} INFO - Sync 1 DAGs
[2025-02-06T18:16:09.826+0000] {logging_mixin.py:190} INFO - [2025-02-06T18:16:09.826+0000] {dag.py:4180} INFO - Setting next_dagrun for example_bash_operator to 2025-02-05 00:00:00+00:00, run_after=2025-02-06 00:00:00+00:00
[2025-02-06T18:16:09.862+0000] {processor.py:208} INFO - Processing /home/airflow/.local/lib/python3.12/site-packages/airflow/example_dags/example_bash_operator.py took 0.181 seconds
[2025-02-06T18:16:40.366+0000] {processor.py:186} INFO - Started process (PID=176) to work on /home/airflow/.local/lib/python3.12/site-packages/airflow/example_dags/example_bash_operator.py
[2025-02-06T18:16:40.368+0000] {processor.py:914} INFO - Processing file /home/airflow/.local/lib/python3.12/site-packages/airflow/example_dags/example_bash_operator.py for tasks to queue
[2025-02-06T18:16:40.374+0000] {logging_mixin.py:190} INFO - [2025-02-06T18:16:40.373+0000] {dagbag.py:588} INFO - Filling up the DagBag from /home/airflow/.local/lib/python3.12/site-packages/airflow/example_dags/example_bash_operator.py
[2025-02-06T18:16:40.403+0000] {processor.py:925} INFO - DAG(s) 'example_bash_operator' retrieved from /home/airflow/.local/lib/python3.12/site-packages/airflow/example_dags/example_bash_operator.py
[2025-02-06T18:16:40.463+0000] {logging_mixin.py:190} INFO - [2025-02-06T18:16:40.462+0000] {dag.py:3239} INFO - Sync 1 DAGs
[2025-02-06T18:16:40.513+0000] {logging_mixin.py:190} INFO - [2025-02-06T18:16:40.513+0000] {dag.py:4180} INFO - Setting next_dagrun for example_bash_operator to 2025-02-05 00:00:00+00:00, run_after=2025-02-06 00:00:00+00:00
[2025-02-06T18:16:40.540+0000] {processor.py:208} INFO - Processing /home/airflow/.local/lib/python3.12/site-packages/airflow/example_dags/example_bash_operator.py took 0.185 seconds
[2025-02-06T18:17:11.029+0000] {processor.py:186} INFO - Started process (PID=233) to work on /home/airflow/.local/lib/python3.12/site-packages/airflow/example_dags/example_bash_operator.py
[2025-02-06T18:17:11.031+0000] {processor.py:914} INFO - Processing file /home/airflow/.local/lib/python3.12/site-packages/airflow/example_dags/example_bash_operator.py for tasks to queue
[2025-02-06T18:17:11.034+0000] {logging_mixin.py:190} INFO - [2025-02-06T18:17:11.034+0000] {dagbag.py:588} INFO - Filling up the DagBag from /home/airflow/.local/lib/python3.12/site-packages/airflow/example_dags/example_bash_operator.py
[2025-02-06T18:17:11.056+0000] {processor.py:925} INFO - DAG(s) 'example_bash_operator' retrieved from /home/airflow/.local/lib/python3.12/site-packages/airflow/example_dags/example_bash_operator.py
[2025-02-06T18:17:11.101+0000] {logging_mixin.py:190} INFO - [2025-02-06T18:17:11.101+0000] {dag.py:3239} INFO - Sync 1 DAGs
[2025-02-06T18:17:11.152+0000] {logging_mixin.py:190} INFO - [2025-02-06T18:17:11.151+0000] {dag.py:4180} INFO - Setting next_dagrun for example_bash_operator to 2025-02-05 00:00:00+00:00, run_after=2025-02-06 00:00:00+00:00
[2025-02-06T18:17:11.181+0000] {processor.py:208} INFO - Processing /home/airflow/.local/lib/python3.12/site-packages/airflow/example_dags/example_bash_operator.py took 0.162 seconds
[2025-02-06T18:17:41.294+0000] {processor.py:186} INFO - Started process (PID=289) to work on /home/airflow/.local/lib/python3.12/site-packages/airflow/example_dags/example_bash_operator.py
[2025-02-06T18:17:41.296+0000] {processor.py:914} INFO - Processing file /home/airflow/.local/lib/python3.12/site-packages/airflow/example_dags/example_bash_operator.py for tasks to queue
[2025-02-06T18:17:41.299+0000] {logging_mixin.py:190} INFO - [2025-02-06T18:17:41.299+0000] {dagbag.py:588} INFO - Filling up the DagBag from /home/airflow/.local/lib/python3.12/site-packages/airflow/example_dags/example_bash_operator.py
[2025-02-06T18:17:41.318+0000] {processor.py:925} INFO - DAG(s) 'example_bash_operator' retrieved from /home/airflow/.local/lib/python3.12/site-packages/airflow/example_dags/example_bash_operator.py
[2025-02-06T18:17:41.366+0000] {logging_mixin.py:190} INFO - [2025-02-06T18:17:41.366+0000] {dag.py:3239} INFO - Sync 1 DAGs
[2025-02-06T18:17:41.418+0000] {logging_mixin.py:190} INFO - [2025-02-06T18:17:41.417+0000] {dag.py:4180} INFO - Setting next_dagrun for example_bash_operator to 2025-02-05 00:00:00+00:00, run_after=2025-02-06 00:00:00+00:00
[2025-02-06T18:17:41.455+0000] {processor.py:208} INFO - Processing /home/airflow/.local/lib/python3.12/site-packages/airflow/example_dags/example_bash_operator.py took 0.169 seconds
[2025-02-06T18:18:12.130+0000] {processor.py:186} INFO - Started process (PID=345) to work on /home/airflow/.local/lib/python3.12/site-packages/airflow/example_dags/example_bash_operator.py
[2025-02-06T18:18:12.131+0000] {processor.py:914} INFO - Processing file /home/airflow/.local/lib/python3.12/site-packages/airflow/example_dags/example_bash_operator.py for tasks to queue
[2025-02-06T18:18:12.135+0000] {logging_mixin.py:190} INFO - [2025-02-06T18:18:12.134+0000] {dagbag.py:588} INFO - Filling up the DagBag from /home/airflow/.local/lib/python3.12/site-packages/airflow/example_dags/example_bash_operator.py
[2025-02-06T18:18:12.168+0000] {processor.py:925} INFO - DAG(s) 'example_bash_operator' retrieved from /home/airflow/.local/lib/python3.12/site-packages/airflow/example_dags/example_bash_operator.py
[2025-02-06T18:18:12.216+0000] {logging_mixin.py:190} INFO - [2025-02-06T18:18:12.215+0000] {dag.py:3239} INFO - Sync 1 DAGs
[2025-02-06T18:18:12.259+0000] {logging_mixin.py:190} INFO - [2025-02-06T18:18:12.259+0000] {dag.py:4180} INFO - Setting next_dagrun for example_bash_operator to 2025-02-05 00:00:00+00:00, run_after=2025-02-06 00:00:00+00:00
[2025-02-06T18:18:12.288+0000] {processor.py:208} INFO - Processing /home/airflow/.local/lib/python3.12/site-packages/airflow/example_dags/example_bash_operator.py took 0.169 seconds
[2025-02-06T18:18:43.462+0000] {processor.py:186} INFO - Started process (PID=402) to work on /home/airflow/.local/lib/python3.12/site-packages/airflow/example_dags/example_bash_operator.py
[2025-02-06T18:18:43.464+0000] {processor.py:914} INFO - Processing file /home/airflow/.local/lib/python3.12/site-packages/airflow/example_dags/example_bash_operator.py for tasks to queue
[2025-02-06T18:18:43.470+0000] {logging_mixin.py:190} INFO - [2025-02-06T18:18:43.469+0000] {dagbag.py:588} INFO - Filling up the DagBag from /home/airflow/.local/lib/python3.12/site-packages/airflow/example_dags/example_bash_operator.py
[2025-02-06T18:18:43.512+0000] {processor.py:925} INFO - DAG(s) 'example_bash_operator' retrieved from /home/airflow/.local/lib/python3.12/site-packages/airflow/example_dags/example_bash_operator.py
[2025-02-06T18:18:43.573+0000] {logging_mixin.py:190} INFO - [2025-02-06T18:18:43.573+0000] {dag.py:3239} INFO - Sync 1 DAGs
[2025-02-06T18:18:43.632+0000] {logging_mixin.py:190} INFO - [2025-02-06T18:18:43.632+0000] {dag.py:4180} INFO - Setting next_dagrun for example_bash_operator to 2025-02-05 00:00:00+00:00, run_after=2025-02-06 00:00:00+00:00
[2025-02-06T18:18:43.682+0000] {processor.py:208} INFO - Processing /home/airflow/.local/lib/python3.12/site-packages/airflow/example_dags/example_bash_operator.py took 0.233 seconds
[2025-02-06T18:19:13.888+0000] {processor.py:186} INFO - Started process (PID=458) to work on /home/airflow/.local/lib/python3.12/site-packages/airflow/example_dags/example_bash_operator.py
[2025-02-06T18:19:13.889+0000] {processor.py:914} INFO - Processing file /home/airflow/.local/lib/python3.12/site-packages/airflow/example_dags/example_bash_operator.py for tasks to queue
[2025-02-06T18:19:13.892+0000] {logging_mixin.py:190} INFO - [2025-02-06T18:19:13.892+0000] {dagbag.py:588} INFO - Filling up the DagBag from /home/airflow/.local/lib/python3.12/site-packages/airflow/example_dags/example_bash_operator.py
[2025-02-06T18:19:13.912+0000] {processor.py:925} INFO - DAG(s) 'example_bash_operator' retrieved from /home/airflow/.local/lib/python3.12/site-packages/airflow/example_dags/example_bash_operator.py
[2025-02-06T18:19:13.961+0000] {logging_mixin.py:190} INFO - [2025-02-06T18:19:13.961+0000] {dag.py:3239} INFO - Sync 1 DAGs
[2025-02-06T18:19:13.999+0000] {logging_mixin.py:190} INFO - [2025-02-06T18:19:13.999+0000] {dag.py:4180} INFO - Setting next_dagrun for example_bash_operator to 2025-02-05 00:00:00+00:00, run_after=2025-02-06 00:00:00+00:00
[2025-02-06T18:19:14.028+0000] {processor.py:208} INFO - Processing /home/airflow/.local/lib/python3.12/site-packages/airflow/example_dags/example_bash_operator.py took 0.149 seconds
[2025-02-06T18:19:45.063+0000] {processor.py:186} INFO - Started process (PID=515) to work on /home/airflow/.local/lib/python3.12/site-packages/airflow/example_dags/example_bash_operator.py
[2025-02-06T18:19:45.065+0000] {processor.py:914} INFO - Processing file /home/airflow/.local/lib/python3.12/site-packages/airflow/example_dags/example_bash_operator.py for tasks to queue
[2025-02-06T18:19:45.069+0000] {logging_mixin.py:190} INFO - [2025-02-06T18:19:45.069+0000] {dagbag.py:588} INFO - Filling up the DagBag from /home/airflow/.local/lib/python3.12/site-packages/airflow/example_dags/example_bash_operator.py
[2025-02-06T18:19:45.117+0000] {processor.py:925} INFO - DAG(s) 'example_bash_operator' retrieved from /home/airflow/.local/lib/python3.12/site-packages/airflow/example_dags/example_bash_operator.py
[2025-02-06T18:19:45.197+0000] {logging_mixin.py:190} INFO - [2025-02-06T18:19:45.196+0000] {dag.py:3239} INFO - Sync 1 DAGs
[2025-02-06T18:19:45.291+0000] {logging_mixin.py:190} INFO - [2025-02-06T18:19:45.291+0000] {dag.py:4180} INFO - Setting next_dagrun for example_bash_operator to 2025-02-05 00:00:00+00:00, run_after=2025-02-06 00:00:00+00:00
[2025-02-06T18:19:45.343+0000] {processor.py:208} INFO - Processing /home/airflow/.local/lib/python3.12/site-packages/airflow/example_dags/example_bash_operator.py took 0.302 seconds
[2025-02-06T18:20:15.496+0000] {processor.py:186} INFO - Started process (PID=572) to work on /home/airflow/.local/lib/python3.12/site-packages/airflow/example_dags/example_bash_operator.py
[2025-02-06T18:20:15.498+0000] {processor.py:914} INFO - Processing file /home/airflow/.local/lib/python3.12/site-packages/airflow/example_dags/example_bash_operator.py for tasks to queue
[2025-02-06T18:20:15.501+0000] {logging_mixin.py:190} INFO - [2025-02-06T18:20:15.501+0000] {dagbag.py:588} INFO - Filling up the DagBag from /home/airflow/.local/lib/python3.12/site-packages/airflow/example_dags/example_bash_operator.py
[2025-02-06T18:20:15.524+0000] {processor.py:925} INFO - DAG(s) 'example_bash_operator' retrieved from /home/airflow/.local/lib/python3.12/site-packages/airflow/example_dags/example_bash_operator.py
[2025-02-06T18:20:15.561+0000] {logging_mixin.py:190} INFO - [2025-02-06T18:20:15.560+0000] {dag.py:3239} INFO - Sync 1 DAGs
[2025-02-06T18:20:15.597+0000] {logging_mixin.py:190} INFO - [2025-02-06T18:20:15.597+0000] {dag.py:4180} INFO - Setting next_dagrun for example_bash_operator to 2025-02-05 00:00:00+00:00, run_after=2025-02-06 00:00:00+00:00
[2025-02-06T18:20:15.624+0000] {processor.py:208} INFO - Processing /home/airflow/.local/lib/python3.12/site-packages/airflow/example_dags/example_bash_operator.py took 0.138 seconds
[2025-02-06T18:20:45.941+0000] {processor.py:186} INFO - Started process (PID=629) to work on /home/airflow/.local/lib/python3.12/site-packages/airflow/example_dags/example_bash_operator.py
[2025-02-06T18:20:45.943+0000] {processor.py:914} INFO - Processing file /home/airflow/.local/lib/python3.12/site-packages/airflow/example_dags/example_bash_operator.py for tasks to queue
[2025-02-06T18:20:45.953+0000] {logging_mixin.py:190} INFO - [2025-02-06T18:20:45.952+0000] {dagbag.py:588} INFO - Filling up the DagBag from /home/airflow/.local/lib/python3.12/site-packages/airflow/example_dags/example_bash_operator.py
[2025-02-06T18:20:45.981+0000] {processor.py:925} INFO - DAG(s) 'example_bash_operator' retrieved from /home/airflow/.local/lib/python3.12/site-packages/airflow/example_dags/example_bash_operator.py
[2025-02-06T18:20:46.039+0000] {logging_mixin.py:190} INFO - [2025-02-06T18:20:46.037+0000] {dag.py:3239} INFO - Sync 1 DAGs
[2025-02-06T18:20:46.094+0000] {logging_mixin.py:190} INFO - [2025-02-06T18:20:46.093+0000] {dag.py:4180} INFO - Setting next_dagrun for example_bash_operator to 2025-02-05 00:00:00+00:00, run_after=2025-02-06 00:00:00+00:00
[2025-02-06T18:20:46.140+0000] {processor.py:208} INFO - Processing /home/airflow/.local/lib/python3.12/site-packages/airflow/example_dags/example_bash_operator.py took 0.213 seconds
[2025-02-06T18:21:16.495+0000] {processor.py:186} INFO - Started process (PID=686) to work on /home/airflow/.local/lib/python3.12/site-packages/airflow/example_dags/example_bash_operator.py
[2025-02-06T18:21:16.496+0000] {processor.py:914} INFO - Processing file /home/airflow/.local/lib/python3.12/site-packages/airflow/example_dags/example_bash_operator.py for tasks to queue
[2025-02-06T18:21:16.499+0000] {logging_mixin.py:190} INFO - [2025-02-06T18:21:16.499+0000] {dagbag.py:588} INFO - Filling up the DagBag from /home/airflow/.local/lib/python3.12/site-packages/airflow/example_dags/example_bash_operator.py
[2025-02-06T18:21:16.519+0000] {processor.py:925} INFO - DAG(s) 'example_bash_operator' retrieved from /home/airflow/.local/lib/python3.12/site-packages/airflow/example_dags/example_bash_operator.py
[2025-02-06T18:21:16.557+0000] {logging_mixin.py:190} INFO - [2025-02-06T18:21:16.557+0000] {dag.py:3239} INFO - Sync 1 DAGs
[2025-02-06T18:21:16.619+0000] {logging_mixin.py:190} INFO - [2025-02-06T18:21:16.618+0000] {dag.py:4180} INFO - Setting next_dagrun for example_bash_operator to 2025-02-05 00:00:00+00:00, run_after=2025-02-06 00:00:00+00:00
[2025-02-06T18:21:16.660+0000] {processor.py:208} INFO - Processing /home/airflow/.local/lib/python3.12/site-packages/airflow/example_dags/example_bash_operator.py took 0.173 seconds
[2025-02-06T18:21:47.171+0000] {processor.py:186} INFO - Started process (PID=743) to work on /home/airflow/.local/lib/python3.12/site-packages/airflow/example_dags/example_bash_operator.py
[2025-02-06T18:21:47.173+0000] {processor.py:914} INFO - Processing file /home/airflow/.local/lib/python3.12/site-packages/airflow/example_dags/example_bash_operator.py for tasks to queue
[2025-02-06T18:21:47.176+0000] {logging_mixin.py:190} INFO - [2025-02-06T18:21:47.176+0000] {dagbag.py:588} INFO - Filling up the DagBag from /home/airflow/.local/lib/python3.12/site-packages/airflow/example_dags/example_bash_operator.py
[2025-02-06T18:21:47.195+0000] {processor.py:925} INFO - DAG(s) 'example_bash_operator' retrieved from /home/airflow/.local/lib/python3.12/site-packages/airflow/example_dags/example_bash_operator.py
[2025-02-06T18:21:47.236+0000] {logging_mixin.py:190} INFO - [2025-02-06T18:21:47.235+0000] {dag.py:3239} INFO - Sync 1 DAGs
[2025-02-06T18:21:47.276+0000] {logging_mixin.py:190} INFO - [2025-02-06T18:21:47.276+0000] {dag.py:4180} INFO - Setting next_dagrun for example_bash_operator to 2025-02-05 00:00:00+00:00, run_after=2025-02-06 00:00:00+00:00
[2025-02-06T18:21:47.304+0000] {processor.py:208} INFO - Processing /home/airflow/.local/lib/python3.12/site-packages/airflow/example_dags/example_bash_operator.py took 0.142 seconds
[2025-02-06T18:22:17.999+0000] {processor.py:186} INFO - Started process (PID=800) to work on /home/airflow/.local/lib/python3.12/site-packages/airflow/example_dags/example_bash_operator.py
[2025-02-06T18:22:18.002+0000] {processor.py:914} INFO - Processing file /home/airflow/.local/lib/python3.12/site-packages/airflow/example_dags/example_bash_operator.py for tasks to queue
[2025-02-06T18:22:18.007+0000] {logging_mixin.py:190} INFO - [2025-02-06T18:22:18.007+0000] {dagbag.py:588} INFO - Filling up the DagBag from /home/airflow/.local/lib/python3.12/site-packages/airflow/example_dags/example_bash_operator.py
[2025-02-06T18:22:18.038+0000] {processor.py:925} INFO - DAG(s) 'example_bash_operator' retrieved from /home/airflow/.local/lib/python3.12/site-packages/airflow/example_dags/example_bash_operator.py
[2025-02-06T18:22:18.124+0000] {logging_mixin.py:190} INFO - [2025-02-06T18:22:18.123+0000] {dag.py:3239} INFO - Sync 1 DAGs
[2025-02-06T18:22:18.247+0000] {logging_mixin.py:190} INFO - [2025-02-06T18:22:18.246+0000] {dag.py:4180} INFO - Setting next_dagrun for example_bash_operator to 2025-02-05 00:00:00+00:00, run_after=2025-02-06 00:00:00+00:00
[2025-02-06T18:22:18.330+0000] {processor.py:208} INFO - Processing /home/airflow/.local/lib/python3.12/site-packages/airflow/example_dags/example_bash_operator.py took 0.346 seconds
[2025-02-06T18:22:48.855+0000] {processor.py:186} INFO - Started process (PID=857) to work on /home/airflow/.local/lib/python3.12/site-packages/airflow/example_dags/example_bash_operator.py
[2025-02-06T18:22:48.857+0000] {processor.py:914} INFO - Processing file /home/airflow/.local/lib/python3.12/site-packages/airflow/example_dags/example_bash_operator.py for tasks to queue
[2025-02-06T18:22:48.861+0000] {logging_mixin.py:190} INFO - [2025-02-06T18:22:48.860+0000] {dagbag.py:588} INFO - Filling up the DagBag from /home/airflow/.local/lib/python3.12/site-packages/airflow/example_dags/example_bash_operator.py
[2025-02-06T18:22:48.878+0000] {processor.py:925} INFO - DAG(s) 'example_bash_operator' retrieved from /home/airflow/.local/lib/python3.12/site-packages/airflow/example_dags/example_bash_operator.py
[2025-02-06T18:22:48.918+0000] {logging_mixin.py:190} INFO - [2025-02-06T18:22:48.918+0000] {dag.py:3239} INFO - Sync 1 DAGs
[2025-02-06T18:22:48.953+0000] {logging_mixin.py:190} INFO - [2025-02-06T18:22:48.953+0000] {dag.py:4180} INFO - Setting next_dagrun for example_bash_operator to 2025-02-05 00:00:00+00:00, run_after=2025-02-06 00:00:00+00:00
[2025-02-06T18:22:48.993+0000] {processor.py:208} INFO - Processing /home/airflow/.local/lib/python3.12/site-packages/airflow/example_dags/example_bash_operator.py took 0.147 seconds
[2025-02-06T18:23:19.279+0000] {processor.py:186} INFO - Started process (PID=914) to work on /home/airflow/.local/lib/python3.12/site-packages/airflow/example_dags/example_bash_operator.py
[2025-02-06T18:23:19.281+0000] {processor.py:914} INFO - Processing file /home/airflow/.local/lib/python3.12/site-packages/airflow/example_dags/example_bash_operator.py for tasks to queue
[2025-02-06T18:23:19.284+0000] {logging_mixin.py:190} INFO - [2025-02-06T18:23:19.283+0000] {dagbag.py:588} INFO - Filling up the DagBag from /home/airflow/.local/lib/python3.12/site-packages/airflow/example_dags/example_bash_operator.py
[2025-02-06T18:23:19.300+0000] {processor.py:925} INFO - DAG(s) 'example_bash_operator' retrieved from /home/airflow/.local/lib/python3.12/site-packages/airflow/example_dags/example_bash_operator.py
[2025-02-06T18:23:19.355+0000] {logging_mixin.py:190} INFO - [2025-02-06T18:23:19.354+0000] {dag.py:3239} INFO - Sync 1 DAGs
[2025-02-06T18:23:19.404+0000] {logging_mixin.py:190} INFO - [2025-02-06T18:23:19.404+0000] {dag.py:4180} INFO - Setting next_dagrun for example_bash_operator to 2025-02-05 00:00:00+00:00, run_after=2025-02-06 00:00:00+00:00
[2025-02-06T18:23:19.442+0000] {processor.py:208} INFO - Processing /home/airflow/.local/lib/python3.12/site-packages/airflow/example_dags/example_bash_operator.py took 0.171 seconds
[2025-02-06T18:23:50.218+0000] {processor.py:186} INFO - Started process (PID=971) to work on /home/airflow/.local/lib/python3.12/site-packages/airflow/example_dags/example_bash_operator.py
[2025-02-06T18:23:50.219+0000] {processor.py:914} INFO - Processing file /home/airflow/.local/lib/python3.12/site-packages/airflow/example_dags/example_bash_operator.py for tasks to queue
[2025-02-06T18:23:50.230+0000] {logging_mixin.py:190} INFO - [2025-02-06T18:23:50.230+0000] {dagbag.py:588} INFO - Filling up the DagBag from /home/airflow/.local/lib/python3.12/site-packages/airflow/example_dags/example_bash_operator.py
[2025-02-06T18:23:50.257+0000] {processor.py:925} INFO - DAG(s) 'example_bash_operator' retrieved from /home/airflow/.local/lib/python3.12/site-packages/airflow/example_dags/example_bash_operator.py
[2025-02-06T18:23:50.321+0000] {logging_mixin.py:190} INFO - [2025-02-06T18:23:50.321+0000] {dag.py:3239} INFO - Sync 1 DAGs
[2025-02-06T18:23:50.364+0000] {logging_mixin.py:190} INFO - [2025-02-06T18:23:50.364+0000] {dag.py:4180} INFO - Setting next_dagrun for example_bash_operator to 2025-02-05 00:00:00+00:00, run_after=2025-02-06 00:00:00+00:00
[2025-02-06T18:23:50.429+0000] {processor.py:208} INFO - Processing /home/airflow/.local/lib/python3.12/site-packages/airflow/example_dags/example_bash_operator.py took 0.219 seconds
[2025-02-06T18:24:21.289+0000] {processor.py:186} INFO - Started process (PID=1028) to work on /home/airflow/.local/lib/python3.12/site-packages/airflow/example_dags/example_bash_operator.py
[2025-02-06T18:24:21.292+0000] {processor.py:914} INFO - Processing file /home/airflow/.local/lib/python3.12/site-packages/airflow/example_dags/example_bash_operator.py for tasks to queue
[2025-02-06T18:24:21.298+0000] {logging_mixin.py:190} INFO - [2025-02-06T18:24:21.297+0000] {dagbag.py:588} INFO - Filling up the DagBag from /home/airflow/.local/lib/python3.12/site-packages/airflow/example_dags/example_bash_operator.py
[2025-02-06T18:24:21.333+0000] {processor.py:925} INFO - DAG(s) 'example_bash_operator' retrieved from /home/airflow/.local/lib/python3.12/site-packages/airflow/example_dags/example_bash_operator.py
[2025-02-06T18:24:21.375+0000] {logging_mixin.py:190} INFO - [2025-02-06T18:24:21.375+0000] {dag.py:3239} INFO - Sync 1 DAGs
[2025-02-06T18:24:21.409+0000] {logging_mixin.py:190} INFO - [2025-02-06T18:24:21.409+0000] {dag.py:4180} INFO - Setting next_dagrun for example_bash_operator to 2025-02-05 00:00:00+00:00, run_after=2025-02-06 00:00:00+00:00
[2025-02-06T18:24:21.439+0000] {processor.py:208} INFO - Processing /home/airflow/.local/lib/python3.12/site-packages/airflow/example_dags/example_bash_operator.py took 0.161 seconds
[2025-02-06T18:24:51.632+0000] {processor.py:186} INFO - Started process (PID=1085) to work on /home/airflow/.local/lib/python3.12/site-packages/airflow/example_dags/example_bash_operator.py
[2025-02-06T18:24:51.634+0000] {processor.py:914} INFO - Processing file /home/airflow/.local/lib/python3.12/site-packages/airflow/example_dags/example_bash_operator.py for tasks to queue
[2025-02-06T18:24:51.639+0000] {logging_mixin.py:190} INFO - [2025-02-06T18:24:51.638+0000] {dagbag.py:588} INFO - Filling up the DagBag from /home/airflow/.local/lib/python3.12/site-packages/airflow/example_dags/example_bash_operator.py
[2025-02-06T18:24:51.660+0000] {processor.py:925} INFO - DAG(s) 'example_bash_operator' retrieved from /home/airflow/.local/lib/python3.12/site-packages/airflow/example_dags/example_bash_operator.py
[2025-02-06T18:24:51.713+0000] {logging_mixin.py:190} INFO - [2025-02-06T18:24:51.712+0000] {dag.py:3239} INFO - Sync 1 DAGs
[2025-02-06T18:24:51.753+0000] {logging_mixin.py:190} INFO - [2025-02-06T18:24:51.753+0000] {dag.py:4180} INFO - Setting next_dagrun for example_bash_operator to 2025-02-05 00:00:00+00:00, run_after=2025-02-06 00:00:00+00:00
[2025-02-06T18:24:51.782+0000] {processor.py:208} INFO - Processing /home/airflow/.local/lib/python3.12/site-packages/airflow/example_dags/example_bash_operator.py took 0.163 seconds
[2025-02-06T18:25:22.035+0000] {processor.py:186} INFO - Started process (PID=1142) to work on /home/airflow/.local/lib/python3.12/site-packages/airflow/example_dags/example_bash_operator.py
[2025-02-06T18:25:22.036+0000] {processor.py:914} INFO - Processing file /home/airflow/.local/lib/python3.12/site-packages/airflow/example_dags/example_bash_operator.py for tasks to queue
[2025-02-06T18:25:22.041+0000] {logging_mixin.py:190} INFO - [2025-02-06T18:25:22.041+0000] {dagbag.py:588} INFO - Filling up the DagBag from /home/airflow/.local/lib/python3.12/site-packages/airflow/example_dags/example_bash_operator.py
[2025-02-06T18:25:22.063+0000] {processor.py:925} INFO - DAG(s) 'example_bash_operator' retrieved from /home/airflow/.local/lib/python3.12/site-packages/airflow/example_dags/example_bash_operator.py
[2025-02-06T18:25:22.181+0000] {logging_mixin.py:190} INFO - [2025-02-06T18:25:22.181+0000] {dag.py:3239} INFO - Sync 1 DAGs
[2025-02-06T18:25:22.295+0000] {logging_mixin.py:190} INFO - [2025-02-06T18:25:22.295+0000] {dag.py:4180} INFO - Setting next_dagrun for example_bash_operator to 2025-02-05 00:00:00+00:00, run_after=2025-02-06 00:00:00+00:00
[2025-02-06T18:25:22.335+0000] {processor.py:208} INFO - Processing /home/airflow/.local/lib/python3.12/site-packages/airflow/example_dags/example_bash_operator.py took 0.311 seconds
[2025-02-06T18:25:52.897+0000] {processor.py:186} INFO - Started process (PID=1199) to work on /home/airflow/.local/lib/python3.12/site-packages/airflow/example_dags/example_bash_operator.py
[2025-02-06T18:25:52.898+0000] {processor.py:914} INFO - Processing file /home/airflow/.local/lib/python3.12/site-packages/airflow/example_dags/example_bash_operator.py for tasks to queue
[2025-02-06T18:25:52.903+0000] {logging_mixin.py:190} INFO - [2025-02-06T18:25:52.902+0000] {dagbag.py:588} INFO - Filling up the DagBag from /home/airflow/.local/lib/python3.12/site-packages/airflow/example_dags/example_bash_operator.py
[2025-02-06T18:25:52.932+0000] {processor.py:925} INFO - DAG(s) 'example_bash_operator' retrieved from /home/airflow/.local/lib/python3.12/site-packages/airflow/example_dags/example_bash_operator.py
[2025-02-06T18:25:53.006+0000] {logging_mixin.py:190} INFO - [2025-02-06T18:25:53.006+0000] {dag.py:3239} INFO - Sync 1 DAGs
[2025-02-06T18:25:53.070+0000] {logging_mixin.py:190} INFO - [2025-02-06T18:25:53.069+0000] {dag.py:4180} INFO - Setting next_dagrun for example_bash_operator to 2025-02-05 00:00:00+00:00, run_after=2025-02-06 00:00:00+00:00
[2025-02-06T18:25:53.142+0000] {processor.py:208} INFO - Processing /home/airflow/.local/lib/python3.12/site-packages/airflow/example_dags/example_bash_operator.py took 0.255 seconds
[2025-02-06T18:26:23.292+0000] {processor.py:186} INFO - Started process (PID=1256) to work on /home/airflow/.local/lib/python3.12/site-packages/airflow/example_dags/example_bash_operator.py
[2025-02-06T18:26:23.293+0000] {processor.py:914} INFO - Processing file /home/airflow/.local/lib/python3.12/site-packages/airflow/example_dags/example_bash_operator.py for tasks to queue
[2025-02-06T18:26:23.296+0000] {logging_mixin.py:190} INFO - [2025-02-06T18:26:23.296+0000] {dagbag.py:588} INFO - Filling up the DagBag from /home/airflow/.local/lib/python3.12/site-packages/airflow/example_dags/example_bash_operator.py
[2025-02-06T18:26:23.315+0000] {processor.py:925} INFO - DAG(s) 'example_bash_operator' retrieved from /home/airflow/.local/lib/python3.12/site-packages/airflow/example_dags/example_bash_operator.py
[2025-02-06T18:26:23.361+0000] {logging_mixin.py:190} INFO - [2025-02-06T18:26:23.360+0000] {dag.py:3239} INFO - Sync 1 DAGs
[2025-02-06T18:26:23.400+0000] {logging_mixin.py:190} INFO - [2025-02-06T18:26:23.400+0000] {dag.py:4180} INFO - Setting next_dagrun for example_bash_operator to 2025-02-05 00:00:00+00:00, run_after=2025-02-06 00:00:00+00:00
[2025-02-06T18:26:23.437+0000] {processor.py:208} INFO - Processing /home/airflow/.local/lib/python3.12/site-packages/airflow/example_dags/example_bash_operator.py took 0.154 seconds
[2025-02-06T18:26:53.674+0000] {processor.py:186} INFO - Started process (PID=1313) to work on /home/airflow/.local/lib/python3.12/site-packages/airflow/example_dags/example_bash_operator.py
[2025-02-06T18:26:53.675+0000] {processor.py:914} INFO - Processing file /home/airflow/.local/lib/python3.12/site-packages/airflow/example_dags/example_bash_operator.py for tasks to queue
[2025-02-06T18:26:53.678+0000] {logging_mixin.py:190} INFO - [2025-02-06T18:26:53.678+0000] {dagbag.py:588} INFO - Filling up the DagBag from /home/airflow/.local/lib/python3.12/site-packages/airflow/example_dags/example_bash_operator.py
[2025-02-06T18:26:53.698+0000] {processor.py:925} INFO - DAG(s) 'example_bash_operator' retrieved from /home/airflow/.local/lib/python3.12/site-packages/airflow/example_dags/example_bash_operator.py
[2025-02-06T18:26:53.745+0000] {logging_mixin.py:190} INFO - [2025-02-06T18:26:53.745+0000] {dag.py:3239} INFO - Sync 1 DAGs
[2025-02-06T18:26:53.785+0000] {logging_mixin.py:190} INFO - [2025-02-06T18:26:53.784+0000] {dag.py:4180} INFO - Setting next_dagrun for example_bash_operator to 2025-02-05 00:00:00+00:00, run_after=2025-02-06 00:00:00+00:00
[2025-02-06T18:26:53.819+0000] {processor.py:208} INFO - Processing /home/airflow/.local/lib/python3.12/site-packages/airflow/example_dags/example_bash_operator.py took 0.154 seconds
[2025-02-06T18:27:23.996+0000] {processor.py:186} INFO - Started process (PID=1370) to work on /home/airflow/.local/lib/python3.12/site-packages/airflow/example_dags/example_bash_operator.py
[2025-02-06T18:27:23.998+0000] {processor.py:914} INFO - Processing file /home/airflow/.local/lib/python3.12/site-packages/airflow/example_dags/example_bash_operator.py for tasks to queue
[2025-02-06T18:27:24.003+0000] {logging_mixin.py:190} INFO - [2025-02-06T18:27:24.002+0000] {dagbag.py:588} INFO - Filling up the DagBag from /home/airflow/.local/lib/python3.12/site-packages/airflow/example_dags/example_bash_operator.py
[2025-02-06T18:27:24.030+0000] {processor.py:925} INFO - DAG(s) 'example_bash_operator' retrieved from /home/airflow/.local/lib/python3.12/site-packages/airflow/example_dags/example_bash_operator.py
[2025-02-06T18:27:24.108+0000] {logging_mixin.py:190} INFO - [2025-02-06T18:27:24.108+0000] {dag.py:3239} INFO - Sync 1 DAGs
[2025-02-06T18:27:24.197+0000] {logging_mixin.py:190} INFO - [2025-02-06T18:27:24.197+0000] {dag.py:4180} INFO - Setting next_dagrun for example_bash_operator to 2025-02-05 00:00:00+00:00, run_after=2025-02-06 00:00:00+00:00
[2025-02-06T18:27:24.276+0000] {processor.py:208} INFO - Processing /home/airflow/.local/lib/python3.12/site-packages/airflow/example_dags/example_bash_operator.py took 0.298 seconds
[2025-02-06T18:27:54.561+0000] {processor.py:186} INFO - Started process (PID=1427) to work on /home/airflow/.local/lib/python3.12/site-packages/airflow/example_dags/example_bash_operator.py
[2025-02-06T18:27:54.564+0000] {processor.py:914} INFO - Processing file /home/airflow/.local/lib/python3.12/site-packages/airflow/example_dags/example_bash_operator.py for tasks to queue
[2025-02-06T18:27:54.576+0000] {logging_mixin.py:190} INFO - [2025-02-06T18:27:54.575+0000] {dagbag.py:588} INFO - Filling up the DagBag from /home/airflow/.local/lib/python3.12/site-packages/airflow/example_dags/example_bash_operator.py
[2025-02-06T18:27:54.623+0000] {processor.py:925} INFO - DAG(s) 'example_bash_operator' retrieved from /home/airflow/.local/lib/python3.12/site-packages/airflow/example_dags/example_bash_operator.py
[2025-02-06T18:27:54.701+0000] {logging_mixin.py:190} INFO - [2025-02-06T18:27:54.700+0000] {dag.py:3239} INFO - Sync 1 DAGs
[2025-02-06T18:27:54.765+0000] {logging_mixin.py:190} INFO - [2025-02-06T18:27:54.764+0000] {dag.py:4180} INFO - Setting next_dagrun for example_bash_operator to 2025-02-05 00:00:00+00:00, run_after=2025-02-06 00:00:00+00:00
[2025-02-06T18:27:54.805+0000] {processor.py:208} INFO - Processing /home/airflow/.local/lib/python3.12/site-packages/airflow/example_dags/example_bash_operator.py took 0.269 seconds
[2025-02-06T18:28:25.602+0000] {processor.py:186} INFO - Started process (PID=1484) to work on /home/airflow/.local/lib/python3.12/site-packages/airflow/example_dags/example_bash_operator.py
[2025-02-06T18:28:25.608+0000] {processor.py:914} INFO - Processing file /home/airflow/.local/lib/python3.12/site-packages/airflow/example_dags/example_bash_operator.py for tasks to queue
[2025-02-06T18:28:25.619+0000] {logging_mixin.py:190} INFO - [2025-02-06T18:28:25.618+0000] {dagbag.py:588} INFO - Filling up the DagBag from /home/airflow/.local/lib/python3.12/site-packages/airflow/example_dags/example_bash_operator.py
[2025-02-06T18:28:25.671+0000] {processor.py:925} INFO - DAG(s) 'example_bash_operator' retrieved from /home/airflow/.local/lib/python3.12/site-packages/airflow/example_dags/example_bash_operator.py
[2025-02-06T18:28:25.731+0000] {logging_mixin.py:190} INFO - [2025-02-06T18:28:25.731+0000] {dag.py:3239} INFO - Sync 1 DAGs
[2025-02-06T18:28:25.782+0000] {logging_mixin.py:190} INFO - [2025-02-06T18:28:25.781+0000] {dag.py:4180} INFO - Setting next_dagrun for example_bash_operator to 2025-02-05 00:00:00+00:00, run_after=2025-02-06 00:00:00+00:00
[2025-02-06T18:28:25.824+0000] {processor.py:208} INFO - Processing /home/airflow/.local/lib/python3.12/site-packages/airflow/example_dags/example_bash_operator.py took 0.244 seconds
[2025-02-06T18:28:58.304+0000] {processor.py:186} INFO - Started process (PID=1541) to work on /home/airflow/.local/lib/python3.12/site-packages/airflow/example_dags/example_bash_operator.py
[2025-02-06T18:28:58.306+0000] {processor.py:914} INFO - Processing file /home/airflow/.local/lib/python3.12/site-packages/airflow/example_dags/example_bash_operator.py for tasks to queue
[2025-02-06T18:28:58.310+0000] {logging_mixin.py:190} INFO - [2025-02-06T18:28:58.309+0000] {dagbag.py:588} INFO - Filling up the DagBag from /home/airflow/.local/lib/python3.12/site-packages/airflow/example_dags/example_bash_operator.py
[2025-02-06T18:28:58.330+0000] {processor.py:925} INFO - DAG(s) 'example_bash_operator' retrieved from /home/airflow/.local/lib/python3.12/site-packages/airflow/example_dags/example_bash_operator.py
[2025-02-06T18:28:58.388+0000] {logging_mixin.py:190} INFO - [2025-02-06T18:28:58.387+0000] {dag.py:3239} INFO - Sync 1 DAGs
[2025-02-06T18:28:58.447+0000] {logging_mixin.py:190} INFO - [2025-02-06T18:28:58.446+0000] {dag.py:4180} INFO - Setting next_dagrun for example_bash_operator to 2025-02-05 00:00:00+00:00, run_after=2025-02-06 00:00:00+00:00
[2025-02-06T18:28:58.491+0000] {processor.py:208} INFO - Processing /home/airflow/.local/lib/python3.12/site-packages/airflow/example_dags/example_bash_operator.py took 0.198 seconds
[2025-02-06T18:29:30.369+0000] {processor.py:186} INFO - Started process (PID=1598) to work on /home/airflow/.local/lib/python3.12/site-packages/airflow/example_dags/example_bash_operator.py
[2025-02-06T18:29:30.372+0000] {processor.py:914} INFO - Processing file /home/airflow/.local/lib/python3.12/site-packages/airflow/example_dags/example_bash_operator.py for tasks to queue
[2025-02-06T18:29:30.379+0000] {logging_mixin.py:190} INFO - [2025-02-06T18:29:30.378+0000] {dagbag.py:588} INFO - Filling up the DagBag from /home/airflow/.local/lib/python3.12/site-packages/airflow/example_dags/example_bash_operator.py
[2025-02-06T18:29:30.463+0000] {processor.py:925} INFO - DAG(s) 'example_bash_operator' retrieved from /home/airflow/.local/lib/python3.12/site-packages/airflow/example_dags/example_bash_operator.py
[2025-02-06T18:29:30.578+0000] {logging_mixin.py:190} INFO - [2025-02-06T18:29:30.574+0000] {dag.py:3239} INFO - Sync 1 DAGs
[2025-02-06T18:29:30.655+0000] {logging_mixin.py:190} INFO - [2025-02-06T18:29:30.654+0000] {dag.py:4180} INFO - Setting next_dagrun for example_bash_operator to 2025-02-05 00:00:00+00:00, run_after=2025-02-06 00:00:00+00:00
[2025-02-06T18:29:30.691+0000] {processor.py:208} INFO - Processing /home/airflow/.local/lib/python3.12/site-packages/airflow/example_dags/example_bash_operator.py took 0.345 seconds
[2025-02-06T18:30:01.840+0000] {processor.py:186} INFO - Started process (PID=1655) to work on /home/airflow/.local/lib/python3.12/site-packages/airflow/example_dags/example_bash_operator.py
[2025-02-06T18:30:01.842+0000] {processor.py:914} INFO - Processing file /home/airflow/.local/lib/python3.12/site-packages/airflow/example_dags/example_bash_operator.py for tasks to queue
[2025-02-06T18:30:01.845+0000] {logging_mixin.py:190} INFO - [2025-02-06T18:30:01.845+0000] {dagbag.py:588} INFO - Filling up the DagBag from /home/airflow/.local/lib/python3.12/site-packages/airflow/example_dags/example_bash_operator.py
[2025-02-06T18:30:01.865+0000] {processor.py:925} INFO - DAG(s) 'example_bash_operator' retrieved from /home/airflow/.local/lib/python3.12/site-packages/airflow/example_dags/example_bash_operator.py
[2025-02-06T18:30:01.917+0000] {logging_mixin.py:190} INFO - [2025-02-06T18:30:01.916+0000] {dag.py:3239} INFO - Sync 1 DAGs
[2025-02-06T18:30:01.966+0000] {logging_mixin.py:190} INFO - [2025-02-06T18:30:01.966+0000] {dag.py:4180} INFO - Setting next_dagrun for example_bash_operator to 2025-02-05 00:00:00+00:00, run_after=2025-02-06 00:00:00+00:00
[2025-02-06T18:30:01.997+0000] {processor.py:208} INFO - Processing /home/airflow/.local/lib/python3.12/site-packages/airflow/example_dags/example_bash_operator.py took 0.166 seconds
[2025-02-06T18:30:32.554+0000] {processor.py:186} INFO - Started process (PID=1710) to work on /home/airflow/.local/lib/python3.12/site-packages/airflow/example_dags/example_bash_operator.py
[2025-02-06T18:30:32.556+0000] {processor.py:914} INFO - Processing file /home/airflow/.local/lib/python3.12/site-packages/airflow/example_dags/example_bash_operator.py for tasks to queue
[2025-02-06T18:30:32.561+0000] {logging_mixin.py:190} INFO - [2025-02-06T18:30:32.560+0000] {dagbag.py:588} INFO - Filling up the DagBag from /home/airflow/.local/lib/python3.12/site-packages/airflow/example_dags/example_bash_operator.py
[2025-02-06T18:30:32.587+0000] {processor.py:925} INFO - DAG(s) 'example_bash_operator' retrieved from /home/airflow/.local/lib/python3.12/site-packages/airflow/example_dags/example_bash_operator.py
[2025-02-06T18:30:32.628+0000] {logging_mixin.py:190} INFO - [2025-02-06T18:30:32.627+0000] {dag.py:3239} INFO - Sync 1 DAGs
[2025-02-06T18:30:32.670+0000] {logging_mixin.py:190} INFO - [2025-02-06T18:30:32.669+0000] {dag.py:4180} INFO - Setting next_dagrun for example_bash_operator to 2025-02-05 00:00:00+00:00, run_after=2025-02-06 00:00:00+00:00
[2025-02-06T18:30:32.713+0000] {processor.py:208} INFO - Processing /home/airflow/.local/lib/python3.12/site-packages/airflow/example_dags/example_bash_operator.py took 0.168 seconds
[2025-02-06T18:31:03.348+0000] {processor.py:186} INFO - Started process (PID=1767) to work on /home/airflow/.local/lib/python3.12/site-packages/airflow/example_dags/example_bash_operator.py
[2025-02-06T18:31:03.351+0000] {processor.py:914} INFO - Processing file /home/airflow/.local/lib/python3.12/site-packages/airflow/example_dags/example_bash_operator.py for tasks to queue
[2025-02-06T18:31:03.357+0000] {logging_mixin.py:190} INFO - [2025-02-06T18:31:03.356+0000] {dagbag.py:588} INFO - Filling up the DagBag from /home/airflow/.local/lib/python3.12/site-packages/airflow/example_dags/example_bash_operator.py
[2025-02-06T18:31:03.385+0000] {processor.py:925} INFO - DAG(s) 'example_bash_operator' retrieved from /home/airflow/.local/lib/python3.12/site-packages/airflow/example_dags/example_bash_operator.py
[2025-02-06T18:31:03.433+0000] {logging_mixin.py:190} INFO - [2025-02-06T18:31:03.432+0000] {dag.py:3239} INFO - Sync 1 DAGs
[2025-02-06T18:31:03.473+0000] {logging_mixin.py:190} INFO - [2025-02-06T18:31:03.473+0000] {dag.py:4180} INFO - Setting next_dagrun for example_bash_operator to 2025-02-05 00:00:00+00:00, run_after=2025-02-06 00:00:00+00:00
[2025-02-06T18:31:03.506+0000] {processor.py:208} INFO - Processing /home/airflow/.local/lib/python3.12/site-packages/airflow/example_dags/example_bash_operator.py took 0.171 seconds
[2025-02-06T18:31:35.633+0000] {processor.py:186} INFO - Started process (PID=1824) to work on /home/airflow/.local/lib/python3.12/site-packages/airflow/example_dags/example_bash_operator.py
[2025-02-06T18:31:35.635+0000] {processor.py:914} INFO - Processing file /home/airflow/.local/lib/python3.12/site-packages/airflow/example_dags/example_bash_operator.py for tasks to queue
[2025-02-06T18:31:35.640+0000] {logging_mixin.py:190} INFO - [2025-02-06T18:31:35.639+0000] {dagbag.py:588} INFO - Filling up the DagBag from /home/airflow/.local/lib/python3.12/site-packages/airflow/example_dags/example_bash_operator.py
[2025-02-06T18:31:35.667+0000] {processor.py:925} INFO - DAG(s) 'example_bash_operator' retrieved from /home/airflow/.local/lib/python3.12/site-packages/airflow/example_dags/example_bash_operator.py
[2025-02-06T18:31:35.728+0000] {logging_mixin.py:190} INFO - [2025-02-06T18:31:35.728+0000] {dag.py:3239} INFO - Sync 1 DAGs
[2025-02-06T18:31:35.783+0000] {logging_mixin.py:190} INFO - [2025-02-06T18:31:35.782+0000] {dag.py:4180} INFO - Setting next_dagrun for example_bash_operator to 2025-02-05 00:00:00+00:00, run_after=2025-02-06 00:00:00+00:00
[2025-02-06T18:31:35.824+0000] {processor.py:208} INFO - Processing /home/airflow/.local/lib/python3.12/site-packages/airflow/example_dags/example_bash_operator.py took 0.204 seconds
[2025-02-06T18:32:07.184+0000] {processor.py:186} INFO - Started process (PID=1881) to work on /home/airflow/.local/lib/python3.12/site-packages/airflow/example_dags/example_bash_operator.py
[2025-02-06T18:32:07.186+0000] {processor.py:914} INFO - Processing file /home/airflow/.local/lib/python3.12/site-packages/airflow/example_dags/example_bash_operator.py for tasks to queue
[2025-02-06T18:32:07.190+0000] {logging_mixin.py:190} INFO - [2025-02-06T18:32:07.189+0000] {dagbag.py:588} INFO - Filling up the DagBag from /home/airflow/.local/lib/python3.12/site-packages/airflow/example_dags/example_bash_operator.py
[2025-02-06T18:32:07.211+0000] {processor.py:925} INFO - DAG(s) 'example_bash_operator' retrieved from /home/airflow/.local/lib/python3.12/site-packages/airflow/example_dags/example_bash_operator.py
[2025-02-06T18:32:07.255+0000] {logging_mixin.py:190} INFO - [2025-02-06T18:32:07.254+0000] {dag.py:3239} INFO - Sync 1 DAGs
[2025-02-06T18:32:07.293+0000] {logging_mixin.py:190} INFO - [2025-02-06T18:32:07.292+0000] {dag.py:4180} INFO - Setting next_dagrun for example_bash_operator to 2025-02-05 00:00:00+00:00, run_after=2025-02-06 00:00:00+00:00
[2025-02-06T18:32:07.320+0000] {processor.py:208} INFO - Processing /home/airflow/.local/lib/python3.12/site-packages/airflow/example_dags/example_bash_operator.py took 0.146 seconds
[2025-02-06T18:32:38.486+0000] {processor.py:186} INFO - Started process (PID=1938) to work on /home/airflow/.local/lib/python3.12/site-packages/airflow/example_dags/example_bash_operator.py
[2025-02-06T18:32:38.487+0000] {processor.py:914} INFO - Processing file /home/airflow/.local/lib/python3.12/site-packages/airflow/example_dags/example_bash_operator.py for tasks to queue
[2025-02-06T18:32:38.492+0000] {logging_mixin.py:190} INFO - [2025-02-06T18:32:38.491+0000] {dagbag.py:588} INFO - Filling up the DagBag from /home/airflow/.local/lib/python3.12/site-packages/airflow/example_dags/example_bash_operator.py
[2025-02-06T18:32:38.516+0000] {processor.py:925} INFO - DAG(s) 'example_bash_operator' retrieved from /home/airflow/.local/lib/python3.12/site-packages/airflow/example_dags/example_bash_operator.py
[2025-02-06T18:32:38.573+0000] {logging_mixin.py:190} INFO - [2025-02-06T18:32:38.573+0000] {dag.py:3239} INFO - Sync 1 DAGs
[2025-02-06T18:32:38.613+0000] {logging_mixin.py:190} INFO - [2025-02-06T18:32:38.613+0000] {dag.py:4180} INFO - Setting next_dagrun for example_bash_operator to 2025-02-05 00:00:00+00:00, run_after=2025-02-06 00:00:00+00:00
[2025-02-06T18:32:38.638+0000] {processor.py:208} INFO - Processing /home/airflow/.local/lib/python3.12/site-packages/airflow/example_dags/example_bash_operator.py took 0.163 seconds
[2025-02-06T18:33:11.361+0000] {processor.py:186} INFO - Started process (PID=1995) to work on /home/airflow/.local/lib/python3.12/site-packages/airflow/example_dags/example_bash_operator.py
[2025-02-06T18:33:11.362+0000] {processor.py:914} INFO - Processing file /home/airflow/.local/lib/python3.12/site-packages/airflow/example_dags/example_bash_operator.py for tasks to queue
[2025-02-06T18:33:11.367+0000] {logging_mixin.py:190} INFO - [2025-02-06T18:33:11.366+0000] {dagbag.py:588} INFO - Filling up the DagBag from /home/airflow/.local/lib/python3.12/site-packages/airflow/example_dags/example_bash_operator.py
[2025-02-06T18:33:11.390+0000] {processor.py:925} INFO - DAG(s) 'example_bash_operator' retrieved from /home/airflow/.local/lib/python3.12/site-packages/airflow/example_dags/example_bash_operator.py
[2025-02-06T18:33:11.430+0000] {logging_mixin.py:190} INFO - [2025-02-06T18:33:11.430+0000] {dag.py:3239} INFO - Sync 1 DAGs
[2025-02-06T18:33:11.467+0000] {logging_mixin.py:190} INFO - [2025-02-06T18:33:11.467+0000] {dag.py:4180} INFO - Setting next_dagrun for example_bash_operator to 2025-02-05 00:00:00+00:00, run_after=2025-02-06 00:00:00+00:00
[2025-02-06T18:33:11.501+0000] {processor.py:208} INFO - Processing /home/airflow/.local/lib/python3.12/site-packages/airflow/example_dags/example_bash_operator.py took 0.151 seconds
[2025-02-06T18:33:42.841+0000] {processor.py:186} INFO - Started process (PID=2052) to work on /home/airflow/.local/lib/python3.12/site-packages/airflow/example_dags/example_bash_operator.py
[2025-02-06T18:33:42.842+0000] {processor.py:914} INFO - Processing file /home/airflow/.local/lib/python3.12/site-packages/airflow/example_dags/example_bash_operator.py for tasks to queue
[2025-02-06T18:33:42.846+0000] {logging_mixin.py:190} INFO - [2025-02-06T18:33:42.846+0000] {dagbag.py:588} INFO - Filling up the DagBag from /home/airflow/.local/lib/python3.12/site-packages/airflow/example_dags/example_bash_operator.py
[2025-02-06T18:33:42.870+0000] {processor.py:925} INFO - DAG(s) 'example_bash_operator' retrieved from /home/airflow/.local/lib/python3.12/site-packages/airflow/example_dags/example_bash_operator.py
[2025-02-06T18:33:42.922+0000] {logging_mixin.py:190} INFO - [2025-02-06T18:33:42.922+0000] {dag.py:3239} INFO - Sync 1 DAGs
[2025-02-06T18:33:42.967+0000] {logging_mixin.py:190} INFO - [2025-02-06T18:33:42.967+0000] {dag.py:4180} INFO - Setting next_dagrun for example_bash_operator to 2025-02-05 00:00:00+00:00, run_after=2025-02-06 00:00:00+00:00
[2025-02-06T18:33:43.020+0000] {processor.py:208} INFO - Processing /home/airflow/.local/lib/python3.12/site-packages/airflow/example_dags/example_bash_operator.py took 0.189 seconds
[2025-02-06T18:34:14.189+0000] {processor.py:186} INFO - Started process (PID=2109) to work on /home/airflow/.local/lib/python3.12/site-packages/airflow/example_dags/example_bash_operator.py
[2025-02-06T18:34:14.190+0000] {processor.py:914} INFO - Processing file /home/airflow/.local/lib/python3.12/site-packages/airflow/example_dags/example_bash_operator.py for tasks to queue
[2025-02-06T18:34:14.194+0000] {logging_mixin.py:190} INFO - [2025-02-06T18:34:14.193+0000] {dagbag.py:588} INFO - Filling up the DagBag from /home/airflow/.local/lib/python3.12/site-packages/airflow/example_dags/example_bash_operator.py
[2025-02-06T18:34:14.213+0000] {processor.py:925} INFO - DAG(s) 'example_bash_operator' retrieved from /home/airflow/.local/lib/python3.12/site-packages/airflow/example_dags/example_bash_operator.py
[2025-02-06T18:34:14.253+0000] {logging_mixin.py:190} INFO - [2025-02-06T18:34:14.252+0000] {dag.py:3239} INFO - Sync 1 DAGs
[2025-02-06T18:34:14.318+0000] {logging_mixin.py:190} INFO - [2025-02-06T18:34:14.318+0000] {dag.py:4180} INFO - Setting next_dagrun for example_bash_operator to 2025-02-05 00:00:00+00:00, run_after=2025-02-06 00:00:00+00:00
[2025-02-06T18:34:14.360+0000] {processor.py:208} INFO - Processing /home/airflow/.local/lib/python3.12/site-packages/airflow/example_dags/example_bash_operator.py took 0.180 seconds
[2025-02-06T18:34:46.546+0000] {processor.py:186} INFO - Started process (PID=2166) to work on /home/airflow/.local/lib/python3.12/site-packages/airflow/example_dags/example_bash_operator.py
[2025-02-06T18:34:46.548+0000] {processor.py:914} INFO - Processing file /home/airflow/.local/lib/python3.12/site-packages/airflow/example_dags/example_bash_operator.py for tasks to queue
[2025-02-06T18:34:46.555+0000] {logging_mixin.py:190} INFO - [2025-02-06T18:34:46.554+0000] {dagbag.py:588} INFO - Filling up the DagBag from /home/airflow/.local/lib/python3.12/site-packages/airflow/example_dags/example_bash_operator.py
[2025-02-06T18:34:46.595+0000] {processor.py:925} INFO - DAG(s) 'example_bash_operator' retrieved from /home/airflow/.local/lib/python3.12/site-packages/airflow/example_dags/example_bash_operator.py
[2025-02-06T18:34:46.652+0000] {logging_mixin.py:190} INFO - [2025-02-06T18:34:46.651+0000] {dag.py:3239} INFO - Sync 1 DAGs
[2025-02-06T18:34:46.713+0000] {logging_mixin.py:190} INFO - [2025-02-06T18:34:46.712+0000] {dag.py:4180} INFO - Setting next_dagrun for example_bash_operator to 2025-02-05 00:00:00+00:00, run_after=2025-02-06 00:00:00+00:00
[2025-02-06T18:34:46.752+0000] {processor.py:208} INFO - Processing /home/airflow/.local/lib/python3.12/site-packages/airflow/example_dags/example_bash_operator.py took 0.219 seconds
[2025-02-06T18:35:19.623+0000] {processor.py:186} INFO - Started process (PID=2223) to work on /home/airflow/.local/lib/python3.12/site-packages/airflow/example_dags/example_bash_operator.py
[2025-02-06T18:35:19.626+0000] {processor.py:914} INFO - Processing file /home/airflow/.local/lib/python3.12/site-packages/airflow/example_dags/example_bash_operator.py for tasks to queue
[2025-02-06T18:35:19.632+0000] {logging_mixin.py:190} INFO - [2025-02-06T18:35:19.631+0000] {dagbag.py:588} INFO - Filling up the DagBag from /home/airflow/.local/lib/python3.12/site-packages/airflow/example_dags/example_bash_operator.py
[2025-02-06T18:35:19.671+0000] {processor.py:925} INFO - DAG(s) 'example_bash_operator' retrieved from /home/airflow/.local/lib/python3.12/site-packages/airflow/example_dags/example_bash_operator.py
[2025-02-06T18:35:19.774+0000] {logging_mixin.py:190} INFO - [2025-02-06T18:35:19.773+0000] {dag.py:3239} INFO - Sync 1 DAGs
[2025-02-06T18:35:19.887+0000] {logging_mixin.py:190} INFO - [2025-02-06T18:35:19.887+0000] {dag.py:4180} INFO - Setting next_dagrun for example_bash_operator to 2025-02-05 00:00:00+00:00, run_after=2025-02-06 00:00:00+00:00
[2025-02-06T18:35:19.948+0000] {processor.py:208} INFO - Processing /home/airflow/.local/lib/python3.12/site-packages/airflow/example_dags/example_bash_operator.py took 0.339 seconds
[2025-02-06T18:35:51.424+0000] {processor.py:186} INFO - Started process (PID=2280) to work on /home/airflow/.local/lib/python3.12/site-packages/airflow/example_dags/example_bash_operator.py
[2025-02-06T18:35:51.426+0000] {processor.py:914} INFO - Processing file /home/airflow/.local/lib/python3.12/site-packages/airflow/example_dags/example_bash_operator.py for tasks to queue
[2025-02-06T18:35:51.431+0000] {logging_mixin.py:190} INFO - [2025-02-06T18:35:51.430+0000] {dagbag.py:588} INFO - Filling up the DagBag from /home/airflow/.local/lib/python3.12/site-packages/airflow/example_dags/example_bash_operator.py
[2025-02-06T18:35:51.465+0000] {processor.py:925} INFO - DAG(s) 'example_bash_operator' retrieved from /home/airflow/.local/lib/python3.12/site-packages/airflow/example_dags/example_bash_operator.py
[2025-02-06T18:35:51.531+0000] {logging_mixin.py:190} INFO - [2025-02-06T18:35:51.531+0000] {dag.py:3239} INFO - Sync 1 DAGs
[2025-02-06T18:35:51.594+0000] {logging_mixin.py:190} INFO - [2025-02-06T18:35:51.593+0000] {dag.py:4180} INFO - Setting next_dagrun for example_bash_operator to 2025-02-05 00:00:00+00:00, run_after=2025-02-06 00:00:00+00:00
[2025-02-06T18:35:51.672+0000] {processor.py:208} INFO - Processing /home/airflow/.local/lib/python3.12/site-packages/airflow/example_dags/example_bash_operator.py took 0.262 seconds
[2025-02-06T18:36:22.890+0000] {processor.py:186} INFO - Started process (PID=2337) to work on /home/airflow/.local/lib/python3.12/site-packages/airflow/example_dags/example_bash_operator.py
[2025-02-06T18:36:22.891+0000] {processor.py:914} INFO - Processing file /home/airflow/.local/lib/python3.12/site-packages/airflow/example_dags/example_bash_operator.py for tasks to queue
[2025-02-06T18:36:22.895+0000] {logging_mixin.py:190} INFO - [2025-02-06T18:36:22.894+0000] {dagbag.py:588} INFO - Filling up the DagBag from /home/airflow/.local/lib/python3.12/site-packages/airflow/example_dags/example_bash_operator.py
[2025-02-06T18:36:22.914+0000] {processor.py:925} INFO - DAG(s) 'example_bash_operator' retrieved from /home/airflow/.local/lib/python3.12/site-packages/airflow/example_dags/example_bash_operator.py
[2025-02-06T18:36:22.963+0000] {logging_mixin.py:190} INFO - [2025-02-06T18:36:22.963+0000] {dag.py:3239} INFO - Sync 1 DAGs
[2025-02-06T18:36:23.021+0000] {logging_mixin.py:190} INFO - [2025-02-06T18:36:23.021+0000] {dag.py:4180} INFO - Setting next_dagrun for example_bash_operator to 2025-02-05 00:00:00+00:00, run_after=2025-02-06 00:00:00+00:00
[2025-02-06T18:36:23.065+0000] {processor.py:208} INFO - Processing /home/airflow/.local/lib/python3.12/site-packages/airflow/example_dags/example_bash_operator.py took 0.183 seconds
[2025-02-06T18:36:54.188+0000] {processor.py:186} INFO - Started process (PID=2394) to work on /home/airflow/.local/lib/python3.12/site-packages/airflow/example_dags/example_bash_operator.py
[2025-02-06T18:36:54.190+0000] {processor.py:914} INFO - Processing file /home/airflow/.local/lib/python3.12/site-packages/airflow/example_dags/example_bash_operator.py for tasks to queue
[2025-02-06T18:36:54.194+0000] {logging_mixin.py:190} INFO - [2025-02-06T18:36:54.193+0000] {dagbag.py:588} INFO - Filling up the DagBag from /home/airflow/.local/lib/python3.12/site-packages/airflow/example_dags/example_bash_operator.py
[2025-02-06T18:36:54.216+0000] {processor.py:925} INFO - DAG(s) 'example_bash_operator' retrieved from /home/airflow/.local/lib/python3.12/site-packages/airflow/example_dags/example_bash_operator.py
[2025-02-06T18:36:54.267+0000] {logging_mixin.py:190} INFO - [2025-02-06T18:36:54.266+0000] {dag.py:3239} INFO - Sync 1 DAGs
[2025-02-06T18:36:54.314+0000] {logging_mixin.py:190} INFO - [2025-02-06T18:36:54.314+0000] {dag.py:4180} INFO - Setting next_dagrun for example_bash_operator to 2025-02-05 00:00:00+00:00, run_after=2025-02-06 00:00:00+00:00
[2025-02-06T18:36:54.338+0000] {processor.py:208} INFO - Processing /home/airflow/.local/lib/python3.12/site-packages/airflow/example_dags/example_bash_operator.py took 0.158 seconds
[2025-02-06T18:37:25.911+0000] {processor.py:186} INFO - Started process (PID=2451) to work on /home/airflow/.local/lib/python3.12/site-packages/airflow/example_dags/example_bash_operator.py
[2025-02-06T18:37:25.913+0000] {processor.py:914} INFO - Processing file /home/airflow/.local/lib/python3.12/site-packages/airflow/example_dags/example_bash_operator.py for tasks to queue
[2025-02-06T18:37:25.919+0000] {logging_mixin.py:190} INFO - [2025-02-06T18:37:25.918+0000] {dagbag.py:588} INFO - Filling up the DagBag from /home/airflow/.local/lib/python3.12/site-packages/airflow/example_dags/example_bash_operator.py
[2025-02-06T18:37:25.950+0000] {processor.py:925} INFO - DAG(s) 'example_bash_operator' retrieved from /home/airflow/.local/lib/python3.12/site-packages/airflow/example_dags/example_bash_operator.py
[2025-02-06T18:37:26.002+0000] {logging_mixin.py:190} INFO - [2025-02-06T18:37:26.002+0000] {dag.py:3239} INFO - Sync 1 DAGs
[2025-02-06T18:37:26.055+0000] {logging_mixin.py:190} INFO - [2025-02-06T18:37:26.055+0000] {dag.py:4180} INFO - Setting next_dagrun for example_bash_operator to 2025-02-05 00:00:00+00:00, run_after=2025-02-06 00:00:00+00:00
[2025-02-06T18:37:26.091+0000] {processor.py:208} INFO - Processing /home/airflow/.local/lib/python3.12/site-packages/airflow/example_dags/example_bash_operator.py took 0.189 seconds
[2025-02-06T18:37:57.473+0000] {processor.py:186} INFO - Started process (PID=2508) to work on /home/airflow/.local/lib/python3.12/site-packages/airflow/example_dags/example_bash_operator.py
[2025-02-06T18:37:57.475+0000] {processor.py:914} INFO - Processing file /home/airflow/.local/lib/python3.12/site-packages/airflow/example_dags/example_bash_operator.py for tasks to queue
[2025-02-06T18:37:57.489+0000] {logging_mixin.py:190} INFO - [2025-02-06T18:37:57.488+0000] {dagbag.py:588} INFO - Filling up the DagBag from /home/airflow/.local/lib/python3.12/site-packages/airflow/example_dags/example_bash_operator.py
[2025-02-06T18:37:57.543+0000] {processor.py:925} INFO - DAG(s) 'example_bash_operator' retrieved from /home/airflow/.local/lib/python3.12/site-packages/airflow/example_dags/example_bash_operator.py
[2025-02-06T18:37:57.594+0000] {logging_mixin.py:190} INFO - [2025-02-06T18:37:57.594+0000] {dag.py:3239} INFO - Sync 1 DAGs
[2025-02-06T18:37:57.643+0000] {logging_mixin.py:190} INFO - [2025-02-06T18:37:57.643+0000] {dag.py:4180} INFO - Setting next_dagrun for example_bash_operator to 2025-02-05 00:00:00+00:00, run_after=2025-02-06 00:00:00+00:00
[2025-02-06T18:37:57.692+0000] {processor.py:208} INFO - Processing /home/airflow/.local/lib/python3.12/site-packages/airflow/example_dags/example_bash_operator.py took 0.235 seconds
[2025-02-06T18:38:29.263+0000] {processor.py:186} INFO - Started process (PID=2565) to work on /home/airflow/.local/lib/python3.12/site-packages/airflow/example_dags/example_bash_operator.py
[2025-02-06T18:38:29.265+0000] {processor.py:914} INFO - Processing file /home/airflow/.local/lib/python3.12/site-packages/airflow/example_dags/example_bash_operator.py for tasks to queue
[2025-02-06T18:38:29.269+0000] {logging_mixin.py:190} INFO - [2025-02-06T18:38:29.268+0000] {dagbag.py:588} INFO - Filling up the DagBag from /home/airflow/.local/lib/python3.12/site-packages/airflow/example_dags/example_bash_operator.py
[2025-02-06T18:38:29.290+0000] {processor.py:925} INFO - DAG(s) 'example_bash_operator' retrieved from /home/airflow/.local/lib/python3.12/site-packages/airflow/example_dags/example_bash_operator.py
[2025-02-06T18:38:29.328+0000] {logging_mixin.py:190} INFO - [2025-02-06T18:38:29.327+0000] {dag.py:3239} INFO - Sync 1 DAGs
[2025-02-06T18:38:29.367+0000] {logging_mixin.py:190} INFO - [2025-02-06T18:38:29.366+0000] {dag.py:4180} INFO - Setting next_dagrun for example_bash_operator to 2025-02-05 00:00:00+00:00, run_after=2025-02-06 00:00:00+00:00
[2025-02-06T18:38:29.405+0000] {processor.py:208} INFO - Processing /home/airflow/.local/lib/python3.12/site-packages/airflow/example_dags/example_bash_operator.py took 0.151 seconds
[2025-02-06T18:39:01.461+0000] {processor.py:186} INFO - Started process (PID=2622) to work on /home/airflow/.local/lib/python3.12/site-packages/airflow/example_dags/example_bash_operator.py
[2025-02-06T18:39:01.463+0000] {processor.py:914} INFO - Processing file /home/airflow/.local/lib/python3.12/site-packages/airflow/example_dags/example_bash_operator.py for tasks to queue
[2025-02-06T18:39:01.468+0000] {logging_mixin.py:190} INFO - [2025-02-06T18:39:01.467+0000] {dagbag.py:588} INFO - Filling up the DagBag from /home/airflow/.local/lib/python3.12/site-packages/airflow/example_dags/example_bash_operator.py
[2025-02-06T18:39:01.505+0000] {processor.py:925} INFO - DAG(s) 'example_bash_operator' retrieved from /home/airflow/.local/lib/python3.12/site-packages/airflow/example_dags/example_bash_operator.py
[2025-02-06T18:39:01.564+0000] {logging_mixin.py:190} INFO - [2025-02-06T18:39:01.563+0000] {dag.py:3239} INFO - Sync 1 DAGs
[2025-02-06T18:39:01.613+0000] {logging_mixin.py:190} INFO - [2025-02-06T18:39:01.613+0000] {dag.py:4180} INFO - Setting next_dagrun for example_bash_operator to 2025-02-05 00:00:00+00:00, run_after=2025-02-06 00:00:00+00:00
[2025-02-06T18:39:01.654+0000] {processor.py:208} INFO - Processing /home/airflow/.local/lib/python3.12/site-packages/airflow/example_dags/example_bash_operator.py took 0.208 seconds
[2025-02-06T18:39:32.950+0000] {processor.py:186} INFO - Started process (PID=2679) to work on /home/airflow/.local/lib/python3.12/site-packages/airflow/example_dags/example_bash_operator.py
[2025-02-06T18:39:32.952+0000] {processor.py:914} INFO - Processing file /home/airflow/.local/lib/python3.12/site-packages/airflow/example_dags/example_bash_operator.py for tasks to queue
[2025-02-06T18:39:32.956+0000] {logging_mixin.py:190} INFO - [2025-02-06T18:39:32.955+0000] {dagbag.py:588} INFO - Filling up the DagBag from /home/airflow/.local/lib/python3.12/site-packages/airflow/example_dags/example_bash_operator.py
[2025-02-06T18:39:32.979+0000] {processor.py:925} INFO - DAG(s) 'example_bash_operator' retrieved from /home/airflow/.local/lib/python3.12/site-packages/airflow/example_dags/example_bash_operator.py
[2025-02-06T18:39:33.035+0000] {logging_mixin.py:190} INFO - [2025-02-06T18:39:33.034+0000] {dag.py:3239} INFO - Sync 1 DAGs
[2025-02-06T18:39:33.364+0000] {logging_mixin.py:190} INFO - [2025-02-06T18:39:33.363+0000] {dag.py:4180} INFO - Setting next_dagrun for example_bash_operator to 2025-02-05 00:00:00+00:00, run_after=2025-02-06 00:00:00+00:00
[2025-02-06T18:39:33.391+0000] {processor.py:208} INFO - Processing /home/airflow/.local/lib/python3.12/site-packages/airflow/example_dags/example_bash_operator.py took 0.455 seconds
[2025-02-06T18:40:04.398+0000] {processor.py:186} INFO - Started process (PID=2738) to work on /home/airflow/.local/lib/python3.12/site-packages/airflow/example_dags/example_bash_operator.py
[2025-02-06T18:40:04.400+0000] {processor.py:914} INFO - Processing file /home/airflow/.local/lib/python3.12/site-packages/airflow/example_dags/example_bash_operator.py for tasks to queue
[2025-02-06T18:40:04.403+0000] {logging_mixin.py:190} INFO - [2025-02-06T18:40:04.403+0000] {dagbag.py:588} INFO - Filling up the DagBag from /home/airflow/.local/lib/python3.12/site-packages/airflow/example_dags/example_bash_operator.py
[2025-02-06T18:40:04.421+0000] {processor.py:925} INFO - DAG(s) 'example_bash_operator' retrieved from /home/airflow/.local/lib/python3.12/site-packages/airflow/example_dags/example_bash_operator.py
[2025-02-06T18:40:04.471+0000] {logging_mixin.py:190} INFO - [2025-02-06T18:40:04.470+0000] {dag.py:3239} INFO - Sync 1 DAGs
[2025-02-06T18:40:04.509+0000] {logging_mixin.py:190} INFO - [2025-02-06T18:40:04.509+0000] {dag.py:4180} INFO - Setting next_dagrun for example_bash_operator to 2025-02-05 00:00:00+00:00, run_after=2025-02-06 00:00:00+00:00
[2025-02-06T18:40:04.802+0000] {processor.py:208} INFO - Processing /home/airflow/.local/lib/python3.12/site-packages/airflow/example_dags/example_bash_operator.py took 0.418 seconds
[2025-02-06T18:40:35.371+0000] {processor.py:186} INFO - Started process (PID=2796) to work on /home/airflow/.local/lib/python3.12/site-packages/airflow/example_dags/example_bash_operator.py
[2025-02-06T18:40:35.373+0000] {processor.py:914} INFO - Processing file /home/airflow/.local/lib/python3.12/site-packages/airflow/example_dags/example_bash_operator.py for tasks to queue
[2025-02-06T18:40:35.377+0000] {logging_mixin.py:190} INFO - [2025-02-06T18:40:35.377+0000] {dagbag.py:588} INFO - Filling up the DagBag from /home/airflow/.local/lib/python3.12/site-packages/airflow/example_dags/example_bash_operator.py
[2025-02-06T18:40:35.398+0000] {processor.py:925} INFO - DAG(s) 'example_bash_operator' retrieved from /home/airflow/.local/lib/python3.12/site-packages/airflow/example_dags/example_bash_operator.py
[2025-02-06T18:40:35.441+0000] {logging_mixin.py:190} INFO - [2025-02-06T18:40:35.440+0000] {dag.py:3239} INFO - Sync 1 DAGs
[2025-02-06T18:40:35.496+0000] {logging_mixin.py:190} INFO - [2025-02-06T18:40:35.496+0000] {dag.py:4180} INFO - Setting next_dagrun for example_bash_operator to 2025-02-05 00:00:00+00:00, run_after=2025-02-06 00:00:00+00:00
[2025-02-06T18:40:35.838+0000] {processor.py:208} INFO - Processing /home/airflow/.local/lib/python3.12/site-packages/airflow/example_dags/example_bash_operator.py took 0.477 seconds
[2025-02-06T18:41:06.355+0000] {processor.py:186} INFO - Started process (PID=2854) to work on /home/airflow/.local/lib/python3.12/site-packages/airflow/example_dags/example_bash_operator.py
[2025-02-06T18:41:06.357+0000] {processor.py:914} INFO - Processing file /home/airflow/.local/lib/python3.12/site-packages/airflow/example_dags/example_bash_operator.py for tasks to queue
[2025-02-06T18:41:06.360+0000] {logging_mixin.py:190} INFO - [2025-02-06T18:41:06.360+0000] {dagbag.py:588} INFO - Filling up the DagBag from /home/airflow/.local/lib/python3.12/site-packages/airflow/example_dags/example_bash_operator.py
[2025-02-06T18:41:06.383+0000] {processor.py:925} INFO - DAG(s) 'example_bash_operator' retrieved from /home/airflow/.local/lib/python3.12/site-packages/airflow/example_dags/example_bash_operator.py
[2025-02-06T18:41:06.423+0000] {logging_mixin.py:190} INFO - [2025-02-06T18:41:06.423+0000] {dag.py:3239} INFO - Sync 1 DAGs
[2025-02-06T18:41:06.458+0000] {logging_mixin.py:190} INFO - [2025-02-06T18:41:06.458+0000] {dag.py:4180} INFO - Setting next_dagrun for example_bash_operator to 2025-02-05 00:00:00+00:00, run_after=2025-02-06 00:00:00+00:00
[2025-02-06T18:41:06.489+0000] {processor.py:208} INFO - Processing /home/airflow/.local/lib/python3.12/site-packages/airflow/example_dags/example_bash_operator.py took 0.143 seconds
[2025-02-06T18:41:36.645+0000] {processor.py:186} INFO - Started process (PID=2909) to work on /home/airflow/.local/lib/python3.12/site-packages/airflow/example_dags/example_bash_operator.py
[2025-02-06T18:41:36.646+0000] {processor.py:914} INFO - Processing file /home/airflow/.local/lib/python3.12/site-packages/airflow/example_dags/example_bash_operator.py for tasks to queue
[2025-02-06T18:41:36.649+0000] {logging_mixin.py:190} INFO - [2025-02-06T18:41:36.649+0000] {dagbag.py:588} INFO - Filling up the DagBag from /home/airflow/.local/lib/python3.12/site-packages/airflow/example_dags/example_bash_operator.py
[2025-02-06T18:41:36.667+0000] {processor.py:925} INFO - DAG(s) 'example_bash_operator' retrieved from /home/airflow/.local/lib/python3.12/site-packages/airflow/example_dags/example_bash_operator.py
[2025-02-06T18:41:36.709+0000] {logging_mixin.py:190} INFO - [2025-02-06T18:41:36.709+0000] {dag.py:3239} INFO - Sync 1 DAGs
[2025-02-06T18:41:36.772+0000] {logging_mixin.py:190} INFO - [2025-02-06T18:41:36.771+0000] {dag.py:4180} INFO - Setting next_dagrun for example_bash_operator to 2025-02-05 00:00:00+00:00, run_after=2025-02-06 00:00:00+00:00
[2025-02-06T18:41:36.816+0000] {processor.py:208} INFO - Processing /home/airflow/.local/lib/python3.12/site-packages/airflow/example_dags/example_bash_operator.py took 0.179 seconds
[2025-02-06T18:42:07.209+0000] {processor.py:186} INFO - Started process (PID=2965) to work on /home/airflow/.local/lib/python3.12/site-packages/airflow/example_dags/example_bash_operator.py
[2025-02-06T18:42:07.211+0000] {processor.py:914} INFO - Processing file /home/airflow/.local/lib/python3.12/site-packages/airflow/example_dags/example_bash_operator.py for tasks to queue
[2025-02-06T18:42:07.214+0000] {logging_mixin.py:190} INFO - [2025-02-06T18:42:07.213+0000] {dagbag.py:588} INFO - Filling up the DagBag from /home/airflow/.local/lib/python3.12/site-packages/airflow/example_dags/example_bash_operator.py
[2025-02-06T18:42:07.231+0000] {processor.py:925} INFO - DAG(s) 'example_bash_operator' retrieved from /home/airflow/.local/lib/python3.12/site-packages/airflow/example_dags/example_bash_operator.py
[2025-02-06T18:42:07.272+0000] {logging_mixin.py:190} INFO - [2025-02-06T18:42:07.272+0000] {dag.py:3239} INFO - Sync 1 DAGs
[2025-02-06T18:42:07.308+0000] {logging_mixin.py:190} INFO - [2025-02-06T18:42:07.308+0000] {dag.py:4180} INFO - Setting next_dagrun for example_bash_operator to 2025-02-05 00:00:00+00:00, run_after=2025-02-06 00:00:00+00:00
[2025-02-06T18:42:07.335+0000] {processor.py:208} INFO - Processing /home/airflow/.local/lib/python3.12/site-packages/airflow/example_dags/example_bash_operator.py took 0.134 seconds
[2025-02-06T18:42:37.697+0000] {processor.py:186} INFO - Started process (PID=3022) to work on /home/airflow/.local/lib/python3.12/site-packages/airflow/example_dags/example_bash_operator.py
[2025-02-06T18:42:37.698+0000] {processor.py:914} INFO - Processing file /home/airflow/.local/lib/python3.12/site-packages/airflow/example_dags/example_bash_operator.py for tasks to queue
[2025-02-06T18:42:37.702+0000] {logging_mixin.py:190} INFO - [2025-02-06T18:42:37.701+0000] {dagbag.py:588} INFO - Filling up the DagBag from /home/airflow/.local/lib/python3.12/site-packages/airflow/example_dags/example_bash_operator.py
[2025-02-06T18:42:37.721+0000] {processor.py:925} INFO - DAG(s) 'example_bash_operator' retrieved from /home/airflow/.local/lib/python3.12/site-packages/airflow/example_dags/example_bash_operator.py
[2025-02-06T18:42:37.758+0000] {logging_mixin.py:190} INFO - [2025-02-06T18:42:37.757+0000] {dag.py:3239} INFO - Sync 1 DAGs
[2025-02-06T18:42:37.790+0000] {logging_mixin.py:190} INFO - [2025-02-06T18:42:37.790+0000] {dag.py:4180} INFO - Setting next_dagrun for example_bash_operator to 2025-02-05 00:00:00+00:00, run_after=2025-02-06 00:00:00+00:00
[2025-02-06T18:42:37.817+0000] {processor.py:208} INFO - Processing /home/airflow/.local/lib/python3.12/site-packages/airflow/example_dags/example_bash_operator.py took 0.129 seconds
[2025-02-06T18:43:07.993+0000] {processor.py:186} INFO - Started process (PID=3079) to work on /home/airflow/.local/lib/python3.12/site-packages/airflow/example_dags/example_bash_operator.py
[2025-02-06T18:43:07.995+0000] {processor.py:914} INFO - Processing file /home/airflow/.local/lib/python3.12/site-packages/airflow/example_dags/example_bash_operator.py for tasks to queue
[2025-02-06T18:43:07.998+0000] {logging_mixin.py:190} INFO - [2025-02-06T18:43:07.998+0000] {dagbag.py:588} INFO - Filling up the DagBag from /home/airflow/.local/lib/python3.12/site-packages/airflow/example_dags/example_bash_operator.py
[2025-02-06T18:43:08.018+0000] {processor.py:925} INFO - DAG(s) 'example_bash_operator' retrieved from /home/airflow/.local/lib/python3.12/site-packages/airflow/example_dags/example_bash_operator.py
[2025-02-06T18:43:08.056+0000] {logging_mixin.py:190} INFO - [2025-02-06T18:43:08.056+0000] {dag.py:3239} INFO - Sync 1 DAGs
[2025-02-06T18:43:08.089+0000] {logging_mixin.py:190} INFO - [2025-02-06T18:43:08.088+0000] {dag.py:4180} INFO - Setting next_dagrun for example_bash_operator to 2025-02-05 00:00:00+00:00, run_after=2025-02-06 00:00:00+00:00
[2025-02-06T18:43:08.113+0000] {processor.py:208} INFO - Processing /home/airflow/.local/lib/python3.12/site-packages/airflow/example_dags/example_bash_operator.py took 0.134 seconds
[2025-02-06T18:43:38.393+0000] {processor.py:186} INFO - Started process (PID=3136) to work on /home/airflow/.local/lib/python3.12/site-packages/airflow/example_dags/example_bash_operator.py
[2025-02-06T18:43:38.397+0000] {processor.py:914} INFO - Processing file /home/airflow/.local/lib/python3.12/site-packages/airflow/example_dags/example_bash_operator.py for tasks to queue
[2025-02-06T18:43:38.404+0000] {logging_mixin.py:190} INFO - [2025-02-06T18:43:38.403+0000] {dagbag.py:588} INFO - Filling up the DagBag from /home/airflow/.local/lib/python3.12/site-packages/airflow/example_dags/example_bash_operator.py
[2025-02-06T18:43:38.439+0000] {processor.py:925} INFO - DAG(s) 'example_bash_operator' retrieved from /home/airflow/.local/lib/python3.12/site-packages/airflow/example_dags/example_bash_operator.py
[2025-02-06T18:43:38.535+0000] {logging_mixin.py:190} INFO - [2025-02-06T18:43:38.534+0000] {dag.py:3239} INFO - Sync 1 DAGs
[2025-02-06T18:43:38.591+0000] {logging_mixin.py:190} INFO - [2025-02-06T18:43:38.591+0000] {dag.py:4180} INFO - Setting next_dagrun for example_bash_operator to 2025-02-05 00:00:00+00:00, run_after=2025-02-06 00:00:00+00:00
[2025-02-06T18:43:38.625+0000] {processor.py:208} INFO - Processing /home/airflow/.local/lib/python3.12/site-packages/airflow/example_dags/example_bash_operator.py took 0.251 seconds
[2025-02-06T18:44:09.669+0000] {processor.py:186} INFO - Started process (PID=3193) to work on /home/airflow/.local/lib/python3.12/site-packages/airflow/example_dags/example_bash_operator.py
[2025-02-06T18:44:09.670+0000] {processor.py:914} INFO - Processing file /home/airflow/.local/lib/python3.12/site-packages/airflow/example_dags/example_bash_operator.py for tasks to queue
[2025-02-06T18:44:09.674+0000] {logging_mixin.py:190} INFO - [2025-02-06T18:44:09.673+0000] {dagbag.py:588} INFO - Filling up the DagBag from /home/airflow/.local/lib/python3.12/site-packages/airflow/example_dags/example_bash_operator.py
[2025-02-06T18:44:09.690+0000] {processor.py:925} INFO - DAG(s) 'example_bash_operator' retrieved from /home/airflow/.local/lib/python3.12/site-packages/airflow/example_dags/example_bash_operator.py
[2025-02-06T18:44:09.725+0000] {logging_mixin.py:190} INFO - [2025-02-06T18:44:09.724+0000] {dag.py:3239} INFO - Sync 1 DAGs
[2025-02-06T18:44:09.760+0000] {logging_mixin.py:190} INFO - [2025-02-06T18:44:09.760+0000] {dag.py:4180} INFO - Setting next_dagrun for example_bash_operator to 2025-02-05 00:00:00+00:00, run_after=2025-02-06 00:00:00+00:00
[2025-02-06T18:44:09.786+0000] {processor.py:208} INFO - Processing /home/airflow/.local/lib/python3.12/site-packages/airflow/example_dags/example_bash_operator.py took 0.125 seconds
[2025-02-06T18:44:40.183+0000] {processor.py:186} INFO - Started process (PID=3250) to work on /home/airflow/.local/lib/python3.12/site-packages/airflow/example_dags/example_bash_operator.py
[2025-02-06T18:44:40.185+0000] {processor.py:914} INFO - Processing file /home/airflow/.local/lib/python3.12/site-packages/airflow/example_dags/example_bash_operator.py for tasks to queue
[2025-02-06T18:44:40.188+0000] {logging_mixin.py:190} INFO - [2025-02-06T18:44:40.188+0000] {dagbag.py:588} INFO - Filling up the DagBag from /home/airflow/.local/lib/python3.12/site-packages/airflow/example_dags/example_bash_operator.py
[2025-02-06T18:44:40.212+0000] {processor.py:925} INFO - DAG(s) 'example_bash_operator' retrieved from /home/airflow/.local/lib/python3.12/site-packages/airflow/example_dags/example_bash_operator.py
[2025-02-06T18:44:40.255+0000] {logging_mixin.py:190} INFO - [2025-02-06T18:44:40.254+0000] {dag.py:3239} INFO - Sync 1 DAGs
[2025-02-06T18:44:40.292+0000] {logging_mixin.py:190} INFO - [2025-02-06T18:44:40.292+0000] {dag.py:4180} INFO - Setting next_dagrun for example_bash_operator to 2025-02-05 00:00:00+00:00, run_after=2025-02-06 00:00:00+00:00
[2025-02-06T18:44:40.325+0000] {processor.py:208} INFO - Processing /home/airflow/.local/lib/python3.12/site-packages/airflow/example_dags/example_bash_operator.py took 0.150 seconds
[2025-02-06T18:45:10.703+0000] {processor.py:186} INFO - Started process (PID=3307) to work on /home/airflow/.local/lib/python3.12/site-packages/airflow/example_dags/example_bash_operator.py
[2025-02-06T18:45:10.707+0000] {processor.py:914} INFO - Processing file /home/airflow/.local/lib/python3.12/site-packages/airflow/example_dags/example_bash_operator.py for tasks to queue
[2025-02-06T18:45:10.719+0000] {logging_mixin.py:190} INFO - [2025-02-06T18:45:10.718+0000] {dagbag.py:588} INFO - Filling up the DagBag from /home/airflow/.local/lib/python3.12/site-packages/airflow/example_dags/example_bash_operator.py
[2025-02-06T18:45:10.751+0000] {processor.py:925} INFO - DAG(s) 'example_bash_operator' retrieved from /home/airflow/.local/lib/python3.12/site-packages/airflow/example_dags/example_bash_operator.py
[2025-02-06T18:45:10.801+0000] {logging_mixin.py:190} INFO - [2025-02-06T18:45:10.801+0000] {dag.py:3239} INFO - Sync 1 DAGs
[2025-02-06T18:45:10.839+0000] {logging_mixin.py:190} INFO - [2025-02-06T18:45:10.839+0000] {dag.py:4180} INFO - Setting next_dagrun for example_bash_operator to 2025-02-05 00:00:00+00:00, run_after=2025-02-06 00:00:00+00:00
[2025-02-06T18:45:10.878+0000] {processor.py:208} INFO - Processing /home/airflow/.local/lib/python3.12/site-packages/airflow/example_dags/example_bash_operator.py took 0.195 seconds
[2025-02-06T18:45:41.209+0000] {processor.py:186} INFO - Started process (PID=3364) to work on /home/airflow/.local/lib/python3.12/site-packages/airflow/example_dags/example_bash_operator.py
[2025-02-06T18:45:41.211+0000] {processor.py:914} INFO - Processing file /home/airflow/.local/lib/python3.12/site-packages/airflow/example_dags/example_bash_operator.py for tasks to queue
[2025-02-06T18:45:41.217+0000] {logging_mixin.py:190} INFO - [2025-02-06T18:45:41.216+0000] {dagbag.py:588} INFO - Filling up the DagBag from /home/airflow/.local/lib/python3.12/site-packages/airflow/example_dags/example_bash_operator.py
[2025-02-06T18:45:41.246+0000] {processor.py:925} INFO - DAG(s) 'example_bash_operator' retrieved from /home/airflow/.local/lib/python3.12/site-packages/airflow/example_dags/example_bash_operator.py
[2025-02-06T18:45:41.322+0000] {logging_mixin.py:190} INFO - [2025-02-06T18:45:41.322+0000] {dag.py:3239} INFO - Sync 1 DAGs
[2025-02-06T18:45:41.390+0000] {logging_mixin.py:190} INFO - [2025-02-06T18:45:41.389+0000] {dag.py:4180} INFO - Setting next_dagrun for example_bash_operator to 2025-02-05 00:00:00+00:00, run_after=2025-02-06 00:00:00+00:00
[2025-02-06T18:45:41.445+0000] {processor.py:208} INFO - Processing /home/airflow/.local/lib/python3.12/site-packages/airflow/example_dags/example_bash_operator.py took 0.251 seconds
[2025-02-06T18:46:11.630+0000] {processor.py:186} INFO - Started process (PID=3421) to work on /home/airflow/.local/lib/python3.12/site-packages/airflow/example_dags/example_bash_operator.py
[2025-02-06T18:46:11.631+0000] {processor.py:914} INFO - Processing file /home/airflow/.local/lib/python3.12/site-packages/airflow/example_dags/example_bash_operator.py for tasks to queue
[2025-02-06T18:46:11.636+0000] {logging_mixin.py:190} INFO - [2025-02-06T18:46:11.636+0000] {dagbag.py:588} INFO - Filling up the DagBag from /home/airflow/.local/lib/python3.12/site-packages/airflow/example_dags/example_bash_operator.py
[2025-02-06T18:46:11.662+0000] {processor.py:925} INFO - DAG(s) 'example_bash_operator' retrieved from /home/airflow/.local/lib/python3.12/site-packages/airflow/example_dags/example_bash_operator.py
[2025-02-06T18:46:11.714+0000] {logging_mixin.py:190} INFO - [2025-02-06T18:46:11.713+0000] {dag.py:3239} INFO - Sync 1 DAGs
[2025-02-06T18:46:11.767+0000] {logging_mixin.py:190} INFO - [2025-02-06T18:46:11.767+0000] {dag.py:4180} INFO - Setting next_dagrun for example_bash_operator to 2025-02-05 00:00:00+00:00, run_after=2025-02-06 00:00:00+00:00
[2025-02-06T18:46:11.807+0000] {processor.py:208} INFO - Processing /home/airflow/.local/lib/python3.12/site-packages/airflow/example_dags/example_bash_operator.py took 0.188 seconds
[2025-02-06T18:46:42.183+0000] {processor.py:186} INFO - Started process (PID=3477) to work on /home/airflow/.local/lib/python3.12/site-packages/airflow/example_dags/example_bash_operator.py
[2025-02-06T18:46:42.184+0000] {processor.py:914} INFO - Processing file /home/airflow/.local/lib/python3.12/site-packages/airflow/example_dags/example_bash_operator.py for tasks to queue
[2025-02-06T18:46:42.187+0000] {logging_mixin.py:190} INFO - [2025-02-06T18:46:42.186+0000] {dagbag.py:588} INFO - Filling up the DagBag from /home/airflow/.local/lib/python3.12/site-packages/airflow/example_dags/example_bash_operator.py
[2025-02-06T18:46:42.209+0000] {processor.py:925} INFO - DAG(s) 'example_bash_operator' retrieved from /home/airflow/.local/lib/python3.12/site-packages/airflow/example_dags/example_bash_operator.py
[2025-02-06T18:46:42.256+0000] {logging_mixin.py:190} INFO - [2025-02-06T18:46:42.255+0000] {dag.py:3239} INFO - Sync 1 DAGs
[2025-02-06T18:46:42.297+0000] {logging_mixin.py:190} INFO - [2025-02-06T18:46:42.296+0000] {dag.py:4180} INFO - Setting next_dagrun for example_bash_operator to 2025-02-05 00:00:00+00:00, run_after=2025-02-06 00:00:00+00:00
[2025-02-06T18:46:42.332+0000] {processor.py:208} INFO - Processing /home/airflow/.local/lib/python3.12/site-packages/airflow/example_dags/example_bash_operator.py took 0.157 seconds
[2025-02-06T18:47:12.582+0000] {processor.py:186} INFO - Started process (PID=3534) to work on /home/airflow/.local/lib/python3.12/site-packages/airflow/example_dags/example_bash_operator.py
[2025-02-06T18:47:12.583+0000] {processor.py:914} INFO - Processing file /home/airflow/.local/lib/python3.12/site-packages/airflow/example_dags/example_bash_operator.py for tasks to queue
[2025-02-06T18:47:12.587+0000] {logging_mixin.py:190} INFO - [2025-02-06T18:47:12.587+0000] {dagbag.py:588} INFO - Filling up the DagBag from /home/airflow/.local/lib/python3.12/site-packages/airflow/example_dags/example_bash_operator.py
[2025-02-06T18:47:12.615+0000] {processor.py:925} INFO - DAG(s) 'example_bash_operator' retrieved from /home/airflow/.local/lib/python3.12/site-packages/airflow/example_dags/example_bash_operator.py
[2025-02-06T18:47:12.666+0000] {logging_mixin.py:190} INFO - [2025-02-06T18:47:12.666+0000] {dag.py:3239} INFO - Sync 1 DAGs
[2025-02-06T18:47:12.711+0000] {logging_mixin.py:190} INFO - [2025-02-06T18:47:12.710+0000] {dag.py:4180} INFO - Setting next_dagrun for example_bash_operator to 2025-02-05 00:00:00+00:00, run_after=2025-02-06 00:00:00+00:00
[2025-02-06T18:47:12.744+0000] {processor.py:208} INFO - Processing /home/airflow/.local/lib/python3.12/site-packages/airflow/example_dags/example_bash_operator.py took 0.173 seconds
[2025-02-06T18:47:43.115+0000] {processor.py:186} INFO - Started process (PID=3591) to work on /home/airflow/.local/lib/python3.12/site-packages/airflow/example_dags/example_bash_operator.py
[2025-02-06T18:47:43.116+0000] {processor.py:914} INFO - Processing file /home/airflow/.local/lib/python3.12/site-packages/airflow/example_dags/example_bash_operator.py for tasks to queue
[2025-02-06T18:47:43.119+0000] {logging_mixin.py:190} INFO - [2025-02-06T18:47:43.119+0000] {dagbag.py:588} INFO - Filling up the DagBag from /home/airflow/.local/lib/python3.12/site-packages/airflow/example_dags/example_bash_operator.py
[2025-02-06T18:47:43.137+0000] {processor.py:925} INFO - DAG(s) 'example_bash_operator' retrieved from /home/airflow/.local/lib/python3.12/site-packages/airflow/example_dags/example_bash_operator.py
[2025-02-06T18:47:43.174+0000] {logging_mixin.py:190} INFO - [2025-02-06T18:47:43.173+0000] {dag.py:3239} INFO - Sync 1 DAGs
[2025-02-06T18:47:43.205+0000] {logging_mixin.py:190} INFO - [2025-02-06T18:47:43.204+0000] {dag.py:4180} INFO - Setting next_dagrun for example_bash_operator to 2025-02-05 00:00:00+00:00, run_after=2025-02-06 00:00:00+00:00
[2025-02-06T18:47:43.230+0000] {processor.py:208} INFO - Processing /home/airflow/.local/lib/python3.12/site-packages/airflow/example_dags/example_bash_operator.py took 0.123 seconds
[2025-02-06T18:48:13.969+0000] {processor.py:186} INFO - Started process (PID=3648) to work on /home/airflow/.local/lib/python3.12/site-packages/airflow/example_dags/example_bash_operator.py
[2025-02-06T18:48:13.971+0000] {processor.py:914} INFO - Processing file /home/airflow/.local/lib/python3.12/site-packages/airflow/example_dags/example_bash_operator.py for tasks to queue
[2025-02-06T18:48:13.976+0000] {logging_mixin.py:190} INFO - [2025-02-06T18:48:13.975+0000] {dagbag.py:588} INFO - Filling up the DagBag from /home/airflow/.local/lib/python3.12/site-packages/airflow/example_dags/example_bash_operator.py
[2025-02-06T18:48:14.002+0000] {processor.py:925} INFO - DAG(s) 'example_bash_operator' retrieved from /home/airflow/.local/lib/python3.12/site-packages/airflow/example_dags/example_bash_operator.py
[2025-02-06T18:48:14.059+0000] {logging_mixin.py:190} INFO - [2025-02-06T18:48:14.059+0000] {dag.py:3239} INFO - Sync 1 DAGs
[2025-02-06T18:48:14.106+0000] {logging_mixin.py:190} INFO - [2025-02-06T18:48:14.106+0000] {dag.py:4180} INFO - Setting next_dagrun for example_bash_operator to 2025-02-05 00:00:00+00:00, run_after=2025-02-06 00:00:00+00:00
[2025-02-06T18:48:14.142+0000] {processor.py:208} INFO - Processing /home/airflow/.local/lib/python3.12/site-packages/airflow/example_dags/example_bash_operator.py took 0.186 seconds
[2025-02-06T18:48:44.256+0000] {processor.py:186} INFO - Started process (PID=3705) to work on /home/airflow/.local/lib/python3.12/site-packages/airflow/example_dags/example_bash_operator.py
[2025-02-06T18:48:44.257+0000] {processor.py:914} INFO - Processing file /home/airflow/.local/lib/python3.12/site-packages/airflow/example_dags/example_bash_operator.py for tasks to queue
[2025-02-06T18:48:44.260+0000] {logging_mixin.py:190} INFO - [2025-02-06T18:48:44.260+0000] {dagbag.py:588} INFO - Filling up the DagBag from /home/airflow/.local/lib/python3.12/site-packages/airflow/example_dags/example_bash_operator.py
[2025-02-06T18:48:44.280+0000] {processor.py:925} INFO - DAG(s) 'example_bash_operator' retrieved from /home/airflow/.local/lib/python3.12/site-packages/airflow/example_dags/example_bash_operator.py
[2025-02-06T18:48:44.318+0000] {logging_mixin.py:190} INFO - [2025-02-06T18:48:44.317+0000] {dag.py:3239} INFO - Sync 1 DAGs
[2025-02-06T18:48:44.352+0000] {logging_mixin.py:190} INFO - [2025-02-06T18:48:44.352+0000] {dag.py:4180} INFO - Setting next_dagrun for example_bash_operator to 2025-02-05 00:00:00+00:00, run_after=2025-02-06 00:00:00+00:00
[2025-02-06T18:48:44.379+0000] {processor.py:208} INFO - Processing /home/airflow/.local/lib/python3.12/site-packages/airflow/example_dags/example_bash_operator.py took 0.131 seconds
[2025-02-06T18:49:15.167+0000] {processor.py:186} INFO - Started process (PID=3762) to work on /home/airflow/.local/lib/python3.12/site-packages/airflow/example_dags/example_bash_operator.py
[2025-02-06T18:49:15.169+0000] {processor.py:914} INFO - Processing file /home/airflow/.local/lib/python3.12/site-packages/airflow/example_dags/example_bash_operator.py for tasks to queue
[2025-02-06T18:49:15.172+0000] {logging_mixin.py:190} INFO - [2025-02-06T18:49:15.172+0000] {dagbag.py:588} INFO - Filling up the DagBag from /home/airflow/.local/lib/python3.12/site-packages/airflow/example_dags/example_bash_operator.py
[2025-02-06T18:49:15.196+0000] {processor.py:925} INFO - DAG(s) 'example_bash_operator' retrieved from /home/airflow/.local/lib/python3.12/site-packages/airflow/example_dags/example_bash_operator.py
[2025-02-06T18:49:15.245+0000] {logging_mixin.py:190} INFO - [2025-02-06T18:49:15.245+0000] {dag.py:3239} INFO - Sync 1 DAGs
[2025-02-06T18:49:15.291+0000] {logging_mixin.py:190} INFO - [2025-02-06T18:49:15.291+0000] {dag.py:4180} INFO - Setting next_dagrun for example_bash_operator to 2025-02-05 00:00:00+00:00, run_after=2025-02-06 00:00:00+00:00
[2025-02-06T18:49:15.325+0000] {processor.py:208} INFO - Processing /home/airflow/.local/lib/python3.12/site-packages/airflow/example_dags/example_bash_operator.py took 0.168 seconds
[2025-02-06T18:49:45.802+0000] {processor.py:186} INFO - Started process (PID=3819) to work on /home/airflow/.local/lib/python3.12/site-packages/airflow/example_dags/example_bash_operator.py
[2025-02-06T18:49:45.803+0000] {processor.py:914} INFO - Processing file /home/airflow/.local/lib/python3.12/site-packages/airflow/example_dags/example_bash_operator.py for tasks to queue
[2025-02-06T18:49:45.806+0000] {logging_mixin.py:190} INFO - [2025-02-06T18:49:45.805+0000] {dagbag.py:588} INFO - Filling up the DagBag from /home/airflow/.local/lib/python3.12/site-packages/airflow/example_dags/example_bash_operator.py
[2025-02-06T18:49:45.827+0000] {processor.py:925} INFO - DAG(s) 'example_bash_operator' retrieved from /home/airflow/.local/lib/python3.12/site-packages/airflow/example_dags/example_bash_operator.py
[2025-02-06T18:49:45.864+0000] {logging_mixin.py:190} INFO - [2025-02-06T18:49:45.863+0000] {dag.py:3239} INFO - Sync 1 DAGs
[2025-02-06T18:49:45.911+0000] {logging_mixin.py:190} INFO - [2025-02-06T18:49:45.911+0000] {dag.py:4180} INFO - Setting next_dagrun for example_bash_operator to 2025-02-05 00:00:00+00:00, run_after=2025-02-06 00:00:00+00:00
[2025-02-06T18:49:45.947+0000] {processor.py:208} INFO - Processing /home/airflow/.local/lib/python3.12/site-packages/airflow/example_dags/example_bash_operator.py took 0.154 seconds
[2025-02-06T18:50:16.111+0000] {processor.py:186} INFO - Started process (PID=3876) to work on /home/airflow/.local/lib/python3.12/site-packages/airflow/example_dags/example_bash_operator.py
[2025-02-06T18:50:16.113+0000] {processor.py:914} INFO - Processing file /home/airflow/.local/lib/python3.12/site-packages/airflow/example_dags/example_bash_operator.py for tasks to queue
[2025-02-06T18:50:16.116+0000] {logging_mixin.py:190} INFO - [2025-02-06T18:50:16.115+0000] {dagbag.py:588} INFO - Filling up the DagBag from /home/airflow/.local/lib/python3.12/site-packages/airflow/example_dags/example_bash_operator.py
[2025-02-06T18:50:16.136+0000] {processor.py:925} INFO - DAG(s) 'example_bash_operator' retrieved from /home/airflow/.local/lib/python3.12/site-packages/airflow/example_dags/example_bash_operator.py
[2025-02-06T18:50:16.180+0000] {logging_mixin.py:190} INFO - [2025-02-06T18:50:16.179+0000] {dag.py:3239} INFO - Sync 1 DAGs
[2025-02-06T18:50:16.223+0000] {logging_mixin.py:190} INFO - [2025-02-06T18:50:16.222+0000] {dag.py:4180} INFO - Setting next_dagrun for example_bash_operator to 2025-02-05 00:00:00+00:00, run_after=2025-02-06 00:00:00+00:00
[2025-02-06T18:50:16.251+0000] {processor.py:208} INFO - Processing /home/airflow/.local/lib/python3.12/site-packages/airflow/example_dags/example_bash_operator.py took 0.150 seconds
[2025-02-06T18:50:47.056+0000] {processor.py:186} INFO - Started process (PID=3931) to work on /home/airflow/.local/lib/python3.12/site-packages/airflow/example_dags/example_bash_operator.py
[2025-02-06T18:50:47.058+0000] {processor.py:914} INFO - Processing file /home/airflow/.local/lib/python3.12/site-packages/airflow/example_dags/example_bash_operator.py for tasks to queue
[2025-02-06T18:50:47.064+0000] {logging_mixin.py:190} INFO - [2025-02-06T18:50:47.063+0000] {dagbag.py:588} INFO - Filling up the DagBag from /home/airflow/.local/lib/python3.12/site-packages/airflow/example_dags/example_bash_operator.py
[2025-02-06T18:50:47.086+0000] {processor.py:925} INFO - DAG(s) 'example_bash_operator' retrieved from /home/airflow/.local/lib/python3.12/site-packages/airflow/example_dags/example_bash_operator.py
[2025-02-06T18:50:47.127+0000] {logging_mixin.py:190} INFO - [2025-02-06T18:50:47.127+0000] {dag.py:3239} INFO - Sync 1 DAGs
[2025-02-06T18:50:47.166+0000] {logging_mixin.py:190} INFO - [2025-02-06T18:50:47.165+0000] {dag.py:4180} INFO - Setting next_dagrun for example_bash_operator to 2025-02-05 00:00:00+00:00, run_after=2025-02-06 00:00:00+00:00
[2025-02-06T18:50:47.203+0000] {processor.py:208} INFO - Processing /home/airflow/.local/lib/python3.12/site-packages/airflow/example_dags/example_bash_operator.py took 0.157 seconds
[2025-02-06T18:51:18.057+0000] {processor.py:186} INFO - Started process (PID=3988) to work on /home/airflow/.local/lib/python3.12/site-packages/airflow/example_dags/example_bash_operator.py
[2025-02-06T18:51:18.059+0000] {processor.py:914} INFO - Processing file /home/airflow/.local/lib/python3.12/site-packages/airflow/example_dags/example_bash_operator.py for tasks to queue
[2025-02-06T18:51:18.062+0000] {logging_mixin.py:190} INFO - [2025-02-06T18:51:18.061+0000] {dagbag.py:588} INFO - Filling up the DagBag from /home/airflow/.local/lib/python3.12/site-packages/airflow/example_dags/example_bash_operator.py
[2025-02-06T18:51:18.084+0000] {processor.py:925} INFO - DAG(s) 'example_bash_operator' retrieved from /home/airflow/.local/lib/python3.12/site-packages/airflow/example_dags/example_bash_operator.py
[2025-02-06T18:51:18.134+0000] {logging_mixin.py:190} INFO - [2025-02-06T18:51:18.133+0000] {dag.py:3239} INFO - Sync 1 DAGs
[2025-02-06T18:51:18.186+0000] {logging_mixin.py:190} INFO - [2025-02-06T18:51:18.186+0000] {dag.py:4180} INFO - Setting next_dagrun for example_bash_operator to 2025-02-05 00:00:00+00:00, run_after=2025-02-06 00:00:00+00:00
[2025-02-06T18:51:18.225+0000] {processor.py:208} INFO - Processing /home/airflow/.local/lib/python3.12/site-packages/airflow/example_dags/example_bash_operator.py took 0.175 seconds
[2025-02-06T18:51:48.725+0000] {processor.py:186} INFO - Started process (PID=4045) to work on /home/airflow/.local/lib/python3.12/site-packages/airflow/example_dags/example_bash_operator.py
[2025-02-06T18:51:48.726+0000] {processor.py:914} INFO - Processing file /home/airflow/.local/lib/python3.12/site-packages/airflow/example_dags/example_bash_operator.py for tasks to queue
[2025-02-06T18:51:48.731+0000] {logging_mixin.py:190} INFO - [2025-02-06T18:51:48.730+0000] {dagbag.py:588} INFO - Filling up the DagBag from /home/airflow/.local/lib/python3.12/site-packages/airflow/example_dags/example_bash_operator.py
[2025-02-06T18:51:48.751+0000] {processor.py:925} INFO - DAG(s) 'example_bash_operator' retrieved from /home/airflow/.local/lib/python3.12/site-packages/airflow/example_dags/example_bash_operator.py
[2025-02-06T18:51:48.793+0000] {logging_mixin.py:190} INFO - [2025-02-06T18:51:48.793+0000] {dag.py:3239} INFO - Sync 1 DAGs
[2025-02-06T18:51:48.829+0000] {logging_mixin.py:190} INFO - [2025-02-06T18:51:48.829+0000] {dag.py:4180} INFO - Setting next_dagrun for example_bash_operator to 2025-02-05 00:00:00+00:00, run_after=2025-02-06 00:00:00+00:00
[2025-02-06T18:51:48.853+0000] {processor.py:208} INFO - Processing /home/airflow/.local/lib/python3.12/site-packages/airflow/example_dags/example_bash_operator.py took 0.138 seconds
[2025-02-06T18:52:19.073+0000] {processor.py:186} INFO - Started process (PID=4103) to work on /home/airflow/.local/lib/python3.12/site-packages/airflow/example_dags/example_bash_operator.py
[2025-02-06T18:52:19.075+0000] {processor.py:914} INFO - Processing file /home/airflow/.local/lib/python3.12/site-packages/airflow/example_dags/example_bash_operator.py for tasks to queue
[2025-02-06T18:52:19.078+0000] {logging_mixin.py:190} INFO - [2025-02-06T18:52:19.078+0000] {dagbag.py:588} INFO - Filling up the DagBag from /home/airflow/.local/lib/python3.12/site-packages/airflow/example_dags/example_bash_operator.py
[2025-02-06T18:52:19.097+0000] {processor.py:925} INFO - DAG(s) 'example_bash_operator' retrieved from /home/airflow/.local/lib/python3.12/site-packages/airflow/example_dags/example_bash_operator.py
[2025-02-06T18:52:19.133+0000] {logging_mixin.py:190} INFO - [2025-02-06T18:52:19.132+0000] {dag.py:3239} INFO - Sync 1 DAGs
[2025-02-06T18:52:19.166+0000] {logging_mixin.py:190} INFO - [2025-02-06T18:52:19.165+0000] {dag.py:4180} INFO - Setting next_dagrun for example_bash_operator to 2025-02-05 00:00:00+00:00, run_after=2025-02-06 00:00:00+00:00
[2025-02-06T18:52:19.212+0000] {processor.py:208} INFO - Processing /home/airflow/.local/lib/python3.12/site-packages/airflow/example_dags/example_bash_operator.py took 0.149 seconds
[2025-02-06T18:52:49.365+0000] {processor.py:186} INFO - Started process (PID=4160) to work on /home/airflow/.local/lib/python3.12/site-packages/airflow/example_dags/example_bash_operator.py
[2025-02-06T18:52:49.368+0000] {processor.py:914} INFO - Processing file /home/airflow/.local/lib/python3.12/site-packages/airflow/example_dags/example_bash_operator.py for tasks to queue
[2025-02-06T18:52:49.373+0000] {logging_mixin.py:190} INFO - [2025-02-06T18:52:49.372+0000] {dagbag.py:588} INFO - Filling up the DagBag from /home/airflow/.local/lib/python3.12/site-packages/airflow/example_dags/example_bash_operator.py
[2025-02-06T18:52:49.395+0000] {processor.py:925} INFO - DAG(s) 'example_bash_operator' retrieved from /home/airflow/.local/lib/python3.12/site-packages/airflow/example_dags/example_bash_operator.py
[2025-02-06T18:52:49.442+0000] {logging_mixin.py:190} INFO - [2025-02-06T18:52:49.442+0000] {dag.py:3239} INFO - Sync 1 DAGs
[2025-02-06T18:52:49.487+0000] {logging_mixin.py:190} INFO - [2025-02-06T18:52:49.487+0000] {dag.py:4180} INFO - Setting next_dagrun for example_bash_operator to 2025-02-05 00:00:00+00:00, run_after=2025-02-06 00:00:00+00:00
[2025-02-06T18:52:49.522+0000] {processor.py:208} INFO - Processing /home/airflow/.local/lib/python3.12/site-packages/airflow/example_dags/example_bash_operator.py took 0.168 seconds
[2025-02-06T18:53:19.584+0000] {processor.py:186} INFO - Started process (PID=4217) to work on /home/airflow/.local/lib/python3.12/site-packages/airflow/example_dags/example_bash_operator.py
[2025-02-06T18:53:19.586+0000] {processor.py:914} INFO - Processing file /home/airflow/.local/lib/python3.12/site-packages/airflow/example_dags/example_bash_operator.py for tasks to queue
[2025-02-06T18:53:19.589+0000] {logging_mixin.py:190} INFO - [2025-02-06T18:53:19.589+0000] {dagbag.py:588} INFO - Filling up the DagBag from /home/airflow/.local/lib/python3.12/site-packages/airflow/example_dags/example_bash_operator.py
[2025-02-06T18:53:19.610+0000] {processor.py:925} INFO - DAG(s) 'example_bash_operator' retrieved from /home/airflow/.local/lib/python3.12/site-packages/airflow/example_dags/example_bash_operator.py
[2025-02-06T18:53:19.649+0000] {logging_mixin.py:190} INFO - [2025-02-06T18:53:19.649+0000] {dag.py:3239} INFO - Sync 1 DAGs
[2025-02-06T18:53:19.684+0000] {logging_mixin.py:190} INFO - [2025-02-06T18:53:19.684+0000] {dag.py:4180} INFO - Setting next_dagrun for example_bash_operator to 2025-02-05 00:00:00+00:00, run_after=2025-02-06 00:00:00+00:00
[2025-02-06T18:53:19.707+0000] {processor.py:208} INFO - Processing /home/airflow/.local/lib/python3.12/site-packages/airflow/example_dags/example_bash_operator.py took 0.132 seconds
[2025-02-06T18:53:49.951+0000] {processor.py:186} INFO - Started process (PID=4274) to work on /home/airflow/.local/lib/python3.12/site-packages/airflow/example_dags/example_bash_operator.py
[2025-02-06T18:53:49.953+0000] {processor.py:914} INFO - Processing file /home/airflow/.local/lib/python3.12/site-packages/airflow/example_dags/example_bash_operator.py for tasks to queue
[2025-02-06T18:53:49.956+0000] {logging_mixin.py:190} INFO - [2025-02-06T18:53:49.956+0000] {dagbag.py:588} INFO - Filling up the DagBag from /home/airflow/.local/lib/python3.12/site-packages/airflow/example_dags/example_bash_operator.py
[2025-02-06T18:53:49.977+0000] {processor.py:925} INFO - DAG(s) 'example_bash_operator' retrieved from /home/airflow/.local/lib/python3.12/site-packages/airflow/example_dags/example_bash_operator.py
[2025-02-06T18:53:50.026+0000] {logging_mixin.py:190} INFO - [2025-02-06T18:53:50.026+0000] {dag.py:3239} INFO - Sync 1 DAGs
[2025-02-06T18:53:50.071+0000] {logging_mixin.py:190} INFO - [2025-02-06T18:53:50.071+0000] {dag.py:4180} INFO - Setting next_dagrun for example_bash_operator to 2025-02-05 00:00:00+00:00, run_after=2025-02-06 00:00:00+00:00
[2025-02-06T18:53:50.108+0000] {processor.py:208} INFO - Processing /home/airflow/.local/lib/python3.12/site-packages/airflow/example_dags/example_bash_operator.py took 0.166 seconds
[2025-02-06T18:54:20.277+0000] {processor.py:186} INFO - Started process (PID=4331) to work on /home/airflow/.local/lib/python3.12/site-packages/airflow/example_dags/example_bash_operator.py
[2025-02-06T18:54:20.279+0000] {processor.py:914} INFO - Processing file /home/airflow/.local/lib/python3.12/site-packages/airflow/example_dags/example_bash_operator.py for tasks to queue
[2025-02-06T18:54:20.283+0000] {logging_mixin.py:190} INFO - [2025-02-06T18:54:20.282+0000] {dagbag.py:588} INFO - Filling up the DagBag from /home/airflow/.local/lib/python3.12/site-packages/airflow/example_dags/example_bash_operator.py
[2025-02-06T18:54:20.312+0000] {processor.py:925} INFO - DAG(s) 'example_bash_operator' retrieved from /home/airflow/.local/lib/python3.12/site-packages/airflow/example_dags/example_bash_operator.py
[2025-02-06T18:54:20.357+0000] {logging_mixin.py:190} INFO - [2025-02-06T18:54:20.357+0000] {dag.py:3239} INFO - Sync 1 DAGs
[2025-02-06T18:54:20.393+0000] {logging_mixin.py:190} INFO - [2025-02-06T18:54:20.392+0000] {dag.py:4180} INFO - Setting next_dagrun for example_bash_operator to 2025-02-05 00:00:00+00:00, run_after=2025-02-06 00:00:00+00:00
[2025-02-06T18:54:20.431+0000] {processor.py:208} INFO - Processing /home/airflow/.local/lib/python3.12/site-packages/airflow/example_dags/example_bash_operator.py took 0.164 seconds
[2025-02-06T18:54:51.042+0000] {processor.py:186} INFO - Started process (PID=4388) to work on /home/airflow/.local/lib/python3.12/site-packages/airflow/example_dags/example_bash_operator.py
[2025-02-06T18:54:51.043+0000] {processor.py:914} INFO - Processing file /home/airflow/.local/lib/python3.12/site-packages/airflow/example_dags/example_bash_operator.py for tasks to queue
[2025-02-06T18:54:51.047+0000] {logging_mixin.py:190} INFO - [2025-02-06T18:54:51.046+0000] {dagbag.py:588} INFO - Filling up the DagBag from /home/airflow/.local/lib/python3.12/site-packages/airflow/example_dags/example_bash_operator.py
[2025-02-06T18:54:51.070+0000] {processor.py:925} INFO - DAG(s) 'example_bash_operator' retrieved from /home/airflow/.local/lib/python3.12/site-packages/airflow/example_dags/example_bash_operator.py
[2025-02-06T18:54:51.119+0000] {logging_mixin.py:190} INFO - [2025-02-06T18:54:51.118+0000] {dag.py:3239} INFO - Sync 1 DAGs
[2025-02-06T18:54:51.157+0000] {logging_mixin.py:190} INFO - [2025-02-06T18:54:51.156+0000] {dag.py:4180} INFO - Setting next_dagrun for example_bash_operator to 2025-02-05 00:00:00+00:00, run_after=2025-02-06 00:00:00+00:00
[2025-02-06T18:54:51.187+0000] {processor.py:208} INFO - Processing /home/airflow/.local/lib/python3.12/site-packages/airflow/example_dags/example_bash_operator.py took 0.155 seconds
[2025-02-06T18:55:21.453+0000] {processor.py:186} INFO - Started process (PID=4445) to work on /home/airflow/.local/lib/python3.12/site-packages/airflow/example_dags/example_bash_operator.py
[2025-02-06T18:55:21.455+0000] {processor.py:914} INFO - Processing file /home/airflow/.local/lib/python3.12/site-packages/airflow/example_dags/example_bash_operator.py for tasks to queue
[2025-02-06T18:55:21.460+0000] {logging_mixin.py:190} INFO - [2025-02-06T18:55:21.459+0000] {dagbag.py:588} INFO - Filling up the DagBag from /home/airflow/.local/lib/python3.12/site-packages/airflow/example_dags/example_bash_operator.py
[2025-02-06T18:55:21.487+0000] {processor.py:925} INFO - DAG(s) 'example_bash_operator' retrieved from /home/airflow/.local/lib/python3.12/site-packages/airflow/example_dags/example_bash_operator.py
[2025-02-06T18:55:21.530+0000] {logging_mixin.py:190} INFO - [2025-02-06T18:55:21.529+0000] {dag.py:3239} INFO - Sync 1 DAGs
[2025-02-06T18:55:21.566+0000] {logging_mixin.py:190} INFO - [2025-02-06T18:55:21.565+0000] {dag.py:4180} INFO - Setting next_dagrun for example_bash_operator to 2025-02-05 00:00:00+00:00, run_after=2025-02-06 00:00:00+00:00
[2025-02-06T18:55:21.593+0000] {processor.py:208} INFO - Processing /home/airflow/.local/lib/python3.12/site-packages/airflow/example_dags/example_bash_operator.py took 0.153 seconds
[2025-02-06T18:55:52.195+0000] {processor.py:186} INFO - Started process (PID=4501) to work on /home/airflow/.local/lib/python3.12/site-packages/airflow/example_dags/example_bash_operator.py
[2025-02-06T18:55:52.196+0000] {processor.py:914} INFO - Processing file /home/airflow/.local/lib/python3.12/site-packages/airflow/example_dags/example_bash_operator.py for tasks to queue
[2025-02-06T18:55:52.199+0000] {logging_mixin.py:190} INFO - [2025-02-06T18:55:52.199+0000] {dagbag.py:588} INFO - Filling up the DagBag from /home/airflow/.local/lib/python3.12/site-packages/airflow/example_dags/example_bash_operator.py
[2025-02-06T18:55:52.223+0000] {processor.py:925} INFO - DAG(s) 'example_bash_operator' retrieved from /home/airflow/.local/lib/python3.12/site-packages/airflow/example_dags/example_bash_operator.py
[2025-02-06T18:55:52.274+0000] {logging_mixin.py:190} INFO - [2025-02-06T18:55:52.273+0000] {dag.py:3239} INFO - Sync 1 DAGs
[2025-02-06T18:55:52.312+0000] {logging_mixin.py:190} INFO - [2025-02-06T18:55:52.312+0000] {dag.py:4180} INFO - Setting next_dagrun for example_bash_operator to 2025-02-05 00:00:00+00:00, run_after=2025-02-06 00:00:00+00:00
[2025-02-06T18:55:52.338+0000] {processor.py:208} INFO - Processing /home/airflow/.local/lib/python3.12/site-packages/airflow/example_dags/example_bash_operator.py took 0.151 seconds
[2025-02-06T18:56:22.573+0000] {processor.py:186} INFO - Started process (PID=4558) to work on /home/airflow/.local/lib/python3.12/site-packages/airflow/example_dags/example_bash_operator.py
[2025-02-06T18:56:22.575+0000] {processor.py:914} INFO - Processing file /home/airflow/.local/lib/python3.12/site-packages/airflow/example_dags/example_bash_operator.py for tasks to queue
[2025-02-06T18:56:22.579+0000] {logging_mixin.py:190} INFO - [2025-02-06T18:56:22.579+0000] {dagbag.py:588} INFO - Filling up the DagBag from /home/airflow/.local/lib/python3.12/site-packages/airflow/example_dags/example_bash_operator.py
[2025-02-06T18:56:22.615+0000] {processor.py:925} INFO - DAG(s) 'example_bash_operator' retrieved from /home/airflow/.local/lib/python3.12/site-packages/airflow/example_dags/example_bash_operator.py
[2025-02-06T18:56:22.660+0000] {logging_mixin.py:190} INFO - [2025-02-06T18:56:22.660+0000] {dag.py:3239} INFO - Sync 1 DAGs
[2025-02-06T18:56:22.695+0000] {logging_mixin.py:190} INFO - [2025-02-06T18:56:22.695+0000] {dag.py:4180} INFO - Setting next_dagrun for example_bash_operator to 2025-02-05 00:00:00+00:00, run_after=2025-02-06 00:00:00+00:00
[2025-02-06T18:56:22.728+0000] {processor.py:208} INFO - Processing /home/airflow/.local/lib/python3.12/site-packages/airflow/example_dags/example_bash_operator.py took 0.166 seconds
[2025-02-06T18:56:52.860+0000] {processor.py:186} INFO - Started process (PID=4615) to work on /home/airflow/.local/lib/python3.12/site-packages/airflow/example_dags/example_bash_operator.py
[2025-02-06T18:56:52.861+0000] {processor.py:914} INFO - Processing file /home/airflow/.local/lib/python3.12/site-packages/airflow/example_dags/example_bash_operator.py for tasks to queue
[2025-02-06T18:56:52.865+0000] {logging_mixin.py:190} INFO - [2025-02-06T18:56:52.865+0000] {dagbag.py:588} INFO - Filling up the DagBag from /home/airflow/.local/lib/python3.12/site-packages/airflow/example_dags/example_bash_operator.py
[2025-02-06T18:56:52.891+0000] {processor.py:925} INFO - DAG(s) 'example_bash_operator' retrieved from /home/airflow/.local/lib/python3.12/site-packages/airflow/example_dags/example_bash_operator.py
[2025-02-06T18:56:52.946+0000] {logging_mixin.py:190} INFO - [2025-02-06T18:56:52.946+0000] {dag.py:3239} INFO - Sync 1 DAGs
[2025-02-06T18:56:53.007+0000] {logging_mixin.py:190} INFO - [2025-02-06T18:56:53.007+0000] {dag.py:4180} INFO - Setting next_dagrun for example_bash_operator to 2025-02-05 00:00:00+00:00, run_after=2025-02-06 00:00:00+00:00
[2025-02-06T18:56:53.054+0000] {processor.py:208} INFO - Processing /home/airflow/.local/lib/python3.12/site-packages/airflow/example_dags/example_bash_operator.py took 0.203 seconds
[2025-02-06T18:57:25.687+0000] {processor.py:186} INFO - Started process (PID=4674) to work on /home/airflow/.local/lib/python3.12/site-packages/airflow/example_dags/example_bash_operator.py
[2025-02-06T18:57:25.689+0000] {processor.py:914} INFO - Processing file /home/airflow/.local/lib/python3.12/site-packages/airflow/example_dags/example_bash_operator.py for tasks to queue
[2025-02-06T18:57:25.693+0000] {logging_mixin.py:190} INFO - [2025-02-06T18:57:25.692+0000] {dagbag.py:588} INFO - Filling up the DagBag from /home/airflow/.local/lib/python3.12/site-packages/airflow/example_dags/example_bash_operator.py
[2025-02-06T18:57:25.715+0000] {processor.py:925} INFO - DAG(s) 'example_bash_operator' retrieved from /home/airflow/.local/lib/python3.12/site-packages/airflow/example_dags/example_bash_operator.py
[2025-02-06T18:57:25.763+0000] {logging_mixin.py:190} INFO - [2025-02-06T18:57:25.762+0000] {dag.py:3239} INFO - Sync 1 DAGs
[2025-02-06T18:57:25.803+0000] {logging_mixin.py:190} INFO - [2025-02-06T18:57:25.802+0000] {dag.py:4180} INFO - Setting next_dagrun for example_bash_operator to 2025-02-05 00:00:00+00:00, run_after=2025-02-06 00:00:00+00:00
[2025-02-06T18:57:25.837+0000] {processor.py:208} INFO - Processing /home/airflow/.local/lib/python3.12/site-packages/airflow/example_dags/example_bash_operator.py took 0.161 seconds
[2025-02-06T18:57:57.675+0000] {processor.py:186} INFO - Started process (PID=4733) to work on /home/airflow/.local/lib/python3.12/site-packages/airflow/example_dags/example_bash_operator.py
[2025-02-06T18:57:57.678+0000] {processor.py:914} INFO - Processing file /home/airflow/.local/lib/python3.12/site-packages/airflow/example_dags/example_bash_operator.py for tasks to queue
[2025-02-06T18:57:57.692+0000] {logging_mixin.py:190} INFO - [2025-02-06T18:57:57.689+0000] {dagbag.py:588} INFO - Filling up the DagBag from /home/airflow/.local/lib/python3.12/site-packages/airflow/example_dags/example_bash_operator.py
[2025-02-06T18:57:57.745+0000] {processor.py:925} INFO - DAG(s) 'example_bash_operator' retrieved from /home/airflow/.local/lib/python3.12/site-packages/airflow/example_dags/example_bash_operator.py
[2025-02-06T18:57:57.867+0000] {logging_mixin.py:190} INFO - [2025-02-06T18:57:57.866+0000] {dag.py:3239} INFO - Sync 1 DAGs
[2025-02-06T18:57:57.948+0000] {logging_mixin.py:190} INFO - [2025-02-06T18:57:57.947+0000] {dag.py:4180} INFO - Setting next_dagrun for example_bash_operator to 2025-02-05 00:00:00+00:00, run_after=2025-02-06 00:00:00+00:00
[2025-02-06T18:57:57.990+0000] {processor.py:208} INFO - Processing /home/airflow/.local/lib/python3.12/site-packages/airflow/example_dags/example_bash_operator.py took 0.338 seconds
[2025-02-06T18:58:29.365+0000] {processor.py:186} INFO - Started process (PID=4778) to work on /home/airflow/.local/lib/python3.12/site-packages/airflow/example_dags/example_bash_operator.py
[2025-02-06T18:58:29.367+0000] {processor.py:914} INFO - Processing file /home/airflow/.local/lib/python3.12/site-packages/airflow/example_dags/example_bash_operator.py for tasks to queue
[2025-02-06T18:58:29.374+0000] {logging_mixin.py:190} INFO - [2025-02-06T18:58:29.373+0000] {dagbag.py:588} INFO - Filling up the DagBag from /home/airflow/.local/lib/python3.12/site-packages/airflow/example_dags/example_bash_operator.py
[2025-02-06T18:58:29.407+0000] {processor.py:925} INFO - DAG(s) 'example_bash_operator' retrieved from /home/airflow/.local/lib/python3.12/site-packages/airflow/example_dags/example_bash_operator.py
[2025-02-06T18:58:29.465+0000] {logging_mixin.py:190} INFO - [2025-02-06T18:58:29.464+0000] {dag.py:3239} INFO - Sync 1 DAGs
[2025-02-06T18:58:29.519+0000] {logging_mixin.py:190} INFO - [2025-02-06T18:58:29.519+0000] {dag.py:4180} INFO - Setting next_dagrun for example_bash_operator to 2025-02-05 00:00:00+00:00, run_after=2025-02-06 00:00:00+00:00
[2025-02-06T18:58:29.552+0000] {processor.py:208} INFO - Processing /home/airflow/.local/lib/python3.12/site-packages/airflow/example_dags/example_bash_operator.py took 0.201 seconds
[2025-02-06T18:59:00.245+0000] {processor.py:186} INFO - Started process (PID=4835) to work on /home/airflow/.local/lib/python3.12/site-packages/airflow/example_dags/example_bash_operator.py
[2025-02-06T18:59:00.247+0000] {processor.py:914} INFO - Processing file /home/airflow/.local/lib/python3.12/site-packages/airflow/example_dags/example_bash_operator.py for tasks to queue
[2025-02-06T18:59:00.253+0000] {logging_mixin.py:190} INFO - [2025-02-06T18:59:00.253+0000] {dagbag.py:588} INFO - Filling up the DagBag from /home/airflow/.local/lib/python3.12/site-packages/airflow/example_dags/example_bash_operator.py
[2025-02-06T18:59:00.290+0000] {processor.py:925} INFO - DAG(s) 'example_bash_operator' retrieved from /home/airflow/.local/lib/python3.12/site-packages/airflow/example_dags/example_bash_operator.py
[2025-02-06T18:59:00.370+0000] {logging_mixin.py:190} INFO - [2025-02-06T18:59:00.370+0000] {dag.py:3239} INFO - Sync 1 DAGs
[2025-02-06T18:59:00.436+0000] {logging_mixin.py:190} INFO - [2025-02-06T18:59:00.436+0000] {dag.py:4180} INFO - Setting next_dagrun for example_bash_operator to 2025-02-05 00:00:00+00:00, run_after=2025-02-06 00:00:00+00:00
[2025-02-06T18:59:00.495+0000] {processor.py:208} INFO - Processing /home/airflow/.local/lib/python3.12/site-packages/airflow/example_dags/example_bash_operator.py took 0.263 seconds
[2025-02-06T18:59:31.524+0000] {processor.py:186} INFO - Started process (PID=4892) to work on /home/airflow/.local/lib/python3.12/site-packages/airflow/example_dags/example_bash_operator.py
[2025-02-06T18:59:31.526+0000] {processor.py:914} INFO - Processing file /home/airflow/.local/lib/python3.12/site-packages/airflow/example_dags/example_bash_operator.py for tasks to queue
[2025-02-06T18:59:31.530+0000] {logging_mixin.py:190} INFO - [2025-02-06T18:59:31.529+0000] {dagbag.py:588} INFO - Filling up the DagBag from /home/airflow/.local/lib/python3.12/site-packages/airflow/example_dags/example_bash_operator.py
[2025-02-06T18:59:31.551+0000] {processor.py:925} INFO - DAG(s) 'example_bash_operator' retrieved from /home/airflow/.local/lib/python3.12/site-packages/airflow/example_dags/example_bash_operator.py
[2025-02-06T18:59:31.595+0000] {logging_mixin.py:190} INFO - [2025-02-06T18:59:31.595+0000] {dag.py:3239} INFO - Sync 1 DAGs
[2025-02-06T18:59:31.636+0000] {logging_mixin.py:190} INFO - [2025-02-06T18:59:31.635+0000] {dag.py:4180} INFO - Setting next_dagrun for example_bash_operator to 2025-02-05 00:00:00+00:00, run_after=2025-02-06 00:00:00+00:00
[2025-02-06T18:59:31.666+0000] {processor.py:208} INFO - Processing /home/airflow/.local/lib/python3.12/site-packages/airflow/example_dags/example_bash_operator.py took 0.152 seconds
[2025-02-06T19:00:02.045+0000] {processor.py:186} INFO - Started process (PID=4949) to work on /home/airflow/.local/lib/python3.12/site-packages/airflow/example_dags/example_bash_operator.py
[2025-02-06T19:00:02.047+0000] {processor.py:914} INFO - Processing file /home/airflow/.local/lib/python3.12/site-packages/airflow/example_dags/example_bash_operator.py for tasks to queue
[2025-02-06T19:00:02.051+0000] {logging_mixin.py:190} INFO - [2025-02-06T19:00:02.051+0000] {dagbag.py:588} INFO - Filling up the DagBag from /home/airflow/.local/lib/python3.12/site-packages/airflow/example_dags/example_bash_operator.py
[2025-02-06T19:00:02.072+0000] {processor.py:925} INFO - DAG(s) 'example_bash_operator' retrieved from /home/airflow/.local/lib/python3.12/site-packages/airflow/example_dags/example_bash_operator.py
[2025-02-06T19:00:02.118+0000] {logging_mixin.py:190} INFO - [2025-02-06T19:00:02.117+0000] {dag.py:3239} INFO - Sync 1 DAGs
[2025-02-06T19:00:02.163+0000] {logging_mixin.py:190} INFO - [2025-02-06T19:00:02.163+0000] {dag.py:4180} INFO - Setting next_dagrun for example_bash_operator to 2025-02-05 00:00:00+00:00, run_after=2025-02-06 00:00:00+00:00
[2025-02-06T19:00:02.194+0000] {processor.py:208} INFO - Processing /home/airflow/.local/lib/python3.12/site-packages/airflow/example_dags/example_bash_operator.py took 0.158 seconds
[2025-02-06T19:00:33.434+0000] {processor.py:186} INFO - Started process (PID=5007) to work on /home/airflow/.local/lib/python3.12/site-packages/airflow/example_dags/example_bash_operator.py
[2025-02-06T19:00:33.436+0000] {processor.py:914} INFO - Processing file /home/airflow/.local/lib/python3.12/site-packages/airflow/example_dags/example_bash_operator.py for tasks to queue
[2025-02-06T19:00:33.442+0000] {logging_mixin.py:190} INFO - [2025-02-06T19:00:33.441+0000] {dagbag.py:588} INFO - Filling up the DagBag from /home/airflow/.local/lib/python3.12/site-packages/airflow/example_dags/example_bash_operator.py
[2025-02-06T19:00:33.483+0000] {processor.py:925} INFO - DAG(s) 'example_bash_operator' retrieved from /home/airflow/.local/lib/python3.12/site-packages/airflow/example_dags/example_bash_operator.py
[2025-02-06T19:00:33.546+0000] {logging_mixin.py:190} INFO - [2025-02-06T19:00:33.546+0000] {dag.py:3239} INFO - Sync 1 DAGs
[2025-02-06T19:00:33.588+0000] {logging_mixin.py:190} INFO - [2025-02-06T19:00:33.588+0000] {dag.py:4180} INFO - Setting next_dagrun for example_bash_operator to 2025-02-05 00:00:00+00:00, run_after=2025-02-06 00:00:00+00:00
[2025-02-06T19:00:33.617+0000] {processor.py:208} INFO - Processing /home/airflow/.local/lib/python3.12/site-packages/airflow/example_dags/example_bash_operator.py took 0.193 seconds
[2025-02-06T19:01:04.334+0000] {processor.py:186} INFO - Started process (PID=5062) to work on /home/airflow/.local/lib/python3.12/site-packages/airflow/example_dags/example_bash_operator.py
[2025-02-06T19:01:04.336+0000] {processor.py:914} INFO - Processing file /home/airflow/.local/lib/python3.12/site-packages/airflow/example_dags/example_bash_operator.py for tasks to queue
[2025-02-06T19:01:04.340+0000] {logging_mixin.py:190} INFO - [2025-02-06T19:01:04.340+0000] {dagbag.py:588} INFO - Filling up the DagBag from /home/airflow/.local/lib/python3.12/site-packages/airflow/example_dags/example_bash_operator.py
[2025-02-06T19:01:04.370+0000] {processor.py:925} INFO - DAG(s) 'example_bash_operator' retrieved from /home/airflow/.local/lib/python3.12/site-packages/airflow/example_dags/example_bash_operator.py
[2025-02-06T19:01:04.416+0000] {logging_mixin.py:190} INFO - [2025-02-06T19:01:04.415+0000] {dag.py:3239} INFO - Sync 1 DAGs
[2025-02-06T19:01:04.457+0000] {logging_mixin.py:190} INFO - [2025-02-06T19:01:04.457+0000] {dag.py:4180} INFO - Setting next_dagrun for example_bash_operator to 2025-02-05 00:00:00+00:00, run_after=2025-02-06 00:00:00+00:00
[2025-02-06T19:01:04.486+0000] {processor.py:208} INFO - Processing /home/airflow/.local/lib/python3.12/site-packages/airflow/example_dags/example_bash_operator.py took 0.164 seconds
[2025-02-06T19:01:34.687+0000] {processor.py:186} INFO - Started process (PID=5118) to work on /home/airflow/.local/lib/python3.12/site-packages/airflow/example_dags/example_bash_operator.py
[2025-02-06T19:01:34.689+0000] {processor.py:914} INFO - Processing file /home/airflow/.local/lib/python3.12/site-packages/airflow/example_dags/example_bash_operator.py for tasks to queue
[2025-02-06T19:01:34.694+0000] {logging_mixin.py:190} INFO - [2025-02-06T19:01:34.694+0000] {dagbag.py:588} INFO - Filling up the DagBag from /home/airflow/.local/lib/python3.12/site-packages/airflow/example_dags/example_bash_operator.py
[2025-02-06T19:01:34.723+0000] {processor.py:925} INFO - DAG(s) 'example_bash_operator' retrieved from /home/airflow/.local/lib/python3.12/site-packages/airflow/example_dags/example_bash_operator.py
[2025-02-06T19:01:34.777+0000] {logging_mixin.py:190} INFO - [2025-02-06T19:01:34.776+0000] {dag.py:3239} INFO - Sync 1 DAGs
[2025-02-06T19:01:34.825+0000] {logging_mixin.py:190} INFO - [2025-02-06T19:01:34.824+0000] {dag.py:4180} INFO - Setting next_dagrun for example_bash_operator to 2025-02-05 00:00:00+00:00, run_after=2025-02-06 00:00:00+00:00
[2025-02-06T19:01:34.855+0000] {processor.py:208} INFO - Processing /home/airflow/.local/lib/python3.12/site-packages/airflow/example_dags/example_bash_operator.py took 0.185 seconds
[2025-02-06T19:02:04.926+0000] {processor.py:186} INFO - Started process (PID=5174) to work on /home/airflow/.local/lib/python3.12/site-packages/airflow/example_dags/example_bash_operator.py
[2025-02-06T19:02:04.928+0000] {processor.py:914} INFO - Processing file /home/airflow/.local/lib/python3.12/site-packages/airflow/example_dags/example_bash_operator.py for tasks to queue
[2025-02-06T19:02:04.932+0000] {logging_mixin.py:190} INFO - [2025-02-06T19:02:04.931+0000] {dagbag.py:588} INFO - Filling up the DagBag from /home/airflow/.local/lib/python3.12/site-packages/airflow/example_dags/example_bash_operator.py
[2025-02-06T19:02:04.954+0000] {processor.py:925} INFO - DAG(s) 'example_bash_operator' retrieved from /home/airflow/.local/lib/python3.12/site-packages/airflow/example_dags/example_bash_operator.py
[2025-02-06T19:02:05.002+0000] {logging_mixin.py:190} INFO - [2025-02-06T19:02:05.002+0000] {dag.py:3239} INFO - Sync 1 DAGs
[2025-02-06T19:02:05.048+0000] {logging_mixin.py:190} INFO - [2025-02-06T19:02:05.048+0000] {dag.py:4180} INFO - Setting next_dagrun for example_bash_operator to 2025-02-05 00:00:00+00:00, run_after=2025-02-06 00:00:00+00:00
[2025-02-06T19:02:05.085+0000] {processor.py:208} INFO - Processing /home/airflow/.local/lib/python3.12/site-packages/airflow/example_dags/example_bash_operator.py took 0.170 seconds
[2025-02-06T19:02:35.329+0000] {processor.py:186} INFO - Started process (PID=5231) to work on /home/airflow/.local/lib/python3.12/site-packages/airflow/example_dags/example_bash_operator.py
[2025-02-06T19:02:35.331+0000] {processor.py:914} INFO - Processing file /home/airflow/.local/lib/python3.12/site-packages/airflow/example_dags/example_bash_operator.py for tasks to queue
[2025-02-06T19:02:35.335+0000] {logging_mixin.py:190} INFO - [2025-02-06T19:02:35.334+0000] {dagbag.py:588} INFO - Filling up the DagBag from /home/airflow/.local/lib/python3.12/site-packages/airflow/example_dags/example_bash_operator.py
[2025-02-06T19:02:35.360+0000] {processor.py:925} INFO - DAG(s) 'example_bash_operator' retrieved from /home/airflow/.local/lib/python3.12/site-packages/airflow/example_dags/example_bash_operator.py
[2025-02-06T19:02:35.412+0000] {logging_mixin.py:190} INFO - [2025-02-06T19:02:35.412+0000] {dag.py:3239} INFO - Sync 1 DAGs
[2025-02-06T19:02:35.455+0000] {logging_mixin.py:190} INFO - [2025-02-06T19:02:35.454+0000] {dag.py:4180} INFO - Setting next_dagrun for example_bash_operator to 2025-02-05 00:00:00+00:00, run_after=2025-02-06 00:00:00+00:00
[2025-02-06T19:02:35.490+0000] {processor.py:208} INFO - Processing /home/airflow/.local/lib/python3.12/site-packages/airflow/example_dags/example_bash_operator.py took 0.170 seconds
[2025-02-06T19:03:05.867+0000] {processor.py:186} INFO - Started process (PID=5287) to work on /home/airflow/.local/lib/python3.12/site-packages/airflow/example_dags/example_bash_operator.py
[2025-02-06T19:03:05.869+0000] {processor.py:914} INFO - Processing file /home/airflow/.local/lib/python3.12/site-packages/airflow/example_dags/example_bash_operator.py for tasks to queue
[2025-02-06T19:03:05.875+0000] {logging_mixin.py:190} INFO - [2025-02-06T19:03:05.874+0000] {dagbag.py:588} INFO - Filling up the DagBag from /home/airflow/.local/lib/python3.12/site-packages/airflow/example_dags/example_bash_operator.py
[2025-02-06T19:03:05.905+0000] {processor.py:925} INFO - DAG(s) 'example_bash_operator' retrieved from /home/airflow/.local/lib/python3.12/site-packages/airflow/example_dags/example_bash_operator.py
[2025-02-06T19:03:05.973+0000] {logging_mixin.py:190} INFO - [2025-02-06T19:03:05.972+0000] {dag.py:3239} INFO - Sync 1 DAGs
[2025-02-06T19:03:06.030+0000] {logging_mixin.py:190} INFO - [2025-02-06T19:03:06.030+0000] {dag.py:4180} INFO - Setting next_dagrun for example_bash_operator to 2025-02-05 00:00:00+00:00, run_after=2025-02-06 00:00:00+00:00
[2025-02-06T19:03:06.088+0000] {processor.py:208} INFO - Processing /home/airflow/.local/lib/python3.12/site-packages/airflow/example_dags/example_bash_operator.py took 0.236 seconds
[2025-02-06T19:03:37.690+0000] {processor.py:186} INFO - Started process (PID=5344) to work on /home/airflow/.local/lib/python3.12/site-packages/airflow/example_dags/example_bash_operator.py
[2025-02-06T19:03:37.693+0000] {processor.py:914} INFO - Processing file /home/airflow/.local/lib/python3.12/site-packages/airflow/example_dags/example_bash_operator.py for tasks to queue
[2025-02-06T19:03:37.699+0000] {logging_mixin.py:190} INFO - [2025-02-06T19:03:37.698+0000] {dagbag.py:588} INFO - Filling up the DagBag from /home/airflow/.local/lib/python3.12/site-packages/airflow/example_dags/example_bash_operator.py
[2025-02-06T19:03:37.767+0000] {processor.py:925} INFO - DAG(s) 'example_bash_operator' retrieved from /home/airflow/.local/lib/python3.12/site-packages/airflow/example_dags/example_bash_operator.py
[2025-02-06T19:03:37.848+0000] {logging_mixin.py:190} INFO - [2025-02-06T19:03:37.847+0000] {dag.py:3239} INFO - Sync 1 DAGs
[2025-02-06T19:03:37.889+0000] {logging_mixin.py:190} INFO - [2025-02-06T19:03:37.888+0000] {dag.py:4180} INFO - Setting next_dagrun for example_bash_operator to 2025-02-05 00:00:00+00:00, run_after=2025-02-06 00:00:00+00:00
[2025-02-06T19:03:37.926+0000] {processor.py:208} INFO - Processing /home/airflow/.local/lib/python3.12/site-packages/airflow/example_dags/example_bash_operator.py took 0.268 seconds
[2025-02-06T19:04:08.103+0000] {processor.py:186} INFO - Started process (PID=5401) to work on /home/airflow/.local/lib/python3.12/site-packages/airflow/example_dags/example_bash_operator.py
[2025-02-06T19:04:08.104+0000] {processor.py:914} INFO - Processing file /home/airflow/.local/lib/python3.12/site-packages/airflow/example_dags/example_bash_operator.py for tasks to queue
[2025-02-06T19:04:08.107+0000] {logging_mixin.py:190} INFO - [2025-02-06T19:04:08.107+0000] {dagbag.py:588} INFO - Filling up the DagBag from /home/airflow/.local/lib/python3.12/site-packages/airflow/example_dags/example_bash_operator.py
[2025-02-06T19:04:08.128+0000] {processor.py:925} INFO - DAG(s) 'example_bash_operator' retrieved from /home/airflow/.local/lib/python3.12/site-packages/airflow/example_dags/example_bash_operator.py
[2025-02-06T19:04:08.173+0000] {logging_mixin.py:190} INFO - [2025-02-06T19:04:08.172+0000] {dag.py:3239} INFO - Sync 1 DAGs
[2025-02-06T19:04:08.218+0000] {logging_mixin.py:190} INFO - [2025-02-06T19:04:08.218+0000] {dag.py:4180} INFO - Setting next_dagrun for example_bash_operator to 2025-02-05 00:00:00+00:00, run_after=2025-02-06 00:00:00+00:00
[2025-02-06T19:04:08.254+0000] {processor.py:208} INFO - Processing /home/airflow/.local/lib/python3.12/site-packages/airflow/example_dags/example_bash_operator.py took 0.160 seconds
[2025-02-06T19:04:38.906+0000] {processor.py:186} INFO - Started process (PID=5460) to work on /home/airflow/.local/lib/python3.12/site-packages/airflow/example_dags/example_bash_operator.py
[2025-02-06T19:04:38.908+0000] {processor.py:914} INFO - Processing file /home/airflow/.local/lib/python3.12/site-packages/airflow/example_dags/example_bash_operator.py for tasks to queue
[2025-02-06T19:04:38.911+0000] {logging_mixin.py:190} INFO - [2025-02-06T19:04:38.911+0000] {dagbag.py:588} INFO - Filling up the DagBag from /home/airflow/.local/lib/python3.12/site-packages/airflow/example_dags/example_bash_operator.py
[2025-02-06T19:04:38.933+0000] {processor.py:925} INFO - DAG(s) 'example_bash_operator' retrieved from /home/airflow/.local/lib/python3.12/site-packages/airflow/example_dags/example_bash_operator.py
[2025-02-06T19:04:38.972+0000] {logging_mixin.py:190} INFO - [2025-02-06T19:04:38.971+0000] {dag.py:3239} INFO - Sync 1 DAGs
[2025-02-06T19:04:39.019+0000] {logging_mixin.py:190} INFO - [2025-02-06T19:04:39.018+0000] {dag.py:4180} INFO - Setting next_dagrun for example_bash_operator to 2025-02-05 00:00:00+00:00, run_after=2025-02-06 00:00:00+00:00
[2025-02-06T19:04:39.064+0000] {processor.py:208} INFO - Processing /home/airflow/.local/lib/python3.12/site-packages/airflow/example_dags/example_bash_operator.py took 0.167 seconds
[2025-02-06T19:05:09.320+0000] {processor.py:186} INFO - Started process (PID=5517) to work on /home/airflow/.local/lib/python3.12/site-packages/airflow/example_dags/example_bash_operator.py
[2025-02-06T19:05:09.322+0000] {processor.py:914} INFO - Processing file /home/airflow/.local/lib/python3.12/site-packages/airflow/example_dags/example_bash_operator.py for tasks to queue
[2025-02-06T19:05:09.326+0000] {logging_mixin.py:190} INFO - [2025-02-06T19:05:09.326+0000] {dagbag.py:588} INFO - Filling up the DagBag from /home/airflow/.local/lib/python3.12/site-packages/airflow/example_dags/example_bash_operator.py
[2025-02-06T19:05:09.351+0000] {processor.py:925} INFO - DAG(s) 'example_bash_operator' retrieved from /home/airflow/.local/lib/python3.12/site-packages/airflow/example_dags/example_bash_operator.py
[2025-02-06T19:05:09.443+0000] {logging_mixin.py:190} INFO - [2025-02-06T19:05:09.442+0000] {dag.py:3239} INFO - Sync 1 DAGs
[2025-02-06T19:05:09.500+0000] {logging_mixin.py:190} INFO - [2025-02-06T19:05:09.499+0000] {dag.py:4180} INFO - Setting next_dagrun for example_bash_operator to 2025-02-05 00:00:00+00:00, run_after=2025-02-06 00:00:00+00:00
[2025-02-06T19:05:09.533+0000] {processor.py:208} INFO - Processing /home/airflow/.local/lib/python3.12/site-packages/airflow/example_dags/example_bash_operator.py took 0.223 seconds
[2025-02-06T19:05:40.833+0000] {processor.py:186} INFO - Started process (PID=5574) to work on /home/airflow/.local/lib/python3.12/site-packages/airflow/example_dags/example_bash_operator.py
[2025-02-06T19:05:40.834+0000] {processor.py:914} INFO - Processing file /home/airflow/.local/lib/python3.12/site-packages/airflow/example_dags/example_bash_operator.py for tasks to queue
[2025-02-06T19:05:40.839+0000] {logging_mixin.py:190} INFO - [2025-02-06T19:05:40.838+0000] {dagbag.py:588} INFO - Filling up the DagBag from /home/airflow/.local/lib/python3.12/site-packages/airflow/example_dags/example_bash_operator.py
[2025-02-06T19:05:40.864+0000] {processor.py:925} INFO - DAG(s) 'example_bash_operator' retrieved from /home/airflow/.local/lib/python3.12/site-packages/airflow/example_dags/example_bash_operator.py
[2025-02-06T19:05:40.964+0000] {logging_mixin.py:190} INFO - [2025-02-06T19:05:40.964+0000] {dag.py:3239} INFO - Sync 1 DAGs
[2025-02-06T19:05:41.029+0000] {logging_mixin.py:190} INFO - [2025-02-06T19:05:41.028+0000] {dag.py:4180} INFO - Setting next_dagrun for example_bash_operator to 2025-02-05 00:00:00+00:00, run_after=2025-02-06 00:00:00+00:00
[2025-02-06T19:05:41.107+0000] {processor.py:208} INFO - Processing /home/airflow/.local/lib/python3.12/site-packages/airflow/example_dags/example_bash_operator.py took 0.287 seconds
[2025-02-06T19:06:12.200+0000] {processor.py:186} INFO - Started process (PID=5631) to work on /home/airflow/.local/lib/python3.12/site-packages/airflow/example_dags/example_bash_operator.py
[2025-02-06T19:06:12.201+0000] {processor.py:914} INFO - Processing file /home/airflow/.local/lib/python3.12/site-packages/airflow/example_dags/example_bash_operator.py for tasks to queue
[2025-02-06T19:06:12.205+0000] {logging_mixin.py:190} INFO - [2025-02-06T19:06:12.205+0000] {dagbag.py:588} INFO - Filling up the DagBag from /home/airflow/.local/lib/python3.12/site-packages/airflow/example_dags/example_bash_operator.py
[2025-02-06T19:06:12.227+0000] {processor.py:925} INFO - DAG(s) 'example_bash_operator' retrieved from /home/airflow/.local/lib/python3.12/site-packages/airflow/example_dags/example_bash_operator.py
[2025-02-06T19:06:12.273+0000] {logging_mixin.py:190} INFO - [2025-02-06T19:06:12.272+0000] {dag.py:3239} INFO - Sync 1 DAGs
[2025-02-06T19:06:12.313+0000] {logging_mixin.py:190} INFO - [2025-02-06T19:06:12.313+0000] {dag.py:4180} INFO - Setting next_dagrun for example_bash_operator to 2025-02-05 00:00:00+00:00, run_after=2025-02-06 00:00:00+00:00
[2025-02-06T19:06:12.346+0000] {processor.py:208} INFO - Processing /home/airflow/.local/lib/python3.12/site-packages/airflow/example_dags/example_bash_operator.py took 0.155 seconds
[2025-02-06T19:06:42.861+0000] {processor.py:186} INFO - Started process (PID=5687) to work on /home/airflow/.local/lib/python3.12/site-packages/airflow/example_dags/example_bash_operator.py
[2025-02-06T19:06:42.863+0000] {processor.py:914} INFO - Processing file /home/airflow/.local/lib/python3.12/site-packages/airflow/example_dags/example_bash_operator.py for tasks to queue
[2025-02-06T19:06:42.866+0000] {logging_mixin.py:190} INFO - [2025-02-06T19:06:42.866+0000] {dagbag.py:588} INFO - Filling up the DagBag from /home/airflow/.local/lib/python3.12/site-packages/airflow/example_dags/example_bash_operator.py
[2025-02-06T19:06:42.887+0000] {processor.py:925} INFO - DAG(s) 'example_bash_operator' retrieved from /home/airflow/.local/lib/python3.12/site-packages/airflow/example_dags/example_bash_operator.py
[2025-02-06T19:06:42.926+0000] {logging_mixin.py:190} INFO - [2025-02-06T19:06:42.926+0000] {dag.py:3239} INFO - Sync 1 DAGs
[2025-02-06T19:06:42.958+0000] {logging_mixin.py:190} INFO - [2025-02-06T19:06:42.957+0000] {dag.py:4180} INFO - Setting next_dagrun for example_bash_operator to 2025-02-05 00:00:00+00:00, run_after=2025-02-06 00:00:00+00:00
[2025-02-06T19:06:42.981+0000] {processor.py:208} INFO - Processing /home/airflow/.local/lib/python3.12/site-packages/airflow/example_dags/example_bash_operator.py took 0.131 seconds
[2025-02-06T19:07:14.111+0000] {processor.py:186} INFO - Started process (PID=5744) to work on /home/airflow/.local/lib/python3.12/site-packages/airflow/example_dags/example_bash_operator.py
[2025-02-06T19:07:14.114+0000] {processor.py:914} INFO - Processing file /home/airflow/.local/lib/python3.12/site-packages/airflow/example_dags/example_bash_operator.py for tasks to queue
[2025-02-06T19:07:14.121+0000] {logging_mixin.py:190} INFO - [2025-02-06T19:07:14.121+0000] {dagbag.py:588} INFO - Filling up the DagBag from /home/airflow/.local/lib/python3.12/site-packages/airflow/example_dags/example_bash_operator.py
[2025-02-06T19:07:14.162+0000] {processor.py:925} INFO - DAG(s) 'example_bash_operator' retrieved from /home/airflow/.local/lib/python3.12/site-packages/airflow/example_dags/example_bash_operator.py
[2025-02-06T19:07:14.225+0000] {logging_mixin.py:190} INFO - [2025-02-06T19:07:14.224+0000] {dag.py:3239} INFO - Sync 1 DAGs
[2025-02-06T19:07:14.291+0000] {logging_mixin.py:190} INFO - [2025-02-06T19:07:14.291+0000] {dag.py:4180} INFO - Setting next_dagrun for example_bash_operator to 2025-02-05 00:00:00+00:00, run_after=2025-02-06 00:00:00+00:00
[2025-02-06T19:07:14.367+0000] {processor.py:208} INFO - Processing /home/airflow/.local/lib/python3.12/site-packages/airflow/example_dags/example_bash_operator.py took 0.273 seconds
[2025-02-06T19:07:45.068+0000] {processor.py:186} INFO - Started process (PID=5801) to work on /home/airflow/.local/lib/python3.12/site-packages/airflow/example_dags/example_bash_operator.py
[2025-02-06T19:07:45.071+0000] {processor.py:914} INFO - Processing file /home/airflow/.local/lib/python3.12/site-packages/airflow/example_dags/example_bash_operator.py for tasks to queue
[2025-02-06T19:07:45.077+0000] {logging_mixin.py:190} INFO - [2025-02-06T19:07:45.076+0000] {dagbag.py:588} INFO - Filling up the DagBag from /home/airflow/.local/lib/python3.12/site-packages/airflow/example_dags/example_bash_operator.py
[2025-02-06T19:07:45.106+0000] {processor.py:925} INFO - DAG(s) 'example_bash_operator' retrieved from /home/airflow/.local/lib/python3.12/site-packages/airflow/example_dags/example_bash_operator.py
[2025-02-06T19:07:45.159+0000] {logging_mixin.py:190} INFO - [2025-02-06T19:07:45.158+0000] {dag.py:3239} INFO - Sync 1 DAGs
[2025-02-06T19:07:45.210+0000] {logging_mixin.py:190} INFO - [2025-02-06T19:07:45.209+0000] {dag.py:4180} INFO - Setting next_dagrun for example_bash_operator to 2025-02-05 00:00:00+00:00, run_after=2025-02-06 00:00:00+00:00
[2025-02-06T19:07:45.245+0000] {processor.py:208} INFO - Processing /home/airflow/.local/lib/python3.12/site-packages/airflow/example_dags/example_bash_operator.py took 0.188 seconds
[2025-02-06T19:08:15.353+0000] {processor.py:186} INFO - Started process (PID=5857) to work on /home/airflow/.local/lib/python3.12/site-packages/airflow/example_dags/example_bash_operator.py
[2025-02-06T19:08:15.354+0000] {processor.py:914} INFO - Processing file /home/airflow/.local/lib/python3.12/site-packages/airflow/example_dags/example_bash_operator.py for tasks to queue
[2025-02-06T19:08:15.359+0000] {logging_mixin.py:190} INFO - [2025-02-06T19:08:15.358+0000] {dagbag.py:588} INFO - Filling up the DagBag from /home/airflow/.local/lib/python3.12/site-packages/airflow/example_dags/example_bash_operator.py
[2025-02-06T19:08:15.376+0000] {processor.py:925} INFO - DAG(s) 'example_bash_operator' retrieved from /home/airflow/.local/lib/python3.12/site-packages/airflow/example_dags/example_bash_operator.py
[2025-02-06T19:08:15.417+0000] {logging_mixin.py:190} INFO - [2025-02-06T19:08:15.416+0000] {dag.py:3239} INFO - Sync 1 DAGs
[2025-02-06T19:08:15.463+0000] {logging_mixin.py:190} INFO - [2025-02-06T19:08:15.463+0000] {dag.py:4180} INFO - Setting next_dagrun for example_bash_operator to 2025-02-05 00:00:00+00:00, run_after=2025-02-06 00:00:00+00:00
[2025-02-06T19:08:15.493+0000] {processor.py:208} INFO - Processing /home/airflow/.local/lib/python3.12/site-packages/airflow/example_dags/example_bash_operator.py took 0.148 seconds
