[2025-02-06T16:36:25.708+0000] {processor.py:186} INFO - Started process (PID=48) to work on /home/airflow/.local/lib/python3.12/site-packages/airflow/example_dags/example_dataset_alias.py
[2025-02-06T16:36:25.710+0000] {processor.py:914} INFO - Processing file /home/airflow/.local/lib/python3.12/site-packages/airflow/example_dags/example_dataset_alias.py for tasks to queue
[2025-02-06T16:36:25.723+0000] {logging_mixin.py:190} INFO - [2025-02-06T16:36:25.714+0000] {dagbag.py:588} INFO - Filling up the DagBag from /home/airflow/.local/lib/python3.12/site-packages/airflow/example_dags/example_dataset_alias.py
[2025-02-06T16:36:27.528+0000] {processor.py:925} INFO - DAG(s) 'dataset_s3_bucket_consumer', 'dataset_s3_bucket_producer', 'dataset_alias_example_alias_consumer', 'dataset_alias_example_alias_producer' retrieved from /home/airflow/.local/lib/python3.12/site-packages/airflow/example_dags/example_dataset_alias.py
[2025-02-06T16:36:27.696+0000] {logging_mixin.py:190} INFO - [2025-02-06T16:36:27.696+0000] {override.py:1911} INFO - Created Permission View: can edit on DAG:dataset_s3_bucket_consumer
[2025-02-06T16:36:27.715+0000] {logging_mixin.py:190} INFO - [2025-02-06T16:36:27.715+0000] {override.py:1911} INFO - Created Permission View: can delete on DAG:dataset_s3_bucket_consumer
[2025-02-06T16:36:27.732+0000] {logging_mixin.py:190} INFO - [2025-02-06T16:36:27.731+0000] {override.py:1911} INFO - Created Permission View: can read on DAG:dataset_s3_bucket_consumer
[2025-02-06T16:36:27.743+0000] {logging_mixin.py:190} INFO - [2025-02-06T16:36:27.743+0000] {override.py:1911} INFO - Created Permission View: menu access on DAG Run:dataset_s3_bucket_consumer
[2025-02-06T16:36:27.752+0000] {logging_mixin.py:190} INFO - [2025-02-06T16:36:27.752+0000] {override.py:1911} INFO - Created Permission View: can create on DAG Run:dataset_s3_bucket_consumer
[2025-02-06T16:36:27.764+0000] {logging_mixin.py:190} INFO - [2025-02-06T16:36:27.764+0000] {override.py:1911} INFO - Created Permission View: can delete on DAG Run:dataset_s3_bucket_consumer
[2025-02-06T16:36:27.773+0000] {logging_mixin.py:190} INFO - [2025-02-06T16:36:27.773+0000] {override.py:1911} INFO - Created Permission View: can read on DAG Run:dataset_s3_bucket_consumer
[2025-02-06T16:36:27.795+0000] {logging_mixin.py:190} INFO - [2025-02-06T16:36:27.795+0000] {override.py:1911} INFO - Created Permission View: can edit on DAG:dataset_s3_bucket_producer
[2025-02-06T16:36:27.805+0000] {logging_mixin.py:190} INFO - [2025-02-06T16:36:27.805+0000] {override.py:1911} INFO - Created Permission View: can delete on DAG:dataset_s3_bucket_producer
[2025-02-06T16:36:27.814+0000] {logging_mixin.py:190} INFO - [2025-02-06T16:36:27.814+0000] {override.py:1911} INFO - Created Permission View: can read on DAG:dataset_s3_bucket_producer
[2025-02-06T16:36:27.829+0000] {logging_mixin.py:190} INFO - [2025-02-06T16:36:27.824+0000] {override.py:1911} INFO - Created Permission View: menu access on DAG Run:dataset_s3_bucket_producer
[2025-02-06T16:36:27.838+0000] {logging_mixin.py:190} INFO - [2025-02-06T16:36:27.838+0000] {override.py:1911} INFO - Created Permission View: can create on DAG Run:dataset_s3_bucket_producer
[2025-02-06T16:36:27.850+0000] {logging_mixin.py:190} INFO - [2025-02-06T16:36:27.850+0000] {override.py:1911} INFO - Created Permission View: can delete on DAG Run:dataset_s3_bucket_producer
[2025-02-06T16:36:27.859+0000] {logging_mixin.py:190} INFO - [2025-02-06T16:36:27.858+0000] {override.py:1911} INFO - Created Permission View: can read on DAG Run:dataset_s3_bucket_producer
[2025-02-06T16:36:27.893+0000] {logging_mixin.py:190} INFO - [2025-02-06T16:36:27.892+0000] {override.py:1911} INFO - Created Permission View: can edit on DAG:dataset_alias_example_alias_consumer
[2025-02-06T16:36:27.901+0000] {logging_mixin.py:190} INFO - [2025-02-06T16:36:27.901+0000] {override.py:1911} INFO - Created Permission View: can delete on DAG:dataset_alias_example_alias_consumer
[2025-02-06T16:36:27.914+0000] {logging_mixin.py:190} INFO - [2025-02-06T16:36:27.909+0000] {override.py:1911} INFO - Created Permission View: can read on DAG:dataset_alias_example_alias_consumer
[2025-02-06T16:36:27.924+0000] {logging_mixin.py:190} INFO - [2025-02-06T16:36:27.924+0000] {override.py:1911} INFO - Created Permission View: menu access on DAG Run:dataset_alias_example_alias_consumer
[2025-02-06T16:36:27.937+0000] {logging_mixin.py:190} INFO - [2025-02-06T16:36:27.937+0000] {override.py:1911} INFO - Created Permission View: can create on DAG Run:dataset_alias_example_alias_consumer
[2025-02-06T16:36:27.946+0000] {logging_mixin.py:190} INFO - [2025-02-06T16:36:27.946+0000] {override.py:1911} INFO - Created Permission View: can delete on DAG Run:dataset_alias_example_alias_consumer
[2025-02-06T16:36:27.959+0000] {logging_mixin.py:190} INFO - [2025-02-06T16:36:27.959+0000] {override.py:1911} INFO - Created Permission View: can read on DAG Run:dataset_alias_example_alias_consumer
[2025-02-06T16:36:27.982+0000] {logging_mixin.py:190} INFO - [2025-02-06T16:36:27.982+0000] {override.py:1911} INFO - Created Permission View: can edit on DAG:dataset_alias_example_alias_producer
[2025-02-06T16:36:27.991+0000] {logging_mixin.py:190} INFO - [2025-02-06T16:36:27.991+0000] {override.py:1911} INFO - Created Permission View: can delete on DAG:dataset_alias_example_alias_producer
[2025-02-06T16:36:28.032+0000] {logging_mixin.py:190} INFO - [2025-02-06T16:36:28.032+0000] {override.py:1911} INFO - Created Permission View: can read on DAG:dataset_alias_example_alias_producer
[2025-02-06T16:36:28.045+0000] {logging_mixin.py:190} INFO - [2025-02-06T16:36:28.044+0000] {override.py:1911} INFO - Created Permission View: menu access on DAG Run:dataset_alias_example_alias_producer
[2025-02-06T16:36:28.054+0000] {logging_mixin.py:190} INFO - [2025-02-06T16:36:28.054+0000] {override.py:1911} INFO - Created Permission View: can create on DAG Run:dataset_alias_example_alias_producer
[2025-02-06T16:36:28.063+0000] {logging_mixin.py:190} INFO - [2025-02-06T16:36:28.063+0000] {override.py:1911} INFO - Created Permission View: can delete on DAG Run:dataset_alias_example_alias_producer
[2025-02-06T16:36:28.072+0000] {logging_mixin.py:190} INFO - [2025-02-06T16:36:28.071+0000] {override.py:1911} INFO - Created Permission View: can read on DAG Run:dataset_alias_example_alias_producer
[2025-02-06T16:36:28.073+0000] {logging_mixin.py:190} INFO - [2025-02-06T16:36:28.072+0000] {dag.py:3239} INFO - Sync 4 DAGs
[2025-02-06T16:36:28.089+0000] {logging_mixin.py:190} INFO - [2025-02-06T16:36:28.089+0000] {dag.py:3262} INFO - Creating ORM DAG for dataset_s3_bucket_producer
[2025-02-06T16:36:28.091+0000] {logging_mixin.py:190} INFO - [2025-02-06T16:36:28.090+0000] {dag.py:3262} INFO - Creating ORM DAG for dataset_s3_bucket_consumer
[2025-02-06T16:36:28.092+0000] {logging_mixin.py:190} INFO - [2025-02-06T16:36:28.091+0000] {dag.py:3262} INFO - Creating ORM DAG for dataset_alias_example_alias_producer
[2025-02-06T16:36:28.093+0000] {logging_mixin.py:190} INFO - [2025-02-06T16:36:28.092+0000] {dag.py:3262} INFO - Creating ORM DAG for dataset_alias_example_alias_consumer
[2025-02-06T16:36:28.105+0000] {logging_mixin.py:190} INFO - [2025-02-06T16:36:28.105+0000] {dag.py:4180} INFO - Setting next_dagrun for dataset_alias_example_alias_consumer to None, run_after=None
[2025-02-06T16:36:28.106+0000] {logging_mixin.py:190} INFO - [2025-02-06T16:36:28.106+0000] {dag.py:4180} INFO - Setting next_dagrun for dataset_alias_example_alias_producer to None, run_after=None
[2025-02-06T16:36:28.107+0000] {logging_mixin.py:190} INFO - [2025-02-06T16:36:28.107+0000] {dag.py:4180} INFO - Setting next_dagrun for dataset_s3_bucket_consumer to None, run_after=None
[2025-02-06T16:36:28.108+0000] {logging_mixin.py:190} INFO - [2025-02-06T16:36:28.108+0000] {dag.py:4180} INFO - Setting next_dagrun for dataset_s3_bucket_producer to None, run_after=None
[2025-02-06T16:36:28.148+0000] {processor.py:208} INFO - Processing /home/airflow/.local/lib/python3.12/site-packages/airflow/example_dags/example_dataset_alias.py took 2.460 seconds
[2025-02-06T16:36:58.855+0000] {processor.py:186} INFO - Started process (PID=107) to work on /home/airflow/.local/lib/python3.12/site-packages/airflow/example_dags/example_dataset_alias.py
[2025-02-06T16:36:58.857+0000] {processor.py:914} INFO - Processing file /home/airflow/.local/lib/python3.12/site-packages/airflow/example_dags/example_dataset_alias.py for tasks to queue
[2025-02-06T16:36:58.860+0000] {logging_mixin.py:190} INFO - [2025-02-06T16:36:58.859+0000] {dagbag.py:588} INFO - Filling up the DagBag from /home/airflow/.local/lib/python3.12/site-packages/airflow/example_dags/example_dataset_alias.py
[2025-02-06T16:36:59.655+0000] {processor.py:925} INFO - DAG(s) 'dataset_s3_bucket_producer', 'dataset_s3_bucket_consumer', 'dataset_alias_example_alias_producer', 'dataset_alias_example_alias_consumer' retrieved from /home/airflow/.local/lib/python3.12/site-packages/airflow/example_dags/example_dataset_alias.py
[2025-02-06T16:36:59.683+0000] {logging_mixin.py:190} INFO - [2025-02-06T16:36:59.681+0000] {dag.py:3239} INFO - Sync 4 DAGs
[2025-02-06T16:36:59.709+0000] {logging_mixin.py:190} INFO - [2025-02-06T16:36:59.709+0000] {dag.py:4180} INFO - Setting next_dagrun for dataset_alias_example_alias_consumer to None, run_after=None
[2025-02-06T16:36:59.713+0000] {logging_mixin.py:190} INFO - [2025-02-06T16:36:59.713+0000] {dag.py:4180} INFO - Setting next_dagrun for dataset_alias_example_alias_producer to None, run_after=None
[2025-02-06T16:36:59.715+0000] {logging_mixin.py:190} INFO - [2025-02-06T16:36:59.715+0000] {dag.py:4180} INFO - Setting next_dagrun for dataset_s3_bucket_consumer to None, run_after=None
[2025-02-06T16:36:59.717+0000] {logging_mixin.py:190} INFO - [2025-02-06T16:36:59.717+0000] {dag.py:4180} INFO - Setting next_dagrun for dataset_s3_bucket_producer to None, run_after=None
[2025-02-06T16:36:59.744+0000] {processor.py:208} INFO - Processing /home/airflow/.local/lib/python3.12/site-packages/airflow/example_dags/example_dataset_alias.py took 0.895 seconds
[2025-02-06T16:37:30.309+0000] {processor.py:186} INFO - Started process (PID=165) to work on /home/airflow/.local/lib/python3.12/site-packages/airflow/example_dags/example_dataset_alias.py
[2025-02-06T16:37:30.310+0000] {processor.py:914} INFO - Processing file /home/airflow/.local/lib/python3.12/site-packages/airflow/example_dags/example_dataset_alias.py for tasks to queue
[2025-02-06T16:37:30.313+0000] {logging_mixin.py:190} INFO - [2025-02-06T16:37:30.313+0000] {dagbag.py:588} INFO - Filling up the DagBag from /home/airflow/.local/lib/python3.12/site-packages/airflow/example_dags/example_dataset_alias.py
[2025-02-06T16:37:31.101+0000] {processor.py:925} INFO - DAG(s) 'dataset_s3_bucket_producer', 'dataset_s3_bucket_consumer', 'dataset_alias_example_alias_producer', 'dataset_alias_example_alias_consumer' retrieved from /home/airflow/.local/lib/python3.12/site-packages/airflow/example_dags/example_dataset_alias.py
[2025-02-06T16:37:31.128+0000] {logging_mixin.py:190} INFO - [2025-02-06T16:37:31.127+0000] {dag.py:3239} INFO - Sync 4 DAGs
[2025-02-06T16:37:31.159+0000] {logging_mixin.py:190} INFO - [2025-02-06T16:37:31.159+0000] {dag.py:4180} INFO - Setting next_dagrun for dataset_alias_example_alias_consumer to None, run_after=None
[2025-02-06T16:37:31.163+0000] {logging_mixin.py:190} INFO - [2025-02-06T16:37:31.163+0000] {dag.py:4180} INFO - Setting next_dagrun for dataset_alias_example_alias_producer to None, run_after=None
[2025-02-06T16:37:31.165+0000] {logging_mixin.py:190} INFO - [2025-02-06T16:37:31.165+0000] {dag.py:4180} INFO - Setting next_dagrun for dataset_s3_bucket_consumer to None, run_after=None
[2025-02-06T16:37:31.167+0000] {logging_mixin.py:190} INFO - [2025-02-06T16:37:31.167+0000] {dag.py:4180} INFO - Setting next_dagrun for dataset_s3_bucket_producer to None, run_after=None
[2025-02-06T16:37:31.192+0000] {processor.py:208} INFO - Processing /home/airflow/.local/lib/python3.12/site-packages/airflow/example_dags/example_dataset_alias.py took 0.891 seconds
[2025-02-06T16:38:01.310+0000] {processor.py:186} INFO - Started process (PID=226) to work on /home/airflow/.local/lib/python3.12/site-packages/airflow/example_dags/example_dataset_alias.py
[2025-02-06T16:38:01.311+0000] {processor.py:914} INFO - Processing file /home/airflow/.local/lib/python3.12/site-packages/airflow/example_dags/example_dataset_alias.py for tasks to queue
[2025-02-06T16:38:01.314+0000] {logging_mixin.py:190} INFO - [2025-02-06T16:38:01.314+0000] {dagbag.py:588} INFO - Filling up the DagBag from /home/airflow/.local/lib/python3.12/site-packages/airflow/example_dags/example_dataset_alias.py
[2025-02-06T16:38:02.377+0000] {processor.py:925} INFO - DAG(s) 'dataset_alias_example_alias_producer', 'dataset_s3_bucket_consumer', 'dataset_alias_example_alias_consumer', 'dataset_s3_bucket_producer' retrieved from /home/airflow/.local/lib/python3.12/site-packages/airflow/example_dags/example_dataset_alias.py
[2025-02-06T16:38:02.403+0000] {logging_mixin.py:190} INFO - [2025-02-06T16:38:02.402+0000] {dag.py:3239} INFO - Sync 4 DAGs
[2025-02-06T16:38:02.433+0000] {logging_mixin.py:190} INFO - [2025-02-06T16:38:02.433+0000] {dag.py:4180} INFO - Setting next_dagrun for dataset_alias_example_alias_consumer to None, run_after=None
[2025-02-06T16:38:02.437+0000] {logging_mixin.py:190} INFO - [2025-02-06T16:38:02.436+0000] {dag.py:4180} INFO - Setting next_dagrun for dataset_alias_example_alias_producer to None, run_after=None
[2025-02-06T16:38:02.439+0000] {logging_mixin.py:190} INFO - [2025-02-06T16:38:02.438+0000] {dag.py:4180} INFO - Setting next_dagrun for dataset_s3_bucket_consumer to None, run_after=None
[2025-02-06T16:38:02.441+0000] {logging_mixin.py:190} INFO - [2025-02-06T16:38:02.440+0000] {dag.py:4180} INFO - Setting next_dagrun for dataset_s3_bucket_producer to None, run_after=None
[2025-02-06T16:38:02.474+0000] {processor.py:208} INFO - Processing /home/airflow/.local/lib/python3.12/site-packages/airflow/example_dags/example_dataset_alias.py took 1.172 seconds
[2025-02-06T16:38:32.571+0000] {processor.py:186} INFO - Started process (PID=283) to work on /home/airflow/.local/lib/python3.12/site-packages/airflow/example_dags/example_dataset_alias.py
[2025-02-06T16:38:32.572+0000] {processor.py:914} INFO - Processing file /home/airflow/.local/lib/python3.12/site-packages/airflow/example_dags/example_dataset_alias.py for tasks to queue
[2025-02-06T16:38:32.575+0000] {logging_mixin.py:190} INFO - [2025-02-06T16:38:32.575+0000] {dagbag.py:588} INFO - Filling up the DagBag from /home/airflow/.local/lib/python3.12/site-packages/airflow/example_dags/example_dataset_alias.py
[2025-02-06T16:38:33.285+0000] {processor.py:925} INFO - DAG(s) 'dataset_s3_bucket_producer', 'dataset_alias_example_alias_producer', 'dataset_alias_example_alias_consumer', 'dataset_s3_bucket_consumer' retrieved from /home/airflow/.local/lib/python3.12/site-packages/airflow/example_dags/example_dataset_alias.py
[2025-02-06T16:38:33.310+0000] {logging_mixin.py:190} INFO - [2025-02-06T16:38:33.309+0000] {dag.py:3239} INFO - Sync 4 DAGs
[2025-02-06T16:38:33.337+0000] {logging_mixin.py:190} INFO - [2025-02-06T16:38:33.337+0000] {dag.py:4180} INFO - Setting next_dagrun for dataset_alias_example_alias_consumer to None, run_after=None
[2025-02-06T16:38:33.341+0000] {logging_mixin.py:190} INFO - [2025-02-06T16:38:33.341+0000] {dag.py:4180} INFO - Setting next_dagrun for dataset_alias_example_alias_producer to None, run_after=None
[2025-02-06T16:38:33.343+0000] {logging_mixin.py:190} INFO - [2025-02-06T16:38:33.343+0000] {dag.py:4180} INFO - Setting next_dagrun for dataset_s3_bucket_consumer to None, run_after=None
[2025-02-06T16:38:33.345+0000] {logging_mixin.py:190} INFO - [2025-02-06T16:38:33.345+0000] {dag.py:4180} INFO - Setting next_dagrun for dataset_s3_bucket_producer to None, run_after=None
[2025-02-06T16:38:33.375+0000] {processor.py:208} INFO - Processing /home/airflow/.local/lib/python3.12/site-packages/airflow/example_dags/example_dataset_alias.py took 0.811 seconds
[2025-02-06T16:39:03.517+0000] {processor.py:186} INFO - Started process (PID=340) to work on /home/airflow/.local/lib/python3.12/site-packages/airflow/example_dags/example_dataset_alias.py
[2025-02-06T16:39:03.518+0000] {processor.py:914} INFO - Processing file /home/airflow/.local/lib/python3.12/site-packages/airflow/example_dags/example_dataset_alias.py for tasks to queue
[2025-02-06T16:39:03.521+0000] {logging_mixin.py:190} INFO - [2025-02-06T16:39:03.520+0000] {dagbag.py:588} INFO - Filling up the DagBag from /home/airflow/.local/lib/python3.12/site-packages/airflow/example_dags/example_dataset_alias.py
[2025-02-06T16:39:04.299+0000] {processor.py:925} INFO - DAG(s) 'dataset_s3_bucket_producer', 'dataset_alias_example_alias_producer', 'dataset_s3_bucket_consumer', 'dataset_alias_example_alias_consumer' retrieved from /home/airflow/.local/lib/python3.12/site-packages/airflow/example_dags/example_dataset_alias.py
[2025-02-06T16:39:04.328+0000] {logging_mixin.py:190} INFO - [2025-02-06T16:39:04.327+0000] {dag.py:3239} INFO - Sync 4 DAGs
[2025-02-06T16:39:04.360+0000] {logging_mixin.py:190} INFO - [2025-02-06T16:39:04.360+0000] {dag.py:4180} INFO - Setting next_dagrun for dataset_alias_example_alias_consumer to None, run_after=None
[2025-02-06T16:39:04.366+0000] {logging_mixin.py:190} INFO - [2025-02-06T16:39:04.365+0000] {dag.py:4180} INFO - Setting next_dagrun for dataset_alias_example_alias_producer to None, run_after=None
[2025-02-06T16:39:04.372+0000] {logging_mixin.py:190} INFO - [2025-02-06T16:39:04.371+0000] {dag.py:4180} INFO - Setting next_dagrun for dataset_s3_bucket_consumer to None, run_after=None
[2025-02-06T16:39:04.376+0000] {logging_mixin.py:190} INFO - [2025-02-06T16:39:04.376+0000] {dag.py:4180} INFO - Setting next_dagrun for dataset_s3_bucket_producer to None, run_after=None
[2025-02-06T16:39:04.404+0000] {processor.py:208} INFO - Processing /home/airflow/.local/lib/python3.12/site-packages/airflow/example_dags/example_dataset_alias.py took 0.897 seconds
[2025-02-06T16:39:34.468+0000] {processor.py:186} INFO - Started process (PID=401) to work on /home/airflow/.local/lib/python3.12/site-packages/airflow/example_dags/example_dataset_alias.py
[2025-02-06T16:39:34.469+0000] {processor.py:914} INFO - Processing file /home/airflow/.local/lib/python3.12/site-packages/airflow/example_dags/example_dataset_alias.py for tasks to queue
[2025-02-06T16:39:34.472+0000] {logging_mixin.py:190} INFO - [2025-02-06T16:39:34.472+0000] {dagbag.py:588} INFO - Filling up the DagBag from /home/airflow/.local/lib/python3.12/site-packages/airflow/example_dags/example_dataset_alias.py
[2025-02-06T16:39:35.248+0000] {processor.py:925} INFO - DAG(s) 'dataset_s3_bucket_consumer', 'dataset_s3_bucket_producer', 'dataset_alias_example_alias_consumer', 'dataset_alias_example_alias_producer' retrieved from /home/airflow/.local/lib/python3.12/site-packages/airflow/example_dags/example_dataset_alias.py
[2025-02-06T16:39:35.277+0000] {logging_mixin.py:190} INFO - [2025-02-06T16:39:35.276+0000] {dag.py:3239} INFO - Sync 4 DAGs
[2025-02-06T16:39:35.311+0000] {logging_mixin.py:190} INFO - [2025-02-06T16:39:35.310+0000] {dag.py:4180} INFO - Setting next_dagrun for dataset_alias_example_alias_consumer to None, run_after=None
[2025-02-06T16:39:35.315+0000] {logging_mixin.py:190} INFO - [2025-02-06T16:39:35.315+0000] {dag.py:4180} INFO - Setting next_dagrun for dataset_alias_example_alias_producer to None, run_after=None
[2025-02-06T16:39:35.318+0000] {logging_mixin.py:190} INFO - [2025-02-06T16:39:35.318+0000] {dag.py:4180} INFO - Setting next_dagrun for dataset_s3_bucket_consumer to None, run_after=None
[2025-02-06T16:39:35.321+0000] {logging_mixin.py:190} INFO - [2025-02-06T16:39:35.320+0000] {dag.py:4180} INFO - Setting next_dagrun for dataset_s3_bucket_producer to None, run_after=None
[2025-02-06T16:39:35.356+0000] {processor.py:208} INFO - Processing /home/airflow/.local/lib/python3.12/site-packages/airflow/example_dags/example_dataset_alias.py took 0.896 seconds
[2025-02-06T16:40:06.209+0000] {processor.py:186} INFO - Started process (PID=460) to work on /home/airflow/.local/lib/python3.12/site-packages/airflow/example_dags/example_dataset_alias.py
[2025-02-06T16:40:06.210+0000] {processor.py:914} INFO - Processing file /home/airflow/.local/lib/python3.12/site-packages/airflow/example_dags/example_dataset_alias.py for tasks to queue
[2025-02-06T16:40:06.213+0000] {logging_mixin.py:190} INFO - [2025-02-06T16:40:06.213+0000] {dagbag.py:588} INFO - Filling up the DagBag from /home/airflow/.local/lib/python3.12/site-packages/airflow/example_dags/example_dataset_alias.py
[2025-02-06T16:40:06.965+0000] {processor.py:925} INFO - DAG(s) 'dataset_s3_bucket_producer', 'dataset_s3_bucket_consumer', 'dataset_alias_example_alias_producer', 'dataset_alias_example_alias_consumer' retrieved from /home/airflow/.local/lib/python3.12/site-packages/airflow/example_dags/example_dataset_alias.py
[2025-02-06T16:40:06.998+0000] {logging_mixin.py:190} INFO - [2025-02-06T16:40:06.998+0000] {dag.py:3239} INFO - Sync 4 DAGs
[2025-02-06T16:40:07.028+0000] {logging_mixin.py:190} INFO - [2025-02-06T16:40:07.028+0000] {dag.py:4180} INFO - Setting next_dagrun for dataset_alias_example_alias_consumer to None, run_after=None
[2025-02-06T16:40:07.032+0000] {logging_mixin.py:190} INFO - [2025-02-06T16:40:07.032+0000] {dag.py:4180} INFO - Setting next_dagrun for dataset_alias_example_alias_producer to None, run_after=None
[2025-02-06T16:40:07.034+0000] {logging_mixin.py:190} INFO - [2025-02-06T16:40:07.034+0000] {dag.py:4180} INFO - Setting next_dagrun for dataset_s3_bucket_consumer to None, run_after=None
[2025-02-06T16:40:07.036+0000] {logging_mixin.py:190} INFO - [2025-02-06T16:40:07.036+0000] {dag.py:4180} INFO - Setting next_dagrun for dataset_s3_bucket_producer to None, run_after=None
[2025-02-06T16:40:07.069+0000] {processor.py:208} INFO - Processing /home/airflow/.local/lib/python3.12/site-packages/airflow/example_dags/example_dataset_alias.py took 0.867 seconds
[2025-02-06T16:40:37.934+0000] {processor.py:186} INFO - Started process (PID=519) to work on /home/airflow/.local/lib/python3.12/site-packages/airflow/example_dags/example_dataset_alias.py
[2025-02-06T16:40:37.936+0000] {processor.py:914} INFO - Processing file /home/airflow/.local/lib/python3.12/site-packages/airflow/example_dags/example_dataset_alias.py for tasks to queue
[2025-02-06T16:40:37.938+0000] {logging_mixin.py:190} INFO - [2025-02-06T16:40:37.938+0000] {dagbag.py:588} INFO - Filling up the DagBag from /home/airflow/.local/lib/python3.12/site-packages/airflow/example_dags/example_dataset_alias.py
[2025-02-06T16:40:38.714+0000] {processor.py:925} INFO - DAG(s) 'dataset_alias_example_alias_consumer', 'dataset_alias_example_alias_producer', 'dataset_s3_bucket_producer', 'dataset_s3_bucket_consumer' retrieved from /home/airflow/.local/lib/python3.12/site-packages/airflow/example_dags/example_dataset_alias.py
[2025-02-06T16:40:38.741+0000] {logging_mixin.py:190} INFO - [2025-02-06T16:40:38.740+0000] {dag.py:3239} INFO - Sync 4 DAGs
[2025-02-06T16:40:38.771+0000] {logging_mixin.py:190} INFO - [2025-02-06T16:40:38.770+0000] {dag.py:4180} INFO - Setting next_dagrun for dataset_alias_example_alias_consumer to None, run_after=None
[2025-02-06T16:40:38.774+0000] {logging_mixin.py:190} INFO - [2025-02-06T16:40:38.774+0000] {dag.py:4180} INFO - Setting next_dagrun for dataset_alias_example_alias_producer to None, run_after=None
[2025-02-06T16:40:38.777+0000] {logging_mixin.py:190} INFO - [2025-02-06T16:40:38.776+0000] {dag.py:4180} INFO - Setting next_dagrun for dataset_s3_bucket_consumer to None, run_after=None
[2025-02-06T16:40:38.778+0000] {logging_mixin.py:190} INFO - [2025-02-06T16:40:38.778+0000] {dag.py:4180} INFO - Setting next_dagrun for dataset_s3_bucket_producer to None, run_after=None
[2025-02-06T16:40:38.807+0000] {processor.py:208} INFO - Processing /home/airflow/.local/lib/python3.12/site-packages/airflow/example_dags/example_dataset_alias.py took 0.880 seconds
[2025-02-06T16:41:09.096+0000] {processor.py:186} INFO - Started process (PID=576) to work on /home/airflow/.local/lib/python3.12/site-packages/airflow/example_dags/example_dataset_alias.py
[2025-02-06T16:41:09.097+0000] {processor.py:914} INFO - Processing file /home/airflow/.local/lib/python3.12/site-packages/airflow/example_dags/example_dataset_alias.py for tasks to queue
[2025-02-06T16:41:09.100+0000] {logging_mixin.py:190} INFO - [2025-02-06T16:41:09.100+0000] {dagbag.py:588} INFO - Filling up the DagBag from /home/airflow/.local/lib/python3.12/site-packages/airflow/example_dags/example_dataset_alias.py
[2025-02-06T16:41:09.952+0000] {processor.py:925} INFO - DAG(s) 'dataset_s3_bucket_producer', 'dataset_alias_example_alias_consumer', 'dataset_s3_bucket_consumer', 'dataset_alias_example_alias_producer' retrieved from /home/airflow/.local/lib/python3.12/site-packages/airflow/example_dags/example_dataset_alias.py
[2025-02-06T16:41:09.979+0000] {logging_mixin.py:190} INFO - [2025-02-06T16:41:09.978+0000] {dag.py:3239} INFO - Sync 4 DAGs
[2025-02-06T16:41:10.009+0000] {logging_mixin.py:190} INFO - [2025-02-06T16:41:10.009+0000] {dag.py:4180} INFO - Setting next_dagrun for dataset_alias_example_alias_consumer to None, run_after=None
[2025-02-06T16:41:10.013+0000] {logging_mixin.py:190} INFO - [2025-02-06T16:41:10.012+0000] {dag.py:4180} INFO - Setting next_dagrun for dataset_alias_example_alias_producer to None, run_after=None
[2025-02-06T16:41:10.015+0000] {logging_mixin.py:190} INFO - [2025-02-06T16:41:10.014+0000] {dag.py:4180} INFO - Setting next_dagrun for dataset_s3_bucket_consumer to None, run_after=None
[2025-02-06T16:41:10.016+0000] {logging_mixin.py:190} INFO - [2025-02-06T16:41:10.016+0000] {dag.py:4180} INFO - Setting next_dagrun for dataset_s3_bucket_producer to None, run_after=None
[2025-02-06T16:41:10.042+0000] {processor.py:208} INFO - Processing /home/airflow/.local/lib/python3.12/site-packages/airflow/example_dags/example_dataset_alias.py took 0.954 seconds
[2025-02-06T16:41:40.572+0000] {processor.py:186} INFO - Started process (PID=633) to work on /home/airflow/.local/lib/python3.12/site-packages/airflow/example_dags/example_dataset_alias.py
[2025-02-06T16:41:40.574+0000] {processor.py:914} INFO - Processing file /home/airflow/.local/lib/python3.12/site-packages/airflow/example_dags/example_dataset_alias.py for tasks to queue
[2025-02-06T16:41:40.577+0000] {logging_mixin.py:190} INFO - [2025-02-06T16:41:40.576+0000] {dagbag.py:588} INFO - Filling up the DagBag from /home/airflow/.local/lib/python3.12/site-packages/airflow/example_dags/example_dataset_alias.py
[2025-02-06T16:41:41.329+0000] {processor.py:925} INFO - DAG(s) 'dataset_alias_example_alias_consumer', 'dataset_s3_bucket_consumer', 'dataset_s3_bucket_producer', 'dataset_alias_example_alias_producer' retrieved from /home/airflow/.local/lib/python3.12/site-packages/airflow/example_dags/example_dataset_alias.py
[2025-02-06T16:41:41.355+0000] {logging_mixin.py:190} INFO - [2025-02-06T16:41:41.354+0000] {dag.py:3239} INFO - Sync 4 DAGs
[2025-02-06T16:41:41.386+0000] {logging_mixin.py:190} INFO - [2025-02-06T16:41:41.386+0000] {dag.py:4180} INFO - Setting next_dagrun for dataset_alias_example_alias_consumer to None, run_after=None
[2025-02-06T16:41:41.390+0000] {logging_mixin.py:190} INFO - [2025-02-06T16:41:41.390+0000] {dag.py:4180} INFO - Setting next_dagrun for dataset_alias_example_alias_producer to None, run_after=None
[2025-02-06T16:41:41.392+0000] {logging_mixin.py:190} INFO - [2025-02-06T16:41:41.392+0000] {dag.py:4180} INFO - Setting next_dagrun for dataset_s3_bucket_consumer to None, run_after=None
[2025-02-06T16:41:41.394+0000] {logging_mixin.py:190} INFO - [2025-02-06T16:41:41.394+0000] {dag.py:4180} INFO - Setting next_dagrun for dataset_s3_bucket_producer to None, run_after=None
[2025-02-06T16:41:41.425+0000] {processor.py:208} INFO - Processing /home/airflow/.local/lib/python3.12/site-packages/airflow/example_dags/example_dataset_alias.py took 0.862 seconds
[2025-02-06T16:42:11.581+0000] {processor.py:186} INFO - Started process (PID=690) to work on /home/airflow/.local/lib/python3.12/site-packages/airflow/example_dags/example_dataset_alias.py
[2025-02-06T16:42:11.582+0000] {processor.py:914} INFO - Processing file /home/airflow/.local/lib/python3.12/site-packages/airflow/example_dags/example_dataset_alias.py for tasks to queue
[2025-02-06T16:42:11.585+0000] {logging_mixin.py:190} INFO - [2025-02-06T16:42:11.585+0000] {dagbag.py:588} INFO - Filling up the DagBag from /home/airflow/.local/lib/python3.12/site-packages/airflow/example_dags/example_dataset_alias.py
[2025-02-06T16:42:12.620+0000] {processor.py:925} INFO - DAG(s) 'dataset_alias_example_alias_consumer', 'dataset_s3_bucket_consumer', 'dataset_alias_example_alias_producer', 'dataset_s3_bucket_producer' retrieved from /home/airflow/.local/lib/python3.12/site-packages/airflow/example_dags/example_dataset_alias.py
[2025-02-06T16:42:12.647+0000] {logging_mixin.py:190} INFO - [2025-02-06T16:42:12.646+0000] {dag.py:3239} INFO - Sync 4 DAGs
[2025-02-06T16:42:12.674+0000] {logging_mixin.py:190} INFO - [2025-02-06T16:42:12.674+0000] {dag.py:4180} INFO - Setting next_dagrun for dataset_alias_example_alias_consumer to None, run_after=None
[2025-02-06T16:42:12.678+0000] {logging_mixin.py:190} INFO - [2025-02-06T16:42:12.677+0000] {dag.py:4180} INFO - Setting next_dagrun for dataset_alias_example_alias_producer to None, run_after=None
[2025-02-06T16:42:12.680+0000] {logging_mixin.py:190} INFO - [2025-02-06T16:42:12.680+0000] {dag.py:4180} INFO - Setting next_dagrun for dataset_s3_bucket_consumer to None, run_after=None
[2025-02-06T16:42:12.682+0000] {logging_mixin.py:190} INFO - [2025-02-06T16:42:12.681+0000] {dag.py:4180} INFO - Setting next_dagrun for dataset_s3_bucket_producer to None, run_after=None
[2025-02-06T16:42:12.722+0000] {processor.py:208} INFO - Processing /home/airflow/.local/lib/python3.12/site-packages/airflow/example_dags/example_dataset_alias.py took 1.150 seconds
[2025-02-06T16:42:43.011+0000] {processor.py:186} INFO - Started process (PID=747) to work on /home/airflow/.local/lib/python3.12/site-packages/airflow/example_dags/example_dataset_alias.py
[2025-02-06T16:42:43.012+0000] {processor.py:914} INFO - Processing file /home/airflow/.local/lib/python3.12/site-packages/airflow/example_dags/example_dataset_alias.py for tasks to queue
[2025-02-06T16:42:43.016+0000] {logging_mixin.py:190} INFO - [2025-02-06T16:42:43.015+0000] {dagbag.py:588} INFO - Filling up the DagBag from /home/airflow/.local/lib/python3.12/site-packages/airflow/example_dags/example_dataset_alias.py
[2025-02-06T16:42:43.786+0000] {processor.py:925} INFO - DAG(s) 'dataset_s3_bucket_consumer', 'dataset_alias_example_alias_consumer', 'dataset_alias_example_alias_producer', 'dataset_s3_bucket_producer' retrieved from /home/airflow/.local/lib/python3.12/site-packages/airflow/example_dags/example_dataset_alias.py
[2025-02-06T16:42:43.813+0000] {logging_mixin.py:190} INFO - [2025-02-06T16:42:43.812+0000] {dag.py:3239} INFO - Sync 4 DAGs
[2025-02-06T16:42:43.841+0000] {logging_mixin.py:190} INFO - [2025-02-06T16:42:43.841+0000] {dag.py:4180} INFO - Setting next_dagrun for dataset_alias_example_alias_consumer to None, run_after=None
[2025-02-06T16:42:43.845+0000] {logging_mixin.py:190} INFO - [2025-02-06T16:42:43.844+0000] {dag.py:4180} INFO - Setting next_dagrun for dataset_alias_example_alias_producer to None, run_after=None
[2025-02-06T16:42:43.847+0000] {logging_mixin.py:190} INFO - [2025-02-06T16:42:43.847+0000] {dag.py:4180} INFO - Setting next_dagrun for dataset_s3_bucket_consumer to None, run_after=None
[2025-02-06T16:42:43.849+0000] {logging_mixin.py:190} INFO - [2025-02-06T16:42:43.848+0000] {dag.py:4180} INFO - Setting next_dagrun for dataset_s3_bucket_producer to None, run_after=None
[2025-02-06T16:42:43.883+0000] {processor.py:208} INFO - Processing /home/airflow/.local/lib/python3.12/site-packages/airflow/example_dags/example_dataset_alias.py took 0.880 seconds
[2025-02-06T16:43:14.829+0000] {processor.py:186} INFO - Started process (PID=804) to work on /home/airflow/.local/lib/python3.12/site-packages/airflow/example_dags/example_dataset_alias.py
[2025-02-06T16:43:14.830+0000] {processor.py:914} INFO - Processing file /home/airflow/.local/lib/python3.12/site-packages/airflow/example_dags/example_dataset_alias.py for tasks to queue
[2025-02-06T16:43:14.834+0000] {logging_mixin.py:190} INFO - [2025-02-06T16:43:14.834+0000] {dagbag.py:588} INFO - Filling up the DagBag from /home/airflow/.local/lib/python3.12/site-packages/airflow/example_dags/example_dataset_alias.py
[2025-02-06T16:43:15.741+0000] {processor.py:925} INFO - DAG(s) 'dataset_s3_bucket_consumer', 'dataset_s3_bucket_producer', 'dataset_alias_example_alias_consumer', 'dataset_alias_example_alias_producer' retrieved from /home/airflow/.local/lib/python3.12/site-packages/airflow/example_dags/example_dataset_alias.py
[2025-02-06T16:43:15.771+0000] {logging_mixin.py:190} INFO - [2025-02-06T16:43:15.771+0000] {dag.py:3239} INFO - Sync 4 DAGs
[2025-02-06T16:43:15.801+0000] {logging_mixin.py:190} INFO - [2025-02-06T16:43:15.801+0000] {dag.py:4180} INFO - Setting next_dagrun for dataset_alias_example_alias_consumer to None, run_after=None
[2025-02-06T16:43:15.805+0000] {logging_mixin.py:190} INFO - [2025-02-06T16:43:15.805+0000] {dag.py:4180} INFO - Setting next_dagrun for dataset_alias_example_alias_producer to None, run_after=None
[2025-02-06T16:43:15.808+0000] {logging_mixin.py:190} INFO - [2025-02-06T16:43:15.807+0000] {dag.py:4180} INFO - Setting next_dagrun for dataset_s3_bucket_consumer to None, run_after=None
[2025-02-06T16:43:15.810+0000] {logging_mixin.py:190} INFO - [2025-02-06T16:43:15.810+0000] {dag.py:4180} INFO - Setting next_dagrun for dataset_s3_bucket_producer to None, run_after=None
[2025-02-06T16:43:15.842+0000] {processor.py:208} INFO - Processing /home/airflow/.local/lib/python3.12/site-packages/airflow/example_dags/example_dataset_alias.py took 1.021 seconds
[2025-02-06T16:43:46.439+0000] {processor.py:186} INFO - Started process (PID=861) to work on /home/airflow/.local/lib/python3.12/site-packages/airflow/example_dags/example_dataset_alias.py
[2025-02-06T16:43:46.440+0000] {processor.py:914} INFO - Processing file /home/airflow/.local/lib/python3.12/site-packages/airflow/example_dags/example_dataset_alias.py for tasks to queue
[2025-02-06T16:43:46.443+0000] {logging_mixin.py:190} INFO - [2025-02-06T16:43:46.443+0000] {dagbag.py:588} INFO - Filling up the DagBag from /home/airflow/.local/lib/python3.12/site-packages/airflow/example_dags/example_dataset_alias.py
[2025-02-06T16:43:47.404+0000] {processor.py:925} INFO - DAG(s) 'dataset_alias_example_alias_consumer', 'dataset_alias_example_alias_producer', 'dataset_s3_bucket_producer', 'dataset_s3_bucket_consumer' retrieved from /home/airflow/.local/lib/python3.12/site-packages/airflow/example_dags/example_dataset_alias.py
[2025-02-06T16:43:47.435+0000] {logging_mixin.py:190} INFO - [2025-02-06T16:43:47.434+0000] {dag.py:3239} INFO - Sync 4 DAGs
[2025-02-06T16:43:47.465+0000] {logging_mixin.py:190} INFO - [2025-02-06T16:43:47.465+0000] {dag.py:4180} INFO - Setting next_dagrun for dataset_alias_example_alias_consumer to None, run_after=None
[2025-02-06T16:43:47.469+0000] {logging_mixin.py:190} INFO - [2025-02-06T16:43:47.469+0000] {dag.py:4180} INFO - Setting next_dagrun for dataset_alias_example_alias_producer to None, run_after=None
[2025-02-06T16:43:47.471+0000] {logging_mixin.py:190} INFO - [2025-02-06T16:43:47.471+0000] {dag.py:4180} INFO - Setting next_dagrun for dataset_s3_bucket_consumer to None, run_after=None
[2025-02-06T16:43:47.473+0000] {logging_mixin.py:190} INFO - [2025-02-06T16:43:47.472+0000] {dag.py:4180} INFO - Setting next_dagrun for dataset_s3_bucket_producer to None, run_after=None
[2025-02-06T16:43:47.498+0000] {processor.py:208} INFO - Processing /home/airflow/.local/lib/python3.12/site-packages/airflow/example_dags/example_dataset_alias.py took 1.067 seconds
[2025-02-06T16:44:17.743+0000] {processor.py:186} INFO - Started process (PID=918) to work on /home/airflow/.local/lib/python3.12/site-packages/airflow/example_dags/example_dataset_alias.py
[2025-02-06T16:44:17.744+0000] {processor.py:914} INFO - Processing file /home/airflow/.local/lib/python3.12/site-packages/airflow/example_dags/example_dataset_alias.py for tasks to queue
[2025-02-06T16:44:17.748+0000] {logging_mixin.py:190} INFO - [2025-02-06T16:44:17.747+0000] {dagbag.py:588} INFO - Filling up the DagBag from /home/airflow/.local/lib/python3.12/site-packages/airflow/example_dags/example_dataset_alias.py
[2025-02-06T16:44:18.508+0000] {processor.py:925} INFO - DAG(s) 'dataset_alias_example_alias_producer', 'dataset_alias_example_alias_consumer', 'dataset_s3_bucket_consumer', 'dataset_s3_bucket_producer' retrieved from /home/airflow/.local/lib/python3.12/site-packages/airflow/example_dags/example_dataset_alias.py
[2025-02-06T16:44:18.535+0000] {logging_mixin.py:190} INFO - [2025-02-06T16:44:18.534+0000] {dag.py:3239} INFO - Sync 4 DAGs
[2025-02-06T16:44:18.566+0000] {logging_mixin.py:190} INFO - [2025-02-06T16:44:18.566+0000] {dag.py:4180} INFO - Setting next_dagrun for dataset_alias_example_alias_consumer to None, run_after=None
[2025-02-06T16:44:18.574+0000] {logging_mixin.py:190} INFO - [2025-02-06T16:44:18.573+0000] {dag.py:4180} INFO - Setting next_dagrun for dataset_alias_example_alias_producer to None, run_after=None
[2025-02-06T16:44:18.579+0000] {logging_mixin.py:190} INFO - [2025-02-06T16:44:18.579+0000] {dag.py:4180} INFO - Setting next_dagrun for dataset_s3_bucket_consumer to None, run_after=None
[2025-02-06T16:44:18.582+0000] {logging_mixin.py:190} INFO - [2025-02-06T16:44:18.582+0000] {dag.py:4180} INFO - Setting next_dagrun for dataset_s3_bucket_producer to None, run_after=None
[2025-02-06T16:44:18.611+0000] {processor.py:208} INFO - Processing /home/airflow/.local/lib/python3.12/site-packages/airflow/example_dags/example_dataset_alias.py took 0.875 seconds
[2025-02-06T16:44:48.992+0000] {processor.py:186} INFO - Started process (PID=975) to work on /home/airflow/.local/lib/python3.12/site-packages/airflow/example_dags/example_dataset_alias.py
[2025-02-06T16:44:48.994+0000] {processor.py:914} INFO - Processing file /home/airflow/.local/lib/python3.12/site-packages/airflow/example_dags/example_dataset_alias.py for tasks to queue
[2025-02-06T16:44:49.010+0000] {logging_mixin.py:190} INFO - [2025-02-06T16:44:49.006+0000] {dagbag.py:588} INFO - Filling up the DagBag from /home/airflow/.local/lib/python3.12/site-packages/airflow/example_dags/example_dataset_alias.py
[2025-02-06T16:44:51.082+0000] {processor.py:925} INFO - DAG(s) 'dataset_s3_bucket_producer', 'dataset_alias_example_alias_producer', 'dataset_s3_bucket_consumer', 'dataset_alias_example_alias_consumer' retrieved from /home/airflow/.local/lib/python3.12/site-packages/airflow/example_dags/example_dataset_alias.py
[2025-02-06T16:44:51.172+0000] {logging_mixin.py:190} INFO - [2025-02-06T16:44:51.171+0000] {dag.py:3239} INFO - Sync 4 DAGs
[2025-02-06T16:44:51.260+0000] {logging_mixin.py:190} INFO - [2025-02-06T16:44:51.259+0000] {dag.py:4180} INFO - Setting next_dagrun for dataset_alias_example_alias_consumer to None, run_after=None
[2025-02-06T16:44:51.275+0000] {logging_mixin.py:190} INFO - [2025-02-06T16:44:51.274+0000] {dag.py:4180} INFO - Setting next_dagrun for dataset_alias_example_alias_producer to None, run_after=None
[2025-02-06T16:44:51.278+0000] {logging_mixin.py:190} INFO - [2025-02-06T16:44:51.278+0000] {dag.py:4180} INFO - Setting next_dagrun for dataset_s3_bucket_consumer to None, run_after=None
[2025-02-06T16:44:51.281+0000] {logging_mixin.py:190} INFO - [2025-02-06T16:44:51.281+0000] {dag.py:4180} INFO - Setting next_dagrun for dataset_s3_bucket_producer to None, run_after=None
[2025-02-06T16:44:51.383+0000] {processor.py:208} INFO - Processing /home/airflow/.local/lib/python3.12/site-packages/airflow/example_dags/example_dataset_alias.py took 2.402 seconds
[2025-02-06T16:45:22.244+0000] {processor.py:186} INFO - Started process (PID=1032) to work on /home/airflow/.local/lib/python3.12/site-packages/airflow/example_dags/example_dataset_alias.py
[2025-02-06T16:45:22.246+0000] {processor.py:914} INFO - Processing file /home/airflow/.local/lib/python3.12/site-packages/airflow/example_dags/example_dataset_alias.py for tasks to queue
[2025-02-06T16:45:22.257+0000] {logging_mixin.py:190} INFO - [2025-02-06T16:45:22.257+0000] {dagbag.py:588} INFO - Filling up the DagBag from /home/airflow/.local/lib/python3.12/site-packages/airflow/example_dags/example_dataset_alias.py
[2025-02-06T16:45:24.444+0000] {processor.py:925} INFO - DAG(s) 'dataset_s3_bucket_consumer', 'dataset_alias_example_alias_consumer', 'dataset_s3_bucket_producer', 'dataset_alias_example_alias_producer' retrieved from /home/airflow/.local/lib/python3.12/site-packages/airflow/example_dags/example_dataset_alias.py
[2025-02-06T16:45:24.489+0000] {logging_mixin.py:190} INFO - [2025-02-06T16:45:24.489+0000] {dag.py:3239} INFO - Sync 4 DAGs
[2025-02-06T16:45:24.534+0000] {logging_mixin.py:190} INFO - [2025-02-06T16:45:24.534+0000] {dag.py:4180} INFO - Setting next_dagrun for dataset_alias_example_alias_consumer to None, run_after=None
[2025-02-06T16:45:24.543+0000] {logging_mixin.py:190} INFO - [2025-02-06T16:45:24.542+0000] {dag.py:4180} INFO - Setting next_dagrun for dataset_alias_example_alias_producer to None, run_after=None
[2025-02-06T16:45:24.545+0000] {logging_mixin.py:190} INFO - [2025-02-06T16:45:24.545+0000] {dag.py:4180} INFO - Setting next_dagrun for dataset_s3_bucket_consumer to None, run_after=None
[2025-02-06T16:45:24.548+0000] {logging_mixin.py:190} INFO - [2025-02-06T16:45:24.547+0000] {dag.py:4180} INFO - Setting next_dagrun for dataset_s3_bucket_producer to None, run_after=None
[2025-02-06T16:45:24.593+0000] {processor.py:208} INFO - Processing /home/airflow/.local/lib/python3.12/site-packages/airflow/example_dags/example_dataset_alias.py took 2.367 seconds
[2025-02-06T16:45:55.189+0000] {processor.py:186} INFO - Started process (PID=1090) to work on /home/airflow/.local/lib/python3.12/site-packages/airflow/example_dags/example_dataset_alias.py
[2025-02-06T16:45:55.191+0000] {processor.py:914} INFO - Processing file /home/airflow/.local/lib/python3.12/site-packages/airflow/example_dags/example_dataset_alias.py for tasks to queue
[2025-02-06T16:45:55.195+0000] {logging_mixin.py:190} INFO - [2025-02-06T16:45:55.195+0000] {dagbag.py:588} INFO - Filling up the DagBag from /home/airflow/.local/lib/python3.12/site-packages/airflow/example_dags/example_dataset_alias.py
[2025-02-06T16:45:57.092+0000] {processor.py:925} INFO - DAG(s) 'dataset_alias_example_alias_consumer', 'dataset_s3_bucket_producer', 'dataset_alias_example_alias_producer', 'dataset_s3_bucket_consumer' retrieved from /home/airflow/.local/lib/python3.12/site-packages/airflow/example_dags/example_dataset_alias.py
[2025-02-06T16:45:57.128+0000] {logging_mixin.py:190} INFO - [2025-02-06T16:45:57.128+0000] {dag.py:3239} INFO - Sync 4 DAGs
[2025-02-06T16:45:57.161+0000] {logging_mixin.py:190} INFO - [2025-02-06T16:45:57.161+0000] {dag.py:4180} INFO - Setting next_dagrun for dataset_alias_example_alias_consumer to None, run_after=None
[2025-02-06T16:45:57.169+0000] {logging_mixin.py:190} INFO - [2025-02-06T16:45:57.169+0000] {dag.py:4180} INFO - Setting next_dagrun for dataset_alias_example_alias_producer to None, run_after=None
[2025-02-06T16:45:57.172+0000] {logging_mixin.py:190} INFO - [2025-02-06T16:45:57.171+0000] {dag.py:4180} INFO - Setting next_dagrun for dataset_s3_bucket_consumer to None, run_after=None
[2025-02-06T16:45:57.174+0000] {logging_mixin.py:190} INFO - [2025-02-06T16:45:57.173+0000] {dag.py:4180} INFO - Setting next_dagrun for dataset_s3_bucket_producer to None, run_after=None
[2025-02-06T16:45:57.204+0000] {processor.py:208} INFO - Processing /home/airflow/.local/lib/python3.12/site-packages/airflow/example_dags/example_dataset_alias.py took 2.027 seconds
[2025-02-06T16:46:29.626+0000] {processor.py:186} INFO - Started process (PID=1151) to work on /home/airflow/.local/lib/python3.12/site-packages/airflow/example_dags/example_dataset_alias.py
[2025-02-06T16:46:29.627+0000] {processor.py:914} INFO - Processing file /home/airflow/.local/lib/python3.12/site-packages/airflow/example_dags/example_dataset_alias.py for tasks to queue
[2025-02-06T16:46:29.630+0000] {logging_mixin.py:190} INFO - [2025-02-06T16:46:29.629+0000] {dagbag.py:588} INFO - Filling up the DagBag from /home/airflow/.local/lib/python3.12/site-packages/airflow/example_dags/example_dataset_alias.py
[2025-02-06T16:46:30.956+0000] {processor.py:925} INFO - DAG(s) 'dataset_s3_bucket_consumer', 'dataset_alias_example_alias_consumer', 'dataset_s3_bucket_producer', 'dataset_alias_example_alias_producer' retrieved from /home/airflow/.local/lib/python3.12/site-packages/airflow/example_dags/example_dataset_alias.py
[2025-02-06T16:46:31.001+0000] {logging_mixin.py:190} INFO - [2025-02-06T16:46:31.000+0000] {dag.py:3239} INFO - Sync 4 DAGs
[2025-02-06T16:46:31.041+0000] {logging_mixin.py:190} INFO - [2025-02-06T16:46:31.041+0000] {dag.py:4180} INFO - Setting next_dagrun for dataset_alias_example_alias_consumer to None, run_after=None
[2025-02-06T16:46:31.045+0000] {logging_mixin.py:190} INFO - [2025-02-06T16:46:31.045+0000] {dag.py:4180} INFO - Setting next_dagrun for dataset_alias_example_alias_producer to None, run_after=None
[2025-02-06T16:46:31.047+0000] {logging_mixin.py:190} INFO - [2025-02-06T16:46:31.047+0000] {dag.py:4180} INFO - Setting next_dagrun for dataset_s3_bucket_consumer to None, run_after=None
[2025-02-06T16:46:31.049+0000] {logging_mixin.py:190} INFO - [2025-02-06T16:46:31.048+0000] {dag.py:4180} INFO - Setting next_dagrun for dataset_s3_bucket_producer to None, run_after=None
[2025-02-06T16:46:31.077+0000] {processor.py:208} INFO - Processing /home/airflow/.local/lib/python3.12/site-packages/airflow/example_dags/example_dataset_alias.py took 1.459 seconds
[2025-02-06T16:47:01.216+0000] {processor.py:186} INFO - Started process (PID=1214) to work on /home/airflow/.local/lib/python3.12/site-packages/airflow/example_dags/example_dataset_alias.py
[2025-02-06T16:47:01.218+0000] {processor.py:914} INFO - Processing file /home/airflow/.local/lib/python3.12/site-packages/airflow/example_dags/example_dataset_alias.py for tasks to queue
[2025-02-06T16:47:01.233+0000] {logging_mixin.py:190} INFO - [2025-02-06T16:47:01.232+0000] {dagbag.py:588} INFO - Filling up the DagBag from /home/airflow/.local/lib/python3.12/site-packages/airflow/example_dags/example_dataset_alias.py
[2025-02-06T16:47:02.548+0000] {processor.py:925} INFO - DAG(s) 'dataset_s3_bucket_consumer', 'dataset_alias_example_alias_consumer', 'dataset_alias_example_alias_producer', 'dataset_s3_bucket_producer' retrieved from /home/airflow/.local/lib/python3.12/site-packages/airflow/example_dags/example_dataset_alias.py
[2025-02-06T16:47:02.609+0000] {logging_mixin.py:190} INFO - [2025-02-06T16:47:02.607+0000] {dag.py:3239} INFO - Sync 4 DAGs
[2025-02-06T16:47:02.672+0000] {logging_mixin.py:190} INFO - [2025-02-06T16:47:02.671+0000] {dag.py:4180} INFO - Setting next_dagrun for dataset_alias_example_alias_consumer to None, run_after=None
[2025-02-06T16:47:02.678+0000] {logging_mixin.py:190} INFO - [2025-02-06T16:47:02.678+0000] {dag.py:4180} INFO - Setting next_dagrun for dataset_alias_example_alias_producer to None, run_after=None
[2025-02-06T16:47:02.680+0000] {logging_mixin.py:190} INFO - [2025-02-06T16:47:02.680+0000] {dag.py:4180} INFO - Setting next_dagrun for dataset_s3_bucket_consumer to None, run_after=None
[2025-02-06T16:47:02.690+0000] {logging_mixin.py:190} INFO - [2025-02-06T16:47:02.689+0000] {dag.py:4180} INFO - Setting next_dagrun for dataset_s3_bucket_producer to None, run_after=None
[2025-02-06T16:47:02.756+0000] {processor.py:208} INFO - Processing /home/airflow/.local/lib/python3.12/site-packages/airflow/example_dags/example_dataset_alias.py took 1.565 seconds
[2025-02-06T16:47:33.757+0000] {processor.py:186} INFO - Started process (PID=1277) to work on /home/airflow/.local/lib/python3.12/site-packages/airflow/example_dags/example_dataset_alias.py
[2025-02-06T16:47:33.759+0000] {processor.py:914} INFO - Processing file /home/airflow/.local/lib/python3.12/site-packages/airflow/example_dags/example_dataset_alias.py for tasks to queue
[2025-02-06T16:47:33.761+0000] {logging_mixin.py:190} INFO - [2025-02-06T16:47:33.761+0000] {dagbag.py:588} INFO - Filling up the DagBag from /home/airflow/.local/lib/python3.12/site-packages/airflow/example_dags/example_dataset_alias.py
[2025-02-06T16:47:34.584+0000] {processor.py:925} INFO - DAG(s) 'dataset_alias_example_alias_producer', 'dataset_s3_bucket_producer', 'dataset_s3_bucket_consumer', 'dataset_alias_example_alias_consumer' retrieved from /home/airflow/.local/lib/python3.12/site-packages/airflow/example_dags/example_dataset_alias.py
[2025-02-06T16:47:34.613+0000] {logging_mixin.py:190} INFO - [2025-02-06T16:47:34.612+0000] {dag.py:3239} INFO - Sync 4 DAGs
[2025-02-06T16:47:34.649+0000] {logging_mixin.py:190} INFO - [2025-02-06T16:47:34.649+0000] {dag.py:4180} INFO - Setting next_dagrun for dataset_alias_example_alias_consumer to None, run_after=None
[2025-02-06T16:47:34.653+0000] {logging_mixin.py:190} INFO - [2025-02-06T16:47:34.653+0000] {dag.py:4180} INFO - Setting next_dagrun for dataset_alias_example_alias_producer to None, run_after=None
[2025-02-06T16:47:34.655+0000] {logging_mixin.py:190} INFO - [2025-02-06T16:47:34.655+0000] {dag.py:4180} INFO - Setting next_dagrun for dataset_s3_bucket_consumer to None, run_after=None
[2025-02-06T16:47:34.657+0000] {logging_mixin.py:190} INFO - [2025-02-06T16:47:34.656+0000] {dag.py:4180} INFO - Setting next_dagrun for dataset_s3_bucket_producer to None, run_after=None
[2025-02-06T16:47:34.682+0000] {processor.py:208} INFO - Processing /home/airflow/.local/lib/python3.12/site-packages/airflow/example_dags/example_dataset_alias.py took 0.917 seconds
[2025-02-06T16:48:05.109+0000] {processor.py:186} INFO - Started process (PID=1334) to work on /home/airflow/.local/lib/python3.12/site-packages/airflow/example_dags/example_dataset_alias.py
[2025-02-06T16:48:05.110+0000] {processor.py:914} INFO - Processing file /home/airflow/.local/lib/python3.12/site-packages/airflow/example_dags/example_dataset_alias.py for tasks to queue
[2025-02-06T16:48:05.120+0000] {logging_mixin.py:190} INFO - [2025-02-06T16:48:05.120+0000] {dagbag.py:588} INFO - Filling up the DagBag from /home/airflow/.local/lib/python3.12/site-packages/airflow/example_dags/example_dataset_alias.py
[2025-02-06T16:48:06.837+0000] {processor.py:925} INFO - DAG(s) 'dataset_alias_example_alias_consumer', 'dataset_s3_bucket_consumer', 'dataset_alias_example_alias_producer', 'dataset_s3_bucket_producer' retrieved from /home/airflow/.local/lib/python3.12/site-packages/airflow/example_dags/example_dataset_alias.py
[2025-02-06T16:48:06.983+0000] {logging_mixin.py:190} INFO - [2025-02-06T16:48:06.982+0000] {dag.py:3239} INFO - Sync 4 DAGs
[2025-02-06T16:48:07.154+0000] {logging_mixin.py:190} INFO - [2025-02-06T16:48:07.153+0000] {dag.py:4180} INFO - Setting next_dagrun for dataset_alias_example_alias_consumer to None, run_after=None
[2025-02-06T16:48:07.160+0000] {logging_mixin.py:190} INFO - [2025-02-06T16:48:07.160+0000] {dag.py:4180} INFO - Setting next_dagrun for dataset_alias_example_alias_producer to None, run_after=None
[2025-02-06T16:48:07.174+0000] {logging_mixin.py:190} INFO - [2025-02-06T16:48:07.173+0000] {dag.py:4180} INFO - Setting next_dagrun for dataset_s3_bucket_consumer to None, run_after=None
[2025-02-06T16:48:07.179+0000] {logging_mixin.py:190} INFO - [2025-02-06T16:48:07.178+0000] {dag.py:4180} INFO - Setting next_dagrun for dataset_s3_bucket_producer to None, run_after=None
[2025-02-06T16:48:07.306+0000] {processor.py:208} INFO - Processing /home/airflow/.local/lib/python3.12/site-packages/airflow/example_dags/example_dataset_alias.py took 2.209 seconds
[2025-02-06T16:48:38.144+0000] {processor.py:186} INFO - Started process (PID=1398) to work on /home/airflow/.local/lib/python3.12/site-packages/airflow/example_dags/example_dataset_alias.py
[2025-02-06T16:48:38.145+0000] {processor.py:914} INFO - Processing file /home/airflow/.local/lib/python3.12/site-packages/airflow/example_dags/example_dataset_alias.py for tasks to queue
[2025-02-06T16:48:38.148+0000] {logging_mixin.py:190} INFO - [2025-02-06T16:48:38.147+0000] {dagbag.py:588} INFO - Filling up the DagBag from /home/airflow/.local/lib/python3.12/site-packages/airflow/example_dags/example_dataset_alias.py
[2025-02-06T16:48:38.920+0000] {processor.py:925} INFO - DAG(s) 'dataset_s3_bucket_consumer', 'dataset_alias_example_alias_consumer', 'dataset_s3_bucket_producer', 'dataset_alias_example_alias_producer' retrieved from /home/airflow/.local/lib/python3.12/site-packages/airflow/example_dags/example_dataset_alias.py
[2025-02-06T16:48:38.948+0000] {logging_mixin.py:190} INFO - [2025-02-06T16:48:38.947+0000] {dag.py:3239} INFO - Sync 4 DAGs
[2025-02-06T16:48:38.977+0000] {logging_mixin.py:190} INFO - [2025-02-06T16:48:38.976+0000] {dag.py:4180} INFO - Setting next_dagrun for dataset_alias_example_alias_consumer to None, run_after=None
[2025-02-06T16:48:38.981+0000] {logging_mixin.py:190} INFO - [2025-02-06T16:48:38.980+0000] {dag.py:4180} INFO - Setting next_dagrun for dataset_alias_example_alias_producer to None, run_after=None
[2025-02-06T16:48:38.983+0000] {logging_mixin.py:190} INFO - [2025-02-06T16:48:38.983+0000] {dag.py:4180} INFO - Setting next_dagrun for dataset_s3_bucket_consumer to None, run_after=None
[2025-02-06T16:48:38.985+0000] {logging_mixin.py:190} INFO - [2025-02-06T16:48:38.985+0000] {dag.py:4180} INFO - Setting next_dagrun for dataset_s3_bucket_producer to None, run_after=None
[2025-02-06T16:48:39.015+0000] {processor.py:208} INFO - Processing /home/airflow/.local/lib/python3.12/site-packages/airflow/example_dags/example_dataset_alias.py took 0.879 seconds
[2025-02-06T16:49:09.775+0000] {processor.py:186} INFO - Started process (PID=1459) to work on /home/airflow/.local/lib/python3.12/site-packages/airflow/example_dags/example_dataset_alias.py
[2025-02-06T16:49:09.777+0000] {processor.py:914} INFO - Processing file /home/airflow/.local/lib/python3.12/site-packages/airflow/example_dags/example_dataset_alias.py for tasks to queue
[2025-02-06T16:49:09.784+0000] {logging_mixin.py:190} INFO - [2025-02-06T16:49:09.784+0000] {dagbag.py:588} INFO - Filling up the DagBag from /home/airflow/.local/lib/python3.12/site-packages/airflow/example_dags/example_dataset_alias.py
[2025-02-06T16:49:10.672+0000] {processor.py:925} INFO - DAG(s) 'dataset_alias_example_alias_consumer', 'dataset_s3_bucket_producer', 'dataset_s3_bucket_consumer', 'dataset_alias_example_alias_producer' retrieved from /home/airflow/.local/lib/python3.12/site-packages/airflow/example_dags/example_dataset_alias.py
[2025-02-06T16:49:10.700+0000] {logging_mixin.py:190} INFO - [2025-02-06T16:49:10.699+0000] {dag.py:3239} INFO - Sync 4 DAGs
[2025-02-06T16:49:10.729+0000] {logging_mixin.py:190} INFO - [2025-02-06T16:49:10.728+0000] {dag.py:4180} INFO - Setting next_dagrun for dataset_alias_example_alias_consumer to None, run_after=None
[2025-02-06T16:49:10.734+0000] {logging_mixin.py:190} INFO - [2025-02-06T16:49:10.734+0000] {dag.py:4180} INFO - Setting next_dagrun for dataset_alias_example_alias_producer to None, run_after=None
[2025-02-06T16:49:10.736+0000] {logging_mixin.py:190} INFO - [2025-02-06T16:49:10.736+0000] {dag.py:4180} INFO - Setting next_dagrun for dataset_s3_bucket_consumer to None, run_after=None
[2025-02-06T16:49:10.738+0000] {logging_mixin.py:190} INFO - [2025-02-06T16:49:10.738+0000] {dag.py:4180} INFO - Setting next_dagrun for dataset_s3_bucket_producer to None, run_after=None
[2025-02-06T16:49:10.772+0000] {processor.py:208} INFO - Processing /home/airflow/.local/lib/python3.12/site-packages/airflow/example_dags/example_dataset_alias.py took 1.005 seconds
[2025-02-06T16:49:41.052+0000] {processor.py:186} INFO - Started process (PID=1519) to work on /home/airflow/.local/lib/python3.12/site-packages/airflow/example_dags/example_dataset_alias.py
[2025-02-06T16:49:41.053+0000] {processor.py:914} INFO - Processing file /home/airflow/.local/lib/python3.12/site-packages/airflow/example_dags/example_dataset_alias.py for tasks to queue
[2025-02-06T16:49:41.056+0000] {logging_mixin.py:190} INFO - [2025-02-06T16:49:41.056+0000] {dagbag.py:588} INFO - Filling up the DagBag from /home/airflow/.local/lib/python3.12/site-packages/airflow/example_dags/example_dataset_alias.py
[2025-02-06T16:49:41.832+0000] {processor.py:925} INFO - DAG(s) 'dataset_s3_bucket_consumer', 'dataset_alias_example_alias_producer', 'dataset_s3_bucket_producer', 'dataset_alias_example_alias_consumer' retrieved from /home/airflow/.local/lib/python3.12/site-packages/airflow/example_dags/example_dataset_alias.py
[2025-02-06T16:49:41.872+0000] {logging_mixin.py:190} INFO - [2025-02-06T16:49:41.871+0000] {dag.py:3239} INFO - Sync 4 DAGs
[2025-02-06T16:49:41.907+0000] {logging_mixin.py:190} INFO - [2025-02-06T16:49:41.907+0000] {dag.py:4180} INFO - Setting next_dagrun for dataset_alias_example_alias_consumer to None, run_after=None
[2025-02-06T16:49:41.911+0000] {logging_mixin.py:190} INFO - [2025-02-06T16:49:41.911+0000] {dag.py:4180} INFO - Setting next_dagrun for dataset_alias_example_alias_producer to None, run_after=None
[2025-02-06T16:49:41.914+0000] {logging_mixin.py:190} INFO - [2025-02-06T16:49:41.913+0000] {dag.py:4180} INFO - Setting next_dagrun for dataset_s3_bucket_consumer to None, run_after=None
[2025-02-06T16:49:41.917+0000] {logging_mixin.py:190} INFO - [2025-02-06T16:49:41.916+0000] {dag.py:4180} INFO - Setting next_dagrun for dataset_s3_bucket_producer to None, run_after=None
[2025-02-06T16:49:41.964+0000] {processor.py:208} INFO - Processing /home/airflow/.local/lib/python3.12/site-packages/airflow/example_dags/example_dataset_alias.py took 0.924 seconds
[2025-02-06T16:50:12.101+0000] {processor.py:186} INFO - Started process (PID=1577) to work on /home/airflow/.local/lib/python3.12/site-packages/airflow/example_dags/example_dataset_alias.py
[2025-02-06T16:50:12.103+0000] {processor.py:914} INFO - Processing file /home/airflow/.local/lib/python3.12/site-packages/airflow/example_dags/example_dataset_alias.py for tasks to queue
[2025-02-06T16:50:12.106+0000] {logging_mixin.py:190} INFO - [2025-02-06T16:50:12.105+0000] {dagbag.py:588} INFO - Filling up the DagBag from /home/airflow/.local/lib/python3.12/site-packages/airflow/example_dags/example_dataset_alias.py
[2025-02-06T16:50:12.840+0000] {processor.py:925} INFO - DAG(s) 'dataset_alias_example_alias_consumer', 'dataset_s3_bucket_producer', 'dataset_alias_example_alias_producer', 'dataset_s3_bucket_consumer' retrieved from /home/airflow/.local/lib/python3.12/site-packages/airflow/example_dags/example_dataset_alias.py
[2025-02-06T16:50:12.868+0000] {logging_mixin.py:190} INFO - [2025-02-06T16:50:12.867+0000] {dag.py:3239} INFO - Sync 4 DAGs
[2025-02-06T16:50:12.896+0000] {logging_mixin.py:190} INFO - [2025-02-06T16:50:12.896+0000] {dag.py:4180} INFO - Setting next_dagrun for dataset_alias_example_alias_consumer to None, run_after=None
[2025-02-06T16:50:12.899+0000] {logging_mixin.py:190} INFO - [2025-02-06T16:50:12.899+0000] {dag.py:4180} INFO - Setting next_dagrun for dataset_alias_example_alias_producer to None, run_after=None
[2025-02-06T16:50:12.901+0000] {logging_mixin.py:190} INFO - [2025-02-06T16:50:12.901+0000] {dag.py:4180} INFO - Setting next_dagrun for dataset_s3_bucket_consumer to None, run_after=None
[2025-02-06T16:50:12.903+0000] {logging_mixin.py:190} INFO - [2025-02-06T16:50:12.903+0000] {dag.py:4180} INFO - Setting next_dagrun for dataset_s3_bucket_producer to None, run_after=None
[2025-02-06T16:50:12.930+0000] {processor.py:208} INFO - Processing /home/airflow/.local/lib/python3.12/site-packages/airflow/example_dags/example_dataset_alias.py took 0.836 seconds
[2025-02-06T16:50:43.341+0000] {processor.py:186} INFO - Started process (PID=1635) to work on /home/airflow/.local/lib/python3.12/site-packages/airflow/example_dags/example_dataset_alias.py
[2025-02-06T16:50:43.343+0000] {processor.py:914} INFO - Processing file /home/airflow/.local/lib/python3.12/site-packages/airflow/example_dags/example_dataset_alias.py for tasks to queue
[2025-02-06T16:50:43.346+0000] {logging_mixin.py:190} INFO - [2025-02-06T16:50:43.345+0000] {dagbag.py:588} INFO - Filling up the DagBag from /home/airflow/.local/lib/python3.12/site-packages/airflow/example_dags/example_dataset_alias.py
[2025-02-06T16:50:44.104+0000] {processor.py:925} INFO - DAG(s) 'dataset_alias_example_alias_consumer', 'dataset_s3_bucket_producer', 'dataset_s3_bucket_consumer', 'dataset_alias_example_alias_producer' retrieved from /home/airflow/.local/lib/python3.12/site-packages/airflow/example_dags/example_dataset_alias.py
[2025-02-06T16:50:44.129+0000] {logging_mixin.py:190} INFO - [2025-02-06T16:50:44.128+0000] {dag.py:3239} INFO - Sync 4 DAGs
[2025-02-06T16:50:44.159+0000] {logging_mixin.py:190} INFO - [2025-02-06T16:50:44.158+0000] {dag.py:4180} INFO - Setting next_dagrun for dataset_alias_example_alias_consumer to None, run_after=None
[2025-02-06T16:50:44.162+0000] {logging_mixin.py:190} INFO - [2025-02-06T16:50:44.162+0000] {dag.py:4180} INFO - Setting next_dagrun for dataset_alias_example_alias_producer to None, run_after=None
[2025-02-06T16:50:44.167+0000] {logging_mixin.py:190} INFO - [2025-02-06T16:50:44.167+0000] {dag.py:4180} INFO - Setting next_dagrun for dataset_s3_bucket_consumer to None, run_after=None
[2025-02-06T16:50:44.169+0000] {logging_mixin.py:190} INFO - [2025-02-06T16:50:44.169+0000] {dag.py:4180} INFO - Setting next_dagrun for dataset_s3_bucket_producer to None, run_after=None
[2025-02-06T16:50:44.197+0000] {processor.py:208} INFO - Processing /home/airflow/.local/lib/python3.12/site-packages/airflow/example_dags/example_dataset_alias.py took 0.863 seconds
[2025-02-06T16:51:14.428+0000] {processor.py:186} INFO - Started process (PID=1694) to work on /home/airflow/.local/lib/python3.12/site-packages/airflow/example_dags/example_dataset_alias.py
[2025-02-06T16:51:14.429+0000] {processor.py:914} INFO - Processing file /home/airflow/.local/lib/python3.12/site-packages/airflow/example_dags/example_dataset_alias.py for tasks to queue
[2025-02-06T16:51:14.432+0000] {logging_mixin.py:190} INFO - [2025-02-06T16:51:14.432+0000] {dagbag.py:588} INFO - Filling up the DagBag from /home/airflow/.local/lib/python3.12/site-packages/airflow/example_dags/example_dataset_alias.py
[2025-02-06T16:51:15.342+0000] {processor.py:925} INFO - DAG(s) 'dataset_s3_bucket_producer', 'dataset_alias_example_alias_producer', 'dataset_alias_example_alias_consumer', 'dataset_s3_bucket_consumer' retrieved from /home/airflow/.local/lib/python3.12/site-packages/airflow/example_dags/example_dataset_alias.py
[2025-02-06T16:51:15.369+0000] {logging_mixin.py:190} INFO - [2025-02-06T16:51:15.369+0000] {dag.py:3239} INFO - Sync 4 DAGs
[2025-02-06T16:51:15.401+0000] {logging_mixin.py:190} INFO - [2025-02-06T16:51:15.401+0000] {dag.py:4180} INFO - Setting next_dagrun for dataset_alias_example_alias_consumer to None, run_after=None
[2025-02-06T16:51:15.406+0000] {logging_mixin.py:190} INFO - [2025-02-06T16:51:15.405+0000] {dag.py:4180} INFO - Setting next_dagrun for dataset_alias_example_alias_producer to None, run_after=None
[2025-02-06T16:51:15.408+0000] {logging_mixin.py:190} INFO - [2025-02-06T16:51:15.407+0000] {dag.py:4180} INFO - Setting next_dagrun for dataset_s3_bucket_consumer to None, run_after=None
[2025-02-06T16:51:15.410+0000] {logging_mixin.py:190} INFO - [2025-02-06T16:51:15.409+0000] {dag.py:4180} INFO - Setting next_dagrun for dataset_s3_bucket_producer to None, run_after=None
[2025-02-06T16:51:15.441+0000] {processor.py:208} INFO - Processing /home/airflow/.local/lib/python3.12/site-packages/airflow/example_dags/example_dataset_alias.py took 1.020 seconds
[2025-02-06T16:51:45.994+0000] {processor.py:186} INFO - Started process (PID=1751) to work on /home/airflow/.local/lib/python3.12/site-packages/airflow/example_dags/example_dataset_alias.py
[2025-02-06T16:51:45.995+0000] {processor.py:914} INFO - Processing file /home/airflow/.local/lib/python3.12/site-packages/airflow/example_dags/example_dataset_alias.py for tasks to queue
[2025-02-06T16:51:45.998+0000] {logging_mixin.py:190} INFO - [2025-02-06T16:51:45.998+0000] {dagbag.py:588} INFO - Filling up the DagBag from /home/airflow/.local/lib/python3.12/site-packages/airflow/example_dags/example_dataset_alias.py
[2025-02-06T16:51:47.323+0000] {processor.py:925} INFO - DAG(s) 'dataset_alias_example_alias_producer', 'dataset_alias_example_alias_consumer', 'dataset_s3_bucket_consumer', 'dataset_s3_bucket_producer' retrieved from /home/airflow/.local/lib/python3.12/site-packages/airflow/example_dags/example_dataset_alias.py
[2025-02-06T16:51:47.357+0000] {logging_mixin.py:190} INFO - [2025-02-06T16:51:47.356+0000] {dag.py:3239} INFO - Sync 4 DAGs
[2025-02-06T16:51:47.394+0000] {logging_mixin.py:190} INFO - [2025-02-06T16:51:47.393+0000] {dag.py:4180} INFO - Setting next_dagrun for dataset_alias_example_alias_consumer to None, run_after=None
[2025-02-06T16:51:47.398+0000] {logging_mixin.py:190} INFO - [2025-02-06T16:51:47.397+0000] {dag.py:4180} INFO - Setting next_dagrun for dataset_alias_example_alias_producer to None, run_after=None
[2025-02-06T16:51:47.400+0000] {logging_mixin.py:190} INFO - [2025-02-06T16:51:47.400+0000] {dag.py:4180} INFO - Setting next_dagrun for dataset_s3_bucket_consumer to None, run_after=None
[2025-02-06T16:51:47.402+0000] {logging_mixin.py:190} INFO - [2025-02-06T16:51:47.402+0000] {dag.py:4180} INFO - Setting next_dagrun for dataset_s3_bucket_producer to None, run_after=None
[2025-02-06T16:51:47.432+0000] {processor.py:208} INFO - Processing /home/airflow/.local/lib/python3.12/site-packages/airflow/example_dags/example_dataset_alias.py took 1.446 seconds
[2025-02-06T16:52:18.156+0000] {processor.py:186} INFO - Started process (PID=1810) to work on /home/airflow/.local/lib/python3.12/site-packages/airflow/example_dags/example_dataset_alias.py
[2025-02-06T16:52:18.158+0000] {processor.py:914} INFO - Processing file /home/airflow/.local/lib/python3.12/site-packages/airflow/example_dags/example_dataset_alias.py for tasks to queue
[2025-02-06T16:52:18.162+0000] {logging_mixin.py:190} INFO - [2025-02-06T16:52:18.161+0000] {dagbag.py:588} INFO - Filling up the DagBag from /home/airflow/.local/lib/python3.12/site-packages/airflow/example_dags/example_dataset_alias.py
[2025-02-06T16:52:19.461+0000] {processor.py:925} INFO - DAG(s) 'dataset_alias_example_alias_consumer', 'dataset_s3_bucket_producer', 'dataset_s3_bucket_consumer', 'dataset_alias_example_alias_producer' retrieved from /home/airflow/.local/lib/python3.12/site-packages/airflow/example_dags/example_dataset_alias.py
[2025-02-06T16:52:19.498+0000] {logging_mixin.py:190} INFO - [2025-02-06T16:52:19.496+0000] {dag.py:3239} INFO - Sync 4 DAGs
[2025-02-06T16:52:19.552+0000] {logging_mixin.py:190} INFO - [2025-02-06T16:52:19.547+0000] {dag.py:4180} INFO - Setting next_dagrun for dataset_alias_example_alias_consumer to None, run_after=None
[2025-02-06T16:52:19.558+0000] {logging_mixin.py:190} INFO - [2025-02-06T16:52:19.558+0000] {dag.py:4180} INFO - Setting next_dagrun for dataset_alias_example_alias_producer to None, run_after=None
[2025-02-06T16:52:19.562+0000] {logging_mixin.py:190} INFO - [2025-02-06T16:52:19.561+0000] {dag.py:4180} INFO - Setting next_dagrun for dataset_s3_bucket_consumer to None, run_after=None
[2025-02-06T16:52:19.564+0000] {logging_mixin.py:190} INFO - [2025-02-06T16:52:19.564+0000] {dag.py:4180} INFO - Setting next_dagrun for dataset_s3_bucket_producer to None, run_after=None
[2025-02-06T16:52:19.660+0000] {processor.py:208} INFO - Processing /home/airflow/.local/lib/python3.12/site-packages/airflow/example_dags/example_dataset_alias.py took 1.518 seconds
[2025-02-06T16:52:50.405+0000] {processor.py:186} INFO - Started process (PID=1867) to work on /home/airflow/.local/lib/python3.12/site-packages/airflow/example_dags/example_dataset_alias.py
[2025-02-06T16:52:50.407+0000] {processor.py:914} INFO - Processing file /home/airflow/.local/lib/python3.12/site-packages/airflow/example_dags/example_dataset_alias.py for tasks to queue
[2025-02-06T16:52:50.410+0000] {logging_mixin.py:190} INFO - [2025-02-06T16:52:50.410+0000] {dagbag.py:588} INFO - Filling up the DagBag from /home/airflow/.local/lib/python3.12/site-packages/airflow/example_dags/example_dataset_alias.py
[2025-02-06T16:52:51.235+0000] {processor.py:925} INFO - DAG(s) 'dataset_alias_example_alias_producer', 'dataset_alias_example_alias_consumer', 'dataset_s3_bucket_producer', 'dataset_s3_bucket_consumer' retrieved from /home/airflow/.local/lib/python3.12/site-packages/airflow/example_dags/example_dataset_alias.py
[2025-02-06T16:52:51.261+0000] {logging_mixin.py:190} INFO - [2025-02-06T16:52:51.261+0000] {dag.py:3239} INFO - Sync 4 DAGs
[2025-02-06T16:52:51.293+0000] {logging_mixin.py:190} INFO - [2025-02-06T16:52:51.293+0000] {dag.py:4180} INFO - Setting next_dagrun for dataset_alias_example_alias_consumer to None, run_after=None
[2025-02-06T16:52:51.297+0000] {logging_mixin.py:190} INFO - [2025-02-06T16:52:51.297+0000] {dag.py:4180} INFO - Setting next_dagrun for dataset_alias_example_alias_producer to None, run_after=None
[2025-02-06T16:52:51.299+0000] {logging_mixin.py:190} INFO - [2025-02-06T16:52:51.299+0000] {dag.py:4180} INFO - Setting next_dagrun for dataset_s3_bucket_consumer to None, run_after=None
[2025-02-06T16:52:51.301+0000] {logging_mixin.py:190} INFO - [2025-02-06T16:52:51.301+0000] {dag.py:4180} INFO - Setting next_dagrun for dataset_s3_bucket_producer to None, run_after=None
[2025-02-06T16:52:51.329+0000] {processor.py:208} INFO - Processing /home/airflow/.local/lib/python3.12/site-packages/airflow/example_dags/example_dataset_alias.py took 0.935 seconds
[2025-02-06T16:53:21.732+0000] {processor.py:186} INFO - Started process (PID=1924) to work on /home/airflow/.local/lib/python3.12/site-packages/airflow/example_dags/example_dataset_alias.py
[2025-02-06T16:53:21.733+0000] {processor.py:914} INFO - Processing file /home/airflow/.local/lib/python3.12/site-packages/airflow/example_dags/example_dataset_alias.py for tasks to queue
[2025-02-06T16:53:21.736+0000] {logging_mixin.py:190} INFO - [2025-02-06T16:53:21.735+0000] {dagbag.py:588} INFO - Filling up the DagBag from /home/airflow/.local/lib/python3.12/site-packages/airflow/example_dags/example_dataset_alias.py
[2025-02-06T16:53:22.612+0000] {processor.py:925} INFO - DAG(s) 'dataset_s3_bucket_producer', 'dataset_alias_example_alias_consumer', 'dataset_s3_bucket_consumer', 'dataset_alias_example_alias_producer' retrieved from /home/airflow/.local/lib/python3.12/site-packages/airflow/example_dags/example_dataset_alias.py
[2025-02-06T16:53:22.639+0000] {logging_mixin.py:190} INFO - [2025-02-06T16:53:22.639+0000] {dag.py:3239} INFO - Sync 4 DAGs
[2025-02-06T16:53:22.670+0000] {logging_mixin.py:190} INFO - [2025-02-06T16:53:22.670+0000] {dag.py:4180} INFO - Setting next_dagrun for dataset_alias_example_alias_consumer to None, run_after=None
[2025-02-06T16:53:22.674+0000] {logging_mixin.py:190} INFO - [2025-02-06T16:53:22.674+0000] {dag.py:4180} INFO - Setting next_dagrun for dataset_alias_example_alias_producer to None, run_after=None
[2025-02-06T16:53:22.677+0000] {logging_mixin.py:190} INFO - [2025-02-06T16:53:22.677+0000] {dag.py:4180} INFO - Setting next_dagrun for dataset_s3_bucket_consumer to None, run_after=None
[2025-02-06T16:53:22.679+0000] {logging_mixin.py:190} INFO - [2025-02-06T16:53:22.679+0000] {dag.py:4180} INFO - Setting next_dagrun for dataset_s3_bucket_producer to None, run_after=None
[2025-02-06T16:53:22.709+0000] {processor.py:208} INFO - Processing /home/airflow/.local/lib/python3.12/site-packages/airflow/example_dags/example_dataset_alias.py took 0.985 seconds
[2025-02-06T16:53:53.322+0000] {processor.py:186} INFO - Started process (PID=1981) to work on /home/airflow/.local/lib/python3.12/site-packages/airflow/example_dags/example_dataset_alias.py
[2025-02-06T16:53:53.324+0000] {processor.py:914} INFO - Processing file /home/airflow/.local/lib/python3.12/site-packages/airflow/example_dags/example_dataset_alias.py for tasks to queue
[2025-02-06T16:53:53.327+0000] {logging_mixin.py:190} INFO - [2025-02-06T16:53:53.326+0000] {dagbag.py:588} INFO - Filling up the DagBag from /home/airflow/.local/lib/python3.12/site-packages/airflow/example_dags/example_dataset_alias.py
[2025-02-06T16:53:54.212+0000] {processor.py:925} INFO - DAG(s) 'dataset_alias_example_alias_consumer', 'dataset_s3_bucket_producer', 'dataset_s3_bucket_consumer', 'dataset_alias_example_alias_producer' retrieved from /home/airflow/.local/lib/python3.12/site-packages/airflow/example_dags/example_dataset_alias.py
[2025-02-06T16:53:54.243+0000] {logging_mixin.py:190} INFO - [2025-02-06T16:53:54.242+0000] {dag.py:3239} INFO - Sync 4 DAGs
[2025-02-06T16:53:54.276+0000] {logging_mixin.py:190} INFO - [2025-02-06T16:53:54.275+0000] {dag.py:4180} INFO - Setting next_dagrun for dataset_alias_example_alias_consumer to None, run_after=None
[2025-02-06T16:53:54.280+0000] {logging_mixin.py:190} INFO - [2025-02-06T16:53:54.279+0000] {dag.py:4180} INFO - Setting next_dagrun for dataset_alias_example_alias_producer to None, run_after=None
[2025-02-06T16:53:54.282+0000] {logging_mixin.py:190} INFO - [2025-02-06T16:53:54.282+0000] {dag.py:4180} INFO - Setting next_dagrun for dataset_s3_bucket_consumer to None, run_after=None
[2025-02-06T16:53:54.284+0000] {logging_mixin.py:190} INFO - [2025-02-06T16:53:54.284+0000] {dag.py:4180} INFO - Setting next_dagrun for dataset_s3_bucket_producer to None, run_after=None
[2025-02-06T16:53:54.316+0000] {processor.py:208} INFO - Processing /home/airflow/.local/lib/python3.12/site-packages/airflow/example_dags/example_dataset_alias.py took 1.001 seconds
[2025-02-06T16:54:25.141+0000] {processor.py:186} INFO - Started process (PID=2038) to work on /home/airflow/.local/lib/python3.12/site-packages/airflow/example_dags/example_dataset_alias.py
[2025-02-06T16:54:25.143+0000] {processor.py:914} INFO - Processing file /home/airflow/.local/lib/python3.12/site-packages/airflow/example_dags/example_dataset_alias.py for tasks to queue
[2025-02-06T16:54:25.146+0000] {logging_mixin.py:190} INFO - [2025-02-06T16:54:25.146+0000] {dagbag.py:588} INFO - Filling up the DagBag from /home/airflow/.local/lib/python3.12/site-packages/airflow/example_dags/example_dataset_alias.py
[2025-02-06T16:54:26.082+0000] {processor.py:925} INFO - DAG(s) 'dataset_s3_bucket_consumer', 'dataset_s3_bucket_producer', 'dataset_alias_example_alias_consumer', 'dataset_alias_example_alias_producer' retrieved from /home/airflow/.local/lib/python3.12/site-packages/airflow/example_dags/example_dataset_alias.py
[2025-02-06T16:54:26.177+0000] {logging_mixin.py:190} INFO - [2025-02-06T16:54:26.176+0000] {dag.py:3239} INFO - Sync 4 DAGs
[2025-02-06T16:54:26.319+0000] {logging_mixin.py:190} INFO - [2025-02-06T16:54:26.318+0000] {dag.py:4180} INFO - Setting next_dagrun for dataset_alias_example_alias_consumer to None, run_after=None
[2025-02-06T16:54:26.326+0000] {logging_mixin.py:190} INFO - [2025-02-06T16:54:26.326+0000] {dag.py:4180} INFO - Setting next_dagrun for dataset_alias_example_alias_producer to None, run_after=None
[2025-02-06T16:54:26.339+0000] {logging_mixin.py:190} INFO - [2025-02-06T16:54:26.339+0000] {dag.py:4180} INFO - Setting next_dagrun for dataset_s3_bucket_consumer to None, run_after=None
[2025-02-06T16:54:26.343+0000] {logging_mixin.py:190} INFO - [2025-02-06T16:54:26.342+0000] {dag.py:4180} INFO - Setting next_dagrun for dataset_s3_bucket_producer to None, run_after=None
[2025-02-06T16:54:26.435+0000] {processor.py:208} INFO - Processing /home/airflow/.local/lib/python3.12/site-packages/airflow/example_dags/example_dataset_alias.py took 1.301 seconds
[2025-02-06T16:54:57.490+0000] {processor.py:186} INFO - Started process (PID=2095) to work on /home/airflow/.local/lib/python3.12/site-packages/airflow/example_dags/example_dataset_alias.py
[2025-02-06T16:54:57.492+0000] {processor.py:914} INFO - Processing file /home/airflow/.local/lib/python3.12/site-packages/airflow/example_dags/example_dataset_alias.py for tasks to queue
[2025-02-06T16:54:57.497+0000] {logging_mixin.py:190} INFO - [2025-02-06T16:54:57.496+0000] {dagbag.py:588} INFO - Filling up the DagBag from /home/airflow/.local/lib/python3.12/site-packages/airflow/example_dags/example_dataset_alias.py
[2025-02-06T16:54:58.713+0000] {processor.py:925} INFO - DAG(s) 'dataset_alias_example_alias_producer', 'dataset_s3_bucket_consumer', 'dataset_s3_bucket_producer', 'dataset_alias_example_alias_consumer' retrieved from /home/airflow/.local/lib/python3.12/site-packages/airflow/example_dags/example_dataset_alias.py
[2025-02-06T16:54:58.740+0000] {logging_mixin.py:190} INFO - [2025-02-06T16:54:58.739+0000] {dag.py:3239} INFO - Sync 4 DAGs
[2025-02-06T16:54:58.773+0000] {logging_mixin.py:190} INFO - [2025-02-06T16:54:58.773+0000] {dag.py:4180} INFO - Setting next_dagrun for dataset_alias_example_alias_consumer to None, run_after=None
[2025-02-06T16:54:58.778+0000] {logging_mixin.py:190} INFO - [2025-02-06T16:54:58.777+0000] {dag.py:4180} INFO - Setting next_dagrun for dataset_alias_example_alias_producer to None, run_after=None
[2025-02-06T16:54:58.781+0000] {logging_mixin.py:190} INFO - [2025-02-06T16:54:58.780+0000] {dag.py:4180} INFO - Setting next_dagrun for dataset_s3_bucket_consumer to None, run_after=None
[2025-02-06T16:54:58.783+0000] {logging_mixin.py:190} INFO - [2025-02-06T16:54:58.783+0000] {dag.py:4180} INFO - Setting next_dagrun for dataset_s3_bucket_producer to None, run_after=None
[2025-02-06T16:54:58.813+0000] {processor.py:208} INFO - Processing /home/airflow/.local/lib/python3.12/site-packages/airflow/example_dags/example_dataset_alias.py took 1.344 seconds
[2025-02-06T17:23:30.523+0000] {processor.py:186} INFO - Started process (PID=49) to work on /home/airflow/.local/lib/python3.12/site-packages/airflow/example_dags/example_dataset_alias.py
[2025-02-06T17:23:30.525+0000] {processor.py:914} INFO - Processing file /home/airflow/.local/lib/python3.12/site-packages/airflow/example_dags/example_dataset_alias.py for tasks to queue
[2025-02-06T17:23:30.528+0000] {logging_mixin.py:190} INFO - [2025-02-06T17:23:30.527+0000] {dagbag.py:588} INFO - Filling up the DagBag from /home/airflow/.local/lib/python3.12/site-packages/airflow/example_dags/example_dataset_alias.py
[2025-02-06T17:23:31.718+0000] {processor.py:925} INFO - DAG(s) 'dataset_s3_bucket_consumer', 'dataset_s3_bucket_producer', 'dataset_alias_example_alias_producer', 'dataset_alias_example_alias_consumer' retrieved from /home/airflow/.local/lib/python3.12/site-packages/airflow/example_dags/example_dataset_alias.py
[2025-02-06T17:23:31.861+0000] {logging_mixin.py:190} INFO - [2025-02-06T17:23:31.860+0000] {override.py:1911} INFO - Created Permission View: can delete on DAG:dataset_s3_bucket_consumer
[2025-02-06T17:23:31.875+0000] {logging_mixin.py:190} INFO - [2025-02-06T17:23:31.874+0000] {override.py:1911} INFO - Created Permission View: can read on DAG:dataset_s3_bucket_consumer
[2025-02-06T17:23:31.888+0000] {logging_mixin.py:190} INFO - [2025-02-06T17:23:31.887+0000] {override.py:1911} INFO - Created Permission View: can edit on DAG:dataset_s3_bucket_consumer
[2025-02-06T17:23:31.900+0000] {logging_mixin.py:190} INFO - [2025-02-06T17:23:31.899+0000] {override.py:1911} INFO - Created Permission View: menu access on DAG Run:dataset_s3_bucket_consumer
[2025-02-06T17:23:31.909+0000] {logging_mixin.py:190} INFO - [2025-02-06T17:23:31.909+0000] {override.py:1911} INFO - Created Permission View: can delete on DAG Run:dataset_s3_bucket_consumer
[2025-02-06T17:23:31.920+0000] {logging_mixin.py:190} INFO - [2025-02-06T17:23:31.919+0000] {override.py:1911} INFO - Created Permission View: can create on DAG Run:dataset_s3_bucket_consumer
[2025-02-06T17:23:31.931+0000] {logging_mixin.py:190} INFO - [2025-02-06T17:23:31.930+0000] {override.py:1911} INFO - Created Permission View: can read on DAG Run:dataset_s3_bucket_consumer
[2025-02-06T17:23:31.952+0000] {logging_mixin.py:190} INFO - [2025-02-06T17:23:31.952+0000] {override.py:1911} INFO - Created Permission View: can delete on DAG:dataset_s3_bucket_producer
[2025-02-06T17:23:31.963+0000] {logging_mixin.py:190} INFO - [2025-02-06T17:23:31.963+0000] {override.py:1911} INFO - Created Permission View: can read on DAG:dataset_s3_bucket_producer
[2025-02-06T17:23:31.975+0000] {logging_mixin.py:190} INFO - [2025-02-06T17:23:31.974+0000] {override.py:1911} INFO - Created Permission View: can edit on DAG:dataset_s3_bucket_producer
[2025-02-06T17:23:31.989+0000] {logging_mixin.py:190} INFO - [2025-02-06T17:23:31.988+0000] {override.py:1911} INFO - Created Permission View: menu access on DAG Run:dataset_s3_bucket_producer
[2025-02-06T17:23:32.001+0000] {logging_mixin.py:190} INFO - [2025-02-06T17:23:32.000+0000] {override.py:1911} INFO - Created Permission View: can delete on DAG Run:dataset_s3_bucket_producer
[2025-02-06T17:23:32.011+0000] {logging_mixin.py:190} INFO - [2025-02-06T17:23:32.011+0000] {override.py:1911} INFO - Created Permission View: can create on DAG Run:dataset_s3_bucket_producer
[2025-02-06T17:23:32.020+0000] {logging_mixin.py:190} INFO - [2025-02-06T17:23:32.019+0000] {override.py:1911} INFO - Created Permission View: can read on DAG Run:dataset_s3_bucket_producer
[2025-02-06T17:23:32.040+0000] {logging_mixin.py:190} INFO - [2025-02-06T17:23:32.039+0000] {override.py:1911} INFO - Created Permission View: can delete on DAG:dataset_alias_example_alias_producer
[2025-02-06T17:23:32.050+0000] {logging_mixin.py:190} INFO - [2025-02-06T17:23:32.050+0000] {override.py:1911} INFO - Created Permission View: can read on DAG:dataset_alias_example_alias_producer
[2025-02-06T17:23:32.061+0000] {logging_mixin.py:190} INFO - [2025-02-06T17:23:32.061+0000] {override.py:1911} INFO - Created Permission View: can edit on DAG:dataset_alias_example_alias_producer
[2025-02-06T17:23:32.075+0000] {logging_mixin.py:190} INFO - [2025-02-06T17:23:32.074+0000] {override.py:1911} INFO - Created Permission View: menu access on DAG Run:dataset_alias_example_alias_producer
[2025-02-06T17:23:32.089+0000] {logging_mixin.py:190} INFO - [2025-02-06T17:23:32.089+0000] {override.py:1911} INFO - Created Permission View: can delete on DAG Run:dataset_alias_example_alias_producer
[2025-02-06T17:23:32.100+0000] {logging_mixin.py:190} INFO - [2025-02-06T17:23:32.100+0000] {override.py:1911} INFO - Created Permission View: can create on DAG Run:dataset_alias_example_alias_producer
[2025-02-06T17:23:32.111+0000] {logging_mixin.py:190} INFO - [2025-02-06T17:23:32.110+0000] {override.py:1911} INFO - Created Permission View: can read on DAG Run:dataset_alias_example_alias_producer
[2025-02-06T17:23:32.130+0000] {logging_mixin.py:190} INFO - [2025-02-06T17:23:32.129+0000] {override.py:1911} INFO - Created Permission View: can delete on DAG:dataset_alias_example_alias_consumer
[2025-02-06T17:23:32.140+0000] {logging_mixin.py:190} INFO - [2025-02-06T17:23:32.140+0000] {override.py:1911} INFO - Created Permission View: can read on DAG:dataset_alias_example_alias_consumer
[2025-02-06T17:23:32.149+0000] {logging_mixin.py:190} INFO - [2025-02-06T17:23:32.148+0000] {override.py:1911} INFO - Created Permission View: can edit on DAG:dataset_alias_example_alias_consumer
[2025-02-06T17:23:32.160+0000] {logging_mixin.py:190} INFO - [2025-02-06T17:23:32.159+0000] {override.py:1911} INFO - Created Permission View: menu access on DAG Run:dataset_alias_example_alias_consumer
[2025-02-06T17:23:32.170+0000] {logging_mixin.py:190} INFO - [2025-02-06T17:23:32.170+0000] {override.py:1911} INFO - Created Permission View: can delete on DAG Run:dataset_alias_example_alias_consumer
[2025-02-06T17:23:32.181+0000] {logging_mixin.py:190} INFO - [2025-02-06T17:23:32.181+0000] {override.py:1911} INFO - Created Permission View: can create on DAG Run:dataset_alias_example_alias_consumer
[2025-02-06T17:23:32.192+0000] {logging_mixin.py:190} INFO - [2025-02-06T17:23:32.192+0000] {override.py:1911} INFO - Created Permission View: can read on DAG Run:dataset_alias_example_alias_consumer
[2025-02-06T17:23:32.194+0000] {logging_mixin.py:190} INFO - [2025-02-06T17:23:32.193+0000] {dag.py:3239} INFO - Sync 4 DAGs
[2025-02-06T17:23:32.214+0000] {logging_mixin.py:190} INFO - [2025-02-06T17:23:32.213+0000] {dag.py:3262} INFO - Creating ORM DAG for dataset_s3_bucket_producer
[2025-02-06T17:23:32.216+0000] {logging_mixin.py:190} INFO - [2025-02-06T17:23:32.215+0000] {dag.py:3262} INFO - Creating ORM DAG for dataset_s3_bucket_consumer
[2025-02-06T17:23:32.217+0000] {logging_mixin.py:190} INFO - [2025-02-06T17:23:32.217+0000] {dag.py:3262} INFO - Creating ORM DAG for dataset_alias_example_alias_producer
[2025-02-06T17:23:32.218+0000] {logging_mixin.py:190} INFO - [2025-02-06T17:23:32.218+0000] {dag.py:3262} INFO - Creating ORM DAG for dataset_alias_example_alias_consumer
[2025-02-06T17:23:32.231+0000] {logging_mixin.py:190} INFO - [2025-02-06T17:23:32.231+0000] {dag.py:4180} INFO - Setting next_dagrun for dataset_alias_example_alias_consumer to None, run_after=None
[2025-02-06T17:23:32.233+0000] {logging_mixin.py:190} INFO - [2025-02-06T17:23:32.232+0000] {dag.py:4180} INFO - Setting next_dagrun for dataset_alias_example_alias_producer to None, run_after=None
[2025-02-06T17:23:32.234+0000] {logging_mixin.py:190} INFO - [2025-02-06T17:23:32.233+0000] {dag.py:4180} INFO - Setting next_dagrun for dataset_s3_bucket_consumer to None, run_after=None
[2025-02-06T17:23:32.235+0000] {logging_mixin.py:190} INFO - [2025-02-06T17:23:32.234+0000] {dag.py:4180} INFO - Setting next_dagrun for dataset_s3_bucket_producer to None, run_after=None
[2025-02-06T17:23:32.273+0000] {processor.py:208} INFO - Processing /home/airflow/.local/lib/python3.12/site-packages/airflow/example_dags/example_dataset_alias.py took 1.758 seconds
[2025-02-06T17:24:03.253+0000] {processor.py:186} INFO - Started process (PID=108) to work on /home/airflow/.local/lib/python3.12/site-packages/airflow/example_dags/example_dataset_alias.py
[2025-02-06T17:24:03.255+0000] {processor.py:914} INFO - Processing file /home/airflow/.local/lib/python3.12/site-packages/airflow/example_dags/example_dataset_alias.py for tasks to queue
[2025-02-06T17:24:03.258+0000] {logging_mixin.py:190} INFO - [2025-02-06T17:24:03.258+0000] {dagbag.py:588} INFO - Filling up the DagBag from /home/airflow/.local/lib/python3.12/site-packages/airflow/example_dags/example_dataset_alias.py
[2025-02-06T17:24:04.174+0000] {processor.py:925} INFO - DAG(s) 'dataset_alias_example_alias_consumer', 'dataset_alias_example_alias_producer', 'dataset_s3_bucket_consumer', 'dataset_s3_bucket_producer' retrieved from /home/airflow/.local/lib/python3.12/site-packages/airflow/example_dags/example_dataset_alias.py
[2025-02-06T17:24:04.206+0000] {logging_mixin.py:190} INFO - [2025-02-06T17:24:04.204+0000] {dag.py:3239} INFO - Sync 4 DAGs
[2025-02-06T17:24:04.250+0000] {logging_mixin.py:190} INFO - [2025-02-06T17:24:04.250+0000] {dag.py:4180} INFO - Setting next_dagrun for dataset_alias_example_alias_consumer to None, run_after=None
[2025-02-06T17:24:04.258+0000] {logging_mixin.py:190} INFO - [2025-02-06T17:24:04.258+0000] {dag.py:4180} INFO - Setting next_dagrun for dataset_alias_example_alias_producer to None, run_after=None
[2025-02-06T17:24:04.261+0000] {logging_mixin.py:190} INFO - [2025-02-06T17:24:04.260+0000] {dag.py:4180} INFO - Setting next_dagrun for dataset_s3_bucket_consumer to None, run_after=None
[2025-02-06T17:24:04.262+0000] {logging_mixin.py:190} INFO - [2025-02-06T17:24:04.262+0000] {dag.py:4180} INFO - Setting next_dagrun for dataset_s3_bucket_producer to None, run_after=None
[2025-02-06T17:24:04.328+0000] {processor.py:208} INFO - Processing /home/airflow/.local/lib/python3.12/site-packages/airflow/example_dags/example_dataset_alias.py took 1.084 seconds
[2025-02-06T17:24:35.315+0000] {processor.py:186} INFO - Started process (PID=168) to work on /home/airflow/.local/lib/python3.12/site-packages/airflow/example_dags/example_dataset_alias.py
[2025-02-06T17:24:35.317+0000] {processor.py:914} INFO - Processing file /home/airflow/.local/lib/python3.12/site-packages/airflow/example_dags/example_dataset_alias.py for tasks to queue
[2025-02-06T17:24:35.321+0000] {logging_mixin.py:190} INFO - [2025-02-06T17:24:35.320+0000] {dagbag.py:588} INFO - Filling up the DagBag from /home/airflow/.local/lib/python3.12/site-packages/airflow/example_dags/example_dataset_alias.py
[2025-02-06T17:24:36.571+0000] {processor.py:925} INFO - DAG(s) 'dataset_s3_bucket_consumer', 'dataset_alias_example_alias_consumer', 'dataset_alias_example_alias_producer', 'dataset_s3_bucket_producer' retrieved from /home/airflow/.local/lib/python3.12/site-packages/airflow/example_dags/example_dataset_alias.py
[2025-02-06T17:24:36.637+0000] {logging_mixin.py:190} INFO - [2025-02-06T17:24:36.628+0000] {dag.py:3239} INFO - Sync 4 DAGs
[2025-02-06T17:24:36.728+0000] {logging_mixin.py:190} INFO - [2025-02-06T17:24:36.728+0000] {dag.py:4180} INFO - Setting next_dagrun for dataset_alias_example_alias_consumer to None, run_after=None
[2025-02-06T17:24:36.736+0000] {logging_mixin.py:190} INFO - [2025-02-06T17:24:36.734+0000] {dag.py:4180} INFO - Setting next_dagrun for dataset_alias_example_alias_producer to None, run_after=None
[2025-02-06T17:24:36.746+0000] {logging_mixin.py:190} INFO - [2025-02-06T17:24:36.746+0000] {dag.py:4180} INFO - Setting next_dagrun for dataset_s3_bucket_consumer to None, run_after=None
[2025-02-06T17:24:36.749+0000] {logging_mixin.py:190} INFO - [2025-02-06T17:24:36.749+0000] {dag.py:4180} INFO - Setting next_dagrun for dataset_s3_bucket_producer to None, run_after=None
[2025-02-06T17:24:36.872+0000] {processor.py:208} INFO - Processing /home/airflow/.local/lib/python3.12/site-packages/airflow/example_dags/example_dataset_alias.py took 1.573 seconds
[2025-02-06T17:25:07.420+0000] {processor.py:186} INFO - Started process (PID=225) to work on /home/airflow/.local/lib/python3.12/site-packages/airflow/example_dags/example_dataset_alias.py
[2025-02-06T17:25:07.421+0000] {processor.py:914} INFO - Processing file /home/airflow/.local/lib/python3.12/site-packages/airflow/example_dags/example_dataset_alias.py for tasks to queue
[2025-02-06T17:25:07.424+0000] {logging_mixin.py:190} INFO - [2025-02-06T17:25:07.423+0000] {dagbag.py:588} INFO - Filling up the DagBag from /home/airflow/.local/lib/python3.12/site-packages/airflow/example_dags/example_dataset_alias.py
[2025-02-06T17:25:08.956+0000] {processor.py:925} INFO - DAG(s) 'dataset_s3_bucket_producer', 'dataset_alias_example_alias_consumer', 'dataset_s3_bucket_consumer', 'dataset_alias_example_alias_producer' retrieved from /home/airflow/.local/lib/python3.12/site-packages/airflow/example_dags/example_dataset_alias.py
[2025-02-06T17:25:08.999+0000] {logging_mixin.py:190} INFO - [2025-02-06T17:25:08.997+0000] {dag.py:3239} INFO - Sync 4 DAGs
[2025-02-06T17:25:09.089+0000] {logging_mixin.py:190} INFO - [2025-02-06T17:25:09.088+0000] {dag.py:4180} INFO - Setting next_dagrun for dataset_alias_example_alias_consumer to None, run_after=None
[2025-02-06T17:25:09.101+0000] {logging_mixin.py:190} INFO - [2025-02-06T17:25:09.100+0000] {dag.py:4180} INFO - Setting next_dagrun for dataset_alias_example_alias_producer to None, run_after=None
[2025-02-06T17:25:09.106+0000] {logging_mixin.py:190} INFO - [2025-02-06T17:25:09.106+0000] {dag.py:4180} INFO - Setting next_dagrun for dataset_s3_bucket_consumer to None, run_after=None
[2025-02-06T17:25:09.112+0000] {logging_mixin.py:190} INFO - [2025-02-06T17:25:09.111+0000] {dag.py:4180} INFO - Setting next_dagrun for dataset_s3_bucket_producer to None, run_after=None
[2025-02-06T17:25:09.254+0000] {processor.py:208} INFO - Processing /home/airflow/.local/lib/python3.12/site-packages/airflow/example_dags/example_dataset_alias.py took 1.842 seconds
[2025-02-06T17:25:39.337+0000] {processor.py:186} INFO - Started process (PID=282) to work on /home/airflow/.local/lib/python3.12/site-packages/airflow/example_dags/example_dataset_alias.py
[2025-02-06T17:25:39.338+0000] {processor.py:914} INFO - Processing file /home/airflow/.local/lib/python3.12/site-packages/airflow/example_dags/example_dataset_alias.py for tasks to queue
[2025-02-06T17:25:39.341+0000] {logging_mixin.py:190} INFO - [2025-02-06T17:25:39.341+0000] {dagbag.py:588} INFO - Filling up the DagBag from /home/airflow/.local/lib/python3.12/site-packages/airflow/example_dags/example_dataset_alias.py
[2025-02-06T17:25:40.365+0000] {processor.py:925} INFO - DAG(s) 'dataset_alias_example_alias_producer', 'dataset_s3_bucket_producer', 'dataset_s3_bucket_consumer', 'dataset_alias_example_alias_consumer' retrieved from /home/airflow/.local/lib/python3.12/site-packages/airflow/example_dags/example_dataset_alias.py
[2025-02-06T17:25:40.406+0000] {logging_mixin.py:190} INFO - [2025-02-06T17:25:40.405+0000] {dag.py:3239} INFO - Sync 4 DAGs
[2025-02-06T17:25:40.443+0000] {logging_mixin.py:190} INFO - [2025-02-06T17:25:40.443+0000] {dag.py:4180} INFO - Setting next_dagrun for dataset_alias_example_alias_consumer to None, run_after=None
[2025-02-06T17:25:40.447+0000] {logging_mixin.py:190} INFO - [2025-02-06T17:25:40.447+0000] {dag.py:4180} INFO - Setting next_dagrun for dataset_alias_example_alias_producer to None, run_after=None
[2025-02-06T17:25:40.449+0000] {logging_mixin.py:190} INFO - [2025-02-06T17:25:40.449+0000] {dag.py:4180} INFO - Setting next_dagrun for dataset_s3_bucket_consumer to None, run_after=None
[2025-02-06T17:25:40.451+0000] {logging_mixin.py:190} INFO - [2025-02-06T17:25:40.451+0000] {dag.py:4180} INFO - Setting next_dagrun for dataset_s3_bucket_producer to None, run_after=None
[2025-02-06T17:25:40.493+0000] {processor.py:208} INFO - Processing /home/airflow/.local/lib/python3.12/site-packages/airflow/example_dags/example_dataset_alias.py took 1.163 seconds
[2025-02-06T17:26:10.630+0000] {processor.py:186} INFO - Started process (PID=339) to work on /home/airflow/.local/lib/python3.12/site-packages/airflow/example_dags/example_dataset_alias.py
[2025-02-06T17:26:10.632+0000] {processor.py:914} INFO - Processing file /home/airflow/.local/lib/python3.12/site-packages/airflow/example_dags/example_dataset_alias.py for tasks to queue
[2025-02-06T17:26:10.636+0000] {logging_mixin.py:190} INFO - [2025-02-06T17:26:10.635+0000] {dagbag.py:588} INFO - Filling up the DagBag from /home/airflow/.local/lib/python3.12/site-packages/airflow/example_dags/example_dataset_alias.py
[2025-02-06T17:26:11.869+0000] {processor.py:925} INFO - DAG(s) 'dataset_s3_bucket_producer', 'dataset_alias_example_alias_producer', 'dataset_s3_bucket_consumer', 'dataset_alias_example_alias_consumer' retrieved from /home/airflow/.local/lib/python3.12/site-packages/airflow/example_dags/example_dataset_alias.py
[2025-02-06T17:26:11.931+0000] {logging_mixin.py:190} INFO - [2025-02-06T17:26:11.931+0000] {dag.py:3239} INFO - Sync 4 DAGs
[2025-02-06T17:26:12.016+0000] {logging_mixin.py:190} INFO - [2025-02-06T17:26:12.015+0000] {dag.py:4180} INFO - Setting next_dagrun for dataset_alias_example_alias_consumer to None, run_after=None
[2025-02-06T17:26:12.023+0000] {logging_mixin.py:190} INFO - [2025-02-06T17:26:12.019+0000] {dag.py:4180} INFO - Setting next_dagrun for dataset_alias_example_alias_producer to None, run_after=None
[2025-02-06T17:26:12.031+0000] {logging_mixin.py:190} INFO - [2025-02-06T17:26:12.031+0000] {dag.py:4180} INFO - Setting next_dagrun for dataset_s3_bucket_consumer to None, run_after=None
[2025-02-06T17:26:12.034+0000] {logging_mixin.py:190} INFO - [2025-02-06T17:26:12.033+0000] {dag.py:4180} INFO - Setting next_dagrun for dataset_s3_bucket_producer to None, run_after=None
[2025-02-06T17:26:12.092+0000] {processor.py:208} INFO - Processing /home/airflow/.local/lib/python3.12/site-packages/airflow/example_dags/example_dataset_alias.py took 1.473 seconds
[2025-02-06T17:29:11.631+0000] {processor.py:186} INFO - Started process (PID=48) to work on /home/airflow/.local/lib/python3.12/site-packages/airflow/example_dags/example_dataset_alias.py
[2025-02-06T17:29:11.633+0000] {processor.py:914} INFO - Processing file /home/airflow/.local/lib/python3.12/site-packages/airflow/example_dags/example_dataset_alias.py for tasks to queue
[2025-02-06T17:29:11.639+0000] {logging_mixin.py:190} INFO - [2025-02-06T17:29:11.638+0000] {dagbag.py:588} INFO - Filling up the DagBag from /home/airflow/.local/lib/python3.12/site-packages/airflow/example_dags/example_dataset_alias.py
[2025-02-06T17:29:15.489+0000] {processor.py:925} INFO - DAG(s) 'dataset_s3_bucket_consumer', 'dataset_s3_bucket_producer', 'dataset_alias_example_alias_consumer', 'dataset_alias_example_alias_producer' retrieved from /home/airflow/.local/lib/python3.12/site-packages/airflow/example_dags/example_dataset_alias.py
[2025-02-06T17:29:16.381+0000] {logging_mixin.py:190} INFO - [2025-02-06T17:29:16.369+0000] {override.py:1911} INFO - Created Permission View: can read on DAG:dataset_s3_bucket_consumer
[2025-02-06T17:29:16.449+0000] {logging_mixin.py:190} INFO - [2025-02-06T17:29:16.448+0000] {override.py:1911} INFO - Created Permission View: can edit on DAG:dataset_s3_bucket_consumer
[2025-02-06T17:29:16.498+0000] {logging_mixin.py:190} INFO - [2025-02-06T17:29:16.498+0000] {override.py:1911} INFO - Created Permission View: can delete on DAG:dataset_s3_bucket_consumer
[2025-02-06T17:29:16.575+0000] {logging_mixin.py:190} INFO - [2025-02-06T17:29:16.575+0000] {override.py:1911} INFO - Created Permission View: can read on DAG Run:dataset_s3_bucket_consumer
[2025-02-06T17:29:16.637+0000] {logging_mixin.py:190} INFO - [2025-02-06T17:29:16.632+0000] {override.py:1911} INFO - Created Permission View: menu access on DAG Run:dataset_s3_bucket_consumer
[2025-02-06T17:29:16.756+0000] {logging_mixin.py:190} INFO - [2025-02-06T17:29:16.755+0000] {override.py:1911} INFO - Created Permission View: can delete on DAG Run:dataset_s3_bucket_consumer
[2025-02-06T17:29:16.813+0000] {logging_mixin.py:190} INFO - [2025-02-06T17:29:16.812+0000] {override.py:1911} INFO - Created Permission View: can create on DAG Run:dataset_s3_bucket_consumer
[2025-02-06T17:29:16.882+0000] {logging_mixin.py:190} INFO - [2025-02-06T17:29:16.881+0000] {override.py:1911} INFO - Created Permission View: can read on DAG:dataset_s3_bucket_producer
[2025-02-06T17:29:16.961+0000] {logging_mixin.py:190} INFO - [2025-02-06T17:29:16.960+0000] {override.py:1911} INFO - Created Permission View: can edit on DAG:dataset_s3_bucket_producer
[2025-02-06T17:29:17.003+0000] {logging_mixin.py:190} INFO - [2025-02-06T17:29:17.002+0000] {override.py:1911} INFO - Created Permission View: can delete on DAG:dataset_s3_bucket_producer
[2025-02-06T17:29:17.131+0000] {logging_mixin.py:190} INFO - [2025-02-06T17:29:17.130+0000] {override.py:1911} INFO - Created Permission View: can read on DAG Run:dataset_s3_bucket_producer
[2025-02-06T17:29:17.196+0000] {logging_mixin.py:190} INFO - [2025-02-06T17:29:17.195+0000] {override.py:1911} INFO - Created Permission View: menu access on DAG Run:dataset_s3_bucket_producer
[2025-02-06T17:29:17.238+0000] {logging_mixin.py:190} INFO - [2025-02-06T17:29:17.237+0000] {override.py:1911} INFO - Created Permission View: can delete on DAG Run:dataset_s3_bucket_producer
[2025-02-06T17:29:17.282+0000] {logging_mixin.py:190} INFO - [2025-02-06T17:29:17.281+0000] {override.py:1911} INFO - Created Permission View: can create on DAG Run:dataset_s3_bucket_producer
[2025-02-06T17:29:17.367+0000] {logging_mixin.py:190} INFO - [2025-02-06T17:29:17.366+0000] {override.py:1911} INFO - Created Permission View: can read on DAG:dataset_alias_example_alias_consumer
[2025-02-06T17:29:17.420+0000] {logging_mixin.py:190} INFO - [2025-02-06T17:29:17.419+0000] {override.py:1911} INFO - Created Permission View: can edit on DAG:dataset_alias_example_alias_consumer
[2025-02-06T17:29:17.474+0000] {logging_mixin.py:190} INFO - [2025-02-06T17:29:17.473+0000] {override.py:1911} INFO - Created Permission View: can delete on DAG:dataset_alias_example_alias_consumer
[2025-02-06T17:29:17.526+0000] {logging_mixin.py:190} INFO - [2025-02-06T17:29:17.525+0000] {override.py:1911} INFO - Created Permission View: can read on DAG Run:dataset_alias_example_alias_consumer
[2025-02-06T17:29:17.564+0000] {logging_mixin.py:190} INFO - [2025-02-06T17:29:17.563+0000] {override.py:1911} INFO - Created Permission View: menu access on DAG Run:dataset_alias_example_alias_consumer
[2025-02-06T17:29:17.589+0000] {logging_mixin.py:190} INFO - [2025-02-06T17:29:17.588+0000] {override.py:1911} INFO - Created Permission View: can delete on DAG Run:dataset_alias_example_alias_consumer
[2025-02-06T17:29:17.616+0000] {logging_mixin.py:190} INFO - [2025-02-06T17:29:17.613+0000] {override.py:1911} INFO - Created Permission View: can create on DAG Run:dataset_alias_example_alias_consumer
[2025-02-06T17:29:17.674+0000] {logging_mixin.py:190} INFO - [2025-02-06T17:29:17.673+0000] {override.py:1911} INFO - Created Permission View: can read on DAG:dataset_alias_example_alias_producer
[2025-02-06T17:29:17.700+0000] {logging_mixin.py:190} INFO - [2025-02-06T17:29:17.699+0000] {override.py:1911} INFO - Created Permission View: can edit on DAG:dataset_alias_example_alias_producer
[2025-02-06T17:29:17.719+0000] {logging_mixin.py:190} INFO - [2025-02-06T17:29:17.718+0000] {override.py:1911} INFO - Created Permission View: can delete on DAG:dataset_alias_example_alias_producer
[2025-02-06T17:29:17.743+0000] {logging_mixin.py:190} INFO - [2025-02-06T17:29:17.742+0000] {override.py:1911} INFO - Created Permission View: can read on DAG Run:dataset_alias_example_alias_producer
[2025-02-06T17:29:17.771+0000] {logging_mixin.py:190} INFO - [2025-02-06T17:29:17.771+0000] {override.py:1911} INFO - Created Permission View: menu access on DAG Run:dataset_alias_example_alias_producer
[2025-02-06T17:29:17.786+0000] {logging_mixin.py:190} INFO - [2025-02-06T17:29:17.785+0000] {override.py:1911} INFO - Created Permission View: can delete on DAG Run:dataset_alias_example_alias_producer
[2025-02-06T17:29:17.808+0000] {logging_mixin.py:190} INFO - [2025-02-06T17:29:17.807+0000] {override.py:1911} INFO - Created Permission View: can create on DAG Run:dataset_alias_example_alias_producer
[2025-02-06T17:29:17.816+0000] {logging_mixin.py:190} INFO - [2025-02-06T17:29:17.815+0000] {dag.py:3239} INFO - Sync 4 DAGs
[2025-02-06T17:29:17.869+0000] {logging_mixin.py:190} INFO - [2025-02-06T17:29:17.868+0000] {dag.py:3262} INFO - Creating ORM DAG for dataset_alias_example_alias_producer
[2025-02-06T17:29:17.872+0000] {logging_mixin.py:190} INFO - [2025-02-06T17:29:17.872+0000] {dag.py:3262} INFO - Creating ORM DAG for dataset_s3_bucket_consumer
[2025-02-06T17:29:17.874+0000] {logging_mixin.py:190} INFO - [2025-02-06T17:29:17.874+0000] {dag.py:3262} INFO - Creating ORM DAG for dataset_s3_bucket_producer
[2025-02-06T17:29:17.877+0000] {logging_mixin.py:190} INFO - [2025-02-06T17:29:17.877+0000] {dag.py:3262} INFO - Creating ORM DAG for dataset_alias_example_alias_consumer
[2025-02-06T17:29:17.899+0000] {logging_mixin.py:190} INFO - [2025-02-06T17:29:17.898+0000] {dag.py:4180} INFO - Setting next_dagrun for dataset_alias_example_alias_consumer to None, run_after=None
[2025-02-06T17:29:17.901+0000] {logging_mixin.py:190} INFO - [2025-02-06T17:29:17.901+0000] {dag.py:4180} INFO - Setting next_dagrun for dataset_alias_example_alias_producer to None, run_after=None
[2025-02-06T17:29:17.903+0000] {logging_mixin.py:190} INFO - [2025-02-06T17:29:17.903+0000] {dag.py:4180} INFO - Setting next_dagrun for dataset_s3_bucket_consumer to None, run_after=None
[2025-02-06T17:29:17.905+0000] {logging_mixin.py:190} INFO - [2025-02-06T17:29:17.905+0000] {dag.py:4180} INFO - Setting next_dagrun for dataset_s3_bucket_producer to None, run_after=None
[2025-02-06T17:29:17.977+0000] {processor.py:208} INFO - Processing /home/airflow/.local/lib/python3.12/site-packages/airflow/example_dags/example_dataset_alias.py took 6.363 seconds
[2025-02-06T17:29:50.911+0000] {processor.py:186} INFO - Started process (PID=107) to work on /home/airflow/.local/lib/python3.12/site-packages/airflow/example_dags/example_dataset_alias.py
[2025-02-06T17:29:50.914+0000] {processor.py:914} INFO - Processing file /home/airflow/.local/lib/python3.12/site-packages/airflow/example_dags/example_dataset_alias.py for tasks to queue
[2025-02-06T17:29:50.918+0000] {logging_mixin.py:190} INFO - [2025-02-06T17:29:50.918+0000] {dagbag.py:588} INFO - Filling up the DagBag from /home/airflow/.local/lib/python3.12/site-packages/airflow/example_dags/example_dataset_alias.py
[2025-02-06T17:29:53.045+0000] {processor.py:925} INFO - DAG(s) 'dataset_s3_bucket_producer', 'dataset_alias_example_alias_consumer', 'dataset_s3_bucket_consumer', 'dataset_alias_example_alias_producer' retrieved from /home/airflow/.local/lib/python3.12/site-packages/airflow/example_dags/example_dataset_alias.py
[2025-02-06T17:29:53.086+0000] {logging_mixin.py:190} INFO - [2025-02-06T17:29:53.085+0000] {dag.py:3239} INFO - Sync 4 DAGs
[2025-02-06T17:29:53.140+0000] {logging_mixin.py:190} INFO - [2025-02-06T17:29:53.139+0000] {dag.py:4180} INFO - Setting next_dagrun for dataset_alias_example_alias_consumer to None, run_after=None
[2025-02-06T17:29:53.146+0000] {logging_mixin.py:190} INFO - [2025-02-06T17:29:53.146+0000] {dag.py:4180} INFO - Setting next_dagrun for dataset_alias_example_alias_producer to None, run_after=None
[2025-02-06T17:29:53.149+0000] {logging_mixin.py:190} INFO - [2025-02-06T17:29:53.148+0000] {dag.py:4180} INFO - Setting next_dagrun for dataset_s3_bucket_consumer to None, run_after=None
[2025-02-06T17:29:53.151+0000] {logging_mixin.py:190} INFO - [2025-02-06T17:29:53.151+0000] {dag.py:4180} INFO - Setting next_dagrun for dataset_s3_bucket_producer to None, run_after=None
[2025-02-06T17:29:53.198+0000] {processor.py:208} INFO - Processing /home/airflow/.local/lib/python3.12/site-packages/airflow/example_dags/example_dataset_alias.py took 2.302 seconds
[2025-02-06T17:30:23.908+0000] {processor.py:186} INFO - Started process (PID=164) to work on /home/airflow/.local/lib/python3.12/site-packages/airflow/example_dags/example_dataset_alias.py
[2025-02-06T17:30:23.909+0000] {processor.py:914} INFO - Processing file /home/airflow/.local/lib/python3.12/site-packages/airflow/example_dags/example_dataset_alias.py for tasks to queue
[2025-02-06T17:30:23.912+0000] {logging_mixin.py:190} INFO - [2025-02-06T17:30:23.912+0000] {dagbag.py:588} INFO - Filling up the DagBag from /home/airflow/.local/lib/python3.12/site-packages/airflow/example_dags/example_dataset_alias.py
[2025-02-06T17:30:26.843+0000] {processor.py:925} INFO - DAG(s) 'dataset_s3_bucket_producer', 'dataset_s3_bucket_consumer', 'dataset_alias_example_alias_consumer', 'dataset_alias_example_alias_producer' retrieved from /home/airflow/.local/lib/python3.12/site-packages/airflow/example_dags/example_dataset_alias.py
[2025-02-06T17:30:26.893+0000] {logging_mixin.py:190} INFO - [2025-02-06T17:30:26.892+0000] {dag.py:3239} INFO - Sync 4 DAGs
[2025-02-06T17:30:26.952+0000] {logging_mixin.py:190} INFO - [2025-02-06T17:30:26.951+0000] {dag.py:4180} INFO - Setting next_dagrun for dataset_alias_example_alias_consumer to None, run_after=None
[2025-02-06T17:30:26.958+0000] {logging_mixin.py:190} INFO - [2025-02-06T17:30:26.957+0000] {dag.py:4180} INFO - Setting next_dagrun for dataset_alias_example_alias_producer to None, run_after=None
[2025-02-06T17:30:26.961+0000] {logging_mixin.py:190} INFO - [2025-02-06T17:30:26.961+0000] {dag.py:4180} INFO - Setting next_dagrun for dataset_s3_bucket_consumer to None, run_after=None
[2025-02-06T17:30:26.964+0000] {logging_mixin.py:190} INFO - [2025-02-06T17:30:26.964+0000] {dag.py:4180} INFO - Setting next_dagrun for dataset_s3_bucket_producer to None, run_after=None
[2025-02-06T17:30:27.012+0000] {processor.py:208} INFO - Processing /home/airflow/.local/lib/python3.12/site-packages/airflow/example_dags/example_dataset_alias.py took 3.112 seconds
[2025-02-06T17:30:57.594+0000] {processor.py:186} INFO - Started process (PID=221) to work on /home/airflow/.local/lib/python3.12/site-packages/airflow/example_dags/example_dataset_alias.py
[2025-02-06T17:30:57.596+0000] {processor.py:914} INFO - Processing file /home/airflow/.local/lib/python3.12/site-packages/airflow/example_dags/example_dataset_alias.py for tasks to queue
[2025-02-06T17:30:57.601+0000] {logging_mixin.py:190} INFO - [2025-02-06T17:30:57.600+0000] {dagbag.py:588} INFO - Filling up the DagBag from /home/airflow/.local/lib/python3.12/site-packages/airflow/example_dags/example_dataset_alias.py
[2025-02-06T17:30:59.425+0000] {processor.py:925} INFO - DAG(s) 'dataset_alias_example_alias_producer', 'dataset_alias_example_alias_consumer', 'dataset_s3_bucket_producer', 'dataset_s3_bucket_consumer' retrieved from /home/airflow/.local/lib/python3.12/site-packages/airflow/example_dags/example_dataset_alias.py
[2025-02-06T17:30:59.460+0000] {logging_mixin.py:190} INFO - [2025-02-06T17:30:59.459+0000] {dag.py:3239} INFO - Sync 4 DAGs
[2025-02-06T17:30:59.511+0000] {logging_mixin.py:190} INFO - [2025-02-06T17:30:59.511+0000] {dag.py:4180} INFO - Setting next_dagrun for dataset_alias_example_alias_consumer to None, run_after=None
[2025-02-06T17:30:59.518+0000] {logging_mixin.py:190} INFO - [2025-02-06T17:30:59.517+0000] {dag.py:4180} INFO - Setting next_dagrun for dataset_alias_example_alias_producer to None, run_after=None
[2025-02-06T17:30:59.520+0000] {logging_mixin.py:190} INFO - [2025-02-06T17:30:59.520+0000] {dag.py:4180} INFO - Setting next_dagrun for dataset_s3_bucket_consumer to None, run_after=None
[2025-02-06T17:30:59.522+0000] {logging_mixin.py:190} INFO - [2025-02-06T17:30:59.522+0000] {dag.py:4180} INFO - Setting next_dagrun for dataset_s3_bucket_producer to None, run_after=None
[2025-02-06T17:30:59.564+0000] {processor.py:208} INFO - Processing /home/airflow/.local/lib/python3.12/site-packages/airflow/example_dags/example_dataset_alias.py took 1.984 seconds
[2025-02-06T17:31:30.126+0000] {processor.py:186} INFO - Started process (PID=278) to work on /home/airflow/.local/lib/python3.12/site-packages/airflow/example_dags/example_dataset_alias.py
[2025-02-06T17:31:30.127+0000] {processor.py:914} INFO - Processing file /home/airflow/.local/lib/python3.12/site-packages/airflow/example_dags/example_dataset_alias.py for tasks to queue
[2025-02-06T17:31:30.131+0000] {logging_mixin.py:190} INFO - [2025-02-06T17:31:30.131+0000] {dagbag.py:588} INFO - Filling up the DagBag from /home/airflow/.local/lib/python3.12/site-packages/airflow/example_dags/example_dataset_alias.py
[2025-02-06T17:31:30.923+0000] {processor.py:925} INFO - DAG(s) 'dataset_s3_bucket_consumer', 'dataset_s3_bucket_producer', 'dataset_alias_example_alias_consumer', 'dataset_alias_example_alias_producer' retrieved from /home/airflow/.local/lib/python3.12/site-packages/airflow/example_dags/example_dataset_alias.py
[2025-02-06T17:31:30.950+0000] {logging_mixin.py:190} INFO - [2025-02-06T17:31:30.950+0000] {dag.py:3239} INFO - Sync 4 DAGs
[2025-02-06T17:31:30.982+0000] {logging_mixin.py:190} INFO - [2025-02-06T17:31:30.982+0000] {dag.py:4180} INFO - Setting next_dagrun for dataset_alias_example_alias_consumer to None, run_after=None
[2025-02-06T17:31:30.986+0000] {logging_mixin.py:190} INFO - [2025-02-06T17:31:30.986+0000] {dag.py:4180} INFO - Setting next_dagrun for dataset_alias_example_alias_producer to None, run_after=None
[2025-02-06T17:31:30.989+0000] {logging_mixin.py:190} INFO - [2025-02-06T17:31:30.988+0000] {dag.py:4180} INFO - Setting next_dagrun for dataset_s3_bucket_consumer to None, run_after=None
[2025-02-06T17:31:30.991+0000] {logging_mixin.py:190} INFO - [2025-02-06T17:31:30.991+0000] {dag.py:4180} INFO - Setting next_dagrun for dataset_s3_bucket_producer to None, run_after=None
[2025-02-06T17:31:31.045+0000] {processor.py:208} INFO - Processing /home/airflow/.local/lib/python3.12/site-packages/airflow/example_dags/example_dataset_alias.py took 0.928 seconds
[2025-02-06T17:32:01.266+0000] {processor.py:186} INFO - Started process (PID=335) to work on /home/airflow/.local/lib/python3.12/site-packages/airflow/example_dags/example_dataset_alias.py
[2025-02-06T17:32:01.267+0000] {processor.py:914} INFO - Processing file /home/airflow/.local/lib/python3.12/site-packages/airflow/example_dags/example_dataset_alias.py for tasks to queue
[2025-02-06T17:32:01.270+0000] {logging_mixin.py:190} INFO - [2025-02-06T17:32:01.270+0000] {dagbag.py:588} INFO - Filling up the DagBag from /home/airflow/.local/lib/python3.12/site-packages/airflow/example_dags/example_dataset_alias.py
[2025-02-06T17:32:02.079+0000] {processor.py:925} INFO - DAG(s) 'dataset_alias_example_alias_producer', 'dataset_alias_example_alias_consumer', 'dataset_s3_bucket_producer', 'dataset_s3_bucket_consumer' retrieved from /home/airflow/.local/lib/python3.12/site-packages/airflow/example_dags/example_dataset_alias.py
[2025-02-06T17:32:02.106+0000] {logging_mixin.py:190} INFO - [2025-02-06T17:32:02.105+0000] {dag.py:3239} INFO - Sync 4 DAGs
[2025-02-06T17:32:02.133+0000] {logging_mixin.py:190} INFO - [2025-02-06T17:32:02.133+0000] {dag.py:4180} INFO - Setting next_dagrun for dataset_alias_example_alias_consumer to None, run_after=None
[2025-02-06T17:32:02.137+0000] {logging_mixin.py:190} INFO - [2025-02-06T17:32:02.137+0000] {dag.py:4180} INFO - Setting next_dagrun for dataset_alias_example_alias_producer to None, run_after=None
[2025-02-06T17:32:02.139+0000] {logging_mixin.py:190} INFO - [2025-02-06T17:32:02.139+0000] {dag.py:4180} INFO - Setting next_dagrun for dataset_s3_bucket_consumer to None, run_after=None
[2025-02-06T17:32:02.141+0000] {logging_mixin.py:190} INFO - [2025-02-06T17:32:02.141+0000] {dag.py:4180} INFO - Setting next_dagrun for dataset_s3_bucket_producer to None, run_after=None
[2025-02-06T17:32:02.172+0000] {processor.py:208} INFO - Processing /home/airflow/.local/lib/python3.12/site-packages/airflow/example_dags/example_dataset_alias.py took 0.913 seconds
[2025-02-06T17:32:32.590+0000] {processor.py:186} INFO - Started process (PID=392) to work on /home/airflow/.local/lib/python3.12/site-packages/airflow/example_dags/example_dataset_alias.py
[2025-02-06T17:32:32.592+0000] {processor.py:914} INFO - Processing file /home/airflow/.local/lib/python3.12/site-packages/airflow/example_dags/example_dataset_alias.py for tasks to queue
[2025-02-06T17:32:32.596+0000] {logging_mixin.py:190} INFO - [2025-02-06T17:32:32.595+0000] {dagbag.py:588} INFO - Filling up the DagBag from /home/airflow/.local/lib/python3.12/site-packages/airflow/example_dags/example_dataset_alias.py
[2025-02-06T17:32:33.558+0000] {processor.py:925} INFO - DAG(s) 'dataset_s3_bucket_consumer', 'dataset_s3_bucket_producer', 'dataset_alias_example_alias_producer', 'dataset_alias_example_alias_consumer' retrieved from /home/airflow/.local/lib/python3.12/site-packages/airflow/example_dags/example_dataset_alias.py
[2025-02-06T17:32:33.586+0000] {logging_mixin.py:190} INFO - [2025-02-06T17:32:33.586+0000] {dag.py:3239} INFO - Sync 4 DAGs
[2025-02-06T17:32:33.617+0000] {logging_mixin.py:190} INFO - [2025-02-06T17:32:33.617+0000] {dag.py:4180} INFO - Setting next_dagrun for dataset_alias_example_alias_consumer to None, run_after=None
[2025-02-06T17:32:33.621+0000] {logging_mixin.py:190} INFO - [2025-02-06T17:32:33.620+0000] {dag.py:4180} INFO - Setting next_dagrun for dataset_alias_example_alias_producer to None, run_after=None
[2025-02-06T17:32:33.623+0000] {logging_mixin.py:190} INFO - [2025-02-06T17:32:33.623+0000] {dag.py:4180} INFO - Setting next_dagrun for dataset_s3_bucket_consumer to None, run_after=None
[2025-02-06T17:32:33.625+0000] {logging_mixin.py:190} INFO - [2025-02-06T17:32:33.624+0000] {dag.py:4180} INFO - Setting next_dagrun for dataset_s3_bucket_producer to None, run_after=None
[2025-02-06T17:32:33.660+0000] {processor.py:208} INFO - Processing /home/airflow/.local/lib/python3.12/site-packages/airflow/example_dags/example_dataset_alias.py took 1.079 seconds
[2025-02-06T17:33:04.050+0000] {processor.py:186} INFO - Started process (PID=449) to work on /home/airflow/.local/lib/python3.12/site-packages/airflow/example_dags/example_dataset_alias.py
[2025-02-06T17:33:04.051+0000] {processor.py:914} INFO - Processing file /home/airflow/.local/lib/python3.12/site-packages/airflow/example_dags/example_dataset_alias.py for tasks to queue
[2025-02-06T17:33:04.055+0000] {logging_mixin.py:190} INFO - [2025-02-06T17:33:04.055+0000] {dagbag.py:588} INFO - Filling up the DagBag from /home/airflow/.local/lib/python3.12/site-packages/airflow/example_dags/example_dataset_alias.py
[2025-02-06T17:33:04.955+0000] {processor.py:925} INFO - DAG(s) 'dataset_alias_example_alias_consumer', 'dataset_s3_bucket_consumer', 'dataset_alias_example_alias_producer', 'dataset_s3_bucket_producer' retrieved from /home/airflow/.local/lib/python3.12/site-packages/airflow/example_dags/example_dataset_alias.py
[2025-02-06T17:33:04.985+0000] {logging_mixin.py:190} INFO - [2025-02-06T17:33:04.984+0000] {dag.py:3239} INFO - Sync 4 DAGs
[2025-02-06T17:33:05.014+0000] {logging_mixin.py:190} INFO - [2025-02-06T17:33:05.014+0000] {dag.py:4180} INFO - Setting next_dagrun for dataset_alias_example_alias_consumer to None, run_after=None
[2025-02-06T17:33:05.018+0000] {logging_mixin.py:190} INFO - [2025-02-06T17:33:05.018+0000] {dag.py:4180} INFO - Setting next_dagrun for dataset_alias_example_alias_producer to None, run_after=None
[2025-02-06T17:33:05.021+0000] {logging_mixin.py:190} INFO - [2025-02-06T17:33:05.020+0000] {dag.py:4180} INFO - Setting next_dagrun for dataset_s3_bucket_consumer to None, run_after=None
[2025-02-06T17:33:05.023+0000] {logging_mixin.py:190} INFO - [2025-02-06T17:33:05.022+0000] {dag.py:4180} INFO - Setting next_dagrun for dataset_s3_bucket_producer to None, run_after=None
[2025-02-06T17:33:05.055+0000] {processor.py:208} INFO - Processing /home/airflow/.local/lib/python3.12/site-packages/airflow/example_dags/example_dataset_alias.py took 1.016 seconds
[2025-02-06T17:33:35.290+0000] {processor.py:186} INFO - Started process (PID=506) to work on /home/airflow/.local/lib/python3.12/site-packages/airflow/example_dags/example_dataset_alias.py
[2025-02-06T17:33:35.292+0000] {processor.py:914} INFO - Processing file /home/airflow/.local/lib/python3.12/site-packages/airflow/example_dags/example_dataset_alias.py for tasks to queue
[2025-02-06T17:33:35.296+0000] {logging_mixin.py:190} INFO - [2025-02-06T17:33:35.295+0000] {dagbag.py:588} INFO - Filling up the DagBag from /home/airflow/.local/lib/python3.12/site-packages/airflow/example_dags/example_dataset_alias.py
[2025-02-06T17:33:36.188+0000] {processor.py:925} INFO - DAG(s) 'dataset_s3_bucket_consumer', 'dataset_alias_example_alias_consumer', 'dataset_s3_bucket_producer', 'dataset_alias_example_alias_producer' retrieved from /home/airflow/.local/lib/python3.12/site-packages/airflow/example_dags/example_dataset_alias.py
[2025-02-06T17:33:36.217+0000] {logging_mixin.py:190} INFO - [2025-02-06T17:33:36.216+0000] {dag.py:3239} INFO - Sync 4 DAGs
[2025-02-06T17:33:36.249+0000] {logging_mixin.py:190} INFO - [2025-02-06T17:33:36.248+0000] {dag.py:4180} INFO - Setting next_dagrun for dataset_alias_example_alias_consumer to None, run_after=None
[2025-02-06T17:33:36.252+0000] {logging_mixin.py:190} INFO - [2025-02-06T17:33:36.252+0000] {dag.py:4180} INFO - Setting next_dagrun for dataset_alias_example_alias_producer to None, run_after=None
[2025-02-06T17:33:36.255+0000] {logging_mixin.py:190} INFO - [2025-02-06T17:33:36.254+0000] {dag.py:4180} INFO - Setting next_dagrun for dataset_s3_bucket_consumer to None, run_after=None
[2025-02-06T17:33:36.257+0000] {logging_mixin.py:190} INFO - [2025-02-06T17:33:36.256+0000] {dag.py:4180} INFO - Setting next_dagrun for dataset_s3_bucket_producer to None, run_after=None
[2025-02-06T17:33:36.291+0000] {processor.py:208} INFO - Processing /home/airflow/.local/lib/python3.12/site-packages/airflow/example_dags/example_dataset_alias.py took 1.010 seconds
[2025-02-06T17:34:06.926+0000] {processor.py:186} INFO - Started process (PID=563) to work on /home/airflow/.local/lib/python3.12/site-packages/airflow/example_dags/example_dataset_alias.py
[2025-02-06T17:34:06.928+0000] {processor.py:914} INFO - Processing file /home/airflow/.local/lib/python3.12/site-packages/airflow/example_dags/example_dataset_alias.py for tasks to queue
[2025-02-06T17:34:06.931+0000] {logging_mixin.py:190} INFO - [2025-02-06T17:34:06.930+0000] {dagbag.py:588} INFO - Filling up the DagBag from /home/airflow/.local/lib/python3.12/site-packages/airflow/example_dags/example_dataset_alias.py
[2025-02-06T17:34:07.778+0000] {processor.py:925} INFO - DAG(s) 'dataset_alias_example_alias_producer', 'dataset_s3_bucket_consumer', 'dataset_alias_example_alias_consumer', 'dataset_s3_bucket_producer' retrieved from /home/airflow/.local/lib/python3.12/site-packages/airflow/example_dags/example_dataset_alias.py
[2025-02-06T17:34:07.815+0000] {logging_mixin.py:190} INFO - [2025-02-06T17:34:07.815+0000] {dag.py:3239} INFO - Sync 4 DAGs
[2025-02-06T17:34:07.858+0000] {logging_mixin.py:190} INFO - [2025-02-06T17:34:07.858+0000] {dag.py:4180} INFO - Setting next_dagrun for dataset_alias_example_alias_consumer to None, run_after=None
[2025-02-06T17:34:07.863+0000] {logging_mixin.py:190} INFO - [2025-02-06T17:34:07.862+0000] {dag.py:4180} INFO - Setting next_dagrun for dataset_alias_example_alias_producer to None, run_after=None
[2025-02-06T17:34:07.865+0000] {logging_mixin.py:190} INFO - [2025-02-06T17:34:07.865+0000] {dag.py:4180} INFO - Setting next_dagrun for dataset_s3_bucket_consumer to None, run_after=None
[2025-02-06T17:34:07.868+0000] {logging_mixin.py:190} INFO - [2025-02-06T17:34:07.868+0000] {dag.py:4180} INFO - Setting next_dagrun for dataset_s3_bucket_producer to None, run_after=None
[2025-02-06T17:34:07.905+0000] {processor.py:208} INFO - Processing /home/airflow/.local/lib/python3.12/site-packages/airflow/example_dags/example_dataset_alias.py took 0.987 seconds
[2025-02-06T17:34:38.654+0000] {processor.py:186} INFO - Started process (PID=620) to work on /home/airflow/.local/lib/python3.12/site-packages/airflow/example_dags/example_dataset_alias.py
[2025-02-06T17:34:38.655+0000] {processor.py:914} INFO - Processing file /home/airflow/.local/lib/python3.12/site-packages/airflow/example_dags/example_dataset_alias.py for tasks to queue
[2025-02-06T17:34:38.659+0000] {logging_mixin.py:190} INFO - [2025-02-06T17:34:38.658+0000] {dagbag.py:588} INFO - Filling up the DagBag from /home/airflow/.local/lib/python3.12/site-packages/airflow/example_dags/example_dataset_alias.py
[2025-02-06T17:34:39.709+0000] {processor.py:925} INFO - DAG(s) 'dataset_alias_example_alias_producer', 'dataset_alias_example_alias_consumer', 'dataset_s3_bucket_consumer', 'dataset_s3_bucket_producer' retrieved from /home/airflow/.local/lib/python3.12/site-packages/airflow/example_dags/example_dataset_alias.py
[2025-02-06T17:34:39.751+0000] {logging_mixin.py:190} INFO - [2025-02-06T17:34:39.750+0000] {dag.py:3239} INFO - Sync 4 DAGs
[2025-02-06T17:34:39.793+0000] {logging_mixin.py:190} INFO - [2025-02-06T17:34:39.793+0000] {dag.py:4180} INFO - Setting next_dagrun for dataset_alias_example_alias_consumer to None, run_after=None
[2025-02-06T17:34:39.801+0000] {logging_mixin.py:190} INFO - [2025-02-06T17:34:39.801+0000] {dag.py:4180} INFO - Setting next_dagrun for dataset_alias_example_alias_producer to None, run_after=None
[2025-02-06T17:34:39.804+0000] {logging_mixin.py:190} INFO - [2025-02-06T17:34:39.804+0000] {dag.py:4180} INFO - Setting next_dagrun for dataset_s3_bucket_consumer to None, run_after=None
[2025-02-06T17:34:39.807+0000] {logging_mixin.py:190} INFO - [2025-02-06T17:34:39.807+0000] {dag.py:4180} INFO - Setting next_dagrun for dataset_s3_bucket_producer to None, run_after=None
[2025-02-06T17:34:39.853+0000] {processor.py:208} INFO - Processing /home/airflow/.local/lib/python3.12/site-packages/airflow/example_dags/example_dataset_alias.py took 1.208 seconds
[2025-02-06T17:35:09.991+0000] {processor.py:186} INFO - Started process (PID=677) to work on /home/airflow/.local/lib/python3.12/site-packages/airflow/example_dags/example_dataset_alias.py
[2025-02-06T17:35:09.992+0000] {processor.py:914} INFO - Processing file /home/airflow/.local/lib/python3.12/site-packages/airflow/example_dags/example_dataset_alias.py for tasks to queue
[2025-02-06T17:35:09.995+0000] {logging_mixin.py:190} INFO - [2025-02-06T17:35:09.995+0000] {dagbag.py:588} INFO - Filling up the DagBag from /home/airflow/.local/lib/python3.12/site-packages/airflow/example_dags/example_dataset_alias.py
[2025-02-06T17:35:10.903+0000] {processor.py:925} INFO - DAG(s) 'dataset_alias_example_alias_producer', 'dataset_s3_bucket_consumer', 'dataset_s3_bucket_producer', 'dataset_alias_example_alias_consumer' retrieved from /home/airflow/.local/lib/python3.12/site-packages/airflow/example_dags/example_dataset_alias.py
[2025-02-06T17:35:10.934+0000] {logging_mixin.py:190} INFO - [2025-02-06T17:35:10.933+0000] {dag.py:3239} INFO - Sync 4 DAGs
[2025-02-06T17:35:10.966+0000] {logging_mixin.py:190} INFO - [2025-02-06T17:35:10.965+0000] {dag.py:4180} INFO - Setting next_dagrun for dataset_alias_example_alias_consumer to None, run_after=None
[2025-02-06T17:35:10.970+0000] {logging_mixin.py:190} INFO - [2025-02-06T17:35:10.970+0000] {dag.py:4180} INFO - Setting next_dagrun for dataset_alias_example_alias_producer to None, run_after=None
[2025-02-06T17:35:10.973+0000] {logging_mixin.py:190} INFO - [2025-02-06T17:35:10.972+0000] {dag.py:4180} INFO - Setting next_dagrun for dataset_s3_bucket_consumer to None, run_after=None
[2025-02-06T17:35:10.976+0000] {logging_mixin.py:190} INFO - [2025-02-06T17:35:10.976+0000] {dag.py:4180} INFO - Setting next_dagrun for dataset_s3_bucket_producer to None, run_after=None
[2025-02-06T17:35:11.012+0000] {processor.py:208} INFO - Processing /home/airflow/.local/lib/python3.12/site-packages/airflow/example_dags/example_dataset_alias.py took 1.029 seconds
[2025-02-06T17:35:41.684+0000] {processor.py:186} INFO - Started process (PID=734) to work on /home/airflow/.local/lib/python3.12/site-packages/airflow/example_dags/example_dataset_alias.py
[2025-02-06T17:35:41.685+0000] {processor.py:914} INFO - Processing file /home/airflow/.local/lib/python3.12/site-packages/airflow/example_dags/example_dataset_alias.py for tasks to queue
[2025-02-06T17:35:41.689+0000] {logging_mixin.py:190} INFO - [2025-02-06T17:35:41.688+0000] {dagbag.py:588} INFO - Filling up the DagBag from /home/airflow/.local/lib/python3.12/site-packages/airflow/example_dags/example_dataset_alias.py
[2025-02-06T17:35:42.549+0000] {processor.py:925} INFO - DAG(s) 'dataset_alias_example_alias_consumer', 'dataset_s3_bucket_producer', 'dataset_alias_example_alias_producer', 'dataset_s3_bucket_consumer' retrieved from /home/airflow/.local/lib/python3.12/site-packages/airflow/example_dags/example_dataset_alias.py
[2025-02-06T17:35:42.582+0000] {logging_mixin.py:190} INFO - [2025-02-06T17:35:42.581+0000] {dag.py:3239} INFO - Sync 4 DAGs
[2025-02-06T17:35:42.619+0000] {logging_mixin.py:190} INFO - [2025-02-06T17:35:42.619+0000] {dag.py:4180} INFO - Setting next_dagrun for dataset_alias_example_alias_consumer to None, run_after=None
[2025-02-06T17:35:42.624+0000] {logging_mixin.py:190} INFO - [2025-02-06T17:35:42.624+0000] {dag.py:4180} INFO - Setting next_dagrun for dataset_alias_example_alias_producer to None, run_after=None
[2025-02-06T17:35:42.629+0000] {logging_mixin.py:190} INFO - [2025-02-06T17:35:42.629+0000] {dag.py:4180} INFO - Setting next_dagrun for dataset_s3_bucket_consumer to None, run_after=None
[2025-02-06T17:35:42.631+0000] {logging_mixin.py:190} INFO - [2025-02-06T17:35:42.631+0000] {dag.py:4180} INFO - Setting next_dagrun for dataset_s3_bucket_producer to None, run_after=None
[2025-02-06T17:35:42.674+0000] {processor.py:208} INFO - Processing /home/airflow/.local/lib/python3.12/site-packages/airflow/example_dags/example_dataset_alias.py took 0.998 seconds
[2025-02-06T17:36:12.991+0000] {processor.py:186} INFO - Started process (PID=791) to work on /home/airflow/.local/lib/python3.12/site-packages/airflow/example_dags/example_dataset_alias.py
[2025-02-06T17:36:12.992+0000] {processor.py:914} INFO - Processing file /home/airflow/.local/lib/python3.12/site-packages/airflow/example_dags/example_dataset_alias.py for tasks to queue
[2025-02-06T17:36:12.995+0000] {logging_mixin.py:190} INFO - [2025-02-06T17:36:12.995+0000] {dagbag.py:588} INFO - Filling up the DagBag from /home/airflow/.local/lib/python3.12/site-packages/airflow/example_dags/example_dataset_alias.py
[2025-02-06T17:36:13.824+0000] {processor.py:925} INFO - DAG(s) 'dataset_alias_example_alias_producer', 'dataset_s3_bucket_consumer', 'dataset_alias_example_alias_consumer', 'dataset_s3_bucket_producer' retrieved from /home/airflow/.local/lib/python3.12/site-packages/airflow/example_dags/example_dataset_alias.py
[2025-02-06T17:36:13.864+0000] {logging_mixin.py:190} INFO - [2025-02-06T17:36:13.863+0000] {dag.py:3239} INFO - Sync 4 DAGs
[2025-02-06T17:36:13.894+0000] {logging_mixin.py:190} INFO - [2025-02-06T17:36:13.894+0000] {dag.py:4180} INFO - Setting next_dagrun for dataset_alias_example_alias_consumer to None, run_after=None
[2025-02-06T17:36:13.898+0000] {logging_mixin.py:190} INFO - [2025-02-06T17:36:13.897+0000] {dag.py:4180} INFO - Setting next_dagrun for dataset_alias_example_alias_producer to None, run_after=None
[2025-02-06T17:36:13.900+0000] {logging_mixin.py:190} INFO - [2025-02-06T17:36:13.900+0000] {dag.py:4180} INFO - Setting next_dagrun for dataset_s3_bucket_consumer to None, run_after=None
[2025-02-06T17:36:13.902+0000] {logging_mixin.py:190} INFO - [2025-02-06T17:36:13.902+0000] {dag.py:4180} INFO - Setting next_dagrun for dataset_s3_bucket_producer to None, run_after=None
[2025-02-06T17:36:13.933+0000] {processor.py:208} INFO - Processing /home/airflow/.local/lib/python3.12/site-packages/airflow/example_dags/example_dataset_alias.py took 0.950 seconds
[2025-02-06T17:41:39.519+0000] {processor.py:186} INFO - Started process (PID=48) to work on /home/airflow/.local/lib/python3.12/site-packages/airflow/example_dags/example_dataset_alias.py
[2025-02-06T17:41:39.522+0000] {processor.py:914} INFO - Processing file /home/airflow/.local/lib/python3.12/site-packages/airflow/example_dags/example_dataset_alias.py for tasks to queue
[2025-02-06T17:41:39.537+0000] {logging_mixin.py:190} INFO - [2025-02-06T17:41:39.536+0000] {dagbag.py:588} INFO - Filling up the DagBag from /home/airflow/.local/lib/python3.12/site-packages/airflow/example_dags/example_dataset_alias.py
[2025-02-06T17:41:41.096+0000] {processor.py:925} INFO - DAG(s) 'dataset_s3_bucket_producer', 'dataset_s3_bucket_consumer', 'dataset_alias_example_alias_consumer', 'dataset_alias_example_alias_producer' retrieved from /home/airflow/.local/lib/python3.12/site-packages/airflow/example_dags/example_dataset_alias.py
[2025-02-06T17:41:41.310+0000] {logging_mixin.py:190} INFO - [2025-02-06T17:41:41.309+0000] {override.py:1911} INFO - Created Permission View: can delete on DAG:dataset_s3_bucket_producer
[2025-02-06T17:41:41.333+0000] {logging_mixin.py:190} INFO - [2025-02-06T17:41:41.332+0000] {override.py:1911} INFO - Created Permission View: can read on DAG:dataset_s3_bucket_producer
[2025-02-06T17:41:41.351+0000] {logging_mixin.py:190} INFO - [2025-02-06T17:41:41.350+0000] {override.py:1911} INFO - Created Permission View: can edit on DAG:dataset_s3_bucket_producer
[2025-02-06T17:41:41.363+0000] {logging_mixin.py:190} INFO - [2025-02-06T17:41:41.363+0000] {override.py:1911} INFO - Created Permission View: can delete on DAG Run:dataset_s3_bucket_producer
[2025-02-06T17:41:41.379+0000] {logging_mixin.py:190} INFO - [2025-02-06T17:41:41.378+0000] {override.py:1911} INFO - Created Permission View: can create on DAG Run:dataset_s3_bucket_producer
[2025-02-06T17:41:41.394+0000] {logging_mixin.py:190} INFO - [2025-02-06T17:41:41.390+0000] {override.py:1911} INFO - Created Permission View: can read on DAG Run:dataset_s3_bucket_producer
[2025-02-06T17:41:41.403+0000] {logging_mixin.py:190} INFO - [2025-02-06T17:41:41.402+0000] {override.py:1911} INFO - Created Permission View: menu access on DAG Run:dataset_s3_bucket_producer
[2025-02-06T17:41:41.424+0000] {logging_mixin.py:190} INFO - [2025-02-06T17:41:41.423+0000] {override.py:1911} INFO - Created Permission View: can delete on DAG:dataset_s3_bucket_consumer
[2025-02-06T17:41:41.437+0000] {logging_mixin.py:190} INFO - [2025-02-06T17:41:41.435+0000] {override.py:1911} INFO - Created Permission View: can read on DAG:dataset_s3_bucket_consumer
[2025-02-06T17:41:41.445+0000] {logging_mixin.py:190} INFO - [2025-02-06T17:41:41.445+0000] {override.py:1911} INFO - Created Permission View: can edit on DAG:dataset_s3_bucket_consumer
[2025-02-06T17:41:41.462+0000] {logging_mixin.py:190} INFO - [2025-02-06T17:41:41.461+0000] {override.py:1911} INFO - Created Permission View: can delete on DAG Run:dataset_s3_bucket_consumer
[2025-02-06T17:41:41.473+0000] {logging_mixin.py:190} INFO - [2025-02-06T17:41:41.472+0000] {override.py:1911} INFO - Created Permission View: can create on DAG Run:dataset_s3_bucket_consumer
[2025-02-06T17:41:41.488+0000] {logging_mixin.py:190} INFO - [2025-02-06T17:41:41.487+0000] {override.py:1911} INFO - Created Permission View: can read on DAG Run:dataset_s3_bucket_consumer
[2025-02-06T17:41:41.503+0000] {logging_mixin.py:190} INFO - [2025-02-06T17:41:41.502+0000] {override.py:1911} INFO - Created Permission View: menu access on DAG Run:dataset_s3_bucket_consumer
[2025-02-06T17:41:41.526+0000] {logging_mixin.py:190} INFO - [2025-02-06T17:41:41.525+0000] {override.py:1911} INFO - Created Permission View: can delete on DAG:dataset_alias_example_alias_consumer
[2025-02-06T17:41:41.543+0000] {logging_mixin.py:190} INFO - [2025-02-06T17:41:41.540+0000] {override.py:1911} INFO - Created Permission View: can read on DAG:dataset_alias_example_alias_consumer
[2025-02-06T17:41:41.553+0000] {logging_mixin.py:190} INFO - [2025-02-06T17:41:41.552+0000] {override.py:1911} INFO - Created Permission View: can edit on DAG:dataset_alias_example_alias_consumer
[2025-02-06T17:41:41.567+0000] {logging_mixin.py:190} INFO - [2025-02-06T17:41:41.567+0000] {override.py:1911} INFO - Created Permission View: can delete on DAG Run:dataset_alias_example_alias_consumer
[2025-02-06T17:41:41.575+0000] {logging_mixin.py:190} INFO - [2025-02-06T17:41:41.575+0000] {override.py:1911} INFO - Created Permission View: can create on DAG Run:dataset_alias_example_alias_consumer
[2025-02-06T17:41:41.589+0000] {logging_mixin.py:190} INFO - [2025-02-06T17:41:41.588+0000] {override.py:1911} INFO - Created Permission View: can read on DAG Run:dataset_alias_example_alias_consumer
[2025-02-06T17:41:41.597+0000] {logging_mixin.py:190} INFO - [2025-02-06T17:41:41.597+0000] {override.py:1911} INFO - Created Permission View: menu access on DAG Run:dataset_alias_example_alias_consumer
[2025-02-06T17:41:41.619+0000] {logging_mixin.py:190} INFO - [2025-02-06T17:41:41.618+0000] {override.py:1911} INFO - Created Permission View: can delete on DAG:dataset_alias_example_alias_producer
[2025-02-06T17:41:41.632+0000] {logging_mixin.py:190} INFO - [2025-02-06T17:41:41.632+0000] {override.py:1911} INFO - Created Permission View: can read on DAG:dataset_alias_example_alias_producer
[2025-02-06T17:41:41.643+0000] {logging_mixin.py:190} INFO - [2025-02-06T17:41:41.643+0000] {override.py:1911} INFO - Created Permission View: can edit on DAG:dataset_alias_example_alias_producer
[2025-02-06T17:41:41.661+0000] {logging_mixin.py:190} INFO - [2025-02-06T17:41:41.661+0000] {override.py:1911} INFO - Created Permission View: can delete on DAG Run:dataset_alias_example_alias_producer
[2025-02-06T17:41:41.677+0000] {logging_mixin.py:190} INFO - [2025-02-06T17:41:41.676+0000] {override.py:1911} INFO - Created Permission View: can create on DAG Run:dataset_alias_example_alias_producer
[2025-02-06T17:41:41.687+0000] {logging_mixin.py:190} INFO - [2025-02-06T17:41:41.686+0000] {override.py:1911} INFO - Created Permission View: can read on DAG Run:dataset_alias_example_alias_producer
[2025-02-06T17:41:41.702+0000] {logging_mixin.py:190} INFO - [2025-02-06T17:41:41.702+0000] {override.py:1911} INFO - Created Permission View: menu access on DAG Run:dataset_alias_example_alias_producer
[2025-02-06T17:41:41.703+0000] {logging_mixin.py:190} INFO - [2025-02-06T17:41:41.703+0000] {dag.py:3239} INFO - Sync 4 DAGs
[2025-02-06T17:41:41.727+0000] {logging_mixin.py:190} INFO - [2025-02-06T17:41:41.726+0000] {dag.py:3262} INFO - Creating ORM DAG for dataset_alias_example_alias_producer
[2025-02-06T17:41:41.728+0000] {logging_mixin.py:190} INFO - [2025-02-06T17:41:41.728+0000] {dag.py:3262} INFO - Creating ORM DAG for dataset_s3_bucket_consumer
[2025-02-06T17:41:41.729+0000] {logging_mixin.py:190} INFO - [2025-02-06T17:41:41.729+0000] {dag.py:3262} INFO - Creating ORM DAG for dataset_s3_bucket_producer
[2025-02-06T17:41:41.730+0000] {logging_mixin.py:190} INFO - [2025-02-06T17:41:41.730+0000] {dag.py:3262} INFO - Creating ORM DAG for dataset_alias_example_alias_consumer
[2025-02-06T17:41:41.748+0000] {logging_mixin.py:190} INFO - [2025-02-06T17:41:41.747+0000] {dag.py:4180} INFO - Setting next_dagrun for dataset_alias_example_alias_consumer to None, run_after=None
[2025-02-06T17:41:41.749+0000] {logging_mixin.py:190} INFO - [2025-02-06T17:41:41.749+0000] {dag.py:4180} INFO - Setting next_dagrun for dataset_alias_example_alias_producer to None, run_after=None
[2025-02-06T17:41:41.750+0000] {logging_mixin.py:190} INFO - [2025-02-06T17:41:41.750+0000] {dag.py:4180} INFO - Setting next_dagrun for dataset_s3_bucket_consumer to None, run_after=None
[2025-02-06T17:41:41.751+0000] {logging_mixin.py:190} INFO - [2025-02-06T17:41:41.751+0000] {dag.py:4180} INFO - Setting next_dagrun for dataset_s3_bucket_producer to None, run_after=None
[2025-02-06T17:41:41.808+0000] {processor.py:208} INFO - Processing /home/airflow/.local/lib/python3.12/site-packages/airflow/example_dags/example_dataset_alias.py took 2.309 seconds
[2025-02-06T17:42:12.522+0000] {processor.py:186} INFO - Started process (PID=107) to work on /home/airflow/.local/lib/python3.12/site-packages/airflow/example_dags/example_dataset_alias.py
[2025-02-06T17:42:12.523+0000] {processor.py:914} INFO - Processing file /home/airflow/.local/lib/python3.12/site-packages/airflow/example_dags/example_dataset_alias.py for tasks to queue
[2025-02-06T17:42:12.527+0000] {logging_mixin.py:190} INFO - [2025-02-06T17:42:12.526+0000] {dagbag.py:588} INFO - Filling up the DagBag from /home/airflow/.local/lib/python3.12/site-packages/airflow/example_dags/example_dataset_alias.py
[2025-02-06T17:42:13.455+0000] {processor.py:925} INFO - DAG(s) 'dataset_alias_example_alias_producer', 'dataset_s3_bucket_consumer', 'dataset_s3_bucket_producer', 'dataset_alias_example_alias_consumer' retrieved from /home/airflow/.local/lib/python3.12/site-packages/airflow/example_dags/example_dataset_alias.py
[2025-02-06T17:42:13.490+0000] {logging_mixin.py:190} INFO - [2025-02-06T17:42:13.489+0000] {dag.py:3239} INFO - Sync 4 DAGs
[2025-02-06T17:42:13.525+0000] {logging_mixin.py:190} INFO - [2025-02-06T17:42:13.524+0000] {dag.py:4180} INFO - Setting next_dagrun for dataset_alias_example_alias_consumer to None, run_after=None
[2025-02-06T17:42:13.530+0000] {logging_mixin.py:190} INFO - [2025-02-06T17:42:13.529+0000] {dag.py:4180} INFO - Setting next_dagrun for dataset_alias_example_alias_producer to None, run_after=None
[2025-02-06T17:42:13.533+0000] {logging_mixin.py:190} INFO - [2025-02-06T17:42:13.533+0000] {dag.py:4180} INFO - Setting next_dagrun for dataset_s3_bucket_consumer to None, run_after=None
[2025-02-06T17:42:13.536+0000] {logging_mixin.py:190} INFO - [2025-02-06T17:42:13.535+0000] {dag.py:4180} INFO - Setting next_dagrun for dataset_s3_bucket_producer to None, run_after=None
[2025-02-06T17:42:13.582+0000] {processor.py:208} INFO - Processing /home/airflow/.local/lib/python3.12/site-packages/airflow/example_dags/example_dataset_alias.py took 1.069 seconds
[2025-02-06T17:42:43.897+0000] {processor.py:186} INFO - Started process (PID=165) to work on /home/airflow/.local/lib/python3.12/site-packages/airflow/example_dags/example_dataset_alias.py
[2025-02-06T17:42:43.898+0000] {processor.py:914} INFO - Processing file /home/airflow/.local/lib/python3.12/site-packages/airflow/example_dags/example_dataset_alias.py for tasks to queue
[2025-02-06T17:42:43.901+0000] {logging_mixin.py:190} INFO - [2025-02-06T17:42:43.901+0000] {dagbag.py:588} INFO - Filling up the DagBag from /home/airflow/.local/lib/python3.12/site-packages/airflow/example_dags/example_dataset_alias.py
[2025-02-06T17:42:44.696+0000] {processor.py:925} INFO - DAG(s) 'dataset_s3_bucket_producer', 'dataset_s3_bucket_consumer', 'dataset_alias_example_alias_producer', 'dataset_alias_example_alias_consumer' retrieved from /home/airflow/.local/lib/python3.12/site-packages/airflow/example_dags/example_dataset_alias.py
[2025-02-06T17:42:44.724+0000] {logging_mixin.py:190} INFO - [2025-02-06T17:42:44.724+0000] {dag.py:3239} INFO - Sync 4 DAGs
[2025-02-06T17:42:44.755+0000] {logging_mixin.py:190} INFO - [2025-02-06T17:42:44.755+0000] {dag.py:4180} INFO - Setting next_dagrun for dataset_alias_example_alias_consumer to None, run_after=None
[2025-02-06T17:42:44.760+0000] {logging_mixin.py:190} INFO - [2025-02-06T17:42:44.760+0000] {dag.py:4180} INFO - Setting next_dagrun for dataset_alias_example_alias_producer to None, run_after=None
[2025-02-06T17:42:44.763+0000] {logging_mixin.py:190} INFO - [2025-02-06T17:42:44.763+0000] {dag.py:4180} INFO - Setting next_dagrun for dataset_s3_bucket_consumer to None, run_after=None
[2025-02-06T17:42:44.765+0000] {logging_mixin.py:190} INFO - [2025-02-06T17:42:44.765+0000] {dag.py:4180} INFO - Setting next_dagrun for dataset_s3_bucket_producer to None, run_after=None
[2025-02-06T17:42:44.796+0000] {processor.py:208} INFO - Processing /home/airflow/.local/lib/python3.12/site-packages/airflow/example_dags/example_dataset_alias.py took 0.907 seconds
[2025-02-06T17:43:14.947+0000] {processor.py:186} INFO - Started process (PID=222) to work on /home/airflow/.local/lib/python3.12/site-packages/airflow/example_dags/example_dataset_alias.py
[2025-02-06T17:43:14.948+0000] {processor.py:914} INFO - Processing file /home/airflow/.local/lib/python3.12/site-packages/airflow/example_dags/example_dataset_alias.py for tasks to queue
[2025-02-06T17:43:14.951+0000] {logging_mixin.py:190} INFO - [2025-02-06T17:43:14.951+0000] {dagbag.py:588} INFO - Filling up the DagBag from /home/airflow/.local/lib/python3.12/site-packages/airflow/example_dags/example_dataset_alias.py
[2025-02-06T17:43:15.725+0000] {processor.py:925} INFO - DAG(s) 'dataset_alias_example_alias_producer', 'dataset_alias_example_alias_consumer', 'dataset_s3_bucket_consumer', 'dataset_s3_bucket_producer' retrieved from /home/airflow/.local/lib/python3.12/site-packages/airflow/example_dags/example_dataset_alias.py
[2025-02-06T17:43:15.752+0000] {logging_mixin.py:190} INFO - [2025-02-06T17:43:15.752+0000] {dag.py:3239} INFO - Sync 4 DAGs
[2025-02-06T17:43:15.782+0000] {logging_mixin.py:190} INFO - [2025-02-06T17:43:15.781+0000] {dag.py:4180} INFO - Setting next_dagrun for dataset_alias_example_alias_consumer to None, run_after=None
[2025-02-06T17:43:15.785+0000] {logging_mixin.py:190} INFO - [2025-02-06T17:43:15.785+0000] {dag.py:4180} INFO - Setting next_dagrun for dataset_alias_example_alias_producer to None, run_after=None
[2025-02-06T17:43:15.788+0000] {logging_mixin.py:190} INFO - [2025-02-06T17:43:15.787+0000] {dag.py:4180} INFO - Setting next_dagrun for dataset_s3_bucket_consumer to None, run_after=None
[2025-02-06T17:43:15.789+0000] {logging_mixin.py:190} INFO - [2025-02-06T17:43:15.789+0000] {dag.py:4180} INFO - Setting next_dagrun for dataset_s3_bucket_producer to None, run_after=None
[2025-02-06T17:43:15.824+0000] {processor.py:208} INFO - Processing /home/airflow/.local/lib/python3.12/site-packages/airflow/example_dags/example_dataset_alias.py took 0.885 seconds
[2025-02-06T17:43:46.465+0000] {processor.py:186} INFO - Started process (PID=281) to work on /home/airflow/.local/lib/python3.12/site-packages/airflow/example_dags/example_dataset_alias.py
[2025-02-06T17:43:46.467+0000] {processor.py:914} INFO - Processing file /home/airflow/.local/lib/python3.12/site-packages/airflow/example_dags/example_dataset_alias.py for tasks to queue
[2025-02-06T17:43:46.470+0000] {logging_mixin.py:190} INFO - [2025-02-06T17:43:46.469+0000] {dagbag.py:588} INFO - Filling up the DagBag from /home/airflow/.local/lib/python3.12/site-packages/airflow/example_dags/example_dataset_alias.py
[2025-02-06T17:43:47.307+0000] {processor.py:925} INFO - DAG(s) 'dataset_s3_bucket_consumer', 'dataset_alias_example_alias_consumer', 'dataset_alias_example_alias_producer', 'dataset_s3_bucket_producer' retrieved from /home/airflow/.local/lib/python3.12/site-packages/airflow/example_dags/example_dataset_alias.py
[2025-02-06T17:43:47.342+0000] {logging_mixin.py:190} INFO - [2025-02-06T17:43:47.342+0000] {dag.py:3239} INFO - Sync 4 DAGs
[2025-02-06T17:43:47.389+0000] {logging_mixin.py:190} INFO - [2025-02-06T17:43:47.388+0000] {dag.py:4180} INFO - Setting next_dagrun for dataset_alias_example_alias_consumer to None, run_after=None
[2025-02-06T17:43:47.394+0000] {logging_mixin.py:190} INFO - [2025-02-06T17:43:47.393+0000] {dag.py:4180} INFO - Setting next_dagrun for dataset_alias_example_alias_producer to None, run_after=None
[2025-02-06T17:43:47.396+0000] {logging_mixin.py:190} INFO - [2025-02-06T17:43:47.396+0000] {dag.py:4180} INFO - Setting next_dagrun for dataset_s3_bucket_consumer to None, run_after=None
[2025-02-06T17:43:47.398+0000] {logging_mixin.py:190} INFO - [2025-02-06T17:43:47.398+0000] {dag.py:4180} INFO - Setting next_dagrun for dataset_s3_bucket_producer to None, run_after=None
[2025-02-06T17:43:47.442+0000] {processor.py:208} INFO - Processing /home/airflow/.local/lib/python3.12/site-packages/airflow/example_dags/example_dataset_alias.py took 0.986 seconds
[2025-02-06T17:44:18.206+0000] {processor.py:186} INFO - Started process (PID=340) to work on /home/airflow/.local/lib/python3.12/site-packages/airflow/example_dags/example_dataset_alias.py
[2025-02-06T17:44:18.207+0000] {processor.py:914} INFO - Processing file /home/airflow/.local/lib/python3.12/site-packages/airflow/example_dags/example_dataset_alias.py for tasks to queue
[2025-02-06T17:44:18.211+0000] {logging_mixin.py:190} INFO - [2025-02-06T17:44:18.210+0000] {dagbag.py:588} INFO - Filling up the DagBag from /home/airflow/.local/lib/python3.12/site-packages/airflow/example_dags/example_dataset_alias.py
[2025-02-06T17:44:19.075+0000] {processor.py:925} INFO - DAG(s) 'dataset_alias_example_alias_consumer', 'dataset_s3_bucket_consumer', 'dataset_alias_example_alias_producer', 'dataset_s3_bucket_producer' retrieved from /home/airflow/.local/lib/python3.12/site-packages/airflow/example_dags/example_dataset_alias.py
[2025-02-06T17:44:19.104+0000] {logging_mixin.py:190} INFO - [2025-02-06T17:44:19.104+0000] {dag.py:3239} INFO - Sync 4 DAGs
[2025-02-06T17:44:19.135+0000] {logging_mixin.py:190} INFO - [2025-02-06T17:44:19.134+0000] {dag.py:4180} INFO - Setting next_dagrun for dataset_alias_example_alias_consumer to None, run_after=None
[2025-02-06T17:44:19.139+0000] {logging_mixin.py:190} INFO - [2025-02-06T17:44:19.139+0000] {dag.py:4180} INFO - Setting next_dagrun for dataset_alias_example_alias_producer to None, run_after=None
[2025-02-06T17:44:19.142+0000] {logging_mixin.py:190} INFO - [2025-02-06T17:44:19.142+0000] {dag.py:4180} INFO - Setting next_dagrun for dataset_s3_bucket_consumer to None, run_after=None
[2025-02-06T17:44:19.145+0000] {logging_mixin.py:190} INFO - [2025-02-06T17:44:19.145+0000] {dag.py:4180} INFO - Setting next_dagrun for dataset_s3_bucket_producer to None, run_after=None
[2025-02-06T17:44:19.176+0000] {processor.py:208} INFO - Processing /home/airflow/.local/lib/python3.12/site-packages/airflow/example_dags/example_dataset_alias.py took 0.977 seconds
[2025-02-06T17:44:49.754+0000] {processor.py:186} INFO - Started process (PID=400) to work on /home/airflow/.local/lib/python3.12/site-packages/airflow/example_dags/example_dataset_alias.py
[2025-02-06T17:44:49.756+0000] {processor.py:914} INFO - Processing file /home/airflow/.local/lib/python3.12/site-packages/airflow/example_dags/example_dataset_alias.py for tasks to queue
[2025-02-06T17:44:49.759+0000] {logging_mixin.py:190} INFO - [2025-02-06T17:44:49.759+0000] {dagbag.py:588} INFO - Filling up the DagBag from /home/airflow/.local/lib/python3.12/site-packages/airflow/example_dags/example_dataset_alias.py
[2025-02-06T17:44:50.606+0000] {processor.py:925} INFO - DAG(s) 'dataset_alias_example_alias_consumer', 'dataset_s3_bucket_consumer', 'dataset_alias_example_alias_producer', 'dataset_s3_bucket_producer' retrieved from /home/airflow/.local/lib/python3.12/site-packages/airflow/example_dags/example_dataset_alias.py
[2025-02-06T17:44:50.645+0000] {logging_mixin.py:190} INFO - [2025-02-06T17:44:50.645+0000] {dag.py:3239} INFO - Sync 4 DAGs
[2025-02-06T17:44:50.677+0000] {logging_mixin.py:190} INFO - [2025-02-06T17:44:50.676+0000] {dag.py:4180} INFO - Setting next_dagrun for dataset_alias_example_alias_consumer to None, run_after=None
[2025-02-06T17:44:50.680+0000] {logging_mixin.py:190} INFO - [2025-02-06T17:44:50.680+0000] {dag.py:4180} INFO - Setting next_dagrun for dataset_alias_example_alias_producer to None, run_after=None
[2025-02-06T17:44:50.682+0000] {logging_mixin.py:190} INFO - [2025-02-06T17:44:50.682+0000] {dag.py:4180} INFO - Setting next_dagrun for dataset_s3_bucket_consumer to None, run_after=None
[2025-02-06T17:44:50.684+0000] {logging_mixin.py:190} INFO - [2025-02-06T17:44:50.684+0000] {dag.py:4180} INFO - Setting next_dagrun for dataset_s3_bucket_producer to None, run_after=None
[2025-02-06T17:44:50.718+0000] {processor.py:208} INFO - Processing /home/airflow/.local/lib/python3.12/site-packages/airflow/example_dags/example_dataset_alias.py took 0.972 seconds
[2025-02-06T17:53:26.614+0000] {processor.py:186} INFO - Started process (PID=49) to work on /home/airflow/.local/lib/python3.12/site-packages/airflow/example_dags/example_dataset_alias.py
[2025-02-06T17:53:26.622+0000] {processor.py:914} INFO - Processing file /home/airflow/.local/lib/python3.12/site-packages/airflow/example_dags/example_dataset_alias.py for tasks to queue
[2025-02-06T17:53:26.626+0000] {logging_mixin.py:190} INFO - [2025-02-06T17:53:26.625+0000] {dagbag.py:588} INFO - Filling up the DagBag from /home/airflow/.local/lib/python3.12/site-packages/airflow/example_dags/example_dataset_alias.py
[2025-02-06T17:53:27.980+0000] {processor.py:925} INFO - DAG(s) 'dataset_s3_bucket_consumer', 'dataset_alias_example_alias_producer', 'dataset_s3_bucket_producer', 'dataset_alias_example_alias_consumer' retrieved from /home/airflow/.local/lib/python3.12/site-packages/airflow/example_dags/example_dataset_alias.py
[2025-02-06T17:53:28.086+0000] {logging_mixin.py:190} INFO - [2025-02-06T17:53:28.085+0000] {dag.py:3239} INFO - Sync 4 DAGs
[2025-02-06T17:53:28.169+0000] {logging_mixin.py:190} INFO - [2025-02-06T17:53:28.168+0000] {dag.py:4180} INFO - Setting next_dagrun for dataset_alias_example_alias_consumer to None, run_after=None
[2025-02-06T17:53:28.180+0000] {logging_mixin.py:190} INFO - [2025-02-06T17:53:28.180+0000] {dag.py:4180} INFO - Setting next_dagrun for dataset_alias_example_alias_producer to None, run_after=None
[2025-02-06T17:53:28.185+0000] {logging_mixin.py:190} INFO - [2025-02-06T17:53:28.184+0000] {dag.py:4180} INFO - Setting next_dagrun for dataset_s3_bucket_consumer to None, run_after=None
[2025-02-06T17:53:28.189+0000] {logging_mixin.py:190} INFO - [2025-02-06T17:53:28.189+0000] {dag.py:4180} INFO - Setting next_dagrun for dataset_s3_bucket_producer to None, run_after=None
[2025-02-06T17:53:28.266+0000] {processor.py:208} INFO - Processing /home/airflow/.local/lib/python3.12/site-packages/airflow/example_dags/example_dataset_alias.py took 1.662 seconds
[2025-02-06T17:53:58.439+0000] {processor.py:186} INFO - Started process (PID=109) to work on /home/airflow/.local/lib/python3.12/site-packages/airflow/example_dags/example_dataset_alias.py
[2025-02-06T17:53:58.440+0000] {processor.py:914} INFO - Processing file /home/airflow/.local/lib/python3.12/site-packages/airflow/example_dags/example_dataset_alias.py for tasks to queue
[2025-02-06T17:53:58.443+0000] {logging_mixin.py:190} INFO - [2025-02-06T17:53:58.443+0000] {dagbag.py:588} INFO - Filling up the DagBag from /home/airflow/.local/lib/python3.12/site-packages/airflow/example_dags/example_dataset_alias.py
[2025-02-06T17:53:59.295+0000] {processor.py:925} INFO - DAG(s) 'dataset_alias_example_alias_consumer', 'dataset_alias_example_alias_producer', 'dataset_s3_bucket_consumer', 'dataset_s3_bucket_producer' retrieved from /home/airflow/.local/lib/python3.12/site-packages/airflow/example_dags/example_dataset_alias.py
[2025-02-06T17:53:59.362+0000] {logging_mixin.py:190} INFO - [2025-02-06T17:53:59.361+0000] {dag.py:3239} INFO - Sync 4 DAGs
[2025-02-06T17:53:59.429+0000] {logging_mixin.py:190} INFO - [2025-02-06T17:53:59.429+0000] {dag.py:4180} INFO - Setting next_dagrun for dataset_alias_example_alias_consumer to None, run_after=None
[2025-02-06T17:53:59.444+0000] {logging_mixin.py:190} INFO - [2025-02-06T17:53:59.443+0000] {dag.py:4180} INFO - Setting next_dagrun for dataset_alias_example_alias_producer to None, run_after=None
[2025-02-06T17:53:59.448+0000] {logging_mixin.py:190} INFO - [2025-02-06T17:53:59.448+0000] {dag.py:4180} INFO - Setting next_dagrun for dataset_s3_bucket_consumer to None, run_after=None
[2025-02-06T17:53:59.462+0000] {logging_mixin.py:190} INFO - [2025-02-06T17:53:59.461+0000] {dag.py:4180} INFO - Setting next_dagrun for dataset_s3_bucket_producer to None, run_after=None
[2025-02-06T17:53:59.537+0000] {processor.py:208} INFO - Processing /home/airflow/.local/lib/python3.12/site-packages/airflow/example_dags/example_dataset_alias.py took 1.106 seconds
[2025-02-06T17:56:01.120+0000] {processor.py:186} INFO - Started process (PID=49) to work on /home/airflow/.local/lib/python3.12/site-packages/airflow/example_dags/example_dataset_alias.py
[2025-02-06T17:56:01.123+0000] {processor.py:914} INFO - Processing file /home/airflow/.local/lib/python3.12/site-packages/airflow/example_dags/example_dataset_alias.py for tasks to queue
[2025-02-06T17:56:01.132+0000] {logging_mixin.py:190} INFO - [2025-02-06T17:56:01.130+0000] {dagbag.py:588} INFO - Filling up the DagBag from /home/airflow/.local/lib/python3.12/site-packages/airflow/example_dags/example_dataset_alias.py
[2025-02-06T17:56:02.350+0000] {processor.py:925} INFO - DAG(s) 'dataset_alias_example_alias_consumer', 'dataset_s3_bucket_producer', 'dataset_s3_bucket_consumer', 'dataset_alias_example_alias_producer' retrieved from /home/airflow/.local/lib/python3.12/site-packages/airflow/example_dags/example_dataset_alias.py
[2025-02-06T17:56:02.410+0000] {logging_mixin.py:190} INFO - [2025-02-06T17:56:02.409+0000] {dag.py:3239} INFO - Sync 4 DAGs
[2025-02-06T17:56:02.453+0000] {logging_mixin.py:190} INFO - [2025-02-06T17:56:02.453+0000] {dag.py:4180} INFO - Setting next_dagrun for dataset_alias_example_alias_consumer to None, run_after=None
[2025-02-06T17:56:02.459+0000] {logging_mixin.py:190} INFO - [2025-02-06T17:56:02.459+0000] {dag.py:4180} INFO - Setting next_dagrun for dataset_alias_example_alias_producer to None, run_after=None
[2025-02-06T17:56:02.462+0000] {logging_mixin.py:190} INFO - [2025-02-06T17:56:02.461+0000] {dag.py:4180} INFO - Setting next_dagrun for dataset_s3_bucket_consumer to None, run_after=None
[2025-02-06T17:56:02.465+0000] {logging_mixin.py:190} INFO - [2025-02-06T17:56:02.465+0000] {dag.py:4180} INFO - Setting next_dagrun for dataset_s3_bucket_producer to None, run_after=None
[2025-02-06T17:56:02.503+0000] {processor.py:208} INFO - Processing /home/airflow/.local/lib/python3.12/site-packages/airflow/example_dags/example_dataset_alias.py took 1.400 seconds
[2025-02-06T17:56:32.609+0000] {processor.py:186} INFO - Started process (PID=109) to work on /home/airflow/.local/lib/python3.12/site-packages/airflow/example_dags/example_dataset_alias.py
[2025-02-06T17:56:32.611+0000] {processor.py:914} INFO - Processing file /home/airflow/.local/lib/python3.12/site-packages/airflow/example_dags/example_dataset_alias.py for tasks to queue
[2025-02-06T17:56:32.614+0000] {logging_mixin.py:190} INFO - [2025-02-06T17:56:32.614+0000] {dagbag.py:588} INFO - Filling up the DagBag from /home/airflow/.local/lib/python3.12/site-packages/airflow/example_dags/example_dataset_alias.py
[2025-02-06T17:56:33.374+0000] {processor.py:925} INFO - DAG(s) 'dataset_s3_bucket_consumer', 'dataset_alias_example_alias_consumer', 'dataset_s3_bucket_producer', 'dataset_alias_example_alias_producer' retrieved from /home/airflow/.local/lib/python3.12/site-packages/airflow/example_dags/example_dataset_alias.py
[2025-02-06T17:56:33.402+0000] {logging_mixin.py:190} INFO - [2025-02-06T17:56:33.401+0000] {dag.py:3239} INFO - Sync 4 DAGs
[2025-02-06T17:56:33.432+0000] {logging_mixin.py:190} INFO - [2025-02-06T17:56:33.432+0000] {dag.py:4180} INFO - Setting next_dagrun for dataset_alias_example_alias_consumer to None, run_after=None
[2025-02-06T17:56:33.436+0000] {logging_mixin.py:190} INFO - [2025-02-06T17:56:33.436+0000] {dag.py:4180} INFO - Setting next_dagrun for dataset_alias_example_alias_producer to None, run_after=None
[2025-02-06T17:56:33.439+0000] {logging_mixin.py:190} INFO - [2025-02-06T17:56:33.438+0000] {dag.py:4180} INFO - Setting next_dagrun for dataset_s3_bucket_consumer to None, run_after=None
[2025-02-06T17:56:33.440+0000] {logging_mixin.py:190} INFO - [2025-02-06T17:56:33.440+0000] {dag.py:4180} INFO - Setting next_dagrun for dataset_s3_bucket_producer to None, run_after=None
[2025-02-06T17:56:33.479+0000] {processor.py:208} INFO - Processing /home/airflow/.local/lib/python3.12/site-packages/airflow/example_dags/example_dataset_alias.py took 0.879 seconds
[2025-02-06T17:57:04.098+0000] {processor.py:186} INFO - Started process (PID=167) to work on /home/airflow/.local/lib/python3.12/site-packages/airflow/example_dags/example_dataset_alias.py
[2025-02-06T17:57:04.099+0000] {processor.py:914} INFO - Processing file /home/airflow/.local/lib/python3.12/site-packages/airflow/example_dags/example_dataset_alias.py for tasks to queue
[2025-02-06T17:57:04.103+0000] {logging_mixin.py:190} INFO - [2025-02-06T17:57:04.103+0000] {dagbag.py:588} INFO - Filling up the DagBag from /home/airflow/.local/lib/python3.12/site-packages/airflow/example_dags/example_dataset_alias.py
[2025-02-06T17:57:05.448+0000] {processor.py:925} INFO - DAG(s) 'dataset_s3_bucket_producer', 'dataset_alias_example_alias_producer', 'dataset_alias_example_alias_consumer', 'dataset_s3_bucket_consumer' retrieved from /home/airflow/.local/lib/python3.12/site-packages/airflow/example_dags/example_dataset_alias.py
[2025-02-06T17:57:05.485+0000] {logging_mixin.py:190} INFO - [2025-02-06T17:57:05.484+0000] {dag.py:3239} INFO - Sync 4 DAGs
[2025-02-06T17:57:05.520+0000] {logging_mixin.py:190} INFO - [2025-02-06T17:57:05.520+0000] {dag.py:4180} INFO - Setting next_dagrun for dataset_alias_example_alias_consumer to None, run_after=None
[2025-02-06T17:57:05.524+0000] {logging_mixin.py:190} INFO - [2025-02-06T17:57:05.524+0000] {dag.py:4180} INFO - Setting next_dagrun for dataset_alias_example_alias_producer to None, run_after=None
[2025-02-06T17:57:05.528+0000] {logging_mixin.py:190} INFO - [2025-02-06T17:57:05.528+0000] {dag.py:4180} INFO - Setting next_dagrun for dataset_s3_bucket_consumer to None, run_after=None
[2025-02-06T17:57:05.530+0000] {logging_mixin.py:190} INFO - [2025-02-06T17:57:05.530+0000] {dag.py:4180} INFO - Setting next_dagrun for dataset_s3_bucket_producer to None, run_after=None
[2025-02-06T17:57:05.564+0000] {processor.py:208} INFO - Processing /home/airflow/.local/lib/python3.12/site-packages/airflow/example_dags/example_dataset_alias.py took 1.483 seconds
[2025-02-06T17:57:36.412+0000] {processor.py:186} INFO - Started process (PID=228) to work on /home/airflow/.local/lib/python3.12/site-packages/airflow/example_dags/example_dataset_alias.py
[2025-02-06T17:57:36.414+0000] {processor.py:914} INFO - Processing file /home/airflow/.local/lib/python3.12/site-packages/airflow/example_dags/example_dataset_alias.py for tasks to queue
[2025-02-06T17:57:36.417+0000] {logging_mixin.py:190} INFO - [2025-02-06T17:57:36.416+0000] {dagbag.py:588} INFO - Filling up the DagBag from /home/airflow/.local/lib/python3.12/site-packages/airflow/example_dags/example_dataset_alias.py
[2025-02-06T17:57:37.241+0000] {processor.py:925} INFO - DAG(s) 'dataset_s3_bucket_producer', 'dataset_alias_example_alias_consumer', 'dataset_s3_bucket_consumer', 'dataset_alias_example_alias_producer' retrieved from /home/airflow/.local/lib/python3.12/site-packages/airflow/example_dags/example_dataset_alias.py
[2025-02-06T17:57:37.290+0000] {logging_mixin.py:190} INFO - [2025-02-06T17:57:37.287+0000] {dag.py:3239} INFO - Sync 4 DAGs
[2025-02-06T17:57:37.338+0000] {logging_mixin.py:190} INFO - [2025-02-06T17:57:37.338+0000] {dag.py:4180} INFO - Setting next_dagrun for dataset_alias_example_alias_consumer to None, run_after=None
[2025-02-06T17:57:37.346+0000] {logging_mixin.py:190} INFO - [2025-02-06T17:57:37.346+0000] {dag.py:4180} INFO - Setting next_dagrun for dataset_alias_example_alias_producer to None, run_after=None
[2025-02-06T17:57:37.348+0000] {logging_mixin.py:190} INFO - [2025-02-06T17:57:37.348+0000] {dag.py:4180} INFO - Setting next_dagrun for dataset_s3_bucket_consumer to None, run_after=None
[2025-02-06T17:57:37.351+0000] {logging_mixin.py:190} INFO - [2025-02-06T17:57:37.350+0000] {dag.py:4180} INFO - Setting next_dagrun for dataset_s3_bucket_producer to None, run_after=None
[2025-02-06T17:57:37.394+0000] {processor.py:208} INFO - Processing /home/airflow/.local/lib/python3.12/site-packages/airflow/example_dags/example_dataset_alias.py took 0.991 seconds
[2025-02-06T17:58:07.561+0000] {processor.py:186} INFO - Started process (PID=286) to work on /home/airflow/.local/lib/python3.12/site-packages/airflow/example_dags/example_dataset_alias.py
[2025-02-06T17:58:07.562+0000] {processor.py:914} INFO - Processing file /home/airflow/.local/lib/python3.12/site-packages/airflow/example_dags/example_dataset_alias.py for tasks to queue
[2025-02-06T17:58:07.565+0000] {logging_mixin.py:190} INFO - [2025-02-06T17:58:07.565+0000] {dagbag.py:588} INFO - Filling up the DagBag from /home/airflow/.local/lib/python3.12/site-packages/airflow/example_dags/example_dataset_alias.py
[2025-02-06T17:58:08.508+0000] {processor.py:925} INFO - DAG(s) 'dataset_s3_bucket_consumer', 'dataset_s3_bucket_producer', 'dataset_alias_example_alias_producer', 'dataset_alias_example_alias_consumer' retrieved from /home/airflow/.local/lib/python3.12/site-packages/airflow/example_dags/example_dataset_alias.py
[2025-02-06T17:58:08.539+0000] {logging_mixin.py:190} INFO - [2025-02-06T17:58:08.538+0000] {dag.py:3239} INFO - Sync 4 DAGs
[2025-02-06T17:58:08.573+0000] {logging_mixin.py:190} INFO - [2025-02-06T17:58:08.572+0000] {dag.py:4180} INFO - Setting next_dagrun for dataset_alias_example_alias_consumer to None, run_after=None
[2025-02-06T17:58:08.576+0000] {logging_mixin.py:190} INFO - [2025-02-06T17:58:08.576+0000] {dag.py:4180} INFO - Setting next_dagrun for dataset_alias_example_alias_producer to None, run_after=None
[2025-02-06T17:58:08.579+0000] {logging_mixin.py:190} INFO - [2025-02-06T17:58:08.578+0000] {dag.py:4180} INFO - Setting next_dagrun for dataset_s3_bucket_consumer to None, run_after=None
[2025-02-06T17:58:08.581+0000] {logging_mixin.py:190} INFO - [2025-02-06T17:58:08.581+0000] {dag.py:4180} INFO - Setting next_dagrun for dataset_s3_bucket_producer to None, run_after=None
[2025-02-06T17:58:08.613+0000] {processor.py:208} INFO - Processing /home/airflow/.local/lib/python3.12/site-packages/airflow/example_dags/example_dataset_alias.py took 1.060 seconds
[2025-02-06T17:58:39.119+0000] {processor.py:186} INFO - Started process (PID=344) to work on /home/airflow/.local/lib/python3.12/site-packages/airflow/example_dags/example_dataset_alias.py
[2025-02-06T17:58:39.120+0000] {processor.py:914} INFO - Processing file /home/airflow/.local/lib/python3.12/site-packages/airflow/example_dags/example_dataset_alias.py for tasks to queue
[2025-02-06T17:58:39.123+0000] {logging_mixin.py:190} INFO - [2025-02-06T17:58:39.123+0000] {dagbag.py:588} INFO - Filling up the DagBag from /home/airflow/.local/lib/python3.12/site-packages/airflow/example_dags/example_dataset_alias.py
[2025-02-06T17:58:40.039+0000] {processor.py:925} INFO - DAG(s) 'dataset_alias_example_alias_consumer', 'dataset_s3_bucket_consumer', 'dataset_s3_bucket_producer', 'dataset_alias_example_alias_producer' retrieved from /home/airflow/.local/lib/python3.12/site-packages/airflow/example_dags/example_dataset_alias.py
[2025-02-06T17:58:40.068+0000] {logging_mixin.py:190} INFO - [2025-02-06T17:58:40.068+0000] {dag.py:3239} INFO - Sync 4 DAGs
[2025-02-06T17:58:40.100+0000] {logging_mixin.py:190} INFO - [2025-02-06T17:58:40.100+0000] {dag.py:4180} INFO - Setting next_dagrun for dataset_alias_example_alias_consumer to None, run_after=None
[2025-02-06T17:58:40.104+0000] {logging_mixin.py:190} INFO - [2025-02-06T17:58:40.104+0000] {dag.py:4180} INFO - Setting next_dagrun for dataset_alias_example_alias_producer to None, run_after=None
[2025-02-06T17:58:40.106+0000] {logging_mixin.py:190} INFO - [2025-02-06T17:58:40.106+0000] {dag.py:4180} INFO - Setting next_dagrun for dataset_s3_bucket_consumer to None, run_after=None
[2025-02-06T17:58:40.108+0000] {logging_mixin.py:190} INFO - [2025-02-06T17:58:40.108+0000] {dag.py:4180} INFO - Setting next_dagrun for dataset_s3_bucket_producer to None, run_after=None
[2025-02-06T17:58:40.135+0000] {processor.py:208} INFO - Processing /home/airflow/.local/lib/python3.12/site-packages/airflow/example_dags/example_dataset_alias.py took 1.027 seconds
[2025-02-06T17:59:10.669+0000] {processor.py:186} INFO - Started process (PID=402) to work on /home/airflow/.local/lib/python3.12/site-packages/airflow/example_dags/example_dataset_alias.py
[2025-02-06T17:59:10.670+0000] {processor.py:914} INFO - Processing file /home/airflow/.local/lib/python3.12/site-packages/airflow/example_dags/example_dataset_alias.py for tasks to queue
[2025-02-06T17:59:10.674+0000] {logging_mixin.py:190} INFO - [2025-02-06T17:59:10.673+0000] {dagbag.py:588} INFO - Filling up the DagBag from /home/airflow/.local/lib/python3.12/site-packages/airflow/example_dags/example_dataset_alias.py
[2025-02-06T17:59:11.475+0000] {processor.py:925} INFO - DAG(s) 'dataset_alias_example_alias_producer', 'dataset_s3_bucket_producer', 'dataset_s3_bucket_consumer', 'dataset_alias_example_alias_consumer' retrieved from /home/airflow/.local/lib/python3.12/site-packages/airflow/example_dags/example_dataset_alias.py
[2025-02-06T17:59:11.504+0000] {logging_mixin.py:190} INFO - [2025-02-06T17:59:11.504+0000] {dag.py:3239} INFO - Sync 4 DAGs
[2025-02-06T17:59:11.537+0000] {logging_mixin.py:190} INFO - [2025-02-06T17:59:11.537+0000] {dag.py:4180} INFO - Setting next_dagrun for dataset_alias_example_alias_consumer to None, run_after=None
[2025-02-06T17:59:11.541+0000] {logging_mixin.py:190} INFO - [2025-02-06T17:59:11.541+0000] {dag.py:4180} INFO - Setting next_dagrun for dataset_alias_example_alias_producer to None, run_after=None
[2025-02-06T17:59:11.543+0000] {logging_mixin.py:190} INFO - [2025-02-06T17:59:11.543+0000] {dag.py:4180} INFO - Setting next_dagrun for dataset_s3_bucket_consumer to None, run_after=None
[2025-02-06T17:59:11.545+0000] {logging_mixin.py:190} INFO - [2025-02-06T17:59:11.545+0000] {dag.py:4180} INFO - Setting next_dagrun for dataset_s3_bucket_producer to None, run_after=None
[2025-02-06T17:59:11.574+0000] {processor.py:208} INFO - Processing /home/airflow/.local/lib/python3.12/site-packages/airflow/example_dags/example_dataset_alias.py took 0.913 seconds
[2025-02-06T17:59:41.834+0000] {processor.py:186} INFO - Started process (PID=460) to work on /home/airflow/.local/lib/python3.12/site-packages/airflow/example_dags/example_dataset_alias.py
[2025-02-06T17:59:41.835+0000] {processor.py:914} INFO - Processing file /home/airflow/.local/lib/python3.12/site-packages/airflow/example_dags/example_dataset_alias.py for tasks to queue
[2025-02-06T17:59:41.839+0000] {logging_mixin.py:190} INFO - [2025-02-06T17:59:41.838+0000] {dagbag.py:588} INFO - Filling up the DagBag from /home/airflow/.local/lib/python3.12/site-packages/airflow/example_dags/example_dataset_alias.py
[2025-02-06T17:59:42.908+0000] {processor.py:925} INFO - DAG(s) 'dataset_s3_bucket_consumer', 'dataset_alias_example_alias_consumer', 'dataset_s3_bucket_producer', 'dataset_alias_example_alias_producer' retrieved from /home/airflow/.local/lib/python3.12/site-packages/airflow/example_dags/example_dataset_alias.py
[2025-02-06T17:59:42.938+0000] {logging_mixin.py:190} INFO - [2025-02-06T17:59:42.937+0000] {dag.py:3239} INFO - Sync 4 DAGs
[2025-02-06T17:59:42.970+0000] {logging_mixin.py:190} INFO - [2025-02-06T17:59:42.969+0000] {dag.py:4180} INFO - Setting next_dagrun for dataset_alias_example_alias_consumer to None, run_after=None
[2025-02-06T17:59:42.974+0000] {logging_mixin.py:190} INFO - [2025-02-06T17:59:42.973+0000] {dag.py:4180} INFO - Setting next_dagrun for dataset_alias_example_alias_producer to None, run_after=None
[2025-02-06T17:59:42.978+0000] {logging_mixin.py:190} INFO - [2025-02-06T17:59:42.978+0000] {dag.py:4180} INFO - Setting next_dagrun for dataset_s3_bucket_consumer to None, run_after=None
[2025-02-06T17:59:42.980+0000] {logging_mixin.py:190} INFO - [2025-02-06T17:59:42.980+0000] {dag.py:4180} INFO - Setting next_dagrun for dataset_s3_bucket_producer to None, run_after=None
[2025-02-06T17:59:43.010+0000] {processor.py:208} INFO - Processing /home/airflow/.local/lib/python3.12/site-packages/airflow/example_dags/example_dataset_alias.py took 1.185 seconds
[2025-02-06T18:00:13.102+0000] {processor.py:186} INFO - Started process (PID=518) to work on /home/airflow/.local/lib/python3.12/site-packages/airflow/example_dags/example_dataset_alias.py
[2025-02-06T18:00:13.104+0000] {processor.py:914} INFO - Processing file /home/airflow/.local/lib/python3.12/site-packages/airflow/example_dags/example_dataset_alias.py for tasks to queue
[2025-02-06T18:00:13.107+0000] {logging_mixin.py:190} INFO - [2025-02-06T18:00:13.106+0000] {dagbag.py:588} INFO - Filling up the DagBag from /home/airflow/.local/lib/python3.12/site-packages/airflow/example_dags/example_dataset_alias.py
[2025-02-06T18:00:13.918+0000] {processor.py:925} INFO - DAG(s) 'dataset_s3_bucket_consumer', 'dataset_alias_example_alias_producer', 'dataset_s3_bucket_producer', 'dataset_alias_example_alias_consumer' retrieved from /home/airflow/.local/lib/python3.12/site-packages/airflow/example_dags/example_dataset_alias.py
[2025-02-06T18:00:13.945+0000] {logging_mixin.py:190} INFO - [2025-02-06T18:00:13.945+0000] {dag.py:3239} INFO - Sync 4 DAGs
[2025-02-06T18:00:13.974+0000] {logging_mixin.py:190} INFO - [2025-02-06T18:00:13.973+0000] {dag.py:4180} INFO - Setting next_dagrun for dataset_alias_example_alias_consumer to None, run_after=None
[2025-02-06T18:00:13.978+0000] {logging_mixin.py:190} INFO - [2025-02-06T18:00:13.977+0000] {dag.py:4180} INFO - Setting next_dagrun for dataset_alias_example_alias_producer to None, run_after=None
[2025-02-06T18:00:13.980+0000] {logging_mixin.py:190} INFO - [2025-02-06T18:00:13.980+0000] {dag.py:4180} INFO - Setting next_dagrun for dataset_s3_bucket_consumer to None, run_after=None
[2025-02-06T18:00:13.982+0000] {logging_mixin.py:190} INFO - [2025-02-06T18:00:13.982+0000] {dag.py:4180} INFO - Setting next_dagrun for dataset_s3_bucket_producer to None, run_after=None
[2025-02-06T18:00:14.016+0000] {processor.py:208} INFO - Processing /home/airflow/.local/lib/python3.12/site-packages/airflow/example_dags/example_dataset_alias.py took 0.922 seconds
[2025-02-06T18:00:44.393+0000] {processor.py:186} INFO - Started process (PID=576) to work on /home/airflow/.local/lib/python3.12/site-packages/airflow/example_dags/example_dataset_alias.py
[2025-02-06T18:00:44.395+0000] {processor.py:914} INFO - Processing file /home/airflow/.local/lib/python3.12/site-packages/airflow/example_dags/example_dataset_alias.py for tasks to queue
[2025-02-06T18:00:44.400+0000] {logging_mixin.py:190} INFO - [2025-02-06T18:00:44.398+0000] {dagbag.py:588} INFO - Filling up the DagBag from /home/airflow/.local/lib/python3.12/site-packages/airflow/example_dags/example_dataset_alias.py
[2025-02-06T18:00:45.551+0000] {processor.py:925} INFO - DAG(s) 'dataset_alias_example_alias_producer', 'dataset_s3_bucket_producer', 'dataset_alias_example_alias_consumer', 'dataset_s3_bucket_consumer' retrieved from /home/airflow/.local/lib/python3.12/site-packages/airflow/example_dags/example_dataset_alias.py
[2025-02-06T18:00:45.627+0000] {logging_mixin.py:190} INFO - [2025-02-06T18:00:45.626+0000] {dag.py:3239} INFO - Sync 4 DAGs
[2025-02-06T18:00:45.680+0000] {logging_mixin.py:190} INFO - [2025-02-06T18:00:45.679+0000] {dag.py:4180} INFO - Setting next_dagrun for dataset_alias_example_alias_consumer to None, run_after=None
[2025-02-06T18:00:45.701+0000] {logging_mixin.py:190} INFO - [2025-02-06T18:00:45.701+0000] {dag.py:4180} INFO - Setting next_dagrun for dataset_alias_example_alias_producer to None, run_after=None
[2025-02-06T18:00:45.714+0000] {logging_mixin.py:190} INFO - [2025-02-06T18:00:45.713+0000] {dag.py:4180} INFO - Setting next_dagrun for dataset_s3_bucket_consumer to None, run_after=None
[2025-02-06T18:00:45.717+0000] {logging_mixin.py:190} INFO - [2025-02-06T18:00:45.716+0000] {dag.py:4180} INFO - Setting next_dagrun for dataset_s3_bucket_producer to None, run_after=None
[2025-02-06T18:00:45.782+0000] {processor.py:208} INFO - Processing /home/airflow/.local/lib/python3.12/site-packages/airflow/example_dags/example_dataset_alias.py took 1.397 seconds
[2025-02-06T18:01:15.884+0000] {processor.py:186} INFO - Started process (PID=634) to work on /home/airflow/.local/lib/python3.12/site-packages/airflow/example_dags/example_dataset_alias.py
[2025-02-06T18:01:15.886+0000] {processor.py:914} INFO - Processing file /home/airflow/.local/lib/python3.12/site-packages/airflow/example_dags/example_dataset_alias.py for tasks to queue
[2025-02-06T18:01:15.889+0000] {logging_mixin.py:190} INFO - [2025-02-06T18:01:15.888+0000] {dagbag.py:588} INFO - Filling up the DagBag from /home/airflow/.local/lib/python3.12/site-packages/airflow/example_dags/example_dataset_alias.py
[2025-02-06T18:01:16.776+0000] {processor.py:925} INFO - DAG(s) 'dataset_s3_bucket_producer', 'dataset_alias_example_alias_producer', 'dataset_alias_example_alias_consumer', 'dataset_s3_bucket_consumer' retrieved from /home/airflow/.local/lib/python3.12/site-packages/airflow/example_dags/example_dataset_alias.py
[2025-02-06T18:01:16.810+0000] {logging_mixin.py:190} INFO - [2025-02-06T18:01:16.809+0000] {dag.py:3239} INFO - Sync 4 DAGs
[2025-02-06T18:01:16.880+0000] {logging_mixin.py:190} INFO - [2025-02-06T18:01:16.879+0000] {dag.py:4180} INFO - Setting next_dagrun for dataset_alias_example_alias_consumer to None, run_after=None
[2025-02-06T18:01:16.893+0000] {logging_mixin.py:190} INFO - [2025-02-06T18:01:16.892+0000] {dag.py:4180} INFO - Setting next_dagrun for dataset_alias_example_alias_producer to None, run_after=None
[2025-02-06T18:01:16.900+0000] {logging_mixin.py:190} INFO - [2025-02-06T18:01:16.899+0000] {dag.py:4180} INFO - Setting next_dagrun for dataset_s3_bucket_consumer to None, run_after=None
[2025-02-06T18:01:16.903+0000] {logging_mixin.py:190} INFO - [2025-02-06T18:01:16.903+0000] {dag.py:4180} INFO - Setting next_dagrun for dataset_s3_bucket_producer to None, run_after=None
[2025-02-06T18:01:17.030+0000] {processor.py:208} INFO - Processing /home/airflow/.local/lib/python3.12/site-packages/airflow/example_dags/example_dataset_alias.py took 1.154 seconds
[2025-02-06T18:01:47.268+0000] {processor.py:186} INFO - Started process (PID=692) to work on /home/airflow/.local/lib/python3.12/site-packages/airflow/example_dags/example_dataset_alias.py
[2025-02-06T18:01:47.269+0000] {processor.py:914} INFO - Processing file /home/airflow/.local/lib/python3.12/site-packages/airflow/example_dags/example_dataset_alias.py for tasks to queue
[2025-02-06T18:01:47.272+0000] {logging_mixin.py:190} INFO - [2025-02-06T18:01:47.272+0000] {dagbag.py:588} INFO - Filling up the DagBag from /home/airflow/.local/lib/python3.12/site-packages/airflow/example_dags/example_dataset_alias.py
[2025-02-06T18:01:48.381+0000] {processor.py:925} INFO - DAG(s) 'dataset_alias_example_alias_consumer', 'dataset_alias_example_alias_producer', 'dataset_s3_bucket_producer', 'dataset_s3_bucket_consumer' retrieved from /home/airflow/.local/lib/python3.12/site-packages/airflow/example_dags/example_dataset_alias.py
[2025-02-06T18:01:48.407+0000] {logging_mixin.py:190} INFO - [2025-02-06T18:01:48.407+0000] {dag.py:3239} INFO - Sync 4 DAGs
[2025-02-06T18:01:48.436+0000] {logging_mixin.py:190} INFO - [2025-02-06T18:01:48.436+0000] {dag.py:4180} INFO - Setting next_dagrun for dataset_alias_example_alias_consumer to None, run_after=None
[2025-02-06T18:01:48.440+0000] {logging_mixin.py:190} INFO - [2025-02-06T18:01:48.440+0000] {dag.py:4180} INFO - Setting next_dagrun for dataset_alias_example_alias_producer to None, run_after=None
[2025-02-06T18:01:48.443+0000] {logging_mixin.py:190} INFO - [2025-02-06T18:01:48.442+0000] {dag.py:4180} INFO - Setting next_dagrun for dataset_s3_bucket_consumer to None, run_after=None
[2025-02-06T18:01:48.445+0000] {logging_mixin.py:190} INFO - [2025-02-06T18:01:48.444+0000] {dag.py:4180} INFO - Setting next_dagrun for dataset_s3_bucket_producer to None, run_after=None
[2025-02-06T18:01:48.479+0000] {processor.py:208} INFO - Processing /home/airflow/.local/lib/python3.12/site-packages/airflow/example_dags/example_dataset_alias.py took 1.219 seconds
[2025-02-06T18:15:34.603+0000] {processor.py:186} INFO - Started process (PID=48) to work on /home/airflow/.local/lib/python3.12/site-packages/airflow/example_dags/example_dataset_alias.py
[2025-02-06T18:15:34.604+0000] {processor.py:914} INFO - Processing file /home/airflow/.local/lib/python3.12/site-packages/airflow/example_dags/example_dataset_alias.py for tasks to queue
[2025-02-06T18:15:34.609+0000] {logging_mixin.py:190} INFO - [2025-02-06T18:15:34.608+0000] {dagbag.py:588} INFO - Filling up the DagBag from /home/airflow/.local/lib/python3.12/site-packages/airflow/example_dags/example_dataset_alias.py
[2025-02-06T18:15:36.482+0000] {processor.py:925} INFO - DAG(s) 'dataset_alias_example_alias_producer', 'dataset_alias_example_alias_consumer', 'dataset_s3_bucket_consumer', 'dataset_s3_bucket_producer' retrieved from /home/airflow/.local/lib/python3.12/site-packages/airflow/example_dags/example_dataset_alias.py
[2025-02-06T18:15:36.540+0000] {logging_mixin.py:190} INFO - [2025-02-06T18:15:36.539+0000] {dag.py:3239} INFO - Sync 4 DAGs
[2025-02-06T18:15:36.613+0000] {logging_mixin.py:190} INFO - [2025-02-06T18:15:36.613+0000] {dag.py:4180} INFO - Setting next_dagrun for dataset_alias_example_alias_consumer to None, run_after=None
[2025-02-06T18:15:36.620+0000] {logging_mixin.py:190} INFO - [2025-02-06T18:15:36.620+0000] {dag.py:4180} INFO - Setting next_dagrun for dataset_alias_example_alias_producer to None, run_after=None
[2025-02-06T18:15:36.624+0000] {logging_mixin.py:190} INFO - [2025-02-06T18:15:36.624+0000] {dag.py:4180} INFO - Setting next_dagrun for dataset_s3_bucket_consumer to None, run_after=None
[2025-02-06T18:15:36.630+0000] {logging_mixin.py:190} INFO - [2025-02-06T18:15:36.629+0000] {dag.py:4180} INFO - Setting next_dagrun for dataset_s3_bucket_producer to None, run_after=None
[2025-02-06T18:15:36.695+0000] {processor.py:208} INFO - Processing /home/airflow/.local/lib/python3.12/site-packages/airflow/example_dags/example_dataset_alias.py took 2.107 seconds
[2025-02-06T18:16:06.845+0000] {processor.py:186} INFO - Started process (PID=107) to work on /home/airflow/.local/lib/python3.12/site-packages/airflow/example_dags/example_dataset_alias.py
[2025-02-06T18:16:06.847+0000] {processor.py:914} INFO - Processing file /home/airflow/.local/lib/python3.12/site-packages/airflow/example_dags/example_dataset_alias.py for tasks to queue
[2025-02-06T18:16:06.850+0000] {logging_mixin.py:190} INFO - [2025-02-06T18:16:06.850+0000] {dagbag.py:588} INFO - Filling up the DagBag from /home/airflow/.local/lib/python3.12/site-packages/airflow/example_dags/example_dataset_alias.py
[2025-02-06T18:16:07.704+0000] {processor.py:925} INFO - DAG(s) 'dataset_s3_bucket_producer', 'dataset_alias_example_alias_producer', 'dataset_s3_bucket_consumer', 'dataset_alias_example_alias_consumer' retrieved from /home/airflow/.local/lib/python3.12/site-packages/airflow/example_dags/example_dataset_alias.py
[2025-02-06T18:16:07.744+0000] {logging_mixin.py:190} INFO - [2025-02-06T18:16:07.740+0000] {dag.py:3239} INFO - Sync 4 DAGs
[2025-02-06T18:16:07.790+0000] {logging_mixin.py:190} INFO - [2025-02-06T18:16:07.790+0000] {dag.py:4180} INFO - Setting next_dagrun for dataset_alias_example_alias_consumer to None, run_after=None
[2025-02-06T18:16:07.796+0000] {logging_mixin.py:190} INFO - [2025-02-06T18:16:07.795+0000] {dag.py:4180} INFO - Setting next_dagrun for dataset_alias_example_alias_producer to None, run_after=None
[2025-02-06T18:16:07.798+0000] {logging_mixin.py:190} INFO - [2025-02-06T18:16:07.798+0000] {dag.py:4180} INFO - Setting next_dagrun for dataset_s3_bucket_consumer to None, run_after=None
[2025-02-06T18:16:07.801+0000] {logging_mixin.py:190} INFO - [2025-02-06T18:16:07.800+0000] {dag.py:4180} INFO - Setting next_dagrun for dataset_s3_bucket_producer to None, run_after=None
[2025-02-06T18:16:07.842+0000] {processor.py:208} INFO - Processing /home/airflow/.local/lib/python3.12/site-packages/airflow/example_dags/example_dataset_alias.py took 1.007 seconds
[2025-02-06T18:16:37.914+0000] {processor.py:186} INFO - Started process (PID=164) to work on /home/airflow/.local/lib/python3.12/site-packages/airflow/example_dags/example_dataset_alias.py
[2025-02-06T18:16:37.916+0000] {processor.py:914} INFO - Processing file /home/airflow/.local/lib/python3.12/site-packages/airflow/example_dags/example_dataset_alias.py for tasks to queue
[2025-02-06T18:16:37.920+0000] {logging_mixin.py:190} INFO - [2025-02-06T18:16:37.919+0000] {dagbag.py:588} INFO - Filling up the DagBag from /home/airflow/.local/lib/python3.12/site-packages/airflow/example_dags/example_dataset_alias.py
[2025-02-06T18:16:38.910+0000] {processor.py:925} INFO - DAG(s) 'dataset_s3_bucket_consumer', 'dataset_alias_example_alias_consumer', 'dataset_s3_bucket_producer', 'dataset_alias_example_alias_producer' retrieved from /home/airflow/.local/lib/python3.12/site-packages/airflow/example_dags/example_dataset_alias.py
[2025-02-06T18:16:38.939+0000] {logging_mixin.py:190} INFO - [2025-02-06T18:16:38.939+0000] {dag.py:3239} INFO - Sync 4 DAGs
[2025-02-06T18:16:38.972+0000] {logging_mixin.py:190} INFO - [2025-02-06T18:16:38.971+0000] {dag.py:4180} INFO - Setting next_dagrun for dataset_alias_example_alias_consumer to None, run_after=None
[2025-02-06T18:16:38.975+0000] {logging_mixin.py:190} INFO - [2025-02-06T18:16:38.975+0000] {dag.py:4180} INFO - Setting next_dagrun for dataset_alias_example_alias_producer to None, run_after=None
[2025-02-06T18:16:38.977+0000] {logging_mixin.py:190} INFO - [2025-02-06T18:16:38.977+0000] {dag.py:4180} INFO - Setting next_dagrun for dataset_s3_bucket_consumer to None, run_after=None
[2025-02-06T18:16:38.979+0000] {logging_mixin.py:190} INFO - [2025-02-06T18:16:38.979+0000] {dag.py:4180} INFO - Setting next_dagrun for dataset_s3_bucket_producer to None, run_after=None
[2025-02-06T18:16:39.005+0000] {processor.py:208} INFO - Processing /home/airflow/.local/lib/python3.12/site-packages/airflow/example_dags/example_dataset_alias.py took 1.099 seconds
[2025-02-06T18:17:09.344+0000] {processor.py:186} INFO - Started process (PID=223) to work on /home/airflow/.local/lib/python3.12/site-packages/airflow/example_dags/example_dataset_alias.py
[2025-02-06T18:17:09.346+0000] {processor.py:914} INFO - Processing file /home/airflow/.local/lib/python3.12/site-packages/airflow/example_dags/example_dataset_alias.py for tasks to queue
[2025-02-06T18:17:09.351+0000] {logging_mixin.py:190} INFO - [2025-02-06T18:17:09.350+0000] {dagbag.py:588} INFO - Filling up the DagBag from /home/airflow/.local/lib/python3.12/site-packages/airflow/example_dags/example_dataset_alias.py
[2025-02-06T18:17:10.411+0000] {processor.py:925} INFO - DAG(s) 'dataset_s3_bucket_consumer', 'dataset_alias_example_alias_consumer', 'dataset_s3_bucket_producer', 'dataset_alias_example_alias_producer' retrieved from /home/airflow/.local/lib/python3.12/site-packages/airflow/example_dags/example_dataset_alias.py
[2025-02-06T18:17:10.509+0000] {logging_mixin.py:190} INFO - [2025-02-06T18:17:10.469+0000] {dag.py:3239} INFO - Sync 4 DAGs
[2025-02-06T18:17:10.576+0000] {logging_mixin.py:190} INFO - [2025-02-06T18:17:10.576+0000] {dag.py:4180} INFO - Setting next_dagrun for dataset_alias_example_alias_consumer to None, run_after=None
[2025-02-06T18:17:10.582+0000] {logging_mixin.py:190} INFO - [2025-02-06T18:17:10.582+0000] {dag.py:4180} INFO - Setting next_dagrun for dataset_alias_example_alias_producer to None, run_after=None
[2025-02-06T18:17:10.585+0000] {logging_mixin.py:190} INFO - [2025-02-06T18:17:10.585+0000] {dag.py:4180} INFO - Setting next_dagrun for dataset_s3_bucket_consumer to None, run_after=None
[2025-02-06T18:17:10.588+0000] {logging_mixin.py:190} INFO - [2025-02-06T18:17:10.587+0000] {dag.py:4180} INFO - Setting next_dagrun for dataset_s3_bucket_producer to None, run_after=None
[2025-02-06T18:17:10.627+0000] {processor.py:208} INFO - Processing /home/airflow/.local/lib/python3.12/site-packages/airflow/example_dags/example_dataset_alias.py took 1.291 seconds
[2025-02-06T18:17:40.777+0000] {processor.py:186} INFO - Started process (PID=285) to work on /home/airflow/.local/lib/python3.12/site-packages/airflow/example_dags/example_dataset_alias.py
[2025-02-06T18:17:40.779+0000] {processor.py:914} INFO - Processing file /home/airflow/.local/lib/python3.12/site-packages/airflow/example_dags/example_dataset_alias.py for tasks to queue
[2025-02-06T18:17:40.783+0000] {logging_mixin.py:190} INFO - [2025-02-06T18:17:40.782+0000] {dagbag.py:588} INFO - Filling up the DagBag from /home/airflow/.local/lib/python3.12/site-packages/airflow/example_dags/example_dataset_alias.py
[2025-02-06T18:17:41.756+0000] {processor.py:925} INFO - DAG(s) 'dataset_alias_example_alias_producer', 'dataset_alias_example_alias_consumer', 'dataset_s3_bucket_consumer', 'dataset_s3_bucket_producer' retrieved from /home/airflow/.local/lib/python3.12/site-packages/airflow/example_dags/example_dataset_alias.py
[2025-02-06T18:17:41.787+0000] {logging_mixin.py:190} INFO - [2025-02-06T18:17:41.786+0000] {dag.py:3239} INFO - Sync 4 DAGs
[2025-02-06T18:17:41.824+0000] {logging_mixin.py:190} INFO - [2025-02-06T18:17:41.824+0000] {dag.py:4180} INFO - Setting next_dagrun for dataset_alias_example_alias_consumer to None, run_after=None
[2025-02-06T18:17:41.829+0000] {logging_mixin.py:190} INFO - [2025-02-06T18:17:41.829+0000] {dag.py:4180} INFO - Setting next_dagrun for dataset_alias_example_alias_producer to None, run_after=None
[2025-02-06T18:17:41.832+0000] {logging_mixin.py:190} INFO - [2025-02-06T18:17:41.831+0000] {dag.py:4180} INFO - Setting next_dagrun for dataset_s3_bucket_consumer to None, run_after=None
[2025-02-06T18:17:41.834+0000] {logging_mixin.py:190} INFO - [2025-02-06T18:17:41.834+0000] {dag.py:4180} INFO - Setting next_dagrun for dataset_s3_bucket_producer to None, run_after=None
[2025-02-06T18:17:41.863+0000] {processor.py:208} INFO - Processing /home/airflow/.local/lib/python3.12/site-packages/airflow/example_dags/example_dataset_alias.py took 1.097 seconds
[2025-02-06T18:18:12.469+0000] {processor.py:186} INFO - Started process (PID=348) to work on /home/airflow/.local/lib/python3.12/site-packages/airflow/example_dags/example_dataset_alias.py
[2025-02-06T18:18:12.472+0000] {processor.py:914} INFO - Processing file /home/airflow/.local/lib/python3.12/site-packages/airflow/example_dags/example_dataset_alias.py for tasks to queue
[2025-02-06T18:18:12.479+0000] {logging_mixin.py:190} INFO - [2025-02-06T18:18:12.477+0000] {dagbag.py:588} INFO - Filling up the DagBag from /home/airflow/.local/lib/python3.12/site-packages/airflow/example_dags/example_dataset_alias.py
[2025-02-06T18:18:13.543+0000] {processor.py:925} INFO - DAG(s) 'dataset_alias_example_alias_consumer', 'dataset_s3_bucket_consumer', 'dataset_alias_example_alias_producer', 'dataset_s3_bucket_producer' retrieved from /home/airflow/.local/lib/python3.12/site-packages/airflow/example_dags/example_dataset_alias.py
[2025-02-06T18:18:13.597+0000] {logging_mixin.py:190} INFO - [2025-02-06T18:18:13.596+0000] {dag.py:3239} INFO - Sync 4 DAGs
[2025-02-06T18:18:13.654+0000] {logging_mixin.py:190} INFO - [2025-02-06T18:18:13.654+0000] {dag.py:4180} INFO - Setting next_dagrun for dataset_alias_example_alias_consumer to None, run_after=None
[2025-02-06T18:18:13.662+0000] {logging_mixin.py:190} INFO - [2025-02-06T18:18:13.661+0000] {dag.py:4180} INFO - Setting next_dagrun for dataset_alias_example_alias_producer to None, run_after=None
[2025-02-06T18:18:13.667+0000] {logging_mixin.py:190} INFO - [2025-02-06T18:18:13.665+0000] {dag.py:4180} INFO - Setting next_dagrun for dataset_s3_bucket_consumer to None, run_after=None
[2025-02-06T18:18:13.671+0000] {logging_mixin.py:190} INFO - [2025-02-06T18:18:13.670+0000] {dag.py:4180} INFO - Setting next_dagrun for dataset_s3_bucket_producer to None, run_after=None
[2025-02-06T18:18:13.723+0000] {processor.py:208} INFO - Processing /home/airflow/.local/lib/python3.12/site-packages/airflow/example_dags/example_dataset_alias.py took 1.273 seconds
[2025-02-06T18:18:44.547+0000] {processor.py:186} INFO - Started process (PID=406) to work on /home/airflow/.local/lib/python3.12/site-packages/airflow/example_dags/example_dataset_alias.py
[2025-02-06T18:18:44.549+0000] {processor.py:914} INFO - Processing file /home/airflow/.local/lib/python3.12/site-packages/airflow/example_dags/example_dataset_alias.py for tasks to queue
[2025-02-06T18:18:44.556+0000] {logging_mixin.py:190} INFO - [2025-02-06T18:18:44.555+0000] {dagbag.py:588} INFO - Filling up the DagBag from /home/airflow/.local/lib/python3.12/site-packages/airflow/example_dags/example_dataset_alias.py
[2025-02-06T18:18:46.202+0000] {processor.py:925} INFO - DAG(s) 'dataset_alias_example_alias_producer', 'dataset_alias_example_alias_consumer', 'dataset_s3_bucket_consumer', 'dataset_s3_bucket_producer' retrieved from /home/airflow/.local/lib/python3.12/site-packages/airflow/example_dags/example_dataset_alias.py
[2025-02-06T18:18:46.259+0000] {logging_mixin.py:190} INFO - [2025-02-06T18:18:46.257+0000] {dag.py:3239} INFO - Sync 4 DAGs
[2025-02-06T18:18:46.328+0000] {logging_mixin.py:190} INFO - [2025-02-06T18:18:46.328+0000] {dag.py:4180} INFO - Setting next_dagrun for dataset_alias_example_alias_consumer to None, run_after=None
[2025-02-06T18:18:46.335+0000] {logging_mixin.py:190} INFO - [2025-02-06T18:18:46.334+0000] {dag.py:4180} INFO - Setting next_dagrun for dataset_alias_example_alias_producer to None, run_after=None
[2025-02-06T18:18:46.338+0000] {logging_mixin.py:190} INFO - [2025-02-06T18:18:46.338+0000] {dag.py:4180} INFO - Setting next_dagrun for dataset_s3_bucket_consumer to None, run_after=None
[2025-02-06T18:18:46.341+0000] {logging_mixin.py:190} INFO - [2025-02-06T18:18:46.341+0000] {dag.py:4180} INFO - Setting next_dagrun for dataset_s3_bucket_producer to None, run_after=None
[2025-02-06T18:18:46.410+0000] {processor.py:208} INFO - Processing /home/airflow/.local/lib/python3.12/site-packages/airflow/example_dags/example_dataset_alias.py took 1.878 seconds
[2025-02-06T18:19:16.624+0000] {processor.py:186} INFO - Started process (PID=470) to work on /home/airflow/.local/lib/python3.12/site-packages/airflow/example_dags/example_dataset_alias.py
[2025-02-06T18:19:16.625+0000] {processor.py:914} INFO - Processing file /home/airflow/.local/lib/python3.12/site-packages/airflow/example_dags/example_dataset_alias.py for tasks to queue
[2025-02-06T18:19:16.630+0000] {logging_mixin.py:190} INFO - [2025-02-06T18:19:16.629+0000] {dagbag.py:588} INFO - Filling up the DagBag from /home/airflow/.local/lib/python3.12/site-packages/airflow/example_dags/example_dataset_alias.py
[2025-02-06T18:19:17.535+0000] {processor.py:925} INFO - DAG(s) 'dataset_s3_bucket_consumer', 'dataset_s3_bucket_producer', 'dataset_alias_example_alias_producer', 'dataset_alias_example_alias_consumer' retrieved from /home/airflow/.local/lib/python3.12/site-packages/airflow/example_dags/example_dataset_alias.py
[2025-02-06T18:19:17.567+0000] {logging_mixin.py:190} INFO - [2025-02-06T18:19:17.567+0000] {dag.py:3239} INFO - Sync 4 DAGs
[2025-02-06T18:19:17.606+0000] {logging_mixin.py:190} INFO - [2025-02-06T18:19:17.605+0000] {dag.py:4180} INFO - Setting next_dagrun for dataset_alias_example_alias_consumer to None, run_after=None
[2025-02-06T18:19:17.610+0000] {logging_mixin.py:190} INFO - [2025-02-06T18:19:17.610+0000] {dag.py:4180} INFO - Setting next_dagrun for dataset_alias_example_alias_producer to None, run_after=None
[2025-02-06T18:19:17.613+0000] {logging_mixin.py:190} INFO - [2025-02-06T18:19:17.613+0000] {dag.py:4180} INFO - Setting next_dagrun for dataset_s3_bucket_consumer to None, run_after=None
[2025-02-06T18:19:17.617+0000] {logging_mixin.py:190} INFO - [2025-02-06T18:19:17.616+0000] {dag.py:4180} INFO - Setting next_dagrun for dataset_s3_bucket_producer to None, run_after=None
[2025-02-06T18:19:17.655+0000] {processor.py:208} INFO - Processing /home/airflow/.local/lib/python3.12/site-packages/airflow/example_dags/example_dataset_alias.py took 1.043 seconds
[2025-02-06T18:19:47.929+0000] {processor.py:186} INFO - Started process (PID=527) to work on /home/airflow/.local/lib/python3.12/site-packages/airflow/example_dags/example_dataset_alias.py
[2025-02-06T18:19:47.931+0000] {processor.py:914} INFO - Processing file /home/airflow/.local/lib/python3.12/site-packages/airflow/example_dags/example_dataset_alias.py for tasks to queue
[2025-02-06T18:19:47.936+0000] {logging_mixin.py:190} INFO - [2025-02-06T18:19:47.935+0000] {dagbag.py:588} INFO - Filling up the DagBag from /home/airflow/.local/lib/python3.12/site-packages/airflow/example_dags/example_dataset_alias.py
[2025-02-06T18:19:48.922+0000] {processor.py:925} INFO - DAG(s) 'dataset_alias_example_alias_producer', 'dataset_alias_example_alias_consumer', 'dataset_s3_bucket_consumer', 'dataset_s3_bucket_producer' retrieved from /home/airflow/.local/lib/python3.12/site-packages/airflow/example_dags/example_dataset_alias.py
[2025-02-06T18:19:48.959+0000] {logging_mixin.py:190} INFO - [2025-02-06T18:19:48.958+0000] {dag.py:3239} INFO - Sync 4 DAGs
[2025-02-06T18:19:48.995+0000] {logging_mixin.py:190} INFO - [2025-02-06T18:19:48.995+0000] {dag.py:4180} INFO - Setting next_dagrun for dataset_alias_example_alias_consumer to None, run_after=None
[2025-02-06T18:19:48.999+0000] {logging_mixin.py:190} INFO - [2025-02-06T18:19:48.999+0000] {dag.py:4180} INFO - Setting next_dagrun for dataset_alias_example_alias_producer to None, run_after=None
[2025-02-06T18:19:49.002+0000] {logging_mixin.py:190} INFO - [2025-02-06T18:19:49.001+0000] {dag.py:4180} INFO - Setting next_dagrun for dataset_s3_bucket_consumer to None, run_after=None
[2025-02-06T18:19:49.004+0000] {logging_mixin.py:190} INFO - [2025-02-06T18:19:49.004+0000] {dag.py:4180} INFO - Setting next_dagrun for dataset_s3_bucket_producer to None, run_after=None
[2025-02-06T18:19:49.039+0000] {processor.py:208} INFO - Processing /home/airflow/.local/lib/python3.12/site-packages/airflow/example_dags/example_dataset_alias.py took 1.121 seconds
[2025-02-06T18:20:19.255+0000] {processor.py:186} INFO - Started process (PID=584) to work on /home/airflow/.local/lib/python3.12/site-packages/airflow/example_dags/example_dataset_alias.py
[2025-02-06T18:20:19.257+0000] {processor.py:914} INFO - Processing file /home/airflow/.local/lib/python3.12/site-packages/airflow/example_dags/example_dataset_alias.py for tasks to queue
[2025-02-06T18:20:19.260+0000] {logging_mixin.py:190} INFO - [2025-02-06T18:20:19.260+0000] {dagbag.py:588} INFO - Filling up the DagBag from /home/airflow/.local/lib/python3.12/site-packages/airflow/example_dags/example_dataset_alias.py
[2025-02-06T18:20:20.097+0000] {processor.py:925} INFO - DAG(s) 'dataset_alias_example_alias_producer', 'dataset_s3_bucket_producer', 'dataset_alias_example_alias_consumer', 'dataset_s3_bucket_consumer' retrieved from /home/airflow/.local/lib/python3.12/site-packages/airflow/example_dags/example_dataset_alias.py
[2025-02-06T18:20:20.130+0000] {logging_mixin.py:190} INFO - [2025-02-06T18:20:20.129+0000] {dag.py:3239} INFO - Sync 4 DAGs
[2025-02-06T18:20:20.159+0000] {logging_mixin.py:190} INFO - [2025-02-06T18:20:20.159+0000] {dag.py:4180} INFO - Setting next_dagrun for dataset_alias_example_alias_consumer to None, run_after=None
[2025-02-06T18:20:20.163+0000] {logging_mixin.py:190} INFO - [2025-02-06T18:20:20.163+0000] {dag.py:4180} INFO - Setting next_dagrun for dataset_alias_example_alias_producer to None, run_after=None
[2025-02-06T18:20:20.166+0000] {logging_mixin.py:190} INFO - [2025-02-06T18:20:20.166+0000] {dag.py:4180} INFO - Setting next_dagrun for dataset_s3_bucket_consumer to None, run_after=None
[2025-02-06T18:20:20.169+0000] {logging_mixin.py:190} INFO - [2025-02-06T18:20:20.169+0000] {dag.py:4180} INFO - Setting next_dagrun for dataset_s3_bucket_producer to None, run_after=None
[2025-02-06T18:20:20.203+0000] {processor.py:208} INFO - Processing /home/airflow/.local/lib/python3.12/site-packages/airflow/example_dags/example_dataset_alias.py took 0.956 seconds
[2025-02-06T18:20:51.004+0000] {processor.py:186} INFO - Started process (PID=641) to work on /home/airflow/.local/lib/python3.12/site-packages/airflow/example_dags/example_dataset_alias.py
[2025-02-06T18:20:51.006+0000] {processor.py:914} INFO - Processing file /home/airflow/.local/lib/python3.12/site-packages/airflow/example_dags/example_dataset_alias.py for tasks to queue
[2025-02-06T18:20:51.009+0000] {logging_mixin.py:190} INFO - [2025-02-06T18:20:51.009+0000] {dagbag.py:588} INFO - Filling up the DagBag from /home/airflow/.local/lib/python3.12/site-packages/airflow/example_dags/example_dataset_alias.py
[2025-02-06T18:20:51.905+0000] {processor.py:925} INFO - DAG(s) 'dataset_s3_bucket_producer', 'dataset_s3_bucket_consumer', 'dataset_alias_example_alias_consumer', 'dataset_alias_example_alias_producer' retrieved from /home/airflow/.local/lib/python3.12/site-packages/airflow/example_dags/example_dataset_alias.py
[2025-02-06T18:20:51.943+0000] {logging_mixin.py:190} INFO - [2025-02-06T18:20:51.943+0000] {dag.py:3239} INFO - Sync 4 DAGs
[2025-02-06T18:20:51.976+0000] {logging_mixin.py:190} INFO - [2025-02-06T18:20:51.976+0000] {dag.py:4180} INFO - Setting next_dagrun for dataset_alias_example_alias_consumer to None, run_after=None
[2025-02-06T18:20:51.980+0000] {logging_mixin.py:190} INFO - [2025-02-06T18:20:51.979+0000] {dag.py:4180} INFO - Setting next_dagrun for dataset_alias_example_alias_producer to None, run_after=None
[2025-02-06T18:20:51.984+0000] {logging_mixin.py:190} INFO - [2025-02-06T18:20:51.983+0000] {dag.py:4180} INFO - Setting next_dagrun for dataset_s3_bucket_consumer to None, run_after=None
[2025-02-06T18:20:51.986+0000] {logging_mixin.py:190} INFO - [2025-02-06T18:20:51.986+0000] {dag.py:4180} INFO - Setting next_dagrun for dataset_s3_bucket_producer to None, run_after=None
[2025-02-06T18:20:52.022+0000] {processor.py:208} INFO - Processing /home/airflow/.local/lib/python3.12/site-packages/airflow/example_dags/example_dataset_alias.py took 1.026 seconds
[2025-02-06T18:21:22.576+0000] {processor.py:186} INFO - Started process (PID=698) to work on /home/airflow/.local/lib/python3.12/site-packages/airflow/example_dags/example_dataset_alias.py
[2025-02-06T18:21:22.579+0000] {processor.py:914} INFO - Processing file /home/airflow/.local/lib/python3.12/site-packages/airflow/example_dags/example_dataset_alias.py for tasks to queue
[2025-02-06T18:21:22.587+0000] {logging_mixin.py:190} INFO - [2025-02-06T18:21:22.585+0000] {dagbag.py:588} INFO - Filling up the DagBag from /home/airflow/.local/lib/python3.12/site-packages/airflow/example_dags/example_dataset_alias.py
[2025-02-06T18:21:23.658+0000] {processor.py:925} INFO - DAG(s) 'dataset_alias_example_alias_producer', 'dataset_s3_bucket_consumer', 'dataset_s3_bucket_producer', 'dataset_alias_example_alias_consumer' retrieved from /home/airflow/.local/lib/python3.12/site-packages/airflow/example_dags/example_dataset_alias.py
[2025-02-06T18:21:23.703+0000] {logging_mixin.py:190} INFO - [2025-02-06T18:21:23.702+0000] {dag.py:3239} INFO - Sync 4 DAGs
[2025-02-06T18:21:23.751+0000] {logging_mixin.py:190} INFO - [2025-02-06T18:21:23.751+0000] {dag.py:4180} INFO - Setting next_dagrun for dataset_alias_example_alias_consumer to None, run_after=None
[2025-02-06T18:21:23.758+0000] {logging_mixin.py:190} INFO - [2025-02-06T18:21:23.757+0000] {dag.py:4180} INFO - Setting next_dagrun for dataset_alias_example_alias_producer to None, run_after=None
[2025-02-06T18:21:23.761+0000] {logging_mixin.py:190} INFO - [2025-02-06T18:21:23.761+0000] {dag.py:4180} INFO - Setting next_dagrun for dataset_s3_bucket_consumer to None, run_after=None
[2025-02-06T18:21:23.765+0000] {logging_mixin.py:190} INFO - [2025-02-06T18:21:23.765+0000] {dag.py:4180} INFO - Setting next_dagrun for dataset_s3_bucket_producer to None, run_after=None
[2025-02-06T18:21:23.806+0000] {processor.py:208} INFO - Processing /home/airflow/.local/lib/python3.12/site-packages/airflow/example_dags/example_dataset_alias.py took 1.246 seconds
[2025-02-06T18:21:54.176+0000] {processor.py:186} INFO - Started process (PID=755) to work on /home/airflow/.local/lib/python3.12/site-packages/airflow/example_dags/example_dataset_alias.py
[2025-02-06T18:21:54.178+0000] {processor.py:914} INFO - Processing file /home/airflow/.local/lib/python3.12/site-packages/airflow/example_dags/example_dataset_alias.py for tasks to queue
[2025-02-06T18:21:54.185+0000] {logging_mixin.py:190} INFO - [2025-02-06T18:21:54.184+0000] {dagbag.py:588} INFO - Filling up the DagBag from /home/airflow/.local/lib/python3.12/site-packages/airflow/example_dags/example_dataset_alias.py
[2025-02-06T18:21:55.044+0000] {processor.py:925} INFO - DAG(s) 'dataset_s3_bucket_producer', 'dataset_s3_bucket_consumer', 'dataset_alias_example_alias_producer', 'dataset_alias_example_alias_consumer' retrieved from /home/airflow/.local/lib/python3.12/site-packages/airflow/example_dags/example_dataset_alias.py
[2025-02-06T18:21:55.073+0000] {logging_mixin.py:190} INFO - [2025-02-06T18:21:55.072+0000] {dag.py:3239} INFO - Sync 4 DAGs
[2025-02-06T18:21:55.109+0000] {logging_mixin.py:190} INFO - [2025-02-06T18:21:55.109+0000] {dag.py:4180} INFO - Setting next_dagrun for dataset_alias_example_alias_consumer to None, run_after=None
[2025-02-06T18:21:55.113+0000] {logging_mixin.py:190} INFO - [2025-02-06T18:21:55.113+0000] {dag.py:4180} INFO - Setting next_dagrun for dataset_alias_example_alias_producer to None, run_after=None
[2025-02-06T18:21:55.116+0000] {logging_mixin.py:190} INFO - [2025-02-06T18:21:55.116+0000] {dag.py:4180} INFO - Setting next_dagrun for dataset_s3_bucket_consumer to None, run_after=None
[2025-02-06T18:21:55.118+0000] {logging_mixin.py:190} INFO - [2025-02-06T18:21:55.118+0000] {dag.py:4180} INFO - Setting next_dagrun for dataset_s3_bucket_producer to None, run_after=None
[2025-02-06T18:21:55.149+0000] {processor.py:208} INFO - Processing /home/airflow/.local/lib/python3.12/site-packages/airflow/example_dags/example_dataset_alias.py took 0.985 seconds
[2025-02-06T18:22:25.308+0000] {processor.py:186} INFO - Started process (PID=812) to work on /home/airflow/.local/lib/python3.12/site-packages/airflow/example_dags/example_dataset_alias.py
[2025-02-06T18:22:25.314+0000] {processor.py:914} INFO - Processing file /home/airflow/.local/lib/python3.12/site-packages/airflow/example_dags/example_dataset_alias.py for tasks to queue
[2025-02-06T18:22:25.331+0000] {logging_mixin.py:190} INFO - [2025-02-06T18:22:25.329+0000] {dagbag.py:588} INFO - Filling up the DagBag from /home/airflow/.local/lib/python3.12/site-packages/airflow/example_dags/example_dataset_alias.py
[2025-02-06T18:22:27.049+0000] {processor.py:925} INFO - DAG(s) 'dataset_alias_example_alias_consumer', 'dataset_s3_bucket_producer', 'dataset_alias_example_alias_producer', 'dataset_s3_bucket_consumer' retrieved from /home/airflow/.local/lib/python3.12/site-packages/airflow/example_dags/example_dataset_alias.py
[2025-02-06T18:22:27.092+0000] {logging_mixin.py:190} INFO - [2025-02-06T18:22:27.092+0000] {dag.py:3239} INFO - Sync 4 DAGs
[2025-02-06T18:22:27.142+0000] {logging_mixin.py:190} INFO - [2025-02-06T18:22:27.142+0000] {dag.py:4180} INFO - Setting next_dagrun for dataset_alias_example_alias_consumer to None, run_after=None
[2025-02-06T18:22:27.153+0000] {logging_mixin.py:190} INFO - [2025-02-06T18:22:27.152+0000] {dag.py:4180} INFO - Setting next_dagrun for dataset_alias_example_alias_producer to None, run_after=None
[2025-02-06T18:22:27.157+0000] {logging_mixin.py:190} INFO - [2025-02-06T18:22:27.157+0000] {dag.py:4180} INFO - Setting next_dagrun for dataset_s3_bucket_consumer to None, run_after=None
[2025-02-06T18:22:27.161+0000] {logging_mixin.py:190} INFO - [2025-02-06T18:22:27.160+0000] {dag.py:4180} INFO - Setting next_dagrun for dataset_s3_bucket_producer to None, run_after=None
[2025-02-06T18:22:27.210+0000] {processor.py:208} INFO - Processing /home/airflow/.local/lib/python3.12/site-packages/airflow/example_dags/example_dataset_alias.py took 1.931 seconds
[2025-02-06T18:22:57.680+0000] {processor.py:186} INFO - Started process (PID=869) to work on /home/airflow/.local/lib/python3.12/site-packages/airflow/example_dags/example_dataset_alias.py
[2025-02-06T18:22:57.682+0000] {processor.py:914} INFO - Processing file /home/airflow/.local/lib/python3.12/site-packages/airflow/example_dags/example_dataset_alias.py for tasks to queue
[2025-02-06T18:22:57.689+0000] {logging_mixin.py:190} INFO - [2025-02-06T18:22:57.688+0000] {dagbag.py:588} INFO - Filling up the DagBag from /home/airflow/.local/lib/python3.12/site-packages/airflow/example_dags/example_dataset_alias.py
[2025-02-06T18:22:58.673+0000] {processor.py:925} INFO - DAG(s) 'dataset_s3_bucket_producer', 'dataset_alias_example_alias_producer', 'dataset_s3_bucket_consumer', 'dataset_alias_example_alias_consumer' retrieved from /home/airflow/.local/lib/python3.12/site-packages/airflow/example_dags/example_dataset_alias.py
[2025-02-06T18:22:58.726+0000] {logging_mixin.py:190} INFO - [2025-02-06T18:22:58.725+0000] {dag.py:3239} INFO - Sync 4 DAGs
[2025-02-06T18:22:58.770+0000] {logging_mixin.py:190} INFO - [2025-02-06T18:22:58.770+0000] {dag.py:4180} INFO - Setting next_dagrun for dataset_alias_example_alias_consumer to None, run_after=None
[2025-02-06T18:22:58.779+0000] {logging_mixin.py:190} INFO - [2025-02-06T18:22:58.778+0000] {dag.py:4180} INFO - Setting next_dagrun for dataset_alias_example_alias_producer to None, run_after=None
[2025-02-06T18:22:58.787+0000] {logging_mixin.py:190} INFO - [2025-02-06T18:22:58.786+0000] {dag.py:4180} INFO - Setting next_dagrun for dataset_s3_bucket_consumer to None, run_after=None
[2025-02-06T18:22:58.790+0000] {logging_mixin.py:190} INFO - [2025-02-06T18:22:58.789+0000] {dag.py:4180} INFO - Setting next_dagrun for dataset_s3_bucket_producer to None, run_after=None
[2025-02-06T18:22:58.832+0000] {processor.py:208} INFO - Processing /home/airflow/.local/lib/python3.12/site-packages/airflow/example_dags/example_dataset_alias.py took 1.164 seconds
[2025-02-06T18:23:29.214+0000] {processor.py:186} INFO - Started process (PID=926) to work on /home/airflow/.local/lib/python3.12/site-packages/airflow/example_dags/example_dataset_alias.py
[2025-02-06T18:23:29.216+0000] {processor.py:914} INFO - Processing file /home/airflow/.local/lib/python3.12/site-packages/airflow/example_dags/example_dataset_alias.py for tasks to queue
[2025-02-06T18:23:29.222+0000] {logging_mixin.py:190} INFO - [2025-02-06T18:23:29.221+0000] {dagbag.py:588} INFO - Filling up the DagBag from /home/airflow/.local/lib/python3.12/site-packages/airflow/example_dags/example_dataset_alias.py
[2025-02-06T18:23:30.566+0000] {processor.py:925} INFO - DAG(s) 'dataset_alias_example_alias_consumer', 'dataset_s3_bucket_consumer', 'dataset_s3_bucket_producer', 'dataset_alias_example_alias_producer' retrieved from /home/airflow/.local/lib/python3.12/site-packages/airflow/example_dags/example_dataset_alias.py
[2025-02-06T18:23:30.599+0000] {logging_mixin.py:190} INFO - [2025-02-06T18:23:30.598+0000] {dag.py:3239} INFO - Sync 4 DAGs
[2025-02-06T18:23:30.641+0000] {logging_mixin.py:190} INFO - [2025-02-06T18:23:30.640+0000] {dag.py:4180} INFO - Setting next_dagrun for dataset_alias_example_alias_consumer to None, run_after=None
[2025-02-06T18:23:30.646+0000] {logging_mixin.py:190} INFO - [2025-02-06T18:23:30.646+0000] {dag.py:4180} INFO - Setting next_dagrun for dataset_alias_example_alias_producer to None, run_after=None
[2025-02-06T18:23:30.648+0000] {logging_mixin.py:190} INFO - [2025-02-06T18:23:30.648+0000] {dag.py:4180} INFO - Setting next_dagrun for dataset_s3_bucket_consumer to None, run_after=None
[2025-02-06T18:23:30.651+0000] {logging_mixin.py:190} INFO - [2025-02-06T18:23:30.651+0000] {dag.py:4180} INFO - Setting next_dagrun for dataset_s3_bucket_producer to None, run_after=None
[2025-02-06T18:23:30.694+0000] {processor.py:208} INFO - Processing /home/airflow/.local/lib/python3.12/site-packages/airflow/example_dags/example_dataset_alias.py took 1.494 seconds
[2025-02-06T18:24:02.249+0000] {processor.py:186} INFO - Started process (PID=986) to work on /home/airflow/.local/lib/python3.12/site-packages/airflow/example_dags/example_dataset_alias.py
[2025-02-06T18:24:02.252+0000] {processor.py:914} INFO - Processing file /home/airflow/.local/lib/python3.12/site-packages/airflow/example_dags/example_dataset_alias.py for tasks to queue
[2025-02-06T18:24:02.257+0000] {logging_mixin.py:190} INFO - [2025-02-06T18:24:02.256+0000] {dagbag.py:588} INFO - Filling up the DagBag from /home/airflow/.local/lib/python3.12/site-packages/airflow/example_dags/example_dataset_alias.py
[2025-02-06T18:24:03.857+0000] {processor.py:925} INFO - DAG(s) 'dataset_alias_example_alias_producer', 'dataset_s3_bucket_consumer', 'dataset_s3_bucket_producer', 'dataset_alias_example_alias_consumer' retrieved from /home/airflow/.local/lib/python3.12/site-packages/airflow/example_dags/example_dataset_alias.py
[2025-02-06T18:24:03.893+0000] {logging_mixin.py:190} INFO - [2025-02-06T18:24:03.892+0000] {dag.py:3239} INFO - Sync 4 DAGs
[2025-02-06T18:24:03.940+0000] {logging_mixin.py:190} INFO - [2025-02-06T18:24:03.939+0000] {dag.py:4180} INFO - Setting next_dagrun for dataset_alias_example_alias_consumer to None, run_after=None
[2025-02-06T18:24:03.945+0000] {logging_mixin.py:190} INFO - [2025-02-06T18:24:03.944+0000] {dag.py:4180} INFO - Setting next_dagrun for dataset_alias_example_alias_producer to None, run_after=None
[2025-02-06T18:24:03.951+0000] {logging_mixin.py:190} INFO - [2025-02-06T18:24:03.950+0000] {dag.py:4180} INFO - Setting next_dagrun for dataset_s3_bucket_consumer to None, run_after=None
[2025-02-06T18:24:03.953+0000] {logging_mixin.py:190} INFO - [2025-02-06T18:24:03.953+0000] {dag.py:4180} INFO - Setting next_dagrun for dataset_s3_bucket_producer to None, run_after=None
[2025-02-06T18:24:03.999+0000] {processor.py:208} INFO - Processing /home/airflow/.local/lib/python3.12/site-packages/airflow/example_dags/example_dataset_alias.py took 1.766 seconds
[2025-02-06T18:24:34.283+0000] {processor.py:186} INFO - Started process (PID=1045) to work on /home/airflow/.local/lib/python3.12/site-packages/airflow/example_dags/example_dataset_alias.py
[2025-02-06T18:24:34.288+0000] {processor.py:914} INFO - Processing file /home/airflow/.local/lib/python3.12/site-packages/airflow/example_dags/example_dataset_alias.py for tasks to queue
[2025-02-06T18:24:34.294+0000] {logging_mixin.py:190} INFO - [2025-02-06T18:24:34.293+0000] {dagbag.py:588} INFO - Filling up the DagBag from /home/airflow/.local/lib/python3.12/site-packages/airflow/example_dags/example_dataset_alias.py
[2025-02-06T18:24:36.658+0000] {processor.py:925} INFO - DAG(s) 'dataset_alias_example_alias_producer', 'dataset_s3_bucket_consumer', 'dataset_alias_example_alias_consumer', 'dataset_s3_bucket_producer' retrieved from /home/airflow/.local/lib/python3.12/site-packages/airflow/example_dags/example_dataset_alias.py
[2025-02-06T18:24:36.788+0000] {logging_mixin.py:190} INFO - [2025-02-06T18:24:36.787+0000] {dag.py:3239} INFO - Sync 4 DAGs
[2025-02-06T18:24:36.857+0000] {logging_mixin.py:190} INFO - [2025-02-06T18:24:36.857+0000] {dag.py:4180} INFO - Setting next_dagrun for dataset_alias_example_alias_consumer to None, run_after=None
[2025-02-06T18:24:36.871+0000] {logging_mixin.py:190} INFO - [2025-02-06T18:24:36.870+0000] {dag.py:4180} INFO - Setting next_dagrun for dataset_alias_example_alias_producer to None, run_after=None
[2025-02-06T18:24:36.876+0000] {logging_mixin.py:190} INFO - [2025-02-06T18:24:36.875+0000] {dag.py:4180} INFO - Setting next_dagrun for dataset_s3_bucket_consumer to None, run_after=None
[2025-02-06T18:24:36.880+0000] {logging_mixin.py:190} INFO - [2025-02-06T18:24:36.880+0000] {dag.py:4180} INFO - Setting next_dagrun for dataset_s3_bucket_producer to None, run_after=None
[2025-02-06T18:24:36.975+0000] {processor.py:208} INFO - Processing /home/airflow/.local/lib/python3.12/site-packages/airflow/example_dags/example_dataset_alias.py took 2.731 seconds
[2025-02-06T18:25:07.095+0000] {processor.py:186} INFO - Started process (PID=1104) to work on /home/airflow/.local/lib/python3.12/site-packages/airflow/example_dags/example_dataset_alias.py
[2025-02-06T18:25:07.097+0000] {processor.py:914} INFO - Processing file /home/airflow/.local/lib/python3.12/site-packages/airflow/example_dags/example_dataset_alias.py for tasks to queue
[2025-02-06T18:25:07.102+0000] {logging_mixin.py:190} INFO - [2025-02-06T18:25:07.101+0000] {dagbag.py:588} INFO - Filling up the DagBag from /home/airflow/.local/lib/python3.12/site-packages/airflow/example_dags/example_dataset_alias.py
[2025-02-06T18:25:07.966+0000] {processor.py:925} INFO - DAG(s) 'dataset_s3_bucket_producer', 'dataset_alias_example_alias_consumer', 'dataset_alias_example_alias_producer', 'dataset_s3_bucket_consumer' retrieved from /home/airflow/.local/lib/python3.12/site-packages/airflow/example_dags/example_dataset_alias.py
[2025-02-06T18:25:08.015+0000] {logging_mixin.py:190} INFO - [2025-02-06T18:25:08.014+0000] {dag.py:3239} INFO - Sync 4 DAGs
[2025-02-06T18:25:08.062+0000] {logging_mixin.py:190} INFO - [2025-02-06T18:25:08.062+0000] {dag.py:4180} INFO - Setting next_dagrun for dataset_alias_example_alias_consumer to None, run_after=None
[2025-02-06T18:25:08.067+0000] {logging_mixin.py:190} INFO - [2025-02-06T18:25:08.067+0000] {dag.py:4180} INFO - Setting next_dagrun for dataset_alias_example_alias_producer to None, run_after=None
[2025-02-06T18:25:08.070+0000] {logging_mixin.py:190} INFO - [2025-02-06T18:25:08.070+0000] {dag.py:4180} INFO - Setting next_dagrun for dataset_s3_bucket_consumer to None, run_after=None
[2025-02-06T18:25:08.072+0000] {logging_mixin.py:190} INFO - [2025-02-06T18:25:08.072+0000] {dag.py:4180} INFO - Setting next_dagrun for dataset_s3_bucket_producer to None, run_after=None
[2025-02-06T18:25:08.116+0000] {processor.py:208} INFO - Processing /home/airflow/.local/lib/python3.12/site-packages/airflow/example_dags/example_dataset_alias.py took 1.034 seconds
[2025-02-06T18:25:38.806+0000] {processor.py:186} INFO - Started process (PID=1162) to work on /home/airflow/.local/lib/python3.12/site-packages/airflow/example_dags/example_dataset_alias.py
[2025-02-06T18:25:38.808+0000] {processor.py:914} INFO - Processing file /home/airflow/.local/lib/python3.12/site-packages/airflow/example_dags/example_dataset_alias.py for tasks to queue
[2025-02-06T18:25:38.812+0000] {logging_mixin.py:190} INFO - [2025-02-06T18:25:38.812+0000] {dagbag.py:588} INFO - Filling up the DagBag from /home/airflow/.local/lib/python3.12/site-packages/airflow/example_dags/example_dataset_alias.py
[2025-02-06T18:25:39.855+0000] {processor.py:925} INFO - DAG(s) 'dataset_alias_example_alias_consumer', 'dataset_alias_example_alias_producer', 'dataset_s3_bucket_consumer', 'dataset_s3_bucket_producer' retrieved from /home/airflow/.local/lib/python3.12/site-packages/airflow/example_dags/example_dataset_alias.py
[2025-02-06T18:25:39.891+0000] {logging_mixin.py:190} INFO - [2025-02-06T18:25:39.890+0000] {dag.py:3239} INFO - Sync 4 DAGs
[2025-02-06T18:25:39.943+0000] {logging_mixin.py:190} INFO - [2025-02-06T18:25:39.942+0000] {dag.py:4180} INFO - Setting next_dagrun for dataset_alias_example_alias_consumer to None, run_after=None
[2025-02-06T18:25:39.953+0000] {logging_mixin.py:190} INFO - [2025-02-06T18:25:39.952+0000] {dag.py:4180} INFO - Setting next_dagrun for dataset_alias_example_alias_producer to None, run_after=None
[2025-02-06T18:25:39.960+0000] {logging_mixin.py:190} INFO - [2025-02-06T18:25:39.959+0000] {dag.py:4180} INFO - Setting next_dagrun for dataset_s3_bucket_consumer to None, run_after=None
[2025-02-06T18:25:39.963+0000] {logging_mixin.py:190} INFO - [2025-02-06T18:25:39.962+0000] {dag.py:4180} INFO - Setting next_dagrun for dataset_s3_bucket_producer to None, run_after=None
[2025-02-06T18:25:40.025+0000] {processor.py:208} INFO - Processing /home/airflow/.local/lib/python3.12/site-packages/airflow/example_dags/example_dataset_alias.py took 1.231 seconds
[2025-02-06T18:26:10.296+0000] {processor.py:186} INFO - Started process (PID=1223) to work on /home/airflow/.local/lib/python3.12/site-packages/airflow/example_dags/example_dataset_alias.py
[2025-02-06T18:26:10.298+0000] {processor.py:914} INFO - Processing file /home/airflow/.local/lib/python3.12/site-packages/airflow/example_dags/example_dataset_alias.py for tasks to queue
[2025-02-06T18:26:10.302+0000] {logging_mixin.py:190} INFO - [2025-02-06T18:26:10.302+0000] {dagbag.py:588} INFO - Filling up the DagBag from /home/airflow/.local/lib/python3.12/site-packages/airflow/example_dags/example_dataset_alias.py
[2025-02-06T18:26:11.368+0000] {processor.py:925} INFO - DAG(s) 'dataset_s3_bucket_producer', 'dataset_s3_bucket_consumer', 'dataset_alias_example_alias_consumer', 'dataset_alias_example_alias_producer' retrieved from /home/airflow/.local/lib/python3.12/site-packages/airflow/example_dags/example_dataset_alias.py
[2025-02-06T18:26:11.414+0000] {logging_mixin.py:190} INFO - [2025-02-06T18:26:11.414+0000] {dag.py:3239} INFO - Sync 4 DAGs
[2025-02-06T18:26:11.459+0000] {logging_mixin.py:190} INFO - [2025-02-06T18:26:11.459+0000] {dag.py:4180} INFO - Setting next_dagrun for dataset_alias_example_alias_consumer to None, run_after=None
[2025-02-06T18:26:11.463+0000] {logging_mixin.py:190} INFO - [2025-02-06T18:26:11.463+0000] {dag.py:4180} INFO - Setting next_dagrun for dataset_alias_example_alias_producer to None, run_after=None
[2025-02-06T18:26:11.466+0000] {logging_mixin.py:190} INFO - [2025-02-06T18:26:11.465+0000] {dag.py:4180} INFO - Setting next_dagrun for dataset_s3_bucket_consumer to None, run_after=None
[2025-02-06T18:26:11.468+0000] {logging_mixin.py:190} INFO - [2025-02-06T18:26:11.467+0000] {dag.py:4180} INFO - Setting next_dagrun for dataset_s3_bucket_producer to None, run_after=None
[2025-02-06T18:26:11.505+0000] {processor.py:208} INFO - Processing /home/airflow/.local/lib/python3.12/site-packages/airflow/example_dags/example_dataset_alias.py took 1.221 seconds
[2025-02-06T18:26:41.779+0000] {processor.py:186} INFO - Started process (PID=1284) to work on /home/airflow/.local/lib/python3.12/site-packages/airflow/example_dags/example_dataset_alias.py
[2025-02-06T18:26:41.780+0000] {processor.py:914} INFO - Processing file /home/airflow/.local/lib/python3.12/site-packages/airflow/example_dags/example_dataset_alias.py for tasks to queue
[2025-02-06T18:26:41.784+0000] {logging_mixin.py:190} INFO - [2025-02-06T18:26:41.783+0000] {dagbag.py:588} INFO - Filling up the DagBag from /home/airflow/.local/lib/python3.12/site-packages/airflow/example_dags/example_dataset_alias.py
[2025-02-06T18:26:43.099+0000] {processor.py:925} INFO - DAG(s) 'dataset_s3_bucket_producer', 'dataset_alias_example_alias_producer', 'dataset_s3_bucket_consumer', 'dataset_alias_example_alias_consumer' retrieved from /home/airflow/.local/lib/python3.12/site-packages/airflow/example_dags/example_dataset_alias.py
[2025-02-06T18:26:43.146+0000] {logging_mixin.py:190} INFO - [2025-02-06T18:26:43.146+0000] {dag.py:3239} INFO - Sync 4 DAGs
[2025-02-06T18:26:43.186+0000] {logging_mixin.py:190} INFO - [2025-02-06T18:26:43.185+0000] {dag.py:4180} INFO - Setting next_dagrun for dataset_alias_example_alias_consumer to None, run_after=None
[2025-02-06T18:26:43.192+0000] {logging_mixin.py:190} INFO - [2025-02-06T18:26:43.191+0000] {dag.py:4180} INFO - Setting next_dagrun for dataset_alias_example_alias_producer to None, run_after=None
[2025-02-06T18:26:43.194+0000] {logging_mixin.py:190} INFO - [2025-02-06T18:26:43.194+0000] {dag.py:4180} INFO - Setting next_dagrun for dataset_s3_bucket_consumer to None, run_after=None
[2025-02-06T18:26:43.198+0000] {logging_mixin.py:190} INFO - [2025-02-06T18:26:43.197+0000] {dag.py:4180} INFO - Setting next_dagrun for dataset_s3_bucket_producer to None, run_after=None
[2025-02-06T18:26:43.235+0000] {processor.py:208} INFO - Processing /home/airflow/.local/lib/python3.12/site-packages/airflow/example_dags/example_dataset_alias.py took 1.469 seconds
[2025-02-06T18:27:13.916+0000] {processor.py:186} INFO - Started process (PID=1342) to work on /home/airflow/.local/lib/python3.12/site-packages/airflow/example_dags/example_dataset_alias.py
[2025-02-06T18:27:13.918+0000] {processor.py:914} INFO - Processing file /home/airflow/.local/lib/python3.12/site-packages/airflow/example_dags/example_dataset_alias.py for tasks to queue
[2025-02-06T18:27:13.923+0000] {logging_mixin.py:190} INFO - [2025-02-06T18:27:13.922+0000] {dagbag.py:588} INFO - Filling up the DagBag from /home/airflow/.local/lib/python3.12/site-packages/airflow/example_dags/example_dataset_alias.py
[2025-02-06T18:27:15.712+0000] {processor.py:925} INFO - DAG(s) 'dataset_s3_bucket_producer', 'dataset_s3_bucket_consumer', 'dataset_alias_example_alias_consumer', 'dataset_alias_example_alias_producer' retrieved from /home/airflow/.local/lib/python3.12/site-packages/airflow/example_dags/example_dataset_alias.py
[2025-02-06T18:27:15.761+0000] {logging_mixin.py:190} INFO - [2025-02-06T18:27:15.759+0000] {dag.py:3239} INFO - Sync 4 DAGs
[2025-02-06T18:27:15.824+0000] {logging_mixin.py:190} INFO - [2025-02-06T18:27:15.823+0000] {dag.py:4180} INFO - Setting next_dagrun for dataset_alias_example_alias_consumer to None, run_after=None
[2025-02-06T18:27:15.832+0000] {logging_mixin.py:190} INFO - [2025-02-06T18:27:15.832+0000] {dag.py:4180} INFO - Setting next_dagrun for dataset_alias_example_alias_producer to None, run_after=None
[2025-02-06T18:27:15.838+0000] {logging_mixin.py:190} INFO - [2025-02-06T18:27:15.837+0000] {dag.py:4180} INFO - Setting next_dagrun for dataset_s3_bucket_consumer to None, run_after=None
[2025-02-06T18:27:15.843+0000] {logging_mixin.py:190} INFO - [2025-02-06T18:27:15.842+0000] {dag.py:4180} INFO - Setting next_dagrun for dataset_s3_bucket_producer to None, run_after=None
[2025-02-06T18:27:15.908+0000] {processor.py:208} INFO - Processing /home/airflow/.local/lib/python3.12/site-packages/airflow/example_dags/example_dataset_alias.py took 2.004 seconds
[2025-02-06T18:27:46.168+0000] {processor.py:186} INFO - Started process (PID=1399) to work on /home/airflow/.local/lib/python3.12/site-packages/airflow/example_dags/example_dataset_alias.py
[2025-02-06T18:27:46.170+0000] {processor.py:914} INFO - Processing file /home/airflow/.local/lib/python3.12/site-packages/airflow/example_dags/example_dataset_alias.py for tasks to queue
[2025-02-06T18:27:46.173+0000] {logging_mixin.py:190} INFO - [2025-02-06T18:27:46.173+0000] {dagbag.py:588} INFO - Filling up the DagBag from /home/airflow/.local/lib/python3.12/site-packages/airflow/example_dags/example_dataset_alias.py
[2025-02-06T18:27:47.309+0000] {processor.py:925} INFO - DAG(s) 'dataset_alias_example_alias_consumer', 'dataset_s3_bucket_producer', 'dataset_alias_example_alias_producer', 'dataset_s3_bucket_consumer' retrieved from /home/airflow/.local/lib/python3.12/site-packages/airflow/example_dags/example_dataset_alias.py
[2025-02-06T18:27:47.348+0000] {logging_mixin.py:190} INFO - [2025-02-06T18:27:47.347+0000] {dag.py:3239} INFO - Sync 4 DAGs
[2025-02-06T18:27:47.397+0000] {logging_mixin.py:190} INFO - [2025-02-06T18:27:47.397+0000] {dag.py:4180} INFO - Setting next_dagrun for dataset_alias_example_alias_consumer to None, run_after=None
[2025-02-06T18:27:47.402+0000] {logging_mixin.py:190} INFO - [2025-02-06T18:27:47.402+0000] {dag.py:4180} INFO - Setting next_dagrun for dataset_alias_example_alias_producer to None, run_after=None
[2025-02-06T18:27:47.405+0000] {logging_mixin.py:190} INFO - [2025-02-06T18:27:47.404+0000] {dag.py:4180} INFO - Setting next_dagrun for dataset_s3_bucket_consumer to None, run_after=None
[2025-02-06T18:27:47.407+0000] {logging_mixin.py:190} INFO - [2025-02-06T18:27:47.407+0000] {dag.py:4180} INFO - Setting next_dagrun for dataset_s3_bucket_producer to None, run_after=None
[2025-02-06T18:27:47.437+0000] {processor.py:208} INFO - Processing /home/airflow/.local/lib/python3.12/site-packages/airflow/example_dags/example_dataset_alias.py took 1.278 seconds
[2025-02-06T18:28:18.502+0000] {processor.py:186} INFO - Started process (PID=1459) to work on /home/airflow/.local/lib/python3.12/site-packages/airflow/example_dags/example_dataset_alias.py
[2025-02-06T18:28:18.503+0000] {processor.py:914} INFO - Processing file /home/airflow/.local/lib/python3.12/site-packages/airflow/example_dags/example_dataset_alias.py for tasks to queue
[2025-02-06T18:28:18.510+0000] {logging_mixin.py:190} INFO - [2025-02-06T18:28:18.509+0000] {dagbag.py:588} INFO - Filling up the DagBag from /home/airflow/.local/lib/python3.12/site-packages/airflow/example_dags/example_dataset_alias.py
[2025-02-06T18:28:20.061+0000] {processor.py:925} INFO - DAG(s) 'dataset_alias_example_alias_consumer', 'dataset_alias_example_alias_producer', 'dataset_s3_bucket_consumer', 'dataset_s3_bucket_producer' retrieved from /home/airflow/.local/lib/python3.12/site-packages/airflow/example_dags/example_dataset_alias.py
[2025-02-06T18:28:20.097+0000] {logging_mixin.py:190} INFO - [2025-02-06T18:28:20.096+0000] {dag.py:3239} INFO - Sync 4 DAGs
[2025-02-06T18:28:20.149+0000] {logging_mixin.py:190} INFO - [2025-02-06T18:28:20.149+0000] {dag.py:4180} INFO - Setting next_dagrun for dataset_alias_example_alias_consumer to None, run_after=None
[2025-02-06T18:28:20.154+0000] {logging_mixin.py:190} INFO - [2025-02-06T18:28:20.154+0000] {dag.py:4180} INFO - Setting next_dagrun for dataset_alias_example_alias_producer to None, run_after=None
[2025-02-06T18:28:20.158+0000] {logging_mixin.py:190} INFO - [2025-02-06T18:28:20.157+0000] {dag.py:4180} INFO - Setting next_dagrun for dataset_s3_bucket_consumer to None, run_after=None
[2025-02-06T18:28:20.161+0000] {logging_mixin.py:190} INFO - [2025-02-06T18:28:20.160+0000] {dag.py:4180} INFO - Setting next_dagrun for dataset_s3_bucket_producer to None, run_after=None
[2025-02-06T18:28:20.199+0000] {processor.py:208} INFO - Processing /home/airflow/.local/lib/python3.12/site-packages/airflow/example_dags/example_dataset_alias.py took 1.708 seconds
[2025-02-06T18:28:52.062+0000] {processor.py:186} INFO - Started process (PID=1522) to work on /home/airflow/.local/lib/python3.12/site-packages/airflow/example_dags/example_dataset_alias.py
[2025-02-06T18:28:52.065+0000] {processor.py:914} INFO - Processing file /home/airflow/.local/lib/python3.12/site-packages/airflow/example_dags/example_dataset_alias.py for tasks to queue
[2025-02-06T18:28:52.082+0000] {logging_mixin.py:190} INFO - [2025-02-06T18:28:52.070+0000] {dagbag.py:588} INFO - Filling up the DagBag from /home/airflow/.local/lib/python3.12/site-packages/airflow/example_dags/example_dataset_alias.py
[2025-02-06T18:28:53.788+0000] {processor.py:925} INFO - DAG(s) 'dataset_alias_example_alias_consumer', 'dataset_s3_bucket_consumer', 'dataset_s3_bucket_producer', 'dataset_alias_example_alias_producer' retrieved from /home/airflow/.local/lib/python3.12/site-packages/airflow/example_dags/example_dataset_alias.py
[2025-02-06T18:28:53.836+0000] {logging_mixin.py:190} INFO - [2025-02-06T18:28:53.835+0000] {dag.py:3239} INFO - Sync 4 DAGs
[2025-02-06T18:28:53.879+0000] {logging_mixin.py:190} INFO - [2025-02-06T18:28:53.879+0000] {dag.py:4180} INFO - Setting next_dagrun for dataset_alias_example_alias_consumer to None, run_after=None
[2025-02-06T18:28:53.884+0000] {logging_mixin.py:190} INFO - [2025-02-06T18:28:53.884+0000] {dag.py:4180} INFO - Setting next_dagrun for dataset_alias_example_alias_producer to None, run_after=None
[2025-02-06T18:28:53.888+0000] {logging_mixin.py:190} INFO - [2025-02-06T18:28:53.887+0000] {dag.py:4180} INFO - Setting next_dagrun for dataset_s3_bucket_consumer to None, run_after=None
[2025-02-06T18:28:53.890+0000] {logging_mixin.py:190} INFO - [2025-02-06T18:28:53.890+0000] {dag.py:4180} INFO - Setting next_dagrun for dataset_s3_bucket_producer to None, run_after=None
[2025-02-06T18:28:53.958+0000] {processor.py:208} INFO - Processing /home/airflow/.local/lib/python3.12/site-packages/airflow/example_dags/example_dataset_alias.py took 1.920 seconds
[2025-02-06T18:29:24.128+0000] {processor.py:186} INFO - Started process (PID=1579) to work on /home/airflow/.local/lib/python3.12/site-packages/airflow/example_dags/example_dataset_alias.py
[2025-02-06T18:29:24.130+0000] {processor.py:914} INFO - Processing file /home/airflow/.local/lib/python3.12/site-packages/airflow/example_dags/example_dataset_alias.py for tasks to queue
[2025-02-06T18:29:24.139+0000] {logging_mixin.py:190} INFO - [2025-02-06T18:29:24.138+0000] {dagbag.py:588} INFO - Filling up the DagBag from /home/airflow/.local/lib/python3.12/site-packages/airflow/example_dags/example_dataset_alias.py
[2025-02-06T18:29:25.865+0000] {processor.py:925} INFO - DAG(s) 'dataset_alias_example_alias_consumer', 'dataset_s3_bucket_consumer', 'dataset_s3_bucket_producer', 'dataset_alias_example_alias_producer' retrieved from /home/airflow/.local/lib/python3.12/site-packages/airflow/example_dags/example_dataset_alias.py
[2025-02-06T18:29:25.899+0000] {logging_mixin.py:190} INFO - [2025-02-06T18:29:25.898+0000] {dag.py:3239} INFO - Sync 4 DAGs
[2025-02-06T18:29:25.941+0000] {logging_mixin.py:190} INFO - [2025-02-06T18:29:25.941+0000] {dag.py:4180} INFO - Setting next_dagrun for dataset_alias_example_alias_consumer to None, run_after=None
[2025-02-06T18:29:25.946+0000] {logging_mixin.py:190} INFO - [2025-02-06T18:29:25.945+0000] {dag.py:4180} INFO - Setting next_dagrun for dataset_alias_example_alias_producer to None, run_after=None
[2025-02-06T18:29:25.949+0000] {logging_mixin.py:190} INFO - [2025-02-06T18:29:25.948+0000] {dag.py:4180} INFO - Setting next_dagrun for dataset_s3_bucket_consumer to None, run_after=None
[2025-02-06T18:29:25.951+0000] {logging_mixin.py:190} INFO - [2025-02-06T18:29:25.951+0000] {dag.py:4180} INFO - Setting next_dagrun for dataset_s3_bucket_producer to None, run_after=None
[2025-02-06T18:29:26.001+0000] {processor.py:208} INFO - Processing /home/airflow/.local/lib/python3.12/site-packages/airflow/example_dags/example_dataset_alias.py took 1.886 seconds
[2025-02-06T18:29:57.289+0000] {processor.py:186} INFO - Started process (PID=1639) to work on /home/airflow/.local/lib/python3.12/site-packages/airflow/example_dags/example_dataset_alias.py
[2025-02-06T18:29:57.290+0000] {processor.py:914} INFO - Processing file /home/airflow/.local/lib/python3.12/site-packages/airflow/example_dags/example_dataset_alias.py for tasks to queue
[2025-02-06T18:29:57.294+0000] {logging_mixin.py:190} INFO - [2025-02-06T18:29:57.294+0000] {dagbag.py:588} INFO - Filling up the DagBag from /home/airflow/.local/lib/python3.12/site-packages/airflow/example_dags/example_dataset_alias.py
[2025-02-06T18:29:58.429+0000] {processor.py:925} INFO - DAG(s) 'dataset_s3_bucket_producer', 'dataset_alias_example_alias_consumer', 'dataset_s3_bucket_consumer', 'dataset_alias_example_alias_producer' retrieved from /home/airflow/.local/lib/python3.12/site-packages/airflow/example_dags/example_dataset_alias.py
[2025-02-06T18:29:58.460+0000] {logging_mixin.py:190} INFO - [2025-02-06T18:29:58.460+0000] {dag.py:3239} INFO - Sync 4 DAGs
[2025-02-06T18:29:58.494+0000] {logging_mixin.py:190} INFO - [2025-02-06T18:29:58.493+0000] {dag.py:4180} INFO - Setting next_dagrun for dataset_alias_example_alias_consumer to None, run_after=None
[2025-02-06T18:29:58.498+0000] {logging_mixin.py:190} INFO - [2025-02-06T18:29:58.498+0000] {dag.py:4180} INFO - Setting next_dagrun for dataset_alias_example_alias_producer to None, run_after=None
[2025-02-06T18:29:58.500+0000] {logging_mixin.py:190} INFO - [2025-02-06T18:29:58.500+0000] {dag.py:4180} INFO - Setting next_dagrun for dataset_s3_bucket_consumer to None, run_after=None
[2025-02-06T18:29:58.502+0000] {logging_mixin.py:190} INFO - [2025-02-06T18:29:58.502+0000] {dag.py:4180} INFO - Setting next_dagrun for dataset_s3_bucket_producer to None, run_after=None
[2025-02-06T18:29:58.534+0000] {processor.py:208} INFO - Processing /home/airflow/.local/lib/python3.12/site-packages/airflow/example_dags/example_dataset_alias.py took 1.255 seconds
[2025-02-06T18:30:29.019+0000] {processor.py:186} INFO - Started process (PID=1698) to work on /home/airflow/.local/lib/python3.12/site-packages/airflow/example_dags/example_dataset_alias.py
[2025-02-06T18:30:29.021+0000] {processor.py:914} INFO - Processing file /home/airflow/.local/lib/python3.12/site-packages/airflow/example_dags/example_dataset_alias.py for tasks to queue
[2025-02-06T18:30:29.024+0000] {logging_mixin.py:190} INFO - [2025-02-06T18:30:29.024+0000] {dagbag.py:588} INFO - Filling up the DagBag from /home/airflow/.local/lib/python3.12/site-packages/airflow/example_dags/example_dataset_alias.py
[2025-02-06T18:30:30.096+0000] {processor.py:925} INFO - DAG(s) 'dataset_s3_bucket_producer', 'dataset_s3_bucket_consumer', 'dataset_alias_example_alias_producer', 'dataset_alias_example_alias_consumer' retrieved from /home/airflow/.local/lib/python3.12/site-packages/airflow/example_dags/example_dataset_alias.py
[2025-02-06T18:30:30.132+0000] {logging_mixin.py:190} INFO - [2025-02-06T18:30:30.131+0000] {dag.py:3239} INFO - Sync 4 DAGs
[2025-02-06T18:30:30.170+0000] {logging_mixin.py:190} INFO - [2025-02-06T18:30:30.169+0000] {dag.py:4180} INFO - Setting next_dagrun for dataset_alias_example_alias_consumer to None, run_after=None
[2025-02-06T18:30:30.174+0000] {logging_mixin.py:190} INFO - [2025-02-06T18:30:30.174+0000] {dag.py:4180} INFO - Setting next_dagrun for dataset_alias_example_alias_producer to None, run_after=None
[2025-02-06T18:30:30.176+0000] {logging_mixin.py:190} INFO - [2025-02-06T18:30:30.176+0000] {dag.py:4180} INFO - Setting next_dagrun for dataset_s3_bucket_consumer to None, run_after=None
[2025-02-06T18:30:30.178+0000] {logging_mixin.py:190} INFO - [2025-02-06T18:30:30.177+0000] {dag.py:4180} INFO - Setting next_dagrun for dataset_s3_bucket_producer to None, run_after=None
[2025-02-06T18:30:30.209+0000] {processor.py:208} INFO - Processing /home/airflow/.local/lib/python3.12/site-packages/airflow/example_dags/example_dataset_alias.py took 1.202 seconds
[2025-02-06T18:31:00.958+0000] {processor.py:186} INFO - Started process (PID=1755) to work on /home/airflow/.local/lib/python3.12/site-packages/airflow/example_dags/example_dataset_alias.py
[2025-02-06T18:31:00.960+0000] {processor.py:914} INFO - Processing file /home/airflow/.local/lib/python3.12/site-packages/airflow/example_dags/example_dataset_alias.py for tasks to queue
[2025-02-06T18:31:00.963+0000] {logging_mixin.py:190} INFO - [2025-02-06T18:31:00.962+0000] {dagbag.py:588} INFO - Filling up the DagBag from /home/airflow/.local/lib/python3.12/site-packages/airflow/example_dags/example_dataset_alias.py
[2025-02-06T18:31:01.845+0000] {processor.py:925} INFO - DAG(s) 'dataset_s3_bucket_consumer', 'dataset_alias_example_alias_consumer', 'dataset_alias_example_alias_producer', 'dataset_s3_bucket_producer' retrieved from /home/airflow/.local/lib/python3.12/site-packages/airflow/example_dags/example_dataset_alias.py
[2025-02-06T18:31:01.875+0000] {logging_mixin.py:190} INFO - [2025-02-06T18:31:01.874+0000] {dag.py:3239} INFO - Sync 4 DAGs
[2025-02-06T18:31:01.913+0000] {logging_mixin.py:190} INFO - [2025-02-06T18:31:01.912+0000] {dag.py:4180} INFO - Setting next_dagrun for dataset_alias_example_alias_consumer to None, run_after=None
[2025-02-06T18:31:01.917+0000] {logging_mixin.py:190} INFO - [2025-02-06T18:31:01.917+0000] {dag.py:4180} INFO - Setting next_dagrun for dataset_alias_example_alias_producer to None, run_after=None
[2025-02-06T18:31:01.919+0000] {logging_mixin.py:190} INFO - [2025-02-06T18:31:01.919+0000] {dag.py:4180} INFO - Setting next_dagrun for dataset_s3_bucket_consumer to None, run_after=None
[2025-02-06T18:31:01.921+0000] {logging_mixin.py:190} INFO - [2025-02-06T18:31:01.921+0000] {dag.py:4180} INFO - Setting next_dagrun for dataset_s3_bucket_producer to None, run_after=None
[2025-02-06T18:31:01.960+0000] {processor.py:208} INFO - Processing /home/airflow/.local/lib/python3.12/site-packages/airflow/example_dags/example_dataset_alias.py took 1.009 seconds
[2025-02-06T18:31:32.388+0000] {processor.py:186} INFO - Started process (PID=1812) to work on /home/airflow/.local/lib/python3.12/site-packages/airflow/example_dags/example_dataset_alias.py
[2025-02-06T18:31:32.390+0000] {processor.py:914} INFO - Processing file /home/airflow/.local/lib/python3.12/site-packages/airflow/example_dags/example_dataset_alias.py for tasks to queue
[2025-02-06T18:31:32.396+0000] {logging_mixin.py:190} INFO - [2025-02-06T18:31:32.395+0000] {dagbag.py:588} INFO - Filling up the DagBag from /home/airflow/.local/lib/python3.12/site-packages/airflow/example_dags/example_dataset_alias.py
[2025-02-06T18:31:33.742+0000] {processor.py:925} INFO - DAG(s) 'dataset_alias_example_alias_consumer', 'dataset_s3_bucket_consumer', 'dataset_s3_bucket_producer', 'dataset_alias_example_alias_producer' retrieved from /home/airflow/.local/lib/python3.12/site-packages/airflow/example_dags/example_dataset_alias.py
[2025-02-06T18:31:33.792+0000] {logging_mixin.py:190} INFO - [2025-02-06T18:31:33.791+0000] {dag.py:3239} INFO - Sync 4 DAGs
[2025-02-06T18:31:33.846+0000] {logging_mixin.py:190} INFO - [2025-02-06T18:31:33.846+0000] {dag.py:4180} INFO - Setting next_dagrun for dataset_alias_example_alias_consumer to None, run_after=None
[2025-02-06T18:31:33.854+0000] {logging_mixin.py:190} INFO - [2025-02-06T18:31:33.853+0000] {dag.py:4180} INFO - Setting next_dagrun for dataset_alias_example_alias_producer to None, run_after=None
[2025-02-06T18:31:33.861+0000] {logging_mixin.py:190} INFO - [2025-02-06T18:31:33.861+0000] {dag.py:4180} INFO - Setting next_dagrun for dataset_s3_bucket_consumer to None, run_after=None
[2025-02-06T18:31:33.865+0000] {logging_mixin.py:190} INFO - [2025-02-06T18:31:33.864+0000] {dag.py:4180} INFO - Setting next_dagrun for dataset_s3_bucket_producer to None, run_after=None
[2025-02-06T18:31:33.905+0000] {processor.py:208} INFO - Processing /home/airflow/.local/lib/python3.12/site-packages/airflow/example_dags/example_dataset_alias.py took 1.528 seconds
[2025-02-06T18:32:04.870+0000] {processor.py:186} INFO - Started process (PID=1870) to work on /home/airflow/.local/lib/python3.12/site-packages/airflow/example_dags/example_dataset_alias.py
[2025-02-06T18:32:04.872+0000] {processor.py:914} INFO - Processing file /home/airflow/.local/lib/python3.12/site-packages/airflow/example_dags/example_dataset_alias.py for tasks to queue
[2025-02-06T18:32:04.878+0000] {logging_mixin.py:190} INFO - [2025-02-06T18:32:04.877+0000] {dagbag.py:588} INFO - Filling up the DagBag from /home/airflow/.local/lib/python3.12/site-packages/airflow/example_dags/example_dataset_alias.py
[2025-02-06T18:32:06.399+0000] {processor.py:925} INFO - DAG(s) 'dataset_alias_example_alias_consumer', 'dataset_alias_example_alias_producer', 'dataset_s3_bucket_consumer', 'dataset_s3_bucket_producer' retrieved from /home/airflow/.local/lib/python3.12/site-packages/airflow/example_dags/example_dataset_alias.py
[2025-02-06T18:32:06.431+0000] {logging_mixin.py:190} INFO - [2025-02-06T18:32:06.431+0000] {dag.py:3239} INFO - Sync 4 DAGs
[2025-02-06T18:32:06.460+0000] {logging_mixin.py:190} INFO - [2025-02-06T18:32:06.460+0000] {dag.py:4180} INFO - Setting next_dagrun for dataset_alias_example_alias_consumer to None, run_after=None
[2025-02-06T18:32:06.465+0000] {logging_mixin.py:190} INFO - [2025-02-06T18:32:06.464+0000] {dag.py:4180} INFO - Setting next_dagrun for dataset_alias_example_alias_producer to None, run_after=None
[2025-02-06T18:32:06.467+0000] {logging_mixin.py:190} INFO - [2025-02-06T18:32:06.467+0000] {dag.py:4180} INFO - Setting next_dagrun for dataset_s3_bucket_consumer to None, run_after=None
[2025-02-06T18:32:06.469+0000] {logging_mixin.py:190} INFO - [2025-02-06T18:32:06.469+0000] {dag.py:4180} INFO - Setting next_dagrun for dataset_s3_bucket_producer to None, run_after=None
[2025-02-06T18:32:06.521+0000] {processor.py:208} INFO - Processing /home/airflow/.local/lib/python3.12/site-packages/airflow/example_dags/example_dataset_alias.py took 1.662 seconds
[2025-02-06T18:32:36.896+0000] {processor.py:186} INFO - Started process (PID=1931) to work on /home/airflow/.local/lib/python3.12/site-packages/airflow/example_dags/example_dataset_alias.py
[2025-02-06T18:32:36.897+0000] {processor.py:914} INFO - Processing file /home/airflow/.local/lib/python3.12/site-packages/airflow/example_dags/example_dataset_alias.py for tasks to queue
[2025-02-06T18:32:36.900+0000] {logging_mixin.py:190} INFO - [2025-02-06T18:32:36.900+0000] {dagbag.py:588} INFO - Filling up the DagBag from /home/airflow/.local/lib/python3.12/site-packages/airflow/example_dags/example_dataset_alias.py
[2025-02-06T18:32:38.086+0000] {processor.py:925} INFO - DAG(s) 'dataset_alias_example_alias_producer', 'dataset_alias_example_alias_consumer', 'dataset_s3_bucket_producer', 'dataset_s3_bucket_consumer' retrieved from /home/airflow/.local/lib/python3.12/site-packages/airflow/example_dags/example_dataset_alias.py
[2025-02-06T18:32:38.123+0000] {logging_mixin.py:190} INFO - [2025-02-06T18:32:38.123+0000] {dag.py:3239} INFO - Sync 4 DAGs
[2025-02-06T18:32:38.156+0000] {logging_mixin.py:190} INFO - [2025-02-06T18:32:38.155+0000] {dag.py:4180} INFO - Setting next_dagrun for dataset_alias_example_alias_consumer to None, run_after=None
[2025-02-06T18:32:38.161+0000] {logging_mixin.py:190} INFO - [2025-02-06T18:32:38.160+0000] {dag.py:4180} INFO - Setting next_dagrun for dataset_alias_example_alias_producer to None, run_after=None
[2025-02-06T18:32:38.163+0000] {logging_mixin.py:190} INFO - [2025-02-06T18:32:38.163+0000] {dag.py:4180} INFO - Setting next_dagrun for dataset_s3_bucket_consumer to None, run_after=None
[2025-02-06T18:32:38.165+0000] {logging_mixin.py:190} INFO - [2025-02-06T18:32:38.165+0000] {dag.py:4180} INFO - Setting next_dagrun for dataset_s3_bucket_producer to None, run_after=None
[2025-02-06T18:32:38.196+0000] {processor.py:208} INFO - Processing /home/airflow/.local/lib/python3.12/site-packages/airflow/example_dags/example_dataset_alias.py took 1.309 seconds
[2025-02-06T18:33:08.351+0000] {processor.py:186} INFO - Started process (PID=1987) to work on /home/airflow/.local/lib/python3.12/site-packages/airflow/example_dags/example_dataset_alias.py
[2025-02-06T18:33:08.359+0000] {processor.py:914} INFO - Processing file /home/airflow/.local/lib/python3.12/site-packages/airflow/example_dags/example_dataset_alias.py for tasks to queue
[2025-02-06T18:33:08.366+0000] {logging_mixin.py:190} INFO - [2025-02-06T18:33:08.365+0000] {dagbag.py:588} INFO - Filling up the DagBag from /home/airflow/.local/lib/python3.12/site-packages/airflow/example_dags/example_dataset_alias.py
[2025-02-06T18:33:10.240+0000] {processor.py:925} INFO - DAG(s) 'dataset_alias_example_alias_consumer', 'dataset_s3_bucket_producer', 'dataset_alias_example_alias_producer', 'dataset_s3_bucket_consumer' retrieved from /home/airflow/.local/lib/python3.12/site-packages/airflow/example_dags/example_dataset_alias.py
[2025-02-06T18:33:10.305+0000] {logging_mixin.py:190} INFO - [2025-02-06T18:33:10.302+0000] {dag.py:3239} INFO - Sync 4 DAGs
[2025-02-06T18:33:10.381+0000] {logging_mixin.py:190} INFO - [2025-02-06T18:33:10.381+0000] {dag.py:4180} INFO - Setting next_dagrun for dataset_alias_example_alias_consumer to None, run_after=None
[2025-02-06T18:33:10.391+0000] {logging_mixin.py:190} INFO - [2025-02-06T18:33:10.391+0000] {dag.py:4180} INFO - Setting next_dagrun for dataset_alias_example_alias_producer to None, run_after=None
[2025-02-06T18:33:10.396+0000] {logging_mixin.py:190} INFO - [2025-02-06T18:33:10.395+0000] {dag.py:4180} INFO - Setting next_dagrun for dataset_s3_bucket_consumer to None, run_after=None
[2025-02-06T18:33:10.405+0000] {logging_mixin.py:190} INFO - [2025-02-06T18:33:10.404+0000] {dag.py:4180} INFO - Setting next_dagrun for dataset_s3_bucket_producer to None, run_after=None
[2025-02-06T18:33:10.466+0000] {processor.py:208} INFO - Processing /home/airflow/.local/lib/python3.12/site-packages/airflow/example_dags/example_dataset_alias.py took 2.133 seconds
[2025-02-06T18:33:40.717+0000] {processor.py:186} INFO - Started process (PID=2044) to work on /home/airflow/.local/lib/python3.12/site-packages/airflow/example_dags/example_dataset_alias.py
[2025-02-06T18:33:40.718+0000] {processor.py:914} INFO - Processing file /home/airflow/.local/lib/python3.12/site-packages/airflow/example_dags/example_dataset_alias.py for tasks to queue
[2025-02-06T18:33:40.723+0000] {logging_mixin.py:190} INFO - [2025-02-06T18:33:40.722+0000] {dagbag.py:588} INFO - Filling up the DagBag from /home/airflow/.local/lib/python3.12/site-packages/airflow/example_dags/example_dataset_alias.py
[2025-02-06T18:33:41.889+0000] {processor.py:925} INFO - DAG(s) 'dataset_alias_example_alias_consumer', 'dataset_alias_example_alias_producer', 'dataset_s3_bucket_producer', 'dataset_s3_bucket_consumer' retrieved from /home/airflow/.local/lib/python3.12/site-packages/airflow/example_dags/example_dataset_alias.py
[2025-02-06T18:33:41.929+0000] {logging_mixin.py:190} INFO - [2025-02-06T18:33:41.928+0000] {dag.py:3239} INFO - Sync 4 DAGs
[2025-02-06T18:33:41.982+0000] {logging_mixin.py:190} INFO - [2025-02-06T18:33:41.982+0000] {dag.py:4180} INFO - Setting next_dagrun for dataset_alias_example_alias_consumer to None, run_after=None
[2025-02-06T18:33:41.988+0000] {logging_mixin.py:190} INFO - [2025-02-06T18:33:41.987+0000] {dag.py:4180} INFO - Setting next_dagrun for dataset_alias_example_alias_producer to None, run_after=None
[2025-02-06T18:33:41.991+0000] {logging_mixin.py:190} INFO - [2025-02-06T18:33:41.990+0000] {dag.py:4180} INFO - Setting next_dagrun for dataset_s3_bucket_consumer to None, run_after=None
[2025-02-06T18:33:41.994+0000] {logging_mixin.py:190} INFO - [2025-02-06T18:33:41.993+0000] {dag.py:4180} INFO - Setting next_dagrun for dataset_s3_bucket_producer to None, run_after=None
[2025-02-06T18:33:42.047+0000] {processor.py:208} INFO - Processing /home/airflow/.local/lib/python3.12/site-packages/airflow/example_dags/example_dataset_alias.py took 1.343 seconds
[2025-02-06T18:34:12.168+0000] {processor.py:186} INFO - Started process (PID=2102) to work on /home/airflow/.local/lib/python3.12/site-packages/airflow/example_dags/example_dataset_alias.py
[2025-02-06T18:34:12.172+0000] {processor.py:914} INFO - Processing file /home/airflow/.local/lib/python3.12/site-packages/airflow/example_dags/example_dataset_alias.py for tasks to queue
[2025-02-06T18:34:12.178+0000] {logging_mixin.py:190} INFO - [2025-02-06T18:34:12.177+0000] {dagbag.py:588} INFO - Filling up the DagBag from /home/airflow/.local/lib/python3.12/site-packages/airflow/example_dags/example_dataset_alias.py
[2025-02-06T18:34:13.531+0000] {processor.py:925} INFO - DAG(s) 'dataset_s3_bucket_consumer', 'dataset_s3_bucket_producer', 'dataset_alias_example_alias_consumer', 'dataset_alias_example_alias_producer' retrieved from /home/airflow/.local/lib/python3.12/site-packages/airflow/example_dags/example_dataset_alias.py
[2025-02-06T18:34:13.569+0000] {logging_mixin.py:190} INFO - [2025-02-06T18:34:13.568+0000] {dag.py:3239} INFO - Sync 4 DAGs
[2025-02-06T18:34:13.612+0000] {logging_mixin.py:190} INFO - [2025-02-06T18:34:13.612+0000] {dag.py:4180} INFO - Setting next_dagrun for dataset_alias_example_alias_consumer to None, run_after=None
[2025-02-06T18:34:13.618+0000] {logging_mixin.py:190} INFO - [2025-02-06T18:34:13.618+0000] {dag.py:4180} INFO - Setting next_dagrun for dataset_alias_example_alias_producer to None, run_after=None
[2025-02-06T18:34:13.621+0000] {logging_mixin.py:190} INFO - [2025-02-06T18:34:13.621+0000] {dag.py:4180} INFO - Setting next_dagrun for dataset_s3_bucket_consumer to None, run_after=None
[2025-02-06T18:34:13.624+0000] {logging_mixin.py:190} INFO - [2025-02-06T18:34:13.623+0000] {dag.py:4180} INFO - Setting next_dagrun for dataset_s3_bucket_producer to None, run_after=None
[2025-02-06T18:34:13.658+0000] {processor.py:208} INFO - Processing /home/airflow/.local/lib/python3.12/site-packages/airflow/example_dags/example_dataset_alias.py took 1.506 seconds
[2025-02-06T18:34:43.803+0000] {processor.py:186} INFO - Started process (PID=2158) to work on /home/airflow/.local/lib/python3.12/site-packages/airflow/example_dags/example_dataset_alias.py
[2025-02-06T18:34:43.805+0000] {processor.py:914} INFO - Processing file /home/airflow/.local/lib/python3.12/site-packages/airflow/example_dags/example_dataset_alias.py for tasks to queue
[2025-02-06T18:34:43.811+0000] {logging_mixin.py:190} INFO - [2025-02-06T18:34:43.810+0000] {dagbag.py:588} INFO - Filling up the DagBag from /home/airflow/.local/lib/python3.12/site-packages/airflow/example_dags/example_dataset_alias.py
[2025-02-06T18:34:45.656+0000] {processor.py:925} INFO - DAG(s) 'dataset_s3_bucket_consumer', 'dataset_alias_example_alias_producer', 'dataset_alias_example_alias_consumer', 'dataset_s3_bucket_producer' retrieved from /home/airflow/.local/lib/python3.12/site-packages/airflow/example_dags/example_dataset_alias.py
[2025-02-06T18:34:45.695+0000] {logging_mixin.py:190} INFO - [2025-02-06T18:34:45.694+0000] {dag.py:3239} INFO - Sync 4 DAGs
[2025-02-06T18:34:45.746+0000] {logging_mixin.py:190} INFO - [2025-02-06T18:34:45.746+0000] {dag.py:4180} INFO - Setting next_dagrun for dataset_alias_example_alias_consumer to None, run_after=None
[2025-02-06T18:34:45.751+0000] {logging_mixin.py:190} INFO - [2025-02-06T18:34:45.751+0000] {dag.py:4180} INFO - Setting next_dagrun for dataset_alias_example_alias_producer to None, run_after=None
[2025-02-06T18:34:45.755+0000] {logging_mixin.py:190} INFO - [2025-02-06T18:34:45.754+0000] {dag.py:4180} INFO - Setting next_dagrun for dataset_s3_bucket_consumer to None, run_after=None
[2025-02-06T18:34:45.758+0000] {logging_mixin.py:190} INFO - [2025-02-06T18:34:45.757+0000] {dag.py:4180} INFO - Setting next_dagrun for dataset_s3_bucket_producer to None, run_after=None
[2025-02-06T18:34:45.816+0000] {processor.py:208} INFO - Processing /home/airflow/.local/lib/python3.12/site-packages/airflow/example_dags/example_dataset_alias.py took 2.023 seconds
[2025-02-06T18:35:16.280+0000] {processor.py:186} INFO - Started process (PID=2215) to work on /home/airflow/.local/lib/python3.12/site-packages/airflow/example_dags/example_dataset_alias.py
[2025-02-06T18:35:16.282+0000] {processor.py:914} INFO - Processing file /home/airflow/.local/lib/python3.12/site-packages/airflow/example_dags/example_dataset_alias.py for tasks to queue
[2025-02-06T18:35:16.288+0000] {logging_mixin.py:190} INFO - [2025-02-06T18:35:16.288+0000] {dagbag.py:588} INFO - Filling up the DagBag from /home/airflow/.local/lib/python3.12/site-packages/airflow/example_dags/example_dataset_alias.py
[2025-02-06T18:35:17.758+0000] {processor.py:925} INFO - DAG(s) 'dataset_s3_bucket_consumer', 'dataset_alias_example_alias_producer', 'dataset_s3_bucket_producer', 'dataset_alias_example_alias_consumer' retrieved from /home/airflow/.local/lib/python3.12/site-packages/airflow/example_dags/example_dataset_alias.py
[2025-02-06T18:35:17.814+0000] {logging_mixin.py:190} INFO - [2025-02-06T18:35:17.813+0000] {dag.py:3239} INFO - Sync 4 DAGs
[2025-02-06T18:35:17.892+0000] {logging_mixin.py:190} INFO - [2025-02-06T18:35:17.892+0000] {dag.py:4180} INFO - Setting next_dagrun for dataset_alias_example_alias_consumer to None, run_after=None
[2025-02-06T18:35:17.899+0000] {logging_mixin.py:190} INFO - [2025-02-06T18:35:17.899+0000] {dag.py:4180} INFO - Setting next_dagrun for dataset_alias_example_alias_producer to None, run_after=None
[2025-02-06T18:35:17.903+0000] {logging_mixin.py:190} INFO - [2025-02-06T18:35:17.903+0000] {dag.py:4180} INFO - Setting next_dagrun for dataset_s3_bucket_consumer to None, run_after=None
[2025-02-06T18:35:17.907+0000] {logging_mixin.py:190} INFO - [2025-02-06T18:35:17.907+0000] {dag.py:4180} INFO - Setting next_dagrun for dataset_s3_bucket_producer to None, run_after=None
[2025-02-06T18:35:18.010+0000] {processor.py:208} INFO - Processing /home/airflow/.local/lib/python3.12/site-packages/airflow/example_dags/example_dataset_alias.py took 1.743 seconds
[2025-02-06T18:35:48.924+0000] {processor.py:186} INFO - Started process (PID=2272) to work on /home/airflow/.local/lib/python3.12/site-packages/airflow/example_dags/example_dataset_alias.py
[2025-02-06T18:35:48.926+0000] {processor.py:914} INFO - Processing file /home/airflow/.local/lib/python3.12/site-packages/airflow/example_dags/example_dataset_alias.py for tasks to queue
[2025-02-06T18:35:48.932+0000] {logging_mixin.py:190} INFO - [2025-02-06T18:35:48.931+0000] {dagbag.py:588} INFO - Filling up the DagBag from /home/airflow/.local/lib/python3.12/site-packages/airflow/example_dags/example_dataset_alias.py
[2025-02-06T18:35:50.384+0000] {processor.py:925} INFO - DAG(s) 'dataset_alias_example_alias_consumer', 'dataset_s3_bucket_producer', 'dataset_s3_bucket_consumer', 'dataset_alias_example_alias_producer' retrieved from /home/airflow/.local/lib/python3.12/site-packages/airflow/example_dags/example_dataset_alias.py
[2025-02-06T18:35:50.432+0000] {logging_mixin.py:190} INFO - [2025-02-06T18:35:50.431+0000] {dag.py:3239} INFO - Sync 4 DAGs
[2025-02-06T18:35:50.485+0000] {logging_mixin.py:190} INFO - [2025-02-06T18:35:50.485+0000] {dag.py:4180} INFO - Setting next_dagrun for dataset_alias_example_alias_consumer to None, run_after=None
[2025-02-06T18:35:50.491+0000] {logging_mixin.py:190} INFO - [2025-02-06T18:35:50.491+0000] {dag.py:4180} INFO - Setting next_dagrun for dataset_alias_example_alias_producer to None, run_after=None
[2025-02-06T18:35:50.495+0000] {logging_mixin.py:190} INFO - [2025-02-06T18:35:50.494+0000] {dag.py:4180} INFO - Setting next_dagrun for dataset_s3_bucket_consumer to None, run_after=None
[2025-02-06T18:35:50.498+0000] {logging_mixin.py:190} INFO - [2025-02-06T18:35:50.498+0000] {dag.py:4180} INFO - Setting next_dagrun for dataset_s3_bucket_producer to None, run_after=None
[2025-02-06T18:35:50.542+0000] {processor.py:208} INFO - Processing /home/airflow/.local/lib/python3.12/site-packages/airflow/example_dags/example_dataset_alias.py took 1.636 seconds
[2025-02-06T18:36:21.102+0000] {processor.py:186} INFO - Started process (PID=2329) to work on /home/airflow/.local/lib/python3.12/site-packages/airflow/example_dags/example_dataset_alias.py
[2025-02-06T18:36:21.103+0000] {processor.py:914} INFO - Processing file /home/airflow/.local/lib/python3.12/site-packages/airflow/example_dags/example_dataset_alias.py for tasks to queue
[2025-02-06T18:36:21.106+0000] {logging_mixin.py:190} INFO - [2025-02-06T18:36:21.106+0000] {dagbag.py:588} INFO - Filling up the DagBag from /home/airflow/.local/lib/python3.12/site-packages/airflow/example_dags/example_dataset_alias.py
[2025-02-06T18:36:22.169+0000] {processor.py:925} INFO - DAG(s) 'dataset_alias_example_alias_consumer', 'dataset_s3_bucket_producer', 'dataset_s3_bucket_consumer', 'dataset_alias_example_alias_producer' retrieved from /home/airflow/.local/lib/python3.12/site-packages/airflow/example_dags/example_dataset_alias.py
[2025-02-06T18:36:22.205+0000] {logging_mixin.py:190} INFO - [2025-02-06T18:36:22.204+0000] {dag.py:3239} INFO - Sync 4 DAGs
[2025-02-06T18:36:22.235+0000] {logging_mixin.py:190} INFO - [2025-02-06T18:36:22.235+0000] {dag.py:4180} INFO - Setting next_dagrun for dataset_alias_example_alias_consumer to None, run_after=None
[2025-02-06T18:36:22.239+0000] {logging_mixin.py:190} INFO - [2025-02-06T18:36:22.239+0000] {dag.py:4180} INFO - Setting next_dagrun for dataset_alias_example_alias_producer to None, run_after=None
[2025-02-06T18:36:22.242+0000] {logging_mixin.py:190} INFO - [2025-02-06T18:36:22.242+0000] {dag.py:4180} INFO - Setting next_dagrun for dataset_s3_bucket_consumer to None, run_after=None
[2025-02-06T18:36:22.244+0000] {logging_mixin.py:190} INFO - [2025-02-06T18:36:22.244+0000] {dag.py:4180} INFO - Setting next_dagrun for dataset_s3_bucket_producer to None, run_after=None
[2025-02-06T18:36:22.273+0000] {processor.py:208} INFO - Processing /home/airflow/.local/lib/python3.12/site-packages/airflow/example_dags/example_dataset_alias.py took 1.179 seconds
[2025-02-06T18:36:52.333+0000] {processor.py:186} INFO - Started process (PID=2386) to work on /home/airflow/.local/lib/python3.12/site-packages/airflow/example_dags/example_dataset_alias.py
[2025-02-06T18:36:52.334+0000] {processor.py:914} INFO - Processing file /home/airflow/.local/lib/python3.12/site-packages/airflow/example_dags/example_dataset_alias.py for tasks to queue
[2025-02-06T18:36:52.337+0000] {logging_mixin.py:190} INFO - [2025-02-06T18:36:52.336+0000] {dagbag.py:588} INFO - Filling up the DagBag from /home/airflow/.local/lib/python3.12/site-packages/airflow/example_dags/example_dataset_alias.py
[2025-02-06T18:36:53.326+0000] {processor.py:925} INFO - DAG(s) 'dataset_alias_example_alias_producer', 'dataset_s3_bucket_producer', 'dataset_s3_bucket_consumer', 'dataset_alias_example_alias_consumer' retrieved from /home/airflow/.local/lib/python3.12/site-packages/airflow/example_dags/example_dataset_alias.py
[2025-02-06T18:36:53.358+0000] {logging_mixin.py:190} INFO - [2025-02-06T18:36:53.357+0000] {dag.py:3239} INFO - Sync 4 DAGs
[2025-02-06T18:36:53.392+0000] {logging_mixin.py:190} INFO - [2025-02-06T18:36:53.391+0000] {dag.py:4180} INFO - Setting next_dagrun for dataset_alias_example_alias_consumer to None, run_after=None
[2025-02-06T18:36:53.395+0000] {logging_mixin.py:190} INFO - [2025-02-06T18:36:53.395+0000] {dag.py:4180} INFO - Setting next_dagrun for dataset_alias_example_alias_producer to None, run_after=None
[2025-02-06T18:36:53.397+0000] {logging_mixin.py:190} INFO - [2025-02-06T18:36:53.397+0000] {dag.py:4180} INFO - Setting next_dagrun for dataset_s3_bucket_consumer to None, run_after=None
[2025-02-06T18:36:53.399+0000] {logging_mixin.py:190} INFO - [2025-02-06T18:36:53.399+0000] {dag.py:4180} INFO - Setting next_dagrun for dataset_s3_bucket_producer to None, run_after=None
[2025-02-06T18:36:53.435+0000] {processor.py:208} INFO - Processing /home/airflow/.local/lib/python3.12/site-packages/airflow/example_dags/example_dataset_alias.py took 1.110 seconds
[2025-02-06T18:37:24.158+0000] {processor.py:186} INFO - Started process (PID=2443) to work on /home/airflow/.local/lib/python3.12/site-packages/airflow/example_dags/example_dataset_alias.py
[2025-02-06T18:37:24.159+0000] {processor.py:914} INFO - Processing file /home/airflow/.local/lib/python3.12/site-packages/airflow/example_dags/example_dataset_alias.py for tasks to queue
[2025-02-06T18:37:24.163+0000] {logging_mixin.py:190} INFO - [2025-02-06T18:37:24.163+0000] {dagbag.py:588} INFO - Filling up the DagBag from /home/airflow/.local/lib/python3.12/site-packages/airflow/example_dags/example_dataset_alias.py
[2025-02-06T18:37:25.284+0000] {processor.py:925} INFO - DAG(s) 'dataset_alias_example_alias_consumer', 'dataset_alias_example_alias_producer', 'dataset_s3_bucket_producer', 'dataset_s3_bucket_consumer' retrieved from /home/airflow/.local/lib/python3.12/site-packages/airflow/example_dags/example_dataset_alias.py
[2025-02-06T18:37:25.328+0000] {logging_mixin.py:190} INFO - [2025-02-06T18:37:25.327+0000] {dag.py:3239} INFO - Sync 4 DAGs
[2025-02-06T18:37:25.370+0000] {logging_mixin.py:190} INFO - [2025-02-06T18:37:25.370+0000] {dag.py:4180} INFO - Setting next_dagrun for dataset_alias_example_alias_consumer to None, run_after=None
[2025-02-06T18:37:25.376+0000] {logging_mixin.py:190} INFO - [2025-02-06T18:37:25.375+0000] {dag.py:4180} INFO - Setting next_dagrun for dataset_alias_example_alias_producer to None, run_after=None
[2025-02-06T18:37:25.380+0000] {logging_mixin.py:190} INFO - [2025-02-06T18:37:25.379+0000] {dag.py:4180} INFO - Setting next_dagrun for dataset_s3_bucket_consumer to None, run_after=None
[2025-02-06T18:37:25.383+0000] {logging_mixin.py:190} INFO - [2025-02-06T18:37:25.383+0000] {dag.py:4180} INFO - Setting next_dagrun for dataset_s3_bucket_producer to None, run_after=None
[2025-02-06T18:37:25.424+0000] {processor.py:208} INFO - Processing /home/airflow/.local/lib/python3.12/site-packages/airflow/example_dags/example_dataset_alias.py took 1.274 seconds
[2025-02-06T18:37:55.700+0000] {processor.py:186} INFO - Started process (PID=2501) to work on /home/airflow/.local/lib/python3.12/site-packages/airflow/example_dags/example_dataset_alias.py
[2025-02-06T18:37:55.702+0000] {processor.py:914} INFO - Processing file /home/airflow/.local/lib/python3.12/site-packages/airflow/example_dags/example_dataset_alias.py for tasks to queue
[2025-02-06T18:37:55.705+0000] {logging_mixin.py:190} INFO - [2025-02-06T18:37:55.705+0000] {dagbag.py:588} INFO - Filling up the DagBag from /home/airflow/.local/lib/python3.12/site-packages/airflow/example_dags/example_dataset_alias.py
[2025-02-06T18:37:56.759+0000] {processor.py:925} INFO - DAG(s) 'dataset_alias_example_alias_producer', 'dataset_s3_bucket_consumer', 'dataset_alias_example_alias_consumer', 'dataset_s3_bucket_producer' retrieved from /home/airflow/.local/lib/python3.12/site-packages/airflow/example_dags/example_dataset_alias.py
[2025-02-06T18:37:56.806+0000] {logging_mixin.py:190} INFO - [2025-02-06T18:37:56.805+0000] {dag.py:3239} INFO - Sync 4 DAGs
[2025-02-06T18:37:56.863+0000] {logging_mixin.py:190} INFO - [2025-02-06T18:37:56.863+0000] {dag.py:4180} INFO - Setting next_dagrun for dataset_alias_example_alias_consumer to None, run_after=None
[2025-02-06T18:37:56.869+0000] {logging_mixin.py:190} INFO - [2025-02-06T18:37:56.868+0000] {dag.py:4180} INFO - Setting next_dagrun for dataset_alias_example_alias_producer to None, run_after=None
[2025-02-06T18:37:56.872+0000] {logging_mixin.py:190} INFO - [2025-02-06T18:37:56.872+0000] {dag.py:4180} INFO - Setting next_dagrun for dataset_s3_bucket_consumer to None, run_after=None
[2025-02-06T18:37:56.879+0000] {logging_mixin.py:190} INFO - [2025-02-06T18:37:56.878+0000] {dag.py:4180} INFO - Setting next_dagrun for dataset_s3_bucket_producer to None, run_after=None
[2025-02-06T18:37:56.957+0000] {processor.py:208} INFO - Processing /home/airflow/.local/lib/python3.12/site-packages/airflow/example_dags/example_dataset_alias.py took 1.265 seconds
[2025-02-06T18:38:27.359+0000] {processor.py:186} INFO - Started process (PID=2557) to work on /home/airflow/.local/lib/python3.12/site-packages/airflow/example_dags/example_dataset_alias.py
[2025-02-06T18:38:27.361+0000] {processor.py:914} INFO - Processing file /home/airflow/.local/lib/python3.12/site-packages/airflow/example_dags/example_dataset_alias.py for tasks to queue
[2025-02-06T18:38:27.365+0000] {logging_mixin.py:190} INFO - [2025-02-06T18:38:27.364+0000] {dagbag.py:588} INFO - Filling up the DagBag from /home/airflow/.local/lib/python3.12/site-packages/airflow/example_dags/example_dataset_alias.py
[2025-02-06T18:38:28.672+0000] {processor.py:925} INFO - DAG(s) 'dataset_s3_bucket_producer', 'dataset_s3_bucket_consumer', 'dataset_alias_example_alias_consumer', 'dataset_alias_example_alias_producer' retrieved from /home/airflow/.local/lib/python3.12/site-packages/airflow/example_dags/example_dataset_alias.py
[2025-02-06T18:38:28.702+0000] {logging_mixin.py:190} INFO - [2025-02-06T18:38:28.701+0000] {dag.py:3239} INFO - Sync 4 DAGs
[2025-02-06T18:38:28.741+0000] {logging_mixin.py:190} INFO - [2025-02-06T18:38:28.741+0000] {dag.py:4180} INFO - Setting next_dagrun for dataset_alias_example_alias_consumer to None, run_after=None
[2025-02-06T18:38:28.746+0000] {logging_mixin.py:190} INFO - [2025-02-06T18:38:28.746+0000] {dag.py:4180} INFO - Setting next_dagrun for dataset_alias_example_alias_producer to None, run_after=None
[2025-02-06T18:38:28.748+0000] {logging_mixin.py:190} INFO - [2025-02-06T18:38:28.748+0000] {dag.py:4180} INFO - Setting next_dagrun for dataset_s3_bucket_consumer to None, run_after=None
[2025-02-06T18:38:28.751+0000] {logging_mixin.py:190} INFO - [2025-02-06T18:38:28.750+0000] {dag.py:4180} INFO - Setting next_dagrun for dataset_s3_bucket_producer to None, run_after=None
[2025-02-06T18:38:28.784+0000] {processor.py:208} INFO - Processing /home/airflow/.local/lib/python3.12/site-packages/airflow/example_dags/example_dataset_alias.py took 1.435 seconds
[2025-02-06T18:38:59.690+0000] {processor.py:186} INFO - Started process (PID=2615) to work on /home/airflow/.local/lib/python3.12/site-packages/airflow/example_dags/example_dataset_alias.py
[2025-02-06T18:38:59.692+0000] {processor.py:914} INFO - Processing file /home/airflow/.local/lib/python3.12/site-packages/airflow/example_dags/example_dataset_alias.py for tasks to queue
[2025-02-06T18:38:59.698+0000] {logging_mixin.py:190} INFO - [2025-02-06T18:38:59.697+0000] {dagbag.py:588} INFO - Filling up the DagBag from /home/airflow/.local/lib/python3.12/site-packages/airflow/example_dags/example_dataset_alias.py
[2025-02-06T18:39:01.179+0000] {processor.py:925} INFO - DAG(s) 'dataset_alias_example_alias_consumer', 'dataset_s3_bucket_consumer', 'dataset_s3_bucket_producer', 'dataset_alias_example_alias_producer' retrieved from /home/airflow/.local/lib/python3.12/site-packages/airflow/example_dags/example_dataset_alias.py
[2025-02-06T18:39:01.246+0000] {logging_mixin.py:190} INFO - [2025-02-06T18:39:01.245+0000] {dag.py:3239} INFO - Sync 4 DAGs
[2025-02-06T18:39:01.307+0000] {logging_mixin.py:190} INFO - [2025-02-06T18:39:01.306+0000] {dag.py:4180} INFO - Setting next_dagrun for dataset_alias_example_alias_consumer to None, run_after=None
[2025-02-06T18:39:01.315+0000] {logging_mixin.py:190} INFO - [2025-02-06T18:39:01.315+0000] {dag.py:4180} INFO - Setting next_dagrun for dataset_alias_example_alias_producer to None, run_after=None
[2025-02-06T18:39:01.321+0000] {logging_mixin.py:190} INFO - [2025-02-06T18:39:01.320+0000] {dag.py:4180} INFO - Setting next_dagrun for dataset_s3_bucket_consumer to None, run_after=None
[2025-02-06T18:39:01.324+0000] {logging_mixin.py:190} INFO - [2025-02-06T18:39:01.324+0000] {dag.py:4180} INFO - Setting next_dagrun for dataset_s3_bucket_producer to None, run_after=None
[2025-02-06T18:39:01.382+0000] {processor.py:208} INFO - Processing /home/airflow/.local/lib/python3.12/site-packages/airflow/example_dags/example_dataset_alias.py took 1.702 seconds
[2025-02-06T18:39:31.819+0000] {processor.py:186} INFO - Started process (PID=2675) to work on /home/airflow/.local/lib/python3.12/site-packages/airflow/example_dags/example_dataset_alias.py
[2025-02-06T18:39:31.821+0000] {processor.py:914} INFO - Processing file /home/airflow/.local/lib/python3.12/site-packages/airflow/example_dags/example_dataset_alias.py for tasks to queue
[2025-02-06T18:39:31.826+0000] {logging_mixin.py:190} INFO - [2025-02-06T18:39:31.825+0000] {dagbag.py:588} INFO - Filling up the DagBag from /home/airflow/.local/lib/python3.12/site-packages/airflow/example_dags/example_dataset_alias.py
[2025-02-06T18:39:32.750+0000] {processor.py:925} INFO - DAG(s) 'dataset_s3_bucket_consumer', 'dataset_alias_example_alias_consumer', 'dataset_alias_example_alias_producer', 'dataset_s3_bucket_producer' retrieved from /home/airflow/.local/lib/python3.12/site-packages/airflow/example_dags/example_dataset_alias.py
[2025-02-06T18:39:32.786+0000] {logging_mixin.py:190} INFO - [2025-02-06T18:39:32.785+0000] {dag.py:3239} INFO - Sync 4 DAGs
[2025-02-06T18:39:32.822+0000] {logging_mixin.py:190} INFO - [2025-02-06T18:39:32.822+0000] {dag.py:4180} INFO - Setting next_dagrun for dataset_alias_example_alias_consumer to None, run_after=None
[2025-02-06T18:39:32.827+0000] {logging_mixin.py:190} INFO - [2025-02-06T18:39:32.827+0000] {dag.py:4180} INFO - Setting next_dagrun for dataset_alias_example_alias_producer to None, run_after=None
[2025-02-06T18:39:32.831+0000] {logging_mixin.py:190} INFO - [2025-02-06T18:39:32.831+0000] {dag.py:4180} INFO - Setting next_dagrun for dataset_s3_bucket_consumer to None, run_after=None
[2025-02-06T18:39:32.834+0000] {logging_mixin.py:190} INFO - [2025-02-06T18:39:32.834+0000] {dag.py:4180} INFO - Setting next_dagrun for dataset_s3_bucket_producer to None, run_after=None
[2025-02-06T18:39:32.873+0000] {processor.py:208} INFO - Processing /home/airflow/.local/lib/python3.12/site-packages/airflow/example_dags/example_dataset_alias.py took 1.067 seconds
[2025-02-06T18:40:03.048+0000] {processor.py:186} INFO - Started process (PID=2734) to work on /home/airflow/.local/lib/python3.12/site-packages/airflow/example_dags/example_dataset_alias.py
[2025-02-06T18:40:03.049+0000] {processor.py:914} INFO - Processing file /home/airflow/.local/lib/python3.12/site-packages/airflow/example_dags/example_dataset_alias.py for tasks to queue
[2025-02-06T18:40:03.052+0000] {logging_mixin.py:190} INFO - [2025-02-06T18:40:03.052+0000] {dagbag.py:588} INFO - Filling up the DagBag from /home/airflow/.local/lib/python3.12/site-packages/airflow/example_dags/example_dataset_alias.py
[2025-02-06T18:40:03.886+0000] {processor.py:925} INFO - DAG(s) 'dataset_alias_example_alias_producer', 'dataset_s3_bucket_consumer', 'dataset_alias_example_alias_consumer', 'dataset_s3_bucket_producer' retrieved from /home/airflow/.local/lib/python3.12/site-packages/airflow/example_dags/example_dataset_alias.py
[2025-02-06T18:40:03.918+0000] {logging_mixin.py:190} INFO - [2025-02-06T18:40:03.917+0000] {dag.py:3239} INFO - Sync 4 DAGs
[2025-02-06T18:40:03.950+0000] {logging_mixin.py:190} INFO - [2025-02-06T18:40:03.950+0000] {dag.py:4180} INFO - Setting next_dagrun for dataset_alias_example_alias_consumer to None, run_after=None
[2025-02-06T18:40:03.955+0000] {logging_mixin.py:190} INFO - [2025-02-06T18:40:03.954+0000] {dag.py:4180} INFO - Setting next_dagrun for dataset_alias_example_alias_producer to None, run_after=None
[2025-02-06T18:40:03.957+0000] {logging_mixin.py:190} INFO - [2025-02-06T18:40:03.957+0000] {dag.py:4180} INFO - Setting next_dagrun for dataset_s3_bucket_consumer to None, run_after=None
[2025-02-06T18:40:03.961+0000] {logging_mixin.py:190} INFO - [2025-02-06T18:40:03.960+0000] {dag.py:4180} INFO - Setting next_dagrun for dataset_s3_bucket_producer to None, run_after=None
[2025-02-06T18:40:03.997+0000] {processor.py:208} INFO - Processing /home/airflow/.local/lib/python3.12/site-packages/airflow/example_dags/example_dataset_alias.py took 0.958 seconds
[2025-02-06T18:40:34.133+0000] {processor.py:186} INFO - Started process (PID=2791) to work on /home/airflow/.local/lib/python3.12/site-packages/airflow/example_dags/example_dataset_alias.py
[2025-02-06T18:40:34.135+0000] {processor.py:914} INFO - Processing file /home/airflow/.local/lib/python3.12/site-packages/airflow/example_dags/example_dataset_alias.py for tasks to queue
[2025-02-06T18:40:34.138+0000] {logging_mixin.py:190} INFO - [2025-02-06T18:40:34.138+0000] {dagbag.py:588} INFO - Filling up the DagBag from /home/airflow/.local/lib/python3.12/site-packages/airflow/example_dags/example_dataset_alias.py
[2025-02-06T18:40:35.174+0000] {processor.py:925} INFO - DAG(s) 'dataset_s3_bucket_producer', 'dataset_alias_example_alias_producer', 'dataset_s3_bucket_consumer', 'dataset_alias_example_alias_consumer' retrieved from /home/airflow/.local/lib/python3.12/site-packages/airflow/example_dags/example_dataset_alias.py
[2025-02-06T18:40:35.208+0000] {logging_mixin.py:190} INFO - [2025-02-06T18:40:35.207+0000] {dag.py:3239} INFO - Sync 4 DAGs
[2025-02-06T18:40:35.257+0000] {logging_mixin.py:190} INFO - [2025-02-06T18:40:35.257+0000] {dag.py:4180} INFO - Setting next_dagrun for dataset_alias_example_alias_consumer to None, run_after=None
[2025-02-06T18:40:35.263+0000] {logging_mixin.py:190} INFO - [2025-02-06T18:40:35.263+0000] {dag.py:4180} INFO - Setting next_dagrun for dataset_alias_example_alias_producer to None, run_after=None
[2025-02-06T18:40:35.267+0000] {logging_mixin.py:190} INFO - [2025-02-06T18:40:35.266+0000] {dag.py:4180} INFO - Setting next_dagrun for dataset_s3_bucket_consumer to None, run_after=None
[2025-02-06T18:40:35.269+0000] {logging_mixin.py:190} INFO - [2025-02-06T18:40:35.269+0000] {dag.py:4180} INFO - Setting next_dagrun for dataset_s3_bucket_producer to None, run_after=None
[2025-02-06T18:40:35.304+0000] {processor.py:208} INFO - Processing /home/airflow/.local/lib/python3.12/site-packages/airflow/example_dags/example_dataset_alias.py took 1.184 seconds
[2025-02-06T18:41:05.801+0000] {processor.py:186} INFO - Started process (PID=2851) to work on /home/airflow/.local/lib/python3.12/site-packages/airflow/example_dags/example_dataset_alias.py
[2025-02-06T18:41:05.802+0000] {processor.py:914} INFO - Processing file /home/airflow/.local/lib/python3.12/site-packages/airflow/example_dags/example_dataset_alias.py for tasks to queue
[2025-02-06T18:41:05.806+0000] {logging_mixin.py:190} INFO - [2025-02-06T18:41:05.806+0000] {dagbag.py:588} INFO - Filling up the DagBag from /home/airflow/.local/lib/python3.12/site-packages/airflow/example_dags/example_dataset_alias.py
[2025-02-06T18:41:06.553+0000] {processor.py:925} INFO - DAG(s) 'dataset_s3_bucket_consumer', 'dataset_alias_example_alias_producer', 'dataset_alias_example_alias_consumer', 'dataset_s3_bucket_producer' retrieved from /home/airflow/.local/lib/python3.12/site-packages/airflow/example_dags/example_dataset_alias.py
[2025-02-06T18:41:06.591+0000] {logging_mixin.py:190} INFO - [2025-02-06T18:41:06.591+0000] {dag.py:3239} INFO - Sync 4 DAGs
[2025-02-06T18:41:06.629+0000] {logging_mixin.py:190} INFO - [2025-02-06T18:41:06.629+0000] {dag.py:4180} INFO - Setting next_dagrun for dataset_alias_example_alias_consumer to None, run_after=None
[2025-02-06T18:41:06.634+0000] {logging_mixin.py:190} INFO - [2025-02-06T18:41:06.634+0000] {dag.py:4180} INFO - Setting next_dagrun for dataset_alias_example_alias_producer to None, run_after=None
[2025-02-06T18:41:06.638+0000] {logging_mixin.py:190} INFO - [2025-02-06T18:41:06.638+0000] {dag.py:4180} INFO - Setting next_dagrun for dataset_s3_bucket_consumer to None, run_after=None
[2025-02-06T18:41:06.641+0000] {logging_mixin.py:190} INFO - [2025-02-06T18:41:06.641+0000] {dag.py:4180} INFO - Setting next_dagrun for dataset_s3_bucket_producer to None, run_after=None
[2025-02-06T18:41:06.755+0000] {processor.py:208} INFO - Processing /home/airflow/.local/lib/python3.12/site-packages/airflow/example_dags/example_dataset_alias.py took 0.965 seconds
[2025-02-06T18:41:37.098+0000] {processor.py:186} INFO - Started process (PID=2911) to work on /home/airflow/.local/lib/python3.12/site-packages/airflow/example_dags/example_dataset_alias.py
[2025-02-06T18:41:37.100+0000] {processor.py:914} INFO - Processing file /home/airflow/.local/lib/python3.12/site-packages/airflow/example_dags/example_dataset_alias.py for tasks to queue
[2025-02-06T18:41:37.105+0000] {logging_mixin.py:190} INFO - [2025-02-06T18:41:37.104+0000] {dagbag.py:588} INFO - Filling up the DagBag from /home/airflow/.local/lib/python3.12/site-packages/airflow/example_dags/example_dataset_alias.py
[2025-02-06T18:41:37.945+0000] {processor.py:925} INFO - DAG(s) 'dataset_s3_bucket_producer', 'dataset_s3_bucket_consumer', 'dataset_alias_example_alias_consumer', 'dataset_alias_example_alias_producer' retrieved from /home/airflow/.local/lib/python3.12/site-packages/airflow/example_dags/example_dataset_alias.py
[2025-02-06T18:41:37.983+0000] {logging_mixin.py:190} INFO - [2025-02-06T18:41:37.982+0000] {dag.py:3239} INFO - Sync 4 DAGs
[2025-02-06T18:41:38.018+0000] {logging_mixin.py:190} INFO - [2025-02-06T18:41:38.018+0000] {dag.py:4180} INFO - Setting next_dagrun for dataset_alias_example_alias_consumer to None, run_after=None
[2025-02-06T18:41:38.022+0000] {logging_mixin.py:190} INFO - [2025-02-06T18:41:38.022+0000] {dag.py:4180} INFO - Setting next_dagrun for dataset_alias_example_alias_producer to None, run_after=None
[2025-02-06T18:41:38.025+0000] {logging_mixin.py:190} INFO - [2025-02-06T18:41:38.025+0000] {dag.py:4180} INFO - Setting next_dagrun for dataset_s3_bucket_consumer to None, run_after=None
[2025-02-06T18:41:38.028+0000] {logging_mixin.py:190} INFO - [2025-02-06T18:41:38.027+0000] {dag.py:4180} INFO - Setting next_dagrun for dataset_s3_bucket_producer to None, run_after=None
[2025-02-06T18:41:38.062+0000] {processor.py:208} INFO - Processing /home/airflow/.local/lib/python3.12/site-packages/airflow/example_dags/example_dataset_alias.py took 0.974 seconds
[2025-02-06T18:42:08.124+0000] {processor.py:186} INFO - Started process (PID=2968) to work on /home/airflow/.local/lib/python3.12/site-packages/airflow/example_dags/example_dataset_alias.py
[2025-02-06T18:42:08.125+0000] {processor.py:914} INFO - Processing file /home/airflow/.local/lib/python3.12/site-packages/airflow/example_dags/example_dataset_alias.py for tasks to queue
[2025-02-06T18:42:08.129+0000] {logging_mixin.py:190} INFO - [2025-02-06T18:42:08.128+0000] {dagbag.py:588} INFO - Filling up the DagBag from /home/airflow/.local/lib/python3.12/site-packages/airflow/example_dags/example_dataset_alias.py
[2025-02-06T18:42:08.925+0000] {processor.py:925} INFO - DAG(s) 'dataset_alias_example_alias_producer', 'dataset_s3_bucket_consumer', 'dataset_alias_example_alias_consumer', 'dataset_s3_bucket_producer' retrieved from /home/airflow/.local/lib/python3.12/site-packages/airflow/example_dags/example_dataset_alias.py
[2025-02-06T18:42:08.956+0000] {logging_mixin.py:190} INFO - [2025-02-06T18:42:08.955+0000] {dag.py:3239} INFO - Sync 4 DAGs
[2025-02-06T18:42:08.991+0000] {logging_mixin.py:190} INFO - [2025-02-06T18:42:08.991+0000] {dag.py:4180} INFO - Setting next_dagrun for dataset_alias_example_alias_consumer to None, run_after=None
[2025-02-06T18:42:08.995+0000] {logging_mixin.py:190} INFO - [2025-02-06T18:42:08.995+0000] {dag.py:4180} INFO - Setting next_dagrun for dataset_alias_example_alias_producer to None, run_after=None
[2025-02-06T18:42:08.997+0000] {logging_mixin.py:190} INFO - [2025-02-06T18:42:08.997+0000] {dag.py:4180} INFO - Setting next_dagrun for dataset_s3_bucket_consumer to None, run_after=None
[2025-02-06T18:42:08.999+0000] {logging_mixin.py:190} INFO - [2025-02-06T18:42:08.999+0000] {dag.py:4180} INFO - Setting next_dagrun for dataset_s3_bucket_producer to None, run_after=None
[2025-02-06T18:42:09.036+0000] {processor.py:208} INFO - Processing /home/airflow/.local/lib/python3.12/site-packages/airflow/example_dags/example_dataset_alias.py took 0.921 seconds
[2025-02-06T18:42:39.379+0000] {processor.py:186} INFO - Started process (PID=3028) to work on /home/airflow/.local/lib/python3.12/site-packages/airflow/example_dags/example_dataset_alias.py
[2025-02-06T18:42:39.380+0000] {processor.py:914} INFO - Processing file /home/airflow/.local/lib/python3.12/site-packages/airflow/example_dags/example_dataset_alias.py for tasks to queue
[2025-02-06T18:42:39.383+0000] {logging_mixin.py:190} INFO - [2025-02-06T18:42:39.383+0000] {dagbag.py:588} INFO - Filling up the DagBag from /home/airflow/.local/lib/python3.12/site-packages/airflow/example_dags/example_dataset_alias.py
[2025-02-06T18:42:40.251+0000] {processor.py:925} INFO - DAG(s) 'dataset_alias_example_alias_consumer', 'dataset_s3_bucket_producer', 'dataset_alias_example_alias_producer', 'dataset_s3_bucket_consumer' retrieved from /home/airflow/.local/lib/python3.12/site-packages/airflow/example_dags/example_dataset_alias.py
[2025-02-06T18:42:40.302+0000] {logging_mixin.py:190} INFO - [2025-02-06T18:42:40.301+0000] {dag.py:3239} INFO - Sync 4 DAGs
[2025-02-06T18:42:40.343+0000] {logging_mixin.py:190} INFO - [2025-02-06T18:42:40.343+0000] {dag.py:4180} INFO - Setting next_dagrun for dataset_alias_example_alias_consumer to None, run_after=None
[2025-02-06T18:42:40.347+0000] {logging_mixin.py:190} INFO - [2025-02-06T18:42:40.347+0000] {dag.py:4180} INFO - Setting next_dagrun for dataset_alias_example_alias_producer to None, run_after=None
[2025-02-06T18:42:40.350+0000] {logging_mixin.py:190} INFO - [2025-02-06T18:42:40.350+0000] {dag.py:4180} INFO - Setting next_dagrun for dataset_s3_bucket_consumer to None, run_after=None
[2025-02-06T18:42:40.352+0000] {logging_mixin.py:190} INFO - [2025-02-06T18:42:40.352+0000] {dag.py:4180} INFO - Setting next_dagrun for dataset_s3_bucket_producer to None, run_after=None
[2025-02-06T18:42:40.392+0000] {processor.py:208} INFO - Processing /home/airflow/.local/lib/python3.12/site-packages/airflow/example_dags/example_dataset_alias.py took 1.021 seconds
[2025-02-06T18:43:10.509+0000] {processor.py:186} INFO - Started process (PID=3085) to work on /home/airflow/.local/lib/python3.12/site-packages/airflow/example_dags/example_dataset_alias.py
[2025-02-06T18:43:10.511+0000] {processor.py:914} INFO - Processing file /home/airflow/.local/lib/python3.12/site-packages/airflow/example_dags/example_dataset_alias.py for tasks to queue
[2025-02-06T18:43:10.517+0000] {logging_mixin.py:190} INFO - [2025-02-06T18:43:10.516+0000] {dagbag.py:588} INFO - Filling up the DagBag from /home/airflow/.local/lib/python3.12/site-packages/airflow/example_dags/example_dataset_alias.py
[2025-02-06T18:43:11.263+0000] {processor.py:925} INFO - DAG(s) 'dataset_s3_bucket_producer', 'dataset_alias_example_alias_consumer', 'dataset_s3_bucket_consumer', 'dataset_alias_example_alias_producer' retrieved from /home/airflow/.local/lib/python3.12/site-packages/airflow/example_dags/example_dataset_alias.py
[2025-02-06T18:43:11.308+0000] {logging_mixin.py:190} INFO - [2025-02-06T18:43:11.307+0000] {dag.py:3239} INFO - Sync 4 DAGs
[2025-02-06T18:43:11.360+0000] {logging_mixin.py:190} INFO - [2025-02-06T18:43:11.360+0000] {dag.py:4180} INFO - Setting next_dagrun for dataset_alias_example_alias_consumer to None, run_after=None
[2025-02-06T18:43:11.365+0000] {logging_mixin.py:190} INFO - [2025-02-06T18:43:11.364+0000] {dag.py:4180} INFO - Setting next_dagrun for dataset_alias_example_alias_producer to None, run_after=None
[2025-02-06T18:43:11.367+0000] {logging_mixin.py:190} INFO - [2025-02-06T18:43:11.367+0000] {dag.py:4180} INFO - Setting next_dagrun for dataset_s3_bucket_consumer to None, run_after=None
[2025-02-06T18:43:11.369+0000] {logging_mixin.py:190} INFO - [2025-02-06T18:43:11.369+0000] {dag.py:4180} INFO - Setting next_dagrun for dataset_s3_bucket_producer to None, run_after=None
[2025-02-06T18:43:11.406+0000] {processor.py:208} INFO - Processing /home/airflow/.local/lib/python3.12/site-packages/airflow/example_dags/example_dataset_alias.py took 0.907 seconds
[2025-02-06T18:43:42.321+0000] {processor.py:186} INFO - Started process (PID=3146) to work on /home/airflow/.local/lib/python3.12/site-packages/airflow/example_dags/example_dataset_alias.py
[2025-02-06T18:43:42.323+0000] {processor.py:914} INFO - Processing file /home/airflow/.local/lib/python3.12/site-packages/airflow/example_dags/example_dataset_alias.py for tasks to queue
[2025-02-06T18:43:42.328+0000] {logging_mixin.py:190} INFO - [2025-02-06T18:43:42.327+0000] {dagbag.py:588} INFO - Filling up the DagBag from /home/airflow/.local/lib/python3.12/site-packages/airflow/example_dags/example_dataset_alias.py
[2025-02-06T18:43:43.797+0000] {processor.py:925} INFO - DAG(s) 'dataset_alias_example_alias_consumer', 'dataset_s3_bucket_producer', 'dataset_alias_example_alias_producer', 'dataset_s3_bucket_consumer' retrieved from /home/airflow/.local/lib/python3.12/site-packages/airflow/example_dags/example_dataset_alias.py
[2025-02-06T18:43:43.840+0000] {logging_mixin.py:190} INFO - [2025-02-06T18:43:43.839+0000] {dag.py:3239} INFO - Sync 4 DAGs
[2025-02-06T18:43:43.904+0000] {logging_mixin.py:190} INFO - [2025-02-06T18:43:43.903+0000] {dag.py:4180} INFO - Setting next_dagrun for dataset_alias_example_alias_consumer to None, run_after=None
[2025-02-06T18:43:43.910+0000] {logging_mixin.py:190} INFO - [2025-02-06T18:43:43.910+0000] {dag.py:4180} INFO - Setting next_dagrun for dataset_alias_example_alias_producer to None, run_after=None
[2025-02-06T18:43:43.914+0000] {logging_mixin.py:190} INFO - [2025-02-06T18:43:43.914+0000] {dag.py:4180} INFO - Setting next_dagrun for dataset_s3_bucket_consumer to None, run_after=None
[2025-02-06T18:43:43.920+0000] {logging_mixin.py:190} INFO - [2025-02-06T18:43:43.919+0000] {dag.py:4180} INFO - Setting next_dagrun for dataset_s3_bucket_producer to None, run_after=None
[2025-02-06T18:43:43.967+0000] {processor.py:208} INFO - Processing /home/airflow/.local/lib/python3.12/site-packages/airflow/example_dags/example_dataset_alias.py took 1.678 seconds
[2025-02-06T18:44:14.267+0000] {processor.py:186} INFO - Started process (PID=3206) to work on /home/airflow/.local/lib/python3.12/site-packages/airflow/example_dags/example_dataset_alias.py
[2025-02-06T18:44:14.268+0000] {processor.py:914} INFO - Processing file /home/airflow/.local/lib/python3.12/site-packages/airflow/example_dags/example_dataset_alias.py for tasks to queue
[2025-02-06T18:44:14.271+0000] {logging_mixin.py:190} INFO - [2025-02-06T18:44:14.271+0000] {dagbag.py:588} INFO - Filling up the DagBag from /home/airflow/.local/lib/python3.12/site-packages/airflow/example_dags/example_dataset_alias.py
[2025-02-06T18:44:15.177+0000] {processor.py:925} INFO - DAG(s) 'dataset_alias_example_alias_consumer', 'dataset_s3_bucket_consumer', 'dataset_alias_example_alias_producer', 'dataset_s3_bucket_producer' retrieved from /home/airflow/.local/lib/python3.12/site-packages/airflow/example_dags/example_dataset_alias.py
[2025-02-06T18:44:15.215+0000] {logging_mixin.py:190} INFO - [2025-02-06T18:44:15.214+0000] {dag.py:3239} INFO - Sync 4 DAGs
[2025-02-06T18:44:15.256+0000] {logging_mixin.py:190} INFO - [2025-02-06T18:44:15.255+0000] {dag.py:4180} INFO - Setting next_dagrun for dataset_alias_example_alias_consumer to None, run_after=None
[2025-02-06T18:44:15.261+0000] {logging_mixin.py:190} INFO - [2025-02-06T18:44:15.260+0000] {dag.py:4180} INFO - Setting next_dagrun for dataset_alias_example_alias_producer to None, run_after=None
[2025-02-06T18:44:15.263+0000] {logging_mixin.py:190} INFO - [2025-02-06T18:44:15.263+0000] {dag.py:4180} INFO - Setting next_dagrun for dataset_s3_bucket_consumer to None, run_after=None
[2025-02-06T18:44:15.266+0000] {logging_mixin.py:190} INFO - [2025-02-06T18:44:15.266+0000] {dag.py:4180} INFO - Setting next_dagrun for dataset_s3_bucket_producer to None, run_after=None
[2025-02-06T18:44:15.310+0000] {processor.py:208} INFO - Processing /home/airflow/.local/lib/python3.12/site-packages/airflow/example_dags/example_dataset_alias.py took 1.051 seconds
[2025-02-06T18:44:45.718+0000] {processor.py:186} INFO - Started process (PID=3269) to work on /home/airflow/.local/lib/python3.12/site-packages/airflow/example_dags/example_dataset_alias.py
[2025-02-06T18:44:45.719+0000] {processor.py:914} INFO - Processing file /home/airflow/.local/lib/python3.12/site-packages/airflow/example_dags/example_dataset_alias.py for tasks to queue
[2025-02-06T18:44:45.724+0000] {logging_mixin.py:190} INFO - [2025-02-06T18:44:45.723+0000] {dagbag.py:588} INFO - Filling up the DagBag from /home/airflow/.local/lib/python3.12/site-packages/airflow/example_dags/example_dataset_alias.py
[2025-02-06T18:44:46.525+0000] {processor.py:925} INFO - DAG(s) 'dataset_s3_bucket_producer', 'dataset_s3_bucket_consumer', 'dataset_alias_example_alias_producer', 'dataset_alias_example_alias_consumer' retrieved from /home/airflow/.local/lib/python3.12/site-packages/airflow/example_dags/example_dataset_alias.py
[2025-02-06T18:44:46.577+0000] {logging_mixin.py:190} INFO - [2025-02-06T18:44:46.576+0000] {dag.py:3239} INFO - Sync 4 DAGs
[2025-02-06T18:44:46.627+0000] {logging_mixin.py:190} INFO - [2025-02-06T18:44:46.627+0000] {dag.py:4180} INFO - Setting next_dagrun for dataset_alias_example_alias_consumer to None, run_after=None
[2025-02-06T18:44:46.639+0000] {logging_mixin.py:190} INFO - [2025-02-06T18:44:46.638+0000] {dag.py:4180} INFO - Setting next_dagrun for dataset_alias_example_alias_producer to None, run_after=None
[2025-02-06T18:44:46.645+0000] {logging_mixin.py:190} INFO - [2025-02-06T18:44:46.644+0000] {dag.py:4180} INFO - Setting next_dagrun for dataset_s3_bucket_consumer to None, run_after=None
[2025-02-06T18:44:46.649+0000] {logging_mixin.py:190} INFO - [2025-02-06T18:44:46.649+0000] {dag.py:4180} INFO - Setting next_dagrun for dataset_s3_bucket_producer to None, run_after=None
[2025-02-06T18:44:46.715+0000] {processor.py:208} INFO - Processing /home/airflow/.local/lib/python3.12/site-packages/airflow/example_dags/example_dataset_alias.py took 1.005 seconds
[2025-02-06T18:45:17.531+0000] {processor.py:186} INFO - Started process (PID=3326) to work on /home/airflow/.local/lib/python3.12/site-packages/airflow/example_dags/example_dataset_alias.py
[2025-02-06T18:45:17.532+0000] {processor.py:914} INFO - Processing file /home/airflow/.local/lib/python3.12/site-packages/airflow/example_dags/example_dataset_alias.py for tasks to queue
[2025-02-06T18:45:17.536+0000] {logging_mixin.py:190} INFO - [2025-02-06T18:45:17.536+0000] {dagbag.py:588} INFO - Filling up the DagBag from /home/airflow/.local/lib/python3.12/site-packages/airflow/example_dags/example_dataset_alias.py
[2025-02-06T18:45:18.336+0000] {processor.py:925} INFO - DAG(s) 'dataset_alias_example_alias_consumer', 'dataset_s3_bucket_producer', 'dataset_alias_example_alias_producer', 'dataset_s3_bucket_consumer' retrieved from /home/airflow/.local/lib/python3.12/site-packages/airflow/example_dags/example_dataset_alias.py
[2025-02-06T18:45:18.405+0000] {logging_mixin.py:190} INFO - [2025-02-06T18:45:18.404+0000] {dag.py:3239} INFO - Sync 4 DAGs
[2025-02-06T18:45:18.445+0000] {logging_mixin.py:190} INFO - [2025-02-06T18:45:18.445+0000] {dag.py:4180} INFO - Setting next_dagrun for dataset_alias_example_alias_consumer to None, run_after=None
[2025-02-06T18:45:18.450+0000] {logging_mixin.py:190} INFO - [2025-02-06T18:45:18.449+0000] {dag.py:4180} INFO - Setting next_dagrun for dataset_alias_example_alias_producer to None, run_after=None
[2025-02-06T18:45:18.452+0000] {logging_mixin.py:190} INFO - [2025-02-06T18:45:18.452+0000] {dag.py:4180} INFO - Setting next_dagrun for dataset_s3_bucket_consumer to None, run_after=None
[2025-02-06T18:45:18.454+0000] {logging_mixin.py:190} INFO - [2025-02-06T18:45:18.454+0000] {dag.py:4180} INFO - Setting next_dagrun for dataset_s3_bucket_producer to None, run_after=None
[2025-02-06T18:45:18.493+0000] {processor.py:208} INFO - Processing /home/airflow/.local/lib/python3.12/site-packages/airflow/example_dags/example_dataset_alias.py took 0.973 seconds
[2025-02-06T18:45:48.706+0000] {processor.py:186} INFO - Started process (PID=3383) to work on /home/airflow/.local/lib/python3.12/site-packages/airflow/example_dags/example_dataset_alias.py
[2025-02-06T18:45:48.708+0000] {processor.py:914} INFO - Processing file /home/airflow/.local/lib/python3.12/site-packages/airflow/example_dags/example_dataset_alias.py for tasks to queue
[2025-02-06T18:45:48.714+0000] {logging_mixin.py:190} INFO - [2025-02-06T18:45:48.713+0000] {dagbag.py:588} INFO - Filling up the DagBag from /home/airflow/.local/lib/python3.12/site-packages/airflow/example_dags/example_dataset_alias.py
[2025-02-06T18:45:50.267+0000] {processor.py:925} INFO - DAG(s) 'dataset_alias_example_alias_consumer', 'dataset_alias_example_alias_producer', 'dataset_s3_bucket_consumer', 'dataset_s3_bucket_producer' retrieved from /home/airflow/.local/lib/python3.12/site-packages/airflow/example_dags/example_dataset_alias.py
[2025-02-06T18:45:50.319+0000] {logging_mixin.py:190} INFO - [2025-02-06T18:45:50.318+0000] {dag.py:3239} INFO - Sync 4 DAGs
[2025-02-06T18:45:50.401+0000] {logging_mixin.py:190} INFO - [2025-02-06T18:45:50.400+0000] {dag.py:4180} INFO - Setting next_dagrun for dataset_alias_example_alias_consumer to None, run_after=None
[2025-02-06T18:45:50.415+0000] {logging_mixin.py:190} INFO - [2025-02-06T18:45:50.414+0000] {dag.py:4180} INFO - Setting next_dagrun for dataset_alias_example_alias_producer to None, run_after=None
[2025-02-06T18:45:50.420+0000] {logging_mixin.py:190} INFO - [2025-02-06T18:45:50.419+0000] {dag.py:4180} INFO - Setting next_dagrun for dataset_s3_bucket_consumer to None, run_after=None
[2025-02-06T18:45:50.430+0000] {logging_mixin.py:190} INFO - [2025-02-06T18:45:50.429+0000] {dag.py:4180} INFO - Setting next_dagrun for dataset_s3_bucket_producer to None, run_after=None
[2025-02-06T18:45:50.500+0000] {processor.py:208} INFO - Processing /home/airflow/.local/lib/python3.12/site-packages/airflow/example_dags/example_dataset_alias.py took 1.811 seconds
[2025-02-06T18:46:20.830+0000] {processor.py:186} INFO - Started process (PID=3442) to work on /home/airflow/.local/lib/python3.12/site-packages/airflow/example_dags/example_dataset_alias.py
[2025-02-06T18:46:20.832+0000] {processor.py:914} INFO - Processing file /home/airflow/.local/lib/python3.12/site-packages/airflow/example_dags/example_dataset_alias.py for tasks to queue
[2025-02-06T18:46:20.835+0000] {logging_mixin.py:190} INFO - [2025-02-06T18:46:20.835+0000] {dagbag.py:588} INFO - Filling up the DagBag from /home/airflow/.local/lib/python3.12/site-packages/airflow/example_dags/example_dataset_alias.py
[2025-02-06T18:46:21.498+0000] {processor.py:925} INFO - DAG(s) 'dataset_alias_example_alias_producer', 'dataset_s3_bucket_consumer', 'dataset_alias_example_alias_consumer', 'dataset_s3_bucket_producer' retrieved from /home/airflow/.local/lib/python3.12/site-packages/airflow/example_dags/example_dataset_alias.py
[2025-02-06T18:46:21.538+0000] {logging_mixin.py:190} INFO - [2025-02-06T18:46:21.537+0000] {dag.py:3239} INFO - Sync 4 DAGs
[2025-02-06T18:46:21.581+0000] {logging_mixin.py:190} INFO - [2025-02-06T18:46:21.581+0000] {dag.py:4180} INFO - Setting next_dagrun for dataset_alias_example_alias_consumer to None, run_after=None
[2025-02-06T18:46:21.587+0000] {logging_mixin.py:190} INFO - [2025-02-06T18:46:21.586+0000] {dag.py:4180} INFO - Setting next_dagrun for dataset_alias_example_alias_producer to None, run_after=None
[2025-02-06T18:46:21.589+0000] {logging_mixin.py:190} INFO - [2025-02-06T18:46:21.589+0000] {dag.py:4180} INFO - Setting next_dagrun for dataset_s3_bucket_consumer to None, run_after=None
[2025-02-06T18:46:21.592+0000] {logging_mixin.py:190} INFO - [2025-02-06T18:46:21.591+0000] {dag.py:4180} INFO - Setting next_dagrun for dataset_s3_bucket_producer to None, run_after=None
[2025-02-06T18:46:21.630+0000] {processor.py:208} INFO - Processing /home/airflow/.local/lib/python3.12/site-packages/airflow/example_dags/example_dataset_alias.py took 0.810 seconds
[2025-02-06T18:46:51.958+0000] {processor.py:186} INFO - Started process (PID=3500) to work on /home/airflow/.local/lib/python3.12/site-packages/airflow/example_dags/example_dataset_alias.py
[2025-02-06T18:46:51.960+0000] {processor.py:914} INFO - Processing file /home/airflow/.local/lib/python3.12/site-packages/airflow/example_dags/example_dataset_alias.py for tasks to queue
[2025-02-06T18:46:51.966+0000] {logging_mixin.py:190} INFO - [2025-02-06T18:46:51.965+0000] {dagbag.py:588} INFO - Filling up the DagBag from /home/airflow/.local/lib/python3.12/site-packages/airflow/example_dags/example_dataset_alias.py
[2025-02-06T18:46:52.833+0000] {processor.py:925} INFO - DAG(s) 'dataset_s3_bucket_producer', 'dataset_s3_bucket_consumer', 'dataset_alias_example_alias_producer', 'dataset_alias_example_alias_consumer' retrieved from /home/airflow/.local/lib/python3.12/site-packages/airflow/example_dags/example_dataset_alias.py
[2025-02-06T18:46:52.885+0000] {logging_mixin.py:190} INFO - [2025-02-06T18:46:52.883+0000] {dag.py:3239} INFO - Sync 4 DAGs
[2025-02-06T18:46:52.953+0000] {logging_mixin.py:190} INFO - [2025-02-06T18:46:52.952+0000] {dag.py:4180} INFO - Setting next_dagrun for dataset_alias_example_alias_consumer to None, run_after=None
[2025-02-06T18:46:52.962+0000] {logging_mixin.py:190} INFO - [2025-02-06T18:46:52.962+0000] {dag.py:4180} INFO - Setting next_dagrun for dataset_alias_example_alias_producer to None, run_after=None
[2025-02-06T18:46:52.967+0000] {logging_mixin.py:190} INFO - [2025-02-06T18:46:52.967+0000] {dag.py:4180} INFO - Setting next_dagrun for dataset_s3_bucket_consumer to None, run_after=None
[2025-02-06T18:46:52.971+0000] {logging_mixin.py:190} INFO - [2025-02-06T18:46:52.971+0000] {dag.py:4180} INFO - Setting next_dagrun for dataset_s3_bucket_producer to None, run_after=None
[2025-02-06T18:46:53.085+0000] {processor.py:208} INFO - Processing /home/airflow/.local/lib/python3.12/site-packages/airflow/example_dags/example_dataset_alias.py took 1.140 seconds
[2025-02-06T18:47:23.600+0000] {processor.py:186} INFO - Started process (PID=3559) to work on /home/airflow/.local/lib/python3.12/site-packages/airflow/example_dags/example_dataset_alias.py
[2025-02-06T18:47:23.602+0000] {processor.py:914} INFO - Processing file /home/airflow/.local/lib/python3.12/site-packages/airflow/example_dags/example_dataset_alias.py for tasks to queue
[2025-02-06T18:47:23.606+0000] {logging_mixin.py:190} INFO - [2025-02-06T18:47:23.605+0000] {dagbag.py:588} INFO - Filling up the DagBag from /home/airflow/.local/lib/python3.12/site-packages/airflow/example_dags/example_dataset_alias.py
[2025-02-06T18:47:24.194+0000] {processor.py:925} INFO - DAG(s) 'dataset_s3_bucket_producer', 'dataset_alias_example_alias_producer', 'dataset_alias_example_alias_consumer', 'dataset_s3_bucket_consumer' retrieved from /home/airflow/.local/lib/python3.12/site-packages/airflow/example_dags/example_dataset_alias.py
[2025-02-06T18:47:24.224+0000] {logging_mixin.py:190} INFO - [2025-02-06T18:47:24.223+0000] {dag.py:3239} INFO - Sync 4 DAGs
[2025-02-06T18:47:24.256+0000] {logging_mixin.py:190} INFO - [2025-02-06T18:47:24.256+0000] {dag.py:4180} INFO - Setting next_dagrun for dataset_alias_example_alias_consumer to None, run_after=None
[2025-02-06T18:47:24.260+0000] {logging_mixin.py:190} INFO - [2025-02-06T18:47:24.260+0000] {dag.py:4180} INFO - Setting next_dagrun for dataset_alias_example_alias_producer to None, run_after=None
[2025-02-06T18:47:24.262+0000] {logging_mixin.py:190} INFO - [2025-02-06T18:47:24.262+0000] {dag.py:4180} INFO - Setting next_dagrun for dataset_s3_bucket_consumer to None, run_after=None
[2025-02-06T18:47:24.265+0000] {logging_mixin.py:190} INFO - [2025-02-06T18:47:24.265+0000] {dag.py:4180} INFO - Setting next_dagrun for dataset_s3_bucket_producer to None, run_after=None
[2025-02-06T18:47:24.311+0000] {processor.py:208} INFO - Processing /home/airflow/.local/lib/python3.12/site-packages/airflow/example_dags/example_dataset_alias.py took 0.719 seconds
[2025-02-06T18:47:54.425+0000] {processor.py:186} INFO - Started process (PID=3617) to work on /home/airflow/.local/lib/python3.12/site-packages/airflow/example_dags/example_dataset_alias.py
[2025-02-06T18:47:54.427+0000] {processor.py:914} INFO - Processing file /home/airflow/.local/lib/python3.12/site-packages/airflow/example_dags/example_dataset_alias.py for tasks to queue
[2025-02-06T18:47:54.430+0000] {logging_mixin.py:190} INFO - [2025-02-06T18:47:54.430+0000] {dagbag.py:588} INFO - Filling up the DagBag from /home/airflow/.local/lib/python3.12/site-packages/airflow/example_dags/example_dataset_alias.py
[2025-02-06T18:47:55.249+0000] {processor.py:925} INFO - DAG(s) 'dataset_s3_bucket_consumer', 'dataset_s3_bucket_producer', 'dataset_alias_example_alias_consumer', 'dataset_alias_example_alias_producer' retrieved from /home/airflow/.local/lib/python3.12/site-packages/airflow/example_dags/example_dataset_alias.py
[2025-02-06T18:47:55.295+0000] {logging_mixin.py:190} INFO - [2025-02-06T18:47:55.294+0000] {dag.py:3239} INFO - Sync 4 DAGs
[2025-02-06T18:47:55.339+0000] {logging_mixin.py:190} INFO - [2025-02-06T18:47:55.338+0000] {dag.py:4180} INFO - Setting next_dagrun for dataset_alias_example_alias_consumer to None, run_after=None
[2025-02-06T18:47:55.343+0000] {logging_mixin.py:190} INFO - [2025-02-06T18:47:55.343+0000] {dag.py:4180} INFO - Setting next_dagrun for dataset_alias_example_alias_producer to None, run_after=None
[2025-02-06T18:47:55.345+0000] {logging_mixin.py:190} INFO - [2025-02-06T18:47:55.345+0000] {dag.py:4180} INFO - Setting next_dagrun for dataset_s3_bucket_consumer to None, run_after=None
[2025-02-06T18:47:55.347+0000] {logging_mixin.py:190} INFO - [2025-02-06T18:47:55.347+0000] {dag.py:4180} INFO - Setting next_dagrun for dataset_s3_bucket_producer to None, run_after=None
[2025-02-06T18:47:55.379+0000] {processor.py:208} INFO - Processing /home/airflow/.local/lib/python3.12/site-packages/airflow/example_dags/example_dataset_alias.py took 0.963 seconds
[2025-02-06T18:48:25.874+0000] {processor.py:186} INFO - Started process (PID=3673) to work on /home/airflow/.local/lib/python3.12/site-packages/airflow/example_dags/example_dataset_alias.py
[2025-02-06T18:48:25.875+0000] {processor.py:914} INFO - Processing file /home/airflow/.local/lib/python3.12/site-packages/airflow/example_dags/example_dataset_alias.py for tasks to queue
[2025-02-06T18:48:25.878+0000] {logging_mixin.py:190} INFO - [2025-02-06T18:48:25.878+0000] {dagbag.py:588} INFO - Filling up the DagBag from /home/airflow/.local/lib/python3.12/site-packages/airflow/example_dags/example_dataset_alias.py
[2025-02-06T18:48:26.477+0000] {processor.py:925} INFO - DAG(s) 'dataset_s3_bucket_producer', 'dataset_alias_example_alias_producer', 'dataset_alias_example_alias_consumer', 'dataset_s3_bucket_consumer' retrieved from /home/airflow/.local/lib/python3.12/site-packages/airflow/example_dags/example_dataset_alias.py
[2025-02-06T18:48:26.511+0000] {logging_mixin.py:190} INFO - [2025-02-06T18:48:26.510+0000] {dag.py:3239} INFO - Sync 4 DAGs
[2025-02-06T18:48:26.552+0000] {logging_mixin.py:190} INFO - [2025-02-06T18:48:26.552+0000] {dag.py:4180} INFO - Setting next_dagrun for dataset_alias_example_alias_consumer to None, run_after=None
[2025-02-06T18:48:26.557+0000] {logging_mixin.py:190} INFO - [2025-02-06T18:48:26.557+0000] {dag.py:4180} INFO - Setting next_dagrun for dataset_alias_example_alias_producer to None, run_after=None
[2025-02-06T18:48:26.560+0000] {logging_mixin.py:190} INFO - [2025-02-06T18:48:26.560+0000] {dag.py:4180} INFO - Setting next_dagrun for dataset_s3_bucket_consumer to None, run_after=None
[2025-02-06T18:48:26.562+0000] {logging_mixin.py:190} INFO - [2025-02-06T18:48:26.562+0000] {dag.py:4180} INFO - Setting next_dagrun for dataset_s3_bucket_producer to None, run_after=None
[2025-02-06T18:48:26.616+0000] {processor.py:208} INFO - Processing /home/airflow/.local/lib/python3.12/site-packages/airflow/example_dags/example_dataset_alias.py took 0.750 seconds
[2025-02-06T18:48:57.211+0000] {processor.py:186} INFO - Started process (PID=3730) to work on /home/airflow/.local/lib/python3.12/site-packages/airflow/example_dags/example_dataset_alias.py
[2025-02-06T18:48:57.213+0000] {processor.py:914} INFO - Processing file /home/airflow/.local/lib/python3.12/site-packages/airflow/example_dags/example_dataset_alias.py for tasks to queue
[2025-02-06T18:48:57.220+0000] {logging_mixin.py:190} INFO - [2025-02-06T18:48:57.220+0000] {dagbag.py:588} INFO - Filling up the DagBag from /home/airflow/.local/lib/python3.12/site-packages/airflow/example_dags/example_dataset_alias.py
[2025-02-06T18:48:57.891+0000] {processor.py:925} INFO - DAG(s) 'dataset_alias_example_alias_producer', 'dataset_s3_bucket_producer', 'dataset_alias_example_alias_consumer', 'dataset_s3_bucket_consumer' retrieved from /home/airflow/.local/lib/python3.12/site-packages/airflow/example_dags/example_dataset_alias.py
[2025-02-06T18:48:57.929+0000] {logging_mixin.py:190} INFO - [2025-02-06T18:48:57.928+0000] {dag.py:3239} INFO - Sync 4 DAGs
[2025-02-06T18:48:57.972+0000] {logging_mixin.py:190} INFO - [2025-02-06T18:48:57.971+0000] {dag.py:4180} INFO - Setting next_dagrun for dataset_alias_example_alias_consumer to None, run_after=None
[2025-02-06T18:48:57.976+0000] {logging_mixin.py:190} INFO - [2025-02-06T18:48:57.976+0000] {dag.py:4180} INFO - Setting next_dagrun for dataset_alias_example_alias_producer to None, run_after=None
[2025-02-06T18:48:57.979+0000] {logging_mixin.py:190} INFO - [2025-02-06T18:48:57.978+0000] {dag.py:4180} INFO - Setting next_dagrun for dataset_s3_bucket_consumer to None, run_after=None
[2025-02-06T18:48:57.981+0000] {logging_mixin.py:190} INFO - [2025-02-06T18:48:57.980+0000] {dag.py:4180} INFO - Setting next_dagrun for dataset_s3_bucket_producer to None, run_after=None
[2025-02-06T18:48:58.017+0000] {processor.py:208} INFO - Processing /home/airflow/.local/lib/python3.12/site-packages/airflow/example_dags/example_dataset_alias.py took 0.815 seconds
[2025-02-06T18:49:28.654+0000] {processor.py:186} INFO - Started process (PID=3787) to work on /home/airflow/.local/lib/python3.12/site-packages/airflow/example_dags/example_dataset_alias.py
[2025-02-06T18:49:28.655+0000] {processor.py:914} INFO - Processing file /home/airflow/.local/lib/python3.12/site-packages/airflow/example_dags/example_dataset_alias.py for tasks to queue
[2025-02-06T18:49:28.660+0000] {logging_mixin.py:190} INFO - [2025-02-06T18:49:28.659+0000] {dagbag.py:588} INFO - Filling up the DagBag from /home/airflow/.local/lib/python3.12/site-packages/airflow/example_dags/example_dataset_alias.py
[2025-02-06T18:49:29.568+0000] {processor.py:925} INFO - DAG(s) 'dataset_alias_example_alias_consumer', 'dataset_s3_bucket_consumer', 'dataset_alias_example_alias_producer', 'dataset_s3_bucket_producer' retrieved from /home/airflow/.local/lib/python3.12/site-packages/airflow/example_dags/example_dataset_alias.py
[2025-02-06T18:49:29.613+0000] {logging_mixin.py:190} INFO - [2025-02-06T18:49:29.612+0000] {dag.py:3239} INFO - Sync 4 DAGs
[2025-02-06T18:49:29.662+0000] {logging_mixin.py:190} INFO - [2025-02-06T18:49:29.662+0000] {dag.py:4180} INFO - Setting next_dagrun for dataset_alias_example_alias_consumer to None, run_after=None
[2025-02-06T18:49:29.668+0000] {logging_mixin.py:190} INFO - [2025-02-06T18:49:29.668+0000] {dag.py:4180} INFO - Setting next_dagrun for dataset_alias_example_alias_producer to None, run_after=None
[2025-02-06T18:49:29.671+0000] {logging_mixin.py:190} INFO - [2025-02-06T18:49:29.671+0000] {dag.py:4180} INFO - Setting next_dagrun for dataset_s3_bucket_consumer to None, run_after=None
[2025-02-06T18:49:29.674+0000] {logging_mixin.py:190} INFO - [2025-02-06T18:49:29.673+0000] {dag.py:4180} INFO - Setting next_dagrun for dataset_s3_bucket_producer to None, run_after=None
[2025-02-06T18:49:29.723+0000] {processor.py:208} INFO - Processing /home/airflow/.local/lib/python3.12/site-packages/airflow/example_dags/example_dataset_alias.py took 1.081 seconds
[2025-02-06T18:50:00.504+0000] {processor.py:186} INFO - Started process (PID=3844) to work on /home/airflow/.local/lib/python3.12/site-packages/airflow/example_dags/example_dataset_alias.py
[2025-02-06T18:50:00.505+0000] {processor.py:914} INFO - Processing file /home/airflow/.local/lib/python3.12/site-packages/airflow/example_dags/example_dataset_alias.py for tasks to queue
[2025-02-06T18:50:00.509+0000] {logging_mixin.py:190} INFO - [2025-02-06T18:50:00.508+0000] {dagbag.py:588} INFO - Filling up the DagBag from /home/airflow/.local/lib/python3.12/site-packages/airflow/example_dags/example_dataset_alias.py
[2025-02-06T18:50:01.207+0000] {processor.py:925} INFO - DAG(s) 'dataset_alias_example_alias_consumer', 'dataset_s3_bucket_consumer', 'dataset_s3_bucket_producer', 'dataset_alias_example_alias_producer' retrieved from /home/airflow/.local/lib/python3.12/site-packages/airflow/example_dags/example_dataset_alias.py
[2025-02-06T18:50:01.245+0000] {logging_mixin.py:190} INFO - [2025-02-06T18:50:01.244+0000] {dag.py:3239} INFO - Sync 4 DAGs
[2025-02-06T18:50:01.289+0000] {logging_mixin.py:190} INFO - [2025-02-06T18:50:01.289+0000] {dag.py:4180} INFO - Setting next_dagrun for dataset_alias_example_alias_consumer to None, run_after=None
[2025-02-06T18:50:01.295+0000] {logging_mixin.py:190} INFO - [2025-02-06T18:50:01.294+0000] {dag.py:4180} INFO - Setting next_dagrun for dataset_alias_example_alias_producer to None, run_after=None
[2025-02-06T18:50:01.297+0000] {logging_mixin.py:190} INFO - [2025-02-06T18:50:01.297+0000] {dag.py:4180} INFO - Setting next_dagrun for dataset_s3_bucket_consumer to None, run_after=None
[2025-02-06T18:50:01.299+0000] {logging_mixin.py:190} INFO - [2025-02-06T18:50:01.299+0000] {dag.py:4180} INFO - Setting next_dagrun for dataset_s3_bucket_producer to None, run_after=None
[2025-02-06T18:50:01.336+0000] {processor.py:208} INFO - Processing /home/airflow/.local/lib/python3.12/site-packages/airflow/example_dags/example_dataset_alias.py took 0.843 seconds
[2025-02-06T18:50:32.147+0000] {processor.py:186} INFO - Started process (PID=3901) to work on /home/airflow/.local/lib/python3.12/site-packages/airflow/example_dags/example_dataset_alias.py
[2025-02-06T18:50:32.148+0000] {processor.py:914} INFO - Processing file /home/airflow/.local/lib/python3.12/site-packages/airflow/example_dags/example_dataset_alias.py for tasks to queue
[2025-02-06T18:50:32.153+0000] {logging_mixin.py:190} INFO - [2025-02-06T18:50:32.152+0000] {dagbag.py:588} INFO - Filling up the DagBag from /home/airflow/.local/lib/python3.12/site-packages/airflow/example_dags/example_dataset_alias.py
[2025-02-06T18:50:32.840+0000] {processor.py:925} INFO - DAG(s) 'dataset_alias_example_alias_consumer', 'dataset_s3_bucket_consumer', 'dataset_alias_example_alias_producer', 'dataset_s3_bucket_producer' retrieved from /home/airflow/.local/lib/python3.12/site-packages/airflow/example_dags/example_dataset_alias.py
[2025-02-06T18:50:32.877+0000] {logging_mixin.py:190} INFO - [2025-02-06T18:50:32.876+0000] {dag.py:3239} INFO - Sync 4 DAGs
[2025-02-06T18:50:32.941+0000] {logging_mixin.py:190} INFO - [2025-02-06T18:50:32.940+0000] {dag.py:4180} INFO - Setting next_dagrun for dataset_alias_example_alias_consumer to None, run_after=None
[2025-02-06T18:50:32.946+0000] {logging_mixin.py:190} INFO - [2025-02-06T18:50:32.946+0000] {dag.py:4180} INFO - Setting next_dagrun for dataset_alias_example_alias_producer to None, run_after=None
[2025-02-06T18:50:32.951+0000] {logging_mixin.py:190} INFO - [2025-02-06T18:50:32.950+0000] {dag.py:4180} INFO - Setting next_dagrun for dataset_s3_bucket_consumer to None, run_after=None
[2025-02-06T18:50:32.956+0000] {logging_mixin.py:190} INFO - [2025-02-06T18:50:32.955+0000] {dag.py:4180} INFO - Setting next_dagrun for dataset_s3_bucket_producer to None, run_after=None
[2025-02-06T18:50:33.007+0000] {processor.py:208} INFO - Processing /home/airflow/.local/lib/python3.12/site-packages/airflow/example_dags/example_dataset_alias.py took 0.868 seconds
[2025-02-06T18:51:03.533+0000] {processor.py:186} INFO - Started process (PID=3958) to work on /home/airflow/.local/lib/python3.12/site-packages/airflow/example_dags/example_dataset_alias.py
[2025-02-06T18:51:03.535+0000] {processor.py:914} INFO - Processing file /home/airflow/.local/lib/python3.12/site-packages/airflow/example_dags/example_dataset_alias.py for tasks to queue
[2025-02-06T18:51:03.539+0000] {logging_mixin.py:190} INFO - [2025-02-06T18:51:03.539+0000] {dagbag.py:588} INFO - Filling up the DagBag from /home/airflow/.local/lib/python3.12/site-packages/airflow/example_dags/example_dataset_alias.py
[2025-02-06T18:51:04.188+0000] {processor.py:925} INFO - DAG(s) 'dataset_s3_bucket_consumer', 'dataset_s3_bucket_producer', 'dataset_alias_example_alias_consumer', 'dataset_alias_example_alias_producer' retrieved from /home/airflow/.local/lib/python3.12/site-packages/airflow/example_dags/example_dataset_alias.py
[2025-02-06T18:51:04.242+0000] {logging_mixin.py:190} INFO - [2025-02-06T18:51:04.241+0000] {dag.py:3239} INFO - Sync 4 DAGs
[2025-02-06T18:51:04.300+0000] {logging_mixin.py:190} INFO - [2025-02-06T18:51:04.300+0000] {dag.py:4180} INFO - Setting next_dagrun for dataset_alias_example_alias_consumer to None, run_after=None
[2025-02-06T18:51:04.307+0000] {logging_mixin.py:190} INFO - [2025-02-06T18:51:04.306+0000] {dag.py:4180} INFO - Setting next_dagrun for dataset_alias_example_alias_producer to None, run_after=None
[2025-02-06T18:51:04.310+0000] {logging_mixin.py:190} INFO - [2025-02-06T18:51:04.310+0000] {dag.py:4180} INFO - Setting next_dagrun for dataset_s3_bucket_consumer to None, run_after=None
[2025-02-06T18:51:04.313+0000] {logging_mixin.py:190} INFO - [2025-02-06T18:51:04.312+0000] {dag.py:4180} INFO - Setting next_dagrun for dataset_s3_bucket_producer to None, run_after=None
[2025-02-06T18:51:04.363+0000] {processor.py:208} INFO - Processing /home/airflow/.local/lib/python3.12/site-packages/airflow/example_dags/example_dataset_alias.py took 0.841 seconds
[2025-02-06T18:51:34.918+0000] {processor.py:186} INFO - Started process (PID=4015) to work on /home/airflow/.local/lib/python3.12/site-packages/airflow/example_dags/example_dataset_alias.py
[2025-02-06T18:51:34.919+0000] {processor.py:914} INFO - Processing file /home/airflow/.local/lib/python3.12/site-packages/airflow/example_dags/example_dataset_alias.py for tasks to queue
[2025-02-06T18:51:34.923+0000] {logging_mixin.py:190} INFO - [2025-02-06T18:51:34.923+0000] {dagbag.py:588} INFO - Filling up the DagBag from /home/airflow/.local/lib/python3.12/site-packages/airflow/example_dags/example_dataset_alias.py
[2025-02-06T18:51:35.707+0000] {processor.py:925} INFO - DAG(s) 'dataset_s3_bucket_producer', 'dataset_alias_example_alias_consumer', 'dataset_s3_bucket_consumer', 'dataset_alias_example_alias_producer' retrieved from /home/airflow/.local/lib/python3.12/site-packages/airflow/example_dags/example_dataset_alias.py
[2025-02-06T18:51:35.760+0000] {logging_mixin.py:190} INFO - [2025-02-06T18:51:35.759+0000] {dag.py:3239} INFO - Sync 4 DAGs
[2025-02-06T18:51:35.808+0000] {logging_mixin.py:190} INFO - [2025-02-06T18:51:35.807+0000] {dag.py:4180} INFO - Setting next_dagrun for dataset_alias_example_alias_consumer to None, run_after=None
[2025-02-06T18:51:35.815+0000] {logging_mixin.py:190} INFO - [2025-02-06T18:51:35.814+0000] {dag.py:4180} INFO - Setting next_dagrun for dataset_alias_example_alias_producer to None, run_after=None
[2025-02-06T18:51:35.822+0000] {logging_mixin.py:190} INFO - [2025-02-06T18:51:35.821+0000] {dag.py:4180} INFO - Setting next_dagrun for dataset_s3_bucket_consumer to None, run_after=None
[2025-02-06T18:51:35.825+0000] {logging_mixin.py:190} INFO - [2025-02-06T18:51:35.825+0000] {dag.py:4180} INFO - Setting next_dagrun for dataset_s3_bucket_producer to None, run_after=None
[2025-02-06T18:51:35.865+0000] {processor.py:208} INFO - Processing /home/airflow/.local/lib/python3.12/site-packages/airflow/example_dags/example_dataset_alias.py took 0.956 seconds
[2025-02-06T18:52:06.292+0000] {processor.py:186} INFO - Started process (PID=4072) to work on /home/airflow/.local/lib/python3.12/site-packages/airflow/example_dags/example_dataset_alias.py
[2025-02-06T18:52:06.294+0000] {processor.py:914} INFO - Processing file /home/airflow/.local/lib/python3.12/site-packages/airflow/example_dags/example_dataset_alias.py for tasks to queue
[2025-02-06T18:52:06.298+0000] {logging_mixin.py:190} INFO - [2025-02-06T18:52:06.298+0000] {dagbag.py:588} INFO - Filling up the DagBag from /home/airflow/.local/lib/python3.12/site-packages/airflow/example_dags/example_dataset_alias.py
[2025-02-06T18:52:07.089+0000] {processor.py:925} INFO - DAG(s) 'dataset_s3_bucket_consumer', 'dataset_s3_bucket_producer', 'dataset_alias_example_alias_consumer', 'dataset_alias_example_alias_producer' retrieved from /home/airflow/.local/lib/python3.12/site-packages/airflow/example_dags/example_dataset_alias.py
[2025-02-06T18:52:07.131+0000] {logging_mixin.py:190} INFO - [2025-02-06T18:52:07.129+0000] {dag.py:3239} INFO - Sync 4 DAGs
[2025-02-06T18:52:07.179+0000] {logging_mixin.py:190} INFO - [2025-02-06T18:52:07.179+0000] {dag.py:4180} INFO - Setting next_dagrun for dataset_alias_example_alias_consumer to None, run_after=None
[2025-02-06T18:52:07.186+0000] {logging_mixin.py:190} INFO - [2025-02-06T18:52:07.185+0000] {dag.py:4180} INFO - Setting next_dagrun for dataset_alias_example_alias_producer to None, run_after=None
[2025-02-06T18:52:07.189+0000] {logging_mixin.py:190} INFO - [2025-02-06T18:52:07.189+0000] {dag.py:4180} INFO - Setting next_dagrun for dataset_s3_bucket_consumer to None, run_after=None
[2025-02-06T18:52:07.193+0000] {logging_mixin.py:190} INFO - [2025-02-06T18:52:07.192+0000] {dag.py:4180} INFO - Setting next_dagrun for dataset_s3_bucket_producer to None, run_after=None
[2025-02-06T18:52:07.242+0000] {processor.py:208} INFO - Processing /home/airflow/.local/lib/python3.12/site-packages/airflow/example_dags/example_dataset_alias.py took 0.963 seconds
[2025-02-06T18:52:37.368+0000] {processor.py:186} INFO - Started process (PID=4129) to work on /home/airflow/.local/lib/python3.12/site-packages/airflow/example_dags/example_dataset_alias.py
[2025-02-06T18:52:37.369+0000] {processor.py:914} INFO - Processing file /home/airflow/.local/lib/python3.12/site-packages/airflow/example_dags/example_dataset_alias.py for tasks to queue
[2025-02-06T18:52:37.373+0000] {logging_mixin.py:190} INFO - [2025-02-06T18:52:37.372+0000] {dagbag.py:588} INFO - Filling up the DagBag from /home/airflow/.local/lib/python3.12/site-packages/airflow/example_dags/example_dataset_alias.py
[2025-02-06T18:52:38.061+0000] {processor.py:925} INFO - DAG(s) 'dataset_alias_example_alias_producer', 'dataset_s3_bucket_producer', 'dataset_alias_example_alias_consumer', 'dataset_s3_bucket_consumer' retrieved from /home/airflow/.local/lib/python3.12/site-packages/airflow/example_dags/example_dataset_alias.py
[2025-02-06T18:52:38.101+0000] {logging_mixin.py:190} INFO - [2025-02-06T18:52:38.100+0000] {dag.py:3239} INFO - Sync 4 DAGs
[2025-02-06T18:52:38.151+0000] {logging_mixin.py:190} INFO - [2025-02-06T18:52:38.150+0000] {dag.py:4180} INFO - Setting next_dagrun for dataset_alias_example_alias_consumer to None, run_after=None
[2025-02-06T18:52:38.158+0000] {logging_mixin.py:190} INFO - [2025-02-06T18:52:38.158+0000] {dag.py:4180} INFO - Setting next_dagrun for dataset_alias_example_alias_producer to None, run_after=None
[2025-02-06T18:52:38.162+0000] {logging_mixin.py:190} INFO - [2025-02-06T18:52:38.161+0000] {dag.py:4180} INFO - Setting next_dagrun for dataset_s3_bucket_consumer to None, run_after=None
[2025-02-06T18:52:38.165+0000] {logging_mixin.py:190} INFO - [2025-02-06T18:52:38.165+0000] {dag.py:4180} INFO - Setting next_dagrun for dataset_s3_bucket_producer to None, run_after=None
[2025-02-06T18:52:38.215+0000] {processor.py:208} INFO - Processing /home/airflow/.local/lib/python3.12/site-packages/airflow/example_dags/example_dataset_alias.py took 0.855 seconds
[2025-02-06T18:53:08.447+0000] {processor.py:186} INFO - Started process (PID=4186) to work on /home/airflow/.local/lib/python3.12/site-packages/airflow/example_dags/example_dataset_alias.py
[2025-02-06T18:53:08.448+0000] {processor.py:914} INFO - Processing file /home/airflow/.local/lib/python3.12/site-packages/airflow/example_dags/example_dataset_alias.py for tasks to queue
[2025-02-06T18:53:08.452+0000] {logging_mixin.py:190} INFO - [2025-02-06T18:53:08.452+0000] {dagbag.py:588} INFO - Filling up the DagBag from /home/airflow/.local/lib/python3.12/site-packages/airflow/example_dags/example_dataset_alias.py
[2025-02-06T18:53:09.222+0000] {processor.py:925} INFO - DAG(s) 'dataset_s3_bucket_consumer', 'dataset_alias_example_alias_producer', 'dataset_s3_bucket_producer', 'dataset_alias_example_alias_consumer' retrieved from /home/airflow/.local/lib/python3.12/site-packages/airflow/example_dags/example_dataset_alias.py
[2025-02-06T18:53:09.256+0000] {logging_mixin.py:190} INFO - [2025-02-06T18:53:09.255+0000] {dag.py:3239} INFO - Sync 4 DAGs
[2025-02-06T18:53:09.295+0000] {logging_mixin.py:190} INFO - [2025-02-06T18:53:09.295+0000] {dag.py:4180} INFO - Setting next_dagrun for dataset_alias_example_alias_consumer to None, run_after=None
[2025-02-06T18:53:09.301+0000] {logging_mixin.py:190} INFO - [2025-02-06T18:53:09.301+0000] {dag.py:4180} INFO - Setting next_dagrun for dataset_alias_example_alias_producer to None, run_after=None
[2025-02-06T18:53:09.304+0000] {logging_mixin.py:190} INFO - [2025-02-06T18:53:09.303+0000] {dag.py:4180} INFO - Setting next_dagrun for dataset_s3_bucket_consumer to None, run_after=None
[2025-02-06T18:53:09.306+0000] {logging_mixin.py:190} INFO - [2025-02-06T18:53:09.305+0000] {dag.py:4180} INFO - Setting next_dagrun for dataset_s3_bucket_producer to None, run_after=None
[2025-02-06T18:53:09.346+0000] {processor.py:208} INFO - Processing /home/airflow/.local/lib/python3.12/site-packages/airflow/example_dags/example_dataset_alias.py took 0.907 seconds
[2025-02-06T18:53:39.666+0000] {processor.py:186} INFO - Started process (PID=4243) to work on /home/airflow/.local/lib/python3.12/site-packages/airflow/example_dags/example_dataset_alias.py
[2025-02-06T18:53:39.668+0000] {processor.py:914} INFO - Processing file /home/airflow/.local/lib/python3.12/site-packages/airflow/example_dags/example_dataset_alias.py for tasks to queue
[2025-02-06T18:53:39.671+0000] {logging_mixin.py:190} INFO - [2025-02-06T18:53:39.671+0000] {dagbag.py:588} INFO - Filling up the DagBag from /home/airflow/.local/lib/python3.12/site-packages/airflow/example_dags/example_dataset_alias.py
[2025-02-06T18:53:40.449+0000] {processor.py:925} INFO - DAG(s) 'dataset_s3_bucket_consumer', 'dataset_alias_example_alias_producer', 'dataset_s3_bucket_producer', 'dataset_alias_example_alias_consumer' retrieved from /home/airflow/.local/lib/python3.12/site-packages/airflow/example_dags/example_dataset_alias.py
[2025-02-06T18:53:40.489+0000] {logging_mixin.py:190} INFO - [2025-02-06T18:53:40.488+0000] {dag.py:3239} INFO - Sync 4 DAGs
[2025-02-06T18:53:40.542+0000] {logging_mixin.py:190} INFO - [2025-02-06T18:53:40.542+0000] {dag.py:4180} INFO - Setting next_dagrun for dataset_alias_example_alias_consumer to None, run_after=None
[2025-02-06T18:53:40.546+0000] {logging_mixin.py:190} INFO - [2025-02-06T18:53:40.546+0000] {dag.py:4180} INFO - Setting next_dagrun for dataset_alias_example_alias_producer to None, run_after=None
[2025-02-06T18:53:40.550+0000] {logging_mixin.py:190} INFO - [2025-02-06T18:53:40.549+0000] {dag.py:4180} INFO - Setting next_dagrun for dataset_s3_bucket_consumer to None, run_after=None
[2025-02-06T18:53:40.552+0000] {logging_mixin.py:190} INFO - [2025-02-06T18:53:40.552+0000] {dag.py:4180} INFO - Setting next_dagrun for dataset_s3_bucket_producer to None, run_after=None
[2025-02-06T18:53:40.596+0000] {processor.py:208} INFO - Processing /home/airflow/.local/lib/python3.12/site-packages/airflow/example_dags/example_dataset_alias.py took 0.937 seconds
[2025-02-06T18:54:10.989+0000] {processor.py:186} INFO - Started process (PID=4300) to work on /home/airflow/.local/lib/python3.12/site-packages/airflow/example_dags/example_dataset_alias.py
[2025-02-06T18:54:10.991+0000] {processor.py:914} INFO - Processing file /home/airflow/.local/lib/python3.12/site-packages/airflow/example_dags/example_dataset_alias.py for tasks to queue
[2025-02-06T18:54:10.994+0000] {logging_mixin.py:190} INFO - [2025-02-06T18:54:10.994+0000] {dagbag.py:588} INFO - Filling up the DagBag from /home/airflow/.local/lib/python3.12/site-packages/airflow/example_dags/example_dataset_alias.py
[2025-02-06T18:54:11.659+0000] {processor.py:925} INFO - DAG(s) 'dataset_s3_bucket_producer', 'dataset_alias_example_alias_producer', 'dataset_s3_bucket_consumer', 'dataset_alias_example_alias_consumer' retrieved from /home/airflow/.local/lib/python3.12/site-packages/airflow/example_dags/example_dataset_alias.py
[2025-02-06T18:54:11.693+0000] {logging_mixin.py:190} INFO - [2025-02-06T18:54:11.692+0000] {dag.py:3239} INFO - Sync 4 DAGs
[2025-02-06T18:54:12.108+0000] {logging_mixin.py:190} INFO - [2025-02-06T18:54:12.108+0000] {dag.py:4180} INFO - Setting next_dagrun for dataset_alias_example_alias_consumer to None, run_after=None
[2025-02-06T18:54:12.112+0000] {logging_mixin.py:190} INFO - [2025-02-06T18:54:12.112+0000] {dag.py:4180} INFO - Setting next_dagrun for dataset_alias_example_alias_producer to None, run_after=None
[2025-02-06T18:54:12.114+0000] {logging_mixin.py:190} INFO - [2025-02-06T18:54:12.114+0000] {dag.py:4180} INFO - Setting next_dagrun for dataset_s3_bucket_consumer to None, run_after=None
[2025-02-06T18:54:12.116+0000] {logging_mixin.py:190} INFO - [2025-02-06T18:54:12.116+0000] {dag.py:4180} INFO - Setting next_dagrun for dataset_s3_bucket_producer to None, run_after=None
[2025-02-06T18:54:12.160+0000] {processor.py:208} INFO - Processing /home/airflow/.local/lib/python3.12/site-packages/airflow/example_dags/example_dataset_alias.py took 1.181 seconds
[2025-02-06T18:54:42.264+0000] {processor.py:186} INFO - Started process (PID=4357) to work on /home/airflow/.local/lib/python3.12/site-packages/airflow/example_dags/example_dataset_alias.py
[2025-02-06T18:54:42.265+0000] {processor.py:914} INFO - Processing file /home/airflow/.local/lib/python3.12/site-packages/airflow/example_dags/example_dataset_alias.py for tasks to queue
[2025-02-06T18:54:42.269+0000] {logging_mixin.py:190} INFO - [2025-02-06T18:54:42.268+0000] {dagbag.py:588} INFO - Filling up the DagBag from /home/airflow/.local/lib/python3.12/site-packages/airflow/example_dags/example_dataset_alias.py
[2025-02-06T18:54:43.051+0000] {processor.py:925} INFO - DAG(s) 'dataset_s3_bucket_producer', 'dataset_s3_bucket_consumer', 'dataset_alias_example_alias_consumer', 'dataset_alias_example_alias_producer' retrieved from /home/airflow/.local/lib/python3.12/site-packages/airflow/example_dags/example_dataset_alias.py
[2025-02-06T18:54:43.104+0000] {logging_mixin.py:190} INFO - [2025-02-06T18:54:43.103+0000] {dag.py:3239} INFO - Sync 4 DAGs
[2025-02-06T18:54:43.166+0000] {logging_mixin.py:190} INFO - [2025-02-06T18:54:43.166+0000] {dag.py:4180} INFO - Setting next_dagrun for dataset_alias_example_alias_consumer to None, run_after=None
[2025-02-06T18:54:43.174+0000] {logging_mixin.py:190} INFO - [2025-02-06T18:54:43.173+0000] {dag.py:4180} INFO - Setting next_dagrun for dataset_alias_example_alias_producer to None, run_after=None
[2025-02-06T18:54:43.183+0000] {logging_mixin.py:190} INFO - [2025-02-06T18:54:43.183+0000] {dag.py:4180} INFO - Setting next_dagrun for dataset_s3_bucket_consumer to None, run_after=None
[2025-02-06T18:54:43.187+0000] {logging_mixin.py:190} INFO - [2025-02-06T18:54:43.186+0000] {dag.py:4180} INFO - Setting next_dagrun for dataset_s3_bucket_producer to None, run_after=None
[2025-02-06T18:54:43.598+0000] {processor.py:208} INFO - Processing /home/airflow/.local/lib/python3.12/site-packages/airflow/example_dags/example_dataset_alias.py took 1.343 seconds
[2025-02-06T18:55:14.416+0000] {processor.py:186} INFO - Started process (PID=4414) to work on /home/airflow/.local/lib/python3.12/site-packages/airflow/example_dags/example_dataset_alias.py
[2025-02-06T18:55:14.417+0000] {processor.py:914} INFO - Processing file /home/airflow/.local/lib/python3.12/site-packages/airflow/example_dags/example_dataset_alias.py for tasks to queue
[2025-02-06T18:55:14.421+0000] {logging_mixin.py:190} INFO - [2025-02-06T18:55:14.420+0000] {dagbag.py:588} INFO - Filling up the DagBag from /home/airflow/.local/lib/python3.12/site-packages/airflow/example_dags/example_dataset_alias.py
[2025-02-06T18:55:15.167+0000] {processor.py:925} INFO - DAG(s) 'dataset_alias_example_alias_producer', 'dataset_s3_bucket_producer', 'dataset_s3_bucket_consumer', 'dataset_alias_example_alias_consumer' retrieved from /home/airflow/.local/lib/python3.12/site-packages/airflow/example_dags/example_dataset_alias.py
[2025-02-06T18:55:15.208+0000] {logging_mixin.py:190} INFO - [2025-02-06T18:55:15.207+0000] {dag.py:3239} INFO - Sync 4 DAGs
[2025-02-06T18:55:15.252+0000] {logging_mixin.py:190} INFO - [2025-02-06T18:55:15.252+0000] {dag.py:4180} INFO - Setting next_dagrun for dataset_alias_example_alias_consumer to None, run_after=None
[2025-02-06T18:55:15.257+0000] {logging_mixin.py:190} INFO - [2025-02-06T18:55:15.256+0000] {dag.py:4180} INFO - Setting next_dagrun for dataset_alias_example_alias_producer to None, run_after=None
[2025-02-06T18:55:15.259+0000] {logging_mixin.py:190} INFO - [2025-02-06T18:55:15.259+0000] {dag.py:4180} INFO - Setting next_dagrun for dataset_s3_bucket_consumer to None, run_after=None
[2025-02-06T18:55:15.261+0000] {logging_mixin.py:190} INFO - [2025-02-06T18:55:15.261+0000] {dag.py:4180} INFO - Setting next_dagrun for dataset_s3_bucket_producer to None, run_after=None
[2025-02-06T18:55:15.300+0000] {processor.py:208} INFO - Processing /home/airflow/.local/lib/python3.12/site-packages/airflow/example_dags/example_dataset_alias.py took 0.894 seconds
[2025-02-06T18:55:45.418+0000] {processor.py:186} INFO - Started process (PID=4471) to work on /home/airflow/.local/lib/python3.12/site-packages/airflow/example_dags/example_dataset_alias.py
[2025-02-06T18:55:45.420+0000] {processor.py:914} INFO - Processing file /home/airflow/.local/lib/python3.12/site-packages/airflow/example_dags/example_dataset_alias.py for tasks to queue
[2025-02-06T18:55:45.423+0000] {logging_mixin.py:190} INFO - [2025-02-06T18:55:45.423+0000] {dagbag.py:588} INFO - Filling up the DagBag from /home/airflow/.local/lib/python3.12/site-packages/airflow/example_dags/example_dataset_alias.py
[2025-02-06T18:55:46.113+0000] {processor.py:925} INFO - DAG(s) 'dataset_s3_bucket_producer', 'dataset_s3_bucket_consumer', 'dataset_alias_example_alias_consumer', 'dataset_alias_example_alias_producer' retrieved from /home/airflow/.local/lib/python3.12/site-packages/airflow/example_dags/example_dataset_alias.py
[2025-02-06T18:55:46.148+0000] {logging_mixin.py:190} INFO - [2025-02-06T18:55:46.147+0000] {dag.py:3239} INFO - Sync 4 DAGs
[2025-02-06T18:55:46.205+0000] {logging_mixin.py:190} INFO - [2025-02-06T18:55:46.205+0000] {dag.py:4180} INFO - Setting next_dagrun for dataset_alias_example_alias_consumer to None, run_after=None
[2025-02-06T18:55:46.212+0000] {logging_mixin.py:190} INFO - [2025-02-06T18:55:46.211+0000] {dag.py:4180} INFO - Setting next_dagrun for dataset_alias_example_alias_producer to None, run_after=None
[2025-02-06T18:55:46.215+0000] {logging_mixin.py:190} INFO - [2025-02-06T18:55:46.215+0000] {dag.py:4180} INFO - Setting next_dagrun for dataset_s3_bucket_consumer to None, run_after=None
[2025-02-06T18:55:46.218+0000] {logging_mixin.py:190} INFO - [2025-02-06T18:55:46.217+0000] {dag.py:4180} INFO - Setting next_dagrun for dataset_s3_bucket_producer to None, run_after=None
[2025-02-06T18:55:46.270+0000] {processor.py:208} INFO - Processing /home/airflow/.local/lib/python3.12/site-packages/airflow/example_dags/example_dataset_alias.py took 0.861 seconds
[2025-02-06T18:56:16.355+0000] {processor.py:186} INFO - Started process (PID=4528) to work on /home/airflow/.local/lib/python3.12/site-packages/airflow/example_dags/example_dataset_alias.py
[2025-02-06T18:56:16.356+0000] {processor.py:914} INFO - Processing file /home/airflow/.local/lib/python3.12/site-packages/airflow/example_dags/example_dataset_alias.py for tasks to queue
[2025-02-06T18:56:16.360+0000] {logging_mixin.py:190} INFO - [2025-02-06T18:56:16.360+0000] {dagbag.py:588} INFO - Filling up the DagBag from /home/airflow/.local/lib/python3.12/site-packages/airflow/example_dags/example_dataset_alias.py
[2025-02-06T18:56:17.198+0000] {processor.py:925} INFO - DAG(s) 'dataset_s3_bucket_producer', 'dataset_alias_example_alias_producer', 'dataset_alias_example_alias_consumer', 'dataset_s3_bucket_consumer' retrieved from /home/airflow/.local/lib/python3.12/site-packages/airflow/example_dags/example_dataset_alias.py
[2025-02-06T18:56:17.616+0000] {logging_mixin.py:190} INFO - [2025-02-06T18:56:17.615+0000] {dag.py:3239} INFO - Sync 4 DAGs
[2025-02-06T18:56:17.675+0000] {logging_mixin.py:190} INFO - [2025-02-06T18:56:17.674+0000] {dag.py:4180} INFO - Setting next_dagrun for dataset_alias_example_alias_consumer to None, run_after=None
[2025-02-06T18:56:17.681+0000] {logging_mixin.py:190} INFO - [2025-02-06T18:56:17.680+0000] {dag.py:4180} INFO - Setting next_dagrun for dataset_alias_example_alias_producer to None, run_after=None
[2025-02-06T18:56:17.684+0000] {logging_mixin.py:190} INFO - [2025-02-06T18:56:17.684+0000] {dag.py:4180} INFO - Setting next_dagrun for dataset_s3_bucket_consumer to None, run_after=None
[2025-02-06T18:56:17.686+0000] {logging_mixin.py:190} INFO - [2025-02-06T18:56:17.686+0000] {dag.py:4180} INFO - Setting next_dagrun for dataset_s3_bucket_producer to None, run_after=None
[2025-02-06T18:56:17.726+0000] {processor.py:208} INFO - Processing /home/airflow/.local/lib/python3.12/site-packages/airflow/example_dags/example_dataset_alias.py took 1.379 seconds
[2025-02-06T18:56:48.649+0000] {processor.py:186} INFO - Started process (PID=4585) to work on /home/airflow/.local/lib/python3.12/site-packages/airflow/example_dags/example_dataset_alias.py
[2025-02-06T18:56:48.651+0000] {processor.py:914} INFO - Processing file /home/airflow/.local/lib/python3.12/site-packages/airflow/example_dags/example_dataset_alias.py for tasks to queue
[2025-02-06T18:56:48.654+0000] {logging_mixin.py:190} INFO - [2025-02-06T18:56:48.654+0000] {dagbag.py:588} INFO - Filling up the DagBag from /home/airflow/.local/lib/python3.12/site-packages/airflow/example_dags/example_dataset_alias.py
[2025-02-06T18:56:49.380+0000] {processor.py:925} INFO - DAG(s) 'dataset_alias_example_alias_consumer', 'dataset_s3_bucket_producer', 'dataset_alias_example_alias_producer', 'dataset_s3_bucket_consumer' retrieved from /home/airflow/.local/lib/python3.12/site-packages/airflow/example_dags/example_dataset_alias.py
[2025-02-06T18:56:49.451+0000] {logging_mixin.py:190} INFO - [2025-02-06T18:56:49.450+0000] {dag.py:3239} INFO - Sync 4 DAGs
[2025-02-06T18:56:49.836+0000] {logging_mixin.py:190} INFO - [2025-02-06T18:56:49.835+0000] {dag.py:4180} INFO - Setting next_dagrun for dataset_alias_example_alias_consumer to None, run_after=None
[2025-02-06T18:56:49.840+0000] {logging_mixin.py:190} INFO - [2025-02-06T18:56:49.840+0000] {dag.py:4180} INFO - Setting next_dagrun for dataset_alias_example_alias_producer to None, run_after=None
[2025-02-06T18:56:49.843+0000] {logging_mixin.py:190} INFO - [2025-02-06T18:56:49.842+0000] {dag.py:4180} INFO - Setting next_dagrun for dataset_s3_bucket_consumer to None, run_after=None
[2025-02-06T18:56:49.845+0000] {logging_mixin.py:190} INFO - [2025-02-06T18:56:49.845+0000] {dag.py:4180} INFO - Setting next_dagrun for dataset_s3_bucket_producer to None, run_after=None
[2025-02-06T18:56:49.878+0000] {processor.py:208} INFO - Processing /home/airflow/.local/lib/python3.12/site-packages/airflow/example_dags/example_dataset_alias.py took 1.238 seconds
[2025-02-06T18:57:20.469+0000] {processor.py:186} INFO - Started process (PID=4642) to work on /home/airflow/.local/lib/python3.12/site-packages/airflow/example_dags/example_dataset_alias.py
[2025-02-06T18:57:20.471+0000] {processor.py:914} INFO - Processing file /home/airflow/.local/lib/python3.12/site-packages/airflow/example_dags/example_dataset_alias.py for tasks to queue
[2025-02-06T18:57:20.475+0000] {logging_mixin.py:190} INFO - [2025-02-06T18:57:20.474+0000] {dagbag.py:588} INFO - Filling up the DagBag from /home/airflow/.local/lib/python3.12/site-packages/airflow/example_dags/example_dataset_alias.py
[2025-02-06T18:57:21.377+0000] {processor.py:925} INFO - DAG(s) 'dataset_s3_bucket_consumer', 'dataset_s3_bucket_producer', 'dataset_alias_example_alias_consumer', 'dataset_alias_example_alias_producer' retrieved from /home/airflow/.local/lib/python3.12/site-packages/airflow/example_dags/example_dataset_alias.py
[2025-02-06T18:57:21.427+0000] {logging_mixin.py:190} INFO - [2025-02-06T18:57:21.426+0000] {dag.py:3239} INFO - Sync 4 DAGs
[2025-02-06T18:57:21.995+0000] {logging_mixin.py:190} INFO - [2025-02-06T18:57:21.995+0000] {dag.py:4180} INFO - Setting next_dagrun for dataset_alias_example_alias_consumer to None, run_after=None
[2025-02-06T18:57:22.006+0000] {logging_mixin.py:190} INFO - [2025-02-06T18:57:22.006+0000] {dag.py:4180} INFO - Setting next_dagrun for dataset_alias_example_alias_producer to None, run_after=None
[2025-02-06T18:57:22.010+0000] {logging_mixin.py:190} INFO - [2025-02-06T18:57:22.010+0000] {dag.py:4180} INFO - Setting next_dagrun for dataset_s3_bucket_consumer to None, run_after=None
[2025-02-06T18:57:22.014+0000] {logging_mixin.py:190} INFO - [2025-02-06T18:57:22.013+0000] {dag.py:4180} INFO - Setting next_dagrun for dataset_s3_bucket_producer to None, run_after=None
[2025-02-06T18:57:22.087+0000] {processor.py:208} INFO - Processing /home/airflow/.local/lib/python3.12/site-packages/airflow/example_dags/example_dataset_alias.py took 1.629 seconds
[2025-02-06T18:57:52.407+0000] {processor.py:186} INFO - Started process (PID=4699) to work on /home/airflow/.local/lib/python3.12/site-packages/airflow/example_dags/example_dataset_alias.py
[2025-02-06T18:57:52.408+0000] {processor.py:914} INFO - Processing file /home/airflow/.local/lib/python3.12/site-packages/airflow/example_dags/example_dataset_alias.py for tasks to queue
[2025-02-06T18:57:52.412+0000] {logging_mixin.py:190} INFO - [2025-02-06T18:57:52.411+0000] {dagbag.py:588} INFO - Filling up the DagBag from /home/airflow/.local/lib/python3.12/site-packages/airflow/example_dags/example_dataset_alias.py
[2025-02-06T18:57:53.127+0000] {processor.py:925} INFO - DAG(s) 'dataset_s3_bucket_consumer', 'dataset_alias_example_alias_consumer', 'dataset_s3_bucket_producer', 'dataset_alias_example_alias_producer' retrieved from /home/airflow/.local/lib/python3.12/site-packages/airflow/example_dags/example_dataset_alias.py
[2025-02-06T18:57:53.168+0000] {logging_mixin.py:190} INFO - [2025-02-06T18:57:53.168+0000] {dag.py:3239} INFO - Sync 4 DAGs
[2025-02-06T18:57:53.221+0000] {logging_mixin.py:190} INFO - [2025-02-06T18:57:53.220+0000] {dag.py:4180} INFO - Setting next_dagrun for dataset_alias_example_alias_consumer to None, run_after=None
[2025-02-06T18:57:53.225+0000] {logging_mixin.py:190} INFO - [2025-02-06T18:57:53.225+0000] {dag.py:4180} INFO - Setting next_dagrun for dataset_alias_example_alias_producer to None, run_after=None
[2025-02-06T18:57:53.602+0000] {logging_mixin.py:190} INFO - [2025-02-06T18:57:53.602+0000] {dag.py:4180} INFO - Setting next_dagrun for dataset_s3_bucket_consumer to None, run_after=None
[2025-02-06T18:57:53.604+0000] {logging_mixin.py:190} INFO - [2025-02-06T18:57:53.604+0000] {dag.py:4180} INFO - Setting next_dagrun for dataset_s3_bucket_producer to None, run_after=None
[2025-02-06T18:57:53.639+0000] {processor.py:208} INFO - Processing /home/airflow/.local/lib/python3.12/site-packages/airflow/example_dags/example_dataset_alias.py took 1.243 seconds
[2025-02-06T18:58:24.637+0000] {processor.py:186} INFO - Started process (PID=4758) to work on /home/airflow/.local/lib/python3.12/site-packages/airflow/example_dags/example_dataset_alias.py
[2025-02-06T18:58:24.638+0000] {processor.py:914} INFO - Processing file /home/airflow/.local/lib/python3.12/site-packages/airflow/example_dags/example_dataset_alias.py for tasks to queue
[2025-02-06T18:58:24.642+0000] {logging_mixin.py:190} INFO - [2025-02-06T18:58:24.642+0000] {dagbag.py:588} INFO - Filling up the DagBag from /home/airflow/.local/lib/python3.12/site-packages/airflow/example_dags/example_dataset_alias.py
[2025-02-06T18:58:25.739+0000] {processor.py:925} INFO - DAG(s) 'dataset_s3_bucket_producer', 'dataset_s3_bucket_consumer', 'dataset_alias_example_alias_producer', 'dataset_alias_example_alias_consumer' retrieved from /home/airflow/.local/lib/python3.12/site-packages/airflow/example_dags/example_dataset_alias.py
[2025-02-06T18:58:25.769+0000] {logging_mixin.py:190} INFO - [2025-02-06T18:58:25.769+0000] {dag.py:3239} INFO - Sync 4 DAGs
[2025-02-06T18:58:25.805+0000] {logging_mixin.py:190} INFO - [2025-02-06T18:58:25.804+0000] {dag.py:4180} INFO - Setting next_dagrun for dataset_alias_example_alias_consumer to None, run_after=None
[2025-02-06T18:58:25.809+0000] {logging_mixin.py:190} INFO - [2025-02-06T18:58:25.809+0000] {dag.py:4180} INFO - Setting next_dagrun for dataset_alias_example_alias_producer to None, run_after=None
[2025-02-06T18:58:25.811+0000] {logging_mixin.py:190} INFO - [2025-02-06T18:58:25.811+0000] {dag.py:4180} INFO - Setting next_dagrun for dataset_s3_bucket_consumer to None, run_after=None
[2025-02-06T18:58:25.813+0000] {logging_mixin.py:190} INFO - [2025-02-06T18:58:25.813+0000] {dag.py:4180} INFO - Setting next_dagrun for dataset_s3_bucket_producer to None, run_after=None
[2025-02-06T18:58:25.850+0000] {processor.py:208} INFO - Processing /home/airflow/.local/lib/python3.12/site-packages/airflow/example_dags/example_dataset_alias.py took 1.224 seconds
[2025-02-06T18:58:56.323+0000] {processor.py:186} INFO - Started process (PID=4815) to work on /home/airflow/.local/lib/python3.12/site-packages/airflow/example_dags/example_dataset_alias.py
[2025-02-06T18:58:56.324+0000] {processor.py:914} INFO - Processing file /home/airflow/.local/lib/python3.12/site-packages/airflow/example_dags/example_dataset_alias.py for tasks to queue
[2025-02-06T18:58:56.328+0000] {logging_mixin.py:190} INFO - [2025-02-06T18:58:56.328+0000] {dagbag.py:588} INFO - Filling up the DagBag from /home/airflow/.local/lib/python3.12/site-packages/airflow/example_dags/example_dataset_alias.py
[2025-02-06T18:58:57.198+0000] {processor.py:925} INFO - DAG(s) 'dataset_s3_bucket_producer', 'dataset_alias_example_alias_consumer', 'dataset_alias_example_alias_producer', 'dataset_s3_bucket_consumer' retrieved from /home/airflow/.local/lib/python3.12/site-packages/airflow/example_dags/example_dataset_alias.py
[2025-02-06T18:58:57.538+0000] {logging_mixin.py:190} INFO - [2025-02-06T18:58:57.537+0000] {dag.py:3239} INFO - Sync 4 DAGs
[2025-02-06T18:58:57.580+0000] {logging_mixin.py:190} INFO - [2025-02-06T18:58:57.580+0000] {dag.py:4180} INFO - Setting next_dagrun for dataset_alias_example_alias_consumer to None, run_after=None
[2025-02-06T18:58:57.584+0000] {logging_mixin.py:190} INFO - [2025-02-06T18:58:57.584+0000] {dag.py:4180} INFO - Setting next_dagrun for dataset_alias_example_alias_producer to None, run_after=None
[2025-02-06T18:58:57.587+0000] {logging_mixin.py:190} INFO - [2025-02-06T18:58:57.587+0000] {dag.py:4180} INFO - Setting next_dagrun for dataset_s3_bucket_consumer to None, run_after=None
[2025-02-06T18:58:57.589+0000] {logging_mixin.py:190} INFO - [2025-02-06T18:58:57.589+0000] {dag.py:4180} INFO - Setting next_dagrun for dataset_s3_bucket_producer to None, run_after=None
[2025-02-06T18:58:57.622+0000] {processor.py:208} INFO - Processing /home/airflow/.local/lib/python3.12/site-packages/airflow/example_dags/example_dataset_alias.py took 1.310 seconds
[2025-02-06T18:59:27.742+0000] {processor.py:186} INFO - Started process (PID=4877) to work on /home/airflow/.local/lib/python3.12/site-packages/airflow/example_dags/example_dataset_alias.py
[2025-02-06T18:59:27.744+0000] {processor.py:914} INFO - Processing file /home/airflow/.local/lib/python3.12/site-packages/airflow/example_dags/example_dataset_alias.py for tasks to queue
[2025-02-06T18:59:27.747+0000] {logging_mixin.py:190} INFO - [2025-02-06T18:59:27.747+0000] {dagbag.py:588} INFO - Filling up the DagBag from /home/airflow/.local/lib/python3.12/site-packages/airflow/example_dags/example_dataset_alias.py
[2025-02-06T18:59:28.834+0000] {processor.py:925} INFO - DAG(s) 'dataset_alias_example_alias_producer', 'dataset_s3_bucket_producer', 'dataset_s3_bucket_consumer', 'dataset_alias_example_alias_consumer' retrieved from /home/airflow/.local/lib/python3.12/site-packages/airflow/example_dags/example_dataset_alias.py
[2025-02-06T18:59:28.871+0000] {logging_mixin.py:190} INFO - [2025-02-06T18:59:28.870+0000] {dag.py:3239} INFO - Sync 4 DAGs
[2025-02-06T18:59:28.919+0000] {logging_mixin.py:190} INFO - [2025-02-06T18:59:28.918+0000] {dag.py:4180} INFO - Setting next_dagrun for dataset_alias_example_alias_consumer to None, run_after=None
[2025-02-06T18:59:28.925+0000] {logging_mixin.py:190} INFO - [2025-02-06T18:59:28.925+0000] {dag.py:4180} INFO - Setting next_dagrun for dataset_alias_example_alias_producer to None, run_after=None
[2025-02-06T18:59:28.929+0000] {logging_mixin.py:190} INFO - [2025-02-06T18:59:28.929+0000] {dag.py:4180} INFO - Setting next_dagrun for dataset_s3_bucket_consumer to None, run_after=None
[2025-02-06T18:59:28.932+0000] {logging_mixin.py:190} INFO - [2025-02-06T18:59:28.932+0000] {dag.py:4180} INFO - Setting next_dagrun for dataset_s3_bucket_producer to None, run_after=None
[2025-02-06T18:59:28.972+0000] {processor.py:208} INFO - Processing /home/airflow/.local/lib/python3.12/site-packages/airflow/example_dags/example_dataset_alias.py took 1.239 seconds
[2025-02-06T18:59:59.774+0000] {processor.py:186} INFO - Started process (PID=4934) to work on /home/airflow/.local/lib/python3.12/site-packages/airflow/example_dags/example_dataset_alias.py
[2025-02-06T18:59:59.776+0000] {processor.py:914} INFO - Processing file /home/airflow/.local/lib/python3.12/site-packages/airflow/example_dags/example_dataset_alias.py for tasks to queue
[2025-02-06T18:59:59.780+0000] {logging_mixin.py:190} INFO - [2025-02-06T18:59:59.780+0000] {dagbag.py:588} INFO - Filling up the DagBag from /home/airflow/.local/lib/python3.12/site-packages/airflow/example_dags/example_dataset_alias.py
[2025-02-06T19:00:00.885+0000] {processor.py:925} INFO - DAG(s) 'dataset_s3_bucket_producer', 'dataset_s3_bucket_consumer', 'dataset_alias_example_alias_producer', 'dataset_alias_example_alias_consumer' retrieved from /home/airflow/.local/lib/python3.12/site-packages/airflow/example_dags/example_dataset_alias.py
[2025-02-06T19:00:00.932+0000] {logging_mixin.py:190} INFO - [2025-02-06T19:00:00.931+0000] {dag.py:3239} INFO - Sync 4 DAGs
[2025-02-06T19:00:00.980+0000] {logging_mixin.py:190} INFO - [2025-02-06T19:00:00.980+0000] {dag.py:4180} INFO - Setting next_dagrun for dataset_alias_example_alias_consumer to None, run_after=None
[2025-02-06T19:00:00.988+0000] {logging_mixin.py:190} INFO - [2025-02-06T19:00:00.987+0000] {dag.py:4180} INFO - Setting next_dagrun for dataset_alias_example_alias_producer to None, run_after=None
[2025-02-06T19:00:00.994+0000] {logging_mixin.py:190} INFO - [2025-02-06T19:00:00.993+0000] {dag.py:4180} INFO - Setting next_dagrun for dataset_s3_bucket_consumer to None, run_after=None
[2025-02-06T19:00:00.997+0000] {logging_mixin.py:190} INFO - [2025-02-06T19:00:00.997+0000] {dag.py:4180} INFO - Setting next_dagrun for dataset_s3_bucket_producer to None, run_after=None
[2025-02-06T19:00:01.041+0000] {processor.py:208} INFO - Processing /home/airflow/.local/lib/python3.12/site-packages/airflow/example_dags/example_dataset_alias.py took 1.277 seconds
[2025-02-06T19:00:31.604+0000] {processor.py:186} INFO - Started process (PID=4998) to work on /home/airflow/.local/lib/python3.12/site-packages/airflow/example_dags/example_dataset_alias.py
[2025-02-06T19:00:31.606+0000] {processor.py:914} INFO - Processing file /home/airflow/.local/lib/python3.12/site-packages/airflow/example_dags/example_dataset_alias.py for tasks to queue
[2025-02-06T19:00:31.611+0000] {logging_mixin.py:190} INFO - [2025-02-06T19:00:31.610+0000] {dagbag.py:588} INFO - Filling up the DagBag from /home/airflow/.local/lib/python3.12/site-packages/airflow/example_dags/example_dataset_alias.py
[2025-02-06T19:00:33.099+0000] {processor.py:925} INFO - DAG(s) 'dataset_alias_example_alias_producer', 'dataset_s3_bucket_consumer', 'dataset_alias_example_alias_consumer', 'dataset_s3_bucket_producer' retrieved from /home/airflow/.local/lib/python3.12/site-packages/airflow/example_dags/example_dataset_alias.py
[2025-02-06T19:00:33.142+0000] {logging_mixin.py:190} INFO - [2025-02-06T19:00:33.141+0000] {dag.py:3239} INFO - Sync 4 DAGs
[2025-02-06T19:00:33.183+0000] {logging_mixin.py:190} INFO - [2025-02-06T19:00:33.183+0000] {dag.py:4180} INFO - Setting next_dagrun for dataset_alias_example_alias_consumer to None, run_after=None
[2025-02-06T19:00:33.188+0000] {logging_mixin.py:190} INFO - [2025-02-06T19:00:33.188+0000] {dag.py:4180} INFO - Setting next_dagrun for dataset_alias_example_alias_producer to None, run_after=None
[2025-02-06T19:00:33.191+0000] {logging_mixin.py:190} INFO - [2025-02-06T19:00:33.191+0000] {dag.py:4180} INFO - Setting next_dagrun for dataset_s3_bucket_consumer to None, run_after=None
[2025-02-06T19:00:33.193+0000] {logging_mixin.py:190} INFO - [2025-02-06T19:00:33.193+0000] {dag.py:4180} INFO - Setting next_dagrun for dataset_s3_bucket_producer to None, run_after=None
[2025-02-06T19:00:33.231+0000] {processor.py:208} INFO - Processing /home/airflow/.local/lib/python3.12/site-packages/airflow/example_dags/example_dataset_alias.py took 1.639 seconds
[2025-02-06T19:01:04.073+0000] {processor.py:186} INFO - Started process (PID=5061) to work on /home/airflow/.local/lib/python3.12/site-packages/airflow/example_dags/example_dataset_alias.py
[2025-02-06T19:01:04.075+0000] {processor.py:914} INFO - Processing file /home/airflow/.local/lib/python3.12/site-packages/airflow/example_dags/example_dataset_alias.py for tasks to queue
[2025-02-06T19:01:04.079+0000] {logging_mixin.py:190} INFO - [2025-02-06T19:01:04.078+0000] {dagbag.py:588} INFO - Filling up the DagBag from /home/airflow/.local/lib/python3.12/site-packages/airflow/example_dags/example_dataset_alias.py
[2025-02-06T19:01:05.290+0000] {processor.py:925} INFO - DAG(s) 'dataset_alias_example_alias_producer', 'dataset_s3_bucket_consumer', 'dataset_s3_bucket_producer', 'dataset_alias_example_alias_consumer' retrieved from /home/airflow/.local/lib/python3.12/site-packages/airflow/example_dags/example_dataset_alias.py
[2025-02-06T19:01:05.332+0000] {logging_mixin.py:190} INFO - [2025-02-06T19:01:05.331+0000] {dag.py:3239} INFO - Sync 4 DAGs
[2025-02-06T19:01:05.388+0000] {logging_mixin.py:190} INFO - [2025-02-06T19:01:05.388+0000] {dag.py:4180} INFO - Setting next_dagrun for dataset_alias_example_alias_consumer to None, run_after=None
[2025-02-06T19:01:05.395+0000] {logging_mixin.py:190} INFO - [2025-02-06T19:01:05.394+0000] {dag.py:4180} INFO - Setting next_dagrun for dataset_alias_example_alias_producer to None, run_after=None
[2025-02-06T19:01:05.398+0000] {logging_mixin.py:190} INFO - [2025-02-06T19:01:05.398+0000] {dag.py:4180} INFO - Setting next_dagrun for dataset_s3_bucket_consumer to None, run_after=None
[2025-02-06T19:01:05.401+0000] {logging_mixin.py:190} INFO - [2025-02-06T19:01:05.401+0000] {dag.py:4180} INFO - Setting next_dagrun for dataset_s3_bucket_producer to None, run_after=None
[2025-02-06T19:01:05.443+0000] {processor.py:208} INFO - Processing /home/airflow/.local/lib/python3.12/site-packages/airflow/example_dags/example_dataset_alias.py took 1.383 seconds
[2025-02-06T19:01:35.816+0000] {processor.py:186} INFO - Started process (PID=5123) to work on /home/airflow/.local/lib/python3.12/site-packages/airflow/example_dags/example_dataset_alias.py
[2025-02-06T19:01:35.817+0000] {processor.py:914} INFO - Processing file /home/airflow/.local/lib/python3.12/site-packages/airflow/example_dags/example_dataset_alias.py for tasks to queue
[2025-02-06T19:01:35.821+0000] {logging_mixin.py:190} INFO - [2025-02-06T19:01:35.821+0000] {dagbag.py:588} INFO - Filling up the DagBag from /home/airflow/.local/lib/python3.12/site-packages/airflow/example_dags/example_dataset_alias.py
[2025-02-06T19:01:37.104+0000] {processor.py:925} INFO - DAG(s) 'dataset_s3_bucket_consumer', 'dataset_s3_bucket_producer', 'dataset_alias_example_alias_producer', 'dataset_alias_example_alias_consumer' retrieved from /home/airflow/.local/lib/python3.12/site-packages/airflow/example_dags/example_dataset_alias.py
[2025-02-06T19:01:37.183+0000] {logging_mixin.py:190} INFO - [2025-02-06T19:01:37.182+0000] {dag.py:3239} INFO - Sync 4 DAGs
[2025-02-06T19:01:37.266+0000] {logging_mixin.py:190} INFO - [2025-02-06T19:01:37.266+0000] {dag.py:4180} INFO - Setting next_dagrun for dataset_alias_example_alias_consumer to None, run_after=None
[2025-02-06T19:01:37.278+0000] {logging_mixin.py:190} INFO - [2025-02-06T19:01:37.277+0000] {dag.py:4180} INFO - Setting next_dagrun for dataset_alias_example_alias_producer to None, run_after=None
[2025-02-06T19:01:37.292+0000] {logging_mixin.py:190} INFO - [2025-02-06T19:01:37.291+0000] {dag.py:4180} INFO - Setting next_dagrun for dataset_s3_bucket_consumer to None, run_after=None
[2025-02-06T19:01:37.300+0000] {logging_mixin.py:190} INFO - [2025-02-06T19:01:37.299+0000] {dag.py:4180} INFO - Setting next_dagrun for dataset_s3_bucket_producer to None, run_after=None
[2025-02-06T19:01:37.413+0000] {processor.py:208} INFO - Processing /home/airflow/.local/lib/python3.12/site-packages/airflow/example_dags/example_dataset_alias.py took 1.611 seconds
[2025-02-06T19:02:07.596+0000] {processor.py:186} INFO - Started process (PID=5180) to work on /home/airflow/.local/lib/python3.12/site-packages/airflow/example_dags/example_dataset_alias.py
[2025-02-06T19:02:07.598+0000] {processor.py:914} INFO - Processing file /home/airflow/.local/lib/python3.12/site-packages/airflow/example_dags/example_dataset_alias.py for tasks to queue
[2025-02-06T19:02:07.602+0000] {logging_mixin.py:190} INFO - [2025-02-06T19:02:07.601+0000] {dagbag.py:588} INFO - Filling up the DagBag from /home/airflow/.local/lib/python3.12/site-packages/airflow/example_dags/example_dataset_alias.py
[2025-02-06T19:02:09.047+0000] {processor.py:925} INFO - DAG(s) 'dataset_alias_example_alias_producer', 'dataset_s3_bucket_consumer', 'dataset_s3_bucket_producer', 'dataset_alias_example_alias_consumer' retrieved from /home/airflow/.local/lib/python3.12/site-packages/airflow/example_dags/example_dataset_alias.py
[2025-02-06T19:02:09.100+0000] {logging_mixin.py:190} INFO - [2025-02-06T19:02:09.099+0000] {dag.py:3239} INFO - Sync 4 DAGs
[2025-02-06T19:02:09.147+0000] {logging_mixin.py:190} INFO - [2025-02-06T19:02:09.146+0000] {dag.py:4180} INFO - Setting next_dagrun for dataset_alias_example_alias_consumer to None, run_after=None
[2025-02-06T19:02:09.151+0000] {logging_mixin.py:190} INFO - [2025-02-06T19:02:09.151+0000] {dag.py:4180} INFO - Setting next_dagrun for dataset_alias_example_alias_producer to None, run_after=None
[2025-02-06T19:02:09.155+0000] {logging_mixin.py:190} INFO - [2025-02-06T19:02:09.155+0000] {dag.py:4180} INFO - Setting next_dagrun for dataset_s3_bucket_consumer to None, run_after=None
[2025-02-06T19:02:09.159+0000] {logging_mixin.py:190} INFO - [2025-02-06T19:02:09.158+0000] {dag.py:4180} INFO - Setting next_dagrun for dataset_s3_bucket_producer to None, run_after=None
[2025-02-06T19:02:09.198+0000] {processor.py:208} INFO - Processing /home/airflow/.local/lib/python3.12/site-packages/airflow/example_dags/example_dataset_alias.py took 1.613 seconds
[2025-02-06T19:02:39.460+0000] {processor.py:186} INFO - Started process (PID=5243) to work on /home/airflow/.local/lib/python3.12/site-packages/airflow/example_dags/example_dataset_alias.py
[2025-02-06T19:02:39.462+0000] {processor.py:914} INFO - Processing file /home/airflow/.local/lib/python3.12/site-packages/airflow/example_dags/example_dataset_alias.py for tasks to queue
[2025-02-06T19:02:39.466+0000] {logging_mixin.py:190} INFO - [2025-02-06T19:02:39.465+0000] {dagbag.py:588} INFO - Filling up the DagBag from /home/airflow/.local/lib/python3.12/site-packages/airflow/example_dags/example_dataset_alias.py
[2025-02-06T19:02:40.620+0000] {processor.py:925} INFO - DAG(s) 'dataset_alias_example_alias_consumer', 'dataset_alias_example_alias_producer', 'dataset_s3_bucket_producer', 'dataset_s3_bucket_consumer' retrieved from /home/airflow/.local/lib/python3.12/site-packages/airflow/example_dags/example_dataset_alias.py
[2025-02-06T19:02:40.659+0000] {logging_mixin.py:190} INFO - [2025-02-06T19:02:40.657+0000] {dag.py:3239} INFO - Sync 4 DAGs
[2025-02-06T19:02:40.715+0000] {logging_mixin.py:190} INFO - [2025-02-06T19:02:40.715+0000] {dag.py:4180} INFO - Setting next_dagrun for dataset_alias_example_alias_consumer to None, run_after=None
[2025-02-06T19:02:40.720+0000] {logging_mixin.py:190} INFO - [2025-02-06T19:02:40.720+0000] {dag.py:4180} INFO - Setting next_dagrun for dataset_alias_example_alias_producer to None, run_after=None
[2025-02-06T19:02:40.724+0000] {logging_mixin.py:190} INFO - [2025-02-06T19:02:40.724+0000] {dag.py:4180} INFO - Setting next_dagrun for dataset_s3_bucket_consumer to None, run_after=None
[2025-02-06T19:02:40.728+0000] {logging_mixin.py:190} INFO - [2025-02-06T19:02:40.728+0000] {dag.py:4180} INFO - Setting next_dagrun for dataset_s3_bucket_producer to None, run_after=None
[2025-02-06T19:02:40.770+0000] {processor.py:208} INFO - Processing /home/airflow/.local/lib/python3.12/site-packages/airflow/example_dags/example_dataset_alias.py took 1.321 seconds
[2025-02-06T19:03:11.319+0000] {processor.py:186} INFO - Started process (PID=5300) to work on /home/airflow/.local/lib/python3.12/site-packages/airflow/example_dags/example_dataset_alias.py
[2025-02-06T19:03:11.328+0000] {processor.py:914} INFO - Processing file /home/airflow/.local/lib/python3.12/site-packages/airflow/example_dags/example_dataset_alias.py for tasks to queue
[2025-02-06T19:03:11.334+0000] {logging_mixin.py:190} INFO - [2025-02-06T19:03:11.333+0000] {dagbag.py:588} INFO - Filling up the DagBag from /home/airflow/.local/lib/python3.12/site-packages/airflow/example_dags/example_dataset_alias.py
[2025-02-06T19:03:12.802+0000] {processor.py:925} INFO - DAG(s) 'dataset_alias_example_alias_consumer', 'dataset_s3_bucket_consumer', 'dataset_s3_bucket_producer', 'dataset_alias_example_alias_producer' retrieved from /home/airflow/.local/lib/python3.12/site-packages/airflow/example_dags/example_dataset_alias.py
[2025-02-06T19:03:12.846+0000] {logging_mixin.py:190} INFO - [2025-02-06T19:03:12.845+0000] {dag.py:3239} INFO - Sync 4 DAGs
[2025-02-06T19:03:12.886+0000] {logging_mixin.py:190} INFO - [2025-02-06T19:03:12.886+0000] {dag.py:4180} INFO - Setting next_dagrun for dataset_alias_example_alias_consumer to None, run_after=None
[2025-02-06T19:03:12.894+0000] {logging_mixin.py:190} INFO - [2025-02-06T19:03:12.894+0000] {dag.py:4180} INFO - Setting next_dagrun for dataset_alias_example_alias_producer to None, run_after=None
[2025-02-06T19:03:12.899+0000] {logging_mixin.py:190} INFO - [2025-02-06T19:03:12.898+0000] {dag.py:4180} INFO - Setting next_dagrun for dataset_s3_bucket_consumer to None, run_after=None
[2025-02-06T19:03:12.902+0000] {logging_mixin.py:190} INFO - [2025-02-06T19:03:12.901+0000] {dag.py:4180} INFO - Setting next_dagrun for dataset_s3_bucket_producer to None, run_after=None
[2025-02-06T19:03:12.947+0000] {processor.py:208} INFO - Processing /home/airflow/.local/lib/python3.12/site-packages/airflow/example_dags/example_dataset_alias.py took 1.653 seconds
[2025-02-06T19:03:43.188+0000] {processor.py:186} INFO - Started process (PID=5362) to work on /home/airflow/.local/lib/python3.12/site-packages/airflow/example_dags/example_dataset_alias.py
[2025-02-06T19:03:43.189+0000] {processor.py:914} INFO - Processing file /home/airflow/.local/lib/python3.12/site-packages/airflow/example_dags/example_dataset_alias.py for tasks to queue
[2025-02-06T19:03:43.194+0000] {logging_mixin.py:190} INFO - [2025-02-06T19:03:43.193+0000] {dagbag.py:588} INFO - Filling up the DagBag from /home/airflow/.local/lib/python3.12/site-packages/airflow/example_dags/example_dataset_alias.py
[2025-02-06T19:03:44.304+0000] {processor.py:925} INFO - DAG(s) 'dataset_alias_example_alias_consumer', 'dataset_alias_example_alias_producer', 'dataset_s3_bucket_producer', 'dataset_s3_bucket_consumer' retrieved from /home/airflow/.local/lib/python3.12/site-packages/airflow/example_dags/example_dataset_alias.py
[2025-02-06T19:03:44.345+0000] {logging_mixin.py:190} INFO - [2025-02-06T19:03:44.344+0000] {dag.py:3239} INFO - Sync 4 DAGs
[2025-02-06T19:03:44.386+0000] {logging_mixin.py:190} INFO - [2025-02-06T19:03:44.385+0000] {dag.py:4180} INFO - Setting next_dagrun for dataset_alias_example_alias_consumer to None, run_after=None
[2025-02-06T19:03:44.391+0000] {logging_mixin.py:190} INFO - [2025-02-06T19:03:44.390+0000] {dag.py:4180} INFO - Setting next_dagrun for dataset_alias_example_alias_producer to None, run_after=None
[2025-02-06T19:03:44.394+0000] {logging_mixin.py:190} INFO - [2025-02-06T19:03:44.394+0000] {dag.py:4180} INFO - Setting next_dagrun for dataset_s3_bucket_consumer to None, run_after=None
[2025-02-06T19:03:44.397+0000] {logging_mixin.py:190} INFO - [2025-02-06T19:03:44.396+0000] {dag.py:4180} INFO - Setting next_dagrun for dataset_s3_bucket_producer to None, run_after=None
[2025-02-06T19:03:44.443+0000] {processor.py:208} INFO - Processing /home/airflow/.local/lib/python3.12/site-packages/airflow/example_dags/example_dataset_alias.py took 1.266 seconds
[2025-02-06T19:04:14.715+0000] {processor.py:186} INFO - Started process (PID=5425) to work on /home/airflow/.local/lib/python3.12/site-packages/airflow/example_dags/example_dataset_alias.py
[2025-02-06T19:04:14.717+0000] {processor.py:914} INFO - Processing file /home/airflow/.local/lib/python3.12/site-packages/airflow/example_dags/example_dataset_alias.py for tasks to queue
[2025-02-06T19:04:14.722+0000] {logging_mixin.py:190} INFO - [2025-02-06T19:04:14.721+0000] {dagbag.py:588} INFO - Filling up the DagBag from /home/airflow/.local/lib/python3.12/site-packages/airflow/example_dags/example_dataset_alias.py
[2025-02-06T19:04:15.692+0000] {processor.py:925} INFO - DAG(s) 'dataset_s3_bucket_consumer', 'dataset_alias_example_alias_producer', 'dataset_alias_example_alias_consumer', 'dataset_s3_bucket_producer' retrieved from /home/airflow/.local/lib/python3.12/site-packages/airflow/example_dags/example_dataset_alias.py
[2025-02-06T19:04:15.741+0000] {logging_mixin.py:190} INFO - [2025-02-06T19:04:15.740+0000] {dag.py:3239} INFO - Sync 4 DAGs
[2025-02-06T19:04:15.791+0000] {logging_mixin.py:190} INFO - [2025-02-06T19:04:15.790+0000] {dag.py:4180} INFO - Setting next_dagrun for dataset_alias_example_alias_consumer to None, run_after=None
[2025-02-06T19:04:15.796+0000] {logging_mixin.py:190} INFO - [2025-02-06T19:04:15.796+0000] {dag.py:4180} INFO - Setting next_dagrun for dataset_alias_example_alias_producer to None, run_after=None
[2025-02-06T19:04:15.801+0000] {logging_mixin.py:190} INFO - [2025-02-06T19:04:15.801+0000] {dag.py:4180} INFO - Setting next_dagrun for dataset_s3_bucket_consumer to None, run_after=None
[2025-02-06T19:04:15.804+0000] {logging_mixin.py:190} INFO - [2025-02-06T19:04:15.803+0000] {dag.py:4180} INFO - Setting next_dagrun for dataset_s3_bucket_producer to None, run_after=None
[2025-02-06T19:04:15.840+0000] {processor.py:208} INFO - Processing /home/airflow/.local/lib/python3.12/site-packages/airflow/example_dags/example_dataset_alias.py took 1.138 seconds
[2025-02-06T19:04:45.958+0000] {processor.py:186} INFO - Started process (PID=5482) to work on /home/airflow/.local/lib/python3.12/site-packages/airflow/example_dags/example_dataset_alias.py
[2025-02-06T19:04:45.960+0000] {processor.py:914} INFO - Processing file /home/airflow/.local/lib/python3.12/site-packages/airflow/example_dags/example_dataset_alias.py for tasks to queue
[2025-02-06T19:04:45.964+0000] {logging_mixin.py:190} INFO - [2025-02-06T19:04:45.963+0000] {dagbag.py:588} INFO - Filling up the DagBag from /home/airflow/.local/lib/python3.12/site-packages/airflow/example_dags/example_dataset_alias.py
[2025-02-06T19:04:46.986+0000] {processor.py:925} INFO - DAG(s) 'dataset_s3_bucket_consumer', 'dataset_s3_bucket_producer', 'dataset_alias_example_alias_consumer', 'dataset_alias_example_alias_producer' retrieved from /home/airflow/.local/lib/python3.12/site-packages/airflow/example_dags/example_dataset_alias.py
[2025-02-06T19:04:47.022+0000] {logging_mixin.py:190} INFO - [2025-02-06T19:04:47.021+0000] {dag.py:3239} INFO - Sync 4 DAGs
[2025-02-06T19:04:47.058+0000] {logging_mixin.py:190} INFO - [2025-02-06T19:04:47.058+0000] {dag.py:4180} INFO - Setting next_dagrun for dataset_alias_example_alias_consumer to None, run_after=None
[2025-02-06T19:04:47.065+0000] {logging_mixin.py:190} INFO - [2025-02-06T19:04:47.064+0000] {dag.py:4180} INFO - Setting next_dagrun for dataset_alias_example_alias_producer to None, run_after=None
[2025-02-06T19:04:47.069+0000] {logging_mixin.py:190} INFO - [2025-02-06T19:04:47.068+0000] {dag.py:4180} INFO - Setting next_dagrun for dataset_s3_bucket_consumer to None, run_after=None
[2025-02-06T19:04:47.074+0000] {logging_mixin.py:190} INFO - [2025-02-06T19:04:47.073+0000] {dag.py:4180} INFO - Setting next_dagrun for dataset_s3_bucket_producer to None, run_after=None
[2025-02-06T19:04:47.146+0000] {processor.py:208} INFO - Processing /home/airflow/.local/lib/python3.12/site-packages/airflow/example_dags/example_dataset_alias.py took 1.199 seconds
[2025-02-06T19:05:17.248+0000] {processor.py:186} INFO - Started process (PID=5546) to work on /home/airflow/.local/lib/python3.12/site-packages/airflow/example_dags/example_dataset_alias.py
[2025-02-06T19:05:17.250+0000] {processor.py:914} INFO - Processing file /home/airflow/.local/lib/python3.12/site-packages/airflow/example_dags/example_dataset_alias.py for tasks to queue
[2025-02-06T19:05:17.256+0000] {logging_mixin.py:190} INFO - [2025-02-06T19:05:17.255+0000] {dagbag.py:588} INFO - Filling up the DagBag from /home/airflow/.local/lib/python3.12/site-packages/airflow/example_dags/example_dataset_alias.py
[2025-02-06T19:05:18.171+0000] {processor.py:925} INFO - DAG(s) 'dataset_alias_example_alias_producer', 'dataset_s3_bucket_consumer', 'dataset_alias_example_alias_consumer', 'dataset_s3_bucket_producer' retrieved from /home/airflow/.local/lib/python3.12/site-packages/airflow/example_dags/example_dataset_alias.py
[2025-02-06T19:05:18.204+0000] {logging_mixin.py:190} INFO - [2025-02-06T19:05:18.203+0000] {dag.py:3239} INFO - Sync 4 DAGs
[2025-02-06T19:05:18.241+0000] {logging_mixin.py:190} INFO - [2025-02-06T19:05:18.240+0000] {dag.py:4180} INFO - Setting next_dagrun for dataset_alias_example_alias_consumer to None, run_after=None
[2025-02-06T19:05:18.246+0000] {logging_mixin.py:190} INFO - [2025-02-06T19:05:18.245+0000] {dag.py:4180} INFO - Setting next_dagrun for dataset_alias_example_alias_producer to None, run_after=None
[2025-02-06T19:05:18.248+0000] {logging_mixin.py:190} INFO - [2025-02-06T19:05:18.248+0000] {dag.py:4180} INFO - Setting next_dagrun for dataset_s3_bucket_consumer to None, run_after=None
[2025-02-06T19:05:18.251+0000] {logging_mixin.py:190} INFO - [2025-02-06T19:05:18.251+0000] {dag.py:4180} INFO - Setting next_dagrun for dataset_s3_bucket_producer to None, run_after=None
[2025-02-06T19:05:18.290+0000] {processor.py:208} INFO - Processing /home/airflow/.local/lib/python3.12/site-packages/airflow/example_dags/example_dataset_alias.py took 1.058 seconds
[2025-02-06T19:05:48.643+0000] {processor.py:186} INFO - Started process (PID=5603) to work on /home/airflow/.local/lib/python3.12/site-packages/airflow/example_dags/example_dataset_alias.py
[2025-02-06T19:05:48.645+0000] {processor.py:914} INFO - Processing file /home/airflow/.local/lib/python3.12/site-packages/airflow/example_dags/example_dataset_alias.py for tasks to queue
[2025-02-06T19:05:48.649+0000] {logging_mixin.py:190} INFO - [2025-02-06T19:05:48.648+0000] {dagbag.py:588} INFO - Filling up the DagBag from /home/airflow/.local/lib/python3.12/site-packages/airflow/example_dags/example_dataset_alias.py
[2025-02-06T19:05:49.750+0000] {processor.py:925} INFO - DAG(s) 'dataset_alias_example_alias_producer', 'dataset_s3_bucket_consumer', 'dataset_alias_example_alias_consumer', 'dataset_s3_bucket_producer' retrieved from /home/airflow/.local/lib/python3.12/site-packages/airflow/example_dags/example_dataset_alias.py
[2025-02-06T19:05:49.785+0000] {logging_mixin.py:190} INFO - [2025-02-06T19:05:49.784+0000] {dag.py:3239} INFO - Sync 4 DAGs
[2025-02-06T19:05:49.818+0000] {logging_mixin.py:190} INFO - [2025-02-06T19:05:49.818+0000] {dag.py:4180} INFO - Setting next_dagrun for dataset_alias_example_alias_consumer to None, run_after=None
[2025-02-06T19:05:49.822+0000] {logging_mixin.py:190} INFO - [2025-02-06T19:05:49.821+0000] {dag.py:4180} INFO - Setting next_dagrun for dataset_alias_example_alias_producer to None, run_after=None
[2025-02-06T19:05:49.824+0000] {logging_mixin.py:190} INFO - [2025-02-06T19:05:49.823+0000] {dag.py:4180} INFO - Setting next_dagrun for dataset_s3_bucket_consumer to None, run_after=None
[2025-02-06T19:05:49.826+0000] {logging_mixin.py:190} INFO - [2025-02-06T19:05:49.825+0000] {dag.py:4180} INFO - Setting next_dagrun for dataset_s3_bucket_producer to None, run_after=None
[2025-02-06T19:05:49.860+0000] {processor.py:208} INFO - Processing /home/airflow/.local/lib/python3.12/site-packages/airflow/example_dags/example_dataset_alias.py took 1.226 seconds
[2025-02-06T19:06:20.330+0000] {processor.py:186} INFO - Started process (PID=5663) to work on /home/airflow/.local/lib/python3.12/site-packages/airflow/example_dags/example_dataset_alias.py
[2025-02-06T19:06:20.331+0000] {processor.py:914} INFO - Processing file /home/airflow/.local/lib/python3.12/site-packages/airflow/example_dags/example_dataset_alias.py for tasks to queue
[2025-02-06T19:06:20.334+0000] {logging_mixin.py:190} INFO - [2025-02-06T19:06:20.334+0000] {dagbag.py:588} INFO - Filling up the DagBag from /home/airflow/.local/lib/python3.12/site-packages/airflow/example_dags/example_dataset_alias.py
[2025-02-06T19:06:21.122+0000] {processor.py:925} INFO - DAG(s) 'dataset_alias_example_alias_producer', 'dataset_s3_bucket_producer', 'dataset_s3_bucket_consumer', 'dataset_alias_example_alias_consumer' retrieved from /home/airflow/.local/lib/python3.12/site-packages/airflow/example_dags/example_dataset_alias.py
[2025-02-06T19:06:21.155+0000] {logging_mixin.py:190} INFO - [2025-02-06T19:06:21.154+0000] {dag.py:3239} INFO - Sync 4 DAGs
[2025-02-06T19:06:21.202+0000] {logging_mixin.py:190} INFO - [2025-02-06T19:06:21.201+0000] {dag.py:4180} INFO - Setting next_dagrun for dataset_alias_example_alias_consumer to None, run_after=None
[2025-02-06T19:06:21.210+0000] {logging_mixin.py:190} INFO - [2025-02-06T19:06:21.209+0000] {dag.py:4180} INFO - Setting next_dagrun for dataset_alias_example_alias_producer to None, run_after=None
[2025-02-06T19:06:21.213+0000] {logging_mixin.py:190} INFO - [2025-02-06T19:06:21.212+0000] {dag.py:4180} INFO - Setting next_dagrun for dataset_s3_bucket_consumer to None, run_after=None
[2025-02-06T19:06:21.216+0000] {logging_mixin.py:190} INFO - [2025-02-06T19:06:21.216+0000] {dag.py:4180} INFO - Setting next_dagrun for dataset_s3_bucket_producer to None, run_after=None
[2025-02-06T19:06:21.252+0000] {processor.py:208} INFO - Processing /home/airflow/.local/lib/python3.12/site-packages/airflow/example_dags/example_dataset_alias.py took 0.930 seconds
[2025-02-06T19:06:51.752+0000] {processor.py:186} INFO - Started process (PID=5720) to work on /home/airflow/.local/lib/python3.12/site-packages/airflow/example_dags/example_dataset_alias.py
[2025-02-06T19:06:51.754+0000] {processor.py:914} INFO - Processing file /home/airflow/.local/lib/python3.12/site-packages/airflow/example_dags/example_dataset_alias.py for tasks to queue
[2025-02-06T19:06:51.758+0000] {logging_mixin.py:190} INFO - [2025-02-06T19:06:51.757+0000] {dagbag.py:588} INFO - Filling up the DagBag from /home/airflow/.local/lib/python3.12/site-packages/airflow/example_dags/example_dataset_alias.py
[2025-02-06T19:06:52.677+0000] {processor.py:925} INFO - DAG(s) 'dataset_s3_bucket_consumer', 'dataset_alias_example_alias_producer', 'dataset_s3_bucket_producer', 'dataset_alias_example_alias_consumer' retrieved from /home/airflow/.local/lib/python3.12/site-packages/airflow/example_dags/example_dataset_alias.py
[2025-02-06T19:06:52.708+0000] {logging_mixin.py:190} INFO - [2025-02-06T19:06:52.707+0000] {dag.py:3239} INFO - Sync 4 DAGs
[2025-02-06T19:06:52.744+0000] {logging_mixin.py:190} INFO - [2025-02-06T19:06:52.744+0000] {dag.py:4180} INFO - Setting next_dagrun for dataset_alias_example_alias_consumer to None, run_after=None
[2025-02-06T19:06:52.748+0000] {logging_mixin.py:190} INFO - [2025-02-06T19:06:52.748+0000] {dag.py:4180} INFO - Setting next_dagrun for dataset_alias_example_alias_producer to None, run_after=None
[2025-02-06T19:06:52.750+0000] {logging_mixin.py:190} INFO - [2025-02-06T19:06:52.750+0000] {dag.py:4180} INFO - Setting next_dagrun for dataset_s3_bucket_consumer to None, run_after=None
[2025-02-06T19:06:52.752+0000] {logging_mixin.py:190} INFO - [2025-02-06T19:06:52.751+0000] {dag.py:4180} INFO - Setting next_dagrun for dataset_s3_bucket_producer to None, run_after=None
[2025-02-06T19:06:52.793+0000] {processor.py:208} INFO - Processing /home/airflow/.local/lib/python3.12/site-packages/airflow/example_dags/example_dataset_alias.py took 1.049 seconds
[2025-02-06T19:07:23.286+0000] {processor.py:186} INFO - Started process (PID=5777) to work on /home/airflow/.local/lib/python3.12/site-packages/airflow/example_dags/example_dataset_alias.py
[2025-02-06T19:07:23.288+0000] {processor.py:914} INFO - Processing file /home/airflow/.local/lib/python3.12/site-packages/airflow/example_dags/example_dataset_alias.py for tasks to queue
[2025-02-06T19:07:23.294+0000] {logging_mixin.py:190} INFO - [2025-02-06T19:07:23.293+0000] {dagbag.py:588} INFO - Filling up the DagBag from /home/airflow/.local/lib/python3.12/site-packages/airflow/example_dags/example_dataset_alias.py
[2025-02-06T19:07:24.118+0000] {processor.py:925} INFO - DAG(s) 'dataset_s3_bucket_consumer', 'dataset_alias_example_alias_producer', 'dataset_alias_example_alias_consumer', 'dataset_s3_bucket_producer' retrieved from /home/airflow/.local/lib/python3.12/site-packages/airflow/example_dags/example_dataset_alias.py
[2025-02-06T19:07:24.153+0000] {logging_mixin.py:190} INFO - [2025-02-06T19:07:24.153+0000] {dag.py:3239} INFO - Sync 4 DAGs
[2025-02-06T19:07:24.194+0000] {logging_mixin.py:190} INFO - [2025-02-06T19:07:24.194+0000] {dag.py:4180} INFO - Setting next_dagrun for dataset_alias_example_alias_consumer to None, run_after=None
[2025-02-06T19:07:24.199+0000] {logging_mixin.py:190} INFO - [2025-02-06T19:07:24.198+0000] {dag.py:4180} INFO - Setting next_dagrun for dataset_alias_example_alias_producer to None, run_after=None
[2025-02-06T19:07:24.201+0000] {logging_mixin.py:190} INFO - [2025-02-06T19:07:24.201+0000] {dag.py:4180} INFO - Setting next_dagrun for dataset_s3_bucket_consumer to None, run_after=None
[2025-02-06T19:07:24.203+0000] {logging_mixin.py:190} INFO - [2025-02-06T19:07:24.203+0000] {dag.py:4180} INFO - Setting next_dagrun for dataset_s3_bucket_producer to None, run_after=None
[2025-02-06T19:07:24.235+0000] {processor.py:208} INFO - Processing /home/airflow/.local/lib/python3.12/site-packages/airflow/example_dags/example_dataset_alias.py took 0.958 seconds
[2025-02-06T19:07:54.651+0000] {processor.py:186} INFO - Started process (PID=5834) to work on /home/airflow/.local/lib/python3.12/site-packages/airflow/example_dags/example_dataset_alias.py
[2025-02-06T19:07:54.653+0000] {processor.py:914} INFO - Processing file /home/airflow/.local/lib/python3.12/site-packages/airflow/example_dags/example_dataset_alias.py for tasks to queue
[2025-02-06T19:07:54.661+0000] {logging_mixin.py:190} INFO - [2025-02-06T19:07:54.660+0000] {dagbag.py:588} INFO - Filling up the DagBag from /home/airflow/.local/lib/python3.12/site-packages/airflow/example_dags/example_dataset_alias.py
[2025-02-06T19:07:55.704+0000] {processor.py:925} INFO - DAG(s) 'dataset_alias_example_alias_consumer', 'dataset_alias_example_alias_producer', 'dataset_s3_bucket_consumer', 'dataset_s3_bucket_producer' retrieved from /home/airflow/.local/lib/python3.12/site-packages/airflow/example_dags/example_dataset_alias.py
[2025-02-06T19:07:55.738+0000] {logging_mixin.py:190} INFO - [2025-02-06T19:07:55.737+0000] {dag.py:3239} INFO - Sync 4 DAGs
[2025-02-06T19:07:55.774+0000] {logging_mixin.py:190} INFO - [2025-02-06T19:07:55.773+0000] {dag.py:4180} INFO - Setting next_dagrun for dataset_alias_example_alias_consumer to None, run_after=None
[2025-02-06T19:07:55.778+0000] {logging_mixin.py:190} INFO - [2025-02-06T19:07:55.778+0000] {dag.py:4180} INFO - Setting next_dagrun for dataset_alias_example_alias_producer to None, run_after=None
[2025-02-06T19:07:55.780+0000] {logging_mixin.py:190} INFO - [2025-02-06T19:07:55.780+0000] {dag.py:4180} INFO - Setting next_dagrun for dataset_s3_bucket_consumer to None, run_after=None
[2025-02-06T19:07:55.783+0000] {logging_mixin.py:190} INFO - [2025-02-06T19:07:55.783+0000] {dag.py:4180} INFO - Setting next_dagrun for dataset_s3_bucket_producer to None, run_after=None
[2025-02-06T19:07:55.817+0000] {processor.py:208} INFO - Processing /home/airflow/.local/lib/python3.12/site-packages/airflow/example_dags/example_dataset_alias.py took 1.178 seconds
[2025-02-06T19:08:26.436+0000] {processor.py:186} INFO - Started process (PID=5891) to work on /home/airflow/.local/lib/python3.12/site-packages/airflow/example_dags/example_dataset_alias.py
[2025-02-06T19:08:26.439+0000] {processor.py:914} INFO - Processing file /home/airflow/.local/lib/python3.12/site-packages/airflow/example_dags/example_dataset_alias.py for tasks to queue
[2025-02-06T19:08:26.451+0000] {logging_mixin.py:190} INFO - [2025-02-06T19:08:26.448+0000] {dagbag.py:588} INFO - Filling up the DagBag from /home/airflow/.local/lib/python3.12/site-packages/airflow/example_dags/example_dataset_alias.py
[2025-02-06T19:08:27.697+0000] {processor.py:925} INFO - DAG(s) 'dataset_s3_bucket_consumer', 'dataset_alias_example_alias_consumer', 'dataset_s3_bucket_producer', 'dataset_alias_example_alias_producer' retrieved from /home/airflow/.local/lib/python3.12/site-packages/airflow/example_dags/example_dataset_alias.py
[2025-02-06T19:08:27.739+0000] {logging_mixin.py:190} INFO - [2025-02-06T19:08:27.738+0000] {dag.py:3239} INFO - Sync 4 DAGs
[2025-02-06T19:08:27.799+0000] {logging_mixin.py:190} INFO - [2025-02-06T19:08:27.798+0000] {dag.py:4180} INFO - Setting next_dagrun for dataset_alias_example_alias_consumer to None, run_after=None
[2025-02-06T19:08:27.806+0000] {logging_mixin.py:190} INFO - [2025-02-06T19:08:27.805+0000] {dag.py:4180} INFO - Setting next_dagrun for dataset_alias_example_alias_producer to None, run_after=None
[2025-02-06T19:08:27.810+0000] {logging_mixin.py:190} INFO - [2025-02-06T19:08:27.809+0000] {dag.py:4180} INFO - Setting next_dagrun for dataset_s3_bucket_consumer to None, run_after=None
[2025-02-06T19:08:27.813+0000] {logging_mixin.py:190} INFO - [2025-02-06T19:08:27.812+0000] {dag.py:4180} INFO - Setting next_dagrun for dataset_s3_bucket_producer to None, run_after=None
[2025-02-06T19:08:27.861+0000] {processor.py:208} INFO - Processing /home/airflow/.local/lib/python3.12/site-packages/airflow/example_dags/example_dataset_alias.py took 1.441 seconds
