[2025-02-06T16:36:23.115+0000] {processor.py:186} INFO - Started process (PID=43) to work on /home/airflow/.local/lib/python3.12/site-packages/airflow/example_dags/example_dag_decorator.py
[2025-02-06T16:36:23.117+0000] {processor.py:914} INFO - Processing file /home/airflow/.local/lib/python3.12/site-packages/airflow/example_dags/example_dag_decorator.py for tasks to queue
[2025-02-06T16:36:23.122+0000] {logging_mixin.py:190} INFO - [2025-02-06T16:36:23.121+0000] {dagbag.py:588} INFO - Filling up the DagBag from /home/airflow/.local/lib/python3.12/site-packages/airflow/example_dags/example_dag_decorator.py
[2025-02-06T16:36:23.146+0000] {processor.py:925} INFO - DAG(s) 'example_dag_decorator' retrieved from /home/airflow/.local/lib/python3.12/site-packages/airflow/example_dags/example_dag_decorator.py
[2025-02-06T16:36:23.446+0000] {logging_mixin.py:190} INFO - [2025-02-06T16:36:23.445+0000] {override.py:1911} INFO - Created Permission View: can edit on DAG:example_dag_decorator
[2025-02-06T16:36:23.485+0000] {logging_mixin.py:190} INFO - [2025-02-06T16:36:23.484+0000] {override.py:1911} INFO - Created Permission View: can delete on DAG:example_dag_decorator
[2025-02-06T16:36:23.507+0000] {logging_mixin.py:190} INFO - [2025-02-06T16:36:23.506+0000] {override.py:1911} INFO - Created Permission View: can read on DAG:example_dag_decorator
[2025-02-06T16:36:23.528+0000] {logging_mixin.py:190} INFO - [2025-02-06T16:36:23.527+0000] {override.py:1911} INFO - Created Permission View: menu access on DAG Run:example_dag_decorator
[2025-02-06T16:36:23.545+0000] {logging_mixin.py:190} INFO - [2025-02-06T16:36:23.544+0000] {override.py:1911} INFO - Created Permission View: can create on DAG Run:example_dag_decorator
[2025-02-06T16:36:23.554+0000] {logging_mixin.py:190} INFO - [2025-02-06T16:36:23.553+0000] {override.py:1911} INFO - Created Permission View: can delete on DAG Run:example_dag_decorator
[2025-02-06T16:36:23.572+0000] {logging_mixin.py:190} INFO - [2025-02-06T16:36:23.572+0000] {override.py:1911} INFO - Created Permission View: can read on DAG Run:example_dag_decorator
[2025-02-06T16:36:23.573+0000] {logging_mixin.py:190} INFO - [2025-02-06T16:36:23.573+0000] {dag.py:3239} INFO - Sync 1 DAGs
[2025-02-06T16:36:23.598+0000] {logging_mixin.py:190} INFO - [2025-02-06T16:36:23.598+0000] {dag.py:3262} INFO - Creating ORM DAG for example_dag_decorator
[2025-02-06T16:36:23.599+0000] {logging_mixin.py:190} INFO - [2025-02-06T16:36:23.599+0000] {dag.py:4180} INFO - Setting next_dagrun for example_dag_decorator to None, run_after=None
[2025-02-06T16:36:23.638+0000] {processor.py:208} INFO - Processing /home/airflow/.local/lib/python3.12/site-packages/airflow/example_dags/example_dag_decorator.py took 0.537 seconds
[2025-02-06T16:36:53.704+0000] {processor.py:186} INFO - Started process (PID=99) to work on /home/airflow/.local/lib/python3.12/site-packages/airflow/example_dags/example_dag_decorator.py
[2025-02-06T16:36:53.705+0000] {processor.py:914} INFO - Processing file /home/airflow/.local/lib/python3.12/site-packages/airflow/example_dags/example_dag_decorator.py for tasks to queue
[2025-02-06T16:36:53.708+0000] {logging_mixin.py:190} INFO - [2025-02-06T16:36:53.708+0000] {dagbag.py:588} INFO - Filling up the DagBag from /home/airflow/.local/lib/python3.12/site-packages/airflow/example_dags/example_dag_decorator.py
[2025-02-06T16:36:53.722+0000] {processor.py:925} INFO - DAG(s) 'example_dag_decorator' retrieved from /home/airflow/.local/lib/python3.12/site-packages/airflow/example_dags/example_dag_decorator.py
[2025-02-06T16:36:53.857+0000] {logging_mixin.py:190} INFO - [2025-02-06T16:36:53.857+0000] {dag.py:3239} INFO - Sync 1 DAGs
[2025-02-06T16:36:53.873+0000] {logging_mixin.py:190} INFO - [2025-02-06T16:36:53.873+0000] {dag.py:4180} INFO - Setting next_dagrun for example_dag_decorator to None, run_after=None
[2025-02-06T16:36:53.896+0000] {processor.py:208} INFO - Processing /home/airflow/.local/lib/python3.12/site-packages/airflow/example_dags/example_dag_decorator.py took 0.200 seconds
[2025-02-06T16:37:24.861+0000] {processor.py:186} INFO - Started process (PID=156) to work on /home/airflow/.local/lib/python3.12/site-packages/airflow/example_dags/example_dag_decorator.py
[2025-02-06T16:37:24.863+0000] {processor.py:914} INFO - Processing file /home/airflow/.local/lib/python3.12/site-packages/airflow/example_dags/example_dag_decorator.py for tasks to queue
[2025-02-06T16:37:24.866+0000] {logging_mixin.py:190} INFO - [2025-02-06T16:37:24.866+0000] {dagbag.py:588} INFO - Filling up the DagBag from /home/airflow/.local/lib/python3.12/site-packages/airflow/example_dags/example_dag_decorator.py
[2025-02-06T16:37:24.881+0000] {processor.py:925} INFO - DAG(s) 'example_dag_decorator' retrieved from /home/airflow/.local/lib/python3.12/site-packages/airflow/example_dags/example_dag_decorator.py
[2025-02-06T16:37:25.030+0000] {logging_mixin.py:190} INFO - [2025-02-06T16:37:25.029+0000] {dag.py:3239} INFO - Sync 1 DAGs
[2025-02-06T16:37:25.047+0000] {logging_mixin.py:190} INFO - [2025-02-06T16:37:25.046+0000] {dag.py:4180} INFO - Setting next_dagrun for example_dag_decorator to None, run_after=None
[2025-02-06T16:37:25.071+0000] {processor.py:208} INFO - Processing /home/airflow/.local/lib/python3.12/site-packages/airflow/example_dags/example_dag_decorator.py took 0.217 seconds
[2025-02-06T16:37:55.213+0000] {processor.py:186} INFO - Started process (PID=213) to work on /home/airflow/.local/lib/python3.12/site-packages/airflow/example_dags/example_dag_decorator.py
[2025-02-06T16:37:55.214+0000] {processor.py:914} INFO - Processing file /home/airflow/.local/lib/python3.12/site-packages/airflow/example_dags/example_dag_decorator.py for tasks to queue
[2025-02-06T16:37:55.218+0000] {logging_mixin.py:190} INFO - [2025-02-06T16:37:55.218+0000] {dagbag.py:588} INFO - Filling up the DagBag from /home/airflow/.local/lib/python3.12/site-packages/airflow/example_dags/example_dag_decorator.py
[2025-02-06T16:37:55.234+0000] {processor.py:925} INFO - DAG(s) 'example_dag_decorator' retrieved from /home/airflow/.local/lib/python3.12/site-packages/airflow/example_dags/example_dag_decorator.py
[2025-02-06T16:37:55.262+0000] {logging_mixin.py:190} INFO - [2025-02-06T16:37:55.262+0000] {dag.py:3239} INFO - Sync 1 DAGs
[2025-02-06T16:37:55.280+0000] {logging_mixin.py:190} INFO - [2025-02-06T16:37:55.279+0000] {dag.py:4180} INFO - Setting next_dagrun for example_dag_decorator to None, run_after=None
[2025-02-06T16:37:55.306+0000] {processor.py:208} INFO - Processing /home/airflow/.local/lib/python3.12/site-packages/airflow/example_dags/example_dag_decorator.py took 0.100 seconds
[2025-02-06T16:38:25.878+0000] {processor.py:186} INFO - Started process (PID=270) to work on /home/airflow/.local/lib/python3.12/site-packages/airflow/example_dags/example_dag_decorator.py
[2025-02-06T16:38:25.879+0000] {processor.py:914} INFO - Processing file /home/airflow/.local/lib/python3.12/site-packages/airflow/example_dags/example_dag_decorator.py for tasks to queue
[2025-02-06T16:38:25.883+0000] {logging_mixin.py:190} INFO - [2025-02-06T16:38:25.883+0000] {dagbag.py:588} INFO - Filling up the DagBag from /home/airflow/.local/lib/python3.12/site-packages/airflow/example_dags/example_dag_decorator.py
[2025-02-06T16:38:25.897+0000] {processor.py:925} INFO - DAG(s) 'example_dag_decorator' retrieved from /home/airflow/.local/lib/python3.12/site-packages/airflow/example_dags/example_dag_decorator.py
[2025-02-06T16:38:26.036+0000] {logging_mixin.py:190} INFO - [2025-02-06T16:38:26.036+0000] {dag.py:3239} INFO - Sync 1 DAGs
[2025-02-06T16:38:26.053+0000] {logging_mixin.py:190} INFO - [2025-02-06T16:38:26.052+0000] {dag.py:4180} INFO - Setting next_dagrun for example_dag_decorator to None, run_after=None
[2025-02-06T16:38:26.079+0000] {processor.py:208} INFO - Processing /home/airflow/.local/lib/python3.12/site-packages/airflow/example_dags/example_dag_decorator.py took 0.209 seconds
[2025-02-06T16:38:56.429+0000] {processor.py:186} INFO - Started process (PID=327) to work on /home/airflow/.local/lib/python3.12/site-packages/airflow/example_dags/example_dag_decorator.py
[2025-02-06T16:38:56.431+0000] {processor.py:914} INFO - Processing file /home/airflow/.local/lib/python3.12/site-packages/airflow/example_dags/example_dag_decorator.py for tasks to queue
[2025-02-06T16:38:56.434+0000] {logging_mixin.py:190} INFO - [2025-02-06T16:38:56.434+0000] {dagbag.py:588} INFO - Filling up the DagBag from /home/airflow/.local/lib/python3.12/site-packages/airflow/example_dags/example_dag_decorator.py
[2025-02-06T16:38:56.450+0000] {processor.py:925} INFO - DAG(s) 'example_dag_decorator' retrieved from /home/airflow/.local/lib/python3.12/site-packages/airflow/example_dags/example_dag_decorator.py
[2025-02-06T16:38:56.589+0000] {logging_mixin.py:190} INFO - [2025-02-06T16:38:56.589+0000] {dag.py:3239} INFO - Sync 1 DAGs
[2025-02-06T16:38:56.605+0000] {logging_mixin.py:190} INFO - [2025-02-06T16:38:56.604+0000] {dag.py:4180} INFO - Setting next_dagrun for example_dag_decorator to None, run_after=None
[2025-02-06T16:38:56.628+0000] {processor.py:208} INFO - Processing /home/airflow/.local/lib/python3.12/site-packages/airflow/example_dags/example_dag_decorator.py took 0.207 seconds
[2025-02-06T16:39:27.056+0000] {processor.py:186} INFO - Started process (PID=384) to work on /home/airflow/.local/lib/python3.12/site-packages/airflow/example_dags/example_dag_decorator.py
[2025-02-06T16:39:27.058+0000] {processor.py:914} INFO - Processing file /home/airflow/.local/lib/python3.12/site-packages/airflow/example_dags/example_dag_decorator.py for tasks to queue
[2025-02-06T16:39:27.061+0000] {logging_mixin.py:190} INFO - [2025-02-06T16:39:27.061+0000] {dagbag.py:588} INFO - Filling up the DagBag from /home/airflow/.local/lib/python3.12/site-packages/airflow/example_dags/example_dag_decorator.py
[2025-02-06T16:39:27.075+0000] {processor.py:925} INFO - DAG(s) 'example_dag_decorator' retrieved from /home/airflow/.local/lib/python3.12/site-packages/airflow/example_dags/example_dag_decorator.py
[2025-02-06T16:39:27.226+0000] {logging_mixin.py:190} INFO - [2025-02-06T16:39:27.226+0000] {dag.py:3239} INFO - Sync 1 DAGs
[2025-02-06T16:39:27.242+0000] {logging_mixin.py:190} INFO - [2025-02-06T16:39:27.242+0000] {dag.py:4180} INFO - Setting next_dagrun for example_dag_decorator to None, run_after=None
[2025-02-06T16:39:27.268+0000] {processor.py:208} INFO - Processing /home/airflow/.local/lib/python3.12/site-packages/airflow/example_dags/example_dag_decorator.py took 0.219 seconds
[2025-02-06T16:39:57.752+0000] {processor.py:186} INFO - Started process (PID=441) to work on /home/airflow/.local/lib/python3.12/site-packages/airflow/example_dags/example_dag_decorator.py
[2025-02-06T16:39:57.754+0000] {processor.py:914} INFO - Processing file /home/airflow/.local/lib/python3.12/site-packages/airflow/example_dags/example_dag_decorator.py for tasks to queue
[2025-02-06T16:39:57.760+0000] {logging_mixin.py:190} INFO - [2025-02-06T16:39:57.759+0000] {dagbag.py:588} INFO - Filling up the DagBag from /home/airflow/.local/lib/python3.12/site-packages/airflow/example_dags/example_dag_decorator.py
[2025-02-06T16:39:57.778+0000] {processor.py:925} INFO - DAG(s) 'example_dag_decorator' retrieved from /home/airflow/.local/lib/python3.12/site-packages/airflow/example_dags/example_dag_decorator.py
[2025-02-06T16:39:57.927+0000] {logging_mixin.py:190} INFO - [2025-02-06T16:39:57.927+0000] {dag.py:3239} INFO - Sync 1 DAGs
[2025-02-06T16:39:57.945+0000] {logging_mixin.py:190} INFO - [2025-02-06T16:39:57.944+0000] {dag.py:4180} INFO - Setting next_dagrun for example_dag_decorator to None, run_after=None
[2025-02-06T16:39:57.970+0000] {processor.py:208} INFO - Processing /home/airflow/.local/lib/python3.12/site-packages/airflow/example_dags/example_dag_decorator.py took 0.227 seconds
[2025-02-06T16:40:28.137+0000] {processor.py:186} INFO - Started process (PID=499) to work on /home/airflow/.local/lib/python3.12/site-packages/airflow/example_dags/example_dag_decorator.py
[2025-02-06T16:40:28.139+0000] {processor.py:914} INFO - Processing file /home/airflow/.local/lib/python3.12/site-packages/airflow/example_dags/example_dag_decorator.py for tasks to queue
[2025-02-06T16:40:28.142+0000] {logging_mixin.py:190} INFO - [2025-02-06T16:40:28.142+0000] {dagbag.py:588} INFO - Filling up the DagBag from /home/airflow/.local/lib/python3.12/site-packages/airflow/example_dags/example_dag_decorator.py
[2025-02-06T16:40:28.157+0000] {processor.py:925} INFO - DAG(s) 'example_dag_decorator' retrieved from /home/airflow/.local/lib/python3.12/site-packages/airflow/example_dags/example_dag_decorator.py
[2025-02-06T16:40:28.291+0000] {logging_mixin.py:190} INFO - [2025-02-06T16:40:28.291+0000] {dag.py:3239} INFO - Sync 1 DAGs
[2025-02-06T16:40:28.308+0000] {logging_mixin.py:190} INFO - [2025-02-06T16:40:28.308+0000] {dag.py:4180} INFO - Setting next_dagrun for example_dag_decorator to None, run_after=None
[2025-02-06T16:40:28.332+0000] {processor.py:208} INFO - Processing /home/airflow/.local/lib/python3.12/site-packages/airflow/example_dags/example_dag_decorator.py took 0.202 seconds
[2025-02-06T16:40:59.190+0000] {processor.py:186} INFO - Started process (PID=556) to work on /home/airflow/.local/lib/python3.12/site-packages/airflow/example_dags/example_dag_decorator.py
[2025-02-06T16:40:59.191+0000] {processor.py:914} INFO - Processing file /home/airflow/.local/lib/python3.12/site-packages/airflow/example_dags/example_dag_decorator.py for tasks to queue
[2025-02-06T16:40:59.195+0000] {logging_mixin.py:190} INFO - [2025-02-06T16:40:59.194+0000] {dagbag.py:588} INFO - Filling up the DagBag from /home/airflow/.local/lib/python3.12/site-packages/airflow/example_dags/example_dag_decorator.py
[2025-02-06T16:40:59.210+0000] {processor.py:925} INFO - DAG(s) 'example_dag_decorator' retrieved from /home/airflow/.local/lib/python3.12/site-packages/airflow/example_dags/example_dag_decorator.py
[2025-02-06T16:40:59.347+0000] {logging_mixin.py:190} INFO - [2025-02-06T16:40:59.347+0000] {dag.py:3239} INFO - Sync 1 DAGs
[2025-02-06T16:40:59.364+0000] {logging_mixin.py:190} INFO - [2025-02-06T16:40:59.364+0000] {dag.py:4180} INFO - Setting next_dagrun for example_dag_decorator to None, run_after=None
[2025-02-06T16:40:59.390+0000] {processor.py:208} INFO - Processing /home/airflow/.local/lib/python3.12/site-packages/airflow/example_dags/example_dag_decorator.py took 0.207 seconds
[2025-02-06T16:41:29.484+0000] {processor.py:186} INFO - Started process (PID=613) to work on /home/airflow/.local/lib/python3.12/site-packages/airflow/example_dags/example_dag_decorator.py
[2025-02-06T16:41:29.485+0000] {processor.py:914} INFO - Processing file /home/airflow/.local/lib/python3.12/site-packages/airflow/example_dags/example_dag_decorator.py for tasks to queue
[2025-02-06T16:41:29.489+0000] {logging_mixin.py:190} INFO - [2025-02-06T16:41:29.489+0000] {dagbag.py:588} INFO - Filling up the DagBag from /home/airflow/.local/lib/python3.12/site-packages/airflow/example_dags/example_dag_decorator.py
[2025-02-06T16:41:29.506+0000] {processor.py:925} INFO - DAG(s) 'example_dag_decorator' retrieved from /home/airflow/.local/lib/python3.12/site-packages/airflow/example_dags/example_dag_decorator.py
[2025-02-06T16:41:29.699+0000] {logging_mixin.py:190} INFO - [2025-02-06T16:41:29.698+0000] {dag.py:3239} INFO - Sync 1 DAGs
[2025-02-06T16:41:29.714+0000] {logging_mixin.py:190} INFO - [2025-02-06T16:41:29.713+0000] {dag.py:4180} INFO - Setting next_dagrun for example_dag_decorator to None, run_after=None
[2025-02-06T16:41:29.737+0000] {processor.py:208} INFO - Processing /home/airflow/.local/lib/python3.12/site-packages/airflow/example_dags/example_dag_decorator.py took 0.261 seconds
[2025-02-06T16:41:59.810+0000] {processor.py:186} INFO - Started process (PID=671) to work on /home/airflow/.local/lib/python3.12/site-packages/airflow/example_dags/example_dag_decorator.py
[2025-02-06T16:41:59.811+0000] {processor.py:914} INFO - Processing file /home/airflow/.local/lib/python3.12/site-packages/airflow/example_dags/example_dag_decorator.py for tasks to queue
[2025-02-06T16:41:59.816+0000] {logging_mixin.py:190} INFO - [2025-02-06T16:41:59.815+0000] {dagbag.py:588} INFO - Filling up the DagBag from /home/airflow/.local/lib/python3.12/site-packages/airflow/example_dags/example_dag_decorator.py
[2025-02-06T16:41:59.831+0000] {processor.py:925} INFO - DAG(s) 'example_dag_decorator' retrieved from /home/airflow/.local/lib/python3.12/site-packages/airflow/example_dags/example_dag_decorator.py
[2025-02-06T16:41:59.978+0000] {logging_mixin.py:190} INFO - [2025-02-06T16:41:59.978+0000] {dag.py:3239} INFO - Sync 1 DAGs
[2025-02-06T16:41:59.995+0000] {logging_mixin.py:190} INFO - [2025-02-06T16:41:59.995+0000] {dag.py:4180} INFO - Setting next_dagrun for example_dag_decorator to None, run_after=None
[2025-02-06T16:42:00.024+0000] {processor.py:208} INFO - Processing /home/airflow/.local/lib/python3.12/site-packages/airflow/example_dags/example_dag_decorator.py took 0.221 seconds
[2025-02-06T16:42:30.427+0000] {processor.py:186} INFO - Started process (PID=727) to work on /home/airflow/.local/lib/python3.12/site-packages/airflow/example_dags/example_dag_decorator.py
[2025-02-06T16:42:30.429+0000] {processor.py:914} INFO - Processing file /home/airflow/.local/lib/python3.12/site-packages/airflow/example_dags/example_dag_decorator.py for tasks to queue
[2025-02-06T16:42:30.432+0000] {logging_mixin.py:190} INFO - [2025-02-06T16:42:30.432+0000] {dagbag.py:588} INFO - Filling up the DagBag from /home/airflow/.local/lib/python3.12/site-packages/airflow/example_dags/example_dag_decorator.py
[2025-02-06T16:42:30.447+0000] {processor.py:925} INFO - DAG(s) 'example_dag_decorator' retrieved from /home/airflow/.local/lib/python3.12/site-packages/airflow/example_dags/example_dag_decorator.py
[2025-02-06T16:42:30.585+0000] {logging_mixin.py:190} INFO - [2025-02-06T16:42:30.585+0000] {dag.py:3239} INFO - Sync 1 DAGs
[2025-02-06T16:42:30.601+0000] {logging_mixin.py:190} INFO - [2025-02-06T16:42:30.601+0000] {dag.py:4180} INFO - Setting next_dagrun for example_dag_decorator to None, run_after=None
[2025-02-06T16:42:30.624+0000] {processor.py:208} INFO - Processing /home/airflow/.local/lib/python3.12/site-packages/airflow/example_dags/example_dag_decorator.py took 0.205 seconds
[2025-02-06T16:43:00.868+0000] {processor.py:186} INFO - Started process (PID=785) to work on /home/airflow/.local/lib/python3.12/site-packages/airflow/example_dags/example_dag_decorator.py
[2025-02-06T16:43:00.870+0000] {processor.py:914} INFO - Processing file /home/airflow/.local/lib/python3.12/site-packages/airflow/example_dags/example_dag_decorator.py for tasks to queue
[2025-02-06T16:43:00.888+0000] {logging_mixin.py:190} INFO - [2025-02-06T16:43:00.887+0000] {dagbag.py:588} INFO - Filling up the DagBag from /home/airflow/.local/lib/python3.12/site-packages/airflow/example_dags/example_dag_decorator.py
[2025-02-06T16:43:00.955+0000] {processor.py:925} INFO - DAG(s) 'example_dag_decorator' retrieved from /home/airflow/.local/lib/python3.12/site-packages/airflow/example_dags/example_dag_decorator.py
[2025-02-06T16:43:01.340+0000] {logging_mixin.py:190} INFO - [2025-02-06T16:43:01.339+0000] {dag.py:3239} INFO - Sync 1 DAGs
[2025-02-06T16:43:01.363+0000] {logging_mixin.py:190} INFO - [2025-02-06T16:43:01.362+0000] {dag.py:4180} INFO - Setting next_dagrun for example_dag_decorator to None, run_after=None
[2025-02-06T16:43:01.418+0000] {processor.py:208} INFO - Processing /home/airflow/.local/lib/python3.12/site-packages/airflow/example_dags/example_dag_decorator.py took 0.574 seconds
[2025-02-06T16:43:31.586+0000] {processor.py:186} INFO - Started process (PID=841) to work on /home/airflow/.local/lib/python3.12/site-packages/airflow/example_dags/example_dag_decorator.py
[2025-02-06T16:43:31.588+0000] {processor.py:914} INFO - Processing file /home/airflow/.local/lib/python3.12/site-packages/airflow/example_dags/example_dag_decorator.py for tasks to queue
[2025-02-06T16:43:31.591+0000] {logging_mixin.py:190} INFO - [2025-02-06T16:43:31.591+0000] {dagbag.py:588} INFO - Filling up the DagBag from /home/airflow/.local/lib/python3.12/site-packages/airflow/example_dags/example_dag_decorator.py
[2025-02-06T16:43:31.625+0000] {processor.py:925} INFO - DAG(s) 'example_dag_decorator' retrieved from /home/airflow/.local/lib/python3.12/site-packages/airflow/example_dags/example_dag_decorator.py
[2025-02-06T16:43:32.079+0000] {logging_mixin.py:190} INFO - [2025-02-06T16:43:32.079+0000] {dag.py:3239} INFO - Sync 1 DAGs
[2025-02-06T16:43:32.127+0000] {logging_mixin.py:190} INFO - [2025-02-06T16:43:32.127+0000] {dag.py:4180} INFO - Setting next_dagrun for example_dag_decorator to None, run_after=None
[2025-02-06T16:43:32.210+0000] {processor.py:208} INFO - Processing /home/airflow/.local/lib/python3.12/site-packages/airflow/example_dags/example_dag_decorator.py took 0.642 seconds
[2025-02-06T16:44:02.530+0000] {processor.py:186} INFO - Started process (PID=900) to work on /home/airflow/.local/lib/python3.12/site-packages/airflow/example_dags/example_dag_decorator.py
[2025-02-06T16:44:02.531+0000] {processor.py:914} INFO - Processing file /home/airflow/.local/lib/python3.12/site-packages/airflow/example_dags/example_dag_decorator.py for tasks to queue
[2025-02-06T16:44:02.535+0000] {logging_mixin.py:190} INFO - [2025-02-06T16:44:02.534+0000] {dagbag.py:588} INFO - Filling up the DagBag from /home/airflow/.local/lib/python3.12/site-packages/airflow/example_dags/example_dag_decorator.py
[2025-02-06T16:44:02.555+0000] {processor.py:925} INFO - DAG(s) 'example_dag_decorator' retrieved from /home/airflow/.local/lib/python3.12/site-packages/airflow/example_dags/example_dag_decorator.py
[2025-02-06T16:44:02.831+0000] {logging_mixin.py:190} INFO - [2025-02-06T16:44:02.830+0000] {dag.py:3239} INFO - Sync 1 DAGs
[2025-02-06T16:44:02.853+0000] {logging_mixin.py:190} INFO - [2025-02-06T16:44:02.853+0000] {dag.py:4180} INFO - Setting next_dagrun for example_dag_decorator to None, run_after=None
[2025-02-06T16:44:02.891+0000] {processor.py:208} INFO - Processing /home/airflow/.local/lib/python3.12/site-packages/airflow/example_dags/example_dag_decorator.py took 0.369 seconds
[2025-02-06T16:44:33.154+0000] {processor.py:186} INFO - Started process (PID=955) to work on /home/airflow/.local/lib/python3.12/site-packages/airflow/example_dags/example_dag_decorator.py
[2025-02-06T16:44:33.156+0000] {processor.py:914} INFO - Processing file /home/airflow/.local/lib/python3.12/site-packages/airflow/example_dags/example_dag_decorator.py for tasks to queue
[2025-02-06T16:44:33.162+0000] {logging_mixin.py:190} INFO - [2025-02-06T16:44:33.161+0000] {dagbag.py:588} INFO - Filling up the DagBag from /home/airflow/.local/lib/python3.12/site-packages/airflow/example_dags/example_dag_decorator.py
[2025-02-06T16:44:33.205+0000] {processor.py:925} INFO - DAG(s) 'example_dag_decorator' retrieved from /home/airflow/.local/lib/python3.12/site-packages/airflow/example_dags/example_dag_decorator.py
[2025-02-06T16:44:33.273+0000] {logging_mixin.py:190} INFO - [2025-02-06T16:44:33.273+0000] {dag.py:3239} INFO - Sync 1 DAGs
[2025-02-06T16:44:33.313+0000] {logging_mixin.py:190} INFO - [2025-02-06T16:44:33.313+0000] {dag.py:4180} INFO - Setting next_dagrun for example_dag_decorator to None, run_after=None
[2025-02-06T16:44:33.358+0000] {processor.py:208} INFO - Processing /home/airflow/.local/lib/python3.12/site-packages/airflow/example_dags/example_dag_decorator.py took 0.221 seconds
[2025-02-06T16:45:04.716+0000] {processor.py:186} INFO - Started process (PID=1011) to work on /home/airflow/.local/lib/python3.12/site-packages/airflow/example_dags/example_dag_decorator.py
[2025-02-06T16:45:04.717+0000] {processor.py:914} INFO - Processing file /home/airflow/.local/lib/python3.12/site-packages/airflow/example_dags/example_dag_decorator.py for tasks to queue
[2025-02-06T16:45:04.721+0000] {logging_mixin.py:190} INFO - [2025-02-06T16:45:04.721+0000] {dagbag.py:588} INFO - Filling up the DagBag from /home/airflow/.local/lib/python3.12/site-packages/airflow/example_dags/example_dag_decorator.py
[2025-02-06T16:45:04.736+0000] {processor.py:925} INFO - DAG(s) 'example_dag_decorator' retrieved from /home/airflow/.local/lib/python3.12/site-packages/airflow/example_dags/example_dag_decorator.py
[2025-02-06T16:45:04.893+0000] {logging_mixin.py:190} INFO - [2025-02-06T16:45:04.892+0000] {dag.py:3239} INFO - Sync 1 DAGs
[2025-02-06T16:45:04.914+0000] {logging_mixin.py:190} INFO - [2025-02-06T16:45:04.913+0000] {dag.py:4180} INFO - Setting next_dagrun for example_dag_decorator to None, run_after=None
[2025-02-06T16:45:04.968+0000] {processor.py:208} INFO - Processing /home/airflow/.local/lib/python3.12/site-packages/airflow/example_dags/example_dag_decorator.py took 0.259 seconds
[2025-02-06T16:45:36.873+0000] {processor.py:186} INFO - Started process (PID=1068) to work on /home/airflow/.local/lib/python3.12/site-packages/airflow/example_dags/example_dag_decorator.py
[2025-02-06T16:45:36.874+0000] {processor.py:914} INFO - Processing file /home/airflow/.local/lib/python3.12/site-packages/airflow/example_dags/example_dag_decorator.py for tasks to queue
[2025-02-06T16:45:36.877+0000] {logging_mixin.py:190} INFO - [2025-02-06T16:45:36.876+0000] {dagbag.py:588} INFO - Filling up the DagBag from /home/airflow/.local/lib/python3.12/site-packages/airflow/example_dags/example_dag_decorator.py
[2025-02-06T16:45:36.891+0000] {processor.py:925} INFO - DAG(s) 'example_dag_decorator' retrieved from /home/airflow/.local/lib/python3.12/site-packages/airflow/example_dags/example_dag_decorator.py
[2025-02-06T16:45:37.049+0000] {logging_mixin.py:190} INFO - [2025-02-06T16:45:37.049+0000] {dag.py:3239} INFO - Sync 1 DAGs
[2025-02-06T16:45:37.067+0000] {logging_mixin.py:190} INFO - [2025-02-06T16:45:37.066+0000] {dag.py:4180} INFO - Setting next_dagrun for example_dag_decorator to None, run_after=None
[2025-02-06T16:45:37.091+0000] {processor.py:208} INFO - Processing /home/airflow/.local/lib/python3.12/site-packages/airflow/example_dags/example_dag_decorator.py took 0.226 seconds
[2025-02-06T16:46:07.611+0000] {processor.py:186} INFO - Started process (PID=1122) to work on /home/airflow/.local/lib/python3.12/site-packages/airflow/example_dags/example_dag_decorator.py
[2025-02-06T16:46:07.612+0000] {processor.py:914} INFO - Processing file /home/airflow/.local/lib/python3.12/site-packages/airflow/example_dags/example_dag_decorator.py for tasks to queue
[2025-02-06T16:46:07.615+0000] {logging_mixin.py:190} INFO - [2025-02-06T16:46:07.615+0000] {dagbag.py:588} INFO - Filling up the DagBag from /home/airflow/.local/lib/python3.12/site-packages/airflow/example_dags/example_dag_decorator.py
[2025-02-06T16:46:07.629+0000] {processor.py:925} INFO - DAG(s) 'example_dag_decorator' retrieved from /home/airflow/.local/lib/python3.12/site-packages/airflow/example_dags/example_dag_decorator.py
[2025-02-06T16:46:07.771+0000] {logging_mixin.py:190} INFO - [2025-02-06T16:46:07.770+0000] {dag.py:3239} INFO - Sync 1 DAGs
[2025-02-06T16:46:07.787+0000] {logging_mixin.py:190} INFO - [2025-02-06T16:46:07.786+0000] {dag.py:4180} INFO - Setting next_dagrun for example_dag_decorator to None, run_after=None
[2025-02-06T16:46:07.810+0000] {processor.py:208} INFO - Processing /home/airflow/.local/lib/python3.12/site-packages/airflow/example_dags/example_dag_decorator.py took 0.207 seconds
[2025-02-06T16:46:38.534+0000] {processor.py:186} INFO - Started process (PID=1179) to work on /home/airflow/.local/lib/python3.12/site-packages/airflow/example_dags/example_dag_decorator.py
[2025-02-06T16:46:38.536+0000] {processor.py:914} INFO - Processing file /home/airflow/.local/lib/python3.12/site-packages/airflow/example_dags/example_dag_decorator.py for tasks to queue
[2025-02-06T16:46:38.539+0000] {logging_mixin.py:190} INFO - [2025-02-06T16:46:38.539+0000] {dagbag.py:588} INFO - Filling up the DagBag from /home/airflow/.local/lib/python3.12/site-packages/airflow/example_dags/example_dag_decorator.py
[2025-02-06T16:46:38.559+0000] {processor.py:925} INFO - DAG(s) 'example_dag_decorator' retrieved from /home/airflow/.local/lib/python3.12/site-packages/airflow/example_dags/example_dag_decorator.py
[2025-02-06T16:46:38.721+0000] {logging_mixin.py:190} INFO - [2025-02-06T16:46:38.721+0000] {dag.py:3239} INFO - Sync 1 DAGs
[2025-02-06T16:46:38.739+0000] {logging_mixin.py:190} INFO - [2025-02-06T16:46:38.739+0000] {dag.py:4180} INFO - Setting next_dagrun for example_dag_decorator to None, run_after=None
[2025-02-06T16:46:38.766+0000] {processor.py:208} INFO - Processing /home/airflow/.local/lib/python3.12/site-packages/airflow/example_dags/example_dag_decorator.py took 0.244 seconds
[2025-02-06T16:47:09.482+0000] {processor.py:186} INFO - Started process (PID=1235) to work on /home/airflow/.local/lib/python3.12/site-packages/airflow/example_dags/example_dag_decorator.py
[2025-02-06T16:47:09.485+0000] {processor.py:914} INFO - Processing file /home/airflow/.local/lib/python3.12/site-packages/airflow/example_dags/example_dag_decorator.py for tasks to queue
[2025-02-06T16:47:09.495+0000] {logging_mixin.py:190} INFO - [2025-02-06T16:47:09.495+0000] {dagbag.py:588} INFO - Filling up the DagBag from /home/airflow/.local/lib/python3.12/site-packages/airflow/example_dags/example_dag_decorator.py
[2025-02-06T16:47:09.526+0000] {processor.py:925} INFO - DAG(s) 'example_dag_decorator' retrieved from /home/airflow/.local/lib/python3.12/site-packages/airflow/example_dags/example_dag_decorator.py
[2025-02-06T16:47:09.927+0000] {logging_mixin.py:190} INFO - [2025-02-06T16:47:09.927+0000] {dag.py:3239} INFO - Sync 1 DAGs
[2025-02-06T16:47:09.983+0000] {logging_mixin.py:190} INFO - [2025-02-06T16:47:09.983+0000] {dag.py:4180} INFO - Setting next_dagrun for example_dag_decorator to None, run_after=None
[2025-02-06T16:47:10.099+0000] {processor.py:208} INFO - Processing /home/airflow/.local/lib/python3.12/site-packages/airflow/example_dags/example_dag_decorator.py took 0.628 seconds
[2025-02-06T16:47:40.299+0000] {processor.py:186} INFO - Started process (PID=1293) to work on /home/airflow/.local/lib/python3.12/site-packages/airflow/example_dags/example_dag_decorator.py
[2025-02-06T16:47:40.300+0000] {processor.py:914} INFO - Processing file /home/airflow/.local/lib/python3.12/site-packages/airflow/example_dags/example_dag_decorator.py for tasks to queue
[2025-02-06T16:47:40.303+0000] {logging_mixin.py:190} INFO - [2025-02-06T16:47:40.303+0000] {dagbag.py:588} INFO - Filling up the DagBag from /home/airflow/.local/lib/python3.12/site-packages/airflow/example_dags/example_dag_decorator.py
[2025-02-06T16:47:40.319+0000] {processor.py:925} INFO - DAG(s) 'example_dag_decorator' retrieved from /home/airflow/.local/lib/python3.12/site-packages/airflow/example_dags/example_dag_decorator.py
[2025-02-06T16:47:40.754+0000] {logging_mixin.py:190} INFO - [2025-02-06T16:47:40.753+0000] {dag.py:3239} INFO - Sync 1 DAGs
[2025-02-06T16:47:40.815+0000] {logging_mixin.py:190} INFO - [2025-02-06T16:47:40.815+0000] {dag.py:4180} INFO - Setting next_dagrun for example_dag_decorator to None, run_after=None
[2025-02-06T16:47:40.879+0000] {processor.py:208} INFO - Processing /home/airflow/.local/lib/python3.12/site-packages/airflow/example_dags/example_dag_decorator.py took 0.588 seconds
[2025-02-06T16:48:11.704+0000] {processor.py:186} INFO - Started process (PID=1351) to work on /home/airflow/.local/lib/python3.12/site-packages/airflow/example_dags/example_dag_decorator.py
[2025-02-06T16:48:11.705+0000] {processor.py:914} INFO - Processing file /home/airflow/.local/lib/python3.12/site-packages/airflow/example_dags/example_dag_decorator.py for tasks to queue
[2025-02-06T16:48:11.708+0000] {logging_mixin.py:190} INFO - [2025-02-06T16:48:11.708+0000] {dagbag.py:588} INFO - Filling up the DagBag from /home/airflow/.local/lib/python3.12/site-packages/airflow/example_dags/example_dag_decorator.py
[2025-02-06T16:48:11.723+0000] {processor.py:925} INFO - DAG(s) 'example_dag_decorator' retrieved from /home/airflow/.local/lib/python3.12/site-packages/airflow/example_dags/example_dag_decorator.py
[2025-02-06T16:48:11.871+0000] {logging_mixin.py:190} INFO - [2025-02-06T16:48:11.871+0000] {dag.py:3239} INFO - Sync 1 DAGs
[2025-02-06T16:48:11.888+0000] {logging_mixin.py:190} INFO - [2025-02-06T16:48:11.888+0000] {dag.py:4180} INFO - Setting next_dagrun for example_dag_decorator to None, run_after=None
[2025-02-06T16:48:11.913+0000] {processor.py:208} INFO - Processing /home/airflow/.local/lib/python3.12/site-packages/airflow/example_dags/example_dag_decorator.py took 0.217 seconds
[2025-02-06T16:48:42.023+0000] {processor.py:186} INFO - Started process (PID=1409) to work on /home/airflow/.local/lib/python3.12/site-packages/airflow/example_dags/example_dag_decorator.py
[2025-02-06T16:48:42.024+0000] {processor.py:914} INFO - Processing file /home/airflow/.local/lib/python3.12/site-packages/airflow/example_dags/example_dag_decorator.py for tasks to queue
[2025-02-06T16:48:42.028+0000] {logging_mixin.py:190} INFO - [2025-02-06T16:48:42.028+0000] {dagbag.py:588} INFO - Filling up the DagBag from /home/airflow/.local/lib/python3.12/site-packages/airflow/example_dags/example_dag_decorator.py
[2025-02-06T16:48:42.047+0000] {processor.py:925} INFO - DAG(s) 'example_dag_decorator' retrieved from /home/airflow/.local/lib/python3.12/site-packages/airflow/example_dags/example_dag_decorator.py
[2025-02-06T16:48:42.432+0000] {logging_mixin.py:190} INFO - [2025-02-06T16:48:42.431+0000] {dag.py:3239} INFO - Sync 1 DAGs
[2025-02-06T16:48:42.454+0000] {logging_mixin.py:190} INFO - [2025-02-06T16:48:42.454+0000] {dag.py:4180} INFO - Setting next_dagrun for example_dag_decorator to None, run_after=None
[2025-02-06T16:48:42.480+0000] {processor.py:208} INFO - Processing /home/airflow/.local/lib/python3.12/site-packages/airflow/example_dags/example_dag_decorator.py took 0.467 seconds
[2025-02-06T16:49:12.615+0000] {processor.py:186} INFO - Started process (PID=1467) to work on /home/airflow/.local/lib/python3.12/site-packages/airflow/example_dags/example_dag_decorator.py
[2025-02-06T16:49:12.616+0000] {processor.py:914} INFO - Processing file /home/airflow/.local/lib/python3.12/site-packages/airflow/example_dags/example_dag_decorator.py for tasks to queue
[2025-02-06T16:49:12.620+0000] {logging_mixin.py:190} INFO - [2025-02-06T16:49:12.619+0000] {dagbag.py:588} INFO - Filling up the DagBag from /home/airflow/.local/lib/python3.12/site-packages/airflow/example_dags/example_dag_decorator.py
[2025-02-06T16:49:12.643+0000] {processor.py:925} INFO - DAG(s) 'example_dag_decorator' retrieved from /home/airflow/.local/lib/python3.12/site-packages/airflow/example_dags/example_dag_decorator.py
[2025-02-06T16:49:12.803+0000] {logging_mixin.py:190} INFO - [2025-02-06T16:49:12.802+0000] {dag.py:3239} INFO - Sync 1 DAGs
[2025-02-06T16:49:12.819+0000] {logging_mixin.py:190} INFO - [2025-02-06T16:49:12.818+0000] {dag.py:4180} INFO - Setting next_dagrun for example_dag_decorator to None, run_after=None
[2025-02-06T16:49:12.851+0000] {processor.py:208} INFO - Processing /home/airflow/.local/lib/python3.12/site-packages/airflow/example_dags/example_dag_decorator.py took 0.246 seconds
[2025-02-06T16:49:43.040+0000] {processor.py:186} INFO - Started process (PID=1522) to work on /home/airflow/.local/lib/python3.12/site-packages/airflow/example_dags/example_dag_decorator.py
[2025-02-06T16:49:43.042+0000] {processor.py:914} INFO - Processing file /home/airflow/.local/lib/python3.12/site-packages/airflow/example_dags/example_dag_decorator.py for tasks to queue
[2025-02-06T16:49:43.045+0000] {logging_mixin.py:190} INFO - [2025-02-06T16:49:43.044+0000] {dagbag.py:588} INFO - Filling up the DagBag from /home/airflow/.local/lib/python3.12/site-packages/airflow/example_dags/example_dag_decorator.py
[2025-02-06T16:49:43.069+0000] {processor.py:925} INFO - DAG(s) 'example_dag_decorator' retrieved from /home/airflow/.local/lib/python3.12/site-packages/airflow/example_dags/example_dag_decorator.py
[2025-02-06T16:49:43.384+0000] {logging_mixin.py:190} INFO - [2025-02-06T16:49:43.384+0000] {dag.py:3239} INFO - Sync 1 DAGs
[2025-02-06T16:49:43.413+0000] {logging_mixin.py:190} INFO - [2025-02-06T16:49:43.413+0000] {dag.py:4180} INFO - Setting next_dagrun for example_dag_decorator to None, run_after=None
[2025-02-06T16:49:43.439+0000] {processor.py:208} INFO - Processing /home/airflow/.local/lib/python3.12/site-packages/airflow/example_dags/example_dag_decorator.py took 0.410 seconds
[2025-02-06T16:50:13.495+0000] {processor.py:186} INFO - Started process (PID=1580) to work on /home/airflow/.local/lib/python3.12/site-packages/airflow/example_dags/example_dag_decorator.py
[2025-02-06T16:50:13.496+0000] {processor.py:914} INFO - Processing file /home/airflow/.local/lib/python3.12/site-packages/airflow/example_dags/example_dag_decorator.py for tasks to queue
[2025-02-06T16:50:13.500+0000] {logging_mixin.py:190} INFO - [2025-02-06T16:50:13.499+0000] {dagbag.py:588} INFO - Filling up the DagBag from /home/airflow/.local/lib/python3.12/site-packages/airflow/example_dags/example_dag_decorator.py
[2025-02-06T16:50:13.514+0000] {processor.py:925} INFO - DAG(s) 'example_dag_decorator' retrieved from /home/airflow/.local/lib/python3.12/site-packages/airflow/example_dags/example_dag_decorator.py
[2025-02-06T16:50:13.658+0000] {logging_mixin.py:190} INFO - [2025-02-06T16:50:13.657+0000] {dag.py:3239} INFO - Sync 1 DAGs
[2025-02-06T16:50:13.675+0000] {logging_mixin.py:190} INFO - [2025-02-06T16:50:13.674+0000] {dag.py:4180} INFO - Setting next_dagrun for example_dag_decorator to None, run_after=None
[2025-02-06T16:50:13.701+0000] {processor.py:208} INFO - Processing /home/airflow/.local/lib/python3.12/site-packages/airflow/example_dags/example_dag_decorator.py took 0.213 seconds
[2025-02-06T16:50:43.775+0000] {processor.py:186} INFO - Started process (PID=1637) to work on /home/airflow/.local/lib/python3.12/site-packages/airflow/example_dags/example_dag_decorator.py
[2025-02-06T16:50:43.776+0000] {processor.py:914} INFO - Processing file /home/airflow/.local/lib/python3.12/site-packages/airflow/example_dags/example_dag_decorator.py for tasks to queue
[2025-02-06T16:50:43.780+0000] {logging_mixin.py:190} INFO - [2025-02-06T16:50:43.780+0000] {dagbag.py:588} INFO - Filling up the DagBag from /home/airflow/.local/lib/python3.12/site-packages/airflow/example_dags/example_dag_decorator.py
[2025-02-06T16:50:43.798+0000] {processor.py:925} INFO - DAG(s) 'example_dag_decorator' retrieved from /home/airflow/.local/lib/python3.12/site-packages/airflow/example_dags/example_dag_decorator.py
[2025-02-06T16:50:43.952+0000] {logging_mixin.py:190} INFO - [2025-02-06T16:50:43.952+0000] {dag.py:3239} INFO - Sync 1 DAGs
[2025-02-06T16:50:43.972+0000] {logging_mixin.py:190} INFO - [2025-02-06T16:50:43.971+0000] {dag.py:4180} INFO - Setting next_dagrun for example_dag_decorator to None, run_after=None
[2025-02-06T16:50:43.996+0000] {processor.py:208} INFO - Processing /home/airflow/.local/lib/python3.12/site-packages/airflow/example_dags/example_dag_decorator.py took 0.229 seconds
[2025-02-06T16:51:14.180+0000] {processor.py:186} INFO - Started process (PID=1691) to work on /home/airflow/.local/lib/python3.12/site-packages/airflow/example_dags/example_dag_decorator.py
[2025-02-06T16:51:14.181+0000] {processor.py:914} INFO - Processing file /home/airflow/.local/lib/python3.12/site-packages/airflow/example_dags/example_dag_decorator.py for tasks to queue
[2025-02-06T16:51:14.185+0000] {logging_mixin.py:190} INFO - [2025-02-06T16:51:14.184+0000] {dagbag.py:588} INFO - Filling up the DagBag from /home/airflow/.local/lib/python3.12/site-packages/airflow/example_dags/example_dag_decorator.py
[2025-02-06T16:51:14.202+0000] {processor.py:925} INFO - DAG(s) 'example_dag_decorator' retrieved from /home/airflow/.local/lib/python3.12/site-packages/airflow/example_dags/example_dag_decorator.py
[2025-02-06T16:51:14.346+0000] {logging_mixin.py:190} INFO - [2025-02-06T16:51:14.346+0000] {dag.py:3239} INFO - Sync 1 DAGs
[2025-02-06T16:51:14.362+0000] {logging_mixin.py:190} INFO - [2025-02-06T16:51:14.362+0000] {dag.py:4180} INFO - Setting next_dagrun for example_dag_decorator to None, run_after=None
[2025-02-06T16:51:14.387+0000] {processor.py:208} INFO - Processing /home/airflow/.local/lib/python3.12/site-packages/airflow/example_dags/example_dag_decorator.py took 0.216 seconds
[2025-02-06T16:51:44.854+0000] {processor.py:186} INFO - Started process (PID=1748) to work on /home/airflow/.local/lib/python3.12/site-packages/airflow/example_dags/example_dag_decorator.py
[2025-02-06T16:51:44.855+0000] {processor.py:914} INFO - Processing file /home/airflow/.local/lib/python3.12/site-packages/airflow/example_dags/example_dag_decorator.py for tasks to queue
[2025-02-06T16:51:44.858+0000] {logging_mixin.py:190} INFO - [2025-02-06T16:51:44.858+0000] {dagbag.py:588} INFO - Filling up the DagBag from /home/airflow/.local/lib/python3.12/site-packages/airflow/example_dags/example_dag_decorator.py
[2025-02-06T16:51:44.874+0000] {processor.py:925} INFO - DAG(s) 'example_dag_decorator' retrieved from /home/airflow/.local/lib/python3.12/site-packages/airflow/example_dags/example_dag_decorator.py
[2025-02-06T16:51:45.015+0000] {logging_mixin.py:190} INFO - [2025-02-06T16:51:45.014+0000] {dag.py:3239} INFO - Sync 1 DAGs
[2025-02-06T16:51:45.030+0000] {logging_mixin.py:190} INFO - [2025-02-06T16:51:45.030+0000] {dag.py:4180} INFO - Setting next_dagrun for example_dag_decorator to None, run_after=None
[2025-02-06T16:51:45.054+0000] {processor.py:208} INFO - Processing /home/airflow/.local/lib/python3.12/site-packages/airflow/example_dags/example_dag_decorator.py took 0.208 seconds
[2025-02-06T16:52:15.316+0000] {processor.py:186} INFO - Started process (PID=1805) to work on /home/airflow/.local/lib/python3.12/site-packages/airflow/example_dags/example_dag_decorator.py
[2025-02-06T16:52:15.317+0000] {processor.py:914} INFO - Processing file /home/airflow/.local/lib/python3.12/site-packages/airflow/example_dags/example_dag_decorator.py for tasks to queue
[2025-02-06T16:52:15.325+0000] {logging_mixin.py:190} INFO - [2025-02-06T16:52:15.325+0000] {dagbag.py:588} INFO - Filling up the DagBag from /home/airflow/.local/lib/python3.12/site-packages/airflow/example_dags/example_dag_decorator.py
[2025-02-06T16:52:15.349+0000] {processor.py:925} INFO - DAG(s) 'example_dag_decorator' retrieved from /home/airflow/.local/lib/python3.12/site-packages/airflow/example_dags/example_dag_decorator.py
[2025-02-06T16:52:15.666+0000] {logging_mixin.py:190} INFO - [2025-02-06T16:52:15.666+0000] {dag.py:3239} INFO - Sync 1 DAGs
[2025-02-06T16:52:15.694+0000] {logging_mixin.py:190} INFO - [2025-02-06T16:52:15.693+0000] {dag.py:4180} INFO - Setting next_dagrun for example_dag_decorator to None, run_after=None
[2025-02-06T16:52:15.735+0000] {processor.py:208} INFO - Processing /home/airflow/.local/lib/python3.12/site-packages/airflow/example_dags/example_dag_decorator.py took 0.427 seconds
[2025-02-06T16:52:46.647+0000] {processor.py:186} INFO - Started process (PID=1863) to work on /home/airflow/.local/lib/python3.12/site-packages/airflow/example_dags/example_dag_decorator.py
[2025-02-06T16:52:46.649+0000] {processor.py:914} INFO - Processing file /home/airflow/.local/lib/python3.12/site-packages/airflow/example_dags/example_dag_decorator.py for tasks to queue
[2025-02-06T16:52:46.657+0000] {logging_mixin.py:190} INFO - [2025-02-06T16:52:46.657+0000] {dagbag.py:588} INFO - Filling up the DagBag from /home/airflow/.local/lib/python3.12/site-packages/airflow/example_dags/example_dag_decorator.py
[2025-02-06T16:52:46.683+0000] {processor.py:925} INFO - DAG(s) 'example_dag_decorator' retrieved from /home/airflow/.local/lib/python3.12/site-packages/airflow/example_dags/example_dag_decorator.py
[2025-02-06T16:52:46.917+0000] {logging_mixin.py:190} INFO - [2025-02-06T16:52:46.917+0000] {dag.py:3239} INFO - Sync 1 DAGs
[2025-02-06T16:52:46.932+0000] {logging_mixin.py:190} INFO - [2025-02-06T16:52:46.932+0000] {dag.py:4180} INFO - Setting next_dagrun for example_dag_decorator to None, run_after=None
[2025-02-06T16:52:46.957+0000] {processor.py:208} INFO - Processing /home/airflow/.local/lib/python3.12/site-packages/airflow/example_dags/example_dag_decorator.py took 0.321 seconds
[2025-02-06T16:53:17.109+0000] {processor.py:186} INFO - Started process (PID=1920) to work on /home/airflow/.local/lib/python3.12/site-packages/airflow/example_dags/example_dag_decorator.py
[2025-02-06T16:53:17.110+0000] {processor.py:914} INFO - Processing file /home/airflow/.local/lib/python3.12/site-packages/airflow/example_dags/example_dag_decorator.py for tasks to queue
[2025-02-06T16:53:17.114+0000] {logging_mixin.py:190} INFO - [2025-02-06T16:53:17.113+0000] {dagbag.py:588} INFO - Filling up the DagBag from /home/airflow/.local/lib/python3.12/site-packages/airflow/example_dags/example_dag_decorator.py
[2025-02-06T16:53:17.141+0000] {processor.py:925} INFO - DAG(s) 'example_dag_decorator' retrieved from /home/airflow/.local/lib/python3.12/site-packages/airflow/example_dags/example_dag_decorator.py
[2025-02-06T16:53:17.321+0000] {logging_mixin.py:190} INFO - [2025-02-06T16:53:17.320+0000] {dag.py:3239} INFO - Sync 1 DAGs
[2025-02-06T16:53:17.338+0000] {logging_mixin.py:190} INFO - [2025-02-06T16:53:17.337+0000] {dag.py:4180} INFO - Setting next_dagrun for example_dag_decorator to None, run_after=None
[2025-02-06T16:53:17.369+0000] {processor.py:208} INFO - Processing /home/airflow/.local/lib/python3.12/site-packages/airflow/example_dags/example_dag_decorator.py took 0.271 seconds
[2025-02-06T16:53:47.938+0000] {processor.py:186} INFO - Started process (PID=1977) to work on /home/airflow/.local/lib/python3.12/site-packages/airflow/example_dags/example_dag_decorator.py
[2025-02-06T16:53:47.940+0000] {processor.py:914} INFO - Processing file /home/airflow/.local/lib/python3.12/site-packages/airflow/example_dags/example_dag_decorator.py for tasks to queue
[2025-02-06T16:53:47.943+0000] {logging_mixin.py:190} INFO - [2025-02-06T16:53:47.943+0000] {dagbag.py:588} INFO - Filling up the DagBag from /home/airflow/.local/lib/python3.12/site-packages/airflow/example_dags/example_dag_decorator.py
[2025-02-06T16:53:47.962+0000] {processor.py:925} INFO - DAG(s) 'example_dag_decorator' retrieved from /home/airflow/.local/lib/python3.12/site-packages/airflow/example_dags/example_dag_decorator.py
[2025-02-06T16:53:48.109+0000] {logging_mixin.py:190} INFO - [2025-02-06T16:53:48.109+0000] {dag.py:3239} INFO - Sync 1 DAGs
[2025-02-06T16:53:48.125+0000] {logging_mixin.py:190} INFO - [2025-02-06T16:53:48.125+0000] {dag.py:4180} INFO - Setting next_dagrun for example_dag_decorator to None, run_after=None
[2025-02-06T16:53:48.153+0000] {processor.py:208} INFO - Processing /home/airflow/.local/lib/python3.12/site-packages/airflow/example_dags/example_dag_decorator.py took 0.225 seconds
[2025-02-06T16:54:18.665+0000] {processor.py:186} INFO - Started process (PID=2034) to work on /home/airflow/.local/lib/python3.12/site-packages/airflow/example_dags/example_dag_decorator.py
[2025-02-06T16:54:18.666+0000] {processor.py:914} INFO - Processing file /home/airflow/.local/lib/python3.12/site-packages/airflow/example_dags/example_dag_decorator.py for tasks to queue
[2025-02-06T16:54:18.670+0000] {logging_mixin.py:190} INFO - [2025-02-06T16:54:18.669+0000] {dagbag.py:588} INFO - Filling up the DagBag from /home/airflow/.local/lib/python3.12/site-packages/airflow/example_dags/example_dag_decorator.py
[2025-02-06T16:54:18.690+0000] {processor.py:925} INFO - DAG(s) 'example_dag_decorator' retrieved from /home/airflow/.local/lib/python3.12/site-packages/airflow/example_dags/example_dag_decorator.py
[2025-02-06T16:54:18.865+0000] {logging_mixin.py:190} INFO - [2025-02-06T16:54:18.864+0000] {dag.py:3239} INFO - Sync 1 DAGs
[2025-02-06T16:54:18.886+0000] {logging_mixin.py:190} INFO - [2025-02-06T16:54:18.886+0000] {dag.py:4180} INFO - Setting next_dagrun for example_dag_decorator to None, run_after=None
[2025-02-06T16:54:18.925+0000] {processor.py:208} INFO - Processing /home/airflow/.local/lib/python3.12/site-packages/airflow/example_dags/example_dag_decorator.py took 0.270 seconds
[2025-02-06T16:54:49.088+0000] {processor.py:186} INFO - Started process (PID=2092) to work on /home/airflow/.local/lib/python3.12/site-packages/airflow/example_dags/example_dag_decorator.py
[2025-02-06T16:54:49.089+0000] {processor.py:914} INFO - Processing file /home/airflow/.local/lib/python3.12/site-packages/airflow/example_dags/example_dag_decorator.py for tasks to queue
[2025-02-06T16:54:49.093+0000] {logging_mixin.py:190} INFO - [2025-02-06T16:54:49.092+0000] {dagbag.py:588} INFO - Filling up the DagBag from /home/airflow/.local/lib/python3.12/site-packages/airflow/example_dags/example_dag_decorator.py
[2025-02-06T16:54:49.112+0000] {processor.py:925} INFO - DAG(s) 'example_dag_decorator' retrieved from /home/airflow/.local/lib/python3.12/site-packages/airflow/example_dags/example_dag_decorator.py
[2025-02-06T16:54:49.262+0000] {logging_mixin.py:190} INFO - [2025-02-06T16:54:49.262+0000] {dag.py:3239} INFO - Sync 1 DAGs
[2025-02-06T16:54:49.278+0000] {logging_mixin.py:190} INFO - [2025-02-06T16:54:49.278+0000] {dag.py:4180} INFO - Setting next_dagrun for example_dag_decorator to None, run_after=None
[2025-02-06T16:54:49.302+0000] {processor.py:208} INFO - Processing /home/airflow/.local/lib/python3.12/site-packages/airflow/example_dags/example_dag_decorator.py took 0.223 seconds
[2025-02-06T16:55:20.088+0000] {processor.py:186} INFO - Started process (PID=2148) to work on /home/airflow/.local/lib/python3.12/site-packages/airflow/example_dags/example_dag_decorator.py
[2025-02-06T16:55:20.091+0000] {processor.py:914} INFO - Processing file /home/airflow/.local/lib/python3.12/site-packages/airflow/example_dags/example_dag_decorator.py for tasks to queue
[2025-02-06T16:55:20.123+0000] {logging_mixin.py:190} INFO - [2025-02-06T16:55:20.122+0000] {dagbag.py:588} INFO - Filling up the DagBag from /home/airflow/.local/lib/python3.12/site-packages/airflow/example_dags/example_dag_decorator.py
[2025-02-06T16:55:20.361+0000] {processor.py:925} INFO - DAG(s) 'example_dag_decorator' retrieved from /home/airflow/.local/lib/python3.12/site-packages/airflow/example_dags/example_dag_decorator.py
[2025-02-06T17:23:29.448+0000] {processor.py:186} INFO - Started process (PID=44) to work on /home/airflow/.local/lib/python3.12/site-packages/airflow/example_dags/example_dag_decorator.py
[2025-02-06T17:23:29.450+0000] {processor.py:914} INFO - Processing file /home/airflow/.local/lib/python3.12/site-packages/airflow/example_dags/example_dag_decorator.py for tasks to queue
[2025-02-06T17:23:29.453+0000] {logging_mixin.py:190} INFO - [2025-02-06T17:23:29.452+0000] {dagbag.py:588} INFO - Filling up the DagBag from /home/airflow/.local/lib/python3.12/site-packages/airflow/example_dags/example_dag_decorator.py
[2025-02-06T17:23:29.472+0000] {processor.py:925} INFO - DAG(s) 'example_dag_decorator' retrieved from /home/airflow/.local/lib/python3.12/site-packages/airflow/example_dags/example_dag_decorator.py
[2025-02-06T17:23:29.667+0000] {logging_mixin.py:190} INFO - [2025-02-06T17:23:29.666+0000] {override.py:1911} INFO - Created Permission View: can delete on DAG:example_dag_decorator
[2025-02-06T17:23:29.681+0000] {logging_mixin.py:190} INFO - [2025-02-06T17:23:29.680+0000] {override.py:1911} INFO - Created Permission View: can read on DAG:example_dag_decorator
[2025-02-06T17:23:29.692+0000] {logging_mixin.py:190} INFO - [2025-02-06T17:23:29.691+0000] {override.py:1911} INFO - Created Permission View: can edit on DAG:example_dag_decorator
[2025-02-06T17:23:29.704+0000] {logging_mixin.py:190} INFO - [2025-02-06T17:23:29.704+0000] {override.py:1911} INFO - Created Permission View: menu access on DAG Run:example_dag_decorator
[2025-02-06T17:23:29.715+0000] {logging_mixin.py:190} INFO - [2025-02-06T17:23:29.714+0000] {override.py:1911} INFO - Created Permission View: can delete on DAG Run:example_dag_decorator
[2025-02-06T17:23:29.725+0000] {logging_mixin.py:190} INFO - [2025-02-06T17:23:29.725+0000] {override.py:1911} INFO - Created Permission View: can create on DAG Run:example_dag_decorator
[2025-02-06T17:23:29.736+0000] {logging_mixin.py:190} INFO - [2025-02-06T17:23:29.735+0000] {override.py:1911} INFO - Created Permission View: can read on DAG Run:example_dag_decorator
[2025-02-06T17:23:29.736+0000] {logging_mixin.py:190} INFO - [2025-02-06T17:23:29.736+0000] {dag.py:3239} INFO - Sync 1 DAGs
[2025-02-06T17:23:29.755+0000] {logging_mixin.py:190} INFO - [2025-02-06T17:23:29.755+0000] {dag.py:3262} INFO - Creating ORM DAG for example_dag_decorator
[2025-02-06T17:23:29.757+0000] {logging_mixin.py:190} INFO - [2025-02-06T17:23:29.757+0000] {dag.py:4180} INFO - Setting next_dagrun for example_dag_decorator to None, run_after=None
[2025-02-06T17:23:29.783+0000] {processor.py:208} INFO - Processing /home/airflow/.local/lib/python3.12/site-packages/airflow/example_dags/example_dag_decorator.py took 0.343 seconds
[2025-02-06T17:24:00.741+0000] {processor.py:186} INFO - Started process (PID=101) to work on /home/airflow/.local/lib/python3.12/site-packages/airflow/example_dags/example_dag_decorator.py
[2025-02-06T17:24:00.742+0000] {processor.py:914} INFO - Processing file /home/airflow/.local/lib/python3.12/site-packages/airflow/example_dags/example_dag_decorator.py for tasks to queue
[2025-02-06T17:24:00.746+0000] {logging_mixin.py:190} INFO - [2025-02-06T17:24:00.745+0000] {dagbag.py:588} INFO - Filling up the DagBag from /home/airflow/.local/lib/python3.12/site-packages/airflow/example_dags/example_dag_decorator.py
[2025-02-06T17:24:00.759+0000] {processor.py:925} INFO - DAG(s) 'example_dag_decorator' retrieved from /home/airflow/.local/lib/python3.12/site-packages/airflow/example_dags/example_dag_decorator.py
[2025-02-06T17:24:00.932+0000] {logging_mixin.py:190} INFO - [2025-02-06T17:24:00.932+0000] {dag.py:3239} INFO - Sync 1 DAGs
[2025-02-06T17:24:00.957+0000] {logging_mixin.py:190} INFO - [2025-02-06T17:24:00.956+0000] {dag.py:4180} INFO - Setting next_dagrun for example_dag_decorator to None, run_after=None
[2025-02-06T17:24:00.993+0000] {processor.py:208} INFO - Processing /home/airflow/.local/lib/python3.12/site-packages/airflow/example_dags/example_dag_decorator.py took 0.259 seconds
[2025-02-06T17:24:32.015+0000] {processor.py:186} INFO - Started process (PID=157) to work on /home/airflow/.local/lib/python3.12/site-packages/airflow/example_dags/example_dag_decorator.py
[2025-02-06T17:24:32.018+0000] {processor.py:914} INFO - Processing file /home/airflow/.local/lib/python3.12/site-packages/airflow/example_dags/example_dag_decorator.py for tasks to queue
[2025-02-06T17:24:32.024+0000] {logging_mixin.py:190} INFO - [2025-02-06T17:24:32.023+0000] {dagbag.py:588} INFO - Filling up the DagBag from /home/airflow/.local/lib/python3.12/site-packages/airflow/example_dags/example_dag_decorator.py
[2025-02-06T17:24:32.083+0000] {processor.py:925} INFO - DAG(s) 'example_dag_decorator' retrieved from /home/airflow/.local/lib/python3.12/site-packages/airflow/example_dags/example_dag_decorator.py
[2025-02-06T17:24:32.337+0000] {logging_mixin.py:190} INFO - [2025-02-06T17:24:32.337+0000] {dag.py:3239} INFO - Sync 1 DAGs
[2025-02-06T17:24:32.360+0000] {logging_mixin.py:190} INFO - [2025-02-06T17:24:32.359+0000] {dag.py:4180} INFO - Setting next_dagrun for example_dag_decorator to None, run_after=None
[2025-02-06T17:24:32.397+0000] {processor.py:208} INFO - Processing /home/airflow/.local/lib/python3.12/site-packages/airflow/example_dags/example_dag_decorator.py took 0.402 seconds
[2025-02-06T17:25:03.283+0000] {processor.py:186} INFO - Started process (PID=215) to work on /home/airflow/.local/lib/python3.12/site-packages/airflow/example_dags/example_dag_decorator.py
[2025-02-06T17:25:03.284+0000] {processor.py:914} INFO - Processing file /home/airflow/.local/lib/python3.12/site-packages/airflow/example_dags/example_dag_decorator.py for tasks to queue
[2025-02-06T17:25:03.287+0000] {logging_mixin.py:190} INFO - [2025-02-06T17:25:03.287+0000] {dagbag.py:588} INFO - Filling up the DagBag from /home/airflow/.local/lib/python3.12/site-packages/airflow/example_dags/example_dag_decorator.py
[2025-02-06T17:25:03.304+0000] {processor.py:925} INFO - DAG(s) 'example_dag_decorator' retrieved from /home/airflow/.local/lib/python3.12/site-packages/airflow/example_dags/example_dag_decorator.py
[2025-02-06T17:25:03.588+0000] {logging_mixin.py:190} INFO - [2025-02-06T17:25:03.588+0000] {dag.py:3239} INFO - Sync 1 DAGs
[2025-02-06T17:25:03.633+0000] {logging_mixin.py:190} INFO - [2025-02-06T17:25:03.632+0000] {dag.py:4180} INFO - Setting next_dagrun for example_dag_decorator to None, run_after=None
[2025-02-06T17:25:03.700+0000] {processor.py:208} INFO - Processing /home/airflow/.local/lib/python3.12/site-packages/airflow/example_dags/example_dag_decorator.py took 0.425 seconds
[2025-02-06T17:25:33.913+0000] {processor.py:186} INFO - Started process (PID=272) to work on /home/airflow/.local/lib/python3.12/site-packages/airflow/example_dags/example_dag_decorator.py
[2025-02-06T17:25:33.914+0000] {processor.py:914} INFO - Processing file /home/airflow/.local/lib/python3.12/site-packages/airflow/example_dags/example_dag_decorator.py for tasks to queue
[2025-02-06T17:25:33.920+0000] {logging_mixin.py:190} INFO - [2025-02-06T17:25:33.919+0000] {dagbag.py:588} INFO - Filling up the DagBag from /home/airflow/.local/lib/python3.12/site-packages/airflow/example_dags/example_dag_decorator.py
[2025-02-06T17:25:33.946+0000] {processor.py:925} INFO - DAG(s) 'example_dag_decorator' retrieved from /home/airflow/.local/lib/python3.12/site-packages/airflow/example_dags/example_dag_decorator.py
[2025-02-06T17:25:34.330+0000] {logging_mixin.py:190} INFO - [2025-02-06T17:25:34.330+0000] {dag.py:3239} INFO - Sync 1 DAGs
[2025-02-06T17:25:34.367+0000] {logging_mixin.py:190} INFO - [2025-02-06T17:25:34.367+0000] {dag.py:4180} INFO - Setting next_dagrun for example_dag_decorator to None, run_after=None
[2025-02-06T17:25:34.419+0000] {processor.py:208} INFO - Processing /home/airflow/.local/lib/python3.12/site-packages/airflow/example_dags/example_dag_decorator.py took 0.517 seconds
[2025-02-06T17:26:04.626+0000] {processor.py:186} INFO - Started process (PID=331) to work on /home/airflow/.local/lib/python3.12/site-packages/airflow/example_dags/example_dag_decorator.py
[2025-02-06T17:26:04.628+0000] {processor.py:914} INFO - Processing file /home/airflow/.local/lib/python3.12/site-packages/airflow/example_dags/example_dag_decorator.py for tasks to queue
[2025-02-06T17:26:04.632+0000] {logging_mixin.py:190} INFO - [2025-02-06T17:26:04.631+0000] {dagbag.py:588} INFO - Filling up the DagBag from /home/airflow/.local/lib/python3.12/site-packages/airflow/example_dags/example_dag_decorator.py
[2025-02-06T17:26:04.646+0000] {processor.py:925} INFO - DAG(s) 'example_dag_decorator' retrieved from /home/airflow/.local/lib/python3.12/site-packages/airflow/example_dags/example_dag_decorator.py
[2025-02-06T17:26:04.790+0000] {logging_mixin.py:190} INFO - [2025-02-06T17:26:04.790+0000] {dag.py:3239} INFO - Sync 1 DAGs
[2025-02-06T17:26:04.806+0000] {logging_mixin.py:190} INFO - [2025-02-06T17:26:04.806+0000] {dag.py:4180} INFO - Setting next_dagrun for example_dag_decorator to None, run_after=None
[2025-02-06T17:26:04.834+0000] {processor.py:208} INFO - Processing /home/airflow/.local/lib/python3.12/site-packages/airflow/example_dags/example_dag_decorator.py took 0.215 seconds
[2025-02-06T17:29:09.339+0000] {processor.py:186} INFO - Started process (PID=43) to work on /home/airflow/.local/lib/python3.12/site-packages/airflow/example_dags/example_dag_decorator.py
[2025-02-06T17:29:09.341+0000] {processor.py:914} INFO - Processing file /home/airflow/.local/lib/python3.12/site-packages/airflow/example_dags/example_dag_decorator.py for tasks to queue
[2025-02-06T17:29:09.345+0000] {logging_mixin.py:190} INFO - [2025-02-06T17:29:09.344+0000] {dagbag.py:588} INFO - Filling up the DagBag from /home/airflow/.local/lib/python3.12/site-packages/airflow/example_dags/example_dag_decorator.py
[2025-02-06T17:29:09.372+0000] {processor.py:925} INFO - DAG(s) 'example_dag_decorator' retrieved from /home/airflow/.local/lib/python3.12/site-packages/airflow/example_dags/example_dag_decorator.py
[2025-02-06T17:29:09.673+0000] {logging_mixin.py:190} INFO - [2025-02-06T17:29:09.671+0000] {override.py:1911} INFO - Created Permission View: can read on DAG:example_dag_decorator
[2025-02-06T17:29:09.697+0000] {logging_mixin.py:190} INFO - [2025-02-06T17:29:09.696+0000] {override.py:1911} INFO - Created Permission View: can edit on DAG:example_dag_decorator
[2025-02-06T17:29:09.711+0000] {logging_mixin.py:190} INFO - [2025-02-06T17:29:09.711+0000] {override.py:1911} INFO - Created Permission View: can delete on DAG:example_dag_decorator
[2025-02-06T17:29:09.728+0000] {logging_mixin.py:190} INFO - [2025-02-06T17:29:09.728+0000] {override.py:1911} INFO - Created Permission View: can read on DAG Run:example_dag_decorator
[2025-02-06T17:29:09.745+0000] {logging_mixin.py:190} INFO - [2025-02-06T17:29:09.745+0000] {override.py:1911} INFO - Created Permission View: menu access on DAG Run:example_dag_decorator
[2025-02-06T17:29:09.778+0000] {logging_mixin.py:190} INFO - [2025-02-06T17:29:09.765+0000] {override.py:1911} INFO - Created Permission View: can delete on DAG Run:example_dag_decorator
[2025-02-06T17:29:09.811+0000] {logging_mixin.py:190} INFO - [2025-02-06T17:29:09.810+0000] {override.py:1911} INFO - Created Permission View: can create on DAG Run:example_dag_decorator
[2025-02-06T17:29:09.815+0000] {logging_mixin.py:190} INFO - [2025-02-06T17:29:09.815+0000] {dag.py:3239} INFO - Sync 1 DAGs
[2025-02-06T17:29:09.860+0000] {logging_mixin.py:190} INFO - [2025-02-06T17:29:09.859+0000] {dag.py:3262} INFO - Creating ORM DAG for example_dag_decorator
[2025-02-06T17:29:09.863+0000] {logging_mixin.py:190} INFO - [2025-02-06T17:29:09.862+0000] {dag.py:4180} INFO - Setting next_dagrun for example_dag_decorator to None, run_after=None
[2025-02-06T17:29:09.907+0000] {processor.py:208} INFO - Processing /home/airflow/.local/lib/python3.12/site-packages/airflow/example_dags/example_dag_decorator.py took 0.580 seconds
[2025-02-06T17:29:49.387+0000] {processor.py:186} INFO - Started process (PID=100) to work on /home/airflow/.local/lib/python3.12/site-packages/airflow/example_dags/example_dag_decorator.py
[2025-02-06T17:29:49.389+0000] {processor.py:914} INFO - Processing file /home/airflow/.local/lib/python3.12/site-packages/airflow/example_dags/example_dag_decorator.py for tasks to queue
[2025-02-06T17:29:49.394+0000] {logging_mixin.py:190} INFO - [2025-02-06T17:29:49.394+0000] {dagbag.py:588} INFO - Filling up the DagBag from /home/airflow/.local/lib/python3.12/site-packages/airflow/example_dags/example_dag_decorator.py
[2025-02-06T17:29:49.416+0000] {processor.py:925} INFO - DAG(s) 'example_dag_decorator' retrieved from /home/airflow/.local/lib/python3.12/site-packages/airflow/example_dags/example_dag_decorator.py
[2025-02-06T17:29:49.715+0000] {logging_mixin.py:190} INFO - [2025-02-06T17:29:49.714+0000] {dag.py:3239} INFO - Sync 1 DAGs
[2025-02-06T17:29:49.771+0000] {logging_mixin.py:190} INFO - [2025-02-06T17:29:49.770+0000] {dag.py:4180} INFO - Setting next_dagrun for example_dag_decorator to None, run_after=None
[2025-02-06T17:29:49.933+0000] {processor.py:208} INFO - Processing /home/airflow/.local/lib/python3.12/site-packages/airflow/example_dags/example_dag_decorator.py took 0.554 seconds
[2025-02-06T17:30:20.497+0000] {processor.py:186} INFO - Started process (PID=158) to work on /home/airflow/.local/lib/python3.12/site-packages/airflow/example_dags/example_dag_decorator.py
[2025-02-06T17:30:20.498+0000] {processor.py:914} INFO - Processing file /home/airflow/.local/lib/python3.12/site-packages/airflow/example_dags/example_dag_decorator.py for tasks to queue
[2025-02-06T17:30:20.502+0000] {logging_mixin.py:190} INFO - [2025-02-06T17:30:20.501+0000] {dagbag.py:588} INFO - Filling up the DagBag from /home/airflow/.local/lib/python3.12/site-packages/airflow/example_dags/example_dag_decorator.py
[2025-02-06T17:30:20.517+0000] {processor.py:925} INFO - DAG(s) 'example_dag_decorator' retrieved from /home/airflow/.local/lib/python3.12/site-packages/airflow/example_dags/example_dag_decorator.py
[2025-02-06T17:30:20.670+0000] {logging_mixin.py:190} INFO - [2025-02-06T17:30:20.670+0000] {dag.py:3239} INFO - Sync 1 DAGs
[2025-02-06T17:30:20.687+0000] {logging_mixin.py:190} INFO - [2025-02-06T17:30:20.686+0000] {dag.py:4180} INFO - Setting next_dagrun for example_dag_decorator to None, run_after=None
[2025-02-06T17:30:20.715+0000] {processor.py:208} INFO - Processing /home/airflow/.local/lib/python3.12/site-packages/airflow/example_dags/example_dag_decorator.py took 0.226 seconds
[2025-02-06T17:30:51.184+0000] {processor.py:186} INFO - Started process (PID=215) to work on /home/airflow/.local/lib/python3.12/site-packages/airflow/example_dags/example_dag_decorator.py
[2025-02-06T17:30:51.186+0000] {processor.py:914} INFO - Processing file /home/airflow/.local/lib/python3.12/site-packages/airflow/example_dags/example_dag_decorator.py for tasks to queue
[2025-02-06T17:30:51.191+0000] {logging_mixin.py:190} INFO - [2025-02-06T17:30:51.189+0000] {dagbag.py:588} INFO - Filling up the DagBag from /home/airflow/.local/lib/python3.12/site-packages/airflow/example_dags/example_dag_decorator.py
[2025-02-06T17:30:51.223+0000] {processor.py:925} INFO - DAG(s) 'example_dag_decorator' retrieved from /home/airflow/.local/lib/python3.12/site-packages/airflow/example_dags/example_dag_decorator.py
[2025-02-06T17:30:51.264+0000] {logging_mixin.py:190} INFO - [2025-02-06T17:30:51.263+0000] {dag.py:3239} INFO - Sync 1 DAGs
[2025-02-06T17:30:51.288+0000] {logging_mixin.py:190} INFO - [2025-02-06T17:30:51.288+0000] {dag.py:4180} INFO - Setting next_dagrun for example_dag_decorator to None, run_after=None
[2025-02-06T17:30:51.313+0000] {processor.py:208} INFO - Processing /home/airflow/.local/lib/python3.12/site-packages/airflow/example_dags/example_dag_decorator.py took 0.150 seconds
[2025-02-06T17:31:21.414+0000] {processor.py:186} INFO - Started process (PID=271) to work on /home/airflow/.local/lib/python3.12/site-packages/airflow/example_dags/example_dag_decorator.py
[2025-02-06T17:31:21.416+0000] {processor.py:914} INFO - Processing file /home/airflow/.local/lib/python3.12/site-packages/airflow/example_dags/example_dag_decorator.py for tasks to queue
[2025-02-06T17:31:21.419+0000] {logging_mixin.py:190} INFO - [2025-02-06T17:31:21.418+0000] {dagbag.py:588} INFO - Filling up the DagBag from /home/airflow/.local/lib/python3.12/site-packages/airflow/example_dags/example_dag_decorator.py
[2025-02-06T17:31:21.433+0000] {processor.py:925} INFO - DAG(s) 'example_dag_decorator' retrieved from /home/airflow/.local/lib/python3.12/site-packages/airflow/example_dags/example_dag_decorator.py
[2025-02-06T17:31:21.463+0000] {logging_mixin.py:190} INFO - [2025-02-06T17:31:21.462+0000] {dag.py:3239} INFO - Sync 1 DAGs
[2025-02-06T17:31:21.480+0000] {logging_mixin.py:190} INFO - [2025-02-06T17:31:21.480+0000] {dag.py:4180} INFO - Setting next_dagrun for example_dag_decorator to None, run_after=None
[2025-02-06T17:31:21.505+0000] {processor.py:208} INFO - Processing /home/airflow/.local/lib/python3.12/site-packages/airflow/example_dags/example_dag_decorator.py took 0.098 seconds
[2025-02-06T17:31:51.882+0000] {processor.py:186} INFO - Started process (PID=328) to work on /home/airflow/.local/lib/python3.12/site-packages/airflow/example_dags/example_dag_decorator.py
[2025-02-06T17:31:51.884+0000] {processor.py:914} INFO - Processing file /home/airflow/.local/lib/python3.12/site-packages/airflow/example_dags/example_dag_decorator.py for tasks to queue
[2025-02-06T17:31:51.887+0000] {logging_mixin.py:190} INFO - [2025-02-06T17:31:51.887+0000] {dagbag.py:588} INFO - Filling up the DagBag from /home/airflow/.local/lib/python3.12/site-packages/airflow/example_dags/example_dag_decorator.py
[2025-02-06T17:31:51.901+0000] {processor.py:925} INFO - DAG(s) 'example_dag_decorator' retrieved from /home/airflow/.local/lib/python3.12/site-packages/airflow/example_dags/example_dag_decorator.py
[2025-02-06T17:31:51.930+0000] {logging_mixin.py:190} INFO - [2025-02-06T17:31:51.930+0000] {dag.py:3239} INFO - Sync 1 DAGs
[2025-02-06T17:31:51.948+0000] {logging_mixin.py:190} INFO - [2025-02-06T17:31:51.948+0000] {dag.py:4180} INFO - Setting next_dagrun for example_dag_decorator to None, run_after=None
[2025-02-06T17:31:51.971+0000] {processor.py:208} INFO - Processing /home/airflow/.local/lib/python3.12/site-packages/airflow/example_dags/example_dag_decorator.py took 0.097 seconds
[2025-02-06T17:32:22.874+0000] {processor.py:186} INFO - Started process (PID=385) to work on /home/airflow/.local/lib/python3.12/site-packages/airflow/example_dags/example_dag_decorator.py
[2025-02-06T17:32:22.875+0000] {processor.py:914} INFO - Processing file /home/airflow/.local/lib/python3.12/site-packages/airflow/example_dags/example_dag_decorator.py for tasks to queue
[2025-02-06T17:32:22.880+0000] {logging_mixin.py:190} INFO - [2025-02-06T17:32:22.879+0000] {dagbag.py:588} INFO - Filling up the DagBag from /home/airflow/.local/lib/python3.12/site-packages/airflow/example_dags/example_dag_decorator.py
[2025-02-06T17:32:22.898+0000] {processor.py:925} INFO - DAG(s) 'example_dag_decorator' retrieved from /home/airflow/.local/lib/python3.12/site-packages/airflow/example_dags/example_dag_decorator.py
[2025-02-06T17:32:22.936+0000] {logging_mixin.py:190} INFO - [2025-02-06T17:32:22.936+0000] {dag.py:3239} INFO - Sync 1 DAGs
[2025-02-06T17:32:22.960+0000] {logging_mixin.py:190} INFO - [2025-02-06T17:32:22.960+0000] {dag.py:4180} INFO - Setting next_dagrun for example_dag_decorator to None, run_after=None
[2025-02-06T17:32:22.993+0000] {processor.py:208} INFO - Processing /home/airflow/.local/lib/python3.12/site-packages/airflow/example_dags/example_dag_decorator.py took 0.130 seconds
[2025-02-06T17:32:53.610+0000] {processor.py:186} INFO - Started process (PID=442) to work on /home/airflow/.local/lib/python3.12/site-packages/airflow/example_dags/example_dag_decorator.py
[2025-02-06T17:32:53.611+0000] {processor.py:914} INFO - Processing file /home/airflow/.local/lib/python3.12/site-packages/airflow/example_dags/example_dag_decorator.py for tasks to queue
[2025-02-06T17:32:53.615+0000] {logging_mixin.py:190} INFO - [2025-02-06T17:32:53.615+0000] {dagbag.py:588} INFO - Filling up the DagBag from /home/airflow/.local/lib/python3.12/site-packages/airflow/example_dags/example_dag_decorator.py
[2025-02-06T17:32:53.630+0000] {processor.py:925} INFO - DAG(s) 'example_dag_decorator' retrieved from /home/airflow/.local/lib/python3.12/site-packages/airflow/example_dags/example_dag_decorator.py
[2025-02-06T17:32:53.783+0000] {logging_mixin.py:190} INFO - [2025-02-06T17:32:53.783+0000] {dag.py:3239} INFO - Sync 1 DAGs
[2025-02-06T17:32:53.799+0000] {logging_mixin.py:190} INFO - [2025-02-06T17:32:53.799+0000] {dag.py:4180} INFO - Setting next_dagrun for example_dag_decorator to None, run_after=None
[2025-02-06T17:32:53.824+0000] {processor.py:208} INFO - Processing /home/airflow/.local/lib/python3.12/site-packages/airflow/example_dags/example_dag_decorator.py took 0.222 seconds
[2025-02-06T17:33:24.546+0000] {processor.py:186} INFO - Started process (PID=499) to work on /home/airflow/.local/lib/python3.12/site-packages/airflow/example_dags/example_dag_decorator.py
[2025-02-06T17:33:24.547+0000] {processor.py:914} INFO - Processing file /home/airflow/.local/lib/python3.12/site-packages/airflow/example_dags/example_dag_decorator.py for tasks to queue
[2025-02-06T17:33:24.551+0000] {logging_mixin.py:190} INFO - [2025-02-06T17:33:24.550+0000] {dagbag.py:588} INFO - Filling up the DagBag from /home/airflow/.local/lib/python3.12/site-packages/airflow/example_dags/example_dag_decorator.py
[2025-02-06T17:33:24.565+0000] {processor.py:925} INFO - DAG(s) 'example_dag_decorator' retrieved from /home/airflow/.local/lib/python3.12/site-packages/airflow/example_dags/example_dag_decorator.py
[2025-02-06T17:33:24.731+0000] {logging_mixin.py:190} INFO - [2025-02-06T17:33:24.730+0000] {dag.py:3239} INFO - Sync 1 DAGs
[2025-02-06T17:33:24.747+0000] {logging_mixin.py:190} INFO - [2025-02-06T17:33:24.747+0000] {dag.py:4180} INFO - Setting next_dagrun for example_dag_decorator to None, run_after=None
[2025-02-06T17:33:24.771+0000] {processor.py:208} INFO - Processing /home/airflow/.local/lib/python3.12/site-packages/airflow/example_dags/example_dag_decorator.py took 0.233 seconds
[2025-02-06T17:33:55.409+0000] {processor.py:186} INFO - Started process (PID=556) to work on /home/airflow/.local/lib/python3.12/site-packages/airflow/example_dags/example_dag_decorator.py
[2025-02-06T17:33:55.410+0000] {processor.py:914} INFO - Processing file /home/airflow/.local/lib/python3.12/site-packages/airflow/example_dags/example_dag_decorator.py for tasks to queue
[2025-02-06T17:33:55.414+0000] {logging_mixin.py:190} INFO - [2025-02-06T17:33:55.414+0000] {dagbag.py:588} INFO - Filling up the DagBag from /home/airflow/.local/lib/python3.12/site-packages/airflow/example_dags/example_dag_decorator.py
[2025-02-06T17:33:55.429+0000] {processor.py:925} INFO - DAG(s) 'example_dag_decorator' retrieved from /home/airflow/.local/lib/python3.12/site-packages/airflow/example_dags/example_dag_decorator.py
[2025-02-06T17:33:55.587+0000] {logging_mixin.py:190} INFO - [2025-02-06T17:33:55.587+0000] {dag.py:3239} INFO - Sync 1 DAGs
[2025-02-06T17:33:55.608+0000] {logging_mixin.py:190} INFO - [2025-02-06T17:33:55.607+0000] {dag.py:4180} INFO - Setting next_dagrun for example_dag_decorator to None, run_after=None
[2025-02-06T17:33:55.638+0000] {processor.py:208} INFO - Processing /home/airflow/.local/lib/python3.12/site-packages/airflow/example_dags/example_dag_decorator.py took 0.239 seconds
[2025-02-06T17:34:26.214+0000] {processor.py:186} INFO - Started process (PID=613) to work on /home/airflow/.local/lib/python3.12/site-packages/airflow/example_dags/example_dag_decorator.py
[2025-02-06T17:34:26.215+0000] {processor.py:914} INFO - Processing file /home/airflow/.local/lib/python3.12/site-packages/airflow/example_dags/example_dag_decorator.py for tasks to queue
[2025-02-06T17:34:26.218+0000] {logging_mixin.py:190} INFO - [2025-02-06T17:34:26.218+0000] {dagbag.py:588} INFO - Filling up the DagBag from /home/airflow/.local/lib/python3.12/site-packages/airflow/example_dags/example_dag_decorator.py
[2025-02-06T17:34:26.236+0000] {processor.py:925} INFO - DAG(s) 'example_dag_decorator' retrieved from /home/airflow/.local/lib/python3.12/site-packages/airflow/example_dags/example_dag_decorator.py
[2025-02-06T17:34:26.386+0000] {logging_mixin.py:190} INFO - [2025-02-06T17:34:26.386+0000] {dag.py:3239} INFO - Sync 1 DAGs
[2025-02-06T17:34:26.403+0000] {logging_mixin.py:190} INFO - [2025-02-06T17:34:26.403+0000] {dag.py:4180} INFO - Setting next_dagrun for example_dag_decorator to None, run_after=None
[2025-02-06T17:34:26.426+0000] {processor.py:208} INFO - Processing /home/airflow/.local/lib/python3.12/site-packages/airflow/example_dags/example_dag_decorator.py took 0.221 seconds
[2025-02-06T17:34:56.561+0000] {processor.py:186} INFO - Started process (PID=669) to work on /home/airflow/.local/lib/python3.12/site-packages/airflow/example_dags/example_dag_decorator.py
[2025-02-06T17:34:56.563+0000] {processor.py:914} INFO - Processing file /home/airflow/.local/lib/python3.12/site-packages/airflow/example_dags/example_dag_decorator.py for tasks to queue
[2025-02-06T17:34:56.566+0000] {logging_mixin.py:190} INFO - [2025-02-06T17:34:56.565+0000] {dagbag.py:588} INFO - Filling up the DagBag from /home/airflow/.local/lib/python3.12/site-packages/airflow/example_dags/example_dag_decorator.py
[2025-02-06T17:34:56.580+0000] {processor.py:925} INFO - DAG(s) 'example_dag_decorator' retrieved from /home/airflow/.local/lib/python3.12/site-packages/airflow/example_dags/example_dag_decorator.py
[2025-02-06T17:34:56.721+0000] {logging_mixin.py:190} INFO - [2025-02-06T17:34:56.720+0000] {dag.py:3239} INFO - Sync 1 DAGs
[2025-02-06T17:34:56.740+0000] {logging_mixin.py:190} INFO - [2025-02-06T17:34:56.739+0000] {dag.py:4180} INFO - Setting next_dagrun for example_dag_decorator to None, run_after=None
[2025-02-06T17:34:56.765+0000] {processor.py:208} INFO - Processing /home/airflow/.local/lib/python3.12/site-packages/airflow/example_dags/example_dag_decorator.py took 0.211 seconds
[2025-02-06T17:35:27.169+0000] {processor.py:186} INFO - Started process (PID=726) to work on /home/airflow/.local/lib/python3.12/site-packages/airflow/example_dags/example_dag_decorator.py
[2025-02-06T17:35:27.170+0000] {processor.py:914} INFO - Processing file /home/airflow/.local/lib/python3.12/site-packages/airflow/example_dags/example_dag_decorator.py for tasks to queue
[2025-02-06T17:35:27.173+0000] {logging_mixin.py:190} INFO - [2025-02-06T17:35:27.173+0000] {dagbag.py:588} INFO - Filling up the DagBag from /home/airflow/.local/lib/python3.12/site-packages/airflow/example_dags/example_dag_decorator.py
[2025-02-06T17:35:27.188+0000] {processor.py:925} INFO - DAG(s) 'example_dag_decorator' retrieved from /home/airflow/.local/lib/python3.12/site-packages/airflow/example_dags/example_dag_decorator.py
[2025-02-06T17:35:27.335+0000] {logging_mixin.py:190} INFO - [2025-02-06T17:35:27.335+0000] {dag.py:3239} INFO - Sync 1 DAGs
[2025-02-06T17:35:27.351+0000] {logging_mixin.py:190} INFO - [2025-02-06T17:35:27.351+0000] {dag.py:4180} INFO - Setting next_dagrun for example_dag_decorator to None, run_after=None
[2025-02-06T17:35:27.384+0000] {processor.py:208} INFO - Processing /home/airflow/.local/lib/python3.12/site-packages/airflow/example_dags/example_dag_decorator.py took 0.223 seconds
[2025-02-06T17:35:57.435+0000] {processor.py:186} INFO - Started process (PID=784) to work on /home/airflow/.local/lib/python3.12/site-packages/airflow/example_dags/example_dag_decorator.py
[2025-02-06T17:35:57.436+0000] {processor.py:914} INFO - Processing file /home/airflow/.local/lib/python3.12/site-packages/airflow/example_dags/example_dag_decorator.py for tasks to queue
[2025-02-06T17:35:57.441+0000] {logging_mixin.py:190} INFO - [2025-02-06T17:35:57.440+0000] {dagbag.py:588} INFO - Filling up the DagBag from /home/airflow/.local/lib/python3.12/site-packages/airflow/example_dags/example_dag_decorator.py
[2025-02-06T17:35:57.455+0000] {processor.py:925} INFO - DAG(s) 'example_dag_decorator' retrieved from /home/airflow/.local/lib/python3.12/site-packages/airflow/example_dags/example_dag_decorator.py
[2025-02-06T17:35:57.486+0000] {logging_mixin.py:190} INFO - [2025-02-06T17:35:57.486+0000] {dag.py:3239} INFO - Sync 1 DAGs
[2025-02-06T17:35:57.505+0000] {logging_mixin.py:190} INFO - [2025-02-06T17:35:57.504+0000] {dag.py:4180} INFO - Setting next_dagrun for example_dag_decorator to None, run_after=None
[2025-02-06T17:35:57.532+0000] {processor.py:208} INFO - Processing /home/airflow/.local/lib/python3.12/site-packages/airflow/example_dags/example_dag_decorator.py took 0.105 seconds
[2025-02-06T17:41:37.609+0000] {processor.py:186} INFO - Started process (PID=43) to work on /home/airflow/.local/lib/python3.12/site-packages/airflow/example_dags/example_dag_decorator.py
[2025-02-06T17:41:37.611+0000] {processor.py:914} INFO - Processing file /home/airflow/.local/lib/python3.12/site-packages/airflow/example_dags/example_dag_decorator.py for tasks to queue
[2025-02-06T17:41:37.617+0000] {logging_mixin.py:190} INFO - [2025-02-06T17:41:37.617+0000] {dagbag.py:588} INFO - Filling up the DagBag from /home/airflow/.local/lib/python3.12/site-packages/airflow/example_dags/example_dag_decorator.py
[2025-02-06T17:41:37.649+0000] {processor.py:925} INFO - DAG(s) 'example_dag_decorator' retrieved from /home/airflow/.local/lib/python3.12/site-packages/airflow/example_dags/example_dag_decorator.py
[2025-02-06T17:41:37.874+0000] {logging_mixin.py:190} INFO - [2025-02-06T17:41:37.873+0000] {override.py:1911} INFO - Created Permission View: can delete on DAG:example_dag_decorator
[2025-02-06T17:41:37.899+0000] {logging_mixin.py:190} INFO - [2025-02-06T17:41:37.898+0000] {override.py:1911} INFO - Created Permission View: can read on DAG:example_dag_decorator
[2025-02-06T17:41:37.917+0000] {logging_mixin.py:190} INFO - [2025-02-06T17:41:37.917+0000] {override.py:1911} INFO - Created Permission View: can edit on DAG:example_dag_decorator
[2025-02-06T17:41:37.938+0000] {logging_mixin.py:190} INFO - [2025-02-06T17:41:37.937+0000] {override.py:1911} INFO - Created Permission View: can delete on DAG Run:example_dag_decorator
[2025-02-06T17:41:37.962+0000] {logging_mixin.py:190} INFO - [2025-02-06T17:41:37.961+0000] {override.py:1911} INFO - Created Permission View: can create on DAG Run:example_dag_decorator
[2025-02-06T17:41:37.988+0000] {logging_mixin.py:190} INFO - [2025-02-06T17:41:37.985+0000] {override.py:1911} INFO - Created Permission View: can read on DAG Run:example_dag_decorator
[2025-02-06T17:41:38.006+0000] {logging_mixin.py:190} INFO - [2025-02-06T17:41:38.006+0000] {override.py:1911} INFO - Created Permission View: menu access on DAG Run:example_dag_decorator
[2025-02-06T17:41:38.014+0000] {logging_mixin.py:190} INFO - [2025-02-06T17:41:38.014+0000] {dag.py:3239} INFO - Sync 1 DAGs
[2025-02-06T17:41:38.057+0000] {logging_mixin.py:190} INFO - [2025-02-06T17:41:38.052+0000] {dag.py:3262} INFO - Creating ORM DAG for example_dag_decorator
[2025-02-06T17:41:38.060+0000] {logging_mixin.py:190} INFO - [2025-02-06T17:41:38.059+0000] {dag.py:4180} INFO - Setting next_dagrun for example_dag_decorator to None, run_after=None
[2025-02-06T17:41:38.105+0000] {processor.py:208} INFO - Processing /home/airflow/.local/lib/python3.12/site-packages/airflow/example_dags/example_dag_decorator.py took 0.511 seconds
[2025-02-06T17:42:08.988+0000] {processor.py:186} INFO - Started process (PID=100) to work on /home/airflow/.local/lib/python3.12/site-packages/airflow/example_dags/example_dag_decorator.py
[2025-02-06T17:42:08.990+0000] {processor.py:914} INFO - Processing file /home/airflow/.local/lib/python3.12/site-packages/airflow/example_dags/example_dag_decorator.py for tasks to queue
[2025-02-06T17:42:08.993+0000] {logging_mixin.py:190} INFO - [2025-02-06T17:42:08.993+0000] {dagbag.py:588} INFO - Filling up the DagBag from /home/airflow/.local/lib/python3.12/site-packages/airflow/example_dags/example_dag_decorator.py
[2025-02-06T17:42:09.008+0000] {processor.py:925} INFO - DAG(s) 'example_dag_decorator' retrieved from /home/airflow/.local/lib/python3.12/site-packages/airflow/example_dags/example_dag_decorator.py
[2025-02-06T17:42:09.177+0000] {logging_mixin.py:190} INFO - [2025-02-06T17:42:09.177+0000] {dag.py:3239} INFO - Sync 1 DAGs
[2025-02-06T17:42:09.197+0000] {logging_mixin.py:190} INFO - [2025-02-06T17:42:09.197+0000] {dag.py:4180} INFO - Setting next_dagrun for example_dag_decorator to None, run_after=None
[2025-02-06T17:42:09.227+0000] {processor.py:208} INFO - Processing /home/airflow/.local/lib/python3.12/site-packages/airflow/example_dags/example_dag_decorator.py took 0.247 seconds
[2025-02-06T17:42:39.946+0000] {processor.py:186} INFO - Started process (PID=156) to work on /home/airflow/.local/lib/python3.12/site-packages/airflow/example_dags/example_dag_decorator.py
[2025-02-06T17:42:39.948+0000] {processor.py:914} INFO - Processing file /home/airflow/.local/lib/python3.12/site-packages/airflow/example_dags/example_dag_decorator.py for tasks to queue
[2025-02-06T17:42:39.952+0000] {logging_mixin.py:190} INFO - [2025-02-06T17:42:39.951+0000] {dagbag.py:588} INFO - Filling up the DagBag from /home/airflow/.local/lib/python3.12/site-packages/airflow/example_dags/example_dag_decorator.py
[2025-02-06T17:42:39.972+0000] {processor.py:925} INFO - DAG(s) 'example_dag_decorator' retrieved from /home/airflow/.local/lib/python3.12/site-packages/airflow/example_dags/example_dag_decorator.py
[2025-02-06T17:42:40.145+0000] {logging_mixin.py:190} INFO - [2025-02-06T17:42:40.145+0000] {dag.py:3239} INFO - Sync 1 DAGs
[2025-02-06T17:42:40.165+0000] {logging_mixin.py:190} INFO - [2025-02-06T17:42:40.164+0000] {dag.py:4180} INFO - Setting next_dagrun for example_dag_decorator to None, run_after=None
[2025-02-06T17:42:40.194+0000] {processor.py:208} INFO - Processing /home/airflow/.local/lib/python3.12/site-packages/airflow/example_dags/example_dag_decorator.py took 0.256 seconds
[2025-02-06T17:43:10.653+0000] {processor.py:186} INFO - Started process (PID=213) to work on /home/airflow/.local/lib/python3.12/site-packages/airflow/example_dags/example_dag_decorator.py
[2025-02-06T17:43:10.654+0000] {processor.py:914} INFO - Processing file /home/airflow/.local/lib/python3.12/site-packages/airflow/example_dags/example_dag_decorator.py for tasks to queue
[2025-02-06T17:43:10.658+0000] {logging_mixin.py:190} INFO - [2025-02-06T17:43:10.657+0000] {dagbag.py:588} INFO - Filling up the DagBag from /home/airflow/.local/lib/python3.12/site-packages/airflow/example_dags/example_dag_decorator.py
[2025-02-06T17:43:10.672+0000] {processor.py:925} INFO - DAG(s) 'example_dag_decorator' retrieved from /home/airflow/.local/lib/python3.12/site-packages/airflow/example_dags/example_dag_decorator.py
[2025-02-06T17:43:10.942+0000] {logging_mixin.py:190} INFO - [2025-02-06T17:43:10.942+0000] {dag.py:3239} INFO - Sync 1 DAGs
[2025-02-06T17:43:10.967+0000] {logging_mixin.py:190} INFO - [2025-02-06T17:43:10.966+0000] {dag.py:4180} INFO - Setting next_dagrun for example_dag_decorator to None, run_after=None
[2025-02-06T17:43:11.007+0000] {processor.py:208} INFO - Processing /home/airflow/.local/lib/python3.12/site-packages/airflow/example_dags/example_dag_decorator.py took 0.361 seconds
[2025-02-06T17:43:41.873+0000] {processor.py:186} INFO - Started process (PID=271) to work on /home/airflow/.local/lib/python3.12/site-packages/airflow/example_dags/example_dag_decorator.py
[2025-02-06T17:43:41.874+0000] {processor.py:914} INFO - Processing file /home/airflow/.local/lib/python3.12/site-packages/airflow/example_dags/example_dag_decorator.py for tasks to queue
[2025-02-06T17:43:41.878+0000] {logging_mixin.py:190} INFO - [2025-02-06T17:43:41.878+0000] {dagbag.py:588} INFO - Filling up the DagBag from /home/airflow/.local/lib/python3.12/site-packages/airflow/example_dags/example_dag_decorator.py
[2025-02-06T17:43:41.893+0000] {processor.py:925} INFO - DAG(s) 'example_dag_decorator' retrieved from /home/airflow/.local/lib/python3.12/site-packages/airflow/example_dags/example_dag_decorator.py
[2025-02-06T17:43:42.039+0000] {logging_mixin.py:190} INFO - [2025-02-06T17:43:42.039+0000] {dag.py:3239} INFO - Sync 1 DAGs
[2025-02-06T17:43:42.056+0000] {logging_mixin.py:190} INFO - [2025-02-06T17:43:42.056+0000] {dag.py:4180} INFO - Setting next_dagrun for example_dag_decorator to None, run_after=None
[2025-02-06T17:43:42.087+0000] {processor.py:208} INFO - Processing /home/airflow/.local/lib/python3.12/site-packages/airflow/example_dags/example_dag_decorator.py took 0.222 seconds
[2025-02-06T17:44:12.264+0000] {processor.py:186} INFO - Started process (PID=329) to work on /home/airflow/.local/lib/python3.12/site-packages/airflow/example_dags/example_dag_decorator.py
[2025-02-06T17:44:12.266+0000] {processor.py:914} INFO - Processing file /home/airflow/.local/lib/python3.12/site-packages/airflow/example_dags/example_dag_decorator.py for tasks to queue
[2025-02-06T17:44:12.269+0000] {logging_mixin.py:190} INFO - [2025-02-06T17:44:12.269+0000] {dagbag.py:588} INFO - Filling up the DagBag from /home/airflow/.local/lib/python3.12/site-packages/airflow/example_dags/example_dag_decorator.py
[2025-02-06T17:44:12.284+0000] {processor.py:925} INFO - DAG(s) 'example_dag_decorator' retrieved from /home/airflow/.local/lib/python3.12/site-packages/airflow/example_dags/example_dag_decorator.py
[2025-02-06T17:44:12.478+0000] {logging_mixin.py:190} INFO - [2025-02-06T17:44:12.478+0000] {dag.py:3239} INFO - Sync 1 DAGs
[2025-02-06T17:44:12.496+0000] {logging_mixin.py:190} INFO - [2025-02-06T17:44:12.495+0000] {dag.py:4180} INFO - Setting next_dagrun for example_dag_decorator to None, run_after=None
[2025-02-06T17:44:12.522+0000] {processor.py:208} INFO - Processing /home/airflow/.local/lib/python3.12/site-packages/airflow/example_dags/example_dag_decorator.py took 0.267 seconds
[2025-02-06T17:44:42.895+0000] {processor.py:186} INFO - Started process (PID=385) to work on /home/airflow/.local/lib/python3.12/site-packages/airflow/example_dags/example_dag_decorator.py
[2025-02-06T17:44:42.897+0000] {processor.py:914} INFO - Processing file /home/airflow/.local/lib/python3.12/site-packages/airflow/example_dags/example_dag_decorator.py for tasks to queue
[2025-02-06T17:44:42.901+0000] {logging_mixin.py:190} INFO - [2025-02-06T17:44:42.901+0000] {dagbag.py:588} INFO - Filling up the DagBag from /home/airflow/.local/lib/python3.12/site-packages/airflow/example_dags/example_dag_decorator.py
[2025-02-06T17:44:42.918+0000] {processor.py:925} INFO - DAG(s) 'example_dag_decorator' retrieved from /home/airflow/.local/lib/python3.12/site-packages/airflow/example_dags/example_dag_decorator.py
[2025-02-06T17:44:43.089+0000] {logging_mixin.py:190} INFO - [2025-02-06T17:44:43.089+0000] {dag.py:3239} INFO - Sync 1 DAGs
[2025-02-06T17:44:43.115+0000] {logging_mixin.py:190} INFO - [2025-02-06T17:44:43.115+0000] {dag.py:4180} INFO - Setting next_dagrun for example_dag_decorator to None, run_after=None
[2025-02-06T17:44:43.140+0000] {processor.py:208} INFO - Processing /home/airflow/.local/lib/python3.12/site-packages/airflow/example_dags/example_dag_decorator.py took 0.254 seconds
[2025-02-06T17:53:25.120+0000] {processor.py:186} INFO - Started process (PID=44) to work on /home/airflow/.local/lib/python3.12/site-packages/airflow/example_dags/example_dag_decorator.py
[2025-02-06T17:53:25.122+0000] {processor.py:914} INFO - Processing file /home/airflow/.local/lib/python3.12/site-packages/airflow/example_dags/example_dag_decorator.py for tasks to queue
[2025-02-06T17:53:25.128+0000] {logging_mixin.py:190} INFO - [2025-02-06T17:53:25.127+0000] {dagbag.py:588} INFO - Filling up the DagBag from /home/airflow/.local/lib/python3.12/site-packages/airflow/example_dags/example_dag_decorator.py
[2025-02-06T17:53:25.164+0000] {processor.py:925} INFO - DAG(s) 'example_dag_decorator' retrieved from /home/airflow/.local/lib/python3.12/site-packages/airflow/example_dags/example_dag_decorator.py
[2025-02-06T17:53:25.475+0000] {logging_mixin.py:190} INFO - [2025-02-06T17:53:25.474+0000] {dag.py:3239} INFO - Sync 1 DAGs
[2025-02-06T17:53:25.501+0000] {logging_mixin.py:190} INFO - [2025-02-06T17:53:25.501+0000] {dag.py:4180} INFO - Setting next_dagrun for example_dag_decorator to None, run_after=None
[2025-02-06T17:53:25.543+0000] {processor.py:208} INFO - Processing /home/airflow/.local/lib/python3.12/site-packages/airflow/example_dags/example_dag_decorator.py took 0.439 seconds
[2025-02-06T17:53:55.869+0000] {processor.py:186} INFO - Started process (PID=101) to work on /home/airflow/.local/lib/python3.12/site-packages/airflow/example_dags/example_dag_decorator.py
[2025-02-06T17:53:55.871+0000] {processor.py:914} INFO - Processing file /home/airflow/.local/lib/python3.12/site-packages/airflow/example_dags/example_dag_decorator.py for tasks to queue
[2025-02-06T17:53:55.886+0000] {logging_mixin.py:190} INFO - [2025-02-06T17:53:55.885+0000] {dagbag.py:588} INFO - Filling up the DagBag from /home/airflow/.local/lib/python3.12/site-packages/airflow/example_dags/example_dag_decorator.py
[2025-02-06T17:53:55.927+0000] {processor.py:925} INFO - DAG(s) 'example_dag_decorator' retrieved from /home/airflow/.local/lib/python3.12/site-packages/airflow/example_dags/example_dag_decorator.py
[2025-02-06T17:53:56.345+0000] {logging_mixin.py:190} INFO - [2025-02-06T17:53:56.345+0000] {dag.py:3239} INFO - Sync 1 DAGs
[2025-02-06T17:53:56.367+0000] {logging_mixin.py:190} INFO - [2025-02-06T17:53:56.366+0000] {dag.py:4180} INFO - Setting next_dagrun for example_dag_decorator to None, run_after=None
[2025-02-06T17:53:56.401+0000] {processor.py:208} INFO - Processing /home/airflow/.local/lib/python3.12/site-packages/airflow/example_dags/example_dag_decorator.py took 0.556 seconds
[2025-02-06T17:55:59.085+0000] {processor.py:186} INFO - Started process (PID=44) to work on /home/airflow/.local/lib/python3.12/site-packages/airflow/example_dags/example_dag_decorator.py
[2025-02-06T17:55:59.087+0000] {processor.py:914} INFO - Processing file /home/airflow/.local/lib/python3.12/site-packages/airflow/example_dags/example_dag_decorator.py for tasks to queue
[2025-02-06T17:55:59.091+0000] {logging_mixin.py:190} INFO - [2025-02-06T17:55:59.090+0000] {dagbag.py:588} INFO - Filling up the DagBag from /home/airflow/.local/lib/python3.12/site-packages/airflow/example_dags/example_dag_decorator.py
[2025-02-06T17:55:59.126+0000] {processor.py:925} INFO - DAG(s) 'example_dag_decorator' retrieved from /home/airflow/.local/lib/python3.12/site-packages/airflow/example_dags/example_dag_decorator.py
[2025-02-06T17:55:59.628+0000] {logging_mixin.py:190} INFO - [2025-02-06T17:55:59.628+0000] {dag.py:3239} INFO - Sync 1 DAGs
[2025-02-06T17:55:59.673+0000] {logging_mixin.py:190} INFO - [2025-02-06T17:55:59.673+0000] {dag.py:4180} INFO - Setting next_dagrun for example_dag_decorator to None, run_after=None
[2025-02-06T17:56:00.128+0000] {processor.py:208} INFO - Processing /home/airflow/.local/lib/python3.12/site-packages/airflow/example_dags/example_dag_decorator.py took 1.053 seconds
[2025-02-06T17:56:30.336+0000] {processor.py:186} INFO - Started process (PID=101) to work on /home/airflow/.local/lib/python3.12/site-packages/airflow/example_dags/example_dag_decorator.py
[2025-02-06T17:56:30.338+0000] {processor.py:914} INFO - Processing file /home/airflow/.local/lib/python3.12/site-packages/airflow/example_dags/example_dag_decorator.py for tasks to queue
[2025-02-06T17:56:30.341+0000] {logging_mixin.py:190} INFO - [2025-02-06T17:56:30.341+0000] {dagbag.py:588} INFO - Filling up the DagBag from /home/airflow/.local/lib/python3.12/site-packages/airflow/example_dags/example_dag_decorator.py
[2025-02-06T17:56:30.356+0000] {processor.py:925} INFO - DAG(s) 'example_dag_decorator' retrieved from /home/airflow/.local/lib/python3.12/site-packages/airflow/example_dags/example_dag_decorator.py
[2025-02-06T17:56:30.502+0000] {logging_mixin.py:190} INFO - [2025-02-06T17:56:30.502+0000] {dag.py:3239} INFO - Sync 1 DAGs
[2025-02-06T17:56:30.520+0000] {logging_mixin.py:190} INFO - [2025-02-06T17:56:30.520+0000] {dag.py:4180} INFO - Setting next_dagrun for example_dag_decorator to None, run_after=None
[2025-02-06T17:56:30.670+0000] {processor.py:208} INFO - Processing /home/airflow/.local/lib/python3.12/site-packages/airflow/example_dags/example_dag_decorator.py took 0.342 seconds
[2025-02-06T17:57:00.774+0000] {processor.py:186} INFO - Started process (PID=159) to work on /home/airflow/.local/lib/python3.12/site-packages/airflow/example_dags/example_dag_decorator.py
[2025-02-06T17:57:00.775+0000] {processor.py:914} INFO - Processing file /home/airflow/.local/lib/python3.12/site-packages/airflow/example_dags/example_dag_decorator.py for tasks to queue
[2025-02-06T17:57:00.778+0000] {logging_mixin.py:190} INFO - [2025-02-06T17:57:00.777+0000] {dagbag.py:588} INFO - Filling up the DagBag from /home/airflow/.local/lib/python3.12/site-packages/airflow/example_dags/example_dag_decorator.py
[2025-02-06T17:57:00.796+0000] {processor.py:925} INFO - DAG(s) 'example_dag_decorator' retrieved from /home/airflow/.local/lib/python3.12/site-packages/airflow/example_dags/example_dag_decorator.py
[2025-02-06T17:57:00.961+0000] {logging_mixin.py:190} INFO - [2025-02-06T17:57:00.960+0000] {dag.py:3239} INFO - Sync 1 DAGs
[2025-02-06T17:57:00.979+0000] {logging_mixin.py:190} INFO - [2025-02-06T17:57:00.978+0000] {dag.py:4180} INFO - Setting next_dagrun for example_dag_decorator to None, run_after=None
[2025-02-06T17:57:01.012+0000] {processor.py:208} INFO - Processing /home/airflow/.local/lib/python3.12/site-packages/airflow/example_dags/example_dag_decorator.py took 0.247 seconds
[2025-02-06T17:57:31.895+0000] {processor.py:186} INFO - Started process (PID=217) to work on /home/airflow/.local/lib/python3.12/site-packages/airflow/example_dags/example_dag_decorator.py
[2025-02-06T17:57:31.896+0000] {processor.py:914} INFO - Processing file /home/airflow/.local/lib/python3.12/site-packages/airflow/example_dags/example_dag_decorator.py for tasks to queue
[2025-02-06T17:57:31.899+0000] {logging_mixin.py:190} INFO - [2025-02-06T17:57:31.899+0000] {dagbag.py:588} INFO - Filling up the DagBag from /home/airflow/.local/lib/python3.12/site-packages/airflow/example_dags/example_dag_decorator.py
[2025-02-06T17:57:31.914+0000] {processor.py:925} INFO - DAG(s) 'example_dag_decorator' retrieved from /home/airflow/.local/lib/python3.12/site-packages/airflow/example_dags/example_dag_decorator.py
[2025-02-06T17:57:32.060+0000] {logging_mixin.py:190} INFO - [2025-02-06T17:57:32.060+0000] {dag.py:3239} INFO - Sync 1 DAGs
[2025-02-06T17:57:32.077+0000] {logging_mixin.py:190} INFO - [2025-02-06T17:57:32.076+0000] {dag.py:4180} INFO - Setting next_dagrun for example_dag_decorator to None, run_after=None
[2025-02-06T17:57:32.104+0000] {processor.py:208} INFO - Processing /home/airflow/.local/lib/python3.12/site-packages/airflow/example_dags/example_dag_decorator.py took 0.217 seconds
[2025-02-06T17:58:02.651+0000] {processor.py:186} INFO - Started process (PID=275) to work on /home/airflow/.local/lib/python3.12/site-packages/airflow/example_dags/example_dag_decorator.py
[2025-02-06T17:58:02.652+0000] {processor.py:914} INFO - Processing file /home/airflow/.local/lib/python3.12/site-packages/airflow/example_dags/example_dag_decorator.py for tasks to queue
[2025-02-06T17:58:02.656+0000] {logging_mixin.py:190} INFO - [2025-02-06T17:58:02.655+0000] {dagbag.py:588} INFO - Filling up the DagBag from /home/airflow/.local/lib/python3.12/site-packages/airflow/example_dags/example_dag_decorator.py
[2025-02-06T17:58:02.671+0000] {processor.py:925} INFO - DAG(s) 'example_dag_decorator' retrieved from /home/airflow/.local/lib/python3.12/site-packages/airflow/example_dags/example_dag_decorator.py
[2025-02-06T17:58:02.828+0000] {logging_mixin.py:190} INFO - [2025-02-06T17:58:02.827+0000] {dag.py:3239} INFO - Sync 1 DAGs
[2025-02-06T17:58:02.845+0000] {logging_mixin.py:190} INFO - [2025-02-06T17:58:02.845+0000] {dag.py:4180} INFO - Setting next_dagrun for example_dag_decorator to None, run_after=None
[2025-02-06T17:58:02.870+0000] {processor.py:208} INFO - Processing /home/airflow/.local/lib/python3.12/site-packages/airflow/example_dags/example_dag_decorator.py took 0.227 seconds
[2025-02-06T17:58:33.295+0000] {processor.py:186} INFO - Started process (PID=333) to work on /home/airflow/.local/lib/python3.12/site-packages/airflow/example_dags/example_dag_decorator.py
[2025-02-06T17:58:33.296+0000] {processor.py:914} INFO - Processing file /home/airflow/.local/lib/python3.12/site-packages/airflow/example_dags/example_dag_decorator.py for tasks to queue
[2025-02-06T17:58:33.302+0000] {logging_mixin.py:190} INFO - [2025-02-06T17:58:33.300+0000] {dagbag.py:588} INFO - Filling up the DagBag from /home/airflow/.local/lib/python3.12/site-packages/airflow/example_dags/example_dag_decorator.py
[2025-02-06T17:58:33.322+0000] {processor.py:925} INFO - DAG(s) 'example_dag_decorator' retrieved from /home/airflow/.local/lib/python3.12/site-packages/airflow/example_dags/example_dag_decorator.py
[2025-02-06T17:58:33.577+0000] {logging_mixin.py:190} INFO - [2025-02-06T17:58:33.577+0000] {dag.py:3239} INFO - Sync 1 DAGs
[2025-02-06T17:58:33.608+0000] {logging_mixin.py:190} INFO - [2025-02-06T17:58:33.607+0000] {dag.py:4180} INFO - Setting next_dagrun for example_dag_decorator to None, run_after=None
[2025-02-06T17:58:33.649+0000] {processor.py:208} INFO - Processing /home/airflow/.local/lib/python3.12/site-packages/airflow/example_dags/example_dag_decorator.py took 0.365 seconds
[2025-02-06T17:59:04.017+0000] {processor.py:186} INFO - Started process (PID=391) to work on /home/airflow/.local/lib/python3.12/site-packages/airflow/example_dags/example_dag_decorator.py
[2025-02-06T17:59:04.018+0000] {processor.py:914} INFO - Processing file /home/airflow/.local/lib/python3.12/site-packages/airflow/example_dags/example_dag_decorator.py for tasks to queue
[2025-02-06T17:59:04.021+0000] {logging_mixin.py:190} INFO - [2025-02-06T17:59:04.021+0000] {dagbag.py:588} INFO - Filling up the DagBag from /home/airflow/.local/lib/python3.12/site-packages/airflow/example_dags/example_dag_decorator.py
[2025-02-06T17:59:04.036+0000] {processor.py:925} INFO - DAG(s) 'example_dag_decorator' retrieved from /home/airflow/.local/lib/python3.12/site-packages/airflow/example_dags/example_dag_decorator.py
[2025-02-06T17:59:04.205+0000] {logging_mixin.py:190} INFO - [2025-02-06T17:59:04.204+0000] {dag.py:3239} INFO - Sync 1 DAGs
[2025-02-06T17:59:04.224+0000] {logging_mixin.py:190} INFO - [2025-02-06T17:59:04.224+0000] {dag.py:4180} INFO - Setting next_dagrun for example_dag_decorator to None, run_after=None
[2025-02-06T17:59:04.249+0000] {processor.py:208} INFO - Processing /home/airflow/.local/lib/python3.12/site-packages/airflow/example_dags/example_dag_decorator.py took 0.241 seconds
[2025-02-06T17:59:34.955+0000] {processor.py:186} INFO - Started process (PID=449) to work on /home/airflow/.local/lib/python3.12/site-packages/airflow/example_dags/example_dag_decorator.py
[2025-02-06T17:59:34.956+0000] {processor.py:914} INFO - Processing file /home/airflow/.local/lib/python3.12/site-packages/airflow/example_dags/example_dag_decorator.py for tasks to queue
[2025-02-06T17:59:34.959+0000] {logging_mixin.py:190} INFO - [2025-02-06T17:59:34.959+0000] {dagbag.py:588} INFO - Filling up the DagBag from /home/airflow/.local/lib/python3.12/site-packages/airflow/example_dags/example_dag_decorator.py
[2025-02-06T17:59:34.975+0000] {processor.py:925} INFO - DAG(s) 'example_dag_decorator' retrieved from /home/airflow/.local/lib/python3.12/site-packages/airflow/example_dags/example_dag_decorator.py
[2025-02-06T17:59:35.141+0000] {logging_mixin.py:190} INFO - [2025-02-06T17:59:35.140+0000] {dag.py:3239} INFO - Sync 1 DAGs
[2025-02-06T17:59:35.157+0000] {logging_mixin.py:190} INFO - [2025-02-06T17:59:35.157+0000] {dag.py:4180} INFO - Setting next_dagrun for example_dag_decorator to None, run_after=None
[2025-02-06T17:59:35.186+0000] {processor.py:208} INFO - Processing /home/airflow/.local/lib/python3.12/site-packages/airflow/example_dags/example_dag_decorator.py took 0.239 seconds
[2025-02-06T18:00:05.312+0000] {processor.py:186} INFO - Started process (PID=507) to work on /home/airflow/.local/lib/python3.12/site-packages/airflow/example_dags/example_dag_decorator.py
[2025-02-06T18:00:05.314+0000] {processor.py:914} INFO - Processing file /home/airflow/.local/lib/python3.12/site-packages/airflow/example_dags/example_dag_decorator.py for tasks to queue
[2025-02-06T18:00:05.317+0000] {logging_mixin.py:190} INFO - [2025-02-06T18:00:05.317+0000] {dagbag.py:588} INFO - Filling up the DagBag from /home/airflow/.local/lib/python3.12/site-packages/airflow/example_dags/example_dag_decorator.py
[2025-02-06T18:00:05.334+0000] {processor.py:925} INFO - DAG(s) 'example_dag_decorator' retrieved from /home/airflow/.local/lib/python3.12/site-packages/airflow/example_dags/example_dag_decorator.py
[2025-02-06T18:00:05.477+0000] {logging_mixin.py:190} INFO - [2025-02-06T18:00:05.477+0000] {dag.py:3239} INFO - Sync 1 DAGs
[2025-02-06T18:00:05.492+0000] {logging_mixin.py:190} INFO - [2025-02-06T18:00:05.492+0000] {dag.py:4180} INFO - Setting next_dagrun for example_dag_decorator to None, run_after=None
[2025-02-06T18:00:05.518+0000] {processor.py:208} INFO - Processing /home/airflow/.local/lib/python3.12/site-packages/airflow/example_dags/example_dag_decorator.py took 0.214 seconds
[2025-02-06T18:00:35.662+0000] {processor.py:186} INFO - Started process (PID=565) to work on /home/airflow/.local/lib/python3.12/site-packages/airflow/example_dags/example_dag_decorator.py
[2025-02-06T18:00:35.664+0000] {processor.py:914} INFO - Processing file /home/airflow/.local/lib/python3.12/site-packages/airflow/example_dags/example_dag_decorator.py for tasks to queue
[2025-02-06T18:00:35.669+0000] {logging_mixin.py:190} INFO - [2025-02-06T18:00:35.668+0000] {dagbag.py:588} INFO - Filling up the DagBag from /home/airflow/.local/lib/python3.12/site-packages/airflow/example_dags/example_dag_decorator.py
[2025-02-06T18:00:35.694+0000] {processor.py:925} INFO - DAG(s) 'example_dag_decorator' retrieved from /home/airflow/.local/lib/python3.12/site-packages/airflow/example_dags/example_dag_decorator.py
[2025-02-06T18:00:35.890+0000] {logging_mixin.py:190} INFO - [2025-02-06T18:00:35.890+0000] {dag.py:3239} INFO - Sync 1 DAGs
[2025-02-06T18:00:35.922+0000] {logging_mixin.py:190} INFO - [2025-02-06T18:00:35.921+0000] {dag.py:4180} INFO - Setting next_dagrun for example_dag_decorator to None, run_after=None
[2025-02-06T18:00:35.976+0000] {processor.py:208} INFO - Processing /home/airflow/.local/lib/python3.12/site-packages/airflow/example_dags/example_dag_decorator.py took 0.326 seconds
[2025-02-06T18:01:06.058+0000] {processor.py:186} INFO - Started process (PID=624) to work on /home/airflow/.local/lib/python3.12/site-packages/airflow/example_dags/example_dag_decorator.py
[2025-02-06T18:01:06.059+0000] {processor.py:914} INFO - Processing file /home/airflow/.local/lib/python3.12/site-packages/airflow/example_dags/example_dag_decorator.py for tasks to queue
[2025-02-06T18:01:06.064+0000] {logging_mixin.py:190} INFO - [2025-02-06T18:01:06.063+0000] {dagbag.py:588} INFO - Filling up the DagBag from /home/airflow/.local/lib/python3.12/site-packages/airflow/example_dags/example_dag_decorator.py
[2025-02-06T18:01:06.082+0000] {processor.py:925} INFO - DAG(s) 'example_dag_decorator' retrieved from /home/airflow/.local/lib/python3.12/site-packages/airflow/example_dags/example_dag_decorator.py
[2025-02-06T18:01:06.286+0000] {logging_mixin.py:190} INFO - [2025-02-06T18:01:06.286+0000] {dag.py:3239} INFO - Sync 1 DAGs
[2025-02-06T18:01:06.316+0000] {logging_mixin.py:190} INFO - [2025-02-06T18:01:06.313+0000] {dag.py:4180} INFO - Setting next_dagrun for example_dag_decorator to None, run_after=None
[2025-02-06T18:01:06.350+0000] {processor.py:208} INFO - Processing /home/airflow/.local/lib/python3.12/site-packages/airflow/example_dags/example_dag_decorator.py took 0.303 seconds
[2025-02-06T18:01:36.418+0000] {processor.py:186} INFO - Started process (PID=682) to work on /home/airflow/.local/lib/python3.12/site-packages/airflow/example_dags/example_dag_decorator.py
[2025-02-06T18:01:36.419+0000] {processor.py:914} INFO - Processing file /home/airflow/.local/lib/python3.12/site-packages/airflow/example_dags/example_dag_decorator.py for tasks to queue
[2025-02-06T18:01:36.423+0000] {logging_mixin.py:190} INFO - [2025-02-06T18:01:36.422+0000] {dagbag.py:588} INFO - Filling up the DagBag from /home/airflow/.local/lib/python3.12/site-packages/airflow/example_dags/example_dag_decorator.py
[2025-02-06T18:01:36.442+0000] {processor.py:925} INFO - DAG(s) 'example_dag_decorator' retrieved from /home/airflow/.local/lib/python3.12/site-packages/airflow/example_dags/example_dag_decorator.py
[2025-02-06T18:01:36.596+0000] {logging_mixin.py:190} INFO - [2025-02-06T18:01:36.596+0000] {dag.py:3239} INFO - Sync 1 DAGs
[2025-02-06T18:01:36.612+0000] {logging_mixin.py:190} INFO - [2025-02-06T18:01:36.612+0000] {dag.py:4180} INFO - Setting next_dagrun for example_dag_decorator to None, run_after=None
[2025-02-06T18:01:36.637+0000] {processor.py:208} INFO - Processing /home/airflow/.local/lib/python3.12/site-packages/airflow/example_dags/example_dag_decorator.py took 0.228 seconds
[2025-02-06T18:15:32.762+0000] {processor.py:186} INFO - Started process (PID=43) to work on /home/airflow/.local/lib/python3.12/site-packages/airflow/example_dags/example_dag_decorator.py
[2025-02-06T18:15:32.766+0000] {processor.py:914} INFO - Processing file /home/airflow/.local/lib/python3.12/site-packages/airflow/example_dags/example_dag_decorator.py for tasks to queue
[2025-02-06T18:15:32.772+0000] {logging_mixin.py:190} INFO - [2025-02-06T18:15:32.771+0000] {dagbag.py:588} INFO - Filling up the DagBag from /home/airflow/.local/lib/python3.12/site-packages/airflow/example_dags/example_dag_decorator.py
[2025-02-06T18:15:32.808+0000] {processor.py:925} INFO - DAG(s) 'example_dag_decorator' retrieved from /home/airflow/.local/lib/python3.12/site-packages/airflow/example_dags/example_dag_decorator.py
[2025-02-06T18:15:33.097+0000] {logging_mixin.py:190} INFO - [2025-02-06T18:15:33.097+0000] {dag.py:3239} INFO - Sync 1 DAGs
[2025-02-06T18:15:33.120+0000] {logging_mixin.py:190} INFO - [2025-02-06T18:15:33.120+0000] {dag.py:4180} INFO - Setting next_dagrun for example_dag_decorator to None, run_after=None
[2025-02-06T18:15:33.152+0000] {processor.py:208} INFO - Processing /home/airflow/.local/lib/python3.12/site-packages/airflow/example_dags/example_dag_decorator.py took 0.402 seconds
[2025-02-06T18:16:03.862+0000] {processor.py:186} INFO - Started process (PID=99) to work on /home/airflow/.local/lib/python3.12/site-packages/airflow/example_dags/example_dag_decorator.py
[2025-02-06T18:16:03.864+0000] {processor.py:914} INFO - Processing file /home/airflow/.local/lib/python3.12/site-packages/airflow/example_dags/example_dag_decorator.py for tasks to queue
[2025-02-06T18:16:03.869+0000] {logging_mixin.py:190} INFO - [2025-02-06T18:16:03.868+0000] {dagbag.py:588} INFO - Filling up the DagBag from /home/airflow/.local/lib/python3.12/site-packages/airflow/example_dags/example_dag_decorator.py
[2025-02-06T18:16:03.893+0000] {processor.py:925} INFO - DAG(s) 'example_dag_decorator' retrieved from /home/airflow/.local/lib/python3.12/site-packages/airflow/example_dags/example_dag_decorator.py
[2025-02-06T18:16:04.077+0000] {logging_mixin.py:190} INFO - [2025-02-06T18:16:04.077+0000] {dag.py:3239} INFO - Sync 1 DAGs
[2025-02-06T18:16:04.098+0000] {logging_mixin.py:190} INFO - [2025-02-06T18:16:04.098+0000] {dag.py:4180} INFO - Setting next_dagrun for example_dag_decorator to None, run_after=None
[2025-02-06T18:16:04.128+0000] {processor.py:208} INFO - Processing /home/airflow/.local/lib/python3.12/site-packages/airflow/example_dags/example_dag_decorator.py took 0.275 seconds
[2025-02-06T18:16:34.315+0000] {processor.py:186} INFO - Started process (PID=157) to work on /home/airflow/.local/lib/python3.12/site-packages/airflow/example_dags/example_dag_decorator.py
[2025-02-06T18:16:34.316+0000] {processor.py:914} INFO - Processing file /home/airflow/.local/lib/python3.12/site-packages/airflow/example_dags/example_dag_decorator.py for tasks to queue
[2025-02-06T18:16:34.319+0000] {logging_mixin.py:190} INFO - [2025-02-06T18:16:34.319+0000] {dagbag.py:588} INFO - Filling up the DagBag from /home/airflow/.local/lib/python3.12/site-packages/airflow/example_dags/example_dag_decorator.py
[2025-02-06T18:16:34.336+0000] {processor.py:925} INFO - DAG(s) 'example_dag_decorator' retrieved from /home/airflow/.local/lib/python3.12/site-packages/airflow/example_dags/example_dag_decorator.py
[2025-02-06T18:16:34.533+0000] {logging_mixin.py:190} INFO - [2025-02-06T18:16:34.533+0000] {dag.py:3239} INFO - Sync 1 DAGs
[2025-02-06T18:16:34.557+0000] {logging_mixin.py:190} INFO - [2025-02-06T18:16:34.556+0000] {dag.py:4180} INFO - Setting next_dagrun for example_dag_decorator to None, run_after=None
[2025-02-06T18:16:34.593+0000] {processor.py:208} INFO - Processing /home/airflow/.local/lib/python3.12/site-packages/airflow/example_dags/example_dag_decorator.py took 0.286 seconds
[2025-02-06T18:17:04.756+0000] {processor.py:186} INFO - Started process (PID=213) to work on /home/airflow/.local/lib/python3.12/site-packages/airflow/example_dags/example_dag_decorator.py
[2025-02-06T18:17:04.757+0000] {processor.py:914} INFO - Processing file /home/airflow/.local/lib/python3.12/site-packages/airflow/example_dags/example_dag_decorator.py for tasks to queue
[2025-02-06T18:17:04.760+0000] {logging_mixin.py:190} INFO - [2025-02-06T18:17:04.760+0000] {dagbag.py:588} INFO - Filling up the DagBag from /home/airflow/.local/lib/python3.12/site-packages/airflow/example_dags/example_dag_decorator.py
[2025-02-06T18:17:04.775+0000] {processor.py:925} INFO - DAG(s) 'example_dag_decorator' retrieved from /home/airflow/.local/lib/python3.12/site-packages/airflow/example_dags/example_dag_decorator.py
[2025-02-06T18:17:04.951+0000] {logging_mixin.py:190} INFO - [2025-02-06T18:17:04.951+0000] {dag.py:3239} INFO - Sync 1 DAGs
[2025-02-06T18:17:04.977+0000] {logging_mixin.py:190} INFO - [2025-02-06T18:17:04.976+0000] {dag.py:4180} INFO - Setting next_dagrun for example_dag_decorator to None, run_after=None
[2025-02-06T18:17:05.006+0000] {processor.py:208} INFO - Processing /home/airflow/.local/lib/python3.12/site-packages/airflow/example_dags/example_dag_decorator.py took 0.258 seconds
[2025-02-06T18:17:35.182+0000] {processor.py:186} INFO - Started process (PID=271) to work on /home/airflow/.local/lib/python3.12/site-packages/airflow/example_dags/example_dag_decorator.py
[2025-02-06T18:17:35.183+0000] {processor.py:914} INFO - Processing file /home/airflow/.local/lib/python3.12/site-packages/airflow/example_dags/example_dag_decorator.py for tasks to queue
[2025-02-06T18:17:35.187+0000] {logging_mixin.py:190} INFO - [2025-02-06T18:17:35.187+0000] {dagbag.py:588} INFO - Filling up the DagBag from /home/airflow/.local/lib/python3.12/site-packages/airflow/example_dags/example_dag_decorator.py
[2025-02-06T18:17:35.203+0000] {processor.py:925} INFO - DAG(s) 'example_dag_decorator' retrieved from /home/airflow/.local/lib/python3.12/site-packages/airflow/example_dags/example_dag_decorator.py
[2025-02-06T18:17:35.376+0000] {logging_mixin.py:190} INFO - [2025-02-06T18:17:35.375+0000] {dag.py:3239} INFO - Sync 1 DAGs
[2025-02-06T18:17:35.396+0000] {logging_mixin.py:190} INFO - [2025-02-06T18:17:35.395+0000] {dag.py:4180} INFO - Setting next_dagrun for example_dag_decorator to None, run_after=None
[2025-02-06T18:17:35.420+0000] {processor.py:208} INFO - Processing /home/airflow/.local/lib/python3.12/site-packages/airflow/example_dags/example_dag_decorator.py took 0.245 seconds
[2025-02-06T18:18:05.524+0000] {processor.py:186} INFO - Started process (PID=328) to work on /home/airflow/.local/lib/python3.12/site-packages/airflow/example_dags/example_dag_decorator.py
[2025-02-06T18:18:05.526+0000] {processor.py:914} INFO - Processing file /home/airflow/.local/lib/python3.12/site-packages/airflow/example_dags/example_dag_decorator.py for tasks to queue
[2025-02-06T18:18:05.537+0000] {logging_mixin.py:190} INFO - [2025-02-06T18:18:05.533+0000] {dagbag.py:588} INFO - Filling up the DagBag from /home/airflow/.local/lib/python3.12/site-packages/airflow/example_dags/example_dag_decorator.py
[2025-02-06T18:18:05.590+0000] {processor.py:925} INFO - DAG(s) 'example_dag_decorator' retrieved from /home/airflow/.local/lib/python3.12/site-packages/airflow/example_dags/example_dag_decorator.py
[2025-02-06T18:18:05.965+0000] {logging_mixin.py:190} INFO - [2025-02-06T18:18:05.965+0000] {dag.py:3239} INFO - Sync 1 DAGs
[2025-02-06T18:18:05.989+0000] {logging_mixin.py:190} INFO - [2025-02-06T18:18:05.988+0000] {dag.py:4180} INFO - Setting next_dagrun for example_dag_decorator to None, run_after=None
[2025-02-06T18:18:06.025+0000] {processor.py:208} INFO - Processing /home/airflow/.local/lib/python3.12/site-packages/airflow/example_dags/example_dag_decorator.py took 0.519 seconds
[2025-02-06T18:18:36.246+0000] {processor.py:186} INFO - Started process (PID=386) to work on /home/airflow/.local/lib/python3.12/site-packages/airflow/example_dags/example_dag_decorator.py
[2025-02-06T18:18:36.248+0000] {processor.py:914} INFO - Processing file /home/airflow/.local/lib/python3.12/site-packages/airflow/example_dags/example_dag_decorator.py for tasks to queue
[2025-02-06T18:18:36.251+0000] {logging_mixin.py:190} INFO - [2025-02-06T18:18:36.251+0000] {dagbag.py:588} INFO - Filling up the DagBag from /home/airflow/.local/lib/python3.12/site-packages/airflow/example_dags/example_dag_decorator.py
[2025-02-06T18:18:36.268+0000] {processor.py:925} INFO - DAG(s) 'example_dag_decorator' retrieved from /home/airflow/.local/lib/python3.12/site-packages/airflow/example_dags/example_dag_decorator.py
[2025-02-06T18:18:36.459+0000] {logging_mixin.py:190} INFO - [2025-02-06T18:18:36.459+0000] {dag.py:3239} INFO - Sync 1 DAGs
[2025-02-06T18:18:36.482+0000] {logging_mixin.py:190} INFO - [2025-02-06T18:18:36.482+0000] {dag.py:4180} INFO - Setting next_dagrun for example_dag_decorator to None, run_after=None
[2025-02-06T18:18:36.514+0000] {processor.py:208} INFO - Processing /home/airflow/.local/lib/python3.12/site-packages/airflow/example_dags/example_dag_decorator.py took 0.277 seconds
[2025-02-06T18:19:06.637+0000] {processor.py:186} INFO - Started process (PID=442) to work on /home/airflow/.local/lib/python3.12/site-packages/airflow/example_dags/example_dag_decorator.py
[2025-02-06T18:19:06.640+0000] {processor.py:914} INFO - Processing file /home/airflow/.local/lib/python3.12/site-packages/airflow/example_dags/example_dag_decorator.py for tasks to queue
[2025-02-06T18:19:06.645+0000] {logging_mixin.py:190} INFO - [2025-02-06T18:19:06.644+0000] {dagbag.py:588} INFO - Filling up the DagBag from /home/airflow/.local/lib/python3.12/site-packages/airflow/example_dags/example_dag_decorator.py
[2025-02-06T18:19:06.692+0000] {processor.py:925} INFO - DAG(s) 'example_dag_decorator' retrieved from /home/airflow/.local/lib/python3.12/site-packages/airflow/example_dags/example_dag_decorator.py
[2025-02-06T18:19:07.026+0000] {logging_mixin.py:190} INFO - [2025-02-06T18:19:07.026+0000] {dag.py:3239} INFO - Sync 1 DAGs
[2025-02-06T18:19:07.060+0000] {logging_mixin.py:190} INFO - [2025-02-06T18:19:07.060+0000] {dag.py:4180} INFO - Setting next_dagrun for example_dag_decorator to None, run_after=None
[2025-02-06T18:19:07.149+0000] {processor.py:208} INFO - Processing /home/airflow/.local/lib/python3.12/site-packages/airflow/example_dags/example_dag_decorator.py took 0.527 seconds
[2025-02-06T18:19:37.353+0000] {processor.py:186} INFO - Started process (PID=500) to work on /home/airflow/.local/lib/python3.12/site-packages/airflow/example_dags/example_dag_decorator.py
[2025-02-06T18:19:37.355+0000] {processor.py:914} INFO - Processing file /home/airflow/.local/lib/python3.12/site-packages/airflow/example_dags/example_dag_decorator.py for tasks to queue
[2025-02-06T18:19:37.359+0000] {logging_mixin.py:190} INFO - [2025-02-06T18:19:37.359+0000] {dagbag.py:588} INFO - Filling up the DagBag from /home/airflow/.local/lib/python3.12/site-packages/airflow/example_dags/example_dag_decorator.py
[2025-02-06T18:19:37.381+0000] {processor.py:925} INFO - DAG(s) 'example_dag_decorator' retrieved from /home/airflow/.local/lib/python3.12/site-packages/airflow/example_dags/example_dag_decorator.py
[2025-02-06T18:19:37.565+0000] {logging_mixin.py:190} INFO - [2025-02-06T18:19:37.565+0000] {dag.py:3239} INFO - Sync 1 DAGs
[2025-02-06T18:19:37.582+0000] {logging_mixin.py:190} INFO - [2025-02-06T18:19:37.582+0000] {dag.py:4180} INFO - Setting next_dagrun for example_dag_decorator to None, run_after=None
[2025-02-06T18:19:37.606+0000] {processor.py:208} INFO - Processing /home/airflow/.local/lib/python3.12/site-packages/airflow/example_dags/example_dag_decorator.py took 0.262 seconds
[2025-02-06T18:20:08.048+0000] {processor.py:186} INFO - Started process (PID=556) to work on /home/airflow/.local/lib/python3.12/site-packages/airflow/example_dags/example_dag_decorator.py
[2025-02-06T18:20:08.050+0000] {processor.py:914} INFO - Processing file /home/airflow/.local/lib/python3.12/site-packages/airflow/example_dags/example_dag_decorator.py for tasks to queue
[2025-02-06T18:20:08.054+0000] {logging_mixin.py:190} INFO - [2025-02-06T18:20:08.053+0000] {dagbag.py:588} INFO - Filling up the DagBag from /home/airflow/.local/lib/python3.12/site-packages/airflow/example_dags/example_dag_decorator.py
[2025-02-06T18:20:08.072+0000] {processor.py:925} INFO - DAG(s) 'example_dag_decorator' retrieved from /home/airflow/.local/lib/python3.12/site-packages/airflow/example_dags/example_dag_decorator.py
[2025-02-06T18:20:08.285+0000] {logging_mixin.py:190} INFO - [2025-02-06T18:20:08.285+0000] {dag.py:3239} INFO - Sync 1 DAGs
[2025-02-06T18:20:08.332+0000] {logging_mixin.py:190} INFO - [2025-02-06T18:20:08.331+0000] {dag.py:4180} INFO - Setting next_dagrun for example_dag_decorator to None, run_after=None
[2025-02-06T18:20:08.372+0000] {processor.py:208} INFO - Processing /home/airflow/.local/lib/python3.12/site-packages/airflow/example_dags/example_dag_decorator.py took 0.336 seconds
[2025-02-06T18:20:38.454+0000] {processor.py:186} INFO - Started process (PID=614) to work on /home/airflow/.local/lib/python3.12/site-packages/airflow/example_dags/example_dag_decorator.py
[2025-02-06T18:20:38.456+0000] {processor.py:914} INFO - Processing file /home/airflow/.local/lib/python3.12/site-packages/airflow/example_dags/example_dag_decorator.py for tasks to queue
[2025-02-06T18:20:38.459+0000] {logging_mixin.py:190} INFO - [2025-02-06T18:20:38.459+0000] {dagbag.py:588} INFO - Filling up the DagBag from /home/airflow/.local/lib/python3.12/site-packages/airflow/example_dags/example_dag_decorator.py
[2025-02-06T18:20:38.475+0000] {processor.py:925} INFO - DAG(s) 'example_dag_decorator' retrieved from /home/airflow/.local/lib/python3.12/site-packages/airflow/example_dags/example_dag_decorator.py
[2025-02-06T18:20:38.629+0000] {logging_mixin.py:190} INFO - [2025-02-06T18:20:38.629+0000] {dag.py:3239} INFO - Sync 1 DAGs
[2025-02-06T18:20:38.652+0000] {logging_mixin.py:190} INFO - [2025-02-06T18:20:38.652+0000] {dag.py:4180} INFO - Setting next_dagrun for example_dag_decorator to None, run_after=None
[2025-02-06T18:20:38.681+0000] {processor.py:208} INFO - Processing /home/airflow/.local/lib/python3.12/site-packages/airflow/example_dags/example_dag_decorator.py took 0.236 seconds
[2025-02-06T18:21:09.267+0000] {processor.py:186} INFO - Started process (PID=670) to work on /home/airflow/.local/lib/python3.12/site-packages/airflow/example_dags/example_dag_decorator.py
[2025-02-06T18:21:09.269+0000] {processor.py:914} INFO - Processing file /home/airflow/.local/lib/python3.12/site-packages/airflow/example_dags/example_dag_decorator.py for tasks to queue
[2025-02-06T18:21:09.273+0000] {logging_mixin.py:190} INFO - [2025-02-06T18:21:09.272+0000] {dagbag.py:588} INFO - Filling up the DagBag from /home/airflow/.local/lib/python3.12/site-packages/airflow/example_dags/example_dag_decorator.py
[2025-02-06T18:21:09.295+0000] {processor.py:925} INFO - DAG(s) 'example_dag_decorator' retrieved from /home/airflow/.local/lib/python3.12/site-packages/airflow/example_dags/example_dag_decorator.py
[2025-02-06T18:21:09.542+0000] {logging_mixin.py:190} INFO - [2025-02-06T18:21:09.542+0000] {dag.py:3239} INFO - Sync 1 DAGs
[2025-02-06T18:21:09.566+0000] {logging_mixin.py:190} INFO - [2025-02-06T18:21:09.566+0000] {dag.py:4180} INFO - Setting next_dagrun for example_dag_decorator to None, run_after=None
[2025-02-06T18:21:09.597+0000] {processor.py:208} INFO - Processing /home/airflow/.local/lib/python3.12/site-packages/airflow/example_dags/example_dag_decorator.py took 0.341 seconds
[2025-02-06T18:21:39.792+0000] {processor.py:186} INFO - Started process (PID=726) to work on /home/airflow/.local/lib/python3.12/site-packages/airflow/example_dags/example_dag_decorator.py
[2025-02-06T18:21:39.794+0000] {processor.py:914} INFO - Processing file /home/airflow/.local/lib/python3.12/site-packages/airflow/example_dags/example_dag_decorator.py for tasks to queue
[2025-02-06T18:21:39.797+0000] {logging_mixin.py:190} INFO - [2025-02-06T18:21:39.796+0000] {dagbag.py:588} INFO - Filling up the DagBag from /home/airflow/.local/lib/python3.12/site-packages/airflow/example_dags/example_dag_decorator.py
[2025-02-06T18:21:39.816+0000] {processor.py:925} INFO - DAG(s) 'example_dag_decorator' retrieved from /home/airflow/.local/lib/python3.12/site-packages/airflow/example_dags/example_dag_decorator.py
[2025-02-06T18:21:40.020+0000] {logging_mixin.py:190} INFO - [2025-02-06T18:21:40.020+0000] {dag.py:3239} INFO - Sync 1 DAGs
[2025-02-06T18:21:40.049+0000] {logging_mixin.py:190} INFO - [2025-02-06T18:21:40.049+0000] {dag.py:4180} INFO - Setting next_dagrun for example_dag_decorator to None, run_after=None
[2025-02-06T18:21:40.083+0000] {processor.py:208} INFO - Processing /home/airflow/.local/lib/python3.12/site-packages/airflow/example_dags/example_dag_decorator.py took 0.301 seconds
[2025-02-06T18:22:10.425+0000] {processor.py:186} INFO - Started process (PID=783) to work on /home/airflow/.local/lib/python3.12/site-packages/airflow/example_dags/example_dag_decorator.py
[2025-02-06T18:22:10.427+0000] {processor.py:914} INFO - Processing file /home/airflow/.local/lib/python3.12/site-packages/airflow/example_dags/example_dag_decorator.py for tasks to queue
[2025-02-06T18:22:10.431+0000] {logging_mixin.py:190} INFO - [2025-02-06T18:22:10.431+0000] {dagbag.py:588} INFO - Filling up the DagBag from /home/airflow/.local/lib/python3.12/site-packages/airflow/example_dags/example_dag_decorator.py
[2025-02-06T18:22:10.452+0000] {processor.py:925} INFO - DAG(s) 'example_dag_decorator' retrieved from /home/airflow/.local/lib/python3.12/site-packages/airflow/example_dags/example_dag_decorator.py
[2025-02-06T18:22:10.718+0000] {logging_mixin.py:190} INFO - [2025-02-06T18:22:10.718+0000] {dag.py:3239} INFO - Sync 1 DAGs
[2025-02-06T18:22:10.743+0000] {logging_mixin.py:190} INFO - [2025-02-06T18:22:10.742+0000] {dag.py:4180} INFO - Setting next_dagrun for example_dag_decorator to None, run_after=None
[2025-02-06T18:22:10.788+0000] {processor.py:208} INFO - Processing /home/airflow/.local/lib/python3.12/site-packages/airflow/example_dags/example_dag_decorator.py took 0.375 seconds
[2025-02-06T18:22:40.933+0000] {processor.py:186} INFO - Started process (PID=840) to work on /home/airflow/.local/lib/python3.12/site-packages/airflow/example_dags/example_dag_decorator.py
[2025-02-06T18:22:40.935+0000] {processor.py:914} INFO - Processing file /home/airflow/.local/lib/python3.12/site-packages/airflow/example_dags/example_dag_decorator.py for tasks to queue
[2025-02-06T18:22:40.940+0000] {logging_mixin.py:190} INFO - [2025-02-06T18:22:40.939+0000] {dagbag.py:588} INFO - Filling up the DagBag from /home/airflow/.local/lib/python3.12/site-packages/airflow/example_dags/example_dag_decorator.py
[2025-02-06T18:22:40.964+0000] {processor.py:925} INFO - DAG(s) 'example_dag_decorator' retrieved from /home/airflow/.local/lib/python3.12/site-packages/airflow/example_dags/example_dag_decorator.py
[2025-02-06T18:22:41.003+0000] {logging_mixin.py:190} INFO - [2025-02-06T18:22:41.003+0000] {dag.py:3239} INFO - Sync 1 DAGs
[2025-02-06T18:22:41.045+0000] {logging_mixin.py:190} INFO - [2025-02-06T18:22:41.044+0000] {dag.py:4180} INFO - Setting next_dagrun for example_dag_decorator to None, run_after=None
[2025-02-06T18:22:41.089+0000] {processor.py:208} INFO - Processing /home/airflow/.local/lib/python3.12/site-packages/airflow/example_dags/example_dag_decorator.py took 0.168 seconds
[2025-02-06T18:23:11.519+0000] {processor.py:186} INFO - Started process (PID=897) to work on /home/airflow/.local/lib/python3.12/site-packages/airflow/example_dags/example_dag_decorator.py
[2025-02-06T18:23:11.521+0000] {processor.py:914} INFO - Processing file /home/airflow/.local/lib/python3.12/site-packages/airflow/example_dags/example_dag_decorator.py for tasks to queue
[2025-02-06T18:23:11.524+0000] {logging_mixin.py:190} INFO - [2025-02-06T18:23:11.524+0000] {dagbag.py:588} INFO - Filling up the DagBag from /home/airflow/.local/lib/python3.12/site-packages/airflow/example_dags/example_dag_decorator.py
[2025-02-06T18:23:11.542+0000] {processor.py:925} INFO - DAG(s) 'example_dag_decorator' retrieved from /home/airflow/.local/lib/python3.12/site-packages/airflow/example_dags/example_dag_decorator.py
[2025-02-06T18:23:11.588+0000] {logging_mixin.py:190} INFO - [2025-02-06T18:23:11.587+0000] {dag.py:3239} INFO - Sync 1 DAGs
[2025-02-06T18:23:11.621+0000] {logging_mixin.py:190} INFO - [2025-02-06T18:23:11.621+0000] {dag.py:4180} INFO - Setting next_dagrun for example_dag_decorator to None, run_after=None
[2025-02-06T18:23:11.653+0000] {processor.py:208} INFO - Processing /home/airflow/.local/lib/python3.12/site-packages/airflow/example_dags/example_dag_decorator.py took 0.144 seconds
[2025-02-06T18:23:43.319+0000] {processor.py:186} INFO - Started process (PID=954) to work on /home/airflow/.local/lib/python3.12/site-packages/airflow/example_dags/example_dag_decorator.py
[2025-02-06T18:23:43.322+0000] {processor.py:914} INFO - Processing file /home/airflow/.local/lib/python3.12/site-packages/airflow/example_dags/example_dag_decorator.py for tasks to queue
[2025-02-06T18:23:43.328+0000] {logging_mixin.py:190} INFO - [2025-02-06T18:23:43.327+0000] {dagbag.py:588} INFO - Filling up the DagBag from /home/airflow/.local/lib/python3.12/site-packages/airflow/example_dags/example_dag_decorator.py
[2025-02-06T18:23:43.363+0000] {processor.py:925} INFO - DAG(s) 'example_dag_decorator' retrieved from /home/airflow/.local/lib/python3.12/site-packages/airflow/example_dags/example_dag_decorator.py
[2025-02-06T18:23:43.409+0000] {logging_mixin.py:190} INFO - [2025-02-06T18:23:43.409+0000] {dag.py:3239} INFO - Sync 1 DAGs
[2025-02-06T18:23:43.440+0000] {logging_mixin.py:190} INFO - [2025-02-06T18:23:43.440+0000] {dag.py:4180} INFO - Setting next_dagrun for example_dag_decorator to None, run_after=None
[2025-02-06T18:23:43.479+0000] {processor.py:208} INFO - Processing /home/airflow/.local/lib/python3.12/site-packages/airflow/example_dags/example_dag_decorator.py took 0.174 seconds
[2025-02-06T18:24:13.645+0000] {processor.py:186} INFO - Started process (PID=1011) to work on /home/airflow/.local/lib/python3.12/site-packages/airflow/example_dags/example_dag_decorator.py
[2025-02-06T18:24:13.647+0000] {processor.py:914} INFO - Processing file /home/airflow/.local/lib/python3.12/site-packages/airflow/example_dags/example_dag_decorator.py for tasks to queue
[2025-02-06T18:24:13.651+0000] {logging_mixin.py:190} INFO - [2025-02-06T18:24:13.650+0000] {dagbag.py:588} INFO - Filling up the DagBag from /home/airflow/.local/lib/python3.12/site-packages/airflow/example_dags/example_dag_decorator.py
[2025-02-06T18:24:13.674+0000] {processor.py:925} INFO - DAG(s) 'example_dag_decorator' retrieved from /home/airflow/.local/lib/python3.12/site-packages/airflow/example_dags/example_dag_decorator.py
[2025-02-06T18:24:14.145+0000] {logging_mixin.py:190} INFO - [2025-02-06T18:24:14.144+0000] {dag.py:3239} INFO - Sync 1 DAGs
[2025-02-06T18:24:14.186+0000] {logging_mixin.py:190} INFO - [2025-02-06T18:24:14.185+0000] {dag.py:4180} INFO - Setting next_dagrun for example_dag_decorator to None, run_after=None
[2025-02-06T18:24:14.288+0000] {processor.py:208} INFO - Processing /home/airflow/.local/lib/python3.12/site-packages/airflow/example_dags/example_dag_decorator.py took 0.653 seconds
[2025-02-06T18:24:44.412+0000] {processor.py:186} INFO - Started process (PID=1068) to work on /home/airflow/.local/lib/python3.12/site-packages/airflow/example_dags/example_dag_decorator.py
[2025-02-06T18:24:44.414+0000] {processor.py:914} INFO - Processing file /home/airflow/.local/lib/python3.12/site-packages/airflow/example_dags/example_dag_decorator.py for tasks to queue
[2025-02-06T18:24:44.419+0000] {logging_mixin.py:190} INFO - [2025-02-06T18:24:44.419+0000] {dagbag.py:588} INFO - Filling up the DagBag from /home/airflow/.local/lib/python3.12/site-packages/airflow/example_dags/example_dag_decorator.py
[2025-02-06T18:24:44.444+0000] {processor.py:925} INFO - DAG(s) 'example_dag_decorator' retrieved from /home/airflow/.local/lib/python3.12/site-packages/airflow/example_dags/example_dag_decorator.py
[2025-02-06T18:24:44.675+0000] {logging_mixin.py:190} INFO - [2025-02-06T18:24:44.675+0000] {dag.py:3239} INFO - Sync 1 DAGs
[2025-02-06T18:24:44.696+0000] {logging_mixin.py:190} INFO - [2025-02-06T18:24:44.696+0000] {dag.py:4180} INFO - Setting next_dagrun for example_dag_decorator to None, run_after=None
[2025-02-06T18:24:44.726+0000] {processor.py:208} INFO - Processing /home/airflow/.local/lib/python3.12/site-packages/airflow/example_dags/example_dag_decorator.py took 0.323 seconds
[2025-02-06T18:25:14.977+0000] {processor.py:186} INFO - Started process (PID=1126) to work on /home/airflow/.local/lib/python3.12/site-packages/airflow/example_dags/example_dag_decorator.py
[2025-02-06T18:25:14.978+0000] {processor.py:914} INFO - Processing file /home/airflow/.local/lib/python3.12/site-packages/airflow/example_dags/example_dag_decorator.py for tasks to queue
[2025-02-06T18:25:14.984+0000] {logging_mixin.py:190} INFO - [2025-02-06T18:25:14.983+0000] {dagbag.py:588} INFO - Filling up the DagBag from /home/airflow/.local/lib/python3.12/site-packages/airflow/example_dags/example_dag_decorator.py
[2025-02-06T18:25:15.009+0000] {processor.py:925} INFO - DAG(s) 'example_dag_decorator' retrieved from /home/airflow/.local/lib/python3.12/site-packages/airflow/example_dags/example_dag_decorator.py
[2025-02-06T18:25:15.271+0000] {logging_mixin.py:190} INFO - [2025-02-06T18:25:15.271+0000] {dag.py:3239} INFO - Sync 1 DAGs
[2025-02-06T18:25:15.297+0000] {logging_mixin.py:190} INFO - [2025-02-06T18:25:15.296+0000] {dag.py:4180} INFO - Setting next_dagrun for example_dag_decorator to None, run_after=None
[2025-02-06T18:25:15.324+0000] {processor.py:208} INFO - Processing /home/airflow/.local/lib/python3.12/site-packages/airflow/example_dags/example_dag_decorator.py took 0.363 seconds
[2025-02-06T18:25:45.392+0000] {processor.py:186} INFO - Started process (PID=1183) to work on /home/airflow/.local/lib/python3.12/site-packages/airflow/example_dags/example_dag_decorator.py
[2025-02-06T18:25:45.394+0000] {processor.py:914} INFO - Processing file /home/airflow/.local/lib/python3.12/site-packages/airflow/example_dags/example_dag_decorator.py for tasks to queue
[2025-02-06T18:25:45.397+0000] {logging_mixin.py:190} INFO - [2025-02-06T18:25:45.396+0000] {dagbag.py:588} INFO - Filling up the DagBag from /home/airflow/.local/lib/python3.12/site-packages/airflow/example_dags/example_dag_decorator.py
[2025-02-06T18:25:45.417+0000] {processor.py:925} INFO - DAG(s) 'example_dag_decorator' retrieved from /home/airflow/.local/lib/python3.12/site-packages/airflow/example_dags/example_dag_decorator.py
[2025-02-06T18:25:45.700+0000] {logging_mixin.py:190} INFO - [2025-02-06T18:25:45.700+0000] {dag.py:3239} INFO - Sync 1 DAGs
[2025-02-06T18:25:45.731+0000] {logging_mixin.py:190} INFO - [2025-02-06T18:25:45.730+0000] {dag.py:4180} INFO - Setting next_dagrun for example_dag_decorator to None, run_after=None
[2025-02-06T18:25:45.760+0000] {processor.py:208} INFO - Processing /home/airflow/.local/lib/python3.12/site-packages/airflow/example_dags/example_dag_decorator.py took 0.378 seconds
[2025-02-06T18:26:16.428+0000] {processor.py:186} INFO - Started process (PID=1241) to work on /home/airflow/.local/lib/python3.12/site-packages/airflow/example_dags/example_dag_decorator.py
[2025-02-06T18:26:16.430+0000] {processor.py:914} INFO - Processing file /home/airflow/.local/lib/python3.12/site-packages/airflow/example_dags/example_dag_decorator.py for tasks to queue
[2025-02-06T18:26:16.435+0000] {logging_mixin.py:190} INFO - [2025-02-06T18:26:16.434+0000] {dagbag.py:588} INFO - Filling up the DagBag from /home/airflow/.local/lib/python3.12/site-packages/airflow/example_dags/example_dag_decorator.py
[2025-02-06T18:26:16.457+0000] {processor.py:925} INFO - DAG(s) 'example_dag_decorator' retrieved from /home/airflow/.local/lib/python3.12/site-packages/airflow/example_dags/example_dag_decorator.py
[2025-02-06T18:26:16.668+0000] {logging_mixin.py:190} INFO - [2025-02-06T18:26:16.668+0000] {dag.py:3239} INFO - Sync 1 DAGs
[2025-02-06T18:26:16.697+0000] {logging_mixin.py:190} INFO - [2025-02-06T18:26:16.697+0000] {dag.py:4180} INFO - Setting next_dagrun for example_dag_decorator to None, run_after=None
[2025-02-06T18:26:16.742+0000] {processor.py:208} INFO - Processing /home/airflow/.local/lib/python3.12/site-packages/airflow/example_dags/example_dag_decorator.py took 0.326 seconds
[2025-02-06T18:26:47.734+0000] {processor.py:186} INFO - Started process (PID=1298) to work on /home/airflow/.local/lib/python3.12/site-packages/airflow/example_dags/example_dag_decorator.py
[2025-02-06T18:26:47.736+0000] {processor.py:914} INFO - Processing file /home/airflow/.local/lib/python3.12/site-packages/airflow/example_dags/example_dag_decorator.py for tasks to queue
[2025-02-06T18:26:47.743+0000] {logging_mixin.py:190} INFO - [2025-02-06T18:26:47.742+0000] {dagbag.py:588} INFO - Filling up the DagBag from /home/airflow/.local/lib/python3.12/site-packages/airflow/example_dags/example_dag_decorator.py
[2025-02-06T18:26:47.772+0000] {processor.py:925} INFO - DAG(s) 'example_dag_decorator' retrieved from /home/airflow/.local/lib/python3.12/site-packages/airflow/example_dags/example_dag_decorator.py
[2025-02-06T18:26:48.001+0000] {logging_mixin.py:190} INFO - [2025-02-06T18:26:48.001+0000] {dag.py:3239} INFO - Sync 1 DAGs
[2025-02-06T18:26:48.023+0000] {logging_mixin.py:190} INFO - [2025-02-06T18:26:48.023+0000] {dag.py:4180} INFO - Setting next_dagrun for example_dag_decorator to None, run_after=None
[2025-02-06T18:26:48.066+0000] {processor.py:208} INFO - Processing /home/airflow/.local/lib/python3.12/site-packages/airflow/example_dags/example_dag_decorator.py took 0.347 seconds
[2025-02-06T18:27:18.537+0000] {processor.py:186} INFO - Started process (PID=1353) to work on /home/airflow/.local/lib/python3.12/site-packages/airflow/example_dags/example_dag_decorator.py
[2025-02-06T18:27:18.540+0000] {processor.py:914} INFO - Processing file /home/airflow/.local/lib/python3.12/site-packages/airflow/example_dags/example_dag_decorator.py for tasks to queue
[2025-02-06T18:27:18.548+0000] {logging_mixin.py:190} INFO - [2025-02-06T18:27:18.547+0000] {dagbag.py:588} INFO - Filling up the DagBag from /home/airflow/.local/lib/python3.12/site-packages/airflow/example_dags/example_dag_decorator.py
[2025-02-06T18:27:18.583+0000] {processor.py:925} INFO - DAG(s) 'example_dag_decorator' retrieved from /home/airflow/.local/lib/python3.12/site-packages/airflow/example_dags/example_dag_decorator.py
[2025-02-06T18:27:18.831+0000] {logging_mixin.py:190} INFO - [2025-02-06T18:27:18.831+0000] {dag.py:3239} INFO - Sync 1 DAGs
[2025-02-06T18:27:18.858+0000] {logging_mixin.py:190} INFO - [2025-02-06T18:27:18.857+0000] {dag.py:4180} INFO - Setting next_dagrun for example_dag_decorator to None, run_after=None
[2025-02-06T18:27:18.904+0000] {processor.py:208} INFO - Processing /home/airflow/.local/lib/python3.12/site-packages/airflow/example_dags/example_dag_decorator.py took 0.384 seconds
[2025-02-06T18:27:49.155+0000] {processor.py:186} INFO - Started process (PID=1408) to work on /home/airflow/.local/lib/python3.12/site-packages/airflow/example_dags/example_dag_decorator.py
[2025-02-06T18:27:49.157+0000] {processor.py:914} INFO - Processing file /home/airflow/.local/lib/python3.12/site-packages/airflow/example_dags/example_dag_decorator.py for tasks to queue
[2025-02-06T18:27:49.161+0000] {logging_mixin.py:190} INFO - [2025-02-06T18:27:49.160+0000] {dagbag.py:588} INFO - Filling up the DagBag from /home/airflow/.local/lib/python3.12/site-packages/airflow/example_dags/example_dag_decorator.py
[2025-02-06T18:27:49.181+0000] {processor.py:925} INFO - DAG(s) 'example_dag_decorator' retrieved from /home/airflow/.local/lib/python3.12/site-packages/airflow/example_dags/example_dag_decorator.py
[2025-02-06T18:27:49.383+0000] {logging_mixin.py:190} INFO - [2025-02-06T18:27:49.382+0000] {dag.py:3239} INFO - Sync 1 DAGs
[2025-02-06T18:27:49.399+0000] {logging_mixin.py:190} INFO - [2025-02-06T18:27:49.399+0000] {dag.py:4180} INFO - Setting next_dagrun for example_dag_decorator to None, run_after=None
[2025-02-06T18:27:49.426+0000] {processor.py:208} INFO - Processing /home/airflow/.local/lib/python3.12/site-packages/airflow/example_dags/example_dag_decorator.py took 0.283 seconds
[2025-02-06T18:28:20.527+0000] {processor.py:186} INFO - Started process (PID=1465) to work on /home/airflow/.local/lib/python3.12/site-packages/airflow/example_dags/example_dag_decorator.py
[2025-02-06T18:28:20.529+0000] {processor.py:914} INFO - Processing file /home/airflow/.local/lib/python3.12/site-packages/airflow/example_dags/example_dag_decorator.py for tasks to queue
[2025-02-06T18:28:20.533+0000] {logging_mixin.py:190} INFO - [2025-02-06T18:28:20.532+0000] {dagbag.py:588} INFO - Filling up the DagBag from /home/airflow/.local/lib/python3.12/site-packages/airflow/example_dags/example_dag_decorator.py
[2025-02-06T18:28:20.551+0000] {processor.py:925} INFO - DAG(s) 'example_dag_decorator' retrieved from /home/airflow/.local/lib/python3.12/site-packages/airflow/example_dags/example_dag_decorator.py
[2025-02-06T18:28:20.750+0000] {logging_mixin.py:190} INFO - [2025-02-06T18:28:20.749+0000] {dag.py:3239} INFO - Sync 1 DAGs
[2025-02-06T18:28:20.774+0000] {logging_mixin.py:190} INFO - [2025-02-06T18:28:20.773+0000] {dag.py:4180} INFO - Setting next_dagrun for example_dag_decorator to None, run_after=None
[2025-02-06T18:28:20.820+0000] {processor.py:208} INFO - Processing /home/airflow/.local/lib/python3.12/site-packages/airflow/example_dags/example_dag_decorator.py took 0.307 seconds
[2025-02-06T18:28:51.545+0000] {processor.py:186} INFO - Started process (PID=1520) to work on /home/airflow/.local/lib/python3.12/site-packages/airflow/example_dags/example_dag_decorator.py
[2025-02-06T18:28:51.548+0000] {processor.py:914} INFO - Processing file /home/airflow/.local/lib/python3.12/site-packages/airflow/example_dags/example_dag_decorator.py for tasks to queue
[2025-02-06T18:28:51.556+0000] {logging_mixin.py:190} INFO - [2025-02-06T18:28:51.555+0000] {dagbag.py:588} INFO - Filling up the DagBag from /home/airflow/.local/lib/python3.12/site-packages/airflow/example_dags/example_dag_decorator.py
[2025-02-06T18:28:51.597+0000] {processor.py:925} INFO - DAG(s) 'example_dag_decorator' retrieved from /home/airflow/.local/lib/python3.12/site-packages/airflow/example_dags/example_dag_decorator.py
[2025-02-06T18:28:52.006+0000] {logging_mixin.py:190} INFO - [2025-02-06T18:28:52.006+0000] {dag.py:3239} INFO - Sync 1 DAGs
[2025-02-06T18:28:52.054+0000] {logging_mixin.py:190} INFO - [2025-02-06T18:28:52.053+0000] {dag.py:4180} INFO - Setting next_dagrun for example_dag_decorator to None, run_after=None
[2025-02-06T18:28:52.142+0000] {processor.py:208} INFO - Processing /home/airflow/.local/lib/python3.12/site-packages/airflow/example_dags/example_dag_decorator.py took 0.615 seconds
[2025-02-06T18:29:22.642+0000] {processor.py:186} INFO - Started process (PID=1577) to work on /home/airflow/.local/lib/python3.12/site-packages/airflow/example_dags/example_dag_decorator.py
[2025-02-06T18:29:22.645+0000] {processor.py:914} INFO - Processing file /home/airflow/.local/lib/python3.12/site-packages/airflow/example_dags/example_dag_decorator.py for tasks to queue
[2025-02-06T18:29:22.650+0000] {logging_mixin.py:190} INFO - [2025-02-06T18:29:22.649+0000] {dagbag.py:588} INFO - Filling up the DagBag from /home/airflow/.local/lib/python3.12/site-packages/airflow/example_dags/example_dag_decorator.py
[2025-02-06T18:29:22.711+0000] {processor.py:925} INFO - DAG(s) 'example_dag_decorator' retrieved from /home/airflow/.local/lib/python3.12/site-packages/airflow/example_dags/example_dag_decorator.py
[2025-02-06T18:29:23.395+0000] {logging_mixin.py:190} INFO - [2025-02-06T18:29:23.394+0000] {dag.py:3239} INFO - Sync 1 DAGs
[2025-02-06T18:29:23.426+0000] {logging_mixin.py:190} INFO - [2025-02-06T18:29:23.425+0000] {dag.py:4180} INFO - Setting next_dagrun for example_dag_decorator to None, run_after=None
[2025-02-06T18:29:23.515+0000] {processor.py:208} INFO - Processing /home/airflow/.local/lib/python3.12/site-packages/airflow/example_dags/example_dag_decorator.py took 0.889 seconds
[2025-02-06T18:29:53.690+0000] {processor.py:186} INFO - Started process (PID=1634) to work on /home/airflow/.local/lib/python3.12/site-packages/airflow/example_dags/example_dag_decorator.py
[2025-02-06T18:29:53.691+0000] {processor.py:914} INFO - Processing file /home/airflow/.local/lib/python3.12/site-packages/airflow/example_dags/example_dag_decorator.py for tasks to queue
[2025-02-06T18:29:53.695+0000] {logging_mixin.py:190} INFO - [2025-02-06T18:29:53.695+0000] {dagbag.py:588} INFO - Filling up the DagBag from /home/airflow/.local/lib/python3.12/site-packages/airflow/example_dags/example_dag_decorator.py
[2025-02-06T18:29:53.712+0000] {processor.py:925} INFO - DAG(s) 'example_dag_decorator' retrieved from /home/airflow/.local/lib/python3.12/site-packages/airflow/example_dags/example_dag_decorator.py
[2025-02-06T18:29:53.899+0000] {logging_mixin.py:190} INFO - [2025-02-06T18:29:53.899+0000] {dag.py:3239} INFO - Sync 1 DAGs
[2025-02-06T18:29:53.921+0000] {logging_mixin.py:190} INFO - [2025-02-06T18:29:53.921+0000] {dag.py:4180} INFO - Setting next_dagrun for example_dag_decorator to None, run_after=None
[2025-02-06T18:29:53.946+0000] {processor.py:208} INFO - Processing /home/airflow/.local/lib/python3.12/site-packages/airflow/example_dags/example_dag_decorator.py took 0.266 seconds
[2025-02-06T18:30:24.199+0000] {processor.py:186} INFO - Started process (PID=1692) to work on /home/airflow/.local/lib/python3.12/site-packages/airflow/example_dags/example_dag_decorator.py
[2025-02-06T18:30:24.201+0000] {processor.py:914} INFO - Processing file /home/airflow/.local/lib/python3.12/site-packages/airflow/example_dags/example_dag_decorator.py for tasks to queue
[2025-02-06T18:30:24.204+0000] {logging_mixin.py:190} INFO - [2025-02-06T18:30:24.204+0000] {dagbag.py:588} INFO - Filling up the DagBag from /home/airflow/.local/lib/python3.12/site-packages/airflow/example_dags/example_dag_decorator.py
[2025-02-06T18:30:24.222+0000] {processor.py:925} INFO - DAG(s) 'example_dag_decorator' retrieved from /home/airflow/.local/lib/python3.12/site-packages/airflow/example_dags/example_dag_decorator.py
[2025-02-06T18:30:24.473+0000] {logging_mixin.py:190} INFO - [2025-02-06T18:30:24.472+0000] {dag.py:3239} INFO - Sync 1 DAGs
[2025-02-06T18:30:24.516+0000] {logging_mixin.py:190} INFO - [2025-02-06T18:30:24.515+0000] {dag.py:4180} INFO - Setting next_dagrun for example_dag_decorator to None, run_after=None
[2025-02-06T18:30:24.548+0000] {processor.py:208} INFO - Processing /home/airflow/.local/lib/python3.12/site-packages/airflow/example_dags/example_dag_decorator.py took 0.358 seconds
[2025-02-06T18:30:55.384+0000] {processor.py:186} INFO - Started process (PID=1749) to work on /home/airflow/.local/lib/python3.12/site-packages/airflow/example_dags/example_dag_decorator.py
[2025-02-06T18:30:55.386+0000] {processor.py:914} INFO - Processing file /home/airflow/.local/lib/python3.12/site-packages/airflow/example_dags/example_dag_decorator.py for tasks to queue
[2025-02-06T18:30:55.392+0000] {logging_mixin.py:190} INFO - [2025-02-06T18:30:55.391+0000] {dagbag.py:588} INFO - Filling up the DagBag from /home/airflow/.local/lib/python3.12/site-packages/airflow/example_dags/example_dag_decorator.py
[2025-02-06T18:30:55.414+0000] {processor.py:925} INFO - DAG(s) 'example_dag_decorator' retrieved from /home/airflow/.local/lib/python3.12/site-packages/airflow/example_dags/example_dag_decorator.py
[2025-02-06T18:30:55.602+0000] {logging_mixin.py:190} INFO - [2025-02-06T18:30:55.601+0000] {dag.py:3239} INFO - Sync 1 DAGs
[2025-02-06T18:30:55.619+0000] {logging_mixin.py:190} INFO - [2025-02-06T18:30:55.619+0000] {dag.py:4180} INFO - Setting next_dagrun for example_dag_decorator to None, run_after=None
[2025-02-06T18:30:55.646+0000] {processor.py:208} INFO - Processing /home/airflow/.local/lib/python3.12/site-packages/airflow/example_dags/example_dag_decorator.py took 0.273 seconds
[2025-02-06T18:31:25.859+0000] {processor.py:186} INFO - Started process (PID=1806) to work on /home/airflow/.local/lib/python3.12/site-packages/airflow/example_dags/example_dag_decorator.py
[2025-02-06T18:31:25.861+0000] {processor.py:914} INFO - Processing file /home/airflow/.local/lib/python3.12/site-packages/airflow/example_dags/example_dag_decorator.py for tasks to queue
[2025-02-06T18:31:25.867+0000] {logging_mixin.py:190} INFO - [2025-02-06T18:31:25.866+0000] {dagbag.py:588} INFO - Filling up the DagBag from /home/airflow/.local/lib/python3.12/site-packages/airflow/example_dags/example_dag_decorator.py
[2025-02-06T18:31:25.887+0000] {processor.py:925} INFO - DAG(s) 'example_dag_decorator' retrieved from /home/airflow/.local/lib/python3.12/site-packages/airflow/example_dags/example_dag_decorator.py
[2025-02-06T18:31:26.072+0000] {logging_mixin.py:190} INFO - [2025-02-06T18:31:26.072+0000] {dag.py:3239} INFO - Sync 1 DAGs
[2025-02-06T18:31:26.102+0000] {logging_mixin.py:190} INFO - [2025-02-06T18:31:26.102+0000] {dag.py:4180} INFO - Setting next_dagrun for example_dag_decorator to None, run_after=None
[2025-02-06T18:31:26.143+0000] {processor.py:208} INFO - Processing /home/airflow/.local/lib/python3.12/site-packages/airflow/example_dags/example_dag_decorator.py took 0.294 seconds
[2025-02-06T18:31:56.243+0000] {processor.py:186} INFO - Started process (PID=1862) to work on /home/airflow/.local/lib/python3.12/site-packages/airflow/example_dags/example_dag_decorator.py
[2025-02-06T18:31:56.246+0000] {processor.py:914} INFO - Processing file /home/airflow/.local/lib/python3.12/site-packages/airflow/example_dags/example_dag_decorator.py for tasks to queue
[2025-02-06T18:31:56.252+0000] {logging_mixin.py:190} INFO - [2025-02-06T18:31:56.251+0000] {dagbag.py:588} INFO - Filling up the DagBag from /home/airflow/.local/lib/python3.12/site-packages/airflow/example_dags/example_dag_decorator.py
[2025-02-06T18:31:56.284+0000] {processor.py:925} INFO - DAG(s) 'example_dag_decorator' retrieved from /home/airflow/.local/lib/python3.12/site-packages/airflow/example_dags/example_dag_decorator.py
[2025-02-06T18:31:56.478+0000] {logging_mixin.py:190} INFO - [2025-02-06T18:31:56.477+0000] {dag.py:3239} INFO - Sync 1 DAGs
[2025-02-06T18:31:56.494+0000] {logging_mixin.py:190} INFO - [2025-02-06T18:31:56.494+0000] {dag.py:4180} INFO - Setting next_dagrun for example_dag_decorator to None, run_after=None
[2025-02-06T18:31:56.530+0000] {processor.py:208} INFO - Processing /home/airflow/.local/lib/python3.12/site-packages/airflow/example_dags/example_dag_decorator.py took 0.298 seconds
[2025-02-06T18:32:26.631+0000] {processor.py:186} INFO - Started process (PID=1919) to work on /home/airflow/.local/lib/python3.12/site-packages/airflow/example_dags/example_dag_decorator.py
[2025-02-06T18:32:26.632+0000] {processor.py:914} INFO - Processing file /home/airflow/.local/lib/python3.12/site-packages/airflow/example_dags/example_dag_decorator.py for tasks to queue
[2025-02-06T18:32:26.636+0000] {logging_mixin.py:190} INFO - [2025-02-06T18:32:26.634+0000] {dagbag.py:588} INFO - Filling up the DagBag from /home/airflow/.local/lib/python3.12/site-packages/airflow/example_dags/example_dag_decorator.py
[2025-02-06T18:32:26.653+0000] {processor.py:925} INFO - DAG(s) 'example_dag_decorator' retrieved from /home/airflow/.local/lib/python3.12/site-packages/airflow/example_dags/example_dag_decorator.py
[2025-02-06T18:32:26.828+0000] {logging_mixin.py:190} INFO - [2025-02-06T18:32:26.828+0000] {dag.py:3239} INFO - Sync 1 DAGs
[2025-02-06T18:32:26.846+0000] {logging_mixin.py:190} INFO - [2025-02-06T18:32:26.846+0000] {dag.py:4180} INFO - Setting next_dagrun for example_dag_decorator to None, run_after=None
[2025-02-06T18:32:26.888+0000] {processor.py:208} INFO - Processing /home/airflow/.local/lib/python3.12/site-packages/airflow/example_dags/example_dag_decorator.py took 0.265 seconds
[2025-02-06T18:32:57.224+0000] {processor.py:186} INFO - Started process (PID=1976) to work on /home/airflow/.local/lib/python3.12/site-packages/airflow/example_dags/example_dag_decorator.py
[2025-02-06T18:32:57.226+0000] {processor.py:914} INFO - Processing file /home/airflow/.local/lib/python3.12/site-packages/airflow/example_dags/example_dag_decorator.py for tasks to queue
[2025-02-06T18:32:57.232+0000] {logging_mixin.py:190} INFO - [2025-02-06T18:32:57.231+0000] {dagbag.py:588} INFO - Filling up the DagBag from /home/airflow/.local/lib/python3.12/site-packages/airflow/example_dags/example_dag_decorator.py
[2025-02-06T18:32:57.263+0000] {processor.py:925} INFO - DAG(s) 'example_dag_decorator' retrieved from /home/airflow/.local/lib/python3.12/site-packages/airflow/example_dags/example_dag_decorator.py
[2025-02-06T18:32:57.491+0000] {logging_mixin.py:190} INFO - [2025-02-06T18:32:57.490+0000] {dag.py:3239} INFO - Sync 1 DAGs
[2025-02-06T18:32:57.516+0000] {logging_mixin.py:190} INFO - [2025-02-06T18:32:57.515+0000] {dag.py:4180} INFO - Setting next_dagrun for example_dag_decorator to None, run_after=None
[2025-02-06T18:32:57.557+0000] {processor.py:208} INFO - Processing /home/airflow/.local/lib/python3.12/site-packages/airflow/example_dags/example_dag_decorator.py took 0.349 seconds
[2025-02-06T18:33:28.120+0000] {processor.py:186} INFO - Started process (PID=2032) to work on /home/airflow/.local/lib/python3.12/site-packages/airflow/example_dags/example_dag_decorator.py
[2025-02-06T18:33:28.122+0000] {processor.py:914} INFO - Processing file /home/airflow/.local/lib/python3.12/site-packages/airflow/example_dags/example_dag_decorator.py for tasks to queue
[2025-02-06T18:33:28.127+0000] {logging_mixin.py:190} INFO - [2025-02-06T18:33:28.126+0000] {dagbag.py:588} INFO - Filling up the DagBag from /home/airflow/.local/lib/python3.12/site-packages/airflow/example_dags/example_dag_decorator.py
[2025-02-06T18:33:28.161+0000] {processor.py:925} INFO - DAG(s) 'example_dag_decorator' retrieved from /home/airflow/.local/lib/python3.12/site-packages/airflow/example_dags/example_dag_decorator.py
[2025-02-06T18:33:28.420+0000] {logging_mixin.py:190} INFO - [2025-02-06T18:33:28.420+0000] {dag.py:3239} INFO - Sync 1 DAGs
[2025-02-06T18:33:28.459+0000] {logging_mixin.py:190} INFO - [2025-02-06T18:33:28.458+0000] {dag.py:4180} INFO - Setting next_dagrun for example_dag_decorator to None, run_after=None
[2025-02-06T18:33:28.513+0000] {processor.py:208} INFO - Processing /home/airflow/.local/lib/python3.12/site-packages/airflow/example_dags/example_dag_decorator.py took 0.410 seconds
[2025-02-06T18:33:58.789+0000] {processor.py:186} INFO - Started process (PID=2090) to work on /home/airflow/.local/lib/python3.12/site-packages/airflow/example_dags/example_dag_decorator.py
[2025-02-06T18:33:58.798+0000] {processor.py:914} INFO - Processing file /home/airflow/.local/lib/python3.12/site-packages/airflow/example_dags/example_dag_decorator.py for tasks to queue
[2025-02-06T18:33:58.810+0000] {logging_mixin.py:190} INFO - [2025-02-06T18:33:58.809+0000] {dagbag.py:588} INFO - Filling up the DagBag from /home/airflow/.local/lib/python3.12/site-packages/airflow/example_dags/example_dag_decorator.py
[2025-02-06T18:33:58.869+0000] {processor.py:925} INFO - DAG(s) 'example_dag_decorator' retrieved from /home/airflow/.local/lib/python3.12/site-packages/airflow/example_dags/example_dag_decorator.py
[2025-02-06T18:33:59.513+0000] {logging_mixin.py:190} INFO - [2025-02-06T18:33:59.512+0000] {dag.py:3239} INFO - Sync 1 DAGs
[2025-02-06T18:33:59.537+0000] {logging_mixin.py:190} INFO - [2025-02-06T18:33:59.536+0000] {dag.py:4180} INFO - Setting next_dagrun for example_dag_decorator to None, run_after=None
[2025-02-06T18:33:59.573+0000] {processor.py:208} INFO - Processing /home/airflow/.local/lib/python3.12/site-packages/airflow/example_dags/example_dag_decorator.py took 0.809 seconds
[2025-02-06T18:34:29.659+0000] {processor.py:186} INFO - Started process (PID=2147) to work on /home/airflow/.local/lib/python3.12/site-packages/airflow/example_dags/example_dag_decorator.py
[2025-02-06T18:34:29.661+0000] {processor.py:914} INFO - Processing file /home/airflow/.local/lib/python3.12/site-packages/airflow/example_dags/example_dag_decorator.py for tasks to queue
[2025-02-06T18:34:29.665+0000] {logging_mixin.py:190} INFO - [2025-02-06T18:34:29.665+0000] {dagbag.py:588} INFO - Filling up the DagBag from /home/airflow/.local/lib/python3.12/site-packages/airflow/example_dags/example_dag_decorator.py
[2025-02-06T18:34:29.682+0000] {processor.py:925} INFO - DAG(s) 'example_dag_decorator' retrieved from /home/airflow/.local/lib/python3.12/site-packages/airflow/example_dags/example_dag_decorator.py
[2025-02-06T18:34:29.714+0000] {logging_mixin.py:190} INFO - [2025-02-06T18:34:29.714+0000] {dag.py:3239} INFO - Sync 1 DAGs
[2025-02-06T18:34:29.741+0000] {logging_mixin.py:190} INFO - [2025-02-06T18:34:29.741+0000] {dag.py:4180} INFO - Setting next_dagrun for example_dag_decorator to None, run_after=None
[2025-02-06T18:34:29.777+0000] {processor.py:208} INFO - Processing /home/airflow/.local/lib/python3.12/site-packages/airflow/example_dags/example_dag_decorator.py took 0.129 seconds
[2025-02-06T18:34:59.866+0000] {processor.py:186} INFO - Started process (PID=2203) to work on /home/airflow/.local/lib/python3.12/site-packages/airflow/example_dags/example_dag_decorator.py
[2025-02-06T18:34:59.868+0000] {processor.py:914} INFO - Processing file /home/airflow/.local/lib/python3.12/site-packages/airflow/example_dags/example_dag_decorator.py for tasks to queue
[2025-02-06T18:34:59.871+0000] {logging_mixin.py:190} INFO - [2025-02-06T18:34:59.871+0000] {dagbag.py:588} INFO - Filling up the DagBag from /home/airflow/.local/lib/python3.12/site-packages/airflow/example_dags/example_dag_decorator.py
[2025-02-06T18:34:59.886+0000] {processor.py:925} INFO - DAG(s) 'example_dag_decorator' retrieved from /home/airflow/.local/lib/python3.12/site-packages/airflow/example_dags/example_dag_decorator.py
[2025-02-06T18:35:00.124+0000] {logging_mixin.py:190} INFO - [2025-02-06T18:35:00.123+0000] {dag.py:3239} INFO - Sync 1 DAGs
[2025-02-06T18:35:00.144+0000] {logging_mixin.py:190} INFO - [2025-02-06T18:35:00.143+0000] {dag.py:4180} INFO - Setting next_dagrun for example_dag_decorator to None, run_after=None
[2025-02-06T18:35:00.173+0000] {processor.py:208} INFO - Processing /home/airflow/.local/lib/python3.12/site-packages/airflow/example_dags/example_dag_decorator.py took 0.314 seconds
[2025-02-06T18:35:30.265+0000] {processor.py:186} INFO - Started process (PID=2260) to work on /home/airflow/.local/lib/python3.12/site-packages/airflow/example_dags/example_dag_decorator.py
[2025-02-06T18:35:30.267+0000] {processor.py:914} INFO - Processing file /home/airflow/.local/lib/python3.12/site-packages/airflow/example_dags/example_dag_decorator.py for tasks to queue
[2025-02-06T18:35:30.273+0000] {logging_mixin.py:190} INFO - [2025-02-06T18:35:30.272+0000] {dagbag.py:588} INFO - Filling up the DagBag from /home/airflow/.local/lib/python3.12/site-packages/airflow/example_dags/example_dag_decorator.py
[2025-02-06T18:35:30.302+0000] {processor.py:925} INFO - DAG(s) 'example_dag_decorator' retrieved from /home/airflow/.local/lib/python3.12/site-packages/airflow/example_dags/example_dag_decorator.py
[2025-02-06T18:35:30.550+0000] {logging_mixin.py:190} INFO - [2025-02-06T18:35:30.550+0000] {dag.py:3239} INFO - Sync 1 DAGs
[2025-02-06T18:35:30.580+0000] {logging_mixin.py:190} INFO - [2025-02-06T18:35:30.580+0000] {dag.py:4180} INFO - Setting next_dagrun for example_dag_decorator to None, run_after=None
[2025-02-06T18:35:30.626+0000] {processor.py:208} INFO - Processing /home/airflow/.local/lib/python3.12/site-packages/airflow/example_dags/example_dag_decorator.py took 0.372 seconds
[2025-02-06T18:36:00.962+0000] {processor.py:186} INFO - Started process (PID=2317) to work on /home/airflow/.local/lib/python3.12/site-packages/airflow/example_dags/example_dag_decorator.py
[2025-02-06T18:36:00.964+0000] {processor.py:914} INFO - Processing file /home/airflow/.local/lib/python3.12/site-packages/airflow/example_dags/example_dag_decorator.py for tasks to queue
[2025-02-06T18:36:00.968+0000] {logging_mixin.py:190} INFO - [2025-02-06T18:36:00.967+0000] {dagbag.py:588} INFO - Filling up the DagBag from /home/airflow/.local/lib/python3.12/site-packages/airflow/example_dags/example_dag_decorator.py
[2025-02-06T18:36:00.989+0000] {processor.py:925} INFO - DAG(s) 'example_dag_decorator' retrieved from /home/airflow/.local/lib/python3.12/site-packages/airflow/example_dags/example_dag_decorator.py
[2025-02-06T18:36:01.256+0000] {logging_mixin.py:190} INFO - [2025-02-06T18:36:01.256+0000] {dag.py:3239} INFO - Sync 1 DAGs
[2025-02-06T18:36:01.282+0000] {logging_mixin.py:190} INFO - [2025-02-06T18:36:01.282+0000] {dag.py:4180} INFO - Setting next_dagrun for example_dag_decorator to None, run_after=None
[2025-02-06T18:36:01.323+0000] {processor.py:208} INFO - Processing /home/airflow/.local/lib/python3.12/site-packages/airflow/example_dags/example_dag_decorator.py took 0.375 seconds
[2025-02-06T18:36:31.919+0000] {processor.py:186} INFO - Started process (PID=2372) to work on /home/airflow/.local/lib/python3.12/site-packages/airflow/example_dags/example_dag_decorator.py
[2025-02-06T18:36:31.921+0000] {processor.py:914} INFO - Processing file /home/airflow/.local/lib/python3.12/site-packages/airflow/example_dags/example_dag_decorator.py for tasks to queue
[2025-02-06T18:36:31.924+0000] {logging_mixin.py:190} INFO - [2025-02-06T18:36:31.924+0000] {dagbag.py:588} INFO - Filling up the DagBag from /home/airflow/.local/lib/python3.12/site-packages/airflow/example_dags/example_dag_decorator.py
[2025-02-06T18:36:31.949+0000] {processor.py:925} INFO - DAG(s) 'example_dag_decorator' retrieved from /home/airflow/.local/lib/python3.12/site-packages/airflow/example_dags/example_dag_decorator.py
[2025-02-06T18:36:32.150+0000] {logging_mixin.py:190} INFO - [2025-02-06T18:36:32.149+0000] {dag.py:3239} INFO - Sync 1 DAGs
[2025-02-06T18:36:32.422+0000] {logging_mixin.py:190} INFO - [2025-02-06T18:36:32.421+0000] {dag.py:4180} INFO - Setting next_dagrun for example_dag_decorator to None, run_after=None
[2025-02-06T18:36:32.447+0000] {processor.py:208} INFO - Processing /home/airflow/.local/lib/python3.12/site-packages/airflow/example_dags/example_dag_decorator.py took 0.536 seconds
[2025-02-06T18:37:03.802+0000] {processor.py:186} INFO - Started process (PID=2429) to work on /home/airflow/.local/lib/python3.12/site-packages/airflow/example_dags/example_dag_decorator.py
[2025-02-06T18:37:03.804+0000] {processor.py:914} INFO - Processing file /home/airflow/.local/lib/python3.12/site-packages/airflow/example_dags/example_dag_decorator.py for tasks to queue
[2025-02-06T18:37:03.810+0000] {logging_mixin.py:190} INFO - [2025-02-06T18:37:03.809+0000] {dagbag.py:588} INFO - Filling up the DagBag from /home/airflow/.local/lib/python3.12/site-packages/airflow/example_dags/example_dag_decorator.py
[2025-02-06T18:37:03.835+0000] {processor.py:925} INFO - DAG(s) 'example_dag_decorator' retrieved from /home/airflow/.local/lib/python3.12/site-packages/airflow/example_dags/example_dag_decorator.py
[2025-02-06T18:37:04.142+0000] {logging_mixin.py:190} INFO - [2025-02-06T18:37:04.142+0000] {dag.py:3239} INFO - Sync 1 DAGs
[2025-02-06T18:37:04.435+0000] {logging_mixin.py:190} INFO - [2025-02-06T18:37:04.435+0000] {dag.py:4180} INFO - Setting next_dagrun for example_dag_decorator to None, run_after=None
[2025-02-06T18:37:04.464+0000] {processor.py:208} INFO - Processing /home/airflow/.local/lib/python3.12/site-packages/airflow/example_dags/example_dag_decorator.py took 0.674 seconds
[2025-02-06T18:37:35.338+0000] {processor.py:186} INFO - Started process (PID=2488) to work on /home/airflow/.local/lib/python3.12/site-packages/airflow/example_dags/example_dag_decorator.py
[2025-02-06T18:37:35.340+0000] {processor.py:914} INFO - Processing file /home/airflow/.local/lib/python3.12/site-packages/airflow/example_dags/example_dag_decorator.py for tasks to queue
[2025-02-06T18:37:35.343+0000] {logging_mixin.py:190} INFO - [2025-02-06T18:37:35.343+0000] {dagbag.py:588} INFO - Filling up the DagBag from /home/airflow/.local/lib/python3.12/site-packages/airflow/example_dags/example_dag_decorator.py
[2025-02-06T18:37:35.361+0000] {processor.py:925} INFO - DAG(s) 'example_dag_decorator' retrieved from /home/airflow/.local/lib/python3.12/site-packages/airflow/example_dags/example_dag_decorator.py
[2025-02-06T18:37:35.529+0000] {logging_mixin.py:190} INFO - [2025-02-06T18:37:35.529+0000] {dag.py:3239} INFO - Sync 1 DAGs
[2025-02-06T18:37:35.779+0000] {logging_mixin.py:190} INFO - [2025-02-06T18:37:35.779+0000] {dag.py:4180} INFO - Setting next_dagrun for example_dag_decorator to None, run_after=None
[2025-02-06T18:37:35.807+0000] {processor.py:208} INFO - Processing /home/airflow/.local/lib/python3.12/site-packages/airflow/example_dags/example_dag_decorator.py took 0.479 seconds
[2025-02-06T18:38:06.161+0000] {processor.py:186} INFO - Started process (PID=2530) to work on /home/airflow/.local/lib/python3.12/site-packages/airflow/example_dags/example_dag_decorator.py
[2025-02-06T18:38:06.162+0000] {processor.py:914} INFO - Processing file /home/airflow/.local/lib/python3.12/site-packages/airflow/example_dags/example_dag_decorator.py for tasks to queue
[2025-02-06T18:38:06.166+0000] {logging_mixin.py:190} INFO - [2025-02-06T18:38:06.166+0000] {dagbag.py:588} INFO - Filling up the DagBag from /home/airflow/.local/lib/python3.12/site-packages/airflow/example_dags/example_dag_decorator.py
[2025-02-06T18:38:06.187+0000] {processor.py:925} INFO - DAG(s) 'example_dag_decorator' retrieved from /home/airflow/.local/lib/python3.12/site-packages/airflow/example_dags/example_dag_decorator.py
[2025-02-06T18:38:06.405+0000] {logging_mixin.py:190} INFO - [2025-02-06T18:38:06.404+0000] {dag.py:3239} INFO - Sync 1 DAGs
[2025-02-06T18:38:06.425+0000] {logging_mixin.py:190} INFO - [2025-02-06T18:38:06.425+0000] {dag.py:4180} INFO - Setting next_dagrun for example_dag_decorator to None, run_after=None
[2025-02-06T18:38:06.459+0000] {processor.py:208} INFO - Processing /home/airflow/.local/lib/python3.12/site-packages/airflow/example_dags/example_dag_decorator.py took 0.308 seconds
[2025-02-06T18:38:37.720+0000] {processor.py:186} INFO - Started process (PID=2587) to work on /home/airflow/.local/lib/python3.12/site-packages/airflow/example_dags/example_dag_decorator.py
[2025-02-06T18:38:37.721+0000] {processor.py:914} INFO - Processing file /home/airflow/.local/lib/python3.12/site-packages/airflow/example_dags/example_dag_decorator.py for tasks to queue
[2025-02-06T18:38:37.725+0000] {logging_mixin.py:190} INFO - [2025-02-06T18:38:37.724+0000] {dagbag.py:588} INFO - Filling up the DagBag from /home/airflow/.local/lib/python3.12/site-packages/airflow/example_dags/example_dag_decorator.py
[2025-02-06T18:38:37.743+0000] {processor.py:925} INFO - DAG(s) 'example_dag_decorator' retrieved from /home/airflow/.local/lib/python3.12/site-packages/airflow/example_dags/example_dag_decorator.py
[2025-02-06T18:38:38.152+0000] {logging_mixin.py:190} INFO - [2025-02-06T18:38:38.152+0000] {dag.py:3239} INFO - Sync 1 DAGs
[2025-02-06T18:38:38.167+0000] {logging_mixin.py:190} INFO - [2025-02-06T18:38:38.166+0000] {dag.py:4180} INFO - Setting next_dagrun for example_dag_decorator to None, run_after=None
[2025-02-06T18:38:38.192+0000] {processor.py:208} INFO - Processing /home/airflow/.local/lib/python3.12/site-packages/airflow/example_dags/example_dag_decorator.py took 0.484 seconds
[2025-02-06T18:39:08.516+0000] {processor.py:186} INFO - Started process (PID=2642) to work on /home/airflow/.local/lib/python3.12/site-packages/airflow/example_dags/example_dag_decorator.py
[2025-02-06T18:39:08.519+0000] {processor.py:914} INFO - Processing file /home/airflow/.local/lib/python3.12/site-packages/airflow/example_dags/example_dag_decorator.py for tasks to queue
[2025-02-06T18:39:08.524+0000] {logging_mixin.py:190} INFO - [2025-02-06T18:39:08.523+0000] {dagbag.py:588} INFO - Filling up the DagBag from /home/airflow/.local/lib/python3.12/site-packages/airflow/example_dags/example_dag_decorator.py
[2025-02-06T18:39:08.554+0000] {processor.py:925} INFO - DAG(s) 'example_dag_decorator' retrieved from /home/airflow/.local/lib/python3.12/site-packages/airflow/example_dags/example_dag_decorator.py
[2025-02-06T18:39:09.125+0000] {logging_mixin.py:190} INFO - [2025-02-06T18:39:09.125+0000] {dag.py:3239} INFO - Sync 1 DAGs
[2025-02-06T18:39:09.156+0000] {logging_mixin.py:190} INFO - [2025-02-06T18:39:09.156+0000] {dag.py:4180} INFO - Setting next_dagrun for example_dag_decorator to None, run_after=None
[2025-02-06T18:39:09.187+0000] {processor.py:208} INFO - Processing /home/airflow/.local/lib/python3.12/site-packages/airflow/example_dags/example_dag_decorator.py took 0.686 seconds
[2025-02-06T18:39:39.357+0000] {processor.py:186} INFO - Started process (PID=2698) to work on /home/airflow/.local/lib/python3.12/site-packages/airflow/example_dags/example_dag_decorator.py
[2025-02-06T18:39:39.359+0000] {processor.py:914} INFO - Processing file /home/airflow/.local/lib/python3.12/site-packages/airflow/example_dags/example_dag_decorator.py for tasks to queue
[2025-02-06T18:39:39.364+0000] {logging_mixin.py:190} INFO - [2025-02-06T18:39:39.363+0000] {dagbag.py:588} INFO - Filling up the DagBag from /home/airflow/.local/lib/python3.12/site-packages/airflow/example_dags/example_dag_decorator.py
[2025-02-06T18:39:39.383+0000] {processor.py:925} INFO - DAG(s) 'example_dag_decorator' retrieved from /home/airflow/.local/lib/python3.12/site-packages/airflow/example_dags/example_dag_decorator.py
[2025-02-06T18:39:39.917+0000] {logging_mixin.py:190} INFO - [2025-02-06T18:39:39.916+0000] {dag.py:3239} INFO - Sync 1 DAGs
[2025-02-06T18:39:39.951+0000] {logging_mixin.py:190} INFO - [2025-02-06T18:39:39.951+0000] {dag.py:4180} INFO - Setting next_dagrun for example_dag_decorator to None, run_after=None
[2025-02-06T18:39:40.018+0000] {processor.py:208} INFO - Processing /home/airflow/.local/lib/python3.12/site-packages/airflow/example_dags/example_dag_decorator.py took 0.669 seconds
[2025-02-06T18:40:10.471+0000] {processor.py:186} INFO - Started process (PID=2757) to work on /home/airflow/.local/lib/python3.12/site-packages/airflow/example_dags/example_dag_decorator.py
[2025-02-06T18:40:10.472+0000] {processor.py:914} INFO - Processing file /home/airflow/.local/lib/python3.12/site-packages/airflow/example_dags/example_dag_decorator.py for tasks to queue
[2025-02-06T18:40:10.475+0000] {logging_mixin.py:190} INFO - [2025-02-06T18:40:10.475+0000] {dagbag.py:588} INFO - Filling up the DagBag from /home/airflow/.local/lib/python3.12/site-packages/airflow/example_dags/example_dag_decorator.py
[2025-02-06T18:40:10.491+0000] {processor.py:925} INFO - DAG(s) 'example_dag_decorator' retrieved from /home/airflow/.local/lib/python3.12/site-packages/airflow/example_dags/example_dag_decorator.py
[2025-02-06T18:40:10.861+0000] {logging_mixin.py:190} INFO - [2025-02-06T18:40:10.860+0000] {dag.py:3239} INFO - Sync 1 DAGs
[2025-02-06T18:40:10.882+0000] {logging_mixin.py:190} INFO - [2025-02-06T18:40:10.882+0000] {dag.py:4180} INFO - Setting next_dagrun for example_dag_decorator to None, run_after=None
[2025-02-06T18:40:10.916+0000] {processor.py:208} INFO - Processing /home/airflow/.local/lib/python3.12/site-packages/airflow/example_dags/example_dag_decorator.py took 0.453 seconds
[2025-02-06T18:40:41.030+0000] {processor.py:186} INFO - Started process (PID=2814) to work on /home/airflow/.local/lib/python3.12/site-packages/airflow/example_dags/example_dag_decorator.py
[2025-02-06T18:40:41.031+0000] {processor.py:914} INFO - Processing file /home/airflow/.local/lib/python3.12/site-packages/airflow/example_dags/example_dag_decorator.py for tasks to queue
[2025-02-06T18:40:41.035+0000] {logging_mixin.py:190} INFO - [2025-02-06T18:40:41.034+0000] {dagbag.py:588} INFO - Filling up the DagBag from /home/airflow/.local/lib/python3.12/site-packages/airflow/example_dags/example_dag_decorator.py
[2025-02-06T18:40:41.052+0000] {processor.py:925} INFO - DAG(s) 'example_dag_decorator' retrieved from /home/airflow/.local/lib/python3.12/site-packages/airflow/example_dags/example_dag_decorator.py
[2025-02-06T18:40:41.484+0000] {logging_mixin.py:190} INFO - [2025-02-06T18:40:41.483+0000] {dag.py:3239} INFO - Sync 1 DAGs
[2025-02-06T18:40:41.510+0000] {logging_mixin.py:190} INFO - [2025-02-06T18:40:41.510+0000] {dag.py:4180} INFO - Setting next_dagrun for example_dag_decorator to None, run_after=None
[2025-02-06T18:40:41.547+0000] {processor.py:208} INFO - Processing /home/airflow/.local/lib/python3.12/site-packages/airflow/example_dags/example_dag_decorator.py took 0.526 seconds
[2025-02-06T18:41:12.198+0000] {processor.py:186} INFO - Started process (PID=2871) to work on /home/airflow/.local/lib/python3.12/site-packages/airflow/example_dags/example_dag_decorator.py
[2025-02-06T18:41:12.200+0000] {processor.py:914} INFO - Processing file /home/airflow/.local/lib/python3.12/site-packages/airflow/example_dags/example_dag_decorator.py for tasks to queue
[2025-02-06T18:41:12.207+0000] {logging_mixin.py:190} INFO - [2025-02-06T18:41:12.206+0000] {dagbag.py:588} INFO - Filling up the DagBag from /home/airflow/.local/lib/python3.12/site-packages/airflow/example_dags/example_dag_decorator.py
[2025-02-06T18:41:12.239+0000] {processor.py:925} INFO - DAG(s) 'example_dag_decorator' retrieved from /home/airflow/.local/lib/python3.12/site-packages/airflow/example_dags/example_dag_decorator.py
[2025-02-06T18:41:12.490+0000] {logging_mixin.py:190} INFO - [2025-02-06T18:41:12.489+0000] {dag.py:3239} INFO - Sync 1 DAGs
[2025-02-06T18:41:12.513+0000] {logging_mixin.py:190} INFO - [2025-02-06T18:41:12.513+0000] {dag.py:4180} INFO - Setting next_dagrun for example_dag_decorator to None, run_after=None
[2025-02-06T18:41:12.544+0000] {processor.py:208} INFO - Processing /home/airflow/.local/lib/python3.12/site-packages/airflow/example_dags/example_dag_decorator.py took 0.355 seconds
[2025-02-06T18:41:43.439+0000] {processor.py:186} INFO - Started process (PID=2929) to work on /home/airflow/.local/lib/python3.12/site-packages/airflow/example_dags/example_dag_decorator.py
[2025-02-06T18:41:43.440+0000] {processor.py:914} INFO - Processing file /home/airflow/.local/lib/python3.12/site-packages/airflow/example_dags/example_dag_decorator.py for tasks to queue
[2025-02-06T18:41:43.443+0000] {logging_mixin.py:190} INFO - [2025-02-06T18:41:43.443+0000] {dagbag.py:588} INFO - Filling up the DagBag from /home/airflow/.local/lib/python3.12/site-packages/airflow/example_dags/example_dag_decorator.py
[2025-02-06T18:41:43.459+0000] {processor.py:925} INFO - DAG(s) 'example_dag_decorator' retrieved from /home/airflow/.local/lib/python3.12/site-packages/airflow/example_dags/example_dag_decorator.py
[2025-02-06T18:41:43.641+0000] {logging_mixin.py:190} INFO - [2025-02-06T18:41:43.640+0000] {dag.py:3239} INFO - Sync 1 DAGs
[2025-02-06T18:41:43.662+0000] {logging_mixin.py:190} INFO - [2025-02-06T18:41:43.661+0000] {dag.py:4180} INFO - Setting next_dagrun for example_dag_decorator to None, run_after=None
[2025-02-06T18:41:43.708+0000] {processor.py:208} INFO - Processing /home/airflow/.local/lib/python3.12/site-packages/airflow/example_dags/example_dag_decorator.py took 0.277 seconds
[2025-02-06T18:42:14.368+0000] {processor.py:186} INFO - Started process (PID=2986) to work on /home/airflow/.local/lib/python3.12/site-packages/airflow/example_dags/example_dag_decorator.py
[2025-02-06T18:42:14.370+0000] {processor.py:914} INFO - Processing file /home/airflow/.local/lib/python3.12/site-packages/airflow/example_dags/example_dag_decorator.py for tasks to queue
[2025-02-06T18:42:14.373+0000] {logging_mixin.py:190} INFO - [2025-02-06T18:42:14.373+0000] {dagbag.py:588} INFO - Filling up the DagBag from /home/airflow/.local/lib/python3.12/site-packages/airflow/example_dags/example_dag_decorator.py
[2025-02-06T18:42:14.393+0000] {processor.py:925} INFO - DAG(s) 'example_dag_decorator' retrieved from /home/airflow/.local/lib/python3.12/site-packages/airflow/example_dags/example_dag_decorator.py
[2025-02-06T18:42:14.568+0000] {logging_mixin.py:190} INFO - [2025-02-06T18:42:14.568+0000] {dag.py:3239} INFO - Sync 1 DAGs
[2025-02-06T18:42:14.586+0000] {logging_mixin.py:190} INFO - [2025-02-06T18:42:14.586+0000] {dag.py:4180} INFO - Setting next_dagrun for example_dag_decorator to None, run_after=None
[2025-02-06T18:42:14.615+0000] {processor.py:208} INFO - Processing /home/airflow/.local/lib/python3.12/site-packages/airflow/example_dags/example_dag_decorator.py took 0.255 seconds
[2025-02-06T18:42:44.815+0000] {processor.py:186} INFO - Started process (PID=3043) to work on /home/airflow/.local/lib/python3.12/site-packages/airflow/example_dags/example_dag_decorator.py
[2025-02-06T18:42:44.816+0000] {processor.py:914} INFO - Processing file /home/airflow/.local/lib/python3.12/site-packages/airflow/example_dags/example_dag_decorator.py for tasks to queue
[2025-02-06T18:42:44.819+0000] {logging_mixin.py:190} INFO - [2025-02-06T18:42:44.819+0000] {dagbag.py:588} INFO - Filling up the DagBag from /home/airflow/.local/lib/python3.12/site-packages/airflow/example_dags/example_dag_decorator.py
[2025-02-06T18:42:44.834+0000] {processor.py:925} INFO - DAG(s) 'example_dag_decorator' retrieved from /home/airflow/.local/lib/python3.12/site-packages/airflow/example_dags/example_dag_decorator.py
[2025-02-06T18:42:44.984+0000] {logging_mixin.py:190} INFO - [2025-02-06T18:42:44.983+0000] {dag.py:3239} INFO - Sync 1 DAGs
[2025-02-06T18:42:45.002+0000] {logging_mixin.py:190} INFO - [2025-02-06T18:42:45.002+0000] {dag.py:4180} INFO - Setting next_dagrun for example_dag_decorator to None, run_after=None
[2025-02-06T18:42:45.029+0000] {processor.py:208} INFO - Processing /home/airflow/.local/lib/python3.12/site-packages/airflow/example_dags/example_dag_decorator.py took 0.222 seconds
[2025-02-06T18:43:15.289+0000] {processor.py:186} INFO - Started process (PID=3100) to work on /home/airflow/.local/lib/python3.12/site-packages/airflow/example_dags/example_dag_decorator.py
[2025-02-06T18:43:15.291+0000] {processor.py:914} INFO - Processing file /home/airflow/.local/lib/python3.12/site-packages/airflow/example_dags/example_dag_decorator.py for tasks to queue
[2025-02-06T18:43:15.295+0000] {logging_mixin.py:190} INFO - [2025-02-06T18:43:15.294+0000] {dagbag.py:588} INFO - Filling up the DagBag from /home/airflow/.local/lib/python3.12/site-packages/airflow/example_dags/example_dag_decorator.py
[2025-02-06T18:43:15.327+0000] {processor.py:925} INFO - DAG(s) 'example_dag_decorator' retrieved from /home/airflow/.local/lib/python3.12/site-packages/airflow/example_dags/example_dag_decorator.py
[2025-02-06T18:43:15.545+0000] {logging_mixin.py:190} INFO - [2025-02-06T18:43:15.544+0000] {dag.py:3239} INFO - Sync 1 DAGs
[2025-02-06T18:43:15.573+0000] {logging_mixin.py:190} INFO - [2025-02-06T18:43:15.573+0000] {dag.py:4180} INFO - Setting next_dagrun for example_dag_decorator to None, run_after=None
[2025-02-06T18:43:15.617+0000] {processor.py:208} INFO - Processing /home/airflow/.local/lib/python3.12/site-packages/airflow/example_dags/example_dag_decorator.py took 0.339 seconds
[2025-02-06T18:43:46.615+0000] {processor.py:186} INFO - Started process (PID=3157) to work on /home/airflow/.local/lib/python3.12/site-packages/airflow/example_dags/example_dag_decorator.py
[2025-02-06T18:43:46.617+0000] {processor.py:914} INFO - Processing file /home/airflow/.local/lib/python3.12/site-packages/airflow/example_dags/example_dag_decorator.py for tasks to queue
[2025-02-06T18:43:46.620+0000] {logging_mixin.py:190} INFO - [2025-02-06T18:43:46.620+0000] {dagbag.py:588} INFO - Filling up the DagBag from /home/airflow/.local/lib/python3.12/site-packages/airflow/example_dags/example_dag_decorator.py
[2025-02-06T18:43:46.638+0000] {processor.py:925} INFO - DAG(s) 'example_dag_decorator' retrieved from /home/airflow/.local/lib/python3.12/site-packages/airflow/example_dags/example_dag_decorator.py
[2025-02-06T18:43:46.809+0000] {logging_mixin.py:190} INFO - [2025-02-06T18:43:46.808+0000] {dag.py:3239} INFO - Sync 1 DAGs
[2025-02-06T18:43:46.832+0000] {logging_mixin.py:190} INFO - [2025-02-06T18:43:46.832+0000] {dag.py:4180} INFO - Setting next_dagrun for example_dag_decorator to None, run_after=None
[2025-02-06T18:43:46.868+0000] {processor.py:208} INFO - Processing /home/airflow/.local/lib/python3.12/site-packages/airflow/example_dags/example_dag_decorator.py took 0.263 seconds
[2025-02-06T18:44:17.409+0000] {processor.py:186} INFO - Started process (PID=3214) to work on /home/airflow/.local/lib/python3.12/site-packages/airflow/example_dags/example_dag_decorator.py
[2025-02-06T18:44:17.411+0000] {processor.py:914} INFO - Processing file /home/airflow/.local/lib/python3.12/site-packages/airflow/example_dags/example_dag_decorator.py for tasks to queue
[2025-02-06T18:44:17.414+0000] {logging_mixin.py:190} INFO - [2025-02-06T18:44:17.414+0000] {dagbag.py:588} INFO - Filling up the DagBag from /home/airflow/.local/lib/python3.12/site-packages/airflow/example_dags/example_dag_decorator.py
[2025-02-06T18:44:17.435+0000] {processor.py:925} INFO - DAG(s) 'example_dag_decorator' retrieved from /home/airflow/.local/lib/python3.12/site-packages/airflow/example_dags/example_dag_decorator.py
[2025-02-06T18:44:17.478+0000] {logging_mixin.py:190} INFO - [2025-02-06T18:44:17.478+0000] {dag.py:3239} INFO - Sync 1 DAGs
[2025-02-06T18:44:17.499+0000] {logging_mixin.py:190} INFO - [2025-02-06T18:44:17.499+0000] {dag.py:4180} INFO - Setting next_dagrun for example_dag_decorator to None, run_after=None
[2025-02-06T18:44:17.534+0000] {processor.py:208} INFO - Processing /home/airflow/.local/lib/python3.12/site-packages/airflow/example_dags/example_dag_decorator.py took 0.138 seconds
[2025-02-06T18:44:47.816+0000] {processor.py:186} INFO - Started process (PID=3271) to work on /home/airflow/.local/lib/python3.12/site-packages/airflow/example_dags/example_dag_decorator.py
[2025-02-06T18:44:47.818+0000] {processor.py:914} INFO - Processing file /home/airflow/.local/lib/python3.12/site-packages/airflow/example_dags/example_dag_decorator.py for tasks to queue
[2025-02-06T18:44:47.822+0000] {logging_mixin.py:190} INFO - [2025-02-06T18:44:47.821+0000] {dagbag.py:588} INFO - Filling up the DagBag from /home/airflow/.local/lib/python3.12/site-packages/airflow/example_dags/example_dag_decorator.py
[2025-02-06T18:44:47.847+0000] {processor.py:925} INFO - DAG(s) 'example_dag_decorator' retrieved from /home/airflow/.local/lib/python3.12/site-packages/airflow/example_dags/example_dag_decorator.py
[2025-02-06T18:44:48.092+0000] {logging_mixin.py:190} INFO - [2025-02-06T18:44:48.092+0000] {dag.py:3239} INFO - Sync 1 DAGs
[2025-02-06T18:44:48.117+0000] {logging_mixin.py:190} INFO - [2025-02-06T18:44:48.117+0000] {dag.py:4180} INFO - Setting next_dagrun for example_dag_decorator to None, run_after=None
[2025-02-06T18:44:48.151+0000] {processor.py:208} INFO - Processing /home/airflow/.local/lib/python3.12/site-packages/airflow/example_dags/example_dag_decorator.py took 0.349 seconds
[2025-02-06T18:45:18.561+0000] {processor.py:186} INFO - Started process (PID=3328) to work on /home/airflow/.local/lib/python3.12/site-packages/airflow/example_dags/example_dag_decorator.py
[2025-02-06T18:45:18.563+0000] {processor.py:914} INFO - Processing file /home/airflow/.local/lib/python3.12/site-packages/airflow/example_dags/example_dag_decorator.py for tasks to queue
[2025-02-06T18:45:18.569+0000] {logging_mixin.py:190} INFO - [2025-02-06T18:45:18.568+0000] {dagbag.py:588} INFO - Filling up the DagBag from /home/airflow/.local/lib/python3.12/site-packages/airflow/example_dags/example_dag_decorator.py
[2025-02-06T18:45:18.586+0000] {processor.py:925} INFO - DAG(s) 'example_dag_decorator' retrieved from /home/airflow/.local/lib/python3.12/site-packages/airflow/example_dags/example_dag_decorator.py
[2025-02-06T18:45:18.793+0000] {logging_mixin.py:190} INFO - [2025-02-06T18:45:18.793+0000] {dag.py:3239} INFO - Sync 1 DAGs
[2025-02-06T18:45:18.814+0000] {logging_mixin.py:190} INFO - [2025-02-06T18:45:18.813+0000] {dag.py:4180} INFO - Setting next_dagrun for example_dag_decorator to None, run_after=None
[2025-02-06T18:45:18.859+0000] {processor.py:208} INFO - Processing /home/airflow/.local/lib/python3.12/site-packages/airflow/example_dags/example_dag_decorator.py took 0.311 seconds
[2025-02-06T18:45:49.889+0000] {processor.py:186} INFO - Started process (PID=3385) to work on /home/airflow/.local/lib/python3.12/site-packages/airflow/example_dags/example_dag_decorator.py
[2025-02-06T18:45:49.895+0000] {processor.py:914} INFO - Processing file /home/airflow/.local/lib/python3.12/site-packages/airflow/example_dags/example_dag_decorator.py for tasks to queue
[2025-02-06T18:45:49.908+0000] {logging_mixin.py:190} INFO - [2025-02-06T18:45:49.901+0000] {dagbag.py:588} INFO - Filling up the DagBag from /home/airflow/.local/lib/python3.12/site-packages/airflow/example_dags/example_dag_decorator.py
[2025-02-06T18:45:49.950+0000] {processor.py:925} INFO - DAG(s) 'example_dag_decorator' retrieved from /home/airflow/.local/lib/python3.12/site-packages/airflow/example_dags/example_dag_decorator.py
[2025-02-06T18:45:50.282+0000] {logging_mixin.py:190} INFO - [2025-02-06T18:45:50.281+0000] {dag.py:3239} INFO - Sync 1 DAGs
[2025-02-06T18:45:50.310+0000] {logging_mixin.py:190} INFO - [2025-02-06T18:45:50.310+0000] {dag.py:4180} INFO - Setting next_dagrun for example_dag_decorator to None, run_after=None
[2025-02-06T18:45:50.362+0000] {processor.py:208} INFO - Processing /home/airflow/.local/lib/python3.12/site-packages/airflow/example_dags/example_dag_decorator.py took 0.487 seconds
[2025-02-06T18:46:20.831+0000] {processor.py:186} INFO - Started process (PID=3441) to work on /home/airflow/.local/lib/python3.12/site-packages/airflow/example_dags/example_dag_decorator.py
[2025-02-06T18:46:20.833+0000] {processor.py:914} INFO - Processing file /home/airflow/.local/lib/python3.12/site-packages/airflow/example_dags/example_dag_decorator.py for tasks to queue
[2025-02-06T18:46:20.839+0000] {logging_mixin.py:190} INFO - [2025-02-06T18:46:20.838+0000] {dagbag.py:588} INFO - Filling up the DagBag from /home/airflow/.local/lib/python3.12/site-packages/airflow/example_dags/example_dag_decorator.py
[2025-02-06T18:46:20.861+0000] {processor.py:925} INFO - DAG(s) 'example_dag_decorator' retrieved from /home/airflow/.local/lib/python3.12/site-packages/airflow/example_dags/example_dag_decorator.py
[2025-02-06T18:46:21.040+0000] {logging_mixin.py:190} INFO - [2025-02-06T18:46:21.039+0000] {dag.py:3239} INFO - Sync 1 DAGs
[2025-02-06T18:46:21.059+0000] {logging_mixin.py:190} INFO - [2025-02-06T18:46:21.059+0000] {dag.py:4180} INFO - Setting next_dagrun for example_dag_decorator to None, run_after=None
[2025-02-06T18:46:21.087+0000] {processor.py:208} INFO - Processing /home/airflow/.local/lib/python3.12/site-packages/airflow/example_dags/example_dag_decorator.py took 0.268 seconds
[2025-02-06T18:46:51.169+0000] {processor.py:186} INFO - Started process (PID=3498) to work on /home/airflow/.local/lib/python3.12/site-packages/airflow/example_dags/example_dag_decorator.py
[2025-02-06T18:46:51.171+0000] {processor.py:914} INFO - Processing file /home/airflow/.local/lib/python3.12/site-packages/airflow/example_dags/example_dag_decorator.py for tasks to queue
[2025-02-06T18:46:51.175+0000] {logging_mixin.py:190} INFO - [2025-02-06T18:46:51.174+0000] {dagbag.py:588} INFO - Filling up the DagBag from /home/airflow/.local/lib/python3.12/site-packages/airflow/example_dags/example_dag_decorator.py
[2025-02-06T18:46:51.193+0000] {processor.py:925} INFO - DAG(s) 'example_dag_decorator' retrieved from /home/airflow/.local/lib/python3.12/site-packages/airflow/example_dags/example_dag_decorator.py
[2025-02-06T18:46:51.231+0000] {logging_mixin.py:190} INFO - [2025-02-06T18:46:51.230+0000] {dag.py:3239} INFO - Sync 1 DAGs
[2025-02-06T18:46:51.254+0000] {logging_mixin.py:190} INFO - [2025-02-06T18:46:51.253+0000] {dag.py:4180} INFO - Setting next_dagrun for example_dag_decorator to None, run_after=None
[2025-02-06T18:46:51.278+0000] {processor.py:208} INFO - Processing /home/airflow/.local/lib/python3.12/site-packages/airflow/example_dags/example_dag_decorator.py took 0.118 seconds
[2025-02-06T18:47:21.360+0000] {processor.py:186} INFO - Started process (PID=3553) to work on /home/airflow/.local/lib/python3.12/site-packages/airflow/example_dags/example_dag_decorator.py
[2025-02-06T18:47:21.362+0000] {processor.py:914} INFO - Processing file /home/airflow/.local/lib/python3.12/site-packages/airflow/example_dags/example_dag_decorator.py for tasks to queue
[2025-02-06T18:47:21.366+0000] {logging_mixin.py:190} INFO - [2025-02-06T18:47:21.365+0000] {dagbag.py:588} INFO - Filling up the DagBag from /home/airflow/.local/lib/python3.12/site-packages/airflow/example_dags/example_dag_decorator.py
[2025-02-06T18:47:21.381+0000] {processor.py:925} INFO - DAG(s) 'example_dag_decorator' retrieved from /home/airflow/.local/lib/python3.12/site-packages/airflow/example_dags/example_dag_decorator.py
[2025-02-06T18:47:21.546+0000] {logging_mixin.py:190} INFO - [2025-02-06T18:47:21.546+0000] {dag.py:3239} INFO - Sync 1 DAGs
[2025-02-06T18:47:21.565+0000] {logging_mixin.py:190} INFO - [2025-02-06T18:47:21.564+0000] {dag.py:4180} INFO - Setting next_dagrun for example_dag_decorator to None, run_after=None
[2025-02-06T18:47:21.594+0000] {processor.py:208} INFO - Processing /home/airflow/.local/lib/python3.12/site-packages/airflow/example_dags/example_dag_decorator.py took 0.242 seconds
[2025-02-06T18:47:51.834+0000] {processor.py:186} INFO - Started process (PID=3610) to work on /home/airflow/.local/lib/python3.12/site-packages/airflow/example_dags/example_dag_decorator.py
[2025-02-06T18:47:51.836+0000] {processor.py:914} INFO - Processing file /home/airflow/.local/lib/python3.12/site-packages/airflow/example_dags/example_dag_decorator.py for tasks to queue
[2025-02-06T18:47:51.840+0000] {logging_mixin.py:190} INFO - [2025-02-06T18:47:51.839+0000] {dagbag.py:588} INFO - Filling up the DagBag from /home/airflow/.local/lib/python3.12/site-packages/airflow/example_dags/example_dag_decorator.py
[2025-02-06T18:47:51.856+0000] {processor.py:925} INFO - DAG(s) 'example_dag_decorator' retrieved from /home/airflow/.local/lib/python3.12/site-packages/airflow/example_dags/example_dag_decorator.py
[2025-02-06T18:47:52.030+0000] {logging_mixin.py:190} INFO - [2025-02-06T18:47:52.030+0000] {dag.py:3239} INFO - Sync 1 DAGs
[2025-02-06T18:47:52.047+0000] {logging_mixin.py:190} INFO - [2025-02-06T18:47:52.047+0000] {dag.py:4180} INFO - Setting next_dagrun for example_dag_decorator to None, run_after=None
[2025-02-06T18:47:52.075+0000] {processor.py:208} INFO - Processing /home/airflow/.local/lib/python3.12/site-packages/airflow/example_dags/example_dag_decorator.py took 0.249 seconds
[2025-02-06T18:48:22.312+0000] {processor.py:186} INFO - Started process (PID=3667) to work on /home/airflow/.local/lib/python3.12/site-packages/airflow/example_dags/example_dag_decorator.py
[2025-02-06T18:48:22.314+0000] {processor.py:914} INFO - Processing file /home/airflow/.local/lib/python3.12/site-packages/airflow/example_dags/example_dag_decorator.py for tasks to queue
[2025-02-06T18:48:22.319+0000] {logging_mixin.py:190} INFO - [2025-02-06T18:48:22.318+0000] {dagbag.py:588} INFO - Filling up the DagBag from /home/airflow/.local/lib/python3.12/site-packages/airflow/example_dags/example_dag_decorator.py
[2025-02-06T18:48:22.338+0000] {processor.py:925} INFO - DAG(s) 'example_dag_decorator' retrieved from /home/airflow/.local/lib/python3.12/site-packages/airflow/example_dags/example_dag_decorator.py
[2025-02-06T18:48:22.375+0000] {logging_mixin.py:190} INFO - [2025-02-06T18:48:22.374+0000] {dag.py:3239} INFO - Sync 1 DAGs
[2025-02-06T18:48:22.399+0000] {logging_mixin.py:190} INFO - [2025-02-06T18:48:22.398+0000] {dag.py:4180} INFO - Setting next_dagrun for example_dag_decorator to None, run_after=None
[2025-02-06T18:48:22.424+0000] {processor.py:208} INFO - Processing /home/airflow/.local/lib/python3.12/site-packages/airflow/example_dags/example_dag_decorator.py took 0.121 seconds
[2025-02-06T18:48:52.680+0000] {processor.py:186} INFO - Started process (PID=3724) to work on /home/airflow/.local/lib/python3.12/site-packages/airflow/example_dags/example_dag_decorator.py
[2025-02-06T18:48:52.681+0000] {processor.py:914} INFO - Processing file /home/airflow/.local/lib/python3.12/site-packages/airflow/example_dags/example_dag_decorator.py for tasks to queue
[2025-02-06T18:48:52.685+0000] {logging_mixin.py:190} INFO - [2025-02-06T18:48:52.685+0000] {dagbag.py:588} INFO - Filling up the DagBag from /home/airflow/.local/lib/python3.12/site-packages/airflow/example_dags/example_dag_decorator.py
[2025-02-06T18:48:52.700+0000] {processor.py:925} INFO - DAG(s) 'example_dag_decorator' retrieved from /home/airflow/.local/lib/python3.12/site-packages/airflow/example_dags/example_dag_decorator.py
[2025-02-06T18:48:52.868+0000] {logging_mixin.py:190} INFO - [2025-02-06T18:48:52.868+0000] {dag.py:3239} INFO - Sync 1 DAGs
[2025-02-06T18:48:52.891+0000] {logging_mixin.py:190} INFO - [2025-02-06T18:48:52.891+0000] {dag.py:4180} INFO - Setting next_dagrun for example_dag_decorator to None, run_after=None
[2025-02-06T18:48:52.920+0000] {processor.py:208} INFO - Processing /home/airflow/.local/lib/python3.12/site-packages/airflow/example_dags/example_dag_decorator.py took 0.248 seconds
[2025-02-06T18:49:23.105+0000] {processor.py:186} INFO - Started process (PID=3781) to work on /home/airflow/.local/lib/python3.12/site-packages/airflow/example_dags/example_dag_decorator.py
[2025-02-06T18:49:23.106+0000] {processor.py:914} INFO - Processing file /home/airflow/.local/lib/python3.12/site-packages/airflow/example_dags/example_dag_decorator.py for tasks to queue
[2025-02-06T18:49:23.110+0000] {logging_mixin.py:190} INFO - [2025-02-06T18:49:23.110+0000] {dagbag.py:588} INFO - Filling up the DagBag from /home/airflow/.local/lib/python3.12/site-packages/airflow/example_dags/example_dag_decorator.py
[2025-02-06T18:49:23.127+0000] {processor.py:925} INFO - DAG(s) 'example_dag_decorator' retrieved from /home/airflow/.local/lib/python3.12/site-packages/airflow/example_dags/example_dag_decorator.py
[2025-02-06T18:49:23.292+0000] {logging_mixin.py:190} INFO - [2025-02-06T18:49:23.291+0000] {dag.py:3239} INFO - Sync 1 DAGs
[2025-02-06T18:49:23.309+0000] {logging_mixin.py:190} INFO - [2025-02-06T18:49:23.309+0000] {dag.py:4180} INFO - Setting next_dagrun for example_dag_decorator to None, run_after=None
[2025-02-06T18:49:23.332+0000] {processor.py:208} INFO - Processing /home/airflow/.local/lib/python3.12/site-packages/airflow/example_dags/example_dag_decorator.py took 0.235 seconds
[2025-02-06T18:49:53.842+0000] {processor.py:186} INFO - Started process (PID=3838) to work on /home/airflow/.local/lib/python3.12/site-packages/airflow/example_dags/example_dag_decorator.py
[2025-02-06T18:49:53.843+0000] {processor.py:914} INFO - Processing file /home/airflow/.local/lib/python3.12/site-packages/airflow/example_dags/example_dag_decorator.py for tasks to queue
[2025-02-06T18:49:53.848+0000] {logging_mixin.py:190} INFO - [2025-02-06T18:49:53.847+0000] {dagbag.py:588} INFO - Filling up the DagBag from /home/airflow/.local/lib/python3.12/site-packages/airflow/example_dags/example_dag_decorator.py
[2025-02-06T18:49:53.870+0000] {processor.py:925} INFO - DAG(s) 'example_dag_decorator' retrieved from /home/airflow/.local/lib/python3.12/site-packages/airflow/example_dags/example_dag_decorator.py
[2025-02-06T18:49:54.043+0000] {logging_mixin.py:190} INFO - [2025-02-06T18:49:54.043+0000] {dag.py:3239} INFO - Sync 1 DAGs
[2025-02-06T18:49:54.061+0000] {logging_mixin.py:190} INFO - [2025-02-06T18:49:54.061+0000] {dag.py:4180} INFO - Setting next_dagrun for example_dag_decorator to None, run_after=None
[2025-02-06T18:49:54.086+0000] {processor.py:208} INFO - Processing /home/airflow/.local/lib/python3.12/site-packages/airflow/example_dags/example_dag_decorator.py took 0.252 seconds
[2025-02-06T18:50:24.599+0000] {processor.py:186} INFO - Started process (PID=3895) to work on /home/airflow/.local/lib/python3.12/site-packages/airflow/example_dags/example_dag_decorator.py
[2025-02-06T18:50:24.601+0000] {processor.py:914} INFO - Processing file /home/airflow/.local/lib/python3.12/site-packages/airflow/example_dags/example_dag_decorator.py for tasks to queue
[2025-02-06T18:50:24.605+0000] {logging_mixin.py:190} INFO - [2025-02-06T18:50:24.605+0000] {dagbag.py:588} INFO - Filling up the DagBag from /home/airflow/.local/lib/python3.12/site-packages/airflow/example_dags/example_dag_decorator.py
[2025-02-06T18:50:24.621+0000] {processor.py:925} INFO - DAG(s) 'example_dag_decorator' retrieved from /home/airflow/.local/lib/python3.12/site-packages/airflow/example_dags/example_dag_decorator.py
[2025-02-06T18:50:24.790+0000] {logging_mixin.py:190} INFO - [2025-02-06T18:50:24.789+0000] {dag.py:3239} INFO - Sync 1 DAGs
[2025-02-06T18:50:24.812+0000] {logging_mixin.py:190} INFO - [2025-02-06T18:50:24.812+0000] {dag.py:4180} INFO - Setting next_dagrun for example_dag_decorator to None, run_after=None
[2025-02-06T18:50:24.838+0000] {processor.py:208} INFO - Processing /home/airflow/.local/lib/python3.12/site-packages/airflow/example_dags/example_dag_decorator.py took 0.247 seconds
[2025-02-06T18:50:55.691+0000] {processor.py:186} INFO - Started process (PID=3952) to work on /home/airflow/.local/lib/python3.12/site-packages/airflow/example_dags/example_dag_decorator.py
[2025-02-06T18:50:55.693+0000] {processor.py:914} INFO - Processing file /home/airflow/.local/lib/python3.12/site-packages/airflow/example_dags/example_dag_decorator.py for tasks to queue
[2025-02-06T18:50:55.699+0000] {logging_mixin.py:190} INFO - [2025-02-06T18:50:55.698+0000] {dagbag.py:588} INFO - Filling up the DagBag from /home/airflow/.local/lib/python3.12/site-packages/airflow/example_dags/example_dag_decorator.py
[2025-02-06T18:50:55.734+0000] {processor.py:925} INFO - DAG(s) 'example_dag_decorator' retrieved from /home/airflow/.local/lib/python3.12/site-packages/airflow/example_dags/example_dag_decorator.py
[2025-02-06T18:50:55.995+0000] {logging_mixin.py:190} INFO - [2025-02-06T18:50:55.995+0000] {dag.py:3239} INFO - Sync 1 DAGs
[2025-02-06T18:50:56.016+0000] {logging_mixin.py:190} INFO - [2025-02-06T18:50:56.016+0000] {dag.py:4180} INFO - Setting next_dagrun for example_dag_decorator to None, run_after=None
[2025-02-06T18:50:56.045+0000] {processor.py:208} INFO - Processing /home/airflow/.local/lib/python3.12/site-packages/airflow/example_dags/example_dag_decorator.py took 0.362 seconds
[2025-02-06T18:51:26.097+0000] {processor.py:186} INFO - Started process (PID=4009) to work on /home/airflow/.local/lib/python3.12/site-packages/airflow/example_dags/example_dag_decorator.py
[2025-02-06T18:51:26.098+0000] {processor.py:914} INFO - Processing file /home/airflow/.local/lib/python3.12/site-packages/airflow/example_dags/example_dag_decorator.py for tasks to queue
[2025-02-06T18:51:26.102+0000] {logging_mixin.py:190} INFO - [2025-02-06T18:51:26.102+0000] {dagbag.py:588} INFO - Filling up the DagBag from /home/airflow/.local/lib/python3.12/site-packages/airflow/example_dags/example_dag_decorator.py
[2025-02-06T18:51:26.120+0000] {processor.py:925} INFO - DAG(s) 'example_dag_decorator' retrieved from /home/airflow/.local/lib/python3.12/site-packages/airflow/example_dags/example_dag_decorator.py
[2025-02-06T18:51:26.306+0000] {logging_mixin.py:190} INFO - [2025-02-06T18:51:26.306+0000] {dag.py:3239} INFO - Sync 1 DAGs
[2025-02-06T18:51:26.323+0000] {logging_mixin.py:190} INFO - [2025-02-06T18:51:26.323+0000] {dag.py:4180} INFO - Setting next_dagrun for example_dag_decorator to None, run_after=None
[2025-02-06T18:51:26.348+0000] {processor.py:208} INFO - Processing /home/airflow/.local/lib/python3.12/site-packages/airflow/example_dags/example_dag_decorator.py took 0.261 seconds
[2025-02-06T18:51:56.592+0000] {processor.py:186} INFO - Started process (PID=4067) to work on /home/airflow/.local/lib/python3.12/site-packages/airflow/example_dags/example_dag_decorator.py
[2025-02-06T18:51:56.593+0000] {processor.py:914} INFO - Processing file /home/airflow/.local/lib/python3.12/site-packages/airflow/example_dags/example_dag_decorator.py for tasks to queue
[2025-02-06T18:51:56.597+0000] {logging_mixin.py:190} INFO - [2025-02-06T18:51:56.596+0000] {dagbag.py:588} INFO - Filling up the DagBag from /home/airflow/.local/lib/python3.12/site-packages/airflow/example_dags/example_dag_decorator.py
[2025-02-06T18:51:56.616+0000] {processor.py:925} INFO - DAG(s) 'example_dag_decorator' retrieved from /home/airflow/.local/lib/python3.12/site-packages/airflow/example_dags/example_dag_decorator.py
[2025-02-06T18:51:56.774+0000] {logging_mixin.py:190} INFO - [2025-02-06T18:51:56.773+0000] {dag.py:3239} INFO - Sync 1 DAGs
[2025-02-06T18:51:56.791+0000] {logging_mixin.py:190} INFO - [2025-02-06T18:51:56.791+0000] {dag.py:4180} INFO - Setting next_dagrun for example_dag_decorator to None, run_after=None
[2025-02-06T18:51:56.816+0000] {processor.py:208} INFO - Processing /home/airflow/.local/lib/python3.12/site-packages/airflow/example_dags/example_dag_decorator.py took 0.231 seconds
[2025-02-06T18:52:27.029+0000] {processor.py:186} INFO - Started process (PID=4123) to work on /home/airflow/.local/lib/python3.12/site-packages/airflow/example_dags/example_dag_decorator.py
[2025-02-06T18:52:27.030+0000] {processor.py:914} INFO - Processing file /home/airflow/.local/lib/python3.12/site-packages/airflow/example_dags/example_dag_decorator.py for tasks to queue
[2025-02-06T18:52:27.034+0000] {logging_mixin.py:190} INFO - [2025-02-06T18:52:27.034+0000] {dagbag.py:588} INFO - Filling up the DagBag from /home/airflow/.local/lib/python3.12/site-packages/airflow/example_dags/example_dag_decorator.py
[2025-02-06T18:52:27.050+0000] {processor.py:925} INFO - DAG(s) 'example_dag_decorator' retrieved from /home/airflow/.local/lib/python3.12/site-packages/airflow/example_dags/example_dag_decorator.py
[2025-02-06T18:52:27.270+0000] {logging_mixin.py:190} INFO - [2025-02-06T18:52:27.270+0000] {dag.py:3239} INFO - Sync 1 DAGs
[2025-02-06T18:52:27.297+0000] {logging_mixin.py:190} INFO - [2025-02-06T18:52:27.296+0000] {dag.py:4180} INFO - Setting next_dagrun for example_dag_decorator to None, run_after=None
[2025-02-06T18:52:27.330+0000] {processor.py:208} INFO - Processing /home/airflow/.local/lib/python3.12/site-packages/airflow/example_dags/example_dag_decorator.py took 0.309 seconds
[2025-02-06T18:52:58.057+0000] {processor.py:186} INFO - Started process (PID=4180) to work on /home/airflow/.local/lib/python3.12/site-packages/airflow/example_dags/example_dag_decorator.py
[2025-02-06T18:52:58.058+0000] {processor.py:914} INFO - Processing file /home/airflow/.local/lib/python3.12/site-packages/airflow/example_dags/example_dag_decorator.py for tasks to queue
[2025-02-06T18:52:58.062+0000] {logging_mixin.py:190} INFO - [2025-02-06T18:52:58.061+0000] {dagbag.py:588} INFO - Filling up the DagBag from /home/airflow/.local/lib/python3.12/site-packages/airflow/example_dags/example_dag_decorator.py
[2025-02-06T18:52:58.088+0000] {processor.py:925} INFO - DAG(s) 'example_dag_decorator' retrieved from /home/airflow/.local/lib/python3.12/site-packages/airflow/example_dags/example_dag_decorator.py
[2025-02-06T18:52:58.265+0000] {logging_mixin.py:190} INFO - [2025-02-06T18:52:58.264+0000] {dag.py:3239} INFO - Sync 1 DAGs
[2025-02-06T18:52:58.287+0000] {logging_mixin.py:190} INFO - [2025-02-06T18:52:58.287+0000] {dag.py:4180} INFO - Setting next_dagrun for example_dag_decorator to None, run_after=None
[2025-02-06T18:52:58.321+0000] {processor.py:208} INFO - Processing /home/airflow/.local/lib/python3.12/site-packages/airflow/example_dags/example_dag_decorator.py took 0.271 seconds
[2025-02-06T18:53:28.476+0000] {processor.py:186} INFO - Started process (PID=4236) to work on /home/airflow/.local/lib/python3.12/site-packages/airflow/example_dags/example_dag_decorator.py
[2025-02-06T18:53:28.478+0000] {processor.py:914} INFO - Processing file /home/airflow/.local/lib/python3.12/site-packages/airflow/example_dags/example_dag_decorator.py for tasks to queue
[2025-02-06T18:53:28.481+0000] {logging_mixin.py:190} INFO - [2025-02-06T18:53:28.481+0000] {dagbag.py:588} INFO - Filling up the DagBag from /home/airflow/.local/lib/python3.12/site-packages/airflow/example_dags/example_dag_decorator.py
[2025-02-06T18:53:28.496+0000] {processor.py:925} INFO - DAG(s) 'example_dag_decorator' retrieved from /home/airflow/.local/lib/python3.12/site-packages/airflow/example_dags/example_dag_decorator.py
[2025-02-06T18:53:28.649+0000] {logging_mixin.py:190} INFO - [2025-02-06T18:53:28.648+0000] {dag.py:3239} INFO - Sync 1 DAGs
[2025-02-06T18:53:28.668+0000] {logging_mixin.py:190} INFO - [2025-02-06T18:53:28.668+0000] {dag.py:4180} INFO - Setting next_dagrun for example_dag_decorator to None, run_after=None
[2025-02-06T18:53:28.695+0000] {processor.py:208} INFO - Processing /home/airflow/.local/lib/python3.12/site-packages/airflow/example_dags/example_dag_decorator.py took 0.226 seconds
[2025-02-06T18:53:58.793+0000] {processor.py:186} INFO - Started process (PID=4293) to work on /home/airflow/.local/lib/python3.12/site-packages/airflow/example_dags/example_dag_decorator.py
[2025-02-06T18:53:58.796+0000] {processor.py:914} INFO - Processing file /home/airflow/.local/lib/python3.12/site-packages/airflow/example_dags/example_dag_decorator.py for tasks to queue
[2025-02-06T18:53:58.800+0000] {logging_mixin.py:190} INFO - [2025-02-06T18:53:58.799+0000] {dagbag.py:588} INFO - Filling up the DagBag from /home/airflow/.local/lib/python3.12/site-packages/airflow/example_dags/example_dag_decorator.py
[2025-02-06T18:53:58.823+0000] {processor.py:925} INFO - DAG(s) 'example_dag_decorator' retrieved from /home/airflow/.local/lib/python3.12/site-packages/airflow/example_dags/example_dag_decorator.py
[2025-02-06T18:53:58.862+0000] {logging_mixin.py:190} INFO - [2025-02-06T18:53:58.862+0000] {dag.py:3239} INFO - Sync 1 DAGs
[2025-02-06T18:53:58.890+0000] {logging_mixin.py:190} INFO - [2025-02-06T18:53:58.889+0000] {dag.py:4180} INFO - Setting next_dagrun for example_dag_decorator to None, run_after=None
[2025-02-06T18:53:58.930+0000] {processor.py:208} INFO - Processing /home/airflow/.local/lib/python3.12/site-packages/airflow/example_dags/example_dag_decorator.py took 0.150 seconds
[2025-02-06T18:54:29.925+0000] {processor.py:186} INFO - Started process (PID=4349) to work on /home/airflow/.local/lib/python3.12/site-packages/airflow/example_dags/example_dag_decorator.py
[2025-02-06T18:54:29.927+0000] {processor.py:914} INFO - Processing file /home/airflow/.local/lib/python3.12/site-packages/airflow/example_dags/example_dag_decorator.py for tasks to queue
[2025-02-06T18:54:29.933+0000] {logging_mixin.py:190} INFO - [2025-02-06T18:54:29.932+0000] {dagbag.py:588} INFO - Filling up the DagBag from /home/airflow/.local/lib/python3.12/site-packages/airflow/example_dags/example_dag_decorator.py
[2025-02-06T18:54:29.960+0000] {processor.py:925} INFO - DAG(s) 'example_dag_decorator' retrieved from /home/airflow/.local/lib/python3.12/site-packages/airflow/example_dags/example_dag_decorator.py
[2025-02-06T18:54:30.254+0000] {logging_mixin.py:190} INFO - [2025-02-06T18:54:30.253+0000] {dag.py:3239} INFO - Sync 1 DAGs
[2025-02-06T18:54:30.287+0000] {logging_mixin.py:190} INFO - [2025-02-06T18:54:30.287+0000] {dag.py:4180} INFO - Setting next_dagrun for example_dag_decorator to None, run_after=None
[2025-02-06T18:54:30.339+0000] {processor.py:208} INFO - Processing /home/airflow/.local/lib/python3.12/site-packages/airflow/example_dags/example_dag_decorator.py took 0.430 seconds
[2025-02-06T18:55:00.708+0000] {processor.py:186} INFO - Started process (PID=4406) to work on /home/airflow/.local/lib/python3.12/site-packages/airflow/example_dags/example_dag_decorator.py
[2025-02-06T18:55:00.710+0000] {processor.py:914} INFO - Processing file /home/airflow/.local/lib/python3.12/site-packages/airflow/example_dags/example_dag_decorator.py for tasks to queue
[2025-02-06T18:55:00.712+0000] {logging_mixin.py:190} INFO - [2025-02-06T18:55:00.712+0000] {dagbag.py:588} INFO - Filling up the DagBag from /home/airflow/.local/lib/python3.12/site-packages/airflow/example_dags/example_dag_decorator.py
[2025-02-06T18:55:00.730+0000] {processor.py:925} INFO - DAG(s) 'example_dag_decorator' retrieved from /home/airflow/.local/lib/python3.12/site-packages/airflow/example_dags/example_dag_decorator.py
[2025-02-06T18:55:00.958+0000] {logging_mixin.py:190} INFO - [2025-02-06T18:55:00.958+0000] {dag.py:3239} INFO - Sync 1 DAGs
[2025-02-06T18:55:00.980+0000] {logging_mixin.py:190} INFO - [2025-02-06T18:55:00.980+0000] {dag.py:4180} INFO - Setting next_dagrun for example_dag_decorator to None, run_after=None
[2025-02-06T18:55:01.009+0000] {processor.py:208} INFO - Processing /home/airflow/.local/lib/python3.12/site-packages/airflow/example_dags/example_dag_decorator.py took 0.309 seconds
[2025-02-06T18:55:31.534+0000] {processor.py:186} INFO - Started process (PID=4464) to work on /home/airflow/.local/lib/python3.12/site-packages/airflow/example_dags/example_dag_decorator.py
[2025-02-06T18:55:31.537+0000] {processor.py:914} INFO - Processing file /home/airflow/.local/lib/python3.12/site-packages/airflow/example_dags/example_dag_decorator.py for tasks to queue
[2025-02-06T18:55:31.546+0000] {logging_mixin.py:190} INFO - [2025-02-06T18:55:31.545+0000] {dagbag.py:588} INFO - Filling up the DagBag from /home/airflow/.local/lib/python3.12/site-packages/airflow/example_dags/example_dag_decorator.py
[2025-02-06T18:55:31.572+0000] {processor.py:925} INFO - DAG(s) 'example_dag_decorator' retrieved from /home/airflow/.local/lib/python3.12/site-packages/airflow/example_dags/example_dag_decorator.py
[2025-02-06T18:55:31.755+0000] {logging_mixin.py:190} INFO - [2025-02-06T18:55:31.755+0000] {dag.py:3239} INFO - Sync 1 DAGs
[2025-02-06T18:55:31.774+0000] {logging_mixin.py:190} INFO - [2025-02-06T18:55:31.773+0000] {dag.py:4180} INFO - Setting next_dagrun for example_dag_decorator to None, run_after=None
[2025-02-06T18:55:31.803+0000] {processor.py:208} INFO - Processing /home/airflow/.local/lib/python3.12/site-packages/airflow/example_dags/example_dag_decorator.py took 0.284 seconds
[2025-02-06T18:56:02.034+0000] {processor.py:186} INFO - Started process (PID=4521) to work on /home/airflow/.local/lib/python3.12/site-packages/airflow/example_dags/example_dag_decorator.py
[2025-02-06T18:56:02.037+0000] {processor.py:914} INFO - Processing file /home/airflow/.local/lib/python3.12/site-packages/airflow/example_dags/example_dag_decorator.py for tasks to queue
[2025-02-06T18:56:02.041+0000] {logging_mixin.py:190} INFO - [2025-02-06T18:56:02.041+0000] {dagbag.py:588} INFO - Filling up the DagBag from /home/airflow/.local/lib/python3.12/site-packages/airflow/example_dags/example_dag_decorator.py
[2025-02-06T18:56:02.060+0000] {processor.py:925} INFO - DAG(s) 'example_dag_decorator' retrieved from /home/airflow/.local/lib/python3.12/site-packages/airflow/example_dags/example_dag_decorator.py
[2025-02-06T18:56:02.269+0000] {logging_mixin.py:190} INFO - [2025-02-06T18:56:02.269+0000] {dag.py:3239} INFO - Sync 1 DAGs
[2025-02-06T18:56:02.290+0000] {logging_mixin.py:190} INFO - [2025-02-06T18:56:02.290+0000] {dag.py:4180} INFO - Setting next_dagrun for example_dag_decorator to None, run_after=None
[2025-02-06T18:56:02.325+0000] {processor.py:208} INFO - Processing /home/airflow/.local/lib/python3.12/site-packages/airflow/example_dags/example_dag_decorator.py took 0.303 seconds
[2025-02-06T18:56:32.427+0000] {processor.py:186} INFO - Started process (PID=4577) to work on /home/airflow/.local/lib/python3.12/site-packages/airflow/example_dags/example_dag_decorator.py
[2025-02-06T18:56:32.428+0000] {processor.py:914} INFO - Processing file /home/airflow/.local/lib/python3.12/site-packages/airflow/example_dags/example_dag_decorator.py for tasks to queue
[2025-02-06T18:56:32.432+0000] {logging_mixin.py:190} INFO - [2025-02-06T18:56:32.432+0000] {dagbag.py:588} INFO - Filling up the DagBag from /home/airflow/.local/lib/python3.12/site-packages/airflow/example_dags/example_dag_decorator.py
[2025-02-06T18:56:32.456+0000] {processor.py:925} INFO - DAG(s) 'example_dag_decorator' retrieved from /home/airflow/.local/lib/python3.12/site-packages/airflow/example_dags/example_dag_decorator.py
[2025-02-06T18:56:32.694+0000] {logging_mixin.py:190} INFO - [2025-02-06T18:56:32.693+0000] {dag.py:3239} INFO - Sync 1 DAGs
[2025-02-06T18:56:32.731+0000] {logging_mixin.py:190} INFO - [2025-02-06T18:56:32.731+0000] {dag.py:4180} INFO - Setting next_dagrun for example_dag_decorator to None, run_after=None
[2025-02-06T18:56:32.771+0000] {processor.py:208} INFO - Processing /home/airflow/.local/lib/python3.12/site-packages/airflow/example_dags/example_dag_decorator.py took 0.355 seconds
[2025-02-06T18:57:03.659+0000] {processor.py:186} INFO - Started process (PID=4634) to work on /home/airflow/.local/lib/python3.12/site-packages/airflow/example_dags/example_dag_decorator.py
[2025-02-06T18:57:03.661+0000] {processor.py:914} INFO - Processing file /home/airflow/.local/lib/python3.12/site-packages/airflow/example_dags/example_dag_decorator.py for tasks to queue
[2025-02-06T18:57:03.664+0000] {logging_mixin.py:190} INFO - [2025-02-06T18:57:03.663+0000] {dagbag.py:588} INFO - Filling up the DagBag from /home/airflow/.local/lib/python3.12/site-packages/airflow/example_dags/example_dag_decorator.py
[2025-02-06T18:57:03.681+0000] {processor.py:925} INFO - DAG(s) 'example_dag_decorator' retrieved from /home/airflow/.local/lib/python3.12/site-packages/airflow/example_dags/example_dag_decorator.py
[2025-02-06T18:57:03.917+0000] {logging_mixin.py:190} INFO - [2025-02-06T18:57:03.917+0000] {dag.py:3239} INFO - Sync 1 DAGs
[2025-02-06T18:57:03.947+0000] {logging_mixin.py:190} INFO - [2025-02-06T18:57:03.946+0000] {dag.py:4180} INFO - Setting next_dagrun for example_dag_decorator to None, run_after=None
[2025-02-06T18:57:03.981+0000] {processor.py:208} INFO - Processing /home/airflow/.local/lib/python3.12/site-packages/airflow/example_dags/example_dag_decorator.py took 0.331 seconds
[2025-02-06T18:57:34.057+0000] {processor.py:186} INFO - Started process (PID=4691) to work on /home/airflow/.local/lib/python3.12/site-packages/airflow/example_dags/example_dag_decorator.py
[2025-02-06T18:57:34.059+0000] {processor.py:914} INFO - Processing file /home/airflow/.local/lib/python3.12/site-packages/airflow/example_dags/example_dag_decorator.py for tasks to queue
[2025-02-06T18:57:34.062+0000] {logging_mixin.py:190} INFO - [2025-02-06T18:57:34.062+0000] {dagbag.py:588} INFO - Filling up the DagBag from /home/airflow/.local/lib/python3.12/site-packages/airflow/example_dags/example_dag_decorator.py
[2025-02-06T18:57:34.078+0000] {processor.py:925} INFO - DAG(s) 'example_dag_decorator' retrieved from /home/airflow/.local/lib/python3.12/site-packages/airflow/example_dags/example_dag_decorator.py
[2025-02-06T18:57:34.226+0000] {logging_mixin.py:190} INFO - [2025-02-06T18:57:34.225+0000] {dag.py:3239} INFO - Sync 1 DAGs
[2025-02-06T18:57:34.243+0000] {logging_mixin.py:190} INFO - [2025-02-06T18:57:34.242+0000] {dag.py:4180} INFO - Setting next_dagrun for example_dag_decorator to None, run_after=None
[2025-02-06T18:57:34.273+0000] {processor.py:208} INFO - Processing /home/airflow/.local/lib/python3.12/site-packages/airflow/example_dags/example_dag_decorator.py took 0.224 seconds
[2025-02-06T18:58:04.554+0000] {processor.py:186} INFO - Started process (PID=4748) to work on /home/airflow/.local/lib/python3.12/site-packages/airflow/example_dags/example_dag_decorator.py
[2025-02-06T18:58:04.556+0000] {processor.py:914} INFO - Processing file /home/airflow/.local/lib/python3.12/site-packages/airflow/example_dags/example_dag_decorator.py for tasks to queue
[2025-02-06T18:58:04.560+0000] {logging_mixin.py:190} INFO - [2025-02-06T18:58:04.559+0000] {dagbag.py:588} INFO - Filling up the DagBag from /home/airflow/.local/lib/python3.12/site-packages/airflow/example_dags/example_dag_decorator.py
[2025-02-06T18:58:04.577+0000] {processor.py:925} INFO - DAG(s) 'example_dag_decorator' retrieved from /home/airflow/.local/lib/python3.12/site-packages/airflow/example_dags/example_dag_decorator.py
[2025-02-06T18:58:04.774+0000] {logging_mixin.py:190} INFO - [2025-02-06T18:58:04.773+0000] {dag.py:3239} INFO - Sync 1 DAGs
[2025-02-06T18:58:04.793+0000] {logging_mixin.py:190} INFO - [2025-02-06T18:58:04.793+0000] {dag.py:4180} INFO - Setting next_dagrun for example_dag_decorator to None, run_after=None
[2025-02-06T18:58:04.823+0000] {processor.py:208} INFO - Processing /home/airflow/.local/lib/python3.12/site-packages/airflow/example_dags/example_dag_decorator.py took 0.279 seconds
[2025-02-06T18:58:35.158+0000] {processor.py:186} INFO - Started process (PID=4805) to work on /home/airflow/.local/lib/python3.12/site-packages/airflow/example_dags/example_dag_decorator.py
[2025-02-06T18:58:35.160+0000] {processor.py:914} INFO - Processing file /home/airflow/.local/lib/python3.12/site-packages/airflow/example_dags/example_dag_decorator.py for tasks to queue
[2025-02-06T18:58:35.163+0000] {logging_mixin.py:190} INFO - [2025-02-06T18:58:35.163+0000] {dagbag.py:588} INFO - Filling up the DagBag from /home/airflow/.local/lib/python3.12/site-packages/airflow/example_dags/example_dag_decorator.py
[2025-02-06T18:58:35.181+0000] {processor.py:925} INFO - DAG(s) 'example_dag_decorator' retrieved from /home/airflow/.local/lib/python3.12/site-packages/airflow/example_dags/example_dag_decorator.py
[2025-02-06T18:58:35.528+0000] {logging_mixin.py:190} INFO - [2025-02-06T18:58:35.527+0000] {dag.py:3239} INFO - Sync 1 DAGs
[2025-02-06T18:58:35.558+0000] {logging_mixin.py:190} INFO - [2025-02-06T18:58:35.557+0000] {dag.py:4180} INFO - Setting next_dagrun for example_dag_decorator to None, run_after=None
[2025-02-06T18:58:35.600+0000] {processor.py:208} INFO - Processing /home/airflow/.local/lib/python3.12/site-packages/airflow/example_dags/example_dag_decorator.py took 0.450 seconds
[2025-02-06T18:59:05.954+0000] {processor.py:186} INFO - Started process (PID=4862) to work on /home/airflow/.local/lib/python3.12/site-packages/airflow/example_dags/example_dag_decorator.py
[2025-02-06T18:59:05.956+0000] {processor.py:914} INFO - Processing file /home/airflow/.local/lib/python3.12/site-packages/airflow/example_dags/example_dag_decorator.py for tasks to queue
[2025-02-06T18:59:05.960+0000] {logging_mixin.py:190} INFO - [2025-02-06T18:59:05.959+0000] {dagbag.py:588} INFO - Filling up the DagBag from /home/airflow/.local/lib/python3.12/site-packages/airflow/example_dags/example_dag_decorator.py
[2025-02-06T18:59:05.979+0000] {processor.py:925} INFO - DAG(s) 'example_dag_decorator' retrieved from /home/airflow/.local/lib/python3.12/site-packages/airflow/example_dags/example_dag_decorator.py
[2025-02-06T18:59:06.201+0000] {logging_mixin.py:190} INFO - [2025-02-06T18:59:06.201+0000] {dag.py:3239} INFO - Sync 1 DAGs
[2025-02-06T18:59:06.239+0000] {logging_mixin.py:190} INFO - [2025-02-06T18:59:06.239+0000] {dag.py:4180} INFO - Setting next_dagrun for example_dag_decorator to None, run_after=None
[2025-02-06T18:59:06.280+0000] {processor.py:208} INFO - Processing /home/airflow/.local/lib/python3.12/site-packages/airflow/example_dags/example_dag_decorator.py took 0.338 seconds
[2025-02-06T18:59:36.526+0000] {processor.py:186} INFO - Started process (PID=4920) to work on /home/airflow/.local/lib/python3.12/site-packages/airflow/example_dags/example_dag_decorator.py
[2025-02-06T18:59:36.527+0000] {processor.py:914} INFO - Processing file /home/airflow/.local/lib/python3.12/site-packages/airflow/example_dags/example_dag_decorator.py for tasks to queue
[2025-02-06T18:59:36.533+0000] {logging_mixin.py:190} INFO - [2025-02-06T18:59:36.532+0000] {dagbag.py:588} INFO - Filling up the DagBag from /home/airflow/.local/lib/python3.12/site-packages/airflow/example_dags/example_dag_decorator.py
[2025-02-06T18:59:36.563+0000] {processor.py:925} INFO - DAG(s) 'example_dag_decorator' retrieved from /home/airflow/.local/lib/python3.12/site-packages/airflow/example_dags/example_dag_decorator.py
[2025-02-06T18:59:36.774+0000] {logging_mixin.py:190} INFO - [2025-02-06T18:59:36.774+0000] {dag.py:3239} INFO - Sync 1 DAGs
[2025-02-06T18:59:36.793+0000] {logging_mixin.py:190} INFO - [2025-02-06T18:59:36.792+0000] {dag.py:4180} INFO - Setting next_dagrun for example_dag_decorator to None, run_after=None
[2025-02-06T18:59:36.823+0000] {processor.py:208} INFO - Processing /home/airflow/.local/lib/python3.12/site-packages/airflow/example_dags/example_dag_decorator.py took 0.309 seconds
[2025-02-06T19:00:06.940+0000] {processor.py:186} INFO - Started process (PID=4978) to work on /home/airflow/.local/lib/python3.12/site-packages/airflow/example_dags/example_dag_decorator.py
[2025-02-06T19:00:06.942+0000] {processor.py:914} INFO - Processing file /home/airflow/.local/lib/python3.12/site-packages/airflow/example_dags/example_dag_decorator.py for tasks to queue
[2025-02-06T19:00:06.946+0000] {logging_mixin.py:190} INFO - [2025-02-06T19:00:06.945+0000] {dagbag.py:588} INFO - Filling up the DagBag from /home/airflow/.local/lib/python3.12/site-packages/airflow/example_dags/example_dag_decorator.py
[2025-02-06T19:00:06.963+0000] {processor.py:925} INFO - DAG(s) 'example_dag_decorator' retrieved from /home/airflow/.local/lib/python3.12/site-packages/airflow/example_dags/example_dag_decorator.py
[2025-02-06T19:00:07.155+0000] {logging_mixin.py:190} INFO - [2025-02-06T19:00:07.154+0000] {dag.py:3239} INFO - Sync 1 DAGs
[2025-02-06T19:00:07.179+0000] {logging_mixin.py:190} INFO - [2025-02-06T19:00:07.179+0000] {dag.py:4180} INFO - Setting next_dagrun for example_dag_decorator to None, run_after=None
[2025-02-06T19:00:07.216+0000] {processor.py:208} INFO - Processing /home/airflow/.local/lib/python3.12/site-packages/airflow/example_dags/example_dag_decorator.py took 0.285 seconds
[2025-02-06T19:00:37.414+0000] {processor.py:186} INFO - Started process (PID=5036) to work on /home/airflow/.local/lib/python3.12/site-packages/airflow/example_dags/example_dag_decorator.py
[2025-02-06T19:00:37.416+0000] {processor.py:914} INFO - Processing file /home/airflow/.local/lib/python3.12/site-packages/airflow/example_dags/example_dag_decorator.py for tasks to queue
[2025-02-06T19:00:37.421+0000] {logging_mixin.py:190} INFO - [2025-02-06T19:00:37.420+0000] {dagbag.py:588} INFO - Filling up the DagBag from /home/airflow/.local/lib/python3.12/site-packages/airflow/example_dags/example_dag_decorator.py
[2025-02-06T19:00:37.442+0000] {processor.py:925} INFO - DAG(s) 'example_dag_decorator' retrieved from /home/airflow/.local/lib/python3.12/site-packages/airflow/example_dags/example_dag_decorator.py
[2025-02-06T19:00:37.743+0000] {logging_mixin.py:190} INFO - [2025-02-06T19:00:37.742+0000] {dag.py:3239} INFO - Sync 1 DAGs
[2025-02-06T19:00:37.763+0000] {logging_mixin.py:190} INFO - [2025-02-06T19:00:37.763+0000] {dag.py:4180} INFO - Setting next_dagrun for example_dag_decorator to None, run_after=None
[2025-02-06T19:00:37.799+0000] {processor.py:208} INFO - Processing /home/airflow/.local/lib/python3.12/site-packages/airflow/example_dags/example_dag_decorator.py took 0.394 seconds
[2025-02-06T19:01:08.044+0000] {processor.py:186} INFO - Started process (PID=5081) to work on /home/airflow/.local/lib/python3.12/site-packages/airflow/example_dags/example_dag_decorator.py
[2025-02-06T19:01:08.046+0000] {processor.py:914} INFO - Processing file /home/airflow/.local/lib/python3.12/site-packages/airflow/example_dags/example_dag_decorator.py for tasks to queue
[2025-02-06T19:01:08.051+0000] {logging_mixin.py:190} INFO - [2025-02-06T19:01:08.050+0000] {dagbag.py:588} INFO - Filling up the DagBag from /home/airflow/.local/lib/python3.12/site-packages/airflow/example_dags/example_dag_decorator.py
[2025-02-06T19:01:08.092+0000] {processor.py:925} INFO - DAG(s) 'example_dag_decorator' retrieved from /home/airflow/.local/lib/python3.12/site-packages/airflow/example_dags/example_dag_decorator.py
[2025-02-06T19:01:08.545+0000] {logging_mixin.py:190} INFO - [2025-02-06T19:01:08.544+0000] {dag.py:3239} INFO - Sync 1 DAGs
[2025-02-06T19:01:08.578+0000] {logging_mixin.py:190} INFO - [2025-02-06T19:01:08.574+0000] {dag.py:4180} INFO - Setting next_dagrun for example_dag_decorator to None, run_after=None
[2025-02-06T19:01:08.612+0000] {processor.py:208} INFO - Processing /home/airflow/.local/lib/python3.12/site-packages/airflow/example_dags/example_dag_decorator.py took 0.599 seconds
[2025-02-06T19:01:38.968+0000] {processor.py:186} INFO - Started process (PID=5135) to work on /home/airflow/.local/lib/python3.12/site-packages/airflow/example_dags/example_dag_decorator.py
[2025-02-06T19:01:38.970+0000] {processor.py:914} INFO - Processing file /home/airflow/.local/lib/python3.12/site-packages/airflow/example_dags/example_dag_decorator.py for tasks to queue
[2025-02-06T19:01:38.974+0000] {logging_mixin.py:190} INFO - [2025-02-06T19:01:38.974+0000] {dagbag.py:588} INFO - Filling up the DagBag from /home/airflow/.local/lib/python3.12/site-packages/airflow/example_dags/example_dag_decorator.py
[2025-02-06T19:01:38.996+0000] {processor.py:925} INFO - DAG(s) 'example_dag_decorator' retrieved from /home/airflow/.local/lib/python3.12/site-packages/airflow/example_dags/example_dag_decorator.py
[2025-02-06T19:01:39.258+0000] {logging_mixin.py:190} INFO - [2025-02-06T19:01:39.258+0000] {dag.py:3239} INFO - Sync 1 DAGs
[2025-02-06T19:01:39.279+0000] {logging_mixin.py:190} INFO - [2025-02-06T19:01:39.278+0000] {dag.py:4180} INFO - Setting next_dagrun for example_dag_decorator to None, run_after=None
[2025-02-06T19:01:39.309+0000] {processor.py:208} INFO - Processing /home/airflow/.local/lib/python3.12/site-packages/airflow/example_dags/example_dag_decorator.py took 0.353 seconds
[2025-02-06T19:02:10.799+0000] {processor.py:186} INFO - Started process (PID=5192) to work on /home/airflow/.local/lib/python3.12/site-packages/airflow/example_dags/example_dag_decorator.py
[2025-02-06T19:02:10.800+0000] {processor.py:914} INFO - Processing file /home/airflow/.local/lib/python3.12/site-packages/airflow/example_dags/example_dag_decorator.py for tasks to queue
[2025-02-06T19:02:10.804+0000] {logging_mixin.py:190} INFO - [2025-02-06T19:02:10.804+0000] {dagbag.py:588} INFO - Filling up the DagBag from /home/airflow/.local/lib/python3.12/site-packages/airflow/example_dags/example_dag_decorator.py
[2025-02-06T19:02:10.823+0000] {processor.py:925} INFO - DAG(s) 'example_dag_decorator' retrieved from /home/airflow/.local/lib/python3.12/site-packages/airflow/example_dags/example_dag_decorator.py
[2025-02-06T19:02:10.864+0000] {logging_mixin.py:190} INFO - [2025-02-06T19:02:10.864+0000] {dag.py:3239} INFO - Sync 1 DAGs
[2025-02-06T19:02:10.887+0000] {logging_mixin.py:190} INFO - [2025-02-06T19:02:10.887+0000] {dag.py:4180} INFO - Setting next_dagrun for example_dag_decorator to None, run_after=None
[2025-02-06T19:02:10.918+0000] {processor.py:208} INFO - Processing /home/airflow/.local/lib/python3.12/site-packages/airflow/example_dags/example_dag_decorator.py took 0.128 seconds
[2025-02-06T19:02:41.116+0000] {processor.py:186} INFO - Started process (PID=5248) to work on /home/airflow/.local/lib/python3.12/site-packages/airflow/example_dags/example_dag_decorator.py
[2025-02-06T19:02:41.118+0000] {processor.py:914} INFO - Processing file /home/airflow/.local/lib/python3.12/site-packages/airflow/example_dags/example_dag_decorator.py for tasks to queue
[2025-02-06T19:02:41.123+0000] {logging_mixin.py:190} INFO - [2025-02-06T19:02:41.122+0000] {dagbag.py:588} INFO - Filling up the DagBag from /home/airflow/.local/lib/python3.12/site-packages/airflow/example_dags/example_dag_decorator.py
[2025-02-06T19:02:41.165+0000] {processor.py:925} INFO - DAG(s) 'example_dag_decorator' retrieved from /home/airflow/.local/lib/python3.12/site-packages/airflow/example_dags/example_dag_decorator.py
[2025-02-06T19:02:41.511+0000] {logging_mixin.py:190} INFO - [2025-02-06T19:02:41.511+0000] {dag.py:3239} INFO - Sync 1 DAGs
[2025-02-06T19:02:41.541+0000] {logging_mixin.py:190} INFO - [2025-02-06T19:02:41.540+0000] {dag.py:4180} INFO - Setting next_dagrun for example_dag_decorator to None, run_after=None
[2025-02-06T19:02:41.582+0000] {processor.py:208} INFO - Processing /home/airflow/.local/lib/python3.12/site-packages/airflow/example_dags/example_dag_decorator.py took 0.479 seconds
[2025-02-06T19:03:11.957+0000] {processor.py:186} INFO - Started process (PID=5304) to work on /home/airflow/.local/lib/python3.12/site-packages/airflow/example_dags/example_dag_decorator.py
[2025-02-06T19:03:11.961+0000] {processor.py:914} INFO - Processing file /home/airflow/.local/lib/python3.12/site-packages/airflow/example_dags/example_dag_decorator.py for tasks to queue
[2025-02-06T19:03:11.968+0000] {logging_mixin.py:190} INFO - [2025-02-06T19:03:11.967+0000] {dagbag.py:588} INFO - Filling up the DagBag from /home/airflow/.local/lib/python3.12/site-packages/airflow/example_dags/example_dag_decorator.py
[2025-02-06T19:03:12.012+0000] {processor.py:925} INFO - DAG(s) 'example_dag_decorator' retrieved from /home/airflow/.local/lib/python3.12/site-packages/airflow/example_dags/example_dag_decorator.py
[2025-02-06T19:03:12.390+0000] {logging_mixin.py:190} INFO - [2025-02-06T19:03:12.390+0000] {dag.py:3239} INFO - Sync 1 DAGs
[2025-02-06T19:03:12.429+0000] {logging_mixin.py:190} INFO - [2025-02-06T19:03:12.428+0000] {dag.py:4180} INFO - Setting next_dagrun for example_dag_decorator to None, run_after=None
[2025-02-06T19:03:12.488+0000] {processor.py:208} INFO - Processing /home/airflow/.local/lib/python3.12/site-packages/airflow/example_dags/example_dag_decorator.py took 0.551 seconds
[2025-02-06T19:03:42.912+0000] {processor.py:186} INFO - Started process (PID=5360) to work on /home/airflow/.local/lib/python3.12/site-packages/airflow/example_dags/example_dag_decorator.py
[2025-02-06T19:03:42.914+0000] {processor.py:914} INFO - Processing file /home/airflow/.local/lib/python3.12/site-packages/airflow/example_dags/example_dag_decorator.py for tasks to queue
[2025-02-06T19:03:42.918+0000] {logging_mixin.py:190} INFO - [2025-02-06T19:03:42.918+0000] {dagbag.py:588} INFO - Filling up the DagBag from /home/airflow/.local/lib/python3.12/site-packages/airflow/example_dags/example_dag_decorator.py
[2025-02-06T19:03:42.944+0000] {processor.py:925} INFO - DAG(s) 'example_dag_decorator' retrieved from /home/airflow/.local/lib/python3.12/site-packages/airflow/example_dags/example_dag_decorator.py
[2025-02-06T19:03:43.171+0000] {logging_mixin.py:190} INFO - [2025-02-06T19:03:43.171+0000] {dag.py:3239} INFO - Sync 1 DAGs
[2025-02-06T19:03:43.200+0000] {logging_mixin.py:190} INFO - [2025-02-06T19:03:43.199+0000] {dag.py:4180} INFO - Setting next_dagrun for example_dag_decorator to None, run_after=None
[2025-02-06T19:03:43.233+0000] {processor.py:208} INFO - Processing /home/airflow/.local/lib/python3.12/site-packages/airflow/example_dags/example_dag_decorator.py took 0.334 seconds
[2025-02-06T19:04:13.501+0000] {processor.py:186} INFO - Started process (PID=5418) to work on /home/airflow/.local/lib/python3.12/site-packages/airflow/example_dags/example_dag_decorator.py
[2025-02-06T19:04:13.503+0000] {processor.py:914} INFO - Processing file /home/airflow/.local/lib/python3.12/site-packages/airflow/example_dags/example_dag_decorator.py for tasks to queue
[2025-02-06T19:04:13.508+0000] {logging_mixin.py:190} INFO - [2025-02-06T19:04:13.506+0000] {dagbag.py:588} INFO - Filling up the DagBag from /home/airflow/.local/lib/python3.12/site-packages/airflow/example_dags/example_dag_decorator.py
[2025-02-06T19:04:13.529+0000] {processor.py:925} INFO - DAG(s) 'example_dag_decorator' retrieved from /home/airflow/.local/lib/python3.12/site-packages/airflow/example_dags/example_dag_decorator.py
[2025-02-06T19:04:13.714+0000] {logging_mixin.py:190} INFO - [2025-02-06T19:04:13.713+0000] {dag.py:3239} INFO - Sync 1 DAGs
[2025-02-06T19:04:13.735+0000] {logging_mixin.py:190} INFO - [2025-02-06T19:04:13.735+0000] {dag.py:4180} INFO - Setting next_dagrun for example_dag_decorator to None, run_after=None
[2025-02-06T19:04:13.763+0000] {processor.py:208} INFO - Processing /home/airflow/.local/lib/python3.12/site-packages/airflow/example_dags/example_dag_decorator.py took 0.273 seconds
[2025-02-06T19:04:43.964+0000] {processor.py:186} INFO - Started process (PID=5471) to work on /home/airflow/.local/lib/python3.12/site-packages/airflow/example_dags/example_dag_decorator.py
[2025-02-06T19:04:43.966+0000] {processor.py:914} INFO - Processing file /home/airflow/.local/lib/python3.12/site-packages/airflow/example_dags/example_dag_decorator.py for tasks to queue
[2025-02-06T19:04:43.969+0000] {logging_mixin.py:190} INFO - [2025-02-06T19:04:43.969+0000] {dagbag.py:588} INFO - Filling up the DagBag from /home/airflow/.local/lib/python3.12/site-packages/airflow/example_dags/example_dag_decorator.py
[2025-02-06T19:04:43.986+0000] {processor.py:925} INFO - DAG(s) 'example_dag_decorator' retrieved from /home/airflow/.local/lib/python3.12/site-packages/airflow/example_dags/example_dag_decorator.py
[2025-02-06T19:04:44.175+0000] {logging_mixin.py:190} INFO - [2025-02-06T19:04:44.175+0000] {dag.py:3239} INFO - Sync 1 DAGs
[2025-02-06T19:04:44.200+0000] {logging_mixin.py:190} INFO - [2025-02-06T19:04:44.199+0000] {dag.py:4180} INFO - Setting next_dagrun for example_dag_decorator to None, run_after=None
[2025-02-06T19:04:44.231+0000] {processor.py:208} INFO - Processing /home/airflow/.local/lib/python3.12/site-packages/airflow/example_dags/example_dag_decorator.py took 0.275 seconds
[2025-02-06T19:05:14.322+0000] {processor.py:186} INFO - Started process (PID=5528) to work on /home/airflow/.local/lib/python3.12/site-packages/airflow/example_dags/example_dag_decorator.py
[2025-02-06T19:05:14.324+0000] {processor.py:914} INFO - Processing file /home/airflow/.local/lib/python3.12/site-packages/airflow/example_dags/example_dag_decorator.py for tasks to queue
[2025-02-06T19:05:14.329+0000] {logging_mixin.py:190} INFO - [2025-02-06T19:05:14.328+0000] {dagbag.py:588} INFO - Filling up the DagBag from /home/airflow/.local/lib/python3.12/site-packages/airflow/example_dags/example_dag_decorator.py
[2025-02-06T19:05:14.355+0000] {processor.py:925} INFO - DAG(s) 'example_dag_decorator' retrieved from /home/airflow/.local/lib/python3.12/site-packages/airflow/example_dags/example_dag_decorator.py
[2025-02-06T19:05:14.585+0000] {logging_mixin.py:190} INFO - [2025-02-06T19:05:14.585+0000] {dag.py:3239} INFO - Sync 1 DAGs
[2025-02-06T19:05:14.603+0000] {logging_mixin.py:190} INFO - [2025-02-06T19:05:14.603+0000] {dag.py:4180} INFO - Setting next_dagrun for example_dag_decorator to None, run_after=None
[2025-02-06T19:05:14.634+0000] {processor.py:208} INFO - Processing /home/airflow/.local/lib/python3.12/site-packages/airflow/example_dags/example_dag_decorator.py took 0.323 seconds
[2025-02-06T19:05:44.910+0000] {processor.py:186} INFO - Started process (PID=5585) to work on /home/airflow/.local/lib/python3.12/site-packages/airflow/example_dags/example_dag_decorator.py
[2025-02-06T19:05:44.912+0000] {processor.py:914} INFO - Processing file /home/airflow/.local/lib/python3.12/site-packages/airflow/example_dags/example_dag_decorator.py for tasks to queue
[2025-02-06T19:05:44.915+0000] {logging_mixin.py:190} INFO - [2025-02-06T19:05:44.914+0000] {dagbag.py:588} INFO - Filling up the DagBag from /home/airflow/.local/lib/python3.12/site-packages/airflow/example_dags/example_dag_decorator.py
[2025-02-06T19:05:44.931+0000] {processor.py:925} INFO - DAG(s) 'example_dag_decorator' retrieved from /home/airflow/.local/lib/python3.12/site-packages/airflow/example_dags/example_dag_decorator.py
[2025-02-06T19:05:45.112+0000] {logging_mixin.py:190} INFO - [2025-02-06T19:05:45.111+0000] {dag.py:3239} INFO - Sync 1 DAGs
[2025-02-06T19:05:45.132+0000] {logging_mixin.py:190} INFO - [2025-02-06T19:05:45.132+0000] {dag.py:4180} INFO - Setting next_dagrun for example_dag_decorator to None, run_after=None
[2025-02-06T19:05:45.162+0000] {processor.py:208} INFO - Processing /home/airflow/.local/lib/python3.12/site-packages/airflow/example_dags/example_dag_decorator.py took 0.259 seconds
[2025-02-06T19:06:15.434+0000] {processor.py:186} INFO - Started process (PID=5642) to work on /home/airflow/.local/lib/python3.12/site-packages/airflow/example_dags/example_dag_decorator.py
[2025-02-06T19:06:15.436+0000] {processor.py:914} INFO - Processing file /home/airflow/.local/lib/python3.12/site-packages/airflow/example_dags/example_dag_decorator.py for tasks to queue
[2025-02-06T19:06:15.442+0000] {logging_mixin.py:190} INFO - [2025-02-06T19:06:15.441+0000] {dagbag.py:588} INFO - Filling up the DagBag from /home/airflow/.local/lib/python3.12/site-packages/airflow/example_dags/example_dag_decorator.py
[2025-02-06T19:06:15.467+0000] {processor.py:925} INFO - DAG(s) 'example_dag_decorator' retrieved from /home/airflow/.local/lib/python3.12/site-packages/airflow/example_dags/example_dag_decorator.py
[2025-02-06T19:06:15.651+0000] {logging_mixin.py:190} INFO - [2025-02-06T19:06:15.650+0000] {dag.py:3239} INFO - Sync 1 DAGs
[2025-02-06T19:06:15.680+0000] {logging_mixin.py:190} INFO - [2025-02-06T19:06:15.680+0000] {dag.py:4180} INFO - Setting next_dagrun for example_dag_decorator to None, run_after=None
[2025-02-06T19:06:15.715+0000] {processor.py:208} INFO - Processing /home/airflow/.local/lib/python3.12/site-packages/airflow/example_dags/example_dag_decorator.py took 0.292 seconds
[2025-02-06T19:06:45.889+0000] {processor.py:186} INFO - Started process (PID=5699) to work on /home/airflow/.local/lib/python3.12/site-packages/airflow/example_dags/example_dag_decorator.py
[2025-02-06T19:06:45.890+0000] {processor.py:914} INFO - Processing file /home/airflow/.local/lib/python3.12/site-packages/airflow/example_dags/example_dag_decorator.py for tasks to queue
[2025-02-06T19:06:45.894+0000] {logging_mixin.py:190} INFO - [2025-02-06T19:06:45.893+0000] {dagbag.py:588} INFO - Filling up the DagBag from /home/airflow/.local/lib/python3.12/site-packages/airflow/example_dags/example_dag_decorator.py
[2025-02-06T19:06:45.910+0000] {processor.py:925} INFO - DAG(s) 'example_dag_decorator' retrieved from /home/airflow/.local/lib/python3.12/site-packages/airflow/example_dags/example_dag_decorator.py
[2025-02-06T19:06:45.945+0000] {logging_mixin.py:190} INFO - [2025-02-06T19:06:45.945+0000] {dag.py:3239} INFO - Sync 1 DAGs
[2025-02-06T19:06:45.967+0000] {logging_mixin.py:190} INFO - [2025-02-06T19:06:45.967+0000] {dag.py:4180} INFO - Setting next_dagrun for example_dag_decorator to None, run_after=None
[2025-02-06T19:06:46.007+0000] {processor.py:208} INFO - Processing /home/airflow/.local/lib/python3.12/site-packages/airflow/example_dags/example_dag_decorator.py took 0.126 seconds
[2025-02-06T19:07:16.784+0000] {processor.py:186} INFO - Started process (PID=5756) to work on /home/airflow/.local/lib/python3.12/site-packages/airflow/example_dags/example_dag_decorator.py
[2025-02-06T19:07:16.786+0000] {processor.py:914} INFO - Processing file /home/airflow/.local/lib/python3.12/site-packages/airflow/example_dags/example_dag_decorator.py for tasks to queue
[2025-02-06T19:07:16.791+0000] {logging_mixin.py:190} INFO - [2025-02-06T19:07:16.790+0000] {dagbag.py:588} INFO - Filling up the DagBag from /home/airflow/.local/lib/python3.12/site-packages/airflow/example_dags/example_dag_decorator.py
[2025-02-06T19:07:16.816+0000] {processor.py:925} INFO - DAG(s) 'example_dag_decorator' retrieved from /home/airflow/.local/lib/python3.12/site-packages/airflow/example_dags/example_dag_decorator.py
[2025-02-06T19:07:17.075+0000] {logging_mixin.py:190} INFO - [2025-02-06T19:07:17.075+0000] {dag.py:3239} INFO - Sync 1 DAGs
[2025-02-06T19:07:17.098+0000] {logging_mixin.py:190} INFO - [2025-02-06T19:07:17.098+0000] {dag.py:4180} INFO - Setting next_dagrun for example_dag_decorator to None, run_after=None
[2025-02-06T19:07:17.147+0000] {processor.py:208} INFO - Processing /home/airflow/.local/lib/python3.12/site-packages/airflow/example_dags/example_dag_decorator.py took 0.375 seconds
[2025-02-06T19:07:47.607+0000] {processor.py:186} INFO - Started process (PID=5811) to work on /home/airflow/.local/lib/python3.12/site-packages/airflow/example_dags/example_dag_decorator.py
[2025-02-06T19:07:47.609+0000] {processor.py:914} INFO - Processing file /home/airflow/.local/lib/python3.12/site-packages/airflow/example_dags/example_dag_decorator.py for tasks to queue
[2025-02-06T19:07:47.612+0000] {logging_mixin.py:190} INFO - [2025-02-06T19:07:47.611+0000] {dagbag.py:588} INFO - Filling up the DagBag from /home/airflow/.local/lib/python3.12/site-packages/airflow/example_dags/example_dag_decorator.py
[2025-02-06T19:07:47.628+0000] {processor.py:925} INFO - DAG(s) 'example_dag_decorator' retrieved from /home/airflow/.local/lib/python3.12/site-packages/airflow/example_dags/example_dag_decorator.py
[2025-02-06T19:07:47.817+0000] {logging_mixin.py:190} INFO - [2025-02-06T19:07:47.817+0000] {dag.py:3239} INFO - Sync 1 DAGs
[2025-02-06T19:07:47.855+0000] {logging_mixin.py:190} INFO - [2025-02-06T19:07:47.855+0000] {dag.py:4180} INFO - Setting next_dagrun for example_dag_decorator to None, run_after=None
[2025-02-06T19:07:47.890+0000] {processor.py:208} INFO - Processing /home/airflow/.local/lib/python3.12/site-packages/airflow/example_dags/example_dag_decorator.py took 0.290 seconds
[2025-02-06T19:08:18.192+0000] {processor.py:186} INFO - Started process (PID=5867) to work on /home/airflow/.local/lib/python3.12/site-packages/airflow/example_dags/example_dag_decorator.py
[2025-02-06T19:08:18.194+0000] {processor.py:914} INFO - Processing file /home/airflow/.local/lib/python3.12/site-packages/airflow/example_dags/example_dag_decorator.py for tasks to queue
[2025-02-06T19:08:18.198+0000] {logging_mixin.py:190} INFO - [2025-02-06T19:08:18.198+0000] {dagbag.py:588} INFO - Filling up the DagBag from /home/airflow/.local/lib/python3.12/site-packages/airflow/example_dags/example_dag_decorator.py
[2025-02-06T19:08:18.221+0000] {processor.py:925} INFO - DAG(s) 'example_dag_decorator' retrieved from /home/airflow/.local/lib/python3.12/site-packages/airflow/example_dags/example_dag_decorator.py
[2025-02-06T19:08:18.501+0000] {logging_mixin.py:190} INFO - [2025-02-06T19:08:18.500+0000] {dag.py:3239} INFO - Sync 1 DAGs
[2025-02-06T19:08:18.564+0000] {logging_mixin.py:190} INFO - [2025-02-06T19:08:18.564+0000] {dag.py:4180} INFO - Setting next_dagrun for example_dag_decorator to None, run_after=None
[2025-02-06T19:08:18.638+0000] {processor.py:208} INFO - Processing /home/airflow/.local/lib/python3.12/site-packages/airflow/example_dags/example_dag_decorator.py took 0.457 seconds
