[2025-02-06T16:36:24.981+0000] {processor.py:186} INFO - Started process (PID=46) to work on /home/airflow/.local/lib/python3.12/site-packages/airflow/example_dags/example_setup_teardown.py
[2025-02-06T16:36:24.983+0000] {processor.py:914} INFO - Processing file /home/airflow/.local/lib/python3.12/site-packages/airflow/example_dags/example_setup_teardown.py for tasks to queue
[2025-02-06T16:36:24.988+0000] {logging_mixin.py:190} INFO - [2025-02-06T16:36:24.987+0000] {dagbag.py:588} INFO - Filling up the DagBag from /home/airflow/.local/lib/python3.12/site-packages/airflow/example_dags/example_setup_teardown.py
[2025-02-06T16:36:25.022+0000] {processor.py:925} INFO - DAG(s) 'example_setup_teardown' retrieved from /home/airflow/.local/lib/python3.12/site-packages/airflow/example_dags/example_setup_teardown.py
[2025-02-06T16:36:25.327+0000] {logging_mixin.py:190} INFO - [2025-02-06T16:36:25.327+0000] {override.py:1911} INFO - Created Permission View: can edit on DAG:example_setup_teardown
[2025-02-06T16:36:25.362+0000] {logging_mixin.py:190} INFO - [2025-02-06T16:36:25.361+0000] {override.py:1911} INFO - Created Permission View: can delete on DAG:example_setup_teardown
[2025-02-06T16:36:25.390+0000] {logging_mixin.py:190} INFO - [2025-02-06T16:36:25.389+0000] {override.py:1911} INFO - Created Permission View: can read on DAG:example_setup_teardown
[2025-02-06T16:36:25.414+0000] {logging_mixin.py:190} INFO - [2025-02-06T16:36:25.413+0000] {override.py:1911} INFO - Created Permission View: menu access on DAG Run:example_setup_teardown
[2025-02-06T16:36:25.469+0000] {logging_mixin.py:190} INFO - [2025-02-06T16:36:25.468+0000] {override.py:1911} INFO - Created Permission View: can create on DAG Run:example_setup_teardown
[2025-02-06T16:36:25.503+0000] {logging_mixin.py:190} INFO - [2025-02-06T16:36:25.500+0000] {override.py:1911} INFO - Created Permission View: can delete on DAG Run:example_setup_teardown
[2025-02-06T16:36:25.532+0000] {logging_mixin.py:190} INFO - [2025-02-06T16:36:25.525+0000] {override.py:1911} INFO - Created Permission View: can read on DAG Run:example_setup_teardown
[2025-02-06T16:36:25.533+0000] {logging_mixin.py:190} INFO - [2025-02-06T16:36:25.533+0000] {dag.py:3239} INFO - Sync 1 DAGs
[2025-02-06T16:36:25.562+0000] {logging_mixin.py:190} INFO - [2025-02-06T16:36:25.561+0000] {dag.py:3262} INFO - Creating ORM DAG for example_setup_teardown
[2025-02-06T16:36:25.563+0000] {logging_mixin.py:190} INFO - [2025-02-06T16:36:25.563+0000] {dag.py:4180} INFO - Setting next_dagrun for example_setup_teardown to None, run_after=None
[2025-02-06T16:36:25.607+0000] {processor.py:208} INFO - Processing /home/airflow/.local/lib/python3.12/site-packages/airflow/example_dags/example_setup_teardown.py took 0.648 seconds
[2025-02-06T16:36:55.875+0000] {processor.py:186} INFO - Started process (PID=103) to work on /home/airflow/.local/lib/python3.12/site-packages/airflow/example_dags/example_setup_teardown.py
[2025-02-06T16:36:55.877+0000] {processor.py:914} INFO - Processing file /home/airflow/.local/lib/python3.12/site-packages/airflow/example_dags/example_setup_teardown.py for tasks to queue
[2025-02-06T16:36:55.880+0000] {logging_mixin.py:190} INFO - [2025-02-06T16:36:55.879+0000] {dagbag.py:588} INFO - Filling up the DagBag from /home/airflow/.local/lib/python3.12/site-packages/airflow/example_dags/example_setup_teardown.py
[2025-02-06T16:36:55.889+0000] {processor.py:925} INFO - DAG(s) 'example_setup_teardown' retrieved from /home/airflow/.local/lib/python3.12/site-packages/airflow/example_dags/example_setup_teardown.py
[2025-02-06T16:36:55.914+0000] {logging_mixin.py:190} INFO - [2025-02-06T16:36:55.914+0000] {dag.py:3239} INFO - Sync 1 DAGs
[2025-02-06T16:36:55.936+0000] {logging_mixin.py:190} INFO - [2025-02-06T16:36:55.936+0000] {dag.py:4180} INFO - Setting next_dagrun for example_setup_teardown to None, run_after=None
[2025-02-06T16:36:55.963+0000] {processor.py:208} INFO - Processing /home/airflow/.local/lib/python3.12/site-packages/airflow/example_dags/example_setup_teardown.py took 0.095 seconds
[2025-02-06T16:37:26.072+0000] {processor.py:186} INFO - Started process (PID=159) to work on /home/airflow/.local/lib/python3.12/site-packages/airflow/example_dags/example_setup_teardown.py
[2025-02-06T16:37:26.073+0000] {processor.py:914} INFO - Processing file /home/airflow/.local/lib/python3.12/site-packages/airflow/example_dags/example_setup_teardown.py for tasks to queue
[2025-02-06T16:37:26.077+0000] {logging_mixin.py:190} INFO - [2025-02-06T16:37:26.076+0000] {dagbag.py:588} INFO - Filling up the DagBag from /home/airflow/.local/lib/python3.12/site-packages/airflow/example_dags/example_setup_teardown.py
[2025-02-06T16:37:26.086+0000] {processor.py:925} INFO - DAG(s) 'example_setup_teardown' retrieved from /home/airflow/.local/lib/python3.12/site-packages/airflow/example_dags/example_setup_teardown.py
[2025-02-06T16:37:26.109+0000] {logging_mixin.py:190} INFO - [2025-02-06T16:37:26.109+0000] {dag.py:3239} INFO - Sync 1 DAGs
[2025-02-06T16:37:26.128+0000] {logging_mixin.py:190} INFO - [2025-02-06T16:37:26.128+0000] {dag.py:4180} INFO - Setting next_dagrun for example_setup_teardown to None, run_after=None
[2025-02-06T16:37:26.157+0000] {processor.py:208} INFO - Processing /home/airflow/.local/lib/python3.12/site-packages/airflow/example_dags/example_setup_teardown.py took 0.092 seconds
[2025-02-06T16:37:56.240+0000] {processor.py:186} INFO - Started process (PID=216) to work on /home/airflow/.local/lib/python3.12/site-packages/airflow/example_dags/example_setup_teardown.py
[2025-02-06T16:37:56.242+0000] {processor.py:914} INFO - Processing file /home/airflow/.local/lib/python3.12/site-packages/airflow/example_dags/example_setup_teardown.py for tasks to queue
[2025-02-06T16:37:56.246+0000] {logging_mixin.py:190} INFO - [2025-02-06T16:37:56.246+0000] {dagbag.py:588} INFO - Filling up the DagBag from /home/airflow/.local/lib/python3.12/site-packages/airflow/example_dags/example_setup_teardown.py
[2025-02-06T16:37:56.259+0000] {processor.py:925} INFO - DAG(s) 'example_setup_teardown' retrieved from /home/airflow/.local/lib/python3.12/site-packages/airflow/example_dags/example_setup_teardown.py
[2025-02-06T16:37:56.286+0000] {logging_mixin.py:190} INFO - [2025-02-06T16:37:56.285+0000] {dag.py:3239} INFO - Sync 1 DAGs
[2025-02-06T16:37:56.303+0000] {logging_mixin.py:190} INFO - [2025-02-06T16:37:56.303+0000] {dag.py:4180} INFO - Setting next_dagrun for example_setup_teardown to None, run_after=None
[2025-02-06T16:37:56.334+0000] {processor.py:208} INFO - Processing /home/airflow/.local/lib/python3.12/site-packages/airflow/example_dags/example_setup_teardown.py took 0.106 seconds
[2025-02-06T16:38:27.026+0000] {processor.py:186} INFO - Started process (PID=273) to work on /home/airflow/.local/lib/python3.12/site-packages/airflow/example_dags/example_setup_teardown.py
[2025-02-06T16:38:27.027+0000] {processor.py:914} INFO - Processing file /home/airflow/.local/lib/python3.12/site-packages/airflow/example_dags/example_setup_teardown.py for tasks to queue
[2025-02-06T16:38:27.031+0000] {logging_mixin.py:190} INFO - [2025-02-06T16:38:27.031+0000] {dagbag.py:588} INFO - Filling up the DagBag from /home/airflow/.local/lib/python3.12/site-packages/airflow/example_dags/example_setup_teardown.py
[2025-02-06T16:38:27.041+0000] {processor.py:925} INFO - DAG(s) 'example_setup_teardown' retrieved from /home/airflow/.local/lib/python3.12/site-packages/airflow/example_dags/example_setup_teardown.py
[2025-02-06T16:38:27.066+0000] {logging_mixin.py:190} INFO - [2025-02-06T16:38:27.066+0000] {dag.py:3239} INFO - Sync 1 DAGs
[2025-02-06T16:38:27.084+0000] {logging_mixin.py:190} INFO - [2025-02-06T16:38:27.084+0000] {dag.py:4180} INFO - Setting next_dagrun for example_setup_teardown to None, run_after=None
[2025-02-06T16:38:27.107+0000] {processor.py:208} INFO - Processing /home/airflow/.local/lib/python3.12/site-packages/airflow/example_dags/example_setup_teardown.py took 0.088 seconds
[2025-02-06T16:38:57.585+0000] {processor.py:186} INFO - Started process (PID=330) to work on /home/airflow/.local/lib/python3.12/site-packages/airflow/example_dags/example_setup_teardown.py
[2025-02-06T16:38:57.587+0000] {processor.py:914} INFO - Processing file /home/airflow/.local/lib/python3.12/site-packages/airflow/example_dags/example_setup_teardown.py for tasks to queue
[2025-02-06T16:38:57.590+0000] {logging_mixin.py:190} INFO - [2025-02-06T16:38:57.590+0000] {dagbag.py:588} INFO - Filling up the DagBag from /home/airflow/.local/lib/python3.12/site-packages/airflow/example_dags/example_setup_teardown.py
[2025-02-06T16:38:57.600+0000] {processor.py:925} INFO - DAG(s) 'example_setup_teardown' retrieved from /home/airflow/.local/lib/python3.12/site-packages/airflow/example_dags/example_setup_teardown.py
[2025-02-06T16:38:57.625+0000] {logging_mixin.py:190} INFO - [2025-02-06T16:38:57.625+0000] {dag.py:3239} INFO - Sync 1 DAGs
[2025-02-06T16:38:57.642+0000] {logging_mixin.py:190} INFO - [2025-02-06T16:38:57.642+0000] {dag.py:4180} INFO - Setting next_dagrun for example_setup_teardown to None, run_after=None
[2025-02-06T16:38:57.671+0000] {processor.py:208} INFO - Processing /home/airflow/.local/lib/python3.12/site-packages/airflow/example_dags/example_setup_teardown.py took 0.092 seconds
[2025-02-06T16:39:28.212+0000] {processor.py:186} INFO - Started process (PID=387) to work on /home/airflow/.local/lib/python3.12/site-packages/airflow/example_dags/example_setup_teardown.py
[2025-02-06T16:39:28.213+0000] {processor.py:914} INFO - Processing file /home/airflow/.local/lib/python3.12/site-packages/airflow/example_dags/example_setup_teardown.py for tasks to queue
[2025-02-06T16:39:28.216+0000] {logging_mixin.py:190} INFO - [2025-02-06T16:39:28.216+0000] {dagbag.py:588} INFO - Filling up the DagBag from /home/airflow/.local/lib/python3.12/site-packages/airflow/example_dags/example_setup_teardown.py
[2025-02-06T16:39:28.227+0000] {processor.py:925} INFO - DAG(s) 'example_setup_teardown' retrieved from /home/airflow/.local/lib/python3.12/site-packages/airflow/example_dags/example_setup_teardown.py
[2025-02-06T16:39:28.252+0000] {logging_mixin.py:190} INFO - [2025-02-06T16:39:28.251+0000] {dag.py:3239} INFO - Sync 1 DAGs
[2025-02-06T16:39:28.269+0000] {logging_mixin.py:190} INFO - [2025-02-06T16:39:28.269+0000] {dag.py:4180} INFO - Setting next_dagrun for example_setup_teardown to None, run_after=None
[2025-02-06T16:39:28.294+0000] {processor.py:208} INFO - Processing /home/airflow/.local/lib/python3.12/site-packages/airflow/example_dags/example_setup_teardown.py took 0.089 seconds
[2025-02-06T16:39:58.904+0000] {processor.py:186} INFO - Started process (PID=444) to work on /home/airflow/.local/lib/python3.12/site-packages/airflow/example_dags/example_setup_teardown.py
[2025-02-06T16:39:58.905+0000] {processor.py:914} INFO - Processing file /home/airflow/.local/lib/python3.12/site-packages/airflow/example_dags/example_setup_teardown.py for tasks to queue
[2025-02-06T16:39:58.909+0000] {logging_mixin.py:190} INFO - [2025-02-06T16:39:58.909+0000] {dagbag.py:588} INFO - Filling up the DagBag from /home/airflow/.local/lib/python3.12/site-packages/airflow/example_dags/example_setup_teardown.py
[2025-02-06T16:39:58.918+0000] {processor.py:925} INFO - DAG(s) 'example_setup_teardown' retrieved from /home/airflow/.local/lib/python3.12/site-packages/airflow/example_dags/example_setup_teardown.py
[2025-02-06T16:39:58.944+0000] {logging_mixin.py:190} INFO - [2025-02-06T16:39:58.944+0000] {dag.py:3239} INFO - Sync 1 DAGs
[2025-02-06T16:39:58.961+0000] {logging_mixin.py:190} INFO - [2025-02-06T16:39:58.961+0000] {dag.py:4180} INFO - Setting next_dagrun for example_setup_teardown to None, run_after=None
[2025-02-06T16:39:58.987+0000] {processor.py:208} INFO - Processing /home/airflow/.local/lib/python3.12/site-packages/airflow/example_dags/example_setup_teardown.py took 0.090 seconds
[2025-02-06T16:40:29.154+0000] {processor.py:186} INFO - Started process (PID=501) to work on /home/airflow/.local/lib/python3.12/site-packages/airflow/example_dags/example_setup_teardown.py
[2025-02-06T16:40:29.155+0000] {processor.py:914} INFO - Processing file /home/airflow/.local/lib/python3.12/site-packages/airflow/example_dags/example_setup_teardown.py for tasks to queue
[2025-02-06T16:40:29.159+0000] {logging_mixin.py:190} INFO - [2025-02-06T16:40:29.158+0000] {dagbag.py:588} INFO - Filling up the DagBag from /home/airflow/.local/lib/python3.12/site-packages/airflow/example_dags/example_setup_teardown.py
[2025-02-06T16:40:29.171+0000] {processor.py:925} INFO - DAG(s) 'example_setup_teardown' retrieved from /home/airflow/.local/lib/python3.12/site-packages/airflow/example_dags/example_setup_teardown.py
[2025-02-06T16:40:29.197+0000] {logging_mixin.py:190} INFO - [2025-02-06T16:40:29.197+0000] {dag.py:3239} INFO - Sync 1 DAGs
[2025-02-06T16:40:29.218+0000] {logging_mixin.py:190} INFO - [2025-02-06T16:40:29.217+0000] {dag.py:4180} INFO - Setting next_dagrun for example_setup_teardown to None, run_after=None
[2025-02-06T16:40:29.243+0000] {processor.py:208} INFO - Processing /home/airflow/.local/lib/python3.12/site-packages/airflow/example_dags/example_setup_teardown.py took 0.098 seconds
[2025-02-06T16:40:59.432+0000] {processor.py:186} INFO - Started process (PID=558) to work on /home/airflow/.local/lib/python3.12/site-packages/airflow/example_dags/example_setup_teardown.py
[2025-02-06T16:40:59.433+0000] {processor.py:914} INFO - Processing file /home/airflow/.local/lib/python3.12/site-packages/airflow/example_dags/example_setup_teardown.py for tasks to queue
[2025-02-06T16:40:59.436+0000] {logging_mixin.py:190} INFO - [2025-02-06T16:40:59.436+0000] {dagbag.py:588} INFO - Filling up the DagBag from /home/airflow/.local/lib/python3.12/site-packages/airflow/example_dags/example_setup_teardown.py
[2025-02-06T16:40:59.446+0000] {processor.py:925} INFO - DAG(s) 'example_setup_teardown' retrieved from /home/airflow/.local/lib/python3.12/site-packages/airflow/example_dags/example_setup_teardown.py
[2025-02-06T16:40:59.469+0000] {logging_mixin.py:190} INFO - [2025-02-06T16:40:59.469+0000] {dag.py:3239} INFO - Sync 1 DAGs
[2025-02-06T16:40:59.486+0000] {logging_mixin.py:190} INFO - [2025-02-06T16:40:59.486+0000] {dag.py:4180} INFO - Setting next_dagrun for example_setup_teardown to None, run_after=None
[2025-02-06T16:40:59.510+0000] {processor.py:208} INFO - Processing /home/airflow/.local/lib/python3.12/site-packages/airflow/example_dags/example_setup_teardown.py took 0.085 seconds
[2025-02-06T16:41:29.670+0000] {processor.py:186} INFO - Started process (PID=615) to work on /home/airflow/.local/lib/python3.12/site-packages/airflow/example_dags/example_setup_teardown.py
[2025-02-06T16:41:29.671+0000] {processor.py:914} INFO - Processing file /home/airflow/.local/lib/python3.12/site-packages/airflow/example_dags/example_setup_teardown.py for tasks to queue
[2025-02-06T16:41:29.675+0000] {logging_mixin.py:190} INFO - [2025-02-06T16:41:29.674+0000] {dagbag.py:588} INFO - Filling up the DagBag from /home/airflow/.local/lib/python3.12/site-packages/airflow/example_dags/example_setup_teardown.py
[2025-02-06T16:41:29.684+0000] {processor.py:925} INFO - DAG(s) 'example_setup_teardown' retrieved from /home/airflow/.local/lib/python3.12/site-packages/airflow/example_dags/example_setup_teardown.py
[2025-02-06T16:41:29.707+0000] {logging_mixin.py:190} INFO - [2025-02-06T16:41:29.707+0000] {dag.py:3239} INFO - Sync 1 DAGs
[2025-02-06T16:41:29.725+0000] {logging_mixin.py:190} INFO - [2025-02-06T16:41:29.725+0000] {dag.py:4180} INFO - Setting next_dagrun for example_setup_teardown to None, run_after=None
[2025-02-06T16:41:29.749+0000] {processor.py:208} INFO - Processing /home/airflow/.local/lib/python3.12/site-packages/airflow/example_dags/example_setup_teardown.py took 0.086 seconds
[2025-02-06T16:41:59.908+0000] {processor.py:186} INFO - Started process (PID=672) to work on /home/airflow/.local/lib/python3.12/site-packages/airflow/example_dags/example_setup_teardown.py
[2025-02-06T16:41:59.909+0000] {processor.py:914} INFO - Processing file /home/airflow/.local/lib/python3.12/site-packages/airflow/example_dags/example_setup_teardown.py for tasks to queue
[2025-02-06T16:41:59.913+0000] {logging_mixin.py:190} INFO - [2025-02-06T16:41:59.913+0000] {dagbag.py:588} INFO - Filling up the DagBag from /home/airflow/.local/lib/python3.12/site-packages/airflow/example_dags/example_setup_teardown.py
[2025-02-06T16:41:59.922+0000] {processor.py:925} INFO - DAG(s) 'example_setup_teardown' retrieved from /home/airflow/.local/lib/python3.12/site-packages/airflow/example_dags/example_setup_teardown.py
[2025-02-06T16:41:59.946+0000] {logging_mixin.py:190} INFO - [2025-02-06T16:41:59.946+0000] {dag.py:3239} INFO - Sync 1 DAGs
[2025-02-06T16:41:59.964+0000] {logging_mixin.py:190} INFO - [2025-02-06T16:41:59.964+0000] {dag.py:4180} INFO - Setting next_dagrun for example_setup_teardown to None, run_after=None
[2025-02-06T16:41:59.985+0000] {processor.py:208} INFO - Processing /home/airflow/.local/lib/python3.12/site-packages/airflow/example_dags/example_setup_teardown.py took 0.084 seconds
[2025-02-06T16:42:30.553+0000] {processor.py:186} INFO - Started process (PID=729) to work on /home/airflow/.local/lib/python3.12/site-packages/airflow/example_dags/example_setup_teardown.py
[2025-02-06T16:42:30.554+0000] {processor.py:914} INFO - Processing file /home/airflow/.local/lib/python3.12/site-packages/airflow/example_dags/example_setup_teardown.py for tasks to queue
[2025-02-06T16:42:30.558+0000] {logging_mixin.py:190} INFO - [2025-02-06T16:42:30.557+0000] {dagbag.py:588} INFO - Filling up the DagBag from /home/airflow/.local/lib/python3.12/site-packages/airflow/example_dags/example_setup_teardown.py
[2025-02-06T16:42:30.568+0000] {processor.py:925} INFO - DAG(s) 'example_setup_teardown' retrieved from /home/airflow/.local/lib/python3.12/site-packages/airflow/example_dags/example_setup_teardown.py
[2025-02-06T16:42:30.592+0000] {logging_mixin.py:190} INFO - [2025-02-06T16:42:30.591+0000] {dag.py:3239} INFO - Sync 1 DAGs
[2025-02-06T16:42:30.611+0000] {logging_mixin.py:190} INFO - [2025-02-06T16:42:30.610+0000] {dag.py:4180} INFO - Setting next_dagrun for example_setup_teardown to None, run_after=None
[2025-02-06T16:42:30.634+0000] {processor.py:208} INFO - Processing /home/airflow/.local/lib/python3.12/site-packages/airflow/example_dags/example_setup_teardown.py took 0.088 seconds
[2025-02-06T16:43:01.256+0000] {processor.py:186} INFO - Started process (PID=786) to work on /home/airflow/.local/lib/python3.12/site-packages/airflow/example_dags/example_setup_teardown.py
[2025-02-06T16:43:01.258+0000] {processor.py:914} INFO - Processing file /home/airflow/.local/lib/python3.12/site-packages/airflow/example_dags/example_setup_teardown.py for tasks to queue
[2025-02-06T16:43:01.271+0000] {logging_mixin.py:190} INFO - [2025-02-06T16:43:01.270+0000] {dagbag.py:588} INFO - Filling up the DagBag from /home/airflow/.local/lib/python3.12/site-packages/airflow/example_dags/example_setup_teardown.py
[2025-02-06T16:43:01.289+0000] {processor.py:925} INFO - DAG(s) 'example_setup_teardown' retrieved from /home/airflow/.local/lib/python3.12/site-packages/airflow/example_dags/example_setup_teardown.py
[2025-02-06T16:43:01.323+0000] {logging_mixin.py:190} INFO - [2025-02-06T16:43:01.323+0000] {dag.py:3239} INFO - Sync 1 DAGs
[2025-02-06T16:43:01.358+0000] {logging_mixin.py:190} INFO - [2025-02-06T16:43:01.357+0000] {dag.py:4180} INFO - Setting next_dagrun for example_setup_teardown to None, run_after=None
[2025-02-06T16:43:01.404+0000] {processor.py:208} INFO - Processing /home/airflow/.local/lib/python3.12/site-packages/airflow/example_dags/example_setup_teardown.py took 0.167 seconds
[2025-02-06T16:43:31.907+0000] {processor.py:186} INFO - Started process (PID=843) to work on /home/airflow/.local/lib/python3.12/site-packages/airflow/example_dags/example_setup_teardown.py
[2025-02-06T16:43:31.909+0000] {processor.py:914} INFO - Processing file /home/airflow/.local/lib/python3.12/site-packages/airflow/example_dags/example_setup_teardown.py for tasks to queue
[2025-02-06T16:43:31.914+0000] {logging_mixin.py:190} INFO - [2025-02-06T16:43:31.913+0000] {dagbag.py:588} INFO - Filling up the DagBag from /home/airflow/.local/lib/python3.12/site-packages/airflow/example_dags/example_setup_teardown.py
[2025-02-06T16:43:31.950+0000] {processor.py:925} INFO - DAG(s) 'example_setup_teardown' retrieved from /home/airflow/.local/lib/python3.12/site-packages/airflow/example_dags/example_setup_teardown.py
[2025-02-06T16:43:32.046+0000] {logging_mixin.py:190} INFO - [2025-02-06T16:43:32.042+0000] {dag.py:3239} INFO - Sync 1 DAGs
[2025-02-06T16:43:32.098+0000] {logging_mixin.py:190} INFO - [2025-02-06T16:43:32.097+0000] {dag.py:4180} INFO - Setting next_dagrun for example_setup_teardown to None, run_after=None
[2025-02-06T16:43:32.169+0000] {processor.py:208} INFO - Processing /home/airflow/.local/lib/python3.12/site-packages/airflow/example_dags/example_setup_teardown.py took 0.283 seconds
[2025-02-06T16:44:02.262+0000] {processor.py:186} INFO - Started process (PID=899) to work on /home/airflow/.local/lib/python3.12/site-packages/airflow/example_dags/example_setup_teardown.py
[2025-02-06T16:44:02.264+0000] {processor.py:914} INFO - Processing file /home/airflow/.local/lib/python3.12/site-packages/airflow/example_dags/example_setup_teardown.py for tasks to queue
[2025-02-06T16:44:02.268+0000] {logging_mixin.py:190} INFO - [2025-02-06T16:44:02.268+0000] {dagbag.py:588} INFO - Filling up the DagBag from /home/airflow/.local/lib/python3.12/site-packages/airflow/example_dags/example_setup_teardown.py
[2025-02-06T16:44:02.288+0000] {processor.py:925} INFO - DAG(s) 'example_setup_teardown' retrieved from /home/airflow/.local/lib/python3.12/site-packages/airflow/example_dags/example_setup_teardown.py
[2025-02-06T16:44:02.332+0000] {logging_mixin.py:190} INFO - [2025-02-06T16:44:02.332+0000] {dag.py:3239} INFO - Sync 1 DAGs
[2025-02-06T16:44:02.371+0000] {logging_mixin.py:190} INFO - [2025-02-06T16:44:02.371+0000] {dag.py:4180} INFO - Setting next_dagrun for example_setup_teardown to None, run_after=None
[2025-02-06T16:44:02.441+0000] {processor.py:208} INFO - Processing /home/airflow/.local/lib/python3.12/site-packages/airflow/example_dags/example_setup_teardown.py took 0.194 seconds
[2025-02-06T16:44:33.437+0000] {processor.py:186} INFO - Started process (PID=957) to work on /home/airflow/.local/lib/python3.12/site-packages/airflow/example_dags/example_setup_teardown.py
[2025-02-06T16:44:33.438+0000] {processor.py:914} INFO - Processing file /home/airflow/.local/lib/python3.12/site-packages/airflow/example_dags/example_setup_teardown.py for tasks to queue
[2025-02-06T16:44:33.442+0000] {logging_mixin.py:190} INFO - [2025-02-06T16:44:33.441+0000] {dagbag.py:588} INFO - Filling up the DagBag from /home/airflow/.local/lib/python3.12/site-packages/airflow/example_dags/example_setup_teardown.py
[2025-02-06T16:44:33.463+0000] {processor.py:925} INFO - DAG(s) 'example_setup_teardown' retrieved from /home/airflow/.local/lib/python3.12/site-packages/airflow/example_dags/example_setup_teardown.py
[2025-02-06T16:44:33.502+0000] {logging_mixin.py:190} INFO - [2025-02-06T16:44:33.501+0000] {dag.py:3239} INFO - Sync 1 DAGs
[2025-02-06T16:44:33.546+0000] {logging_mixin.py:190} INFO - [2025-02-06T16:44:33.546+0000] {dag.py:4180} INFO - Setting next_dagrun for example_setup_teardown to None, run_after=None
[2025-02-06T16:44:33.612+0000] {processor.py:208} INFO - Processing /home/airflow/.local/lib/python3.12/site-packages/airflow/example_dags/example_setup_teardown.py took 0.194 seconds
[2025-02-06T16:45:05.120+0000] {processor.py:186} INFO - Started process (PID=1014) to work on /home/airflow/.local/lib/python3.12/site-packages/airflow/example_dags/example_setup_teardown.py
[2025-02-06T16:45:05.178+0000] {processor.py:914} INFO - Processing file /home/airflow/.local/lib/python3.12/site-packages/airflow/example_dags/example_setup_teardown.py for tasks to queue
[2025-02-06T16:45:05.220+0000] {logging_mixin.py:190} INFO - [2025-02-06T16:45:05.219+0000] {dagbag.py:588} INFO - Filling up the DagBag from /home/airflow/.local/lib/python3.12/site-packages/airflow/example_dags/example_setup_teardown.py
[2025-02-06T16:45:05.264+0000] {processor.py:925} INFO - DAG(s) 'example_setup_teardown' retrieved from /home/airflow/.local/lib/python3.12/site-packages/airflow/example_dags/example_setup_teardown.py
[2025-02-06T16:45:05.389+0000] {logging_mixin.py:190} INFO - [2025-02-06T16:45:05.388+0000] {dag.py:3239} INFO - Sync 1 DAGs
[2025-02-06T16:45:05.461+0000] {logging_mixin.py:190} INFO - [2025-02-06T16:45:05.461+0000] {dag.py:4180} INFO - Setting next_dagrun for example_setup_teardown to None, run_after=None
[2025-02-06T16:45:05.539+0000] {processor.py:208} INFO - Processing /home/airflow/.local/lib/python3.12/site-packages/airflow/example_dags/example_setup_teardown.py took 0.447 seconds
[2025-02-06T16:45:37.151+0000] {processor.py:186} INFO - Started process (PID=1071) to work on /home/airflow/.local/lib/python3.12/site-packages/airflow/example_dags/example_setup_teardown.py
[2025-02-06T16:45:37.152+0000] {processor.py:914} INFO - Processing file /home/airflow/.local/lib/python3.12/site-packages/airflow/example_dags/example_setup_teardown.py for tasks to queue
[2025-02-06T16:45:37.155+0000] {logging_mixin.py:190} INFO - [2025-02-06T16:45:37.155+0000] {dagbag.py:588} INFO - Filling up the DagBag from /home/airflow/.local/lib/python3.12/site-packages/airflow/example_dags/example_setup_teardown.py
[2025-02-06T16:45:37.171+0000] {processor.py:925} INFO - DAG(s) 'example_setup_teardown' retrieved from /home/airflow/.local/lib/python3.12/site-packages/airflow/example_dags/example_setup_teardown.py
[2025-02-06T16:45:37.200+0000] {logging_mixin.py:190} INFO - [2025-02-06T16:45:37.200+0000] {dag.py:3239} INFO - Sync 1 DAGs
[2025-02-06T16:45:37.219+0000] {logging_mixin.py:190} INFO - [2025-02-06T16:45:37.218+0000] {dag.py:4180} INFO - Setting next_dagrun for example_setup_teardown to None, run_after=None
[2025-02-06T16:45:37.248+0000] {processor.py:208} INFO - Processing /home/airflow/.local/lib/python3.12/site-packages/airflow/example_dags/example_setup_teardown.py took 0.109 seconds
[2025-02-06T16:46:07.901+0000] {processor.py:186} INFO - Started process (PID=1125) to work on /home/airflow/.local/lib/python3.12/site-packages/airflow/example_dags/example_setup_teardown.py
[2025-02-06T16:46:07.902+0000] {processor.py:914} INFO - Processing file /home/airflow/.local/lib/python3.12/site-packages/airflow/example_dags/example_setup_teardown.py for tasks to queue
[2025-02-06T16:46:07.906+0000] {logging_mixin.py:190} INFO - [2025-02-06T16:46:07.905+0000] {dagbag.py:588} INFO - Filling up the DagBag from /home/airflow/.local/lib/python3.12/site-packages/airflow/example_dags/example_setup_teardown.py
[2025-02-06T16:46:07.916+0000] {processor.py:925} INFO - DAG(s) 'example_setup_teardown' retrieved from /home/airflow/.local/lib/python3.12/site-packages/airflow/example_dags/example_setup_teardown.py
[2025-02-06T16:46:07.941+0000] {logging_mixin.py:190} INFO - [2025-02-06T16:46:07.940+0000] {dag.py:3239} INFO - Sync 1 DAGs
[2025-02-06T16:46:07.961+0000] {logging_mixin.py:190} INFO - [2025-02-06T16:46:07.960+0000] {dag.py:4180} INFO - Setting next_dagrun for example_setup_teardown to None, run_after=None
[2025-02-06T16:46:07.986+0000] {processor.py:208} INFO - Processing /home/airflow/.local/lib/python3.12/site-packages/airflow/example_dags/example_setup_teardown.py took 0.093 seconds
[2025-02-06T16:46:38.837+0000] {processor.py:186} INFO - Started process (PID=1182) to work on /home/airflow/.local/lib/python3.12/site-packages/airflow/example_dags/example_setup_teardown.py
[2025-02-06T16:46:38.839+0000] {processor.py:914} INFO - Processing file /home/airflow/.local/lib/python3.12/site-packages/airflow/example_dags/example_setup_teardown.py for tasks to queue
[2025-02-06T16:46:38.842+0000] {logging_mixin.py:190} INFO - [2025-02-06T16:46:38.842+0000] {dagbag.py:588} INFO - Filling up the DagBag from /home/airflow/.local/lib/python3.12/site-packages/airflow/example_dags/example_setup_teardown.py
[2025-02-06T16:46:38.853+0000] {processor.py:925} INFO - DAG(s) 'example_setup_teardown' retrieved from /home/airflow/.local/lib/python3.12/site-packages/airflow/example_dags/example_setup_teardown.py
[2025-02-06T16:46:38.880+0000] {logging_mixin.py:190} INFO - [2025-02-06T16:46:38.880+0000] {dag.py:3239} INFO - Sync 1 DAGs
[2025-02-06T16:46:38.905+0000] {logging_mixin.py:190} INFO - [2025-02-06T16:46:38.905+0000] {dag.py:4180} INFO - Setting next_dagrun for example_setup_teardown to None, run_after=None
[2025-02-06T16:46:38.937+0000] {processor.py:208} INFO - Processing /home/airflow/.local/lib/python3.12/site-packages/airflow/example_dags/example_setup_teardown.py took 0.107 seconds
[2025-02-06T16:47:10.225+0000] {processor.py:186} INFO - Started process (PID=1238) to work on /home/airflow/.local/lib/python3.12/site-packages/airflow/example_dags/example_setup_teardown.py
[2025-02-06T16:47:10.226+0000] {processor.py:914} INFO - Processing file /home/airflow/.local/lib/python3.12/site-packages/airflow/example_dags/example_setup_teardown.py for tasks to queue
[2025-02-06T16:47:10.231+0000] {logging_mixin.py:190} INFO - [2025-02-06T16:47:10.230+0000] {dagbag.py:588} INFO - Filling up the DagBag from /home/airflow/.local/lib/python3.12/site-packages/airflow/example_dags/example_setup_teardown.py
[2025-02-06T16:47:10.264+0000] {processor.py:925} INFO - DAG(s) 'example_setup_teardown' retrieved from /home/airflow/.local/lib/python3.12/site-packages/airflow/example_dags/example_setup_teardown.py
[2025-02-06T16:47:10.329+0000] {logging_mixin.py:190} INFO - [2025-02-06T16:47:10.329+0000] {dag.py:3239} INFO - Sync 1 DAGs
[2025-02-06T16:47:10.375+0000] {logging_mixin.py:190} INFO - [2025-02-06T16:47:10.374+0000] {dag.py:4180} INFO - Setting next_dagrun for example_setup_teardown to None, run_after=None
[2025-02-06T16:47:10.417+0000] {processor.py:208} INFO - Processing /home/airflow/.local/lib/python3.12/site-packages/airflow/example_dags/example_setup_teardown.py took 0.212 seconds
[2025-02-06T16:47:40.625+0000] {processor.py:186} INFO - Started process (PID=1295) to work on /home/airflow/.local/lib/python3.12/site-packages/airflow/example_dags/example_setup_teardown.py
[2025-02-06T16:47:40.628+0000] {processor.py:914} INFO - Processing file /home/airflow/.local/lib/python3.12/site-packages/airflow/example_dags/example_setup_teardown.py for tasks to queue
[2025-02-06T16:47:40.647+0000] {logging_mixin.py:190} INFO - [2025-02-06T16:47:40.646+0000] {dagbag.py:588} INFO - Filling up the DagBag from /home/airflow/.local/lib/python3.12/site-packages/airflow/example_dags/example_setup_teardown.py
[2025-02-06T16:47:40.671+0000] {processor.py:925} INFO - DAG(s) 'example_setup_teardown' retrieved from /home/airflow/.local/lib/python3.12/site-packages/airflow/example_dags/example_setup_teardown.py
[2025-02-06T16:47:40.776+0000] {logging_mixin.py:190} INFO - [2025-02-06T16:47:40.775+0000] {dag.py:3239} INFO - Sync 1 DAGs
[2025-02-06T16:47:40.833+0000] {logging_mixin.py:190} INFO - [2025-02-06T16:47:40.832+0000] {dag.py:4180} INFO - Setting next_dagrun for example_setup_teardown to None, run_after=None
[2025-02-06T16:47:40.895+0000] {processor.py:208} INFO - Processing /home/airflow/.local/lib/python3.12/site-packages/airflow/example_dags/example_setup_teardown.py took 0.295 seconds
[2025-02-06T16:48:11.706+0000] {processor.py:186} INFO - Started process (PID=1352) to work on /home/airflow/.local/lib/python3.12/site-packages/airflow/example_dags/example_setup_teardown.py
[2025-02-06T16:48:11.707+0000] {processor.py:914} INFO - Processing file /home/airflow/.local/lib/python3.12/site-packages/airflow/example_dags/example_setup_teardown.py for tasks to queue
[2025-02-06T16:48:11.710+0000] {logging_mixin.py:190} INFO - [2025-02-06T16:48:11.710+0000] {dagbag.py:588} INFO - Filling up the DagBag from /home/airflow/.local/lib/python3.12/site-packages/airflow/example_dags/example_setup_teardown.py
[2025-02-06T16:48:11.721+0000] {processor.py:925} INFO - DAG(s) 'example_setup_teardown' retrieved from /home/airflow/.local/lib/python3.12/site-packages/airflow/example_dags/example_setup_teardown.py
[2025-02-06T16:48:11.749+0000] {logging_mixin.py:190} INFO - [2025-02-06T16:48:11.749+0000] {dag.py:3239} INFO - Sync 1 DAGs
[2025-02-06T16:48:11.767+0000] {logging_mixin.py:190} INFO - [2025-02-06T16:48:11.767+0000] {dag.py:4180} INFO - Setting next_dagrun for example_setup_teardown to None, run_after=None
[2025-02-06T16:48:11.800+0000] {processor.py:208} INFO - Processing /home/airflow/.local/lib/python3.12/site-packages/airflow/example_dags/example_setup_teardown.py took 0.101 seconds
[2025-02-06T16:48:41.907+0000] {processor.py:186} INFO - Started process (PID=1408) to work on /home/airflow/.local/lib/python3.12/site-packages/airflow/example_dags/example_setup_teardown.py
[2025-02-06T16:48:41.909+0000] {processor.py:914} INFO - Processing file /home/airflow/.local/lib/python3.12/site-packages/airflow/example_dags/example_setup_teardown.py for tasks to queue
[2025-02-06T16:48:41.913+0000] {logging_mixin.py:190} INFO - [2025-02-06T16:48:41.912+0000] {dagbag.py:588} INFO - Filling up the DagBag from /home/airflow/.local/lib/python3.12/site-packages/airflow/example_dags/example_setup_teardown.py
[2025-02-06T16:48:41.925+0000] {processor.py:925} INFO - DAG(s) 'example_setup_teardown' retrieved from /home/airflow/.local/lib/python3.12/site-packages/airflow/example_dags/example_setup_teardown.py
[2025-02-06T16:48:41.955+0000] {logging_mixin.py:190} INFO - [2025-02-06T16:48:41.955+0000] {dag.py:3239} INFO - Sync 1 DAGs
[2025-02-06T16:48:41.977+0000] {logging_mixin.py:190} INFO - [2025-02-06T16:48:41.977+0000] {dag.py:4180} INFO - Setting next_dagrun for example_setup_teardown to None, run_after=None
[2025-02-06T16:48:42.012+0000] {processor.py:208} INFO - Processing /home/airflow/.local/lib/python3.12/site-packages/airflow/example_dags/example_setup_teardown.py took 0.114 seconds
[2025-02-06T16:49:12.486+0000] {processor.py:186} INFO - Started process (PID=1465) to work on /home/airflow/.local/lib/python3.12/site-packages/airflow/example_dags/example_setup_teardown.py
[2025-02-06T16:49:12.487+0000] {processor.py:914} INFO - Processing file /home/airflow/.local/lib/python3.12/site-packages/airflow/example_dags/example_setup_teardown.py for tasks to queue
[2025-02-06T16:49:12.491+0000] {logging_mixin.py:190} INFO - [2025-02-06T16:49:12.490+0000] {dagbag.py:588} INFO - Filling up the DagBag from /home/airflow/.local/lib/python3.12/site-packages/airflow/example_dags/example_setup_teardown.py
[2025-02-06T16:49:12.502+0000] {processor.py:925} INFO - DAG(s) 'example_setup_teardown' retrieved from /home/airflow/.local/lib/python3.12/site-packages/airflow/example_dags/example_setup_teardown.py
[2025-02-06T16:49:12.532+0000] {logging_mixin.py:190} INFO - [2025-02-06T16:49:12.532+0000] {dag.py:3239} INFO - Sync 1 DAGs
[2025-02-06T16:49:12.551+0000] {logging_mixin.py:190} INFO - [2025-02-06T16:49:12.550+0000] {dag.py:4180} INFO - Setting next_dagrun for example_setup_teardown to None, run_after=None
[2025-02-06T16:49:12.574+0000] {processor.py:208} INFO - Processing /home/airflow/.local/lib/python3.12/site-packages/airflow/example_dags/example_setup_teardown.py took 0.096 seconds
[2025-02-06T16:49:43.041+0000] {processor.py:186} INFO - Started process (PID=1523) to work on /home/airflow/.local/lib/python3.12/site-packages/airflow/example_dags/example_setup_teardown.py
[2025-02-06T16:49:43.042+0000] {processor.py:914} INFO - Processing file /home/airflow/.local/lib/python3.12/site-packages/airflow/example_dags/example_setup_teardown.py for tasks to queue
[2025-02-06T16:49:43.045+0000] {logging_mixin.py:190} INFO - [2025-02-06T16:49:43.045+0000] {dagbag.py:588} INFO - Filling up the DagBag from /home/airflow/.local/lib/python3.12/site-packages/airflow/example_dags/example_setup_teardown.py
[2025-02-06T16:49:43.058+0000] {processor.py:925} INFO - DAG(s) 'example_setup_teardown' retrieved from /home/airflow/.local/lib/python3.12/site-packages/airflow/example_dags/example_setup_teardown.py
[2025-02-06T16:49:43.121+0000] {logging_mixin.py:190} INFO - [2025-02-06T16:49:43.120+0000] {dag.py:3239} INFO - Sync 1 DAGs
[2025-02-06T16:49:43.185+0000] {logging_mixin.py:190} INFO - [2025-02-06T16:49:43.185+0000] {dag.py:4180} INFO - Setting next_dagrun for example_setup_teardown to None, run_after=None
[2025-02-06T16:49:43.234+0000] {processor.py:208} INFO - Processing /home/airflow/.local/lib/python3.12/site-packages/airflow/example_dags/example_setup_teardown.py took 0.203 seconds
[2025-02-06T16:50:13.353+0000] {processor.py:186} INFO - Started process (PID=1579) to work on /home/airflow/.local/lib/python3.12/site-packages/airflow/example_dags/example_setup_teardown.py
[2025-02-06T16:50:13.354+0000] {processor.py:914} INFO - Processing file /home/airflow/.local/lib/python3.12/site-packages/airflow/example_dags/example_setup_teardown.py for tasks to queue
[2025-02-06T16:50:13.357+0000] {logging_mixin.py:190} INFO - [2025-02-06T16:50:13.357+0000] {dagbag.py:588} INFO - Filling up the DagBag from /home/airflow/.local/lib/python3.12/site-packages/airflow/example_dags/example_setup_teardown.py
[2025-02-06T16:50:13.367+0000] {processor.py:925} INFO - DAG(s) 'example_setup_teardown' retrieved from /home/airflow/.local/lib/python3.12/site-packages/airflow/example_dags/example_setup_teardown.py
[2025-02-06T16:50:13.395+0000] {logging_mixin.py:190} INFO - [2025-02-06T16:50:13.394+0000] {dag.py:3239} INFO - Sync 1 DAGs
[2025-02-06T16:50:13.415+0000] {logging_mixin.py:190} INFO - [2025-02-06T16:50:13.415+0000] {dag.py:4180} INFO - Setting next_dagrun for example_setup_teardown to None, run_after=None
[2025-02-06T16:50:13.443+0000] {processor.py:208} INFO - Processing /home/airflow/.local/lib/python3.12/site-packages/airflow/example_dags/example_setup_teardown.py took 0.098 seconds
[2025-02-06T16:50:43.631+0000] {processor.py:186} INFO - Started process (PID=1636) to work on /home/airflow/.local/lib/python3.12/site-packages/airflow/example_dags/example_setup_teardown.py
[2025-02-06T16:50:43.632+0000] {processor.py:914} INFO - Processing file /home/airflow/.local/lib/python3.12/site-packages/airflow/example_dags/example_setup_teardown.py for tasks to queue
[2025-02-06T16:50:43.636+0000] {logging_mixin.py:190} INFO - [2025-02-06T16:50:43.636+0000] {dagbag.py:588} INFO - Filling up the DagBag from /home/airflow/.local/lib/python3.12/site-packages/airflow/example_dags/example_setup_teardown.py
[2025-02-06T16:50:43.648+0000] {processor.py:925} INFO - DAG(s) 'example_setup_teardown' retrieved from /home/airflow/.local/lib/python3.12/site-packages/airflow/example_dags/example_setup_teardown.py
[2025-02-06T16:50:43.683+0000] {logging_mixin.py:190} INFO - [2025-02-06T16:50:43.682+0000] {dag.py:3239} INFO - Sync 1 DAGs
[2025-02-06T16:50:43.702+0000] {logging_mixin.py:190} INFO - [2025-02-06T16:50:43.702+0000] {dag.py:4180} INFO - Setting next_dagrun for example_setup_teardown to None, run_after=None
[2025-02-06T16:50:43.732+0000] {processor.py:208} INFO - Processing /home/airflow/.local/lib/python3.12/site-packages/airflow/example_dags/example_setup_teardown.py took 0.112 seconds
[2025-02-06T16:51:14.180+0000] {processor.py:186} INFO - Started process (PID=1692) to work on /home/airflow/.local/lib/python3.12/site-packages/airflow/example_dags/example_setup_teardown.py
[2025-02-06T16:51:14.181+0000] {processor.py:914} INFO - Processing file /home/airflow/.local/lib/python3.12/site-packages/airflow/example_dags/example_setup_teardown.py for tasks to queue
[2025-02-06T16:51:14.184+0000] {logging_mixin.py:190} INFO - [2025-02-06T16:51:14.184+0000] {dagbag.py:588} INFO - Filling up the DagBag from /home/airflow/.local/lib/python3.12/site-packages/airflow/example_dags/example_setup_teardown.py
[2025-02-06T16:51:14.195+0000] {processor.py:925} INFO - DAG(s) 'example_setup_teardown' retrieved from /home/airflow/.local/lib/python3.12/site-packages/airflow/example_dags/example_setup_teardown.py
[2025-02-06T16:51:14.223+0000] {logging_mixin.py:190} INFO - [2025-02-06T16:51:14.223+0000] {dag.py:3239} INFO - Sync 1 DAGs
[2025-02-06T16:51:14.242+0000] {logging_mixin.py:190} INFO - [2025-02-06T16:51:14.242+0000] {dag.py:4180} INFO - Setting next_dagrun for example_setup_teardown to None, run_after=None
[2025-02-06T16:51:14.264+0000] {processor.py:208} INFO - Processing /home/airflow/.local/lib/python3.12/site-packages/airflow/example_dags/example_setup_teardown.py took 0.091 seconds
[2025-02-06T16:51:44.854+0000] {processor.py:186} INFO - Started process (PID=1749) to work on /home/airflow/.local/lib/python3.12/site-packages/airflow/example_dags/example_setup_teardown.py
[2025-02-06T16:51:44.855+0000] {processor.py:914} INFO - Processing file /home/airflow/.local/lib/python3.12/site-packages/airflow/example_dags/example_setup_teardown.py for tasks to queue
[2025-02-06T16:51:44.859+0000] {logging_mixin.py:190} INFO - [2025-02-06T16:51:44.858+0000] {dagbag.py:588} INFO - Filling up the DagBag from /home/airflow/.local/lib/python3.12/site-packages/airflow/example_dags/example_setup_teardown.py
[2025-02-06T16:51:44.870+0000] {processor.py:925} INFO - DAG(s) 'example_setup_teardown' retrieved from /home/airflow/.local/lib/python3.12/site-packages/airflow/example_dags/example_setup_teardown.py
[2025-02-06T16:51:44.896+0000] {logging_mixin.py:190} INFO - [2025-02-06T16:51:44.896+0000] {dag.py:3239} INFO - Sync 1 DAGs
[2025-02-06T16:51:44.915+0000] {logging_mixin.py:190} INFO - [2025-02-06T16:51:44.915+0000] {dag.py:4180} INFO - Setting next_dagrun for example_setup_teardown to None, run_after=None
[2025-02-06T16:51:44.937+0000] {processor.py:208} INFO - Processing /home/airflow/.local/lib/python3.12/site-packages/airflow/example_dags/example_setup_teardown.py took 0.091 seconds
[2025-02-06T16:52:15.318+0000] {processor.py:186} INFO - Started process (PID=1806) to work on /home/airflow/.local/lib/python3.12/site-packages/airflow/example_dags/example_setup_teardown.py
[2025-02-06T16:52:15.320+0000] {processor.py:914} INFO - Processing file /home/airflow/.local/lib/python3.12/site-packages/airflow/example_dags/example_setup_teardown.py for tasks to queue
[2025-02-06T16:52:15.328+0000] {logging_mixin.py:190} INFO - [2025-02-06T16:52:15.327+0000] {dagbag.py:588} INFO - Filling up the DagBag from /home/airflow/.local/lib/python3.12/site-packages/airflow/example_dags/example_setup_teardown.py
[2025-02-06T16:52:15.340+0000] {processor.py:925} INFO - DAG(s) 'example_setup_teardown' retrieved from /home/airflow/.local/lib/python3.12/site-packages/airflow/example_dags/example_setup_teardown.py
[2025-02-06T16:52:15.380+0000] {logging_mixin.py:190} INFO - [2025-02-06T16:52:15.380+0000] {dag.py:3239} INFO - Sync 1 DAGs
[2025-02-06T16:52:15.436+0000] {logging_mixin.py:190} INFO - [2025-02-06T16:52:15.435+0000] {dag.py:4180} INFO - Setting next_dagrun for example_setup_teardown to None, run_after=None
[2025-02-06T16:52:15.501+0000] {processor.py:208} INFO - Processing /home/airflow/.local/lib/python3.12/site-packages/airflow/example_dags/example_setup_teardown.py took 0.192 seconds
[2025-02-06T16:52:45.620+0000] {processor.py:186} INFO - Started process (PID=1862) to work on /home/airflow/.local/lib/python3.12/site-packages/airflow/example_dags/example_setup_teardown.py
[2025-02-06T16:52:45.621+0000] {processor.py:914} INFO - Processing file /home/airflow/.local/lib/python3.12/site-packages/airflow/example_dags/example_setup_teardown.py for tasks to queue
[2025-02-06T16:52:45.624+0000] {logging_mixin.py:190} INFO - [2025-02-06T16:52:45.624+0000] {dagbag.py:588} INFO - Filling up the DagBag from /home/airflow/.local/lib/python3.12/site-packages/airflow/example_dags/example_setup_teardown.py
[2025-02-06T16:52:45.634+0000] {processor.py:925} INFO - DAG(s) 'example_setup_teardown' retrieved from /home/airflow/.local/lib/python3.12/site-packages/airflow/example_dags/example_setup_teardown.py
[2025-02-06T16:52:45.661+0000] {logging_mixin.py:190} INFO - [2025-02-06T16:52:45.661+0000] {dag.py:3239} INFO - Sync 1 DAGs
[2025-02-06T16:52:45.679+0000] {logging_mixin.py:190} INFO - [2025-02-06T16:52:45.679+0000] {dag.py:4180} INFO - Setting next_dagrun for example_setup_teardown to None, run_after=None
[2025-02-06T16:52:45.705+0000] {processor.py:208} INFO - Processing /home/airflow/.local/lib/python3.12/site-packages/airflow/example_dags/example_setup_teardown.py took 0.092 seconds
[2025-02-06T16:53:16.007+0000] {processor.py:186} INFO - Started process (PID=1919) to work on /home/airflow/.local/lib/python3.12/site-packages/airflow/example_dags/example_setup_teardown.py
[2025-02-06T16:53:16.008+0000] {processor.py:914} INFO - Processing file /home/airflow/.local/lib/python3.12/site-packages/airflow/example_dags/example_setup_teardown.py for tasks to queue
[2025-02-06T16:53:16.011+0000] {logging_mixin.py:190} INFO - [2025-02-06T16:53:16.011+0000] {dagbag.py:588} INFO - Filling up the DagBag from /home/airflow/.local/lib/python3.12/site-packages/airflow/example_dags/example_setup_teardown.py
[2025-02-06T16:53:16.021+0000] {processor.py:925} INFO - DAG(s) 'example_setup_teardown' retrieved from /home/airflow/.local/lib/python3.12/site-packages/airflow/example_dags/example_setup_teardown.py
[2025-02-06T16:53:16.048+0000] {logging_mixin.py:190} INFO - [2025-02-06T16:53:16.047+0000] {dag.py:3239} INFO - Sync 1 DAGs
[2025-02-06T16:53:16.066+0000] {logging_mixin.py:190} INFO - [2025-02-06T16:53:16.066+0000] {dag.py:4180} INFO - Setting next_dagrun for example_setup_teardown to None, run_after=None
[2025-02-06T16:53:16.088+0000] {processor.py:208} INFO - Processing /home/airflow/.local/lib/python3.12/site-packages/airflow/example_dags/example_setup_teardown.py took 0.089 seconds
[2025-02-06T16:53:46.800+0000] {processor.py:186} INFO - Started process (PID=1976) to work on /home/airflow/.local/lib/python3.12/site-packages/airflow/example_dags/example_setup_teardown.py
[2025-02-06T16:53:46.803+0000] {processor.py:914} INFO - Processing file /home/airflow/.local/lib/python3.12/site-packages/airflow/example_dags/example_setup_teardown.py for tasks to queue
[2025-02-06T16:53:46.817+0000] {logging_mixin.py:190} INFO - [2025-02-06T16:53:46.809+0000] {dagbag.py:588} INFO - Filling up the DagBag from /home/airflow/.local/lib/python3.12/site-packages/airflow/example_dags/example_setup_teardown.py
[2025-02-06T16:53:46.843+0000] {processor.py:925} INFO - DAG(s) 'example_setup_teardown' retrieved from /home/airflow/.local/lib/python3.12/site-packages/airflow/example_dags/example_setup_teardown.py
[2025-02-06T16:53:46.930+0000] {logging_mixin.py:190} INFO - [2025-02-06T16:53:46.930+0000] {dag.py:3239} INFO - Sync 1 DAGs
[2025-02-06T16:53:46.978+0000] {logging_mixin.py:190} INFO - [2025-02-06T16:53:46.977+0000] {dag.py:4180} INFO - Setting next_dagrun for example_setup_teardown to None, run_after=None
[2025-02-06T16:53:47.019+0000] {processor.py:208} INFO - Processing /home/airflow/.local/lib/python3.12/site-packages/airflow/example_dags/example_setup_teardown.py took 0.239 seconds
[2025-02-06T16:54:17.427+0000] {processor.py:186} INFO - Started process (PID=2033) to work on /home/airflow/.local/lib/python3.12/site-packages/airflow/example_dags/example_setup_teardown.py
[2025-02-06T16:54:17.428+0000] {processor.py:914} INFO - Processing file /home/airflow/.local/lib/python3.12/site-packages/airflow/example_dags/example_setup_teardown.py for tasks to queue
[2025-02-06T16:54:17.432+0000] {logging_mixin.py:190} INFO - [2025-02-06T16:54:17.431+0000] {dagbag.py:588} INFO - Filling up the DagBag from /home/airflow/.local/lib/python3.12/site-packages/airflow/example_dags/example_setup_teardown.py
[2025-02-06T16:54:17.456+0000] {processor.py:925} INFO - DAG(s) 'example_setup_teardown' retrieved from /home/airflow/.local/lib/python3.12/site-packages/airflow/example_dags/example_setup_teardown.py
[2025-02-06T16:54:17.510+0000] {logging_mixin.py:190} INFO - [2025-02-06T16:54:17.510+0000] {dag.py:3239} INFO - Sync 1 DAGs
[2025-02-06T16:54:17.537+0000] {logging_mixin.py:190} INFO - [2025-02-06T16:54:17.537+0000] {dag.py:4180} INFO - Setting next_dagrun for example_setup_teardown to None, run_after=None
[2025-02-06T16:54:17.581+0000] {processor.py:208} INFO - Processing /home/airflow/.local/lib/python3.12/site-packages/airflow/example_dags/example_setup_teardown.py took 0.171 seconds
[2025-02-06T16:54:47.711+0000] {processor.py:186} INFO - Started process (PID=2090) to work on /home/airflow/.local/lib/python3.12/site-packages/airflow/example_dags/example_setup_teardown.py
[2025-02-06T16:54:47.712+0000] {processor.py:914} INFO - Processing file /home/airflow/.local/lib/python3.12/site-packages/airflow/example_dags/example_setup_teardown.py for tasks to queue
[2025-02-06T16:54:47.715+0000] {logging_mixin.py:190} INFO - [2025-02-06T16:54:47.715+0000] {dagbag.py:588} INFO - Filling up the DagBag from /home/airflow/.local/lib/python3.12/site-packages/airflow/example_dags/example_setup_teardown.py
[2025-02-06T16:54:47.726+0000] {processor.py:925} INFO - DAG(s) 'example_setup_teardown' retrieved from /home/airflow/.local/lib/python3.12/site-packages/airflow/example_dags/example_setup_teardown.py
[2025-02-06T16:54:47.755+0000] {logging_mixin.py:190} INFO - [2025-02-06T16:54:47.755+0000] {dag.py:3239} INFO - Sync 1 DAGs
[2025-02-06T16:54:47.775+0000] {logging_mixin.py:190} INFO - [2025-02-06T16:54:47.774+0000] {dag.py:4180} INFO - Setting next_dagrun for example_setup_teardown to None, run_after=None
[2025-02-06T16:54:47.803+0000] {processor.py:208} INFO - Processing /home/airflow/.local/lib/python3.12/site-packages/airflow/example_dags/example_setup_teardown.py took 0.100 seconds
[2025-02-06T16:55:18.760+0000] {processor.py:186} INFO - Started process (PID=2147) to work on /home/airflow/.local/lib/python3.12/site-packages/airflow/example_dags/example_setup_teardown.py
[2025-02-06T16:55:18.761+0000] {processor.py:914} INFO - Processing file /home/airflow/.local/lib/python3.12/site-packages/airflow/example_dags/example_setup_teardown.py for tasks to queue
[2025-02-06T16:55:18.764+0000] {logging_mixin.py:190} INFO - [2025-02-06T16:55:18.763+0000] {dagbag.py:588} INFO - Filling up the DagBag from /home/airflow/.local/lib/python3.12/site-packages/airflow/example_dags/example_setup_teardown.py
[2025-02-06T16:55:18.774+0000] {processor.py:925} INFO - DAG(s) 'example_setup_teardown' retrieved from /home/airflow/.local/lib/python3.12/site-packages/airflow/example_dags/example_setup_teardown.py
[2025-02-06T16:55:18.801+0000] {logging_mixin.py:190} INFO - [2025-02-06T16:55:18.801+0000] {dag.py:3239} INFO - Sync 1 DAGs
[2025-02-06T16:55:18.819+0000] {logging_mixin.py:190} INFO - [2025-02-06T16:55:18.819+0000] {dag.py:4180} INFO - Setting next_dagrun for example_setup_teardown to None, run_after=None
[2025-02-06T16:55:18.848+0000] {processor.py:208} INFO - Processing /home/airflow/.local/lib/python3.12/site-packages/airflow/example_dags/example_setup_teardown.py took 0.096 seconds
[2025-02-06T17:23:30.208+0000] {processor.py:186} INFO - Started process (PID=47) to work on /home/airflow/.local/lib/python3.12/site-packages/airflow/example_dags/example_setup_teardown.py
[2025-02-06T17:23:30.210+0000] {processor.py:914} INFO - Processing file /home/airflow/.local/lib/python3.12/site-packages/airflow/example_dags/example_setup_teardown.py for tasks to queue
[2025-02-06T17:23:30.214+0000] {logging_mixin.py:190} INFO - [2025-02-06T17:23:30.213+0000] {dagbag.py:588} INFO - Filling up the DagBag from /home/airflow/.local/lib/python3.12/site-packages/airflow/example_dags/example_setup_teardown.py
[2025-02-06T17:23:30.226+0000] {processor.py:925} INFO - DAG(s) 'example_setup_teardown' retrieved from /home/airflow/.local/lib/python3.12/site-packages/airflow/example_dags/example_setup_teardown.py
[2025-02-06T17:23:30.369+0000] {logging_mixin.py:190} INFO - [2025-02-06T17:23:30.367+0000] {override.py:1911} INFO - Created Permission View: can delete on DAG:example_setup_teardown
[2025-02-06T17:23:30.385+0000] {logging_mixin.py:190} INFO - [2025-02-06T17:23:30.385+0000] {override.py:1911} INFO - Created Permission View: can read on DAG:example_setup_teardown
[2025-02-06T17:23:30.395+0000] {logging_mixin.py:190} INFO - [2025-02-06T17:23:30.395+0000] {override.py:1911} INFO - Created Permission View: can edit on DAG:example_setup_teardown
[2025-02-06T17:23:30.407+0000] {logging_mixin.py:190} INFO - [2025-02-06T17:23:30.407+0000] {override.py:1911} INFO - Created Permission View: menu access on DAG Run:example_setup_teardown
[2025-02-06T17:23:30.417+0000] {logging_mixin.py:190} INFO - [2025-02-06T17:23:30.417+0000] {override.py:1911} INFO - Created Permission View: can delete on DAG Run:example_setup_teardown
[2025-02-06T17:23:30.426+0000] {logging_mixin.py:190} INFO - [2025-02-06T17:23:30.425+0000] {override.py:1911} INFO - Created Permission View: can create on DAG Run:example_setup_teardown
[2025-02-06T17:23:30.435+0000] {logging_mixin.py:190} INFO - [2025-02-06T17:23:30.434+0000] {override.py:1911} INFO - Created Permission View: can read on DAG Run:example_setup_teardown
[2025-02-06T17:23:30.435+0000] {logging_mixin.py:190} INFO - [2025-02-06T17:23:30.435+0000] {dag.py:3239} INFO - Sync 1 DAGs
[2025-02-06T17:23:30.451+0000] {logging_mixin.py:190} INFO - [2025-02-06T17:23:30.450+0000] {dag.py:3262} INFO - Creating ORM DAG for example_setup_teardown
[2025-02-06T17:23:30.452+0000] {logging_mixin.py:190} INFO - [2025-02-06T17:23:30.452+0000] {dag.py:4180} INFO - Setting next_dagrun for example_setup_teardown to None, run_after=None
[2025-02-06T17:23:30.470+0000] {processor.py:208} INFO - Processing /home/airflow/.local/lib/python3.12/site-packages/airflow/example_dags/example_setup_teardown.py took 0.270 seconds
[2025-02-06T17:24:01.574+0000] {processor.py:186} INFO - Started process (PID=104) to work on /home/airflow/.local/lib/python3.12/site-packages/airflow/example_dags/example_setup_teardown.py
[2025-02-06T17:24:01.583+0000] {processor.py:914} INFO - Processing file /home/airflow/.local/lib/python3.12/site-packages/airflow/example_dags/example_setup_teardown.py for tasks to queue
[2025-02-06T17:24:01.591+0000] {logging_mixin.py:190} INFO - [2025-02-06T17:24:01.590+0000] {dagbag.py:588} INFO - Filling up the DagBag from /home/airflow/.local/lib/python3.12/site-packages/airflow/example_dags/example_setup_teardown.py
[2025-02-06T17:24:01.630+0000] {processor.py:925} INFO - DAG(s) 'example_setup_teardown' retrieved from /home/airflow/.local/lib/python3.12/site-packages/airflow/example_dags/example_setup_teardown.py
[2025-02-06T17:24:01.711+0000] {logging_mixin.py:190} INFO - [2025-02-06T17:24:01.710+0000] {dag.py:3239} INFO - Sync 1 DAGs
[2025-02-06T17:24:01.775+0000] {logging_mixin.py:190} INFO - [2025-02-06T17:24:01.775+0000] {dag.py:4180} INFO - Setting next_dagrun for example_setup_teardown to None, run_after=None
[2025-02-06T17:24:01.824+0000] {processor.py:208} INFO - Processing /home/airflow/.local/lib/python3.12/site-packages/airflow/example_dags/example_setup_teardown.py took 0.273 seconds
[2025-02-06T17:24:32.469+0000] {processor.py:186} INFO - Started process (PID=160) to work on /home/airflow/.local/lib/python3.12/site-packages/airflow/example_dags/example_setup_teardown.py
[2025-02-06T17:24:32.472+0000] {processor.py:914} INFO - Processing file /home/airflow/.local/lib/python3.12/site-packages/airflow/example_dags/example_setup_teardown.py for tasks to queue
[2025-02-06T17:24:32.475+0000] {logging_mixin.py:190} INFO - [2025-02-06T17:24:32.474+0000] {dagbag.py:588} INFO - Filling up the DagBag from /home/airflow/.local/lib/python3.12/site-packages/airflow/example_dags/example_setup_teardown.py
[2025-02-06T17:24:32.492+0000] {processor.py:925} INFO - DAG(s) 'example_setup_teardown' retrieved from /home/airflow/.local/lib/python3.12/site-packages/airflow/example_dags/example_setup_teardown.py
[2025-02-06T17:24:32.526+0000] {logging_mixin.py:190} INFO - [2025-02-06T17:24:32.526+0000] {dag.py:3239} INFO - Sync 1 DAGs
[2025-02-06T17:24:32.545+0000] {logging_mixin.py:190} INFO - [2025-02-06T17:24:32.545+0000] {dag.py:4180} INFO - Setting next_dagrun for example_setup_teardown to None, run_after=None
[2025-02-06T17:24:32.568+0000] {processor.py:208} INFO - Processing /home/airflow/.local/lib/python3.12/site-packages/airflow/example_dags/example_setup_teardown.py took 0.114 seconds
[2025-02-06T17:25:03.488+0000] {processor.py:186} INFO - Started process (PID=217) to work on /home/airflow/.local/lib/python3.12/site-packages/airflow/example_dags/example_setup_teardown.py
[2025-02-06T17:25:03.489+0000] {processor.py:914} INFO - Processing file /home/airflow/.local/lib/python3.12/site-packages/airflow/example_dags/example_setup_teardown.py for tasks to queue
[2025-02-06T17:25:03.500+0000] {logging_mixin.py:190} INFO - [2025-02-06T17:25:03.500+0000] {dagbag.py:588} INFO - Filling up the DagBag from /home/airflow/.local/lib/python3.12/site-packages/airflow/example_dags/example_setup_teardown.py
[2025-02-06T17:25:03.519+0000] {processor.py:925} INFO - DAG(s) 'example_setup_teardown' retrieved from /home/airflow/.local/lib/python3.12/site-packages/airflow/example_dags/example_setup_teardown.py
[2025-02-06T17:25:03.572+0000] {logging_mixin.py:190} INFO - [2025-02-06T17:25:03.571+0000] {dag.py:3239} INFO - Sync 1 DAGs
[2025-02-06T17:25:03.617+0000] {logging_mixin.py:190} INFO - [2025-02-06T17:25:03.617+0000] {dag.py:4180} INFO - Setting next_dagrun for example_setup_teardown to None, run_after=None
[2025-02-06T17:25:03.700+0000] {processor.py:208} INFO - Processing /home/airflow/.local/lib/python3.12/site-packages/airflow/example_dags/example_setup_teardown.py took 0.221 seconds
[2025-02-06T17:25:34.169+0000] {processor.py:186} INFO - Started process (PID=274) to work on /home/airflow/.local/lib/python3.12/site-packages/airflow/example_dags/example_setup_teardown.py
[2025-02-06T17:25:34.173+0000] {processor.py:914} INFO - Processing file /home/airflow/.local/lib/python3.12/site-packages/airflow/example_dags/example_setup_teardown.py for tasks to queue
[2025-02-06T17:25:34.186+0000] {logging_mixin.py:190} INFO - [2025-02-06T17:25:34.185+0000] {dagbag.py:588} INFO - Filling up the DagBag from /home/airflow/.local/lib/python3.12/site-packages/airflow/example_dags/example_setup_teardown.py
[2025-02-06T17:25:34.228+0000] {processor.py:925} INFO - DAG(s) 'example_setup_teardown' retrieved from /home/airflow/.local/lib/python3.12/site-packages/airflow/example_dags/example_setup_teardown.py
[2025-02-06T17:25:34.306+0000] {logging_mixin.py:190} INFO - [2025-02-06T17:25:34.305+0000] {dag.py:3239} INFO - Sync 1 DAGs
[2025-02-06T17:25:34.345+0000] {logging_mixin.py:190} INFO - [2025-02-06T17:25:34.345+0000] {dag.py:4180} INFO - Setting next_dagrun for example_setup_teardown to None, run_after=None
[2025-02-06T17:25:34.400+0000] {processor.py:208} INFO - Processing /home/airflow/.local/lib/python3.12/site-packages/airflow/example_dags/example_setup_teardown.py took 0.255 seconds
[2025-02-06T17:26:04.474+0000] {processor.py:186} INFO - Started process (PID=330) to work on /home/airflow/.local/lib/python3.12/site-packages/airflow/example_dags/example_setup_teardown.py
[2025-02-06T17:26:04.476+0000] {processor.py:914} INFO - Processing file /home/airflow/.local/lib/python3.12/site-packages/airflow/example_dags/example_setup_teardown.py for tasks to queue
[2025-02-06T17:26:04.479+0000] {logging_mixin.py:190} INFO - [2025-02-06T17:26:04.479+0000] {dagbag.py:588} INFO - Filling up the DagBag from /home/airflow/.local/lib/python3.12/site-packages/airflow/example_dags/example_setup_teardown.py
[2025-02-06T17:26:04.491+0000] {processor.py:925} INFO - DAG(s) 'example_setup_teardown' retrieved from /home/airflow/.local/lib/python3.12/site-packages/airflow/example_dags/example_setup_teardown.py
[2025-02-06T17:26:04.519+0000] {logging_mixin.py:190} INFO - [2025-02-06T17:26:04.519+0000] {dag.py:3239} INFO - Sync 1 DAGs
[2025-02-06T17:26:04.538+0000] {logging_mixin.py:190} INFO - [2025-02-06T17:26:04.538+0000] {dag.py:4180} INFO - Setting next_dagrun for example_setup_teardown to None, run_after=None
[2025-02-06T17:26:04.568+0000] {processor.py:208} INFO - Processing /home/airflow/.local/lib/python3.12/site-packages/airflow/example_dags/example_setup_teardown.py took 0.102 seconds
[2025-02-06T17:29:10.700+0000] {processor.py:186} INFO - Started process (PID=46) to work on /home/airflow/.local/lib/python3.12/site-packages/airflow/example_dags/example_setup_teardown.py
[2025-02-06T17:29:10.708+0000] {processor.py:914} INFO - Processing file /home/airflow/.local/lib/python3.12/site-packages/airflow/example_dags/example_setup_teardown.py for tasks to queue
[2025-02-06T17:29:10.716+0000] {logging_mixin.py:190} INFO - [2025-02-06T17:29:10.716+0000] {dagbag.py:588} INFO - Filling up the DagBag from /home/airflow/.local/lib/python3.12/site-packages/airflow/example_dags/example_setup_teardown.py
[2025-02-06T17:29:10.747+0000] {processor.py:925} INFO - DAG(s) 'example_setup_teardown' retrieved from /home/airflow/.local/lib/python3.12/site-packages/airflow/example_dags/example_setup_teardown.py
[2025-02-06T17:29:11.165+0000] {logging_mixin.py:190} INFO - [2025-02-06T17:29:11.164+0000] {override.py:1911} INFO - Created Permission View: can read on DAG:example_setup_teardown
[2025-02-06T17:29:11.209+0000] {logging_mixin.py:190} INFO - [2025-02-06T17:29:11.208+0000] {override.py:1911} INFO - Created Permission View: can edit on DAG:example_setup_teardown
[2025-02-06T17:29:11.251+0000] {logging_mixin.py:190} INFO - [2025-02-06T17:29:11.250+0000] {override.py:1911} INFO - Created Permission View: can delete on DAG:example_setup_teardown
[2025-02-06T17:29:11.297+0000] {logging_mixin.py:190} INFO - [2025-02-06T17:29:11.296+0000] {override.py:1911} INFO - Created Permission View: can read on DAG Run:example_setup_teardown
[2025-02-06T17:29:11.363+0000] {logging_mixin.py:190} INFO - [2025-02-06T17:29:11.363+0000] {override.py:1911} INFO - Created Permission View: menu access on DAG Run:example_setup_teardown
[2025-02-06T17:29:11.400+0000] {logging_mixin.py:190} INFO - [2025-02-06T17:29:11.398+0000] {override.py:1911} INFO - Created Permission View: can delete on DAG Run:example_setup_teardown
[2025-02-06T17:29:11.435+0000] {logging_mixin.py:190} INFO - [2025-02-06T17:29:11.434+0000] {override.py:1911} INFO - Created Permission View: can create on DAG Run:example_setup_teardown
[2025-02-06T17:29:11.437+0000] {logging_mixin.py:190} INFO - [2025-02-06T17:29:11.436+0000] {dag.py:3239} INFO - Sync 1 DAGs
[2025-02-06T17:29:11.497+0000] {logging_mixin.py:190} INFO - [2025-02-06T17:29:11.497+0000] {dag.py:3262} INFO - Creating ORM DAG for example_setup_teardown
[2025-02-06T17:29:11.500+0000] {logging_mixin.py:190} INFO - [2025-02-06T17:29:11.499+0000] {dag.py:4180} INFO - Setting next_dagrun for example_setup_teardown to None, run_after=None
[2025-02-06T17:29:11.562+0000] {processor.py:208} INFO - Processing /home/airflow/.local/lib/python3.12/site-packages/airflow/example_dags/example_setup_teardown.py took 0.876 seconds
[2025-02-06T17:29:50.110+0000] {processor.py:186} INFO - Started process (PID=103) to work on /home/airflow/.local/lib/python3.12/site-packages/airflow/example_dags/example_setup_teardown.py
[2025-02-06T17:29:50.123+0000] {processor.py:914} INFO - Processing file /home/airflow/.local/lib/python3.12/site-packages/airflow/example_dags/example_setup_teardown.py for tasks to queue
[2025-02-06T17:29:50.131+0000] {logging_mixin.py:190} INFO - [2025-02-06T17:29:50.130+0000] {dagbag.py:588} INFO - Filling up the DagBag from /home/airflow/.local/lib/python3.12/site-packages/airflow/example_dags/example_setup_teardown.py
[2025-02-06T17:29:50.191+0000] {processor.py:925} INFO - DAG(s) 'example_setup_teardown' retrieved from /home/airflow/.local/lib/python3.12/site-packages/airflow/example_dags/example_setup_teardown.py
[2025-02-06T17:29:50.362+0000] {logging_mixin.py:190} INFO - [2025-02-06T17:29:50.347+0000] {dag.py:3239} INFO - Sync 1 DAGs
[2025-02-06T17:29:50.453+0000] {logging_mixin.py:190} INFO - [2025-02-06T17:29:50.452+0000] {dag.py:4180} INFO - Setting next_dagrun for example_setup_teardown to None, run_after=None
[2025-02-06T17:29:50.527+0000] {processor.py:208} INFO - Processing /home/airflow/.local/lib/python3.12/site-packages/airflow/example_dags/example_setup_teardown.py took 0.442 seconds
[2025-02-06T17:30:20.635+0000] {processor.py:186} INFO - Started process (PID=160) to work on /home/airflow/.local/lib/python3.12/site-packages/airflow/example_dags/example_setup_teardown.py
[2025-02-06T17:30:20.637+0000] {processor.py:914} INFO - Processing file /home/airflow/.local/lib/python3.12/site-packages/airflow/example_dags/example_setup_teardown.py for tasks to queue
[2025-02-06T17:30:20.640+0000] {logging_mixin.py:190} INFO - [2025-02-06T17:30:20.640+0000] {dagbag.py:588} INFO - Filling up the DagBag from /home/airflow/.local/lib/python3.12/site-packages/airflow/example_dags/example_setup_teardown.py
[2025-02-06T17:30:20.651+0000] {processor.py:925} INFO - DAG(s) 'example_setup_teardown' retrieved from /home/airflow/.local/lib/python3.12/site-packages/airflow/example_dags/example_setup_teardown.py
[2025-02-06T17:30:20.678+0000] {logging_mixin.py:190} INFO - [2025-02-06T17:30:20.678+0000] {dag.py:3239} INFO - Sync 1 DAGs
[2025-02-06T17:30:20.697+0000] {logging_mixin.py:190} INFO - [2025-02-06T17:30:20.697+0000] {dag.py:4180} INFO - Setting next_dagrun for example_setup_teardown to None, run_after=None
[2025-02-06T17:30:20.723+0000] {processor.py:208} INFO - Processing /home/airflow/.local/lib/python3.12/site-packages/airflow/example_dags/example_setup_teardown.py took 0.096 seconds
[2025-02-06T17:30:51.673+0000] {processor.py:186} INFO - Started process (PID=217) to work on /home/airflow/.local/lib/python3.12/site-packages/airflow/example_dags/example_setup_teardown.py
[2025-02-06T17:30:51.675+0000] {processor.py:914} INFO - Processing file /home/airflow/.local/lib/python3.12/site-packages/airflow/example_dags/example_setup_teardown.py for tasks to queue
[2025-02-06T17:30:51.680+0000] {logging_mixin.py:190} INFO - [2025-02-06T17:30:51.679+0000] {dagbag.py:588} INFO - Filling up the DagBag from /home/airflow/.local/lib/python3.12/site-packages/airflow/example_dags/example_setup_teardown.py
[2025-02-06T17:30:51.702+0000] {processor.py:925} INFO - DAG(s) 'example_setup_teardown' retrieved from /home/airflow/.local/lib/python3.12/site-packages/airflow/example_dags/example_setup_teardown.py
[2025-02-06T17:30:51.757+0000] {logging_mixin.py:190} INFO - [2025-02-06T17:30:51.756+0000] {dag.py:3239} INFO - Sync 1 DAGs
[2025-02-06T17:30:51.787+0000] {logging_mixin.py:190} INFO - [2025-02-06T17:30:51.786+0000] {dag.py:4180} INFO - Setting next_dagrun for example_setup_teardown to None, run_after=None
[2025-02-06T17:30:51.822+0000] {processor.py:208} INFO - Processing /home/airflow/.local/lib/python3.12/site-packages/airflow/example_dags/example_setup_teardown.py took 0.167 seconds
[2025-02-06T17:31:22.509+0000] {processor.py:186} INFO - Started process (PID=273) to work on /home/airflow/.local/lib/python3.12/site-packages/airflow/example_dags/example_setup_teardown.py
[2025-02-06T17:31:22.511+0000] {processor.py:914} INFO - Processing file /home/airflow/.local/lib/python3.12/site-packages/airflow/example_dags/example_setup_teardown.py for tasks to queue
[2025-02-06T17:31:22.515+0000] {logging_mixin.py:190} INFO - [2025-02-06T17:31:22.515+0000] {dagbag.py:588} INFO - Filling up the DagBag from /home/airflow/.local/lib/python3.12/site-packages/airflow/example_dags/example_setup_teardown.py
[2025-02-06T17:31:22.526+0000] {processor.py:925} INFO - DAG(s) 'example_setup_teardown' retrieved from /home/airflow/.local/lib/python3.12/site-packages/airflow/example_dags/example_setup_teardown.py
[2025-02-06T17:31:22.561+0000] {logging_mixin.py:190} INFO - [2025-02-06T17:31:22.560+0000] {dag.py:3239} INFO - Sync 1 DAGs
[2025-02-06T17:31:22.581+0000] {logging_mixin.py:190} INFO - [2025-02-06T17:31:22.581+0000] {dag.py:4180} INFO - Setting next_dagrun for example_setup_teardown to None, run_after=None
[2025-02-06T17:31:22.613+0000] {processor.py:208} INFO - Processing /home/airflow/.local/lib/python3.12/site-packages/airflow/example_dags/example_setup_teardown.py took 0.111 seconds
[2025-02-06T17:31:52.981+0000] {processor.py:186} INFO - Started process (PID=330) to work on /home/airflow/.local/lib/python3.12/site-packages/airflow/example_dags/example_setup_teardown.py
[2025-02-06T17:31:52.983+0000] {processor.py:914} INFO - Processing file /home/airflow/.local/lib/python3.12/site-packages/airflow/example_dags/example_setup_teardown.py for tasks to queue
[2025-02-06T17:31:52.985+0000] {logging_mixin.py:190} INFO - [2025-02-06T17:31:52.985+0000] {dagbag.py:588} INFO - Filling up the DagBag from /home/airflow/.local/lib/python3.12/site-packages/airflow/example_dags/example_setup_teardown.py
[2025-02-06T17:31:52.996+0000] {processor.py:925} INFO - DAG(s) 'example_setup_teardown' retrieved from /home/airflow/.local/lib/python3.12/site-packages/airflow/example_dags/example_setup_teardown.py
[2025-02-06T17:31:53.020+0000] {logging_mixin.py:190} INFO - [2025-02-06T17:31:53.020+0000] {dag.py:3239} INFO - Sync 1 DAGs
[2025-02-06T17:31:53.037+0000] {logging_mixin.py:190} INFO - [2025-02-06T17:31:53.036+0000] {dag.py:4180} INFO - Setting next_dagrun for example_setup_teardown to None, run_after=None
[2025-02-06T17:31:53.059+0000] {processor.py:208} INFO - Processing /home/airflow/.local/lib/python3.12/site-packages/airflow/example_dags/example_setup_teardown.py took 0.085 seconds
[2025-02-06T17:32:23.129+0000] {processor.py:186} INFO - Started process (PID=386) to work on /home/airflow/.local/lib/python3.12/site-packages/airflow/example_dags/example_setup_teardown.py
[2025-02-06T17:32:23.130+0000] {processor.py:914} INFO - Processing file /home/airflow/.local/lib/python3.12/site-packages/airflow/example_dags/example_setup_teardown.py for tasks to queue
[2025-02-06T17:32:23.140+0000] {logging_mixin.py:190} INFO - [2025-02-06T17:32:23.139+0000] {dagbag.py:588} INFO - Filling up the DagBag from /home/airflow/.local/lib/python3.12/site-packages/airflow/example_dags/example_setup_teardown.py
[2025-02-06T17:32:23.153+0000] {processor.py:925} INFO - DAG(s) 'example_setup_teardown' retrieved from /home/airflow/.local/lib/python3.12/site-packages/airflow/example_dags/example_setup_teardown.py
[2025-02-06T17:32:23.193+0000] {logging_mixin.py:190} INFO - [2025-02-06T17:32:23.192+0000] {dag.py:3239} INFO - Sync 1 DAGs
[2025-02-06T17:32:23.216+0000] {logging_mixin.py:190} INFO - [2025-02-06T17:32:23.215+0000] {dag.py:4180} INFO - Setting next_dagrun for example_setup_teardown to None, run_after=None
[2025-02-06T17:32:23.242+0000] {processor.py:208} INFO - Processing /home/airflow/.local/lib/python3.12/site-packages/airflow/example_dags/example_setup_teardown.py took 0.121 seconds
[2025-02-06T17:32:53.740+0000] {processor.py:186} INFO - Started process (PID=444) to work on /home/airflow/.local/lib/python3.12/site-packages/airflow/example_dags/example_setup_teardown.py
[2025-02-06T17:32:53.741+0000] {processor.py:914} INFO - Processing file /home/airflow/.local/lib/python3.12/site-packages/airflow/example_dags/example_setup_teardown.py for tasks to queue
[2025-02-06T17:32:53.745+0000] {logging_mixin.py:190} INFO - [2025-02-06T17:32:53.744+0000] {dagbag.py:588} INFO - Filling up the DagBag from /home/airflow/.local/lib/python3.12/site-packages/airflow/example_dags/example_setup_teardown.py
[2025-02-06T17:32:53.757+0000] {processor.py:925} INFO - DAG(s) 'example_setup_teardown' retrieved from /home/airflow/.local/lib/python3.12/site-packages/airflow/example_dags/example_setup_teardown.py
[2025-02-06T17:32:53.785+0000] {logging_mixin.py:190} INFO - [2025-02-06T17:32:53.785+0000] {dag.py:3239} INFO - Sync 1 DAGs
[2025-02-06T17:32:53.805+0000] {logging_mixin.py:190} INFO - [2025-02-06T17:32:53.805+0000] {dag.py:4180} INFO - Setting next_dagrun for example_setup_teardown to None, run_after=None
[2025-02-06T17:32:53.832+0000] {processor.py:208} INFO - Processing /home/airflow/.local/lib/python3.12/site-packages/airflow/example_dags/example_setup_teardown.py took 0.100 seconds
[2025-02-06T17:33:24.694+0000] {processor.py:186} INFO - Started process (PID=501) to work on /home/airflow/.local/lib/python3.12/site-packages/airflow/example_dags/example_setup_teardown.py
[2025-02-06T17:33:24.695+0000] {processor.py:914} INFO - Processing file /home/airflow/.local/lib/python3.12/site-packages/airflow/example_dags/example_setup_teardown.py for tasks to queue
[2025-02-06T17:33:24.699+0000] {logging_mixin.py:190} INFO - [2025-02-06T17:33:24.698+0000] {dagbag.py:588} INFO - Filling up the DagBag from /home/airflow/.local/lib/python3.12/site-packages/airflow/example_dags/example_setup_teardown.py
[2025-02-06T17:33:24.710+0000] {processor.py:925} INFO - DAG(s) 'example_setup_teardown' retrieved from /home/airflow/.local/lib/python3.12/site-packages/airflow/example_dags/example_setup_teardown.py
[2025-02-06T17:33:24.736+0000] {logging_mixin.py:190} INFO - [2025-02-06T17:33:24.736+0000] {dag.py:3239} INFO - Sync 1 DAGs
[2025-02-06T17:33:24.755+0000] {logging_mixin.py:190} INFO - [2025-02-06T17:33:24.755+0000] {dag.py:4180} INFO - Setting next_dagrun for example_setup_teardown to None, run_after=None
[2025-02-06T17:33:24.781+0000] {processor.py:208} INFO - Processing /home/airflow/.local/lib/python3.12/site-packages/airflow/example_dags/example_setup_teardown.py took 0.095 seconds
[2025-02-06T17:33:55.546+0000] {processor.py:186} INFO - Started process (PID=558) to work on /home/airflow/.local/lib/python3.12/site-packages/airflow/example_dags/example_setup_teardown.py
[2025-02-06T17:33:55.548+0000] {processor.py:914} INFO - Processing file /home/airflow/.local/lib/python3.12/site-packages/airflow/example_dags/example_setup_teardown.py for tasks to queue
[2025-02-06T17:33:55.551+0000] {logging_mixin.py:190} INFO - [2025-02-06T17:33:55.550+0000] {dagbag.py:588} INFO - Filling up the DagBag from /home/airflow/.local/lib/python3.12/site-packages/airflow/example_dags/example_setup_teardown.py
[2025-02-06T17:33:55.562+0000] {processor.py:925} INFO - DAG(s) 'example_setup_teardown' retrieved from /home/airflow/.local/lib/python3.12/site-packages/airflow/example_dags/example_setup_teardown.py
[2025-02-06T17:33:55.590+0000] {logging_mixin.py:190} INFO - [2025-02-06T17:33:55.590+0000] {dag.py:3239} INFO - Sync 1 DAGs
[2025-02-06T17:33:55.613+0000] {logging_mixin.py:190} INFO - [2025-02-06T17:33:55.613+0000] {dag.py:4180} INFO - Setting next_dagrun for example_setup_teardown to None, run_after=None
[2025-02-06T17:33:55.644+0000] {processor.py:208} INFO - Processing /home/airflow/.local/lib/python3.12/site-packages/airflow/example_dags/example_setup_teardown.py took 0.105 seconds
[2025-02-06T17:34:26.354+0000] {processor.py:186} INFO - Started process (PID=615) to work on /home/airflow/.local/lib/python3.12/site-packages/airflow/example_dags/example_setup_teardown.py
[2025-02-06T17:34:26.355+0000] {processor.py:914} INFO - Processing file /home/airflow/.local/lib/python3.12/site-packages/airflow/example_dags/example_setup_teardown.py for tasks to queue
[2025-02-06T17:34:26.358+0000] {logging_mixin.py:190} INFO - [2025-02-06T17:34:26.358+0000] {dagbag.py:588} INFO - Filling up the DagBag from /home/airflow/.local/lib/python3.12/site-packages/airflow/example_dags/example_setup_teardown.py
[2025-02-06T17:34:26.368+0000] {processor.py:925} INFO - DAG(s) 'example_setup_teardown' retrieved from /home/airflow/.local/lib/python3.12/site-packages/airflow/example_dags/example_setup_teardown.py
[2025-02-06T17:34:26.393+0000] {logging_mixin.py:190} INFO - [2025-02-06T17:34:26.393+0000] {dag.py:3239} INFO - Sync 1 DAGs
[2025-02-06T17:34:26.411+0000] {logging_mixin.py:190} INFO - [2025-02-06T17:34:26.411+0000] {dag.py:4180} INFO - Setting next_dagrun for example_setup_teardown to None, run_after=None
[2025-02-06T17:34:26.433+0000] {processor.py:208} INFO - Processing /home/airflow/.local/lib/python3.12/site-packages/airflow/example_dags/example_setup_teardown.py took 0.087 seconds
[2025-02-06T17:34:56.700+0000] {processor.py:186} INFO - Started process (PID=671) to work on /home/airflow/.local/lib/python3.12/site-packages/airflow/example_dags/example_setup_teardown.py
[2025-02-06T17:34:56.702+0000] {processor.py:914} INFO - Processing file /home/airflow/.local/lib/python3.12/site-packages/airflow/example_dags/example_setup_teardown.py for tasks to queue
[2025-02-06T17:34:56.706+0000] {logging_mixin.py:190} INFO - [2025-02-06T17:34:56.705+0000] {dagbag.py:588} INFO - Filling up the DagBag from /home/airflow/.local/lib/python3.12/site-packages/airflow/example_dags/example_setup_teardown.py
[2025-02-06T17:34:56.717+0000] {processor.py:925} INFO - DAG(s) 'example_setup_teardown' retrieved from /home/airflow/.local/lib/python3.12/site-packages/airflow/example_dags/example_setup_teardown.py
[2025-02-06T17:34:56.742+0000] {logging_mixin.py:190} INFO - [2025-02-06T17:34:56.742+0000] {dag.py:3239} INFO - Sync 1 DAGs
[2025-02-06T17:34:56.762+0000] {logging_mixin.py:190} INFO - [2025-02-06T17:34:56.762+0000] {dag.py:4180} INFO - Setting next_dagrun for example_setup_teardown to None, run_after=None
[2025-02-06T17:34:56.787+0000] {processor.py:208} INFO - Processing /home/airflow/.local/lib/python3.12/site-packages/airflow/example_dags/example_setup_teardown.py took 0.094 seconds
[2025-02-06T17:35:27.309+0000] {processor.py:186} INFO - Started process (PID=728) to work on /home/airflow/.local/lib/python3.12/site-packages/airflow/example_dags/example_setup_teardown.py
[2025-02-06T17:35:27.311+0000] {processor.py:914} INFO - Processing file /home/airflow/.local/lib/python3.12/site-packages/airflow/example_dags/example_setup_teardown.py for tasks to queue
[2025-02-06T17:35:27.314+0000] {logging_mixin.py:190} INFO - [2025-02-06T17:35:27.314+0000] {dagbag.py:588} INFO - Filling up the DagBag from /home/airflow/.local/lib/python3.12/site-packages/airflow/example_dags/example_setup_teardown.py
[2025-02-06T17:35:27.324+0000] {processor.py:925} INFO - DAG(s) 'example_setup_teardown' retrieved from /home/airflow/.local/lib/python3.12/site-packages/airflow/example_dags/example_setup_teardown.py
[2025-02-06T17:35:27.350+0000] {logging_mixin.py:190} INFO - [2025-02-06T17:35:27.350+0000] {dag.py:3239} INFO - Sync 1 DAGs
[2025-02-06T17:35:27.368+0000] {logging_mixin.py:190} INFO - [2025-02-06T17:35:27.368+0000] {dag.py:4180} INFO - Setting next_dagrun for example_setup_teardown to None, run_after=None
[2025-02-06T17:35:27.392+0000] {processor.py:208} INFO - Processing /home/airflow/.local/lib/python3.12/site-packages/airflow/example_dags/example_setup_teardown.py took 0.090 seconds
[2025-02-06T17:35:57.571+0000] {processor.py:186} INFO - Started process (PID=785) to work on /home/airflow/.local/lib/python3.12/site-packages/airflow/example_dags/example_setup_teardown.py
[2025-02-06T17:35:57.572+0000] {processor.py:914} INFO - Processing file /home/airflow/.local/lib/python3.12/site-packages/airflow/example_dags/example_setup_teardown.py for tasks to queue
[2025-02-06T17:35:57.575+0000] {logging_mixin.py:190} INFO - [2025-02-06T17:35:57.575+0000] {dagbag.py:588} INFO - Filling up the DagBag from /home/airflow/.local/lib/python3.12/site-packages/airflow/example_dags/example_setup_teardown.py
[2025-02-06T17:35:57.585+0000] {processor.py:925} INFO - DAG(s) 'example_setup_teardown' retrieved from /home/airflow/.local/lib/python3.12/site-packages/airflow/example_dags/example_setup_teardown.py
[2025-02-06T17:35:57.611+0000] {logging_mixin.py:190} INFO - [2025-02-06T17:35:57.610+0000] {dag.py:3239} INFO - Sync 1 DAGs
[2025-02-06T17:35:57.629+0000] {logging_mixin.py:190} INFO - [2025-02-06T17:35:57.629+0000] {dag.py:4180} INFO - Setting next_dagrun for example_setup_teardown to None, run_after=None
[2025-02-06T17:35:57.655+0000] {processor.py:208} INFO - Processing /home/airflow/.local/lib/python3.12/site-packages/airflow/example_dags/example_setup_teardown.py took 0.091 seconds
[2025-02-06T17:41:38.906+0000] {processor.py:186} INFO - Started process (PID=46) to work on /home/airflow/.local/lib/python3.12/site-packages/airflow/example_dags/example_setup_teardown.py
[2025-02-06T17:41:38.913+0000] {processor.py:914} INFO - Processing file /home/airflow/.local/lib/python3.12/site-packages/airflow/example_dags/example_setup_teardown.py for tasks to queue
[2025-02-06T17:41:38.917+0000] {logging_mixin.py:190} INFO - [2025-02-06T17:41:38.917+0000] {dagbag.py:588} INFO - Filling up the DagBag from /home/airflow/.local/lib/python3.12/site-packages/airflow/example_dags/example_setup_teardown.py
[2025-02-06T17:41:38.938+0000] {processor.py:925} INFO - DAG(s) 'example_setup_teardown' retrieved from /home/airflow/.local/lib/python3.12/site-packages/airflow/example_dags/example_setup_teardown.py
[2025-02-06T17:41:39.251+0000] {logging_mixin.py:190} INFO - [2025-02-06T17:41:39.247+0000] {override.py:1911} INFO - Created Permission View: can delete on DAG:example_setup_teardown
[2025-02-06T17:41:39.279+0000] {logging_mixin.py:190} INFO - [2025-02-06T17:41:39.278+0000] {override.py:1911} INFO - Created Permission View: can read on DAG:example_setup_teardown
[2025-02-06T17:41:39.290+0000] {logging_mixin.py:190} INFO - [2025-02-06T17:41:39.290+0000] {override.py:1911} INFO - Created Permission View: can edit on DAG:example_setup_teardown
[2025-02-06T17:41:39.308+0000] {logging_mixin.py:190} INFO - [2025-02-06T17:41:39.308+0000] {override.py:1911} INFO - Created Permission View: can delete on DAG Run:example_setup_teardown
[2025-02-06T17:41:39.326+0000] {logging_mixin.py:190} INFO - [2025-02-06T17:41:39.325+0000] {override.py:1911} INFO - Created Permission View: can create on DAG Run:example_setup_teardown
[2025-02-06T17:41:39.334+0000] {logging_mixin.py:190} INFO - [2025-02-06T17:41:39.334+0000] {override.py:1911} INFO - Created Permission View: can read on DAG Run:example_setup_teardown
[2025-02-06T17:41:39.350+0000] {logging_mixin.py:190} INFO - [2025-02-06T17:41:39.349+0000] {override.py:1911} INFO - Created Permission View: menu access on DAG Run:example_setup_teardown
[2025-02-06T17:41:39.351+0000] {logging_mixin.py:190} INFO - [2025-02-06T17:41:39.350+0000] {dag.py:3239} INFO - Sync 1 DAGs
[2025-02-06T17:41:39.377+0000] {logging_mixin.py:190} INFO - [2025-02-06T17:41:39.377+0000] {dag.py:3262} INFO - Creating ORM DAG for example_setup_teardown
[2025-02-06T17:41:39.385+0000] {logging_mixin.py:190} INFO - [2025-02-06T17:41:39.385+0000] {dag.py:4180} INFO - Setting next_dagrun for example_setup_teardown to None, run_after=None
[2025-02-06T17:41:39.432+0000] {processor.py:208} INFO - Processing /home/airflow/.local/lib/python3.12/site-packages/airflow/example_dags/example_setup_teardown.py took 0.534 seconds
[2025-02-06T17:42:09.672+0000] {processor.py:186} INFO - Started process (PID=103) to work on /home/airflow/.local/lib/python3.12/site-packages/airflow/example_dags/example_setup_teardown.py
[2025-02-06T17:42:09.674+0000] {processor.py:914} INFO - Processing file /home/airflow/.local/lib/python3.12/site-packages/airflow/example_dags/example_setup_teardown.py for tasks to queue
[2025-02-06T17:42:09.679+0000] {logging_mixin.py:190} INFO - [2025-02-06T17:42:09.678+0000] {dagbag.py:588} INFO - Filling up the DagBag from /home/airflow/.local/lib/python3.12/site-packages/airflow/example_dags/example_setup_teardown.py
[2025-02-06T17:42:09.698+0000] {processor.py:925} INFO - DAG(s) 'example_setup_teardown' retrieved from /home/airflow/.local/lib/python3.12/site-packages/airflow/example_dags/example_setup_teardown.py
[2025-02-06T17:42:09.750+0000] {logging_mixin.py:190} INFO - [2025-02-06T17:42:09.750+0000] {dag.py:3239} INFO - Sync 1 DAGs
[2025-02-06T17:42:09.785+0000] {logging_mixin.py:190} INFO - [2025-02-06T17:42:09.784+0000] {dag.py:4180} INFO - Setting next_dagrun for example_setup_teardown to None, run_after=None
[2025-02-06T17:42:09.843+0000] {processor.py:208} INFO - Processing /home/airflow/.local/lib/python3.12/site-packages/airflow/example_dags/example_setup_teardown.py took 0.191 seconds
[2025-02-06T17:42:40.298+0000] {processor.py:186} INFO - Started process (PID=159) to work on /home/airflow/.local/lib/python3.12/site-packages/airflow/example_dags/example_setup_teardown.py
[2025-02-06T17:42:40.299+0000] {processor.py:914} INFO - Processing file /home/airflow/.local/lib/python3.12/site-packages/airflow/example_dags/example_setup_teardown.py for tasks to queue
[2025-02-06T17:42:40.311+0000] {logging_mixin.py:190} INFO - [2025-02-06T17:42:40.310+0000] {dagbag.py:588} INFO - Filling up the DagBag from /home/airflow/.local/lib/python3.12/site-packages/airflow/example_dags/example_setup_teardown.py
[2025-02-06T17:42:40.329+0000] {processor.py:925} INFO - DAG(s) 'example_setup_teardown' retrieved from /home/airflow/.local/lib/python3.12/site-packages/airflow/example_dags/example_setup_teardown.py
[2025-02-06T17:42:40.361+0000] {logging_mixin.py:190} INFO - [2025-02-06T17:42:40.361+0000] {dag.py:3239} INFO - Sync 1 DAGs
[2025-02-06T17:42:40.386+0000] {logging_mixin.py:190} INFO - [2025-02-06T17:42:40.386+0000] {dag.py:4180} INFO - Setting next_dagrun for example_setup_teardown to None, run_after=None
[2025-02-06T17:42:40.423+0000] {processor.py:208} INFO - Processing /home/airflow/.local/lib/python3.12/site-packages/airflow/example_dags/example_setup_teardown.py took 0.145 seconds
[2025-02-06T17:43:11.063+0000] {processor.py:186} INFO - Started process (PID=216) to work on /home/airflow/.local/lib/python3.12/site-packages/airflow/example_dags/example_setup_teardown.py
[2025-02-06T17:43:11.069+0000] {processor.py:914} INFO - Processing file /home/airflow/.local/lib/python3.12/site-packages/airflow/example_dags/example_setup_teardown.py for tasks to queue
[2025-02-06T17:43:11.074+0000] {logging_mixin.py:190} INFO - [2025-02-06T17:43:11.074+0000] {dagbag.py:588} INFO - Filling up the DagBag from /home/airflow/.local/lib/python3.12/site-packages/airflow/example_dags/example_setup_teardown.py
[2025-02-06T17:43:11.092+0000] {processor.py:925} INFO - DAG(s) 'example_setup_teardown' retrieved from /home/airflow/.local/lib/python3.12/site-packages/airflow/example_dags/example_setup_teardown.py
[2025-02-06T17:43:11.124+0000] {logging_mixin.py:190} INFO - [2025-02-06T17:43:11.124+0000] {dag.py:3239} INFO - Sync 1 DAGs
[2025-02-06T17:43:11.157+0000] {logging_mixin.py:190} INFO - [2025-02-06T17:43:11.156+0000] {dag.py:4180} INFO - Setting next_dagrun for example_setup_teardown to None, run_after=None
[2025-02-06T17:43:11.188+0000] {processor.py:208} INFO - Processing /home/airflow/.local/lib/python3.12/site-packages/airflow/example_dags/example_setup_teardown.py took 0.133 seconds
[2025-02-06T17:43:42.146+0000] {processor.py:186} INFO - Started process (PID=273) to work on /home/airflow/.local/lib/python3.12/site-packages/airflow/example_dags/example_setup_teardown.py
[2025-02-06T17:43:42.147+0000] {processor.py:914} INFO - Processing file /home/airflow/.local/lib/python3.12/site-packages/airflow/example_dags/example_setup_teardown.py for tasks to queue
[2025-02-06T17:43:42.151+0000] {logging_mixin.py:190} INFO - [2025-02-06T17:43:42.150+0000] {dagbag.py:588} INFO - Filling up the DagBag from /home/airflow/.local/lib/python3.12/site-packages/airflow/example_dags/example_setup_teardown.py
[2025-02-06T17:43:42.163+0000] {processor.py:925} INFO - DAG(s) 'example_setup_teardown' retrieved from /home/airflow/.local/lib/python3.12/site-packages/airflow/example_dags/example_setup_teardown.py
[2025-02-06T17:43:42.193+0000] {logging_mixin.py:190} INFO - [2025-02-06T17:43:42.192+0000] {dag.py:3239} INFO - Sync 1 DAGs
[2025-02-06T17:43:42.217+0000] {logging_mixin.py:190} INFO - [2025-02-06T17:43:42.216+0000] {dag.py:4180} INFO - Setting next_dagrun for example_setup_teardown to None, run_after=None
[2025-02-06T17:43:42.244+0000] {processor.py:208} INFO - Processing /home/airflow/.local/lib/python3.12/site-packages/airflow/example_dags/example_setup_teardown.py took 0.106 seconds
[2025-02-06T17:44:12.583+0000] {processor.py:186} INFO - Started process (PID=330) to work on /home/airflow/.local/lib/python3.12/site-packages/airflow/example_dags/example_setup_teardown.py
[2025-02-06T17:44:12.585+0000] {processor.py:914} INFO - Processing file /home/airflow/.local/lib/python3.12/site-packages/airflow/example_dags/example_setup_teardown.py for tasks to queue
[2025-02-06T17:44:12.589+0000] {logging_mixin.py:190} INFO - [2025-02-06T17:44:12.589+0000] {dagbag.py:588} INFO - Filling up the DagBag from /home/airflow/.local/lib/python3.12/site-packages/airflow/example_dags/example_setup_teardown.py
[2025-02-06T17:44:12.608+0000] {processor.py:925} INFO - DAG(s) 'example_setup_teardown' retrieved from /home/airflow/.local/lib/python3.12/site-packages/airflow/example_dags/example_setup_teardown.py
[2025-02-06T17:44:12.679+0000] {logging_mixin.py:190} INFO - [2025-02-06T17:44:12.679+0000] {dag.py:3239} INFO - Sync 1 DAGs
[2025-02-06T17:44:12.716+0000] {logging_mixin.py:190} INFO - [2025-02-06T17:44:12.715+0000] {dag.py:4180} INFO - Setting next_dagrun for example_setup_teardown to None, run_after=None
[2025-02-06T17:44:12.747+0000] {processor.py:208} INFO - Processing /home/airflow/.local/lib/python3.12/site-packages/airflow/example_dags/example_setup_teardown.py took 0.174 seconds
[2025-02-06T17:44:43.041+0000] {processor.py:186} INFO - Started process (PID=387) to work on /home/airflow/.local/lib/python3.12/site-packages/airflow/example_dags/example_setup_teardown.py
[2025-02-06T17:44:43.043+0000] {processor.py:914} INFO - Processing file /home/airflow/.local/lib/python3.12/site-packages/airflow/example_dags/example_setup_teardown.py for tasks to queue
[2025-02-06T17:44:43.046+0000] {logging_mixin.py:190} INFO - [2025-02-06T17:44:43.046+0000] {dagbag.py:588} INFO - Filling up the DagBag from /home/airflow/.local/lib/python3.12/site-packages/airflow/example_dags/example_setup_teardown.py
[2025-02-06T17:44:43.057+0000] {processor.py:925} INFO - DAG(s) 'example_setup_teardown' retrieved from /home/airflow/.local/lib/python3.12/site-packages/airflow/example_dags/example_setup_teardown.py
[2025-02-06T17:44:43.082+0000] {logging_mixin.py:190} INFO - [2025-02-06T17:44:43.081+0000] {dag.py:3239} INFO - Sync 1 DAGs
[2025-02-06T17:44:43.115+0000] {logging_mixin.py:190} INFO - [2025-02-06T17:44:43.115+0000] {dag.py:4180} INFO - Setting next_dagrun for example_setup_teardown to None, run_after=None
[2025-02-06T17:44:43.140+0000] {processor.py:208} INFO - Processing /home/airflow/.local/lib/python3.12/site-packages/airflow/example_dags/example_setup_teardown.py took 0.106 seconds
[2025-02-06T17:53:26.133+0000] {processor.py:186} INFO - Started process (PID=47) to work on /home/airflow/.local/lib/python3.12/site-packages/airflow/example_dags/example_setup_teardown.py
[2025-02-06T17:53:26.134+0000] {processor.py:914} INFO - Processing file /home/airflow/.local/lib/python3.12/site-packages/airflow/example_dags/example_setup_teardown.py for tasks to queue
[2025-02-06T17:53:26.138+0000] {logging_mixin.py:190} INFO - [2025-02-06T17:53:26.138+0000] {dagbag.py:588} INFO - Filling up the DagBag from /home/airflow/.local/lib/python3.12/site-packages/airflow/example_dags/example_setup_teardown.py
[2025-02-06T17:53:26.156+0000] {processor.py:925} INFO - DAG(s) 'example_setup_teardown' retrieved from /home/airflow/.local/lib/python3.12/site-packages/airflow/example_dags/example_setup_teardown.py
[2025-02-06T17:53:26.209+0000] {logging_mixin.py:190} INFO - [2025-02-06T17:53:26.208+0000] {dag.py:3239} INFO - Sync 1 DAGs
[2025-02-06T17:53:26.259+0000] {logging_mixin.py:190} INFO - [2025-02-06T17:53:26.259+0000] {dag.py:4180} INFO - Setting next_dagrun for example_setup_teardown to None, run_after=None
[2025-02-06T17:53:26.301+0000] {processor.py:208} INFO - Processing /home/airflow/.local/lib/python3.12/site-packages/airflow/example_dags/example_setup_teardown.py took 0.182 seconds
[2025-02-06T17:53:56.591+0000] {processor.py:186} INFO - Started process (PID=104) to work on /home/airflow/.local/lib/python3.12/site-packages/airflow/example_dags/example_setup_teardown.py
[2025-02-06T17:53:56.593+0000] {processor.py:914} INFO - Processing file /home/airflow/.local/lib/python3.12/site-packages/airflow/example_dags/example_setup_teardown.py for tasks to queue
[2025-02-06T17:53:56.596+0000] {logging_mixin.py:190} INFO - [2025-02-06T17:53:56.595+0000] {dagbag.py:588} INFO - Filling up the DagBag from /home/airflow/.local/lib/python3.12/site-packages/airflow/example_dags/example_setup_teardown.py
[2025-02-06T17:53:56.614+0000] {processor.py:925} INFO - DAG(s) 'example_setup_teardown' retrieved from /home/airflow/.local/lib/python3.12/site-packages/airflow/example_dags/example_setup_teardown.py
[2025-02-06T17:53:56.646+0000] {logging_mixin.py:190} INFO - [2025-02-06T17:53:56.646+0000] {dag.py:3239} INFO - Sync 1 DAGs
[2025-02-06T17:53:56.681+0000] {logging_mixin.py:190} INFO - [2025-02-06T17:53:56.681+0000] {dag.py:4180} INFO - Setting next_dagrun for example_setup_teardown to None, run_after=None
[2025-02-06T17:53:56.722+0000] {processor.py:208} INFO - Processing /home/airflow/.local/lib/python3.12/site-packages/airflow/example_dags/example_setup_teardown.py took 0.146 seconds
[2025-02-06T17:56:00.786+0000] {processor.py:186} INFO - Started process (PID=47) to work on /home/airflow/.local/lib/python3.12/site-packages/airflow/example_dags/example_setup_teardown.py
[2025-02-06T17:56:00.787+0000] {processor.py:914} INFO - Processing file /home/airflow/.local/lib/python3.12/site-packages/airflow/example_dags/example_setup_teardown.py for tasks to queue
[2025-02-06T17:56:00.797+0000] {logging_mixin.py:190} INFO - [2025-02-06T17:56:00.796+0000] {dagbag.py:588} INFO - Filling up the DagBag from /home/airflow/.local/lib/python3.12/site-packages/airflow/example_dags/example_setup_teardown.py
[2025-02-06T17:56:00.821+0000] {processor.py:925} INFO - DAG(s) 'example_setup_teardown' retrieved from /home/airflow/.local/lib/python3.12/site-packages/airflow/example_dags/example_setup_teardown.py
[2025-02-06T17:56:00.883+0000] {logging_mixin.py:190} INFO - [2025-02-06T17:56:00.883+0000] {dag.py:3239} INFO - Sync 1 DAGs
[2025-02-06T17:56:00.912+0000] {logging_mixin.py:190} INFO - [2025-02-06T17:56:00.911+0000] {dag.py:4180} INFO - Setting next_dagrun for example_setup_teardown to None, run_after=None
[2025-02-06T17:56:00.966+0000] {processor.py:208} INFO - Processing /home/airflow/.local/lib/python3.12/site-packages/airflow/example_dags/example_setup_teardown.py took 0.190 seconds
[2025-02-06T17:56:31.034+0000] {processor.py:186} INFO - Started process (PID=104) to work on /home/airflow/.local/lib/python3.12/site-packages/airflow/example_dags/example_setup_teardown.py
[2025-02-06T17:56:31.036+0000] {processor.py:914} INFO - Processing file /home/airflow/.local/lib/python3.12/site-packages/airflow/example_dags/example_setup_teardown.py for tasks to queue
[2025-02-06T17:56:31.040+0000] {logging_mixin.py:190} INFO - [2025-02-06T17:56:31.039+0000] {dagbag.py:588} INFO - Filling up the DagBag from /home/airflow/.local/lib/python3.12/site-packages/airflow/example_dags/example_setup_teardown.py
[2025-02-06T17:56:31.056+0000] {processor.py:925} INFO - DAG(s) 'example_setup_teardown' retrieved from /home/airflow/.local/lib/python3.12/site-packages/airflow/example_dags/example_setup_teardown.py
[2025-02-06T17:56:31.084+0000] {logging_mixin.py:190} INFO - [2025-02-06T17:56:31.083+0000] {dag.py:3239} INFO - Sync 1 DAGs
[2025-02-06T17:56:31.107+0000] {logging_mixin.py:190} INFO - [2025-02-06T17:56:31.106+0000] {dag.py:4180} INFO - Setting next_dagrun for example_setup_teardown to None, run_after=None
[2025-02-06T17:56:31.261+0000] {processor.py:208} INFO - Processing /home/airflow/.local/lib/python3.12/site-packages/airflow/example_dags/example_setup_teardown.py took 0.236 seconds
[2025-02-06T17:57:02.161+0000] {processor.py:186} INFO - Started process (PID=162) to work on /home/airflow/.local/lib/python3.12/site-packages/airflow/example_dags/example_setup_teardown.py
[2025-02-06T17:57:02.167+0000] {processor.py:914} INFO - Processing file /home/airflow/.local/lib/python3.12/site-packages/airflow/example_dags/example_setup_teardown.py for tasks to queue
[2025-02-06T17:57:02.175+0000] {logging_mixin.py:190} INFO - [2025-02-06T17:57:02.174+0000] {dagbag.py:588} INFO - Filling up the DagBag from /home/airflow/.local/lib/python3.12/site-packages/airflow/example_dags/example_setup_teardown.py
[2025-02-06T17:57:02.189+0000] {processor.py:925} INFO - DAG(s) 'example_setup_teardown' retrieved from /home/airflow/.local/lib/python3.12/site-packages/airflow/example_dags/example_setup_teardown.py
[2025-02-06T17:57:02.239+0000] {logging_mixin.py:190} INFO - [2025-02-06T17:57:02.238+0000] {dag.py:3239} INFO - Sync 1 DAGs
[2025-02-06T17:57:02.267+0000] {logging_mixin.py:190} INFO - [2025-02-06T17:57:02.266+0000] {dag.py:4180} INFO - Setting next_dagrun for example_setup_teardown to None, run_after=None
[2025-02-06T17:57:02.309+0000] {processor.py:208} INFO - Processing /home/airflow/.local/lib/python3.12/site-packages/airflow/example_dags/example_setup_teardown.py took 0.172 seconds
[2025-02-06T17:57:33.058+0000] {processor.py:186} INFO - Started process (PID=220) to work on /home/airflow/.local/lib/python3.12/site-packages/airflow/example_dags/example_setup_teardown.py
[2025-02-06T17:57:33.060+0000] {processor.py:914} INFO - Processing file /home/airflow/.local/lib/python3.12/site-packages/airflow/example_dags/example_setup_teardown.py for tasks to queue
[2025-02-06T17:57:33.063+0000] {logging_mixin.py:190} INFO - [2025-02-06T17:57:33.062+0000] {dagbag.py:588} INFO - Filling up the DagBag from /home/airflow/.local/lib/python3.12/site-packages/airflow/example_dags/example_setup_teardown.py
[2025-02-06T17:57:33.076+0000] {processor.py:925} INFO - DAG(s) 'example_setup_teardown' retrieved from /home/airflow/.local/lib/python3.12/site-packages/airflow/example_dags/example_setup_teardown.py
[2025-02-06T17:57:33.104+0000] {logging_mixin.py:190} INFO - [2025-02-06T17:57:33.103+0000] {dag.py:3239} INFO - Sync 1 DAGs
[2025-02-06T17:57:33.127+0000] {logging_mixin.py:190} INFO - [2025-02-06T17:57:33.126+0000] {dag.py:4180} INFO - Setting next_dagrun for example_setup_teardown to None, run_after=None
[2025-02-06T17:57:33.156+0000] {processor.py:208} INFO - Processing /home/airflow/.local/lib/python3.12/site-packages/airflow/example_dags/example_setup_teardown.py took 0.107 seconds
[2025-02-06T17:58:03.806+0000] {processor.py:186} INFO - Started process (PID=278) to work on /home/airflow/.local/lib/python3.12/site-packages/airflow/example_dags/example_setup_teardown.py
[2025-02-06T17:58:03.807+0000] {processor.py:914} INFO - Processing file /home/airflow/.local/lib/python3.12/site-packages/airflow/example_dags/example_setup_teardown.py for tasks to queue
[2025-02-06T17:58:03.810+0000] {logging_mixin.py:190} INFO - [2025-02-06T17:58:03.810+0000] {dagbag.py:588} INFO - Filling up the DagBag from /home/airflow/.local/lib/python3.12/site-packages/airflow/example_dags/example_setup_teardown.py
[2025-02-06T17:58:03.820+0000] {processor.py:925} INFO - DAG(s) 'example_setup_teardown' retrieved from /home/airflow/.local/lib/python3.12/site-packages/airflow/example_dags/example_setup_teardown.py
[2025-02-06T17:58:03.849+0000] {logging_mixin.py:190} INFO - [2025-02-06T17:58:03.849+0000] {dag.py:3239} INFO - Sync 1 DAGs
[2025-02-06T17:58:03.868+0000] {logging_mixin.py:190} INFO - [2025-02-06T17:58:03.868+0000] {dag.py:4180} INFO - Setting next_dagrun for example_setup_teardown to None, run_after=None
[2025-02-06T17:58:03.894+0000] {processor.py:208} INFO - Processing /home/airflow/.local/lib/python3.12/site-packages/airflow/example_dags/example_setup_teardown.py took 0.096 seconds
[2025-02-06T17:58:34.493+0000] {processor.py:186} INFO - Started process (PID=336) to work on /home/airflow/.local/lib/python3.12/site-packages/airflow/example_dags/example_setup_teardown.py
[2025-02-06T17:58:34.494+0000] {processor.py:914} INFO - Processing file /home/airflow/.local/lib/python3.12/site-packages/airflow/example_dags/example_setup_teardown.py for tasks to queue
[2025-02-06T17:58:34.497+0000] {logging_mixin.py:190} INFO - [2025-02-06T17:58:34.497+0000] {dagbag.py:588} INFO - Filling up the DagBag from /home/airflow/.local/lib/python3.12/site-packages/airflow/example_dags/example_setup_teardown.py
[2025-02-06T17:58:34.509+0000] {processor.py:925} INFO - DAG(s) 'example_setup_teardown' retrieved from /home/airflow/.local/lib/python3.12/site-packages/airflow/example_dags/example_setup_teardown.py
[2025-02-06T17:58:34.534+0000] {logging_mixin.py:190} INFO - [2025-02-06T17:58:34.534+0000] {dag.py:3239} INFO - Sync 1 DAGs
[2025-02-06T17:58:34.555+0000] {logging_mixin.py:190} INFO - [2025-02-06T17:58:34.555+0000] {dag.py:4180} INFO - Setting next_dagrun for example_setup_teardown to None, run_after=None
[2025-02-06T17:58:34.582+0000] {processor.py:208} INFO - Processing /home/airflow/.local/lib/python3.12/site-packages/airflow/example_dags/example_setup_teardown.py took 0.098 seconds
[2025-02-06T17:59:05.189+0000] {processor.py:186} INFO - Started process (PID=394) to work on /home/airflow/.local/lib/python3.12/site-packages/airflow/example_dags/example_setup_teardown.py
[2025-02-06T17:59:05.190+0000] {processor.py:914} INFO - Processing file /home/airflow/.local/lib/python3.12/site-packages/airflow/example_dags/example_setup_teardown.py for tasks to queue
[2025-02-06T17:59:05.193+0000] {logging_mixin.py:190} INFO - [2025-02-06T17:59:05.193+0000] {dagbag.py:588} INFO - Filling up the DagBag from /home/airflow/.local/lib/python3.12/site-packages/airflow/example_dags/example_setup_teardown.py
[2025-02-06T17:59:05.203+0000] {processor.py:925} INFO - DAG(s) 'example_setup_teardown' retrieved from /home/airflow/.local/lib/python3.12/site-packages/airflow/example_dags/example_setup_teardown.py
[2025-02-06T17:59:05.247+0000] {logging_mixin.py:190} INFO - [2025-02-06T17:59:05.246+0000] {dag.py:3239} INFO - Sync 1 DAGs
[2025-02-06T17:59:05.275+0000] {logging_mixin.py:190} INFO - [2025-02-06T17:59:05.275+0000] {dag.py:4180} INFO - Setting next_dagrun for example_setup_teardown to None, run_after=None
[2025-02-06T17:59:05.302+0000] {processor.py:208} INFO - Processing /home/airflow/.local/lib/python3.12/site-packages/airflow/example_dags/example_setup_teardown.py took 0.120 seconds
[2025-02-06T17:59:36.134+0000] {processor.py:186} INFO - Started process (PID=452) to work on /home/airflow/.local/lib/python3.12/site-packages/airflow/example_dags/example_setup_teardown.py
[2025-02-06T17:59:36.135+0000] {processor.py:914} INFO - Processing file /home/airflow/.local/lib/python3.12/site-packages/airflow/example_dags/example_setup_teardown.py for tasks to queue
[2025-02-06T17:59:36.138+0000] {logging_mixin.py:190} INFO - [2025-02-06T17:59:36.138+0000] {dagbag.py:588} INFO - Filling up the DagBag from /home/airflow/.local/lib/python3.12/site-packages/airflow/example_dags/example_setup_teardown.py
[2025-02-06T17:59:36.151+0000] {processor.py:925} INFO - DAG(s) 'example_setup_teardown' retrieved from /home/airflow/.local/lib/python3.12/site-packages/airflow/example_dags/example_setup_teardown.py
[2025-02-06T17:59:36.177+0000] {logging_mixin.py:190} INFO - [2025-02-06T17:59:36.177+0000] {dag.py:3239} INFO - Sync 1 DAGs
[2025-02-06T17:59:36.198+0000] {logging_mixin.py:190} INFO - [2025-02-06T17:59:36.198+0000] {dag.py:4180} INFO - Setting next_dagrun for example_setup_teardown to None, run_after=None
[2025-02-06T17:59:36.227+0000] {processor.py:208} INFO - Processing /home/airflow/.local/lib/python3.12/site-packages/airflow/example_dags/example_setup_teardown.py took 0.101 seconds
[2025-02-06T18:00:06.470+0000] {processor.py:186} INFO - Started process (PID=510) to work on /home/airflow/.local/lib/python3.12/site-packages/airflow/example_dags/example_setup_teardown.py
[2025-02-06T18:00:06.472+0000] {processor.py:914} INFO - Processing file /home/airflow/.local/lib/python3.12/site-packages/airflow/example_dags/example_setup_teardown.py for tasks to queue
[2025-02-06T18:00:06.474+0000] {logging_mixin.py:190} INFO - [2025-02-06T18:00:06.474+0000] {dagbag.py:588} INFO - Filling up the DagBag from /home/airflow/.local/lib/python3.12/site-packages/airflow/example_dags/example_setup_teardown.py
[2025-02-06T18:00:06.486+0000] {processor.py:925} INFO - DAG(s) 'example_setup_teardown' retrieved from /home/airflow/.local/lib/python3.12/site-packages/airflow/example_dags/example_setup_teardown.py
[2025-02-06T18:00:06.513+0000] {logging_mixin.py:190} INFO - [2025-02-06T18:00:06.513+0000] {dag.py:3239} INFO - Sync 1 DAGs
[2025-02-06T18:00:06.531+0000] {logging_mixin.py:190} INFO - [2025-02-06T18:00:06.531+0000] {dag.py:4180} INFO - Setting next_dagrun for example_setup_teardown to None, run_after=None
[2025-02-06T18:00:06.561+0000] {processor.py:208} INFO - Processing /home/airflow/.local/lib/python3.12/site-packages/airflow/example_dags/example_setup_teardown.py took 0.098 seconds
[2025-02-06T18:00:36.842+0000] {processor.py:186} INFO - Started process (PID=568) to work on /home/airflow/.local/lib/python3.12/site-packages/airflow/example_dags/example_setup_teardown.py
[2025-02-06T18:00:36.843+0000] {processor.py:914} INFO - Processing file /home/airflow/.local/lib/python3.12/site-packages/airflow/example_dags/example_setup_teardown.py for tasks to queue
[2025-02-06T18:00:36.846+0000] {logging_mixin.py:190} INFO - [2025-02-06T18:00:36.846+0000] {dagbag.py:588} INFO - Filling up the DagBag from /home/airflow/.local/lib/python3.12/site-packages/airflow/example_dags/example_setup_teardown.py
[2025-02-06T18:00:36.856+0000] {processor.py:925} INFO - DAG(s) 'example_setup_teardown' retrieved from /home/airflow/.local/lib/python3.12/site-packages/airflow/example_dags/example_setup_teardown.py
[2025-02-06T18:00:36.881+0000] {logging_mixin.py:190} INFO - [2025-02-06T18:00:36.881+0000] {dag.py:3239} INFO - Sync 1 DAGs
[2025-02-06T18:00:36.899+0000] {logging_mixin.py:190} INFO - [2025-02-06T18:00:36.898+0000] {dag.py:4180} INFO - Setting next_dagrun for example_setup_teardown to None, run_after=None
[2025-02-06T18:00:36.924+0000] {processor.py:208} INFO - Processing /home/airflow/.local/lib/python3.12/site-packages/airflow/example_dags/example_setup_teardown.py took 0.091 seconds
[2025-02-06T18:01:07.202+0000] {processor.py:186} INFO - Started process (PID=626) to work on /home/airflow/.local/lib/python3.12/site-packages/airflow/example_dags/example_setup_teardown.py
[2025-02-06T18:01:07.204+0000] {processor.py:914} INFO - Processing file /home/airflow/.local/lib/python3.12/site-packages/airflow/example_dags/example_setup_teardown.py for tasks to queue
[2025-02-06T18:01:07.207+0000] {logging_mixin.py:190} INFO - [2025-02-06T18:01:07.206+0000] {dagbag.py:588} INFO - Filling up the DagBag from /home/airflow/.local/lib/python3.12/site-packages/airflow/example_dags/example_setup_teardown.py
[2025-02-06T18:01:07.218+0000] {processor.py:925} INFO - DAG(s) 'example_setup_teardown' retrieved from /home/airflow/.local/lib/python3.12/site-packages/airflow/example_dags/example_setup_teardown.py
[2025-02-06T18:01:07.246+0000] {logging_mixin.py:190} INFO - [2025-02-06T18:01:07.245+0000] {dag.py:3239} INFO - Sync 1 DAGs
[2025-02-06T18:01:07.267+0000] {logging_mixin.py:190} INFO - [2025-02-06T18:01:07.266+0000] {dag.py:4180} INFO - Setting next_dagrun for example_setup_teardown to None, run_after=None
[2025-02-06T18:01:07.302+0000] {processor.py:208} INFO - Processing /home/airflow/.local/lib/python3.12/site-packages/airflow/example_dags/example_setup_teardown.py took 0.108 seconds
[2025-02-06T18:01:37.541+0000] {processor.py:186} INFO - Started process (PID=684) to work on /home/airflow/.local/lib/python3.12/site-packages/airflow/example_dags/example_setup_teardown.py
[2025-02-06T18:01:37.542+0000] {processor.py:914} INFO - Processing file /home/airflow/.local/lib/python3.12/site-packages/airflow/example_dags/example_setup_teardown.py for tasks to queue
[2025-02-06T18:01:37.545+0000] {logging_mixin.py:190} INFO - [2025-02-06T18:01:37.545+0000] {dagbag.py:588} INFO - Filling up the DagBag from /home/airflow/.local/lib/python3.12/site-packages/airflow/example_dags/example_setup_teardown.py
[2025-02-06T18:01:37.558+0000] {processor.py:925} INFO - DAG(s) 'example_setup_teardown' retrieved from /home/airflow/.local/lib/python3.12/site-packages/airflow/example_dags/example_setup_teardown.py
[2025-02-06T18:01:37.591+0000] {logging_mixin.py:190} INFO - [2025-02-06T18:01:37.590+0000] {dag.py:3239} INFO - Sync 1 DAGs
[2025-02-06T18:01:37.635+0000] {logging_mixin.py:190} INFO - [2025-02-06T18:01:37.635+0000] {dag.py:4180} INFO - Setting next_dagrun for example_setup_teardown to None, run_after=None
[2025-02-06T18:01:37.676+0000] {processor.py:208} INFO - Processing /home/airflow/.local/lib/python3.12/site-packages/airflow/example_dags/example_setup_teardown.py took 0.143 seconds
[2025-02-06T18:15:33.823+0000] {processor.py:186} INFO - Started process (PID=46) to work on /home/airflow/.local/lib/python3.12/site-packages/airflow/example_dags/example_setup_teardown.py
[2025-02-06T18:15:33.825+0000] {processor.py:914} INFO - Processing file /home/airflow/.local/lib/python3.12/site-packages/airflow/example_dags/example_setup_teardown.py for tasks to queue
[2025-02-06T18:15:33.842+0000] {logging_mixin.py:190} INFO - [2025-02-06T18:15:33.841+0000] {dagbag.py:588} INFO - Filling up the DagBag from /home/airflow/.local/lib/python3.12/site-packages/airflow/example_dags/example_setup_teardown.py
[2025-02-06T18:15:33.886+0000] {processor.py:925} INFO - DAG(s) 'example_setup_teardown' retrieved from /home/airflow/.local/lib/python3.12/site-packages/airflow/example_dags/example_setup_teardown.py
[2025-02-06T18:15:34.006+0000] {logging_mixin.py:190} INFO - [2025-02-06T18:15:34.005+0000] {dag.py:3239} INFO - Sync 1 DAGs
[2025-02-06T18:15:34.056+0000] {logging_mixin.py:190} INFO - [2025-02-06T18:15:34.055+0000] {dag.py:4180} INFO - Setting next_dagrun for example_setup_teardown to None, run_after=None
[2025-02-06T18:15:34.095+0000] {processor.py:208} INFO - Processing /home/airflow/.local/lib/python3.12/site-packages/airflow/example_dags/example_setup_teardown.py took 0.283 seconds
[2025-02-06T18:16:04.187+0000] {processor.py:186} INFO - Started process (PID=102) to work on /home/airflow/.local/lib/python3.12/site-packages/airflow/example_dags/example_setup_teardown.py
[2025-02-06T18:16:04.188+0000] {processor.py:914} INFO - Processing file /home/airflow/.local/lib/python3.12/site-packages/airflow/example_dags/example_setup_teardown.py for tasks to queue
[2025-02-06T18:16:04.192+0000] {logging_mixin.py:190} INFO - [2025-02-06T18:16:04.192+0000] {dagbag.py:588} INFO - Filling up the DagBag from /home/airflow/.local/lib/python3.12/site-packages/airflow/example_dags/example_setup_teardown.py
[2025-02-06T18:16:04.207+0000] {processor.py:925} INFO - DAG(s) 'example_setup_teardown' retrieved from /home/airflow/.local/lib/python3.12/site-packages/airflow/example_dags/example_setup_teardown.py
[2025-02-06T18:16:04.238+0000] {logging_mixin.py:190} INFO - [2025-02-06T18:16:04.237+0000] {dag.py:3239} INFO - Sync 1 DAGs
[2025-02-06T18:16:04.261+0000] {logging_mixin.py:190} INFO - [2025-02-06T18:16:04.261+0000] {dag.py:4180} INFO - Setting next_dagrun for example_setup_teardown to None, run_after=None
[2025-02-06T18:16:04.288+0000] {processor.py:208} INFO - Processing /home/airflow/.local/lib/python3.12/site-packages/airflow/example_dags/example_setup_teardown.py took 0.110 seconds
[2025-02-06T18:16:34.478+0000] {processor.py:186} INFO - Started process (PID=159) to work on /home/airflow/.local/lib/python3.12/site-packages/airflow/example_dags/example_setup_teardown.py
[2025-02-06T18:16:34.480+0000] {processor.py:914} INFO - Processing file /home/airflow/.local/lib/python3.12/site-packages/airflow/example_dags/example_setup_teardown.py for tasks to queue
[2025-02-06T18:16:34.483+0000] {logging_mixin.py:190} INFO - [2025-02-06T18:16:34.483+0000] {dagbag.py:588} INFO - Filling up the DagBag from /home/airflow/.local/lib/python3.12/site-packages/airflow/example_dags/example_setup_teardown.py
[2025-02-06T18:16:34.497+0000] {processor.py:925} INFO - DAG(s) 'example_setup_teardown' retrieved from /home/airflow/.local/lib/python3.12/site-packages/airflow/example_dags/example_setup_teardown.py
[2025-02-06T18:16:34.533+0000] {logging_mixin.py:190} INFO - [2025-02-06T18:16:34.533+0000] {dag.py:3239} INFO - Sync 1 DAGs
[2025-02-06T18:16:34.562+0000] {logging_mixin.py:190} INFO - [2025-02-06T18:16:34.561+0000] {dag.py:4180} INFO - Setting next_dagrun for example_setup_teardown to None, run_after=None
[2025-02-06T18:16:34.597+0000] {processor.py:208} INFO - Processing /home/airflow/.local/lib/python3.12/site-packages/airflow/example_dags/example_setup_teardown.py took 0.129 seconds
[2025-02-06T18:17:05.063+0000] {processor.py:186} INFO - Started process (PID=216) to work on /home/airflow/.local/lib/python3.12/site-packages/airflow/example_dags/example_setup_teardown.py
[2025-02-06T18:17:05.065+0000] {processor.py:914} INFO - Processing file /home/airflow/.local/lib/python3.12/site-packages/airflow/example_dags/example_setup_teardown.py for tasks to queue
[2025-02-06T18:17:05.068+0000] {logging_mixin.py:190} INFO - [2025-02-06T18:17:05.068+0000] {dagbag.py:588} INFO - Filling up the DagBag from /home/airflow/.local/lib/python3.12/site-packages/airflow/example_dags/example_setup_teardown.py
[2025-02-06T18:17:05.081+0000] {processor.py:925} INFO - DAG(s) 'example_setup_teardown' retrieved from /home/airflow/.local/lib/python3.12/site-packages/airflow/example_dags/example_setup_teardown.py
[2025-02-06T18:17:05.108+0000] {logging_mixin.py:190} INFO - [2025-02-06T18:17:05.108+0000] {dag.py:3239} INFO - Sync 1 DAGs
[2025-02-06T18:17:05.126+0000] {logging_mixin.py:190} INFO - [2025-02-06T18:17:05.126+0000] {dag.py:4180} INFO - Setting next_dagrun for example_setup_teardown to None, run_after=None
[2025-02-06T18:17:05.147+0000] {processor.py:208} INFO - Processing /home/airflow/.local/lib/python3.12/site-packages/airflow/example_dags/example_setup_teardown.py took 0.093 seconds
[2025-02-06T18:17:35.328+0000] {processor.py:186} INFO - Started process (PID=273) to work on /home/airflow/.local/lib/python3.12/site-packages/airflow/example_dags/example_setup_teardown.py
[2025-02-06T18:17:35.329+0000] {processor.py:914} INFO - Processing file /home/airflow/.local/lib/python3.12/site-packages/airflow/example_dags/example_setup_teardown.py for tasks to queue
[2025-02-06T18:17:35.334+0000] {logging_mixin.py:190} INFO - [2025-02-06T18:17:35.334+0000] {dagbag.py:588} INFO - Filling up the DagBag from /home/airflow/.local/lib/python3.12/site-packages/airflow/example_dags/example_setup_teardown.py
[2025-02-06T18:17:35.347+0000] {processor.py:925} INFO - DAG(s) 'example_setup_teardown' retrieved from /home/airflow/.local/lib/python3.12/site-packages/airflow/example_dags/example_setup_teardown.py
[2025-02-06T18:17:35.380+0000] {logging_mixin.py:190} INFO - [2025-02-06T18:17:35.379+0000] {dag.py:3239} INFO - Sync 1 DAGs
[2025-02-06T18:17:35.400+0000] {logging_mixin.py:190} INFO - [2025-02-06T18:17:35.400+0000] {dag.py:4180} INFO - Setting next_dagrun for example_setup_teardown to None, run_after=None
[2025-02-06T18:17:35.427+0000] {processor.py:208} INFO - Processing /home/airflow/.local/lib/python3.12/site-packages/airflow/example_dags/example_setup_teardown.py took 0.108 seconds
[2025-02-06T18:18:05.913+0000] {processor.py:186} INFO - Started process (PID=330) to work on /home/airflow/.local/lib/python3.12/site-packages/airflow/example_dags/example_setup_teardown.py
[2025-02-06T18:18:05.915+0000] {processor.py:914} INFO - Processing file /home/airflow/.local/lib/python3.12/site-packages/airflow/example_dags/example_setup_teardown.py for tasks to queue
[2025-02-06T18:18:05.919+0000] {logging_mixin.py:190} INFO - [2025-02-06T18:18:05.919+0000] {dagbag.py:588} INFO - Filling up the DagBag from /home/airflow/.local/lib/python3.12/site-packages/airflow/example_dags/example_setup_teardown.py
[2025-02-06T18:18:05.932+0000] {processor.py:925} INFO - DAG(s) 'example_setup_teardown' retrieved from /home/airflow/.local/lib/python3.12/site-packages/airflow/example_dags/example_setup_teardown.py
[2025-02-06T18:18:05.966+0000] {logging_mixin.py:190} INFO - [2025-02-06T18:18:05.965+0000] {dag.py:3239} INFO - Sync 1 DAGs
[2025-02-06T18:18:05.992+0000] {logging_mixin.py:190} INFO - [2025-02-06T18:18:05.992+0000] {dag.py:4180} INFO - Setting next_dagrun for example_setup_teardown to None, run_after=None
[2025-02-06T18:18:06.025+0000] {processor.py:208} INFO - Processing /home/airflow/.local/lib/python3.12/site-packages/airflow/example_dags/example_setup_teardown.py took 0.124 seconds
[2025-02-06T18:18:36.248+0000] {processor.py:186} INFO - Started process (PID=387) to work on /home/airflow/.local/lib/python3.12/site-packages/airflow/example_dags/example_setup_teardown.py
[2025-02-06T18:18:36.249+0000] {processor.py:914} INFO - Processing file /home/airflow/.local/lib/python3.12/site-packages/airflow/example_dags/example_setup_teardown.py for tasks to queue
[2025-02-06T18:18:36.252+0000] {logging_mixin.py:190} INFO - [2025-02-06T18:18:36.252+0000] {dagbag.py:588} INFO - Filling up the DagBag from /home/airflow/.local/lib/python3.12/site-packages/airflow/example_dags/example_setup_teardown.py
[2025-02-06T18:18:36.264+0000] {processor.py:925} INFO - DAG(s) 'example_setup_teardown' retrieved from /home/airflow/.local/lib/python3.12/site-packages/airflow/example_dags/example_setup_teardown.py
[2025-02-06T18:18:36.295+0000] {logging_mixin.py:190} INFO - [2025-02-06T18:18:36.295+0000] {dag.py:3239} INFO - Sync 1 DAGs
[2025-02-06T18:18:36.320+0000] {logging_mixin.py:190} INFO - [2025-02-06T18:18:36.320+0000] {dag.py:4180} INFO - Setting next_dagrun for example_setup_teardown to None, run_after=None
[2025-02-06T18:18:36.349+0000] {processor.py:208} INFO - Processing /home/airflow/.local/lib/python3.12/site-packages/airflow/example_dags/example_setup_teardown.py took 0.111 seconds
[2025-02-06T18:19:07.031+0000] {processor.py:186} INFO - Started process (PID=444) to work on /home/airflow/.local/lib/python3.12/site-packages/airflow/example_dags/example_setup_teardown.py
[2025-02-06T18:19:07.035+0000] {processor.py:914} INFO - Processing file /home/airflow/.local/lib/python3.12/site-packages/airflow/example_dags/example_setup_teardown.py for tasks to queue
[2025-02-06T18:19:07.041+0000] {logging_mixin.py:190} INFO - [2025-02-06T18:19:07.040+0000] {dagbag.py:588} INFO - Filling up the DagBag from /home/airflow/.local/lib/python3.12/site-packages/airflow/example_dags/example_setup_teardown.py
[2025-02-06T18:19:07.065+0000] {processor.py:925} INFO - DAG(s) 'example_setup_teardown' retrieved from /home/airflow/.local/lib/python3.12/site-packages/airflow/example_dags/example_setup_teardown.py
[2025-02-06T18:19:07.160+0000] {logging_mixin.py:190} INFO - [2025-02-06T18:19:07.159+0000] {dag.py:3239} INFO - Sync 1 DAGs
[2025-02-06T18:19:07.244+0000] {logging_mixin.py:190} INFO - [2025-02-06T18:19:07.243+0000] {dag.py:4180} INFO - Setting next_dagrun for example_setup_teardown to None, run_after=None
[2025-02-06T18:19:07.324+0000] {processor.py:208} INFO - Processing /home/airflow/.local/lib/python3.12/site-packages/airflow/example_dags/example_setup_teardown.py took 0.308 seconds
[2025-02-06T18:19:37.655+0000] {processor.py:186} INFO - Started process (PID=501) to work on /home/airflow/.local/lib/python3.12/site-packages/airflow/example_dags/example_setup_teardown.py
[2025-02-06T18:19:37.656+0000] {processor.py:914} INFO - Processing file /home/airflow/.local/lib/python3.12/site-packages/airflow/example_dags/example_setup_teardown.py for tasks to queue
[2025-02-06T18:19:37.659+0000] {logging_mixin.py:190} INFO - [2025-02-06T18:19:37.659+0000] {dagbag.py:588} INFO - Filling up the DagBag from /home/airflow/.local/lib/python3.12/site-packages/airflow/example_dags/example_setup_teardown.py
[2025-02-06T18:19:37.671+0000] {processor.py:925} INFO - DAG(s) 'example_setup_teardown' retrieved from /home/airflow/.local/lib/python3.12/site-packages/airflow/example_dags/example_setup_teardown.py
[2025-02-06T18:19:37.697+0000] {logging_mixin.py:190} INFO - [2025-02-06T18:19:37.697+0000] {dag.py:3239} INFO - Sync 1 DAGs
[2025-02-06T18:19:37.716+0000] {logging_mixin.py:190} INFO - [2025-02-06T18:19:37.716+0000] {dag.py:4180} INFO - Setting next_dagrun for example_setup_teardown to None, run_after=None
[2025-02-06T18:19:37.748+0000] {processor.py:208} INFO - Processing /home/airflow/.local/lib/python3.12/site-packages/airflow/example_dags/example_setup_teardown.py took 0.101 seconds
[2025-02-06T18:20:08.277+0000] {processor.py:186} INFO - Started process (PID=558) to work on /home/airflow/.local/lib/python3.12/site-packages/airflow/example_dags/example_setup_teardown.py
[2025-02-06T18:20:08.284+0000] {processor.py:914} INFO - Processing file /home/airflow/.local/lib/python3.12/site-packages/airflow/example_dags/example_setup_teardown.py for tasks to queue
[2025-02-06T18:20:08.289+0000] {logging_mixin.py:190} INFO - [2025-02-06T18:20:08.288+0000] {dagbag.py:588} INFO - Filling up the DagBag from /home/airflow/.local/lib/python3.12/site-packages/airflow/example_dags/example_setup_teardown.py
[2025-02-06T18:20:08.321+0000] {processor.py:925} INFO - DAG(s) 'example_setup_teardown' retrieved from /home/airflow/.local/lib/python3.12/site-packages/airflow/example_dags/example_setup_teardown.py
[2025-02-06T18:20:08.357+0000] {logging_mixin.py:190} INFO - [2025-02-06T18:20:08.357+0000] {dag.py:3239} INFO - Sync 1 DAGs
[2025-02-06T18:20:08.381+0000] {logging_mixin.py:190} INFO - [2025-02-06T18:20:08.381+0000] {dag.py:4180} INFO - Setting next_dagrun for example_setup_teardown to None, run_after=None
[2025-02-06T18:20:08.410+0000] {processor.py:208} INFO - Processing /home/airflow/.local/lib/python3.12/site-packages/airflow/example_dags/example_setup_teardown.py took 0.154 seconds
[2025-02-06T18:20:38.746+0000] {processor.py:186} INFO - Started process (PID=615) to work on /home/airflow/.local/lib/python3.12/site-packages/airflow/example_dags/example_setup_teardown.py
[2025-02-06T18:20:38.747+0000] {processor.py:914} INFO - Processing file /home/airflow/.local/lib/python3.12/site-packages/airflow/example_dags/example_setup_teardown.py for tasks to queue
[2025-02-06T18:20:38.751+0000] {logging_mixin.py:190} INFO - [2025-02-06T18:20:38.751+0000] {dagbag.py:588} INFO - Filling up the DagBag from /home/airflow/.local/lib/python3.12/site-packages/airflow/example_dags/example_setup_teardown.py
[2025-02-06T18:20:38.765+0000] {processor.py:925} INFO - DAG(s) 'example_setup_teardown' retrieved from /home/airflow/.local/lib/python3.12/site-packages/airflow/example_dags/example_setup_teardown.py
[2025-02-06T18:20:38.803+0000] {logging_mixin.py:190} INFO - [2025-02-06T18:20:38.802+0000] {dag.py:3239} INFO - Sync 1 DAGs
[2025-02-06T18:20:38.833+0000] {logging_mixin.py:190} INFO - [2025-02-06T18:20:38.832+0000] {dag.py:4180} INFO - Setting next_dagrun for example_setup_teardown to None, run_after=None
[2025-02-06T18:20:38.867+0000] {processor.py:208} INFO - Processing /home/airflow/.local/lib/python3.12/site-packages/airflow/example_dags/example_setup_teardown.py took 0.130 seconds
[2025-02-06T18:21:09.525+0000] {processor.py:186} INFO - Started process (PID=672) to work on /home/airflow/.local/lib/python3.12/site-packages/airflow/example_dags/example_setup_teardown.py
[2025-02-06T18:21:09.527+0000] {processor.py:914} INFO - Processing file /home/airflow/.local/lib/python3.12/site-packages/airflow/example_dags/example_setup_teardown.py for tasks to queue
[2025-02-06T18:21:09.531+0000] {logging_mixin.py:190} INFO - [2025-02-06T18:21:09.531+0000] {dagbag.py:588} INFO - Filling up the DagBag from /home/airflow/.local/lib/python3.12/site-packages/airflow/example_dags/example_setup_teardown.py
[2025-02-06T18:21:09.545+0000] {processor.py:925} INFO - DAG(s) 'example_setup_teardown' retrieved from /home/airflow/.local/lib/python3.12/site-packages/airflow/example_dags/example_setup_teardown.py
[2025-02-06T18:21:09.575+0000] {logging_mixin.py:190} INFO - [2025-02-06T18:21:09.575+0000] {dag.py:3239} INFO - Sync 1 DAGs
[2025-02-06T18:21:09.600+0000] {logging_mixin.py:190} INFO - [2025-02-06T18:21:09.599+0000] {dag.py:4180} INFO - Setting next_dagrun for example_setup_teardown to None, run_after=None
[2025-02-06T18:21:09.631+0000] {processor.py:208} INFO - Processing /home/airflow/.local/lib/python3.12/site-packages/airflow/example_dags/example_setup_teardown.py took 0.117 seconds
[2025-02-06T18:21:40.183+0000] {processor.py:186} INFO - Started process (PID=729) to work on /home/airflow/.local/lib/python3.12/site-packages/airflow/example_dags/example_setup_teardown.py
[2025-02-06T18:21:40.185+0000] {processor.py:914} INFO - Processing file /home/airflow/.local/lib/python3.12/site-packages/airflow/example_dags/example_setup_teardown.py for tasks to queue
[2025-02-06T18:21:40.189+0000] {logging_mixin.py:190} INFO - [2025-02-06T18:21:40.188+0000] {dagbag.py:588} INFO - Filling up the DagBag from /home/airflow/.local/lib/python3.12/site-packages/airflow/example_dags/example_setup_teardown.py
[2025-02-06T18:21:40.202+0000] {processor.py:925} INFO - DAG(s) 'example_setup_teardown' retrieved from /home/airflow/.local/lib/python3.12/site-packages/airflow/example_dags/example_setup_teardown.py
[2025-02-06T18:21:40.234+0000] {logging_mixin.py:190} INFO - [2025-02-06T18:21:40.233+0000] {dag.py:3239} INFO - Sync 1 DAGs
[2025-02-06T18:21:40.257+0000] {logging_mixin.py:190} INFO - [2025-02-06T18:21:40.257+0000] {dag.py:4180} INFO - Setting next_dagrun for example_setup_teardown to None, run_after=None
[2025-02-06T18:21:40.288+0000] {processor.py:208} INFO - Processing /home/airflow/.local/lib/python3.12/site-packages/airflow/example_dags/example_setup_teardown.py took 0.117 seconds
[2025-02-06T18:22:10.893+0000] {processor.py:186} INFO - Started process (PID=786) to work on /home/airflow/.local/lib/python3.12/site-packages/airflow/example_dags/example_setup_teardown.py
[2025-02-06T18:22:10.895+0000] {processor.py:914} INFO - Processing file /home/airflow/.local/lib/python3.12/site-packages/airflow/example_dags/example_setup_teardown.py for tasks to queue
[2025-02-06T18:22:10.900+0000] {logging_mixin.py:190} INFO - [2025-02-06T18:22:10.899+0000] {dagbag.py:588} INFO - Filling up the DagBag from /home/airflow/.local/lib/python3.12/site-packages/airflow/example_dags/example_setup_teardown.py
[2025-02-06T18:22:10.914+0000] {processor.py:925} INFO - DAG(s) 'example_setup_teardown' retrieved from /home/airflow/.local/lib/python3.12/site-packages/airflow/example_dags/example_setup_teardown.py
[2025-02-06T18:22:10.950+0000] {logging_mixin.py:190} INFO - [2025-02-06T18:22:10.949+0000] {dag.py:3239} INFO - Sync 1 DAGs
[2025-02-06T18:22:10.974+0000] {logging_mixin.py:190} INFO - [2025-02-06T18:22:10.974+0000] {dag.py:4180} INFO - Setting next_dagrun for example_setup_teardown to None, run_after=None
[2025-02-06T18:22:11.007+0000] {processor.py:208} INFO - Processing /home/airflow/.local/lib/python3.12/site-packages/airflow/example_dags/example_setup_teardown.py took 0.125 seconds
[2025-02-06T18:22:41.265+0000] {processor.py:186} INFO - Started process (PID=843) to work on /home/airflow/.local/lib/python3.12/site-packages/airflow/example_dags/example_setup_teardown.py
[2025-02-06T18:22:41.270+0000] {processor.py:914} INFO - Processing file /home/airflow/.local/lib/python3.12/site-packages/airflow/example_dags/example_setup_teardown.py for tasks to queue
[2025-02-06T18:22:41.276+0000] {logging_mixin.py:190} INFO - [2025-02-06T18:22:41.275+0000] {dagbag.py:588} INFO - Filling up the DagBag from /home/airflow/.local/lib/python3.12/site-packages/airflow/example_dags/example_setup_teardown.py
[2025-02-06T18:22:41.298+0000] {processor.py:925} INFO - DAG(s) 'example_setup_teardown' retrieved from /home/airflow/.local/lib/python3.12/site-packages/airflow/example_dags/example_setup_teardown.py
[2025-02-06T18:22:41.387+0000] {logging_mixin.py:190} INFO - [2025-02-06T18:22:41.386+0000] {dag.py:3239} INFO - Sync 1 DAGs
[2025-02-06T18:22:41.446+0000] {logging_mixin.py:190} INFO - [2025-02-06T18:22:41.446+0000] {dag.py:4180} INFO - Setting next_dagrun for example_setup_teardown to None, run_after=None
[2025-02-06T18:22:41.586+0000] {processor.py:208} INFO - Processing /home/airflow/.local/lib/python3.12/site-packages/airflow/example_dags/example_setup_teardown.py took 0.341 seconds
[2025-02-06T18:23:11.949+0000] {processor.py:186} INFO - Started process (PID=900) to work on /home/airflow/.local/lib/python3.12/site-packages/airflow/example_dags/example_setup_teardown.py
[2025-02-06T18:23:11.951+0000] {processor.py:914} INFO - Processing file /home/airflow/.local/lib/python3.12/site-packages/airflow/example_dags/example_setup_teardown.py for tasks to queue
[2025-02-06T18:23:11.955+0000] {logging_mixin.py:190} INFO - [2025-02-06T18:23:11.955+0000] {dagbag.py:588} INFO - Filling up the DagBag from /home/airflow/.local/lib/python3.12/site-packages/airflow/example_dags/example_setup_teardown.py
[2025-02-06T18:23:11.975+0000] {processor.py:925} INFO - DAG(s) 'example_setup_teardown' retrieved from /home/airflow/.local/lib/python3.12/site-packages/airflow/example_dags/example_setup_teardown.py
[2025-02-06T18:23:12.021+0000] {logging_mixin.py:190} INFO - [2025-02-06T18:23:12.020+0000] {dag.py:3239} INFO - Sync 1 DAGs
[2025-02-06T18:23:12.054+0000] {logging_mixin.py:190} INFO - [2025-02-06T18:23:12.053+0000] {dag.py:4180} INFO - Setting next_dagrun for example_setup_teardown to None, run_after=None
[2025-02-06T18:23:12.092+0000] {processor.py:208} INFO - Processing /home/airflow/.local/lib/python3.12/site-packages/airflow/example_dags/example_setup_teardown.py took 0.158 seconds
[2025-02-06T18:23:43.719+0000] {processor.py:186} INFO - Started process (PID=957) to work on /home/airflow/.local/lib/python3.12/site-packages/airflow/example_dags/example_setup_teardown.py
[2025-02-06T18:23:43.721+0000] {processor.py:914} INFO - Processing file /home/airflow/.local/lib/python3.12/site-packages/airflow/example_dags/example_setup_teardown.py for tasks to queue
[2025-02-06T18:23:43.725+0000] {logging_mixin.py:190} INFO - [2025-02-06T18:23:43.724+0000] {dagbag.py:588} INFO - Filling up the DagBag from /home/airflow/.local/lib/python3.12/site-packages/airflow/example_dags/example_setup_teardown.py
[2025-02-06T18:23:43.753+0000] {processor.py:925} INFO - DAG(s) 'example_setup_teardown' retrieved from /home/airflow/.local/lib/python3.12/site-packages/airflow/example_dags/example_setup_teardown.py
[2025-02-06T18:23:43.793+0000] {logging_mixin.py:190} INFO - [2025-02-06T18:23:43.792+0000] {dag.py:3239} INFO - Sync 1 DAGs
[2025-02-06T18:23:43.820+0000] {logging_mixin.py:190} INFO - [2025-02-06T18:23:43.819+0000] {dag.py:4180} INFO - Setting next_dagrun for example_setup_teardown to None, run_after=None
[2025-02-06T18:23:43.858+0000] {processor.py:208} INFO - Processing /home/airflow/.local/lib/python3.12/site-packages/airflow/example_dags/example_setup_teardown.py took 0.150 seconds
[2025-02-06T18:24:14.422+0000] {processor.py:186} INFO - Started process (PID=1014) to work on /home/airflow/.local/lib/python3.12/site-packages/airflow/example_dags/example_setup_teardown.py
[2025-02-06T18:24:14.424+0000] {processor.py:914} INFO - Processing file /home/airflow/.local/lib/python3.12/site-packages/airflow/example_dags/example_setup_teardown.py for tasks to queue
[2025-02-06T18:24:14.428+0000] {logging_mixin.py:190} INFO - [2025-02-06T18:24:14.428+0000] {dagbag.py:588} INFO - Filling up the DagBag from /home/airflow/.local/lib/python3.12/site-packages/airflow/example_dags/example_setup_teardown.py
[2025-02-06T18:24:14.444+0000] {processor.py:925} INFO - DAG(s) 'example_setup_teardown' retrieved from /home/airflow/.local/lib/python3.12/site-packages/airflow/example_dags/example_setup_teardown.py
[2025-02-06T18:24:14.480+0000] {logging_mixin.py:190} INFO - [2025-02-06T18:24:14.479+0000] {dag.py:3239} INFO - Sync 1 DAGs
[2025-02-06T18:24:14.513+0000] {logging_mixin.py:190} INFO - [2025-02-06T18:24:14.513+0000] {dag.py:4180} INFO - Setting next_dagrun for example_setup_teardown to None, run_after=None
[2025-02-06T18:24:14.546+0000] {processor.py:208} INFO - Processing /home/airflow/.local/lib/python3.12/site-packages/airflow/example_dags/example_setup_teardown.py took 0.135 seconds
[2025-02-06T18:24:44.778+0000] {processor.py:186} INFO - Started process (PID=1071) to work on /home/airflow/.local/lib/python3.12/site-packages/airflow/example_dags/example_setup_teardown.py
[2025-02-06T18:24:44.779+0000] {processor.py:914} INFO - Processing file /home/airflow/.local/lib/python3.12/site-packages/airflow/example_dags/example_setup_teardown.py for tasks to queue
[2025-02-06T18:24:44.784+0000] {logging_mixin.py:190} INFO - [2025-02-06T18:24:44.783+0000] {dagbag.py:588} INFO - Filling up the DagBag from /home/airflow/.local/lib/python3.12/site-packages/airflow/example_dags/example_setup_teardown.py
[2025-02-06T18:24:44.797+0000] {processor.py:925} INFO - DAG(s) 'example_setup_teardown' retrieved from /home/airflow/.local/lib/python3.12/site-packages/airflow/example_dags/example_setup_teardown.py
[2025-02-06T18:24:44.824+0000] {logging_mixin.py:190} INFO - [2025-02-06T18:24:44.823+0000] {dag.py:3239} INFO - Sync 1 DAGs
[2025-02-06T18:24:44.843+0000] {logging_mixin.py:190} INFO - [2025-02-06T18:24:44.843+0000] {dag.py:4180} INFO - Setting next_dagrun for example_setup_teardown to None, run_after=None
[2025-02-06T18:24:44.866+0000] {processor.py:208} INFO - Processing /home/airflow/.local/lib/python3.12/site-packages/airflow/example_dags/example_setup_teardown.py took 0.097 seconds
[2025-02-06T18:25:15.321+0000] {processor.py:186} INFO - Started process (PID=1128) to work on /home/airflow/.local/lib/python3.12/site-packages/airflow/example_dags/example_setup_teardown.py
[2025-02-06T18:25:15.322+0000] {processor.py:914} INFO - Processing file /home/airflow/.local/lib/python3.12/site-packages/airflow/example_dags/example_setup_teardown.py for tasks to queue
[2025-02-06T18:25:15.326+0000] {logging_mixin.py:190} INFO - [2025-02-06T18:25:15.326+0000] {dagbag.py:588} INFO - Filling up the DagBag from /home/airflow/.local/lib/python3.12/site-packages/airflow/example_dags/example_setup_teardown.py
[2025-02-06T18:25:15.342+0000] {processor.py:925} INFO - DAG(s) 'example_setup_teardown' retrieved from /home/airflow/.local/lib/python3.12/site-packages/airflow/example_dags/example_setup_teardown.py
[2025-02-06T18:25:15.370+0000] {logging_mixin.py:190} INFO - [2025-02-06T18:25:15.370+0000] {dag.py:3239} INFO - Sync 1 DAGs
[2025-02-06T18:25:15.390+0000] {logging_mixin.py:190} INFO - [2025-02-06T18:25:15.389+0000] {dag.py:4180} INFO - Setting next_dagrun for example_setup_teardown to None, run_after=None
[2025-02-06T18:25:15.417+0000] {processor.py:208} INFO - Processing /home/airflow/.local/lib/python3.12/site-packages/airflow/example_dags/example_setup_teardown.py took 0.105 seconds
[2025-02-06T18:25:45.603+0000] {processor.py:186} INFO - Started process (PID=1185) to work on /home/airflow/.local/lib/python3.12/site-packages/airflow/example_dags/example_setup_teardown.py
[2025-02-06T18:25:45.606+0000] {processor.py:914} INFO - Processing file /home/airflow/.local/lib/python3.12/site-packages/airflow/example_dags/example_setup_teardown.py for tasks to queue
[2025-02-06T18:25:45.620+0000] {logging_mixin.py:190} INFO - [2025-02-06T18:25:45.619+0000] {dagbag.py:588} INFO - Filling up the DagBag from /home/airflow/.local/lib/python3.12/site-packages/airflow/example_dags/example_setup_teardown.py
[2025-02-06T18:25:45.649+0000] {processor.py:925} INFO - DAG(s) 'example_setup_teardown' retrieved from /home/airflow/.local/lib/python3.12/site-packages/airflow/example_dags/example_setup_teardown.py
[2025-02-06T18:25:45.701+0000] {logging_mixin.py:190} INFO - [2025-02-06T18:25:45.701+0000] {dag.py:3239} INFO - Sync 1 DAGs
[2025-02-06T18:25:45.730+0000] {logging_mixin.py:190} INFO - [2025-02-06T18:25:45.729+0000] {dag.py:4180} INFO - Setting next_dagrun for example_setup_teardown to None, run_after=None
[2025-02-06T18:25:45.761+0000] {processor.py:208} INFO - Processing /home/airflow/.local/lib/python3.12/site-packages/airflow/example_dags/example_setup_teardown.py took 0.178 seconds
[2025-02-06T18:26:16.520+0000] {processor.py:186} INFO - Started process (PID=1242) to work on /home/airflow/.local/lib/python3.12/site-packages/airflow/example_dags/example_setup_teardown.py
[2025-02-06T18:26:16.522+0000] {processor.py:914} INFO - Processing file /home/airflow/.local/lib/python3.12/site-packages/airflow/example_dags/example_setup_teardown.py for tasks to queue
[2025-02-06T18:26:16.526+0000] {logging_mixin.py:190} INFO - [2025-02-06T18:26:16.525+0000] {dagbag.py:588} INFO - Filling up the DagBag from /home/airflow/.local/lib/python3.12/site-packages/airflow/example_dags/example_setup_teardown.py
[2025-02-06T18:26:16.539+0000] {processor.py:925} INFO - DAG(s) 'example_setup_teardown' retrieved from /home/airflow/.local/lib/python3.12/site-packages/airflow/example_dags/example_setup_teardown.py
[2025-02-06T18:26:16.569+0000] {logging_mixin.py:190} INFO - [2025-02-06T18:26:16.569+0000] {dag.py:3239} INFO - Sync 1 DAGs
[2025-02-06T18:26:16.591+0000] {logging_mixin.py:190} INFO - [2025-02-06T18:26:16.591+0000] {dag.py:4180} INFO - Setting next_dagrun for example_setup_teardown to None, run_after=None
[2025-02-06T18:26:16.630+0000] {processor.py:208} INFO - Processing /home/airflow/.local/lib/python3.12/site-packages/airflow/example_dags/example_setup_teardown.py took 0.119 seconds
[2025-02-06T18:26:47.951+0000] {processor.py:186} INFO - Started process (PID=1299) to work on /home/airflow/.local/lib/python3.12/site-packages/airflow/example_dags/example_setup_teardown.py
[2025-02-06T18:26:47.953+0000] {processor.py:914} INFO - Processing file /home/airflow/.local/lib/python3.12/site-packages/airflow/example_dags/example_setup_teardown.py for tasks to queue
[2025-02-06T18:26:47.959+0000] {logging_mixin.py:190} INFO - [2025-02-06T18:26:47.958+0000] {dagbag.py:588} INFO - Filling up the DagBag from /home/airflow/.local/lib/python3.12/site-packages/airflow/example_dags/example_setup_teardown.py
[2025-02-06T18:26:47.975+0000] {processor.py:925} INFO - DAG(s) 'example_setup_teardown' retrieved from /home/airflow/.local/lib/python3.12/site-packages/airflow/example_dags/example_setup_teardown.py
[2025-02-06T18:26:48.009+0000] {logging_mixin.py:190} INFO - [2025-02-06T18:26:48.008+0000] {dag.py:3239} INFO - Sync 1 DAGs
[2025-02-06T18:26:48.037+0000] {logging_mixin.py:190} INFO - [2025-02-06T18:26:48.037+0000] {dag.py:4180} INFO - Setting next_dagrun for example_setup_teardown to None, run_after=None
[2025-02-06T18:26:48.080+0000] {processor.py:208} INFO - Processing /home/airflow/.local/lib/python3.12/site-packages/airflow/example_dags/example_setup_teardown.py took 0.138 seconds
[2025-02-06T18:27:18.987+0000] {processor.py:186} INFO - Started process (PID=1355) to work on /home/airflow/.local/lib/python3.12/site-packages/airflow/example_dags/example_setup_teardown.py
[2025-02-06T18:27:18.989+0000] {processor.py:914} INFO - Processing file /home/airflow/.local/lib/python3.12/site-packages/airflow/example_dags/example_setup_teardown.py for tasks to queue
[2025-02-06T18:27:18.995+0000] {logging_mixin.py:190} INFO - [2025-02-06T18:27:18.994+0000] {dagbag.py:588} INFO - Filling up the DagBag from /home/airflow/.local/lib/python3.12/site-packages/airflow/example_dags/example_setup_teardown.py
[2025-02-06T18:27:19.012+0000] {processor.py:925} INFO - DAG(s) 'example_setup_teardown' retrieved from /home/airflow/.local/lib/python3.12/site-packages/airflow/example_dags/example_setup_teardown.py
[2025-02-06T18:27:19.055+0000] {logging_mixin.py:190} INFO - [2025-02-06T18:27:19.055+0000] {dag.py:3239} INFO - Sync 1 DAGs
[2025-02-06T18:27:19.093+0000] {logging_mixin.py:190} INFO - [2025-02-06T18:27:19.093+0000] {dag.py:4180} INFO - Setting next_dagrun for example_setup_teardown to None, run_after=None
[2025-02-06T18:27:19.171+0000] {processor.py:208} INFO - Processing /home/airflow/.local/lib/python3.12/site-packages/airflow/example_dags/example_setup_teardown.py took 0.196 seconds
[2025-02-06T18:27:49.537+0000] {processor.py:186} INFO - Started process (PID=1412) to work on /home/airflow/.local/lib/python3.12/site-packages/airflow/example_dags/example_setup_teardown.py
[2025-02-06T18:27:49.539+0000] {processor.py:914} INFO - Processing file /home/airflow/.local/lib/python3.12/site-packages/airflow/example_dags/example_setup_teardown.py for tasks to queue
[2025-02-06T18:27:49.544+0000] {logging_mixin.py:190} INFO - [2025-02-06T18:27:49.543+0000] {dagbag.py:588} INFO - Filling up the DagBag from /home/airflow/.local/lib/python3.12/site-packages/airflow/example_dags/example_setup_teardown.py
[2025-02-06T18:27:49.562+0000] {processor.py:925} INFO - DAG(s) 'example_setup_teardown' retrieved from /home/airflow/.local/lib/python3.12/site-packages/airflow/example_dags/example_setup_teardown.py
[2025-02-06T18:27:49.597+0000] {logging_mixin.py:190} INFO - [2025-02-06T18:27:49.597+0000] {dag.py:3239} INFO - Sync 1 DAGs
[2025-02-06T18:27:49.624+0000] {logging_mixin.py:190} INFO - [2025-02-06T18:27:49.624+0000] {dag.py:4180} INFO - Setting next_dagrun for example_setup_teardown to None, run_after=None
[2025-02-06T18:27:49.654+0000] {processor.py:208} INFO - Processing /home/airflow/.local/lib/python3.12/site-packages/airflow/example_dags/example_setup_teardown.py took 0.127 seconds
[2025-02-06T18:28:20.888+0000] {processor.py:186} INFO - Started process (PID=1468) to work on /home/airflow/.local/lib/python3.12/site-packages/airflow/example_dags/example_setup_teardown.py
[2025-02-06T18:28:20.891+0000] {processor.py:914} INFO - Processing file /home/airflow/.local/lib/python3.12/site-packages/airflow/example_dags/example_setup_teardown.py for tasks to queue
[2025-02-06T18:28:20.895+0000] {logging_mixin.py:190} INFO - [2025-02-06T18:28:20.894+0000] {dagbag.py:588} INFO - Filling up the DagBag from /home/airflow/.local/lib/python3.12/site-packages/airflow/example_dags/example_setup_teardown.py
[2025-02-06T18:28:20.912+0000] {processor.py:925} INFO - DAG(s) 'example_setup_teardown' retrieved from /home/airflow/.local/lib/python3.12/site-packages/airflow/example_dags/example_setup_teardown.py
[2025-02-06T18:28:20.946+0000] {logging_mixin.py:190} INFO - [2025-02-06T18:28:20.946+0000] {dag.py:3239} INFO - Sync 1 DAGs
[2025-02-06T18:28:20.991+0000] {logging_mixin.py:190} INFO - [2025-02-06T18:28:20.990+0000] {dag.py:4180} INFO - Setting next_dagrun for example_setup_teardown to None, run_after=None
[2025-02-06T18:28:21.052+0000] {processor.py:208} INFO - Processing /home/airflow/.local/lib/python3.12/site-packages/airflow/example_dags/example_setup_teardown.py took 0.177 seconds
[2025-02-06T18:28:54.095+0000] {processor.py:186} INFO - Started process (PID=1525) to work on /home/airflow/.local/lib/python3.12/site-packages/airflow/example_dags/example_setup_teardown.py
[2025-02-06T18:28:54.096+0000] {processor.py:914} INFO - Processing file /home/airflow/.local/lib/python3.12/site-packages/airflow/example_dags/example_setup_teardown.py for tasks to queue
[2025-02-06T18:28:54.101+0000] {logging_mixin.py:190} INFO - [2025-02-06T18:28:54.100+0000] {dagbag.py:588} INFO - Filling up the DagBag from /home/airflow/.local/lib/python3.12/site-packages/airflow/example_dags/example_setup_teardown.py
[2025-02-06T18:28:54.116+0000] {processor.py:925} INFO - DAG(s) 'example_setup_teardown' retrieved from /home/airflow/.local/lib/python3.12/site-packages/airflow/example_dags/example_setup_teardown.py
[2025-02-06T18:28:54.150+0000] {logging_mixin.py:190} INFO - [2025-02-06T18:28:54.150+0000] {dag.py:3239} INFO - Sync 1 DAGs
[2025-02-06T18:28:54.179+0000] {logging_mixin.py:190} INFO - [2025-02-06T18:28:54.178+0000] {dag.py:4180} INFO - Setting next_dagrun for example_setup_teardown to None, run_after=None
[2025-02-06T18:28:54.229+0000] {processor.py:208} INFO - Processing /home/airflow/.local/lib/python3.12/site-packages/airflow/example_dags/example_setup_teardown.py took 0.145 seconds
[2025-02-06T18:29:26.229+0000] {processor.py:186} INFO - Started process (PID=1582) to work on /home/airflow/.local/lib/python3.12/site-packages/airflow/example_dags/example_setup_teardown.py
[2025-02-06T18:29:26.231+0000] {processor.py:914} INFO - Processing file /home/airflow/.local/lib/python3.12/site-packages/airflow/example_dags/example_setup_teardown.py for tasks to queue
[2025-02-06T18:29:26.236+0000] {logging_mixin.py:190} INFO - [2025-02-06T18:29:26.235+0000] {dagbag.py:588} INFO - Filling up the DagBag from /home/airflow/.local/lib/python3.12/site-packages/airflow/example_dags/example_setup_teardown.py
[2025-02-06T18:29:26.256+0000] {processor.py:925} INFO - DAG(s) 'example_setup_teardown' retrieved from /home/airflow/.local/lib/python3.12/site-packages/airflow/example_dags/example_setup_teardown.py
[2025-02-06T18:29:26.300+0000] {logging_mixin.py:190} INFO - [2025-02-06T18:29:26.300+0000] {dag.py:3239} INFO - Sync 1 DAGs
[2025-02-06T18:29:26.331+0000] {logging_mixin.py:190} INFO - [2025-02-06T18:29:26.330+0000] {dag.py:4180} INFO - Setting next_dagrun for example_setup_teardown to None, run_after=None
[2025-02-06T18:29:26.371+0000] {processor.py:208} INFO - Processing /home/airflow/.local/lib/python3.12/site-packages/airflow/example_dags/example_setup_teardown.py took 0.152 seconds
[2025-02-06T18:29:56.891+0000] {processor.py:186} INFO - Started process (PID=1637) to work on /home/airflow/.local/lib/python3.12/site-packages/airflow/example_dags/example_setup_teardown.py
[2025-02-06T18:29:56.893+0000] {processor.py:914} INFO - Processing file /home/airflow/.local/lib/python3.12/site-packages/airflow/example_dags/example_setup_teardown.py for tasks to queue
[2025-02-06T18:29:56.897+0000] {logging_mixin.py:190} INFO - [2025-02-06T18:29:56.896+0000] {dagbag.py:588} INFO - Filling up the DagBag from /home/airflow/.local/lib/python3.12/site-packages/airflow/example_dags/example_setup_teardown.py
[2025-02-06T18:29:56.907+0000] {processor.py:925} INFO - DAG(s) 'example_setup_teardown' retrieved from /home/airflow/.local/lib/python3.12/site-packages/airflow/example_dags/example_setup_teardown.py
[2025-02-06T18:29:56.935+0000] {logging_mixin.py:190} INFO - [2025-02-06T18:29:56.935+0000] {dag.py:3239} INFO - Sync 1 DAGs
[2025-02-06T18:29:56.955+0000] {logging_mixin.py:190} INFO - [2025-02-06T18:29:56.955+0000] {dag.py:4180} INFO - Setting next_dagrun for example_setup_teardown to None, run_after=None
[2025-02-06T18:29:56.986+0000] {processor.py:208} INFO - Processing /home/airflow/.local/lib/python3.12/site-packages/airflow/example_dags/example_setup_teardown.py took 0.103 seconds
[2025-02-06T18:30:27.234+0000] {processor.py:186} INFO - Started process (PID=1694) to work on /home/airflow/.local/lib/python3.12/site-packages/airflow/example_dags/example_setup_teardown.py
[2025-02-06T18:30:27.235+0000] {processor.py:914} INFO - Processing file /home/airflow/.local/lib/python3.12/site-packages/airflow/example_dags/example_setup_teardown.py for tasks to queue
[2025-02-06T18:30:27.239+0000] {logging_mixin.py:190} INFO - [2025-02-06T18:30:27.239+0000] {dagbag.py:588} INFO - Filling up the DagBag from /home/airflow/.local/lib/python3.12/site-packages/airflow/example_dags/example_setup_teardown.py
[2025-02-06T18:30:27.253+0000] {processor.py:925} INFO - DAG(s) 'example_setup_teardown' retrieved from /home/airflow/.local/lib/python3.12/site-packages/airflow/example_dags/example_setup_teardown.py
[2025-02-06T18:30:27.284+0000] {logging_mixin.py:190} INFO - [2025-02-06T18:30:27.284+0000] {dag.py:3239} INFO - Sync 1 DAGs
[2025-02-06T18:30:27.307+0000] {logging_mixin.py:190} INFO - [2025-02-06T18:30:27.307+0000] {dag.py:4180} INFO - Setting next_dagrun for example_setup_teardown to None, run_after=None
[2025-02-06T18:30:27.399+0000] {processor.py:208} INFO - Processing /home/airflow/.local/lib/python3.12/site-packages/airflow/example_dags/example_setup_teardown.py took 0.175 seconds
[2025-02-06T18:30:57.509+0000] {processor.py:186} INFO - Started process (PID=1751) to work on /home/airflow/.local/lib/python3.12/site-packages/airflow/example_dags/example_setup_teardown.py
[2025-02-06T18:30:57.511+0000] {processor.py:914} INFO - Processing file /home/airflow/.local/lib/python3.12/site-packages/airflow/example_dags/example_setup_teardown.py for tasks to queue
[2025-02-06T18:30:57.516+0000] {logging_mixin.py:190} INFO - [2025-02-06T18:30:57.516+0000] {dagbag.py:588} INFO - Filling up the DagBag from /home/airflow/.local/lib/python3.12/site-packages/airflow/example_dags/example_setup_teardown.py
[2025-02-06T18:30:57.531+0000] {processor.py:925} INFO - DAG(s) 'example_setup_teardown' retrieved from /home/airflow/.local/lib/python3.12/site-packages/airflow/example_dags/example_setup_teardown.py
[2025-02-06T18:30:57.564+0000] {logging_mixin.py:190} INFO - [2025-02-06T18:30:57.564+0000] {dag.py:3239} INFO - Sync 1 DAGs
[2025-02-06T18:30:57.590+0000] {logging_mixin.py:190} INFO - [2025-02-06T18:30:57.590+0000] {dag.py:4180} INFO - Setting next_dagrun for example_setup_teardown to None, run_after=None
[2025-02-06T18:30:57.620+0000] {processor.py:208} INFO - Processing /home/airflow/.local/lib/python3.12/site-packages/airflow/example_dags/example_setup_teardown.py took 0.125 seconds
[2025-02-06T18:31:27.900+0000] {processor.py:186} INFO - Started process (PID=1808) to work on /home/airflow/.local/lib/python3.12/site-packages/airflow/example_dags/example_setup_teardown.py
[2025-02-06T18:31:27.901+0000] {processor.py:914} INFO - Processing file /home/airflow/.local/lib/python3.12/site-packages/airflow/example_dags/example_setup_teardown.py for tasks to queue
[2025-02-06T18:31:27.908+0000] {logging_mixin.py:190} INFO - [2025-02-06T18:31:27.907+0000] {dagbag.py:588} INFO - Filling up the DagBag from /home/airflow/.local/lib/python3.12/site-packages/airflow/example_dags/example_setup_teardown.py
[2025-02-06T18:31:27.930+0000] {processor.py:925} INFO - DAG(s) 'example_setup_teardown' retrieved from /home/airflow/.local/lib/python3.12/site-packages/airflow/example_dags/example_setup_teardown.py
[2025-02-06T18:31:27.961+0000] {logging_mixin.py:190} INFO - [2025-02-06T18:31:27.961+0000] {dag.py:3239} INFO - Sync 1 DAGs
[2025-02-06T18:31:27.982+0000] {logging_mixin.py:190} INFO - [2025-02-06T18:31:27.982+0000] {dag.py:4180} INFO - Setting next_dagrun for example_setup_teardown to None, run_after=None
[2025-02-06T18:31:28.008+0000] {processor.py:208} INFO - Processing /home/airflow/.local/lib/python3.12/site-packages/airflow/example_dags/example_setup_teardown.py took 0.118 seconds
[2025-02-06T18:31:58.480+0000] {processor.py:186} INFO - Started process (PID=1865) to work on /home/airflow/.local/lib/python3.12/site-packages/airflow/example_dags/example_setup_teardown.py
[2025-02-06T18:31:58.482+0000] {processor.py:914} INFO - Processing file /home/airflow/.local/lib/python3.12/site-packages/airflow/example_dags/example_setup_teardown.py for tasks to queue
[2025-02-06T18:31:58.486+0000] {logging_mixin.py:190} INFO - [2025-02-06T18:31:58.485+0000] {dagbag.py:588} INFO - Filling up the DagBag from /home/airflow/.local/lib/python3.12/site-packages/airflow/example_dags/example_setup_teardown.py
[2025-02-06T18:31:58.501+0000] {processor.py:925} INFO - DAG(s) 'example_setup_teardown' retrieved from /home/airflow/.local/lib/python3.12/site-packages/airflow/example_dags/example_setup_teardown.py
[2025-02-06T18:31:58.535+0000] {logging_mixin.py:190} INFO - [2025-02-06T18:31:58.535+0000] {dag.py:3239} INFO - Sync 1 DAGs
[2025-02-06T18:31:58.559+0000] {logging_mixin.py:190} INFO - [2025-02-06T18:31:58.558+0000] {dag.py:4180} INFO - Setting next_dagrun for example_setup_teardown to None, run_after=None
[2025-02-06T18:31:58.589+0000] {processor.py:208} INFO - Processing /home/airflow/.local/lib/python3.12/site-packages/airflow/example_dags/example_setup_teardown.py took 0.118 seconds
[2025-02-06T18:32:28.904+0000] {processor.py:186} INFO - Started process (PID=1922) to work on /home/airflow/.local/lib/python3.12/site-packages/airflow/example_dags/example_setup_teardown.py
[2025-02-06T18:32:28.906+0000] {processor.py:914} INFO - Processing file /home/airflow/.local/lib/python3.12/site-packages/airflow/example_dags/example_setup_teardown.py for tasks to queue
[2025-02-06T18:32:28.911+0000] {logging_mixin.py:190} INFO - [2025-02-06T18:32:28.910+0000] {dagbag.py:588} INFO - Filling up the DagBag from /home/airflow/.local/lib/python3.12/site-packages/airflow/example_dags/example_setup_teardown.py
[2025-02-06T18:32:28.925+0000] {processor.py:925} INFO - DAG(s) 'example_setup_teardown' retrieved from /home/airflow/.local/lib/python3.12/site-packages/airflow/example_dags/example_setup_teardown.py
[2025-02-06T18:32:28.970+0000] {logging_mixin.py:190} INFO - [2025-02-06T18:32:28.970+0000] {dag.py:3239} INFO - Sync 1 DAGs
[2025-02-06T18:32:28.995+0000] {logging_mixin.py:190} INFO - [2025-02-06T18:32:28.994+0000] {dag.py:4180} INFO - Setting next_dagrun for example_setup_teardown to None, run_after=None
[2025-02-06T18:32:29.027+0000] {processor.py:208} INFO - Processing /home/airflow/.local/lib/python3.12/site-packages/airflow/example_dags/example_setup_teardown.py took 0.132 seconds
[2025-02-06T18:32:59.326+0000] {processor.py:186} INFO - Started process (PID=1978) to work on /home/airflow/.local/lib/python3.12/site-packages/airflow/example_dags/example_setup_teardown.py
[2025-02-06T18:32:59.328+0000] {processor.py:914} INFO - Processing file /home/airflow/.local/lib/python3.12/site-packages/airflow/example_dags/example_setup_teardown.py for tasks to queue
[2025-02-06T18:32:59.334+0000] {logging_mixin.py:190} INFO - [2025-02-06T18:32:59.333+0000] {dagbag.py:588} INFO - Filling up the DagBag from /home/airflow/.local/lib/python3.12/site-packages/airflow/example_dags/example_setup_teardown.py
[2025-02-06T18:32:59.354+0000] {processor.py:925} INFO - DAG(s) 'example_setup_teardown' retrieved from /home/airflow/.local/lib/python3.12/site-packages/airflow/example_dags/example_setup_teardown.py
[2025-02-06T18:32:59.399+0000] {logging_mixin.py:190} INFO - [2025-02-06T18:32:59.399+0000] {dag.py:3239} INFO - Sync 1 DAGs
[2025-02-06T18:32:59.441+0000] {logging_mixin.py:190} INFO - [2025-02-06T18:32:59.440+0000] {dag.py:4180} INFO - Setting next_dagrun for example_setup_teardown to None, run_after=None
[2025-02-06T18:32:59.501+0000] {processor.py:208} INFO - Processing /home/airflow/.local/lib/python3.12/site-packages/airflow/example_dags/example_setup_teardown.py took 0.193 seconds
[2025-02-06T18:33:29.635+0000] {processor.py:186} INFO - Started process (PID=2035) to work on /home/airflow/.local/lib/python3.12/site-packages/airflow/example_dags/example_setup_teardown.py
[2025-02-06T18:33:29.638+0000] {processor.py:914} INFO - Processing file /home/airflow/.local/lib/python3.12/site-packages/airflow/example_dags/example_setup_teardown.py for tasks to queue
[2025-02-06T18:33:29.644+0000] {logging_mixin.py:190} INFO - [2025-02-06T18:33:29.643+0000] {dagbag.py:588} INFO - Filling up the DagBag from /home/airflow/.local/lib/python3.12/site-packages/airflow/example_dags/example_setup_teardown.py
[2025-02-06T18:33:29.661+0000] {processor.py:925} INFO - DAG(s) 'example_setup_teardown' retrieved from /home/airflow/.local/lib/python3.12/site-packages/airflow/example_dags/example_setup_teardown.py
[2025-02-06T18:33:29.699+0000] {logging_mixin.py:190} INFO - [2025-02-06T18:33:29.698+0000] {dag.py:3239} INFO - Sync 1 DAGs
[2025-02-06T18:33:29.733+0000] {logging_mixin.py:190} INFO - [2025-02-06T18:33:29.732+0000] {dag.py:4180} INFO - Setting next_dagrun for example_setup_teardown to None, run_after=None
[2025-02-06T18:33:29.769+0000] {processor.py:208} INFO - Processing /home/airflow/.local/lib/python3.12/site-packages/airflow/example_dags/example_setup_teardown.py took 0.154 seconds
[2025-02-06T18:33:59.912+0000] {processor.py:186} INFO - Started process (PID=2092) to work on /home/airflow/.local/lib/python3.12/site-packages/airflow/example_dags/example_setup_teardown.py
[2025-02-06T18:33:59.914+0000] {processor.py:914} INFO - Processing file /home/airflow/.local/lib/python3.12/site-packages/airflow/example_dags/example_setup_teardown.py for tasks to queue
[2025-02-06T18:33:59.921+0000] {logging_mixin.py:190} INFO - [2025-02-06T18:33:59.920+0000] {dagbag.py:588} INFO - Filling up the DagBag from /home/airflow/.local/lib/python3.12/site-packages/airflow/example_dags/example_setup_teardown.py
[2025-02-06T18:33:59.943+0000] {processor.py:925} INFO - DAG(s) 'example_setup_teardown' retrieved from /home/airflow/.local/lib/python3.12/site-packages/airflow/example_dags/example_setup_teardown.py
[2025-02-06T18:33:59.989+0000] {logging_mixin.py:190} INFO - [2025-02-06T18:33:59.988+0000] {dag.py:3239} INFO - Sync 1 DAGs
[2025-02-06T18:34:00.014+0000] {logging_mixin.py:190} INFO - [2025-02-06T18:34:00.013+0000] {dag.py:4180} INFO - Setting next_dagrun for example_setup_teardown to None, run_after=None
[2025-02-06T18:34:00.065+0000] {processor.py:208} INFO - Processing /home/airflow/.local/lib/python3.12/site-packages/airflow/example_dags/example_setup_teardown.py took 0.161 seconds
[2025-02-06T18:34:30.681+0000] {processor.py:186} INFO - Started process (PID=2149) to work on /home/airflow/.local/lib/python3.12/site-packages/airflow/example_dags/example_setup_teardown.py
[2025-02-06T18:34:30.682+0000] {processor.py:914} INFO - Processing file /home/airflow/.local/lib/python3.12/site-packages/airflow/example_dags/example_setup_teardown.py for tasks to queue
[2025-02-06T18:34:30.687+0000] {logging_mixin.py:190} INFO - [2025-02-06T18:34:30.686+0000] {dagbag.py:588} INFO - Filling up the DagBag from /home/airflow/.local/lib/python3.12/site-packages/airflow/example_dags/example_setup_teardown.py
[2025-02-06T18:34:30.699+0000] {processor.py:925} INFO - DAG(s) 'example_setup_teardown' retrieved from /home/airflow/.local/lib/python3.12/site-packages/airflow/example_dags/example_setup_teardown.py
[2025-02-06T18:34:30.737+0000] {logging_mixin.py:190} INFO - [2025-02-06T18:34:30.737+0000] {dag.py:3239} INFO - Sync 1 DAGs
[2025-02-06T18:34:30.774+0000] {logging_mixin.py:190} INFO - [2025-02-06T18:34:30.774+0000] {dag.py:4180} INFO - Setting next_dagrun for example_setup_teardown to None, run_after=None
[2025-02-06T18:34:30.807+0000] {processor.py:208} INFO - Processing /home/airflow/.local/lib/python3.12/site-packages/airflow/example_dags/example_setup_teardown.py took 0.140 seconds
[2025-02-06T18:35:01.244+0000] {processor.py:186} INFO - Started process (PID=2206) to work on /home/airflow/.local/lib/python3.12/site-packages/airflow/example_dags/example_setup_teardown.py
[2025-02-06T18:35:01.246+0000] {processor.py:914} INFO - Processing file /home/airflow/.local/lib/python3.12/site-packages/airflow/example_dags/example_setup_teardown.py for tasks to queue
[2025-02-06T18:35:01.251+0000] {logging_mixin.py:190} INFO - [2025-02-06T18:35:01.250+0000] {dagbag.py:588} INFO - Filling up the DagBag from /home/airflow/.local/lib/python3.12/site-packages/airflow/example_dags/example_setup_teardown.py
[2025-02-06T18:35:01.263+0000] {processor.py:925} INFO - DAG(s) 'example_setup_teardown' retrieved from /home/airflow/.local/lib/python3.12/site-packages/airflow/example_dags/example_setup_teardown.py
[2025-02-06T18:35:01.298+0000] {logging_mixin.py:190} INFO - [2025-02-06T18:35:01.297+0000] {dag.py:3239} INFO - Sync 1 DAGs
[2025-02-06T18:35:01.325+0000] {logging_mixin.py:190} INFO - [2025-02-06T18:35:01.325+0000] {dag.py:4180} INFO - Setting next_dagrun for example_setup_teardown to None, run_after=None
[2025-02-06T18:35:01.354+0000] {processor.py:208} INFO - Processing /home/airflow/.local/lib/python3.12/site-packages/airflow/example_dags/example_setup_teardown.py took 0.120 seconds
[2025-02-06T18:35:31.705+0000] {processor.py:186} INFO - Started process (PID=2263) to work on /home/airflow/.local/lib/python3.12/site-packages/airflow/example_dags/example_setup_teardown.py
[2025-02-06T18:35:31.707+0000] {processor.py:914} INFO - Processing file /home/airflow/.local/lib/python3.12/site-packages/airflow/example_dags/example_setup_teardown.py for tasks to queue
[2025-02-06T18:35:31.712+0000] {logging_mixin.py:190} INFO - [2025-02-06T18:35:31.712+0000] {dagbag.py:588} INFO - Filling up the DagBag from /home/airflow/.local/lib/python3.12/site-packages/airflow/example_dags/example_setup_teardown.py
[2025-02-06T18:35:31.734+0000] {processor.py:925} INFO - DAG(s) 'example_setup_teardown' retrieved from /home/airflow/.local/lib/python3.12/site-packages/airflow/example_dags/example_setup_teardown.py
[2025-02-06T18:35:31.775+0000] {logging_mixin.py:190} INFO - [2025-02-06T18:35:31.775+0000] {dag.py:3239} INFO - Sync 1 DAGs
[2025-02-06T18:35:31.802+0000] {logging_mixin.py:190} INFO - [2025-02-06T18:35:31.802+0000] {dag.py:4180} INFO - Setting next_dagrun for example_setup_teardown to None, run_after=None
[2025-02-06T18:35:31.879+0000] {processor.py:208} INFO - Processing /home/airflow/.local/lib/python3.12/site-packages/airflow/example_dags/example_setup_teardown.py took 0.189 seconds
[2025-02-06T18:36:02.205+0000] {processor.py:186} INFO - Started process (PID=2320) to work on /home/airflow/.local/lib/python3.12/site-packages/airflow/example_dags/example_setup_teardown.py
[2025-02-06T18:36:02.207+0000] {processor.py:914} INFO - Processing file /home/airflow/.local/lib/python3.12/site-packages/airflow/example_dags/example_setup_teardown.py for tasks to queue
[2025-02-06T18:36:02.214+0000] {logging_mixin.py:190} INFO - [2025-02-06T18:36:02.212+0000] {dagbag.py:588} INFO - Filling up the DagBag from /home/airflow/.local/lib/python3.12/site-packages/airflow/example_dags/example_setup_teardown.py
[2025-02-06T18:36:02.233+0000] {processor.py:925} INFO - DAG(s) 'example_setup_teardown' retrieved from /home/airflow/.local/lib/python3.12/site-packages/airflow/example_dags/example_setup_teardown.py
[2025-02-06T18:36:02.279+0000] {logging_mixin.py:190} INFO - [2025-02-06T18:36:02.278+0000] {dag.py:3239} INFO - Sync 1 DAGs
[2025-02-06T18:36:02.312+0000] {logging_mixin.py:190} INFO - [2025-02-06T18:36:02.312+0000] {dag.py:4180} INFO - Setting next_dagrun for example_setup_teardown to None, run_after=None
[2025-02-06T18:36:02.354+0000] {processor.py:208} INFO - Processing /home/airflow/.local/lib/python3.12/site-packages/airflow/example_dags/example_setup_teardown.py took 0.164 seconds
[2025-02-06T18:36:32.499+0000] {processor.py:186} INFO - Started process (PID=2377) to work on /home/airflow/.local/lib/python3.12/site-packages/airflow/example_dags/example_setup_teardown.py
[2025-02-06T18:36:32.501+0000] {processor.py:914} INFO - Processing file /home/airflow/.local/lib/python3.12/site-packages/airflow/example_dags/example_setup_teardown.py for tasks to queue
[2025-02-06T18:36:32.504+0000] {logging_mixin.py:190} INFO - [2025-02-06T18:36:32.504+0000] {dagbag.py:588} INFO - Filling up the DagBag from /home/airflow/.local/lib/python3.12/site-packages/airflow/example_dags/example_setup_teardown.py
[2025-02-06T18:36:32.519+0000] {processor.py:925} INFO - DAG(s) 'example_setup_teardown' retrieved from /home/airflow/.local/lib/python3.12/site-packages/airflow/example_dags/example_setup_teardown.py
[2025-02-06T18:36:32.547+0000] {logging_mixin.py:190} INFO - [2025-02-06T18:36:32.547+0000] {dag.py:3239} INFO - Sync 1 DAGs
[2025-02-06T18:36:32.573+0000] {logging_mixin.py:190} INFO - [2025-02-06T18:36:32.573+0000] {dag.py:4180} INFO - Setting next_dagrun for example_setup_teardown to None, run_after=None
[2025-02-06T18:36:32.606+0000] {processor.py:208} INFO - Processing /home/airflow/.local/lib/python3.12/site-packages/airflow/example_dags/example_setup_teardown.py took 0.117 seconds
[2025-02-06T18:37:04.276+0000] {processor.py:186} INFO - Started process (PID=2432) to work on /home/airflow/.local/lib/python3.12/site-packages/airflow/example_dags/example_setup_teardown.py
[2025-02-06T18:37:04.278+0000] {processor.py:914} INFO - Processing file /home/airflow/.local/lib/python3.12/site-packages/airflow/example_dags/example_setup_teardown.py for tasks to queue
[2025-02-06T18:37:04.282+0000] {logging_mixin.py:190} INFO - [2025-02-06T18:37:04.282+0000] {dagbag.py:588} INFO - Filling up the DagBag from /home/airflow/.local/lib/python3.12/site-packages/airflow/example_dags/example_setup_teardown.py
[2025-02-06T18:37:04.295+0000] {processor.py:925} INFO - DAG(s) 'example_setup_teardown' retrieved from /home/airflow/.local/lib/python3.12/site-packages/airflow/example_dags/example_setup_teardown.py
[2025-02-06T18:37:04.329+0000] {logging_mixin.py:190} INFO - [2025-02-06T18:37:04.329+0000] {dag.py:3239} INFO - Sync 1 DAGs
[2025-02-06T18:37:04.358+0000] {logging_mixin.py:190} INFO - [2025-02-06T18:37:04.358+0000] {dag.py:4180} INFO - Setting next_dagrun for example_setup_teardown to None, run_after=None
[2025-02-06T18:37:04.387+0000] {processor.py:208} INFO - Processing /home/airflow/.local/lib/python3.12/site-packages/airflow/example_dags/example_setup_teardown.py took 0.119 seconds
[2025-02-06T18:37:35.340+0000] {processor.py:186} INFO - Started process (PID=2489) to work on /home/airflow/.local/lib/python3.12/site-packages/airflow/example_dags/example_setup_teardown.py
[2025-02-06T18:37:35.341+0000] {processor.py:914} INFO - Processing file /home/airflow/.local/lib/python3.12/site-packages/airflow/example_dags/example_setup_teardown.py for tasks to queue
[2025-02-06T18:37:35.345+0000] {logging_mixin.py:190} INFO - [2025-02-06T18:37:35.344+0000] {dagbag.py:588} INFO - Filling up the DagBag from /home/airflow/.local/lib/python3.12/site-packages/airflow/example_dags/example_setup_teardown.py
[2025-02-06T18:37:35.358+0000] {processor.py:925} INFO - DAG(s) 'example_setup_teardown' retrieved from /home/airflow/.local/lib/python3.12/site-packages/airflow/example_dags/example_setup_teardown.py
[2025-02-06T18:37:35.389+0000] {logging_mixin.py:190} INFO - [2025-02-06T18:37:35.388+0000] {dag.py:3239} INFO - Sync 1 DAGs
[2025-02-06T18:37:35.411+0000] {logging_mixin.py:190} INFO - [2025-02-06T18:37:35.411+0000] {dag.py:4180} INFO - Setting next_dagrun for example_setup_teardown to None, run_after=None
[2025-02-06T18:37:35.438+0000] {processor.py:208} INFO - Processing /home/airflow/.local/lib/python3.12/site-packages/airflow/example_dags/example_setup_teardown.py took 0.108 seconds
[2025-02-06T18:38:06.512+0000] {processor.py:186} INFO - Started process (PID=2533) to work on /home/airflow/.local/lib/python3.12/site-packages/airflow/example_dags/example_setup_teardown.py
[2025-02-06T18:38:06.513+0000] {processor.py:914} INFO - Processing file /home/airflow/.local/lib/python3.12/site-packages/airflow/example_dags/example_setup_teardown.py for tasks to queue
[2025-02-06T18:38:06.517+0000] {logging_mixin.py:190} INFO - [2025-02-06T18:38:06.516+0000] {dagbag.py:588} INFO - Filling up the DagBag from /home/airflow/.local/lib/python3.12/site-packages/airflow/example_dags/example_setup_teardown.py
[2025-02-06T18:38:06.529+0000] {processor.py:925} INFO - DAG(s) 'example_setup_teardown' retrieved from /home/airflow/.local/lib/python3.12/site-packages/airflow/example_dags/example_setup_teardown.py
[2025-02-06T18:38:06.558+0000] {logging_mixin.py:190} INFO - [2025-02-06T18:38:06.557+0000] {dag.py:3239} INFO - Sync 1 DAGs
[2025-02-06T18:38:06.583+0000] {logging_mixin.py:190} INFO - [2025-02-06T18:38:06.583+0000] {dag.py:4180} INFO - Setting next_dagrun for example_setup_teardown to None, run_after=None
[2025-02-06T18:38:06.614+0000] {processor.py:208} INFO - Processing /home/airflow/.local/lib/python3.12/site-packages/airflow/example_dags/example_setup_teardown.py took 0.112 seconds
[2025-02-06T18:38:38.454+0000] {processor.py:186} INFO - Started process (PID=2590) to work on /home/airflow/.local/lib/python3.12/site-packages/airflow/example_dags/example_setup_teardown.py
[2025-02-06T18:38:38.456+0000] {processor.py:914} INFO - Processing file /home/airflow/.local/lib/python3.12/site-packages/airflow/example_dags/example_setup_teardown.py for tasks to queue
[2025-02-06T18:38:38.462+0000] {logging_mixin.py:190} INFO - [2025-02-06T18:38:38.461+0000] {dagbag.py:588} INFO - Filling up the DagBag from /home/airflow/.local/lib/python3.12/site-packages/airflow/example_dags/example_setup_teardown.py
[2025-02-06T18:38:38.483+0000] {processor.py:925} INFO - DAG(s) 'example_setup_teardown' retrieved from /home/airflow/.local/lib/python3.12/site-packages/airflow/example_dags/example_setup_teardown.py
[2025-02-06T18:38:38.524+0000] {logging_mixin.py:190} INFO - [2025-02-06T18:38:38.524+0000] {dag.py:3239} INFO - Sync 1 DAGs
[2025-02-06T18:38:38.555+0000] {logging_mixin.py:190} INFO - [2025-02-06T18:38:38.555+0000] {dag.py:4180} INFO - Setting next_dagrun for example_setup_teardown to None, run_after=None
[2025-02-06T18:38:38.591+0000] {processor.py:208} INFO - Processing /home/airflow/.local/lib/python3.12/site-packages/airflow/example_dags/example_setup_teardown.py took 0.148 seconds
[2025-02-06T18:39:10.370+0000] {processor.py:186} INFO - Started process (PID=2647) to work on /home/airflow/.local/lib/python3.12/site-packages/airflow/example_dags/example_setup_teardown.py
[2025-02-06T18:39:10.372+0000] {processor.py:914} INFO - Processing file /home/airflow/.local/lib/python3.12/site-packages/airflow/example_dags/example_setup_teardown.py for tasks to queue
[2025-02-06T18:39:10.376+0000] {logging_mixin.py:190} INFO - [2025-02-06T18:39:10.376+0000] {dagbag.py:588} INFO - Filling up the DagBag from /home/airflow/.local/lib/python3.12/site-packages/airflow/example_dags/example_setup_teardown.py
[2025-02-06T18:39:10.399+0000] {processor.py:925} INFO - DAG(s) 'example_setup_teardown' retrieved from /home/airflow/.local/lib/python3.12/site-packages/airflow/example_dags/example_setup_teardown.py
[2025-02-06T18:39:10.449+0000] {logging_mixin.py:190} INFO - [2025-02-06T18:39:10.448+0000] {dag.py:3239} INFO - Sync 1 DAGs
[2025-02-06T18:39:10.487+0000] {logging_mixin.py:190} INFO - [2025-02-06T18:39:10.487+0000] {dag.py:4180} INFO - Setting next_dagrun for example_setup_teardown to None, run_after=None
[2025-02-06T18:39:10.534+0000] {processor.py:208} INFO - Processing /home/airflow/.local/lib/python3.12/site-packages/airflow/example_dags/example_setup_teardown.py took 0.179 seconds
[2025-02-06T18:39:40.756+0000] {processor.py:186} INFO - Started process (PID=2702) to work on /home/airflow/.local/lib/python3.12/site-packages/airflow/example_dags/example_setup_teardown.py
[2025-02-06T18:39:40.758+0000] {processor.py:914} INFO - Processing file /home/airflow/.local/lib/python3.12/site-packages/airflow/example_dags/example_setup_teardown.py for tasks to queue
[2025-02-06T18:39:40.762+0000] {logging_mixin.py:190} INFO - [2025-02-06T18:39:40.761+0000] {dagbag.py:588} INFO - Filling up the DagBag from /home/airflow/.local/lib/python3.12/site-packages/airflow/example_dags/example_setup_teardown.py
[2025-02-06T18:39:40.778+0000] {processor.py:925} INFO - DAG(s) 'example_setup_teardown' retrieved from /home/airflow/.local/lib/python3.12/site-packages/airflow/example_dags/example_setup_teardown.py
[2025-02-06T18:39:40.821+0000] {logging_mixin.py:190} INFO - [2025-02-06T18:39:40.820+0000] {dag.py:3239} INFO - Sync 1 DAGs
[2025-02-06T18:39:40.846+0000] {logging_mixin.py:190} INFO - [2025-02-06T18:39:40.845+0000] {dag.py:4180} INFO - Setting next_dagrun for example_setup_teardown to None, run_after=None
[2025-02-06T18:39:40.872+0000] {processor.py:208} INFO - Processing /home/airflow/.local/lib/python3.12/site-packages/airflow/example_dags/example_setup_teardown.py took 0.127 seconds
[2025-02-06T18:40:10.988+0000] {processor.py:186} INFO - Started process (PID=2758) to work on /home/airflow/.local/lib/python3.12/site-packages/airflow/example_dags/example_setup_teardown.py
[2025-02-06T18:40:10.990+0000] {processor.py:914} INFO - Processing file /home/airflow/.local/lib/python3.12/site-packages/airflow/example_dags/example_setup_teardown.py for tasks to queue
[2025-02-06T18:40:10.995+0000] {logging_mixin.py:190} INFO - [2025-02-06T18:40:10.994+0000] {dagbag.py:588} INFO - Filling up the DagBag from /home/airflow/.local/lib/python3.12/site-packages/airflow/example_dags/example_setup_teardown.py
[2025-02-06T18:40:11.012+0000] {processor.py:925} INFO - DAG(s) 'example_setup_teardown' retrieved from /home/airflow/.local/lib/python3.12/site-packages/airflow/example_dags/example_setup_teardown.py
[2025-02-06T18:40:11.051+0000] {logging_mixin.py:190} INFO - [2025-02-06T18:40:11.050+0000] {dag.py:3239} INFO - Sync 1 DAGs
[2025-02-06T18:40:11.313+0000] {logging_mixin.py:190} INFO - [2025-02-06T18:40:11.313+0000] {dag.py:4180} INFO - Setting next_dagrun for example_setup_teardown to None, run_after=None
[2025-02-06T18:40:11.335+0000] {processor.py:208} INFO - Processing /home/airflow/.local/lib/python3.12/site-packages/airflow/example_dags/example_setup_teardown.py took 0.358 seconds
[2025-02-06T18:40:41.648+0000] {processor.py:186} INFO - Started process (PID=2815) to work on /home/airflow/.local/lib/python3.12/site-packages/airflow/example_dags/example_setup_teardown.py
[2025-02-06T18:40:41.666+0000] {processor.py:914} INFO - Processing file /home/airflow/.local/lib/python3.12/site-packages/airflow/example_dags/example_setup_teardown.py for tasks to queue
[2025-02-06T18:40:41.674+0000] {logging_mixin.py:190} INFO - [2025-02-06T18:40:41.672+0000] {dagbag.py:588} INFO - Filling up the DagBag from /home/airflow/.local/lib/python3.12/site-packages/airflow/example_dags/example_setup_teardown.py
[2025-02-06T18:40:41.701+0000] {processor.py:925} INFO - DAG(s) 'example_setup_teardown' retrieved from /home/airflow/.local/lib/python3.12/site-packages/airflow/example_dags/example_setup_teardown.py
[2025-02-06T18:40:41.729+0000] {logging_mixin.py:190} INFO - [2025-02-06T18:40:41.729+0000] {dag.py:3239} INFO - Sync 1 DAGs
[2025-02-06T18:40:41.748+0000] {logging_mixin.py:190} INFO - [2025-02-06T18:40:41.748+0000] {dag.py:4180} INFO - Setting next_dagrun for example_setup_teardown to None, run_after=None
[2025-02-06T18:40:42.038+0000] {processor.py:208} INFO - Processing /home/airflow/.local/lib/python3.12/site-packages/airflow/example_dags/example_setup_teardown.py took 0.408 seconds
[2025-02-06T18:41:12.201+0000] {processor.py:186} INFO - Started process (PID=2872) to work on /home/airflow/.local/lib/python3.12/site-packages/airflow/example_dags/example_setup_teardown.py
[2025-02-06T18:41:12.206+0000] {processor.py:914} INFO - Processing file /home/airflow/.local/lib/python3.12/site-packages/airflow/example_dags/example_setup_teardown.py for tasks to queue
[2025-02-06T18:41:12.209+0000] {logging_mixin.py:190} INFO - [2025-02-06T18:41:12.209+0000] {dagbag.py:588} INFO - Filling up the DagBag from /home/airflow/.local/lib/python3.12/site-packages/airflow/example_dags/example_setup_teardown.py
[2025-02-06T18:41:12.231+0000] {processor.py:925} INFO - DAG(s) 'example_setup_teardown' retrieved from /home/airflow/.local/lib/python3.12/site-packages/airflow/example_dags/example_setup_teardown.py
[2025-02-06T18:41:12.277+0000] {logging_mixin.py:190} INFO - [2025-02-06T18:41:12.276+0000] {dag.py:3239} INFO - Sync 1 DAGs
[2025-02-06T18:41:12.314+0000] {logging_mixin.py:190} INFO - [2025-02-06T18:41:12.314+0000] {dag.py:4180} INFO - Setting next_dagrun for example_setup_teardown to None, run_after=None
[2025-02-06T18:41:12.363+0000] {processor.py:208} INFO - Processing /home/airflow/.local/lib/python3.12/site-packages/airflow/example_dags/example_setup_teardown.py took 0.173 seconds
[2025-02-06T18:41:42.428+0000] {processor.py:186} INFO - Started process (PID=2928) to work on /home/airflow/.local/lib/python3.12/site-packages/airflow/example_dags/example_setup_teardown.py
[2025-02-06T18:41:42.429+0000] {processor.py:914} INFO - Processing file /home/airflow/.local/lib/python3.12/site-packages/airflow/example_dags/example_setup_teardown.py for tasks to queue
[2025-02-06T18:41:42.433+0000] {logging_mixin.py:190} INFO - [2025-02-06T18:41:42.432+0000] {dagbag.py:588} INFO - Filling up the DagBag from /home/airflow/.local/lib/python3.12/site-packages/airflow/example_dags/example_setup_teardown.py
[2025-02-06T18:41:42.443+0000] {processor.py:925} INFO - DAG(s) 'example_setup_teardown' retrieved from /home/airflow/.local/lib/python3.12/site-packages/airflow/example_dags/example_setup_teardown.py
[2025-02-06T18:41:42.472+0000] {logging_mixin.py:190} INFO - [2025-02-06T18:41:42.472+0000] {dag.py:3239} INFO - Sync 1 DAGs
[2025-02-06T18:41:42.493+0000] {logging_mixin.py:190} INFO - [2025-02-06T18:41:42.493+0000] {dag.py:4180} INFO - Setting next_dagrun for example_setup_teardown to None, run_after=None
[2025-02-06T18:41:42.522+0000] {processor.py:208} INFO - Processing /home/airflow/.local/lib/python3.12/site-packages/airflow/example_dags/example_setup_teardown.py took 0.104 seconds
[2025-02-06T18:42:13.343+0000] {processor.py:186} INFO - Started process (PID=2985) to work on /home/airflow/.local/lib/python3.12/site-packages/airflow/example_dags/example_setup_teardown.py
[2025-02-06T18:42:13.345+0000] {processor.py:914} INFO - Processing file /home/airflow/.local/lib/python3.12/site-packages/airflow/example_dags/example_setup_teardown.py for tasks to queue
[2025-02-06T18:42:13.352+0000] {logging_mixin.py:190} INFO - [2025-02-06T18:42:13.351+0000] {dagbag.py:588} INFO - Filling up the DagBag from /home/airflow/.local/lib/python3.12/site-packages/airflow/example_dags/example_setup_teardown.py
[2025-02-06T18:42:13.377+0000] {processor.py:925} INFO - DAG(s) 'example_setup_teardown' retrieved from /home/airflow/.local/lib/python3.12/site-packages/airflow/example_dags/example_setup_teardown.py
[2025-02-06T18:42:13.445+0000] {logging_mixin.py:190} INFO - [2025-02-06T18:42:13.444+0000] {dag.py:3239} INFO - Sync 1 DAGs
[2025-02-06T18:42:13.482+0000] {logging_mixin.py:190} INFO - [2025-02-06T18:42:13.482+0000] {dag.py:4180} INFO - Setting next_dagrun for example_setup_teardown to None, run_after=None
[2025-02-06T18:42:13.528+0000] {processor.py:208} INFO - Processing /home/airflow/.local/lib/python3.12/site-packages/airflow/example_dags/example_setup_teardown.py took 0.196 seconds
[2025-02-06T18:42:43.646+0000] {processor.py:186} INFO - Started process (PID=3042) to work on /home/airflow/.local/lib/python3.12/site-packages/airflow/example_dags/example_setup_teardown.py
[2025-02-06T18:42:43.648+0000] {processor.py:914} INFO - Processing file /home/airflow/.local/lib/python3.12/site-packages/airflow/example_dags/example_setup_teardown.py for tasks to queue
[2025-02-06T18:42:43.654+0000] {logging_mixin.py:190} INFO - [2025-02-06T18:42:43.653+0000] {dagbag.py:588} INFO - Filling up the DagBag from /home/airflow/.local/lib/python3.12/site-packages/airflow/example_dags/example_setup_teardown.py
[2025-02-06T18:42:43.668+0000] {processor.py:925} INFO - DAG(s) 'example_setup_teardown' retrieved from /home/airflow/.local/lib/python3.12/site-packages/airflow/example_dags/example_setup_teardown.py
[2025-02-06T18:42:43.697+0000] {logging_mixin.py:190} INFO - [2025-02-06T18:42:43.697+0000] {dag.py:3239} INFO - Sync 1 DAGs
[2025-02-06T18:42:43.725+0000] {logging_mixin.py:190} INFO - [2025-02-06T18:42:43.725+0000] {dag.py:4180} INFO - Setting next_dagrun for example_setup_teardown to None, run_after=None
[2025-02-06T18:42:43.751+0000] {processor.py:208} INFO - Processing /home/airflow/.local/lib/python3.12/site-packages/airflow/example_dags/example_setup_teardown.py took 0.115 seconds
[2025-02-06T18:43:14.254+0000] {processor.py:186} INFO - Started process (PID=3099) to work on /home/airflow/.local/lib/python3.12/site-packages/airflow/example_dags/example_setup_teardown.py
[2025-02-06T18:43:14.255+0000] {processor.py:914} INFO - Processing file /home/airflow/.local/lib/python3.12/site-packages/airflow/example_dags/example_setup_teardown.py for tasks to queue
[2025-02-06T18:43:14.258+0000] {logging_mixin.py:190} INFO - [2025-02-06T18:43:14.258+0000] {dagbag.py:588} INFO - Filling up the DagBag from /home/airflow/.local/lib/python3.12/site-packages/airflow/example_dags/example_setup_teardown.py
[2025-02-06T18:43:14.269+0000] {processor.py:925} INFO - DAG(s) 'example_setup_teardown' retrieved from /home/airflow/.local/lib/python3.12/site-packages/airflow/example_dags/example_setup_teardown.py
[2025-02-06T18:43:14.294+0000] {logging_mixin.py:190} INFO - [2025-02-06T18:43:14.294+0000] {dag.py:3239} INFO - Sync 1 DAGs
[2025-02-06T18:43:14.313+0000] {logging_mixin.py:190} INFO - [2025-02-06T18:43:14.312+0000] {dag.py:4180} INFO - Setting next_dagrun for example_setup_teardown to None, run_after=None
[2025-02-06T18:43:14.338+0000] {processor.py:208} INFO - Processing /home/airflow/.local/lib/python3.12/site-packages/airflow/example_dags/example_setup_teardown.py took 0.095 seconds
[2025-02-06T18:43:44.502+0000] {processor.py:186} INFO - Started process (PID=3156) to work on /home/airflow/.local/lib/python3.12/site-packages/airflow/example_dags/example_setup_teardown.py
[2025-02-06T18:43:44.503+0000] {processor.py:914} INFO - Processing file /home/airflow/.local/lib/python3.12/site-packages/airflow/example_dags/example_setup_teardown.py for tasks to queue
[2025-02-06T18:43:44.507+0000] {logging_mixin.py:190} INFO - [2025-02-06T18:43:44.507+0000] {dagbag.py:588} INFO - Filling up the DagBag from /home/airflow/.local/lib/python3.12/site-packages/airflow/example_dags/example_setup_teardown.py
[2025-02-06T18:43:44.520+0000] {processor.py:925} INFO - DAG(s) 'example_setup_teardown' retrieved from /home/airflow/.local/lib/python3.12/site-packages/airflow/example_dags/example_setup_teardown.py
[2025-02-06T18:43:44.559+0000] {logging_mixin.py:190} INFO - [2025-02-06T18:43:44.559+0000] {dag.py:3239} INFO - Sync 1 DAGs
[2025-02-06T18:43:44.583+0000] {logging_mixin.py:190} INFO - [2025-02-06T18:43:44.583+0000] {dag.py:4180} INFO - Setting next_dagrun for example_setup_teardown to None, run_after=None
[2025-02-06T18:43:44.607+0000] {processor.py:208} INFO - Processing /home/airflow/.local/lib/python3.12/site-packages/airflow/example_dags/example_setup_teardown.py took 0.117 seconds
[2025-02-06T18:44:15.221+0000] {processor.py:186} INFO - Started process (PID=3212) to work on /home/airflow/.local/lib/python3.12/site-packages/airflow/example_dags/example_setup_teardown.py
[2025-02-06T18:44:15.222+0000] {processor.py:914} INFO - Processing file /home/airflow/.local/lib/python3.12/site-packages/airflow/example_dags/example_setup_teardown.py for tasks to queue
[2025-02-06T18:44:15.226+0000] {logging_mixin.py:190} INFO - [2025-02-06T18:44:15.226+0000] {dagbag.py:588} INFO - Filling up the DagBag from /home/airflow/.local/lib/python3.12/site-packages/airflow/example_dags/example_setup_teardown.py
[2025-02-06T18:44:15.239+0000] {processor.py:925} INFO - DAG(s) 'example_setup_teardown' retrieved from /home/airflow/.local/lib/python3.12/site-packages/airflow/example_dags/example_setup_teardown.py
[2025-02-06T18:44:15.273+0000] {logging_mixin.py:190} INFO - [2025-02-06T18:44:15.273+0000] {dag.py:3239} INFO - Sync 1 DAGs
[2025-02-06T18:44:15.299+0000] {logging_mixin.py:190} INFO - [2025-02-06T18:44:15.299+0000] {dag.py:4180} INFO - Setting next_dagrun for example_setup_teardown to None, run_after=None
[2025-02-06T18:44:15.333+0000] {processor.py:208} INFO - Processing /home/airflow/.local/lib/python3.12/site-packages/airflow/example_dags/example_setup_teardown.py took 0.121 seconds
[2025-02-06T18:44:45.552+0000] {processor.py:186} INFO - Started process (PID=3268) to work on /home/airflow/.local/lib/python3.12/site-packages/airflow/example_dags/example_setup_teardown.py
[2025-02-06T18:44:45.554+0000] {processor.py:914} INFO - Processing file /home/airflow/.local/lib/python3.12/site-packages/airflow/example_dags/example_setup_teardown.py for tasks to queue
[2025-02-06T18:44:45.561+0000] {logging_mixin.py:190} INFO - [2025-02-06T18:44:45.560+0000] {dagbag.py:588} INFO - Filling up the DagBag from /home/airflow/.local/lib/python3.12/site-packages/airflow/example_dags/example_setup_teardown.py
[2025-02-06T18:44:45.575+0000] {processor.py:925} INFO - DAG(s) 'example_setup_teardown' retrieved from /home/airflow/.local/lib/python3.12/site-packages/airflow/example_dags/example_setup_teardown.py
[2025-02-06T18:44:45.606+0000] {logging_mixin.py:190} INFO - [2025-02-06T18:44:45.606+0000] {dag.py:3239} INFO - Sync 1 DAGs
[2025-02-06T18:44:45.628+0000] {logging_mixin.py:190} INFO - [2025-02-06T18:44:45.628+0000] {dag.py:4180} INFO - Setting next_dagrun for example_setup_teardown to None, run_after=None
[2025-02-06T18:44:45.659+0000] {processor.py:208} INFO - Processing /home/airflow/.local/lib/python3.12/site-packages/airflow/example_dags/example_setup_teardown.py took 0.116 seconds
[2025-02-06T18:45:16.516+0000] {processor.py:186} INFO - Started process (PID=3324) to work on /home/airflow/.local/lib/python3.12/site-packages/airflow/example_dags/example_setup_teardown.py
[2025-02-06T18:45:16.518+0000] {processor.py:914} INFO - Processing file /home/airflow/.local/lib/python3.12/site-packages/airflow/example_dags/example_setup_teardown.py for tasks to queue
[2025-02-06T18:45:16.523+0000] {logging_mixin.py:190} INFO - [2025-02-06T18:45:16.522+0000] {dagbag.py:588} INFO - Filling up the DagBag from /home/airflow/.local/lib/python3.12/site-packages/airflow/example_dags/example_setup_teardown.py
[2025-02-06T18:45:16.535+0000] {processor.py:925} INFO - DAG(s) 'example_setup_teardown' retrieved from /home/airflow/.local/lib/python3.12/site-packages/airflow/example_dags/example_setup_teardown.py
[2025-02-06T18:45:16.572+0000] {logging_mixin.py:190} INFO - [2025-02-06T18:45:16.572+0000] {dag.py:3239} INFO - Sync 1 DAGs
[2025-02-06T18:45:16.597+0000] {logging_mixin.py:190} INFO - [2025-02-06T18:45:16.597+0000] {dag.py:4180} INFO - Setting next_dagrun for example_setup_teardown to None, run_after=None
[2025-02-06T18:45:16.641+0000] {processor.py:208} INFO - Processing /home/airflow/.local/lib/python3.12/site-packages/airflow/example_dags/example_setup_teardown.py took 0.134 seconds
[2025-02-06T18:45:47.685+0000] {processor.py:186} INFO - Started process (PID=3381) to work on /home/airflow/.local/lib/python3.12/site-packages/airflow/example_dags/example_setup_teardown.py
[2025-02-06T18:45:47.687+0000] {processor.py:914} INFO - Processing file /home/airflow/.local/lib/python3.12/site-packages/airflow/example_dags/example_setup_teardown.py for tasks to queue
[2025-02-06T18:45:47.693+0000] {logging_mixin.py:190} INFO - [2025-02-06T18:45:47.692+0000] {dagbag.py:588} INFO - Filling up the DagBag from /home/airflow/.local/lib/python3.12/site-packages/airflow/example_dags/example_setup_teardown.py
[2025-02-06T18:45:47.715+0000] {processor.py:925} INFO - DAG(s) 'example_setup_teardown' retrieved from /home/airflow/.local/lib/python3.12/site-packages/airflow/example_dags/example_setup_teardown.py
[2025-02-06T18:45:47.768+0000] {logging_mixin.py:190} INFO - [2025-02-06T18:45:47.767+0000] {dag.py:3239} INFO - Sync 1 DAGs
[2025-02-06T18:45:47.828+0000] {logging_mixin.py:190} INFO - [2025-02-06T18:45:47.826+0000] {dag.py:4180} INFO - Setting next_dagrun for example_setup_teardown to None, run_after=None
[2025-02-06T18:45:47.887+0000] {processor.py:208} INFO - Processing /home/airflow/.local/lib/python3.12/site-packages/airflow/example_dags/example_setup_teardown.py took 0.215 seconds
[2025-02-06T18:46:17.982+0000] {processor.py:186} INFO - Started process (PID=3438) to work on /home/airflow/.local/lib/python3.12/site-packages/airflow/example_dags/example_setup_teardown.py
[2025-02-06T18:46:17.984+0000] {processor.py:914} INFO - Processing file /home/airflow/.local/lib/python3.12/site-packages/airflow/example_dags/example_setup_teardown.py for tasks to queue
[2025-02-06T18:46:17.987+0000] {logging_mixin.py:190} INFO - [2025-02-06T18:46:17.986+0000] {dagbag.py:588} INFO - Filling up the DagBag from /home/airflow/.local/lib/python3.12/site-packages/airflow/example_dags/example_setup_teardown.py
[2025-02-06T18:46:17.999+0000] {processor.py:925} INFO - DAG(s) 'example_setup_teardown' retrieved from /home/airflow/.local/lib/python3.12/site-packages/airflow/example_dags/example_setup_teardown.py
[2025-02-06T18:46:18.031+0000] {logging_mixin.py:190} INFO - [2025-02-06T18:46:18.031+0000] {dag.py:3239} INFO - Sync 1 DAGs
[2025-02-06T18:46:18.051+0000] {logging_mixin.py:190} INFO - [2025-02-06T18:46:18.051+0000] {dag.py:4180} INFO - Setting next_dagrun for example_setup_teardown to None, run_after=None
[2025-02-06T18:46:18.078+0000] {processor.py:208} INFO - Processing /home/airflow/.local/lib/python3.12/site-packages/airflow/example_dags/example_setup_teardown.py took 0.105 seconds
[2025-02-06T18:46:48.966+0000] {processor.py:186} INFO - Started process (PID=3495) to work on /home/airflow/.local/lib/python3.12/site-packages/airflow/example_dags/example_setup_teardown.py
[2025-02-06T18:46:48.967+0000] {processor.py:914} INFO - Processing file /home/airflow/.local/lib/python3.12/site-packages/airflow/example_dags/example_setup_teardown.py for tasks to queue
[2025-02-06T18:46:48.970+0000] {logging_mixin.py:190} INFO - [2025-02-06T18:46:48.970+0000] {dagbag.py:588} INFO - Filling up the DagBag from /home/airflow/.local/lib/python3.12/site-packages/airflow/example_dags/example_setup_teardown.py
[2025-02-06T18:46:48.984+0000] {processor.py:925} INFO - DAG(s) 'example_setup_teardown' retrieved from /home/airflow/.local/lib/python3.12/site-packages/airflow/example_dags/example_setup_teardown.py
[2025-02-06T18:46:49.018+0000] {logging_mixin.py:190} INFO - [2025-02-06T18:46:49.018+0000] {dag.py:3239} INFO - Sync 1 DAGs
[2025-02-06T18:46:49.044+0000] {logging_mixin.py:190} INFO - [2025-02-06T18:46:49.044+0000] {dag.py:4180} INFO - Setting next_dagrun for example_setup_teardown to None, run_after=None
[2025-02-06T18:46:49.073+0000] {processor.py:208} INFO - Processing /home/airflow/.local/lib/python3.12/site-packages/airflow/example_dags/example_setup_teardown.py took 0.115 seconds
[2025-02-06T18:47:19.333+0000] {processor.py:186} INFO - Started process (PID=3552) to work on /home/airflow/.local/lib/python3.12/site-packages/airflow/example_dags/example_setup_teardown.py
[2025-02-06T18:47:19.335+0000] {processor.py:914} INFO - Processing file /home/airflow/.local/lib/python3.12/site-packages/airflow/example_dags/example_setup_teardown.py for tasks to queue
[2025-02-06T18:47:19.338+0000] {logging_mixin.py:190} INFO - [2025-02-06T18:47:19.338+0000] {dagbag.py:588} INFO - Filling up the DagBag from /home/airflow/.local/lib/python3.12/site-packages/airflow/example_dags/example_setup_teardown.py
[2025-02-06T18:47:19.352+0000] {processor.py:925} INFO - DAG(s) 'example_setup_teardown' retrieved from /home/airflow/.local/lib/python3.12/site-packages/airflow/example_dags/example_setup_teardown.py
[2025-02-06T18:47:19.384+0000] {logging_mixin.py:190} INFO - [2025-02-06T18:47:19.384+0000] {dag.py:3239} INFO - Sync 1 DAGs
[2025-02-06T18:47:19.405+0000] {logging_mixin.py:190} INFO - [2025-02-06T18:47:19.404+0000] {dag.py:4180} INFO - Setting next_dagrun for example_setup_teardown to None, run_after=None
[2025-02-06T18:47:19.429+0000] {processor.py:208} INFO - Processing /home/airflow/.local/lib/python3.12/site-packages/airflow/example_dags/example_setup_teardown.py took 0.105 seconds
[2025-02-06T18:47:49.812+0000] {processor.py:186} INFO - Started process (PID=3609) to work on /home/airflow/.local/lib/python3.12/site-packages/airflow/example_dags/example_setup_teardown.py
[2025-02-06T18:47:49.813+0000] {processor.py:914} INFO - Processing file /home/airflow/.local/lib/python3.12/site-packages/airflow/example_dags/example_setup_teardown.py for tasks to queue
[2025-02-06T18:47:49.816+0000] {logging_mixin.py:190} INFO - [2025-02-06T18:47:49.816+0000] {dagbag.py:588} INFO - Filling up the DagBag from /home/airflow/.local/lib/python3.12/site-packages/airflow/example_dags/example_setup_teardown.py
[2025-02-06T18:47:49.828+0000] {processor.py:925} INFO - DAG(s) 'example_setup_teardown' retrieved from /home/airflow/.local/lib/python3.12/site-packages/airflow/example_dags/example_setup_teardown.py
[2025-02-06T18:47:49.856+0000] {logging_mixin.py:190} INFO - [2025-02-06T18:47:49.856+0000] {dag.py:3239} INFO - Sync 1 DAGs
[2025-02-06T18:47:49.876+0000] {logging_mixin.py:190} INFO - [2025-02-06T18:47:49.876+0000] {dag.py:4180} INFO - Setting next_dagrun for example_setup_teardown to None, run_after=None
[2025-02-06T18:47:49.901+0000] {processor.py:208} INFO - Processing /home/airflow/.local/lib/python3.12/site-packages/airflow/example_dags/example_setup_teardown.py took 0.098 seconds
[2025-02-06T18:48:20.285+0000] {processor.py:186} INFO - Started process (PID=3666) to work on /home/airflow/.local/lib/python3.12/site-packages/airflow/example_dags/example_setup_teardown.py
[2025-02-06T18:48:20.287+0000] {processor.py:914} INFO - Processing file /home/airflow/.local/lib/python3.12/site-packages/airflow/example_dags/example_setup_teardown.py for tasks to queue
[2025-02-06T18:48:20.292+0000] {logging_mixin.py:190} INFO - [2025-02-06T18:48:20.290+0000] {dagbag.py:588} INFO - Filling up the DagBag from /home/airflow/.local/lib/python3.12/site-packages/airflow/example_dags/example_setup_teardown.py
[2025-02-06T18:48:20.305+0000] {processor.py:925} INFO - DAG(s) 'example_setup_teardown' retrieved from /home/airflow/.local/lib/python3.12/site-packages/airflow/example_dags/example_setup_teardown.py
[2025-02-06T18:48:20.338+0000] {logging_mixin.py:190} INFO - [2025-02-06T18:48:20.337+0000] {dag.py:3239} INFO - Sync 1 DAGs
[2025-02-06T18:48:20.360+0000] {logging_mixin.py:190} INFO - [2025-02-06T18:48:20.359+0000] {dag.py:4180} INFO - Setting next_dagrun for example_setup_teardown to None, run_after=None
[2025-02-06T18:48:20.388+0000] {processor.py:208} INFO - Processing /home/airflow/.local/lib/python3.12/site-packages/airflow/example_dags/example_setup_teardown.py took 0.112 seconds
[2025-02-06T18:48:50.660+0000] {processor.py:186} INFO - Started process (PID=3723) to work on /home/airflow/.local/lib/python3.12/site-packages/airflow/example_dags/example_setup_teardown.py
[2025-02-06T18:48:50.662+0000] {processor.py:914} INFO - Processing file /home/airflow/.local/lib/python3.12/site-packages/airflow/example_dags/example_setup_teardown.py for tasks to queue
[2025-02-06T18:48:50.666+0000] {logging_mixin.py:190} INFO - [2025-02-06T18:48:50.665+0000] {dagbag.py:588} INFO - Filling up the DagBag from /home/airflow/.local/lib/python3.12/site-packages/airflow/example_dags/example_setup_teardown.py
[2025-02-06T18:48:50.680+0000] {processor.py:925} INFO - DAG(s) 'example_setup_teardown' retrieved from /home/airflow/.local/lib/python3.12/site-packages/airflow/example_dags/example_setup_teardown.py
[2025-02-06T18:48:50.710+0000] {logging_mixin.py:190} INFO - [2025-02-06T18:48:50.709+0000] {dag.py:3239} INFO - Sync 1 DAGs
[2025-02-06T18:48:50.728+0000] {logging_mixin.py:190} INFO - [2025-02-06T18:48:50.728+0000] {dag.py:4180} INFO - Setting next_dagrun for example_setup_teardown to None, run_after=None
[2025-02-06T18:48:50.755+0000] {processor.py:208} INFO - Processing /home/airflow/.local/lib/python3.12/site-packages/airflow/example_dags/example_setup_teardown.py took 0.103 seconds
[2025-02-06T18:49:20.990+0000] {processor.py:186} INFO - Started process (PID=3780) to work on /home/airflow/.local/lib/python3.12/site-packages/airflow/example_dags/example_setup_teardown.py
[2025-02-06T18:49:20.991+0000] {processor.py:914} INFO - Processing file /home/airflow/.local/lib/python3.12/site-packages/airflow/example_dags/example_setup_teardown.py for tasks to queue
[2025-02-06T18:49:20.994+0000] {logging_mixin.py:190} INFO - [2025-02-06T18:49:20.994+0000] {dagbag.py:588} INFO - Filling up the DagBag from /home/airflow/.local/lib/python3.12/site-packages/airflow/example_dags/example_setup_teardown.py
[2025-02-06T18:49:21.006+0000] {processor.py:925} INFO - DAG(s) 'example_setup_teardown' retrieved from /home/airflow/.local/lib/python3.12/site-packages/airflow/example_dags/example_setup_teardown.py
[2025-02-06T18:49:21.035+0000] {logging_mixin.py:190} INFO - [2025-02-06T18:49:21.035+0000] {dag.py:3239} INFO - Sync 1 DAGs
[2025-02-06T18:49:21.061+0000] {logging_mixin.py:190} INFO - [2025-02-06T18:49:21.060+0000] {dag.py:4180} INFO - Setting next_dagrun for example_setup_teardown to None, run_after=None
[2025-02-06T18:49:21.093+0000] {processor.py:208} INFO - Processing /home/airflow/.local/lib/python3.12/site-packages/airflow/example_dags/example_setup_teardown.py took 0.112 seconds
[2025-02-06T18:49:51.719+0000] {processor.py:186} INFO - Started process (PID=3837) to work on /home/airflow/.local/lib/python3.12/site-packages/airflow/example_dags/example_setup_teardown.py
[2025-02-06T18:49:51.721+0000] {processor.py:914} INFO - Processing file /home/airflow/.local/lib/python3.12/site-packages/airflow/example_dags/example_setup_teardown.py for tasks to queue
[2025-02-06T18:49:51.725+0000] {logging_mixin.py:190} INFO - [2025-02-06T18:49:51.725+0000] {dagbag.py:588} INFO - Filling up the DagBag from /home/airflow/.local/lib/python3.12/site-packages/airflow/example_dags/example_setup_teardown.py
[2025-02-06T18:49:51.744+0000] {processor.py:925} INFO - DAG(s) 'example_setup_teardown' retrieved from /home/airflow/.local/lib/python3.12/site-packages/airflow/example_dags/example_setup_teardown.py
[2025-02-06T18:49:51.781+0000] {logging_mixin.py:190} INFO - [2025-02-06T18:49:51.780+0000] {dag.py:3239} INFO - Sync 1 DAGs
[2025-02-06T18:49:51.808+0000] {logging_mixin.py:190} INFO - [2025-02-06T18:49:51.808+0000] {dag.py:4180} INFO - Setting next_dagrun for example_setup_teardown to None, run_after=None
[2025-02-06T18:49:51.836+0000] {processor.py:208} INFO - Processing /home/airflow/.local/lib/python3.12/site-packages/airflow/example_dags/example_setup_teardown.py took 0.133 seconds
[2025-02-06T18:50:22.342+0000] {processor.py:186} INFO - Started process (PID=3894) to work on /home/airflow/.local/lib/python3.12/site-packages/airflow/example_dags/example_setup_teardown.py
[2025-02-06T18:50:22.345+0000] {processor.py:914} INFO - Processing file /home/airflow/.local/lib/python3.12/site-packages/airflow/example_dags/example_setup_teardown.py for tasks to queue
[2025-02-06T18:50:22.350+0000] {logging_mixin.py:190} INFO - [2025-02-06T18:50:22.349+0000] {dagbag.py:588} INFO - Filling up the DagBag from /home/airflow/.local/lib/python3.12/site-packages/airflow/example_dags/example_setup_teardown.py
[2025-02-06T18:50:22.371+0000] {processor.py:925} INFO - DAG(s) 'example_setup_teardown' retrieved from /home/airflow/.local/lib/python3.12/site-packages/airflow/example_dags/example_setup_teardown.py
[2025-02-06T18:50:22.421+0000] {logging_mixin.py:190} INFO - [2025-02-06T18:50:22.418+0000] {dag.py:3239} INFO - Sync 1 DAGs
[2025-02-06T18:50:22.457+0000] {logging_mixin.py:190} INFO - [2025-02-06T18:50:22.456+0000] {dag.py:4180} INFO - Setting next_dagrun for example_setup_teardown to None, run_after=None
[2025-02-06T18:50:22.515+0000] {processor.py:208} INFO - Processing /home/airflow/.local/lib/python3.12/site-packages/airflow/example_dags/example_setup_teardown.py took 0.186 seconds
[2025-02-06T18:50:52.666+0000] {processor.py:186} INFO - Started process (PID=3950) to work on /home/airflow/.local/lib/python3.12/site-packages/airflow/example_dags/example_setup_teardown.py
[2025-02-06T18:50:52.668+0000] {processor.py:914} INFO - Processing file /home/airflow/.local/lib/python3.12/site-packages/airflow/example_dags/example_setup_teardown.py for tasks to queue
[2025-02-06T18:50:52.672+0000] {logging_mixin.py:190} INFO - [2025-02-06T18:50:52.671+0000] {dagbag.py:588} INFO - Filling up the DagBag from /home/airflow/.local/lib/python3.12/site-packages/airflow/example_dags/example_setup_teardown.py
[2025-02-06T18:50:52.686+0000] {processor.py:925} INFO - DAG(s) 'example_setup_teardown' retrieved from /home/airflow/.local/lib/python3.12/site-packages/airflow/example_dags/example_setup_teardown.py
[2025-02-06T18:50:52.715+0000] {logging_mixin.py:190} INFO - [2025-02-06T18:50:52.715+0000] {dag.py:3239} INFO - Sync 1 DAGs
[2025-02-06T18:50:52.737+0000] {logging_mixin.py:190} INFO - [2025-02-06T18:50:52.737+0000] {dag.py:4180} INFO - Setting next_dagrun for example_setup_teardown to None, run_after=None
[2025-02-06T18:50:52.789+0000] {processor.py:208} INFO - Processing /home/airflow/.local/lib/python3.12/site-packages/airflow/example_dags/example_setup_teardown.py took 0.134 seconds
[2025-02-06T18:51:22.862+0000] {processor.py:186} INFO - Started process (PID=4006) to work on /home/airflow/.local/lib/python3.12/site-packages/airflow/example_dags/example_setup_teardown.py
[2025-02-06T18:51:22.864+0000] {processor.py:914} INFO - Processing file /home/airflow/.local/lib/python3.12/site-packages/airflow/example_dags/example_setup_teardown.py for tasks to queue
[2025-02-06T18:51:22.868+0000] {logging_mixin.py:190} INFO - [2025-02-06T18:51:22.867+0000] {dagbag.py:588} INFO - Filling up the DagBag from /home/airflow/.local/lib/python3.12/site-packages/airflow/example_dags/example_setup_teardown.py
[2025-02-06T18:51:22.882+0000] {processor.py:925} INFO - DAG(s) 'example_setup_teardown' retrieved from /home/airflow/.local/lib/python3.12/site-packages/airflow/example_dags/example_setup_teardown.py
[2025-02-06T18:51:22.930+0000] {logging_mixin.py:190} INFO - [2025-02-06T18:51:22.929+0000] {dag.py:3239} INFO - Sync 1 DAGs
[2025-02-06T18:51:22.975+0000] {logging_mixin.py:190} INFO - [2025-02-06T18:51:22.975+0000] {dag.py:4180} INFO - Setting next_dagrun for example_setup_teardown to None, run_after=None
[2025-02-06T18:51:23.014+0000] {processor.py:208} INFO - Processing /home/airflow/.local/lib/python3.12/site-packages/airflow/example_dags/example_setup_teardown.py took 0.168 seconds
[2025-02-06T18:51:53.430+0000] {processor.py:186} INFO - Started process (PID=4063) to work on /home/airflow/.local/lib/python3.12/site-packages/airflow/example_dags/example_setup_teardown.py
[2025-02-06T18:51:53.432+0000] {processor.py:914} INFO - Processing file /home/airflow/.local/lib/python3.12/site-packages/airflow/example_dags/example_setup_teardown.py for tasks to queue
[2025-02-06T18:51:53.436+0000] {logging_mixin.py:190} INFO - [2025-02-06T18:51:53.436+0000] {dagbag.py:588} INFO - Filling up the DagBag from /home/airflow/.local/lib/python3.12/site-packages/airflow/example_dags/example_setup_teardown.py
[2025-02-06T18:51:53.451+0000] {processor.py:925} INFO - DAG(s) 'example_setup_teardown' retrieved from /home/airflow/.local/lib/python3.12/site-packages/airflow/example_dags/example_setup_teardown.py
[2025-02-06T18:51:53.498+0000] {logging_mixin.py:190} INFO - [2025-02-06T18:51:53.498+0000] {dag.py:3239} INFO - Sync 1 DAGs
[2025-02-06T18:51:53.531+0000] {logging_mixin.py:190} INFO - [2025-02-06T18:51:53.530+0000] {dag.py:4180} INFO - Setting next_dagrun for example_setup_teardown to None, run_after=None
[2025-02-06T18:51:53.586+0000] {processor.py:208} INFO - Processing /home/airflow/.local/lib/python3.12/site-packages/airflow/example_dags/example_setup_teardown.py took 0.169 seconds
[2025-02-06T18:52:23.735+0000] {processor.py:186} INFO - Started process (PID=4119) to work on /home/airflow/.local/lib/python3.12/site-packages/airflow/example_dags/example_setup_teardown.py
[2025-02-06T18:52:23.738+0000] {processor.py:914} INFO - Processing file /home/airflow/.local/lib/python3.12/site-packages/airflow/example_dags/example_setup_teardown.py for tasks to queue
[2025-02-06T18:52:23.742+0000] {logging_mixin.py:190} INFO - [2025-02-06T18:52:23.741+0000] {dagbag.py:588} INFO - Filling up the DagBag from /home/airflow/.local/lib/python3.12/site-packages/airflow/example_dags/example_setup_teardown.py
[2025-02-06T18:52:23.757+0000] {processor.py:925} INFO - DAG(s) 'example_setup_teardown' retrieved from /home/airflow/.local/lib/python3.12/site-packages/airflow/example_dags/example_setup_teardown.py
[2025-02-06T18:52:23.788+0000] {logging_mixin.py:190} INFO - [2025-02-06T18:52:23.788+0000] {dag.py:3239} INFO - Sync 1 DAGs
[2025-02-06T18:52:23.822+0000] {logging_mixin.py:190} INFO - [2025-02-06T18:52:23.822+0000] {dag.py:4180} INFO - Setting next_dagrun for example_setup_teardown to None, run_after=None
[2025-02-06T18:52:23.871+0000] {processor.py:208} INFO - Processing /home/airflow/.local/lib/python3.12/site-packages/airflow/example_dags/example_setup_teardown.py took 0.146 seconds
[2025-02-06T18:52:54.857+0000] {processor.py:186} INFO - Started process (PID=4176) to work on /home/airflow/.local/lib/python3.12/site-packages/airflow/example_dags/example_setup_teardown.py
[2025-02-06T18:52:54.859+0000] {processor.py:914} INFO - Processing file /home/airflow/.local/lib/python3.12/site-packages/airflow/example_dags/example_setup_teardown.py for tasks to queue
[2025-02-06T18:52:54.862+0000] {logging_mixin.py:190} INFO - [2025-02-06T18:52:54.862+0000] {dagbag.py:588} INFO - Filling up the DagBag from /home/airflow/.local/lib/python3.12/site-packages/airflow/example_dags/example_setup_teardown.py
[2025-02-06T18:52:54.876+0000] {processor.py:925} INFO - DAG(s) 'example_setup_teardown' retrieved from /home/airflow/.local/lib/python3.12/site-packages/airflow/example_dags/example_setup_teardown.py
[2025-02-06T18:52:54.906+0000] {logging_mixin.py:190} INFO - [2025-02-06T18:52:54.906+0000] {dag.py:3239} INFO - Sync 1 DAGs
[2025-02-06T18:52:54.929+0000] {logging_mixin.py:190} INFO - [2025-02-06T18:52:54.929+0000] {dag.py:4180} INFO - Setting next_dagrun for example_setup_teardown to None, run_after=None
[2025-02-06T18:52:54.967+0000] {processor.py:208} INFO - Processing /home/airflow/.local/lib/python3.12/site-packages/airflow/example_dags/example_setup_teardown.py took 0.119 seconds
[2025-02-06T18:53:25.768+0000] {processor.py:186} INFO - Started process (PID=4228) to work on /home/airflow/.local/lib/python3.12/site-packages/airflow/example_dags/example_setup_teardown.py
[2025-02-06T18:53:25.773+0000] {processor.py:914} INFO - Processing file /home/airflow/.local/lib/python3.12/site-packages/airflow/example_dags/example_setup_teardown.py for tasks to queue
[2025-02-06T18:53:25.779+0000] {logging_mixin.py:190} INFO - [2025-02-06T18:53:25.778+0000] {dagbag.py:588} INFO - Filling up the DagBag from /home/airflow/.local/lib/python3.12/site-packages/airflow/example_dags/example_setup_teardown.py
[2025-02-06T18:53:25.800+0000] {processor.py:925} INFO - DAG(s) 'example_setup_teardown' retrieved from /home/airflow/.local/lib/python3.12/site-packages/airflow/example_dags/example_setup_teardown.py
[2025-02-06T18:53:25.839+0000] {logging_mixin.py:190} INFO - [2025-02-06T18:53:25.839+0000] {dag.py:3239} INFO - Sync 1 DAGs
[2025-02-06T18:53:25.872+0000] {logging_mixin.py:190} INFO - [2025-02-06T18:53:25.871+0000] {dag.py:4180} INFO - Setting next_dagrun for example_setup_teardown to None, run_after=None
[2025-02-06T18:53:25.909+0000] {processor.py:208} INFO - Processing /home/airflow/.local/lib/python3.12/site-packages/airflow/example_dags/example_setup_teardown.py took 0.153 seconds
[2025-02-06T18:53:56.477+0000] {processor.py:186} INFO - Started process (PID=4284) to work on /home/airflow/.local/lib/python3.12/site-packages/airflow/example_dags/example_setup_teardown.py
[2025-02-06T18:53:56.479+0000] {processor.py:914} INFO - Processing file /home/airflow/.local/lib/python3.12/site-packages/airflow/example_dags/example_setup_teardown.py for tasks to queue
[2025-02-06T18:53:56.484+0000] {logging_mixin.py:190} INFO - [2025-02-06T18:53:56.483+0000] {dagbag.py:588} INFO - Filling up the DagBag from /home/airflow/.local/lib/python3.12/site-packages/airflow/example_dags/example_setup_teardown.py
[2025-02-06T18:53:56.498+0000] {processor.py:925} INFO - DAG(s) 'example_setup_teardown' retrieved from /home/airflow/.local/lib/python3.12/site-packages/airflow/example_dags/example_setup_teardown.py
[2025-02-06T18:53:56.529+0000] {logging_mixin.py:190} INFO - [2025-02-06T18:53:56.528+0000] {dag.py:3239} INFO - Sync 1 DAGs
[2025-02-06T18:53:56.555+0000] {logging_mixin.py:190} INFO - [2025-02-06T18:53:56.555+0000] {dag.py:4180} INFO - Setting next_dagrun for example_setup_teardown to None, run_after=None
[2025-02-06T18:53:56.583+0000] {processor.py:208} INFO - Processing /home/airflow/.local/lib/python3.12/site-packages/airflow/example_dags/example_setup_teardown.py took 0.117 seconds
[2025-02-06T18:54:26.922+0000] {processor.py:186} INFO - Started process (PID=4340) to work on /home/airflow/.local/lib/python3.12/site-packages/airflow/example_dags/example_setup_teardown.py
[2025-02-06T18:54:26.924+0000] {processor.py:914} INFO - Processing file /home/airflow/.local/lib/python3.12/site-packages/airflow/example_dags/example_setup_teardown.py for tasks to queue
[2025-02-06T18:54:26.927+0000] {logging_mixin.py:190} INFO - [2025-02-06T18:54:26.927+0000] {dagbag.py:588} INFO - Filling up the DagBag from /home/airflow/.local/lib/python3.12/site-packages/airflow/example_dags/example_setup_teardown.py
[2025-02-06T18:54:26.949+0000] {processor.py:925} INFO - DAG(s) 'example_setup_teardown' retrieved from /home/airflow/.local/lib/python3.12/site-packages/airflow/example_dags/example_setup_teardown.py
[2025-02-06T18:54:26.999+0000] {logging_mixin.py:190} INFO - [2025-02-06T18:54:26.998+0000] {dag.py:3239} INFO - Sync 1 DAGs
[2025-02-06T18:54:27.035+0000] {logging_mixin.py:190} INFO - [2025-02-06T18:54:27.034+0000] {dag.py:4180} INFO - Setting next_dagrun for example_setup_teardown to None, run_after=None
[2025-02-06T18:54:27.066+0000] {processor.py:208} INFO - Processing /home/airflow/.local/lib/python3.12/site-packages/airflow/example_dags/example_setup_teardown.py took 0.152 seconds
[2025-02-06T18:54:57.199+0000] {processor.py:186} INFO - Started process (PID=4397) to work on /home/airflow/.local/lib/python3.12/site-packages/airflow/example_dags/example_setup_teardown.py
[2025-02-06T18:54:57.201+0000] {processor.py:914} INFO - Processing file /home/airflow/.local/lib/python3.12/site-packages/airflow/example_dags/example_setup_teardown.py for tasks to queue
[2025-02-06T18:54:57.205+0000] {logging_mixin.py:190} INFO - [2025-02-06T18:54:57.204+0000] {dagbag.py:588} INFO - Filling up the DagBag from /home/airflow/.local/lib/python3.12/site-packages/airflow/example_dags/example_setup_teardown.py
[2025-02-06T18:54:57.220+0000] {processor.py:925} INFO - DAG(s) 'example_setup_teardown' retrieved from /home/airflow/.local/lib/python3.12/site-packages/airflow/example_dags/example_setup_teardown.py
[2025-02-06T18:54:57.265+0000] {logging_mixin.py:190} INFO - [2025-02-06T18:54:57.264+0000] {dag.py:3239} INFO - Sync 1 DAGs
[2025-02-06T18:54:57.296+0000] {logging_mixin.py:190} INFO - [2025-02-06T18:54:57.295+0000] {dag.py:4180} INFO - Setting next_dagrun for example_setup_teardown to None, run_after=None
[2025-02-06T18:54:57.331+0000] {processor.py:208} INFO - Processing /home/airflow/.local/lib/python3.12/site-packages/airflow/example_dags/example_setup_teardown.py took 0.153 seconds
[2025-02-06T18:55:28.103+0000] {processor.py:186} INFO - Started process (PID=4454) to work on /home/airflow/.local/lib/python3.12/site-packages/airflow/example_dags/example_setup_teardown.py
[2025-02-06T18:55:28.104+0000] {processor.py:914} INFO - Processing file /home/airflow/.local/lib/python3.12/site-packages/airflow/example_dags/example_setup_teardown.py for tasks to queue
[2025-02-06T18:55:28.111+0000] {logging_mixin.py:190} INFO - [2025-02-06T18:55:28.110+0000] {dagbag.py:588} INFO - Filling up the DagBag from /home/airflow/.local/lib/python3.12/site-packages/airflow/example_dags/example_setup_teardown.py
[2025-02-06T18:55:28.128+0000] {processor.py:925} INFO - DAG(s) 'example_setup_teardown' retrieved from /home/airflow/.local/lib/python3.12/site-packages/airflow/example_dags/example_setup_teardown.py
[2025-02-06T18:55:28.169+0000] {logging_mixin.py:190} INFO - [2025-02-06T18:55:28.168+0000] {dag.py:3239} INFO - Sync 1 DAGs
[2025-02-06T18:55:28.205+0000] {logging_mixin.py:190} INFO - [2025-02-06T18:55:28.204+0000] {dag.py:4180} INFO - Setting next_dagrun for example_setup_teardown to None, run_after=None
[2025-02-06T18:55:28.244+0000] {processor.py:208} INFO - Processing /home/airflow/.local/lib/python3.12/site-packages/airflow/example_dags/example_setup_teardown.py took 0.156 seconds
[2025-02-06T18:55:58.990+0000] {processor.py:186} INFO - Started process (PID=4511) to work on /home/airflow/.local/lib/python3.12/site-packages/airflow/example_dags/example_setup_teardown.py
[2025-02-06T18:55:58.992+0000] {processor.py:914} INFO - Processing file /home/airflow/.local/lib/python3.12/site-packages/airflow/example_dags/example_setup_teardown.py for tasks to queue
[2025-02-06T18:55:58.996+0000] {logging_mixin.py:190} INFO - [2025-02-06T18:55:58.996+0000] {dagbag.py:588} INFO - Filling up the DagBag from /home/airflow/.local/lib/python3.12/site-packages/airflow/example_dags/example_setup_teardown.py
[2025-02-06T18:55:59.008+0000] {processor.py:925} INFO - DAG(s) 'example_setup_teardown' retrieved from /home/airflow/.local/lib/python3.12/site-packages/airflow/example_dags/example_setup_teardown.py
[2025-02-06T18:55:59.041+0000] {logging_mixin.py:190} INFO - [2025-02-06T18:55:59.040+0000] {dag.py:3239} INFO - Sync 1 DAGs
[2025-02-06T18:55:59.063+0000] {logging_mixin.py:190} INFO - [2025-02-06T18:55:59.063+0000] {dag.py:4180} INFO - Setting next_dagrun for example_setup_teardown to None, run_after=None
[2025-02-06T18:55:59.094+0000] {processor.py:208} INFO - Processing /home/airflow/.local/lib/python3.12/site-packages/airflow/example_dags/example_setup_teardown.py took 0.113 seconds
[2025-02-06T18:56:29.484+0000] {processor.py:186} INFO - Started process (PID=4568) to work on /home/airflow/.local/lib/python3.12/site-packages/airflow/example_dags/example_setup_teardown.py
[2025-02-06T18:56:29.485+0000] {processor.py:914} INFO - Processing file /home/airflow/.local/lib/python3.12/site-packages/airflow/example_dags/example_setup_teardown.py for tasks to queue
[2025-02-06T18:56:29.489+0000] {logging_mixin.py:190} INFO - [2025-02-06T18:56:29.488+0000] {dagbag.py:588} INFO - Filling up the DagBag from /home/airflow/.local/lib/python3.12/site-packages/airflow/example_dags/example_setup_teardown.py
[2025-02-06T18:56:29.500+0000] {processor.py:925} INFO - DAG(s) 'example_setup_teardown' retrieved from /home/airflow/.local/lib/python3.12/site-packages/airflow/example_dags/example_setup_teardown.py
[2025-02-06T18:56:29.525+0000] {logging_mixin.py:190} INFO - [2025-02-06T18:56:29.525+0000] {dag.py:3239} INFO - Sync 1 DAGs
[2025-02-06T18:56:29.545+0000] {logging_mixin.py:190} INFO - [2025-02-06T18:56:29.545+0000] {dag.py:4180} INFO - Setting next_dagrun for example_setup_teardown to None, run_after=None
[2025-02-06T18:56:29.582+0000] {processor.py:208} INFO - Processing /home/airflow/.local/lib/python3.12/site-packages/airflow/example_dags/example_setup_teardown.py took 0.107 seconds
[2025-02-06T18:56:59.792+0000] {processor.py:186} INFO - Started process (PID=4625) to work on /home/airflow/.local/lib/python3.12/site-packages/airflow/example_dags/example_setup_teardown.py
[2025-02-06T18:56:59.794+0000] {processor.py:914} INFO - Processing file /home/airflow/.local/lib/python3.12/site-packages/airflow/example_dags/example_setup_teardown.py for tasks to queue
[2025-02-06T18:56:59.800+0000] {logging_mixin.py:190} INFO - [2025-02-06T18:56:59.799+0000] {dagbag.py:588} INFO - Filling up the DagBag from /home/airflow/.local/lib/python3.12/site-packages/airflow/example_dags/example_setup_teardown.py
[2025-02-06T18:56:59.813+0000] {processor.py:925} INFO - DAG(s) 'example_setup_teardown' retrieved from /home/airflow/.local/lib/python3.12/site-packages/airflow/example_dags/example_setup_teardown.py
[2025-02-06T18:56:59.840+0000] {logging_mixin.py:190} INFO - [2025-02-06T18:56:59.839+0000] {dag.py:3239} INFO - Sync 1 DAGs
[2025-02-06T18:56:59.864+0000] {logging_mixin.py:190} INFO - [2025-02-06T18:56:59.863+0000] {dag.py:4180} INFO - Setting next_dagrun for example_setup_teardown to None, run_after=None
[2025-02-06T18:56:59.896+0000] {processor.py:208} INFO - Processing /home/airflow/.local/lib/python3.12/site-packages/airflow/example_dags/example_setup_teardown.py took 0.113 seconds
[2025-02-06T18:57:30.374+0000] {processor.py:186} INFO - Started process (PID=4682) to work on /home/airflow/.local/lib/python3.12/site-packages/airflow/example_dags/example_setup_teardown.py
[2025-02-06T18:57:30.375+0000] {processor.py:914} INFO - Processing file /home/airflow/.local/lib/python3.12/site-packages/airflow/example_dags/example_setup_teardown.py for tasks to queue
[2025-02-06T18:57:30.379+0000] {logging_mixin.py:190} INFO - [2025-02-06T18:57:30.379+0000] {dagbag.py:588} INFO - Filling up the DagBag from /home/airflow/.local/lib/python3.12/site-packages/airflow/example_dags/example_setup_teardown.py
[2025-02-06T18:57:30.392+0000] {processor.py:925} INFO - DAG(s) 'example_setup_teardown' retrieved from /home/airflow/.local/lib/python3.12/site-packages/airflow/example_dags/example_setup_teardown.py
[2025-02-06T18:57:30.418+0000] {logging_mixin.py:190} INFO - [2025-02-06T18:57:30.418+0000] {dag.py:3239} INFO - Sync 1 DAGs
[2025-02-06T18:57:30.437+0000] {logging_mixin.py:190} INFO - [2025-02-06T18:57:30.437+0000] {dag.py:4180} INFO - Setting next_dagrun for example_setup_teardown to None, run_after=None
[2025-02-06T18:57:30.472+0000] {processor.py:208} INFO - Processing /home/airflow/.local/lib/python3.12/site-packages/airflow/example_dags/example_setup_teardown.py took 0.106 seconds
[2025-02-06T18:58:00.843+0000] {processor.py:186} INFO - Started process (PID=4739) to work on /home/airflow/.local/lib/python3.12/site-packages/airflow/example_dags/example_setup_teardown.py
[2025-02-06T18:58:00.845+0000] {processor.py:914} INFO - Processing file /home/airflow/.local/lib/python3.12/site-packages/airflow/example_dags/example_setup_teardown.py for tasks to queue
[2025-02-06T18:58:00.848+0000] {logging_mixin.py:190} INFO - [2025-02-06T18:58:00.847+0000] {dagbag.py:588} INFO - Filling up the DagBag from /home/airflow/.local/lib/python3.12/site-packages/airflow/example_dags/example_setup_teardown.py
[2025-02-06T18:58:00.862+0000] {processor.py:925} INFO - DAG(s) 'example_setup_teardown' retrieved from /home/airflow/.local/lib/python3.12/site-packages/airflow/example_dags/example_setup_teardown.py
[2025-02-06T18:58:00.903+0000] {logging_mixin.py:190} INFO - [2025-02-06T18:58:00.903+0000] {dag.py:3239} INFO - Sync 1 DAGs
[2025-02-06T18:58:00.930+0000] {logging_mixin.py:190} INFO - [2025-02-06T18:58:00.929+0000] {dag.py:4180} INFO - Setting next_dagrun for example_setup_teardown to None, run_after=None
[2025-02-06T18:58:00.977+0000] {processor.py:208} INFO - Processing /home/airflow/.local/lib/python3.12/site-packages/airflow/example_dags/example_setup_teardown.py took 0.143 seconds
[2025-02-06T18:58:31.227+0000] {processor.py:186} INFO - Started process (PID=4796) to work on /home/airflow/.local/lib/python3.12/site-packages/airflow/example_dags/example_setup_teardown.py
[2025-02-06T18:58:31.229+0000] {processor.py:914} INFO - Processing file /home/airflow/.local/lib/python3.12/site-packages/airflow/example_dags/example_setup_teardown.py for tasks to queue
[2025-02-06T18:58:31.235+0000] {logging_mixin.py:190} INFO - [2025-02-06T18:58:31.234+0000] {dagbag.py:588} INFO - Filling up the DagBag from /home/airflow/.local/lib/python3.12/site-packages/airflow/example_dags/example_setup_teardown.py
[2025-02-06T18:58:31.254+0000] {processor.py:925} INFO - DAG(s) 'example_setup_teardown' retrieved from /home/airflow/.local/lib/python3.12/site-packages/airflow/example_dags/example_setup_teardown.py
[2025-02-06T18:58:31.288+0000] {logging_mixin.py:190} INFO - [2025-02-06T18:58:31.287+0000] {dag.py:3239} INFO - Sync 1 DAGs
[2025-02-06T18:58:31.309+0000] {logging_mixin.py:190} INFO - [2025-02-06T18:58:31.309+0000] {dag.py:4180} INFO - Setting next_dagrun for example_setup_teardown to None, run_after=None
[2025-02-06T18:58:31.338+0000] {processor.py:208} INFO - Processing /home/airflow/.local/lib/python3.12/site-packages/airflow/example_dags/example_setup_teardown.py took 0.122 seconds
[2025-02-06T18:59:02.542+0000] {processor.py:186} INFO - Started process (PID=4852) to work on /home/airflow/.local/lib/python3.12/site-packages/airflow/example_dags/example_setup_teardown.py
[2025-02-06T18:59:02.544+0000] {processor.py:914} INFO - Processing file /home/airflow/.local/lib/python3.12/site-packages/airflow/example_dags/example_setup_teardown.py for tasks to queue
[2025-02-06T18:59:02.548+0000] {logging_mixin.py:190} INFO - [2025-02-06T18:59:02.547+0000] {dagbag.py:588} INFO - Filling up the DagBag from /home/airflow/.local/lib/python3.12/site-packages/airflow/example_dags/example_setup_teardown.py
[2025-02-06T18:59:02.566+0000] {processor.py:925} INFO - DAG(s) 'example_setup_teardown' retrieved from /home/airflow/.local/lib/python3.12/site-packages/airflow/example_dags/example_setup_teardown.py
[2025-02-06T18:59:02.613+0000] {logging_mixin.py:190} INFO - [2025-02-06T18:59:02.612+0000] {dag.py:3239} INFO - Sync 1 DAGs
[2025-02-06T18:59:02.656+0000] {logging_mixin.py:190} INFO - [2025-02-06T18:59:02.655+0000] {dag.py:4180} INFO - Setting next_dagrun for example_setup_teardown to None, run_after=None
[2025-02-06T18:59:02.701+0000] {processor.py:208} INFO - Processing /home/airflow/.local/lib/python3.12/site-packages/airflow/example_dags/example_setup_teardown.py took 0.170 seconds
[2025-02-06T18:59:32.789+0000] {processor.py:186} INFO - Started process (PID=4906) to work on /home/airflow/.local/lib/python3.12/site-packages/airflow/example_dags/example_setup_teardown.py
[2025-02-06T18:59:32.792+0000] {processor.py:914} INFO - Processing file /home/airflow/.local/lib/python3.12/site-packages/airflow/example_dags/example_setup_teardown.py for tasks to queue
[2025-02-06T18:59:32.796+0000] {logging_mixin.py:190} INFO - [2025-02-06T18:59:32.796+0000] {dagbag.py:588} INFO - Filling up the DagBag from /home/airflow/.local/lib/python3.12/site-packages/airflow/example_dags/example_setup_teardown.py
[2025-02-06T18:59:32.813+0000] {processor.py:925} INFO - DAG(s) 'example_setup_teardown' retrieved from /home/airflow/.local/lib/python3.12/site-packages/airflow/example_dags/example_setup_teardown.py
[2025-02-06T18:59:32.848+0000] {logging_mixin.py:190} INFO - [2025-02-06T18:59:32.848+0000] {dag.py:3239} INFO - Sync 1 DAGs
[2025-02-06T18:59:32.871+0000] {logging_mixin.py:190} INFO - [2025-02-06T18:59:32.870+0000] {dag.py:4180} INFO - Setting next_dagrun for example_setup_teardown to None, run_after=None
[2025-02-06T18:59:32.905+0000] {processor.py:208} INFO - Processing /home/airflow/.local/lib/python3.12/site-packages/airflow/example_dags/example_setup_teardown.py took 0.127 seconds
[2025-02-06T19:00:04.050+0000] {processor.py:186} INFO - Started process (PID=4961) to work on /home/airflow/.local/lib/python3.12/site-packages/airflow/example_dags/example_setup_teardown.py
[2025-02-06T19:00:04.052+0000] {processor.py:914} INFO - Processing file /home/airflow/.local/lib/python3.12/site-packages/airflow/example_dags/example_setup_teardown.py for tasks to queue
[2025-02-06T19:00:04.057+0000] {logging_mixin.py:190} INFO - [2025-02-06T19:00:04.057+0000] {dagbag.py:588} INFO - Filling up the DagBag from /home/airflow/.local/lib/python3.12/site-packages/airflow/example_dags/example_setup_teardown.py
[2025-02-06T19:00:04.076+0000] {processor.py:925} INFO - DAG(s) 'example_setup_teardown' retrieved from /home/airflow/.local/lib/python3.12/site-packages/airflow/example_dags/example_setup_teardown.py
[2025-02-06T19:00:04.114+0000] {logging_mixin.py:190} INFO - [2025-02-06T19:00:04.114+0000] {dag.py:3239} INFO - Sync 1 DAGs
[2025-02-06T19:00:04.136+0000] {logging_mixin.py:190} INFO - [2025-02-06T19:00:04.136+0000] {dag.py:4180} INFO - Setting next_dagrun for example_setup_teardown to None, run_after=None
[2025-02-06T19:00:04.164+0000] {processor.py:208} INFO - Processing /home/airflow/.local/lib/python3.12/site-packages/airflow/example_dags/example_setup_teardown.py took 0.127 seconds
[2025-02-06T19:00:34.730+0000] {processor.py:186} INFO - Started process (PID=5013) to work on /home/airflow/.local/lib/python3.12/site-packages/airflow/example_dags/example_setup_teardown.py
[2025-02-06T19:00:34.732+0000] {processor.py:914} INFO - Processing file /home/airflow/.local/lib/python3.12/site-packages/airflow/example_dags/example_setup_teardown.py for tasks to queue
[2025-02-06T19:00:34.741+0000] {logging_mixin.py:190} INFO - [2025-02-06T19:00:34.740+0000] {dagbag.py:588} INFO - Filling up the DagBag from /home/airflow/.local/lib/python3.12/site-packages/airflow/example_dags/example_setup_teardown.py
[2025-02-06T19:00:34.763+0000] {processor.py:925} INFO - DAG(s) 'example_setup_teardown' retrieved from /home/airflow/.local/lib/python3.12/site-packages/airflow/example_dags/example_setup_teardown.py
[2025-02-06T19:00:34.801+0000] {logging_mixin.py:190} INFO - [2025-02-06T19:00:34.800+0000] {dag.py:3239} INFO - Sync 1 DAGs
[2025-02-06T19:00:34.828+0000] {logging_mixin.py:190} INFO - [2025-02-06T19:00:34.828+0000] {dag.py:4180} INFO - Setting next_dagrun for example_setup_teardown to None, run_after=None
[2025-02-06T19:00:34.863+0000] {processor.py:208} INFO - Processing /home/airflow/.local/lib/python3.12/site-packages/airflow/example_dags/example_setup_teardown.py took 0.145 seconds
[2025-02-06T19:01:05.188+0000] {processor.py:186} INFO - Started process (PID=5066) to work on /home/airflow/.local/lib/python3.12/site-packages/airflow/example_dags/example_setup_teardown.py
[2025-02-06T19:01:05.189+0000] {processor.py:914} INFO - Processing file /home/airflow/.local/lib/python3.12/site-packages/airflow/example_dags/example_setup_teardown.py for tasks to queue
[2025-02-06T19:01:05.193+0000] {logging_mixin.py:190} INFO - [2025-02-06T19:01:05.193+0000] {dagbag.py:588} INFO - Filling up the DagBag from /home/airflow/.local/lib/python3.12/site-packages/airflow/example_dags/example_setup_teardown.py
[2025-02-06T19:01:05.207+0000] {processor.py:925} INFO - DAG(s) 'example_setup_teardown' retrieved from /home/airflow/.local/lib/python3.12/site-packages/airflow/example_dags/example_setup_teardown.py
[2025-02-06T19:01:05.244+0000] {logging_mixin.py:190} INFO - [2025-02-06T19:01:05.243+0000] {dag.py:3239} INFO - Sync 1 DAGs
[2025-02-06T19:01:05.273+0000] {logging_mixin.py:190} INFO - [2025-02-06T19:01:05.272+0000] {dag.py:4180} INFO - Setting next_dagrun for example_setup_teardown to None, run_after=None
[2025-02-06T19:01:05.308+0000] {processor.py:208} INFO - Processing /home/airflow/.local/lib/python3.12/site-packages/airflow/example_dags/example_setup_teardown.py took 0.129 seconds
[2025-02-06T19:01:35.408+0000] {processor.py:186} INFO - Started process (PID=5122) to work on /home/airflow/.local/lib/python3.12/site-packages/airflow/example_dags/example_setup_teardown.py
[2025-02-06T19:01:35.410+0000] {processor.py:914} INFO - Processing file /home/airflow/.local/lib/python3.12/site-packages/airflow/example_dags/example_setup_teardown.py for tasks to queue
[2025-02-06T19:01:35.416+0000] {logging_mixin.py:190} INFO - [2025-02-06T19:01:35.415+0000] {dagbag.py:588} INFO - Filling up the DagBag from /home/airflow/.local/lib/python3.12/site-packages/airflow/example_dags/example_setup_teardown.py
[2025-02-06T19:01:35.453+0000] {processor.py:925} INFO - DAG(s) 'example_setup_teardown' retrieved from /home/airflow/.local/lib/python3.12/site-packages/airflow/example_dags/example_setup_teardown.py
[2025-02-06T19:01:35.536+0000] {logging_mixin.py:190} INFO - [2025-02-06T19:01:35.536+0000] {dag.py:3239} INFO - Sync 1 DAGs
[2025-02-06T19:01:35.602+0000] {logging_mixin.py:190} INFO - [2025-02-06T19:01:35.601+0000] {dag.py:4180} INFO - Setting next_dagrun for example_setup_teardown to None, run_after=None
[2025-02-06T19:01:35.671+0000] {processor.py:208} INFO - Processing /home/airflow/.local/lib/python3.12/site-packages/airflow/example_dags/example_setup_teardown.py took 0.277 seconds
[2025-02-06T19:02:06.459+0000] {processor.py:186} INFO - Started process (PID=5179) to work on /home/airflow/.local/lib/python3.12/site-packages/airflow/example_dags/example_setup_teardown.py
[2025-02-06T19:02:06.462+0000] {processor.py:914} INFO - Processing file /home/airflow/.local/lib/python3.12/site-packages/airflow/example_dags/example_setup_teardown.py for tasks to queue
[2025-02-06T19:02:06.475+0000] {logging_mixin.py:190} INFO - [2025-02-06T19:02:06.474+0000] {dagbag.py:588} INFO - Filling up the DagBag from /home/airflow/.local/lib/python3.12/site-packages/airflow/example_dags/example_setup_teardown.py
[2025-02-06T19:02:06.503+0000] {processor.py:925} INFO - DAG(s) 'example_setup_teardown' retrieved from /home/airflow/.local/lib/python3.12/site-packages/airflow/example_dags/example_setup_teardown.py
[2025-02-06T19:02:06.567+0000] {logging_mixin.py:190} INFO - [2025-02-06T19:02:06.566+0000] {dag.py:3239} INFO - Sync 1 DAGs
[2025-02-06T19:02:06.600+0000] {logging_mixin.py:190} INFO - [2025-02-06T19:02:06.600+0000] {dag.py:4180} INFO - Setting next_dagrun for example_setup_teardown to None, run_after=None
[2025-02-06T19:02:06.652+0000] {processor.py:208} INFO - Processing /home/airflow/.local/lib/python3.12/site-packages/airflow/example_dags/example_setup_teardown.py took 0.216 seconds
[2025-02-06T19:02:36.777+0000] {processor.py:186} INFO - Started process (PID=5236) to work on /home/airflow/.local/lib/python3.12/site-packages/airflow/example_dags/example_setup_teardown.py
[2025-02-06T19:02:36.778+0000] {processor.py:914} INFO - Processing file /home/airflow/.local/lib/python3.12/site-packages/airflow/example_dags/example_setup_teardown.py for tasks to queue
[2025-02-06T19:02:36.781+0000] {logging_mixin.py:190} INFO - [2025-02-06T19:02:36.781+0000] {dagbag.py:588} INFO - Filling up the DagBag from /home/airflow/.local/lib/python3.12/site-packages/airflow/example_dags/example_setup_teardown.py
[2025-02-06T19:02:36.792+0000] {processor.py:925} INFO - DAG(s) 'example_setup_teardown' retrieved from /home/airflow/.local/lib/python3.12/site-packages/airflow/example_dags/example_setup_teardown.py
[2025-02-06T19:02:36.821+0000] {logging_mixin.py:190} INFO - [2025-02-06T19:02:36.820+0000] {dag.py:3239} INFO - Sync 1 DAGs
[2025-02-06T19:02:36.841+0000] {logging_mixin.py:190} INFO - [2025-02-06T19:02:36.841+0000] {dag.py:4180} INFO - Setting next_dagrun for example_setup_teardown to None, run_after=None
[2025-02-06T19:02:36.874+0000] {processor.py:208} INFO - Processing /home/airflow/.local/lib/python3.12/site-packages/airflow/example_dags/example_setup_teardown.py took 0.105 seconds
[2025-02-06T19:03:07.496+0000] {processor.py:186} INFO - Started process (PID=5293) to work on /home/airflow/.local/lib/python3.12/site-packages/airflow/example_dags/example_setup_teardown.py
[2025-02-06T19:03:07.498+0000] {processor.py:914} INFO - Processing file /home/airflow/.local/lib/python3.12/site-packages/airflow/example_dags/example_setup_teardown.py for tasks to queue
[2025-02-06T19:03:07.501+0000] {logging_mixin.py:190} INFO - [2025-02-06T19:03:07.501+0000] {dagbag.py:588} INFO - Filling up the DagBag from /home/airflow/.local/lib/python3.12/site-packages/airflow/example_dags/example_setup_teardown.py
[2025-02-06T19:03:07.512+0000] {processor.py:925} INFO - DAG(s) 'example_setup_teardown' retrieved from /home/airflow/.local/lib/python3.12/site-packages/airflow/example_dags/example_setup_teardown.py
[2025-02-06T19:03:07.540+0000] {logging_mixin.py:190} INFO - [2025-02-06T19:03:07.540+0000] {dag.py:3239} INFO - Sync 1 DAGs
[2025-02-06T19:03:07.563+0000] {logging_mixin.py:190} INFO - [2025-02-06T19:03:07.562+0000] {dag.py:4180} INFO - Setting next_dagrun for example_setup_teardown to None, run_after=None
[2025-02-06T19:03:07.603+0000] {processor.py:208} INFO - Processing /home/airflow/.local/lib/python3.12/site-packages/airflow/example_dags/example_setup_teardown.py took 0.115 seconds
[2025-02-06T19:03:37.993+0000] {processor.py:186} INFO - Started process (PID=5347) to work on /home/airflow/.local/lib/python3.12/site-packages/airflow/example_dags/example_setup_teardown.py
[2025-02-06T19:03:37.995+0000] {processor.py:914} INFO - Processing file /home/airflow/.local/lib/python3.12/site-packages/airflow/example_dags/example_setup_teardown.py for tasks to queue
[2025-02-06T19:03:37.998+0000] {logging_mixin.py:190} INFO - [2025-02-06T19:03:37.998+0000] {dagbag.py:588} INFO - Filling up the DagBag from /home/airflow/.local/lib/python3.12/site-packages/airflow/example_dags/example_setup_teardown.py
[2025-02-06T19:03:38.013+0000] {processor.py:925} INFO - DAG(s) 'example_setup_teardown' retrieved from /home/airflow/.local/lib/python3.12/site-packages/airflow/example_dags/example_setup_teardown.py
[2025-02-06T19:03:38.041+0000] {logging_mixin.py:190} INFO - [2025-02-06T19:03:38.041+0000] {dag.py:3239} INFO - Sync 1 DAGs
[2025-02-06T19:03:38.062+0000] {logging_mixin.py:190} INFO - [2025-02-06T19:03:38.062+0000] {dag.py:4180} INFO - Setting next_dagrun for example_setup_teardown to None, run_after=None
[2025-02-06T19:03:38.096+0000] {processor.py:208} INFO - Processing /home/airflow/.local/lib/python3.12/site-packages/airflow/example_dags/example_setup_teardown.py took 0.113 seconds
[2025-02-06T19:04:08.316+0000] {processor.py:186} INFO - Started process (PID=5404) to work on /home/airflow/.local/lib/python3.12/site-packages/airflow/example_dags/example_setup_teardown.py
[2025-02-06T19:04:08.318+0000] {processor.py:914} INFO - Processing file /home/airflow/.local/lib/python3.12/site-packages/airflow/example_dags/example_setup_teardown.py for tasks to queue
[2025-02-06T19:04:08.322+0000] {logging_mixin.py:190} INFO - [2025-02-06T19:04:08.322+0000] {dagbag.py:588} INFO - Filling up the DagBag from /home/airflow/.local/lib/python3.12/site-packages/airflow/example_dags/example_setup_teardown.py
[2025-02-06T19:04:08.337+0000] {processor.py:925} INFO - DAG(s) 'example_setup_teardown' retrieved from /home/airflow/.local/lib/python3.12/site-packages/airflow/example_dags/example_setup_teardown.py
[2025-02-06T19:04:08.368+0000] {logging_mixin.py:190} INFO - [2025-02-06T19:04:08.368+0000] {dag.py:3239} INFO - Sync 1 DAGs
[2025-02-06T19:04:08.389+0000] {logging_mixin.py:190} INFO - [2025-02-06T19:04:08.389+0000] {dag.py:4180} INFO - Setting next_dagrun for example_setup_teardown to None, run_after=None
[2025-02-06T19:04:08.419+0000] {processor.py:208} INFO - Processing /home/airflow/.local/lib/python3.12/site-packages/airflow/example_dags/example_setup_teardown.py took 0.117 seconds
[2025-02-06T19:04:38.905+0000] {processor.py:186} INFO - Started process (PID=5459) to work on /home/airflow/.local/lib/python3.12/site-packages/airflow/example_dags/example_setup_teardown.py
[2025-02-06T19:04:38.907+0000] {processor.py:914} INFO - Processing file /home/airflow/.local/lib/python3.12/site-packages/airflow/example_dags/example_setup_teardown.py for tasks to queue
[2025-02-06T19:04:38.911+0000] {logging_mixin.py:190} INFO - [2025-02-06T19:04:38.910+0000] {dagbag.py:588} INFO - Filling up the DagBag from /home/airflow/.local/lib/python3.12/site-packages/airflow/example_dags/example_setup_teardown.py
[2025-02-06T19:04:38.924+0000] {processor.py:925} INFO - DAG(s) 'example_setup_teardown' retrieved from /home/airflow/.local/lib/python3.12/site-packages/airflow/example_dags/example_setup_teardown.py
[2025-02-06T19:04:38.954+0000] {logging_mixin.py:190} INFO - [2025-02-06T19:04:38.954+0000] {dag.py:3239} INFO - Sync 1 DAGs
[2025-02-06T19:04:38.977+0000] {logging_mixin.py:190} INFO - [2025-02-06T19:04:38.976+0000] {dag.py:4180} INFO - Setting next_dagrun for example_setup_teardown to None, run_after=None
[2025-02-06T19:04:39.011+0000] {processor.py:208} INFO - Processing /home/airflow/.local/lib/python3.12/site-packages/airflow/example_dags/example_setup_teardown.py took 0.115 seconds
[2025-02-06T19:05:09.193+0000] {processor.py:186} INFO - Started process (PID=5516) to work on /home/airflow/.local/lib/python3.12/site-packages/airflow/example_dags/example_setup_teardown.py
[2025-02-06T19:05:09.195+0000] {processor.py:914} INFO - Processing file /home/airflow/.local/lib/python3.12/site-packages/airflow/example_dags/example_setup_teardown.py for tasks to queue
[2025-02-06T19:05:09.198+0000] {logging_mixin.py:190} INFO - [2025-02-06T19:05:09.198+0000] {dagbag.py:588} INFO - Filling up the DagBag from /home/airflow/.local/lib/python3.12/site-packages/airflow/example_dags/example_setup_teardown.py
[2025-02-06T19:05:09.213+0000] {processor.py:925} INFO - DAG(s) 'example_setup_teardown' retrieved from /home/airflow/.local/lib/python3.12/site-packages/airflow/example_dags/example_setup_teardown.py
[2025-02-06T19:05:09.249+0000] {logging_mixin.py:190} INFO - [2025-02-06T19:05:09.248+0000] {dag.py:3239} INFO - Sync 1 DAGs
[2025-02-06T19:05:09.275+0000] {logging_mixin.py:190} INFO - [2025-02-06T19:05:09.274+0000] {dag.py:4180} INFO - Setting next_dagrun for example_setup_teardown to None, run_after=None
[2025-02-06T19:05:09.313+0000] {processor.py:208} INFO - Processing /home/airflow/.local/lib/python3.12/site-packages/airflow/example_dags/example_setup_teardown.py took 0.130 seconds
[2025-02-06T19:05:40.452+0000] {processor.py:186} INFO - Started process (PID=5571) to work on /home/airflow/.local/lib/python3.12/site-packages/airflow/example_dags/example_setup_teardown.py
[2025-02-06T19:05:40.454+0000] {processor.py:914} INFO - Processing file /home/airflow/.local/lib/python3.12/site-packages/airflow/example_dags/example_setup_teardown.py for tasks to queue
[2025-02-06T19:05:40.457+0000] {logging_mixin.py:190} INFO - [2025-02-06T19:05:40.457+0000] {dagbag.py:588} INFO - Filling up the DagBag from /home/airflow/.local/lib/python3.12/site-packages/airflow/example_dags/example_setup_teardown.py
[2025-02-06T19:05:40.470+0000] {processor.py:925} INFO - DAG(s) 'example_setup_teardown' retrieved from /home/airflow/.local/lib/python3.12/site-packages/airflow/example_dags/example_setup_teardown.py
[2025-02-06T19:05:40.503+0000] {logging_mixin.py:190} INFO - [2025-02-06T19:05:40.503+0000] {dag.py:3239} INFO - Sync 1 DAGs
[2025-02-06T19:05:40.531+0000] {logging_mixin.py:190} INFO - [2025-02-06T19:05:40.531+0000] {dag.py:4180} INFO - Setting next_dagrun for example_setup_teardown to None, run_after=None
[2025-02-06T19:05:40.564+0000] {processor.py:208} INFO - Processing /home/airflow/.local/lib/python3.12/site-packages/airflow/example_dags/example_setup_teardown.py took 0.123 seconds
[2025-02-06T19:06:10.842+0000] {processor.py:186} INFO - Started process (PID=5627) to work on /home/airflow/.local/lib/python3.12/site-packages/airflow/example_dags/example_setup_teardown.py
[2025-02-06T19:06:10.844+0000] {processor.py:914} INFO - Processing file /home/airflow/.local/lib/python3.12/site-packages/airflow/example_dags/example_setup_teardown.py for tasks to queue
[2025-02-06T19:06:10.849+0000] {logging_mixin.py:190} INFO - [2025-02-06T19:06:10.849+0000] {dagbag.py:588} INFO - Filling up the DagBag from /home/airflow/.local/lib/python3.12/site-packages/airflow/example_dags/example_setup_teardown.py
[2025-02-06T19:06:10.868+0000] {processor.py:925} INFO - DAG(s) 'example_setup_teardown' retrieved from /home/airflow/.local/lib/python3.12/site-packages/airflow/example_dags/example_setup_teardown.py
[2025-02-06T19:06:10.909+0000] {logging_mixin.py:190} INFO - [2025-02-06T19:06:10.908+0000] {dag.py:3239} INFO - Sync 1 DAGs
[2025-02-06T19:06:10.942+0000] {logging_mixin.py:190} INFO - [2025-02-06T19:06:10.941+0000] {dag.py:4180} INFO - Setting next_dagrun for example_setup_teardown to None, run_after=None
[2025-02-06T19:06:10.991+0000] {processor.py:208} INFO - Processing /home/airflow/.local/lib/python3.12/site-packages/airflow/example_dags/example_setup_teardown.py took 0.164 seconds
[2025-02-06T19:06:41.434+0000] {processor.py:186} INFO - Started process (PID=5684) to work on /home/airflow/.local/lib/python3.12/site-packages/airflow/example_dags/example_setup_teardown.py
[2025-02-06T19:06:41.436+0000] {processor.py:914} INFO - Processing file /home/airflow/.local/lib/python3.12/site-packages/airflow/example_dags/example_setup_teardown.py for tasks to queue
[2025-02-06T19:06:41.443+0000] {logging_mixin.py:190} INFO - [2025-02-06T19:06:41.441+0000] {dagbag.py:588} INFO - Filling up the DagBag from /home/airflow/.local/lib/python3.12/site-packages/airflow/example_dags/example_setup_teardown.py
[2025-02-06T19:06:41.465+0000] {processor.py:925} INFO - DAG(s) 'example_setup_teardown' retrieved from /home/airflow/.local/lib/python3.12/site-packages/airflow/example_dags/example_setup_teardown.py
[2025-02-06T19:06:41.513+0000] {logging_mixin.py:190} INFO - [2025-02-06T19:06:41.512+0000] {dag.py:3239} INFO - Sync 1 DAGs
[2025-02-06T19:06:41.557+0000] {logging_mixin.py:190} INFO - [2025-02-06T19:06:41.556+0000] {dag.py:4180} INFO - Setting next_dagrun for example_setup_teardown to None, run_after=None
[2025-02-06T19:06:41.607+0000] {processor.py:208} INFO - Processing /home/airflow/.local/lib/python3.12/site-packages/airflow/example_dags/example_setup_teardown.py took 0.195 seconds
[2025-02-06T19:07:12.824+0000] {processor.py:186} INFO - Started process (PID=5741) to work on /home/airflow/.local/lib/python3.12/site-packages/airflow/example_dags/example_setup_teardown.py
[2025-02-06T19:07:12.826+0000] {processor.py:914} INFO - Processing file /home/airflow/.local/lib/python3.12/site-packages/airflow/example_dags/example_setup_teardown.py for tasks to queue
[2025-02-06T19:07:12.834+0000] {logging_mixin.py:190} INFO - [2025-02-06T19:07:12.833+0000] {dagbag.py:588} INFO - Filling up the DagBag from /home/airflow/.local/lib/python3.12/site-packages/airflow/example_dags/example_setup_teardown.py
[2025-02-06T19:07:12.859+0000] {processor.py:925} INFO - DAG(s) 'example_setup_teardown' retrieved from /home/airflow/.local/lib/python3.12/site-packages/airflow/example_dags/example_setup_teardown.py
[2025-02-06T19:07:12.918+0000] {logging_mixin.py:190} INFO - [2025-02-06T19:07:12.917+0000] {dag.py:3239} INFO - Sync 1 DAGs
[2025-02-06T19:07:12.974+0000] {logging_mixin.py:190} INFO - [2025-02-06T19:07:12.973+0000] {dag.py:4180} INFO - Setting next_dagrun for example_setup_teardown to None, run_after=None
[2025-02-06T19:07:13.059+0000] {processor.py:208} INFO - Processing /home/airflow/.local/lib/python3.12/site-packages/airflow/example_dags/example_setup_teardown.py took 0.255 seconds
[2025-02-06T19:07:43.700+0000] {processor.py:186} INFO - Started process (PID=5797) to work on /home/airflow/.local/lib/python3.12/site-packages/airflow/example_dags/example_setup_teardown.py
[2025-02-06T19:07:43.701+0000] {processor.py:914} INFO - Processing file /home/airflow/.local/lib/python3.12/site-packages/airflow/example_dags/example_setup_teardown.py for tasks to queue
[2025-02-06T19:07:43.705+0000] {logging_mixin.py:190} INFO - [2025-02-06T19:07:43.704+0000] {dagbag.py:588} INFO - Filling up the DagBag from /home/airflow/.local/lib/python3.12/site-packages/airflow/example_dags/example_setup_teardown.py
[2025-02-06T19:07:43.715+0000] {processor.py:925} INFO - DAG(s) 'example_setup_teardown' retrieved from /home/airflow/.local/lib/python3.12/site-packages/airflow/example_dags/example_setup_teardown.py
[2025-02-06T19:07:43.741+0000] {logging_mixin.py:190} INFO - [2025-02-06T19:07:43.741+0000] {dag.py:3239} INFO - Sync 1 DAGs
[2025-02-06T19:07:43.759+0000] {logging_mixin.py:190} INFO - [2025-02-06T19:07:43.759+0000] {dag.py:4180} INFO - Setting next_dagrun for example_setup_teardown to None, run_after=None
[2025-02-06T19:07:43.792+0000] {processor.py:208} INFO - Processing /home/airflow/.local/lib/python3.12/site-packages/airflow/example_dags/example_setup_teardown.py took 0.099 seconds
[2025-02-06T19:08:14.021+0000] {processor.py:186} INFO - Started process (PID=5854) to work on /home/airflow/.local/lib/python3.12/site-packages/airflow/example_dags/example_setup_teardown.py
[2025-02-06T19:08:14.023+0000] {processor.py:914} INFO - Processing file /home/airflow/.local/lib/python3.12/site-packages/airflow/example_dags/example_setup_teardown.py for tasks to queue
[2025-02-06T19:08:14.029+0000] {logging_mixin.py:190} INFO - [2025-02-06T19:08:14.028+0000] {dagbag.py:588} INFO - Filling up the DagBag from /home/airflow/.local/lib/python3.12/site-packages/airflow/example_dags/example_setup_teardown.py
[2025-02-06T19:08:14.042+0000] {processor.py:925} INFO - DAG(s) 'example_setup_teardown' retrieved from /home/airflow/.local/lib/python3.12/site-packages/airflow/example_dags/example_setup_teardown.py
[2025-02-06T19:08:14.074+0000] {logging_mixin.py:190} INFO - [2025-02-06T19:08:14.073+0000] {dag.py:3239} INFO - Sync 1 DAGs
[2025-02-06T19:08:14.103+0000] {logging_mixin.py:190} INFO - [2025-02-06T19:08:14.103+0000] {dag.py:4180} INFO - Setting next_dagrun for example_setup_teardown to None, run_after=None
[2025-02-06T19:08:14.138+0000] {processor.py:208} INFO - Processing /home/airflow/.local/lib/python3.12/site-packages/airflow/example_dags/example_setup_teardown.py took 0.138 seconds
