[2025-02-06T16:36:38.840+0000] {processor.py:186} INFO - Started process (PID=79) to work on /home/airflow/.local/lib/python3.12/site-packages/airflow/example_dags/example_setup_teardown_taskflow.py
[2025-02-06T16:36:38.841+0000] {processor.py:914} INFO - Processing file /home/airflow/.local/lib/python3.12/site-packages/airflow/example_dags/example_setup_teardown_taskflow.py for tasks to queue
[2025-02-06T16:36:38.844+0000] {logging_mixin.py:190} INFO - [2025-02-06T16:36:38.844+0000] {dagbag.py:588} INFO - Filling up the DagBag from /home/airflow/.local/lib/python3.12/site-packages/airflow/example_dags/example_setup_teardown_taskflow.py
[2025-02-06T16:36:38.866+0000] {processor.py:925} INFO - DAG(s) 'example_setup_teardown_taskflow' retrieved from /home/airflow/.local/lib/python3.12/site-packages/airflow/example_dags/example_setup_teardown_taskflow.py
[2025-02-06T16:36:39.007+0000] {logging_mixin.py:190} INFO - [2025-02-06T16:36:39.006+0000] {override.py:1911} INFO - Created Permission View: can edit on DAG:example_setup_teardown_taskflow
[2025-02-06T16:36:39.020+0000] {logging_mixin.py:190} INFO - [2025-02-06T16:36:39.019+0000] {override.py:1911} INFO - Created Permission View: can delete on DAG:example_setup_teardown_taskflow
[2025-02-06T16:36:39.028+0000] {logging_mixin.py:190} INFO - [2025-02-06T16:36:39.028+0000] {override.py:1911} INFO - Created Permission View: can read on DAG:example_setup_teardown_taskflow
[2025-02-06T16:36:39.039+0000] {logging_mixin.py:190} INFO - [2025-02-06T16:36:39.039+0000] {override.py:1911} INFO - Created Permission View: menu access on DAG Run:example_setup_teardown_taskflow
[2025-02-06T16:36:39.048+0000] {logging_mixin.py:190} INFO - [2025-02-06T16:36:39.047+0000] {override.py:1911} INFO - Created Permission View: can create on DAG Run:example_setup_teardown_taskflow
[2025-02-06T16:36:39.056+0000] {logging_mixin.py:190} INFO - [2025-02-06T16:36:39.055+0000] {override.py:1911} INFO - Created Permission View: can delete on DAG Run:example_setup_teardown_taskflow
[2025-02-06T16:36:39.064+0000] {logging_mixin.py:190} INFO - [2025-02-06T16:36:39.064+0000] {override.py:1911} INFO - Created Permission View: can read on DAG Run:example_setup_teardown_taskflow
[2025-02-06T16:36:39.065+0000] {logging_mixin.py:190} INFO - [2025-02-06T16:36:39.065+0000] {dag.py:3239} INFO - Sync 1 DAGs
[2025-02-06T16:36:39.082+0000] {logging_mixin.py:190} INFO - [2025-02-06T16:36:39.081+0000] {dag.py:3262} INFO - Creating ORM DAG for example_setup_teardown_taskflow
[2025-02-06T16:36:39.083+0000] {logging_mixin.py:190} INFO - [2025-02-06T16:36:39.083+0000] {dag.py:4180} INFO - Setting next_dagrun for example_setup_teardown_taskflow to None, run_after=None
[2025-02-06T16:36:39.106+0000] {processor.py:208} INFO - Processing /home/airflow/.local/lib/python3.12/site-packages/airflow/example_dags/example_setup_teardown_taskflow.py took 0.283 seconds
[2025-02-06T16:37:09.213+0000] {processor.py:186} INFO - Started process (PID=136) to work on /home/airflow/.local/lib/python3.12/site-packages/airflow/example_dags/example_setup_teardown_taskflow.py
[2025-02-06T16:37:09.214+0000] {processor.py:914} INFO - Processing file /home/airflow/.local/lib/python3.12/site-packages/airflow/example_dags/example_setup_teardown_taskflow.py for tasks to queue
[2025-02-06T16:37:09.217+0000] {logging_mixin.py:190} INFO - [2025-02-06T16:37:09.217+0000] {dagbag.py:588} INFO - Filling up the DagBag from /home/airflow/.local/lib/python3.12/site-packages/airflow/example_dags/example_setup_teardown_taskflow.py
[2025-02-06T16:37:09.231+0000] {processor.py:925} INFO - DAG(s) 'example_setup_teardown_taskflow' retrieved from /home/airflow/.local/lib/python3.12/site-packages/airflow/example_dags/example_setup_teardown_taskflow.py
[2025-02-06T16:37:09.261+0000] {logging_mixin.py:190} INFO - [2025-02-06T16:37:09.261+0000] {dag.py:3239} INFO - Sync 1 DAGs
[2025-02-06T16:37:09.279+0000] {logging_mixin.py:190} INFO - [2025-02-06T16:37:09.279+0000] {dag.py:4180} INFO - Setting next_dagrun for example_setup_teardown_taskflow to None, run_after=None
[2025-02-06T16:37:09.304+0000] {processor.py:208} INFO - Processing /home/airflow/.local/lib/python3.12/site-packages/airflow/example_dags/example_setup_teardown_taskflow.py took 0.098 seconds
[2025-02-06T16:37:40.011+0000] {processor.py:186} INFO - Started process (PID=193) to work on /home/airflow/.local/lib/python3.12/site-packages/airflow/example_dags/example_setup_teardown_taskflow.py
[2025-02-06T16:37:40.013+0000] {processor.py:914} INFO - Processing file /home/airflow/.local/lib/python3.12/site-packages/airflow/example_dags/example_setup_teardown_taskflow.py for tasks to queue
[2025-02-06T16:37:40.016+0000] {logging_mixin.py:190} INFO - [2025-02-06T16:37:40.015+0000] {dagbag.py:588} INFO - Filling up the DagBag from /home/airflow/.local/lib/python3.12/site-packages/airflow/example_dags/example_setup_teardown_taskflow.py
[2025-02-06T16:37:40.029+0000] {processor.py:925} INFO - DAG(s) 'example_setup_teardown_taskflow' retrieved from /home/airflow/.local/lib/python3.12/site-packages/airflow/example_dags/example_setup_teardown_taskflow.py
[2025-02-06T16:37:40.064+0000] {logging_mixin.py:190} INFO - [2025-02-06T16:37:40.064+0000] {dag.py:3239} INFO - Sync 1 DAGs
[2025-02-06T16:37:40.087+0000] {logging_mixin.py:190} INFO - [2025-02-06T16:37:40.086+0000] {dag.py:4180} INFO - Setting next_dagrun for example_setup_teardown_taskflow to None, run_after=None
[2025-02-06T16:37:40.115+0000] {processor.py:208} INFO - Processing /home/airflow/.local/lib/python3.12/site-packages/airflow/example_dags/example_setup_teardown_taskflow.py took 0.111 seconds
[2025-02-06T16:38:10.702+0000] {processor.py:186} INFO - Started process (PID=249) to work on /home/airflow/.local/lib/python3.12/site-packages/airflow/example_dags/example_setup_teardown_taskflow.py
[2025-02-06T16:38:10.704+0000] {processor.py:914} INFO - Processing file /home/airflow/.local/lib/python3.12/site-packages/airflow/example_dags/example_setup_teardown_taskflow.py for tasks to queue
[2025-02-06T16:38:10.706+0000] {logging_mixin.py:190} INFO - [2025-02-06T16:38:10.706+0000] {dagbag.py:588} INFO - Filling up the DagBag from /home/airflow/.local/lib/python3.12/site-packages/airflow/example_dags/example_setup_teardown_taskflow.py
[2025-02-06T16:38:10.719+0000] {processor.py:925} INFO - DAG(s) 'example_setup_teardown_taskflow' retrieved from /home/airflow/.local/lib/python3.12/site-packages/airflow/example_dags/example_setup_teardown_taskflow.py
[2025-02-06T16:38:10.751+0000] {logging_mixin.py:190} INFO - [2025-02-06T16:38:10.750+0000] {dag.py:3239} INFO - Sync 1 DAGs
[2025-02-06T16:38:10.772+0000] {logging_mixin.py:190} INFO - [2025-02-06T16:38:10.772+0000] {dag.py:4180} INFO - Setting next_dagrun for example_setup_teardown_taskflow to None, run_after=None
[2025-02-06T16:38:10.797+0000] {processor.py:208} INFO - Processing /home/airflow/.local/lib/python3.12/site-packages/airflow/example_dags/example_setup_teardown_taskflow.py took 0.102 seconds
[2025-02-06T16:38:41.387+0000] {processor.py:186} INFO - Started process (PID=305) to work on /home/airflow/.local/lib/python3.12/site-packages/airflow/example_dags/example_setup_teardown_taskflow.py
[2025-02-06T16:38:41.388+0000] {processor.py:914} INFO - Processing file /home/airflow/.local/lib/python3.12/site-packages/airflow/example_dags/example_setup_teardown_taskflow.py for tasks to queue
[2025-02-06T16:38:41.391+0000] {logging_mixin.py:190} INFO - [2025-02-06T16:38:41.390+0000] {dagbag.py:588} INFO - Filling up the DagBag from /home/airflow/.local/lib/python3.12/site-packages/airflow/example_dags/example_setup_teardown_taskflow.py
[2025-02-06T16:38:41.405+0000] {processor.py:925} INFO - DAG(s) 'example_setup_teardown_taskflow' retrieved from /home/airflow/.local/lib/python3.12/site-packages/airflow/example_dags/example_setup_teardown_taskflow.py
[2025-02-06T16:38:41.433+0000] {logging_mixin.py:190} INFO - [2025-02-06T16:38:41.432+0000] {dag.py:3239} INFO - Sync 1 DAGs
[2025-02-06T16:38:41.453+0000] {logging_mixin.py:190} INFO - [2025-02-06T16:38:41.453+0000] {dag.py:4180} INFO - Setting next_dagrun for example_setup_teardown_taskflow to None, run_after=None
[2025-02-06T16:38:41.480+0000] {processor.py:208} INFO - Processing /home/airflow/.local/lib/python3.12/site-packages/airflow/example_dags/example_setup_teardown_taskflow.py took 0.100 seconds
[2025-02-06T16:39:11.676+0000] {processor.py:186} INFO - Started process (PID=362) to work on /home/airflow/.local/lib/python3.12/site-packages/airflow/example_dags/example_setup_teardown_taskflow.py
[2025-02-06T16:39:11.678+0000] {processor.py:914} INFO - Processing file /home/airflow/.local/lib/python3.12/site-packages/airflow/example_dags/example_setup_teardown_taskflow.py for tasks to queue
[2025-02-06T16:39:11.680+0000] {logging_mixin.py:190} INFO - [2025-02-06T16:39:11.680+0000] {dagbag.py:588} INFO - Filling up the DagBag from /home/airflow/.local/lib/python3.12/site-packages/airflow/example_dags/example_setup_teardown_taskflow.py
[2025-02-06T16:39:11.693+0000] {processor.py:925} INFO - DAG(s) 'example_setup_teardown_taskflow' retrieved from /home/airflow/.local/lib/python3.12/site-packages/airflow/example_dags/example_setup_teardown_taskflow.py
[2025-02-06T16:39:11.724+0000] {logging_mixin.py:190} INFO - [2025-02-06T16:39:11.723+0000] {dag.py:3239} INFO - Sync 1 DAGs
[2025-02-06T16:39:11.743+0000] {logging_mixin.py:190} INFO - [2025-02-06T16:39:11.743+0000] {dag.py:4180} INFO - Setting next_dagrun for example_setup_teardown_taskflow to None, run_after=None
[2025-02-06T16:39:11.771+0000] {processor.py:208} INFO - Processing /home/airflow/.local/lib/python3.12/site-packages/airflow/example_dags/example_setup_teardown_taskflow.py took 0.102 seconds
[2025-02-06T16:39:42.519+0000] {processor.py:186} INFO - Started process (PID=419) to work on /home/airflow/.local/lib/python3.12/site-packages/airflow/example_dags/example_setup_teardown_taskflow.py
[2025-02-06T16:39:42.520+0000] {processor.py:914} INFO - Processing file /home/airflow/.local/lib/python3.12/site-packages/airflow/example_dags/example_setup_teardown_taskflow.py for tasks to queue
[2025-02-06T16:39:42.523+0000] {logging_mixin.py:190} INFO - [2025-02-06T16:39:42.522+0000] {dagbag.py:588} INFO - Filling up the DagBag from /home/airflow/.local/lib/python3.12/site-packages/airflow/example_dags/example_setup_teardown_taskflow.py
[2025-02-06T16:39:42.536+0000] {processor.py:925} INFO - DAG(s) 'example_setup_teardown_taskflow' retrieved from /home/airflow/.local/lib/python3.12/site-packages/airflow/example_dags/example_setup_teardown_taskflow.py
[2025-02-06T16:39:42.564+0000] {logging_mixin.py:190} INFO - [2025-02-06T16:39:42.564+0000] {dag.py:3239} INFO - Sync 1 DAGs
[2025-02-06T16:39:42.582+0000] {logging_mixin.py:190} INFO - [2025-02-06T16:39:42.582+0000] {dag.py:4180} INFO - Setting next_dagrun for example_setup_teardown_taskflow to None, run_after=None
[2025-02-06T16:39:42.606+0000] {processor.py:208} INFO - Processing /home/airflow/.local/lib/python3.12/site-packages/airflow/example_dags/example_setup_teardown_taskflow.py took 0.095 seconds
[2025-02-06T16:40:13.500+0000] {processor.py:186} INFO - Started process (PID=476) to work on /home/airflow/.local/lib/python3.12/site-packages/airflow/example_dags/example_setup_teardown_taskflow.py
[2025-02-06T16:40:13.501+0000] {processor.py:914} INFO - Processing file /home/airflow/.local/lib/python3.12/site-packages/airflow/example_dags/example_setup_teardown_taskflow.py for tasks to queue
[2025-02-06T16:40:13.504+0000] {logging_mixin.py:190} INFO - [2025-02-06T16:40:13.503+0000] {dagbag.py:588} INFO - Filling up the DagBag from /home/airflow/.local/lib/python3.12/site-packages/airflow/example_dags/example_setup_teardown_taskflow.py
[2025-02-06T16:40:13.522+0000] {processor.py:925} INFO - DAG(s) 'example_setup_teardown_taskflow' retrieved from /home/airflow/.local/lib/python3.12/site-packages/airflow/example_dags/example_setup_teardown_taskflow.py
[2025-02-06T16:40:13.549+0000] {logging_mixin.py:190} INFO - [2025-02-06T16:40:13.549+0000] {dag.py:3239} INFO - Sync 1 DAGs
[2025-02-06T16:40:13.567+0000] {logging_mixin.py:190} INFO - [2025-02-06T16:40:13.567+0000] {dag.py:4180} INFO - Setting next_dagrun for example_setup_teardown_taskflow to None, run_after=None
[2025-02-06T16:40:13.589+0000] {processor.py:208} INFO - Processing /home/airflow/.local/lib/python3.12/site-packages/airflow/example_dags/example_setup_teardown_taskflow.py took 0.097 seconds
[2025-02-06T16:40:43.878+0000] {processor.py:186} INFO - Started process (PID=533) to work on /home/airflow/.local/lib/python3.12/site-packages/airflow/example_dags/example_setup_teardown_taskflow.py
[2025-02-06T16:40:43.879+0000] {processor.py:914} INFO - Processing file /home/airflow/.local/lib/python3.12/site-packages/airflow/example_dags/example_setup_teardown_taskflow.py for tasks to queue
[2025-02-06T16:40:43.883+0000] {logging_mixin.py:190} INFO - [2025-02-06T16:40:43.883+0000] {dagbag.py:588} INFO - Filling up the DagBag from /home/airflow/.local/lib/python3.12/site-packages/airflow/example_dags/example_setup_teardown_taskflow.py
[2025-02-06T16:40:43.898+0000] {processor.py:925} INFO - DAG(s) 'example_setup_teardown_taskflow' retrieved from /home/airflow/.local/lib/python3.12/site-packages/airflow/example_dags/example_setup_teardown_taskflow.py
[2025-02-06T16:40:43.925+0000] {logging_mixin.py:190} INFO - [2025-02-06T16:40:43.925+0000] {dag.py:3239} INFO - Sync 1 DAGs
[2025-02-06T16:40:43.943+0000] {logging_mixin.py:190} INFO - [2025-02-06T16:40:43.942+0000] {dag.py:4180} INFO - Setting next_dagrun for example_setup_teardown_taskflow to None, run_after=None
[2025-02-06T16:40:43.964+0000] {processor.py:208} INFO - Processing /home/airflow/.local/lib/python3.12/site-packages/airflow/example_dags/example_setup_teardown_taskflow.py took 0.096 seconds
[2025-02-06T16:41:14.112+0000] {processor.py:186} INFO - Started process (PID=590) to work on /home/airflow/.local/lib/python3.12/site-packages/airflow/example_dags/example_setup_teardown_taskflow.py
[2025-02-06T16:41:14.114+0000] {processor.py:914} INFO - Processing file /home/airflow/.local/lib/python3.12/site-packages/airflow/example_dags/example_setup_teardown_taskflow.py for tasks to queue
[2025-02-06T16:41:14.117+0000] {logging_mixin.py:190} INFO - [2025-02-06T16:41:14.117+0000] {dagbag.py:588} INFO - Filling up the DagBag from /home/airflow/.local/lib/python3.12/site-packages/airflow/example_dags/example_setup_teardown_taskflow.py
[2025-02-06T16:41:14.132+0000] {processor.py:925} INFO - DAG(s) 'example_setup_teardown_taskflow' retrieved from /home/airflow/.local/lib/python3.12/site-packages/airflow/example_dags/example_setup_teardown_taskflow.py
[2025-02-06T16:41:14.166+0000] {logging_mixin.py:190} INFO - [2025-02-06T16:41:14.166+0000] {dag.py:3239} INFO - Sync 1 DAGs
[2025-02-06T16:41:14.192+0000] {logging_mixin.py:190} INFO - [2025-02-06T16:41:14.192+0000] {dag.py:4180} INFO - Setting next_dagrun for example_setup_teardown_taskflow to None, run_after=None
[2025-02-06T16:41:14.221+0000] {processor.py:208} INFO - Processing /home/airflow/.local/lib/python3.12/site-packages/airflow/example_dags/example_setup_teardown_taskflow.py took 0.116 seconds
[2025-02-06T16:41:44.523+0000] {processor.py:186} INFO - Started process (PID=647) to work on /home/airflow/.local/lib/python3.12/site-packages/airflow/example_dags/example_setup_teardown_taskflow.py
[2025-02-06T16:41:44.525+0000] {processor.py:914} INFO - Processing file /home/airflow/.local/lib/python3.12/site-packages/airflow/example_dags/example_setup_teardown_taskflow.py for tasks to queue
[2025-02-06T16:41:44.527+0000] {logging_mixin.py:190} INFO - [2025-02-06T16:41:44.527+0000] {dagbag.py:588} INFO - Filling up the DagBag from /home/airflow/.local/lib/python3.12/site-packages/airflow/example_dags/example_setup_teardown_taskflow.py
[2025-02-06T16:41:44.540+0000] {processor.py:925} INFO - DAG(s) 'example_setup_teardown_taskflow' retrieved from /home/airflow/.local/lib/python3.12/site-packages/airflow/example_dags/example_setup_teardown_taskflow.py
[2025-02-06T16:41:44.567+0000] {logging_mixin.py:190} INFO - [2025-02-06T16:41:44.567+0000] {dag.py:3239} INFO - Sync 1 DAGs
[2025-02-06T16:41:44.585+0000] {logging_mixin.py:190} INFO - [2025-02-06T16:41:44.584+0000] {dag.py:4180} INFO - Setting next_dagrun for example_setup_teardown_taskflow to None, run_after=None
[2025-02-06T16:41:44.606+0000] {processor.py:208} INFO - Processing /home/airflow/.local/lib/python3.12/site-packages/airflow/example_dags/example_setup_teardown_taskflow.py took 0.092 seconds
[2025-02-06T16:42:14.779+0000] {processor.py:186} INFO - Started process (PID=704) to work on /home/airflow/.local/lib/python3.12/site-packages/airflow/example_dags/example_setup_teardown_taskflow.py
[2025-02-06T16:42:14.796+0000] {processor.py:914} INFO - Processing file /home/airflow/.local/lib/python3.12/site-packages/airflow/example_dags/example_setup_teardown_taskflow.py for tasks to queue
[2025-02-06T16:42:14.800+0000] {logging_mixin.py:190} INFO - [2025-02-06T16:42:14.799+0000] {dagbag.py:588} INFO - Filling up the DagBag from /home/airflow/.local/lib/python3.12/site-packages/airflow/example_dags/example_setup_teardown_taskflow.py
[2025-02-06T16:42:14.821+0000] {processor.py:925} INFO - DAG(s) 'example_setup_teardown_taskflow' retrieved from /home/airflow/.local/lib/python3.12/site-packages/airflow/example_dags/example_setup_teardown_taskflow.py
[2025-02-06T16:42:14.855+0000] {logging_mixin.py:190} INFO - [2025-02-06T16:42:14.855+0000] {dag.py:3239} INFO - Sync 1 DAGs
[2025-02-06T16:42:14.876+0000] {logging_mixin.py:190} INFO - [2025-02-06T16:42:14.876+0000] {dag.py:4180} INFO - Setting next_dagrun for example_setup_teardown_taskflow to None, run_after=None
[2025-02-06T16:42:14.903+0000] {processor.py:208} INFO - Processing /home/airflow/.local/lib/python3.12/site-packages/airflow/example_dags/example_setup_teardown_taskflow.py took 0.135 seconds
[2025-02-06T16:42:45.015+0000] {processor.py:186} INFO - Started process (PID=761) to work on /home/airflow/.local/lib/python3.12/site-packages/airflow/example_dags/example_setup_teardown_taskflow.py
[2025-02-06T16:42:45.017+0000] {processor.py:914} INFO - Processing file /home/airflow/.local/lib/python3.12/site-packages/airflow/example_dags/example_setup_teardown_taskflow.py for tasks to queue
[2025-02-06T16:42:45.022+0000] {logging_mixin.py:190} INFO - [2025-02-06T16:42:45.021+0000] {dagbag.py:588} INFO - Filling up the DagBag from /home/airflow/.local/lib/python3.12/site-packages/airflow/example_dags/example_setup_teardown_taskflow.py
[2025-02-06T16:42:45.047+0000] {processor.py:925} INFO - DAG(s) 'example_setup_teardown_taskflow' retrieved from /home/airflow/.local/lib/python3.12/site-packages/airflow/example_dags/example_setup_teardown_taskflow.py
[2025-02-06T16:42:45.122+0000] {logging_mixin.py:190} INFO - [2025-02-06T16:42:45.122+0000] {dag.py:3239} INFO - Sync 1 DAGs
[2025-02-06T16:42:45.165+0000] {logging_mixin.py:190} INFO - [2025-02-06T16:42:45.164+0000] {dag.py:4180} INFO - Setting next_dagrun for example_setup_teardown_taskflow to None, run_after=None
[2025-02-06T16:42:45.207+0000] {processor.py:208} INFO - Processing /home/airflow/.local/lib/python3.12/site-packages/airflow/example_dags/example_setup_teardown_taskflow.py took 0.207 seconds
[2025-02-06T16:43:16.681+0000] {processor.py:186} INFO - Started process (PID=818) to work on /home/airflow/.local/lib/python3.12/site-packages/airflow/example_dags/example_setup_teardown_taskflow.py
[2025-02-06T16:43:16.683+0000] {processor.py:914} INFO - Processing file /home/airflow/.local/lib/python3.12/site-packages/airflow/example_dags/example_setup_teardown_taskflow.py for tasks to queue
[2025-02-06T16:43:16.686+0000] {logging_mixin.py:190} INFO - [2025-02-06T16:43:16.685+0000] {dagbag.py:588} INFO - Filling up the DagBag from /home/airflow/.local/lib/python3.12/site-packages/airflow/example_dags/example_setup_teardown_taskflow.py
[2025-02-06T16:43:16.699+0000] {processor.py:925} INFO - DAG(s) 'example_setup_teardown_taskflow' retrieved from /home/airflow/.local/lib/python3.12/site-packages/airflow/example_dags/example_setup_teardown_taskflow.py
[2025-02-06T16:43:16.726+0000] {logging_mixin.py:190} INFO - [2025-02-06T16:43:16.726+0000] {dag.py:3239} INFO - Sync 1 DAGs
[2025-02-06T16:43:16.744+0000] {logging_mixin.py:190} INFO - [2025-02-06T16:43:16.744+0000] {dag.py:4180} INFO - Setting next_dagrun for example_setup_teardown_taskflow to None, run_after=None
[2025-02-06T16:43:16.767+0000] {processor.py:208} INFO - Processing /home/airflow/.local/lib/python3.12/site-packages/airflow/example_dags/example_setup_teardown_taskflow.py took 0.093 seconds
[2025-02-06T16:43:48.464+0000] {processor.py:186} INFO - Started process (PID=875) to work on /home/airflow/.local/lib/python3.12/site-packages/airflow/example_dags/example_setup_teardown_taskflow.py
[2025-02-06T16:43:48.465+0000] {processor.py:914} INFO - Processing file /home/airflow/.local/lib/python3.12/site-packages/airflow/example_dags/example_setup_teardown_taskflow.py for tasks to queue
[2025-02-06T16:43:48.469+0000] {logging_mixin.py:190} INFO - [2025-02-06T16:43:48.469+0000] {dagbag.py:588} INFO - Filling up the DagBag from /home/airflow/.local/lib/python3.12/site-packages/airflow/example_dags/example_setup_teardown_taskflow.py
[2025-02-06T16:43:48.486+0000] {processor.py:925} INFO - DAG(s) 'example_setup_teardown_taskflow' retrieved from /home/airflow/.local/lib/python3.12/site-packages/airflow/example_dags/example_setup_teardown_taskflow.py
[2025-02-06T16:43:48.516+0000] {logging_mixin.py:190} INFO - [2025-02-06T16:43:48.516+0000] {dag.py:3239} INFO - Sync 1 DAGs
[2025-02-06T16:43:48.555+0000] {logging_mixin.py:190} INFO - [2025-02-06T16:43:48.555+0000] {dag.py:4180} INFO - Setting next_dagrun for example_setup_teardown_taskflow to None, run_after=None
[2025-02-06T16:43:48.600+0000] {processor.py:208} INFO - Processing /home/airflow/.local/lib/python3.12/site-packages/airflow/example_dags/example_setup_teardown_taskflow.py took 0.145 seconds
[2025-02-06T16:44:19.855+0000] {processor.py:186} INFO - Started process (PID=932) to work on /home/airflow/.local/lib/python3.12/site-packages/airflow/example_dags/example_setup_teardown_taskflow.py
[2025-02-06T16:44:19.856+0000] {processor.py:914} INFO - Processing file /home/airflow/.local/lib/python3.12/site-packages/airflow/example_dags/example_setup_teardown_taskflow.py for tasks to queue
[2025-02-06T16:44:19.859+0000] {logging_mixin.py:190} INFO - [2025-02-06T16:44:19.859+0000] {dagbag.py:588} INFO - Filling up the DagBag from /home/airflow/.local/lib/python3.12/site-packages/airflow/example_dags/example_setup_teardown_taskflow.py
[2025-02-06T16:44:19.875+0000] {processor.py:925} INFO - DAG(s) 'example_setup_teardown_taskflow' retrieved from /home/airflow/.local/lib/python3.12/site-packages/airflow/example_dags/example_setup_teardown_taskflow.py
[2025-02-06T16:44:19.903+0000] {logging_mixin.py:190} INFO - [2025-02-06T16:44:19.902+0000] {dag.py:3239} INFO - Sync 1 DAGs
[2025-02-06T16:44:19.921+0000] {logging_mixin.py:190} INFO - [2025-02-06T16:44:19.920+0000] {dag.py:4180} INFO - Setting next_dagrun for example_setup_teardown_taskflow to None, run_after=None
[2025-02-06T16:44:19.942+0000] {processor.py:208} INFO - Processing /home/airflow/.local/lib/python3.12/site-packages/airflow/example_dags/example_setup_teardown_taskflow.py took 0.097 seconds
[2025-02-06T16:44:55.103+0000] {processor.py:186} INFO - Started process (PID=989) to work on /home/airflow/.local/lib/python3.12/site-packages/airflow/example_dags/example_setup_teardown_taskflow.py
[2025-02-06T16:44:55.106+0000] {processor.py:914} INFO - Processing file /home/airflow/.local/lib/python3.12/site-packages/airflow/example_dags/example_setup_teardown_taskflow.py for tasks to queue
[2025-02-06T16:44:55.122+0000] {logging_mixin.py:190} INFO - [2025-02-06T16:44:55.121+0000] {dagbag.py:588} INFO - Filling up the DagBag from /home/airflow/.local/lib/python3.12/site-packages/airflow/example_dags/example_setup_teardown_taskflow.py
[2025-02-06T16:44:55.168+0000] {processor.py:925} INFO - DAG(s) 'example_setup_teardown_taskflow' retrieved from /home/airflow/.local/lib/python3.12/site-packages/airflow/example_dags/example_setup_teardown_taskflow.py
[2025-02-06T16:44:55.249+0000] {logging_mixin.py:190} INFO - [2025-02-06T16:44:55.249+0000] {dag.py:3239} INFO - Sync 1 DAGs
[2025-02-06T16:44:55.298+0000] {logging_mixin.py:190} INFO - [2025-02-06T16:44:55.298+0000] {dag.py:4180} INFO - Setting next_dagrun for example_setup_teardown_taskflow to None, run_after=None
[2025-02-06T16:44:55.404+0000] {processor.py:208} INFO - Processing /home/airflow/.local/lib/python3.12/site-packages/airflow/example_dags/example_setup_teardown_taskflow.py took 0.330 seconds
[2025-02-06T16:45:27.008+0000] {processor.py:186} INFO - Started process (PID=1046) to work on /home/airflow/.local/lib/python3.12/site-packages/airflow/example_dags/example_setup_teardown_taskflow.py
[2025-02-06T16:45:27.012+0000] {processor.py:914} INFO - Processing file /home/airflow/.local/lib/python3.12/site-packages/airflow/example_dags/example_setup_teardown_taskflow.py for tasks to queue
[2025-02-06T16:45:27.026+0000] {logging_mixin.py:190} INFO - [2025-02-06T16:45:27.025+0000] {dagbag.py:588} INFO - Filling up the DagBag from /home/airflow/.local/lib/python3.12/site-packages/airflow/example_dags/example_setup_teardown_taskflow.py
[2025-02-06T16:45:27.060+0000] {processor.py:925} INFO - DAG(s) 'example_setup_teardown_taskflow' retrieved from /home/airflow/.local/lib/python3.12/site-packages/airflow/example_dags/example_setup_teardown_taskflow.py
[2025-02-06T16:45:27.139+0000] {logging_mixin.py:190} INFO - [2025-02-06T16:45:27.139+0000] {dag.py:3239} INFO - Sync 1 DAGs
[2025-02-06T16:45:27.184+0000] {logging_mixin.py:190} INFO - [2025-02-06T16:45:27.184+0000] {dag.py:4180} INFO - Setting next_dagrun for example_setup_teardown_taskflow to None, run_after=None
[2025-02-06T16:45:27.250+0000] {processor.py:208} INFO - Processing /home/airflow/.local/lib/python3.12/site-packages/airflow/example_dags/example_setup_teardown_taskflow.py took 0.263 seconds
[2025-02-06T16:45:58.337+0000] {processor.py:186} INFO - Started process (PID=1104) to work on /home/airflow/.local/lib/python3.12/site-packages/airflow/example_dags/example_setup_teardown_taskflow.py
[2025-02-06T16:45:58.339+0000] {processor.py:914} INFO - Processing file /home/airflow/.local/lib/python3.12/site-packages/airflow/example_dags/example_setup_teardown_taskflow.py for tasks to queue
[2025-02-06T16:45:58.343+0000] {logging_mixin.py:190} INFO - [2025-02-06T16:45:58.343+0000] {dagbag.py:588} INFO - Filling up the DagBag from /home/airflow/.local/lib/python3.12/site-packages/airflow/example_dags/example_setup_teardown_taskflow.py
[2025-02-06T16:45:58.378+0000] {processor.py:925} INFO - DAG(s) 'example_setup_teardown_taskflow' retrieved from /home/airflow/.local/lib/python3.12/site-packages/airflow/example_dags/example_setup_teardown_taskflow.py
[2025-02-06T16:45:58.431+0000] {logging_mixin.py:190} INFO - [2025-02-06T16:45:58.430+0000] {dag.py:3239} INFO - Sync 1 DAGs
[2025-02-06T16:45:58.471+0000] {logging_mixin.py:190} INFO - [2025-02-06T16:45:58.470+0000] {dag.py:4180} INFO - Setting next_dagrun for example_setup_teardown_taskflow to None, run_after=None
[2025-02-06T16:45:58.508+0000] {processor.py:208} INFO - Processing /home/airflow/.local/lib/python3.12/site-packages/airflow/example_dags/example_setup_teardown_taskflow.py took 0.189 seconds
[2025-02-06T16:46:31.431+0000] {processor.py:186} INFO - Started process (PID=1162) to work on /home/airflow/.local/lib/python3.12/site-packages/airflow/example_dags/example_setup_teardown_taskflow.py
[2025-02-06T16:46:31.432+0000] {processor.py:914} INFO - Processing file /home/airflow/.local/lib/python3.12/site-packages/airflow/example_dags/example_setup_teardown_taskflow.py for tasks to queue
[2025-02-06T16:46:31.436+0000] {logging_mixin.py:190} INFO - [2025-02-06T16:46:31.435+0000] {dagbag.py:588} INFO - Filling up the DagBag from /home/airflow/.local/lib/python3.12/site-packages/airflow/example_dags/example_setup_teardown_taskflow.py
[2025-02-06T16:46:31.456+0000] {processor.py:925} INFO - DAG(s) 'example_setup_teardown_taskflow' retrieved from /home/airflow/.local/lib/python3.12/site-packages/airflow/example_dags/example_setup_teardown_taskflow.py
[2025-02-06T16:46:31.484+0000] {logging_mixin.py:190} INFO - [2025-02-06T16:46:31.484+0000] {dag.py:3239} INFO - Sync 1 DAGs
[2025-02-06T16:46:31.506+0000] {logging_mixin.py:190} INFO - [2025-02-06T16:46:31.505+0000] {dag.py:4180} INFO - Setting next_dagrun for example_setup_teardown_taskflow to None, run_after=None
[2025-02-06T16:46:31.528+0000] {processor.py:208} INFO - Processing /home/airflow/.local/lib/python3.12/site-packages/airflow/example_dags/example_setup_teardown_taskflow.py took 0.105 seconds
[2025-02-06T16:47:02.222+0000] {processor.py:186} INFO - Started process (PID=1219) to work on /home/airflow/.local/lib/python3.12/site-packages/airflow/example_dags/example_setup_teardown_taskflow.py
[2025-02-06T16:47:02.223+0000] {processor.py:914} INFO - Processing file /home/airflow/.local/lib/python3.12/site-packages/airflow/example_dags/example_setup_teardown_taskflow.py for tasks to queue
[2025-02-06T16:47:02.228+0000] {logging_mixin.py:190} INFO - [2025-02-06T16:47:02.227+0000] {dagbag.py:588} INFO - Filling up the DagBag from /home/airflow/.local/lib/python3.12/site-packages/airflow/example_dags/example_setup_teardown_taskflow.py
[2025-02-06T16:47:02.249+0000] {processor.py:925} INFO - DAG(s) 'example_setup_teardown_taskflow' retrieved from /home/airflow/.local/lib/python3.12/site-packages/airflow/example_dags/example_setup_teardown_taskflow.py
[2025-02-06T16:47:02.315+0000] {logging_mixin.py:190} INFO - [2025-02-06T16:47:02.314+0000] {dag.py:3239} INFO - Sync 1 DAGs
[2025-02-06T16:47:02.368+0000] {logging_mixin.py:190} INFO - [2025-02-06T16:47:02.368+0000] {dag.py:4180} INFO - Setting next_dagrun for example_setup_teardown_taskflow to None, run_after=None
[2025-02-06T16:47:02.455+0000] {processor.py:208} INFO - Processing /home/airflow/.local/lib/python3.12/site-packages/airflow/example_dags/example_setup_teardown_taskflow.py took 0.247 seconds
[2025-02-06T16:47:32.644+0000] {processor.py:186} INFO - Started process (PID=1275) to work on /home/airflow/.local/lib/python3.12/site-packages/airflow/example_dags/example_setup_teardown_taskflow.py
[2025-02-06T16:47:32.645+0000] {processor.py:914} INFO - Processing file /home/airflow/.local/lib/python3.12/site-packages/airflow/example_dags/example_setup_teardown_taskflow.py for tasks to queue
[2025-02-06T16:47:32.648+0000] {logging_mixin.py:190} INFO - [2025-02-06T16:47:32.648+0000] {dagbag.py:588} INFO - Filling up the DagBag from /home/airflow/.local/lib/python3.12/site-packages/airflow/example_dags/example_setup_teardown_taskflow.py
[2025-02-06T16:47:32.661+0000] {processor.py:925} INFO - DAG(s) 'example_setup_teardown_taskflow' retrieved from /home/airflow/.local/lib/python3.12/site-packages/airflow/example_dags/example_setup_teardown_taskflow.py
[2025-02-06T16:47:32.688+0000] {logging_mixin.py:190} INFO - [2025-02-06T16:47:32.687+0000] {dag.py:3239} INFO - Sync 1 DAGs
[2025-02-06T16:47:32.705+0000] {logging_mixin.py:190} INFO - [2025-02-06T16:47:32.705+0000] {dag.py:4180} INFO - Setting next_dagrun for example_setup_teardown_taskflow to None, run_after=None
[2025-02-06T16:47:32.729+0000] {processor.py:208} INFO - Processing /home/airflow/.local/lib/python3.12/site-packages/airflow/example_dags/example_setup_teardown_taskflow.py took 0.093 seconds
[2025-02-06T16:48:04.568+0000] {processor.py:186} INFO - Started process (PID=1332) to work on /home/airflow/.local/lib/python3.12/site-packages/airflow/example_dags/example_setup_teardown_taskflow.py
[2025-02-06T16:48:04.570+0000] {processor.py:914} INFO - Processing file /home/airflow/.local/lib/python3.12/site-packages/airflow/example_dags/example_setup_teardown_taskflow.py for tasks to queue
[2025-02-06T16:48:04.575+0000] {logging_mixin.py:190} INFO - [2025-02-06T16:48:04.574+0000] {dagbag.py:588} INFO - Filling up the DagBag from /home/airflow/.local/lib/python3.12/site-packages/airflow/example_dags/example_setup_teardown_taskflow.py
[2025-02-06T16:48:04.628+0000] {processor.py:925} INFO - DAG(s) 'example_setup_teardown_taskflow' retrieved from /home/airflow/.local/lib/python3.12/site-packages/airflow/example_dags/example_setup_teardown_taskflow.py
[2025-02-06T16:48:04.680+0000] {logging_mixin.py:190} INFO - [2025-02-06T16:48:04.680+0000] {dag.py:3239} INFO - Sync 1 DAGs
[2025-02-06T16:48:04.743+0000] {logging_mixin.py:190} INFO - [2025-02-06T16:48:04.742+0000] {dag.py:4180} INFO - Setting next_dagrun for example_setup_teardown_taskflow to None, run_after=None
[2025-02-06T16:48:04.787+0000] {processor.py:208} INFO - Processing /home/airflow/.local/lib/python3.12/site-packages/airflow/example_dags/example_setup_teardown_taskflow.py took 0.241 seconds
[2025-02-06T16:48:35.334+0000] {processor.py:186} INFO - Started process (PID=1389) to work on /home/airflow/.local/lib/python3.12/site-packages/airflow/example_dags/example_setup_teardown_taskflow.py
[2025-02-06T16:48:35.335+0000] {processor.py:914} INFO - Processing file /home/airflow/.local/lib/python3.12/site-packages/airflow/example_dags/example_setup_teardown_taskflow.py for tasks to queue
[2025-02-06T16:48:35.338+0000] {logging_mixin.py:190} INFO - [2025-02-06T16:48:35.338+0000] {dagbag.py:588} INFO - Filling up the DagBag from /home/airflow/.local/lib/python3.12/site-packages/airflow/example_dags/example_setup_teardown_taskflow.py
[2025-02-06T16:48:35.352+0000] {processor.py:925} INFO - DAG(s) 'example_setup_teardown_taskflow' retrieved from /home/airflow/.local/lib/python3.12/site-packages/airflow/example_dags/example_setup_teardown_taskflow.py
[2025-02-06T16:48:35.386+0000] {logging_mixin.py:190} INFO - [2025-02-06T16:48:35.386+0000] {dag.py:3239} INFO - Sync 1 DAGs
[2025-02-06T16:48:35.410+0000] {logging_mixin.py:190} INFO - [2025-02-06T16:48:35.410+0000] {dag.py:4180} INFO - Setting next_dagrun for example_setup_teardown_taskflow to None, run_after=None
[2025-02-06T16:48:35.439+0000] {processor.py:208} INFO - Processing /home/airflow/.local/lib/python3.12/site-packages/airflow/example_dags/example_setup_teardown_taskflow.py took 0.112 seconds
[2025-02-06T16:49:05.521+0000] {processor.py:186} INFO - Started process (PID=1445) to work on /home/airflow/.local/lib/python3.12/site-packages/airflow/example_dags/example_setup_teardown_taskflow.py
[2025-02-06T16:49:05.523+0000] {processor.py:914} INFO - Processing file /home/airflow/.local/lib/python3.12/site-packages/airflow/example_dags/example_setup_teardown_taskflow.py for tasks to queue
[2025-02-06T16:49:05.526+0000] {logging_mixin.py:190} INFO - [2025-02-06T16:49:05.525+0000] {dagbag.py:588} INFO - Filling up the DagBag from /home/airflow/.local/lib/python3.12/site-packages/airflow/example_dags/example_setup_teardown_taskflow.py
[2025-02-06T16:49:05.544+0000] {processor.py:925} INFO - DAG(s) 'example_setup_teardown_taskflow' retrieved from /home/airflow/.local/lib/python3.12/site-packages/airflow/example_dags/example_setup_teardown_taskflow.py
[2025-02-06T16:49:05.576+0000] {logging_mixin.py:190} INFO - [2025-02-06T16:49:05.576+0000] {dag.py:3239} INFO - Sync 1 DAGs
[2025-02-06T16:49:05.596+0000] {logging_mixin.py:190} INFO - [2025-02-06T16:49:05.596+0000] {dag.py:4180} INFO - Setting next_dagrun for example_setup_teardown_taskflow to None, run_after=None
[2025-02-06T16:49:05.626+0000] {processor.py:208} INFO - Processing /home/airflow/.local/lib/python3.12/site-packages/airflow/example_dags/example_setup_teardown_taskflow.py took 0.120 seconds
[2025-02-06T16:49:35.760+0000] {processor.py:186} INFO - Started process (PID=1502) to work on /home/airflow/.local/lib/python3.12/site-packages/airflow/example_dags/example_setup_teardown_taskflow.py
[2025-02-06T16:49:35.761+0000] {processor.py:914} INFO - Processing file /home/airflow/.local/lib/python3.12/site-packages/airflow/example_dags/example_setup_teardown_taskflow.py for tasks to queue
[2025-02-06T16:49:35.764+0000] {logging_mixin.py:190} INFO - [2025-02-06T16:49:35.763+0000] {dagbag.py:588} INFO - Filling up the DagBag from /home/airflow/.local/lib/python3.12/site-packages/airflow/example_dags/example_setup_teardown_taskflow.py
[2025-02-06T16:49:35.778+0000] {processor.py:925} INFO - DAG(s) 'example_setup_teardown_taskflow' retrieved from /home/airflow/.local/lib/python3.12/site-packages/airflow/example_dags/example_setup_teardown_taskflow.py
[2025-02-06T16:49:35.811+0000] {logging_mixin.py:190} INFO - [2025-02-06T16:49:35.810+0000] {dag.py:3239} INFO - Sync 1 DAGs
[2025-02-06T16:49:35.830+0000] {logging_mixin.py:190} INFO - [2025-02-06T16:49:35.830+0000] {dag.py:4180} INFO - Setting next_dagrun for example_setup_teardown_taskflow to None, run_after=None
[2025-02-06T16:49:35.856+0000] {processor.py:208} INFO - Processing /home/airflow/.local/lib/python3.12/site-packages/airflow/example_dags/example_setup_teardown_taskflow.py took 0.104 seconds
[2025-02-06T16:50:06.011+0000] {processor.py:186} INFO - Started process (PID=1559) to work on /home/airflow/.local/lib/python3.12/site-packages/airflow/example_dags/example_setup_teardown_taskflow.py
[2025-02-06T16:50:06.012+0000] {processor.py:914} INFO - Processing file /home/airflow/.local/lib/python3.12/site-packages/airflow/example_dags/example_setup_teardown_taskflow.py for tasks to queue
[2025-02-06T16:50:06.015+0000] {logging_mixin.py:190} INFO - [2025-02-06T16:50:06.015+0000] {dagbag.py:588} INFO - Filling up the DagBag from /home/airflow/.local/lib/python3.12/site-packages/airflow/example_dags/example_setup_teardown_taskflow.py
[2025-02-06T16:50:06.029+0000] {processor.py:925} INFO - DAG(s) 'example_setup_teardown_taskflow' retrieved from /home/airflow/.local/lib/python3.12/site-packages/airflow/example_dags/example_setup_teardown_taskflow.py
[2025-02-06T16:50:06.058+0000] {logging_mixin.py:190} INFO - [2025-02-06T16:50:06.058+0000] {dag.py:3239} INFO - Sync 1 DAGs
[2025-02-06T16:50:06.077+0000] {logging_mixin.py:190} INFO - [2025-02-06T16:50:06.077+0000] {dag.py:4180} INFO - Setting next_dagrun for example_setup_teardown_taskflow to None, run_after=None
[2025-02-06T16:50:06.109+0000] {processor.py:208} INFO - Processing /home/airflow/.local/lib/python3.12/site-packages/airflow/example_dags/example_setup_teardown_taskflow.py took 0.106 seconds
[2025-02-06T16:50:37.457+0000] {processor.py:186} INFO - Started process (PID=1616) to work on /home/airflow/.local/lib/python3.12/site-packages/airflow/example_dags/example_setup_teardown_taskflow.py
[2025-02-06T16:50:37.458+0000] {processor.py:914} INFO - Processing file /home/airflow/.local/lib/python3.12/site-packages/airflow/example_dags/example_setup_teardown_taskflow.py for tasks to queue
[2025-02-06T16:50:37.461+0000] {logging_mixin.py:190} INFO - [2025-02-06T16:50:37.461+0000] {dagbag.py:588} INFO - Filling up the DagBag from /home/airflow/.local/lib/python3.12/site-packages/airflow/example_dags/example_setup_teardown_taskflow.py
[2025-02-06T16:50:37.474+0000] {processor.py:925} INFO - DAG(s) 'example_setup_teardown_taskflow' retrieved from /home/airflow/.local/lib/python3.12/site-packages/airflow/example_dags/example_setup_teardown_taskflow.py
[2025-02-06T16:50:37.501+0000] {logging_mixin.py:190} INFO - [2025-02-06T16:50:37.500+0000] {dag.py:3239} INFO - Sync 1 DAGs
[2025-02-06T16:50:37.520+0000] {logging_mixin.py:190} INFO - [2025-02-06T16:50:37.519+0000] {dag.py:4180} INFO - Setting next_dagrun for example_setup_teardown_taskflow to None, run_after=None
[2025-02-06T16:50:37.543+0000] {processor.py:208} INFO - Processing /home/airflow/.local/lib/python3.12/site-packages/airflow/example_dags/example_setup_teardown_taskflow.py took 0.093 seconds
[2025-02-06T16:51:07.718+0000] {processor.py:186} INFO - Started process (PID=1673) to work on /home/airflow/.local/lib/python3.12/site-packages/airflow/example_dags/example_setup_teardown_taskflow.py
[2025-02-06T16:51:07.725+0000] {processor.py:914} INFO - Processing file /home/airflow/.local/lib/python3.12/site-packages/airflow/example_dags/example_setup_teardown_taskflow.py for tasks to queue
[2025-02-06T16:51:07.728+0000] {logging_mixin.py:190} INFO - [2025-02-06T16:51:07.728+0000] {dagbag.py:588} INFO - Filling up the DagBag from /home/airflow/.local/lib/python3.12/site-packages/airflow/example_dags/example_setup_teardown_taskflow.py
[2025-02-06T16:51:07.748+0000] {processor.py:925} INFO - DAG(s) 'example_setup_teardown_taskflow' retrieved from /home/airflow/.local/lib/python3.12/site-packages/airflow/example_dags/example_setup_teardown_taskflow.py
[2025-02-06T16:51:07.791+0000] {logging_mixin.py:190} INFO - [2025-02-06T16:51:07.790+0000] {dag.py:3239} INFO - Sync 1 DAGs
[2025-02-06T16:51:07.833+0000] {logging_mixin.py:190} INFO - [2025-02-06T16:51:07.833+0000] {dag.py:4180} INFO - Setting next_dagrun for example_setup_teardown_taskflow to None, run_after=None
[2025-02-06T16:51:07.859+0000] {processor.py:208} INFO - Processing /home/airflow/.local/lib/python3.12/site-packages/airflow/example_dags/example_setup_teardown_taskflow.py took 0.149 seconds
[2025-02-06T16:51:38.426+0000] {processor.py:186} INFO - Started process (PID=1730) to work on /home/airflow/.local/lib/python3.12/site-packages/airflow/example_dags/example_setup_teardown_taskflow.py
[2025-02-06T16:51:38.427+0000] {processor.py:914} INFO - Processing file /home/airflow/.local/lib/python3.12/site-packages/airflow/example_dags/example_setup_teardown_taskflow.py for tasks to queue
[2025-02-06T16:51:38.430+0000] {logging_mixin.py:190} INFO - [2025-02-06T16:51:38.430+0000] {dagbag.py:588} INFO - Filling up the DagBag from /home/airflow/.local/lib/python3.12/site-packages/airflow/example_dags/example_setup_teardown_taskflow.py
[2025-02-06T16:51:38.444+0000] {processor.py:925} INFO - DAG(s) 'example_setup_teardown_taskflow' retrieved from /home/airflow/.local/lib/python3.12/site-packages/airflow/example_dags/example_setup_teardown_taskflow.py
[2025-02-06T16:51:38.471+0000] {logging_mixin.py:190} INFO - [2025-02-06T16:51:38.471+0000] {dag.py:3239} INFO - Sync 1 DAGs
[2025-02-06T16:51:38.490+0000] {logging_mixin.py:190} INFO - [2025-02-06T16:51:38.489+0000] {dag.py:4180} INFO - Setting next_dagrun for example_setup_teardown_taskflow to None, run_after=None
[2025-02-06T16:51:38.515+0000] {processor.py:208} INFO - Processing /home/airflow/.local/lib/python3.12/site-packages/airflow/example_dags/example_setup_teardown_taskflow.py took 0.098 seconds
[2025-02-06T16:52:08.693+0000] {processor.py:186} INFO - Started process (PID=1787) to work on /home/airflow/.local/lib/python3.12/site-packages/airflow/example_dags/example_setup_teardown_taskflow.py
[2025-02-06T16:52:08.694+0000] {processor.py:914} INFO - Processing file /home/airflow/.local/lib/python3.12/site-packages/airflow/example_dags/example_setup_teardown_taskflow.py for tasks to queue
[2025-02-06T16:52:08.697+0000] {logging_mixin.py:190} INFO - [2025-02-06T16:52:08.697+0000] {dagbag.py:588} INFO - Filling up the DagBag from /home/airflow/.local/lib/python3.12/site-packages/airflow/example_dags/example_setup_teardown_taskflow.py
[2025-02-06T16:52:08.711+0000] {processor.py:925} INFO - DAG(s) 'example_setup_teardown_taskflow' retrieved from /home/airflow/.local/lib/python3.12/site-packages/airflow/example_dags/example_setup_teardown_taskflow.py
[2025-02-06T16:52:08.741+0000] {logging_mixin.py:190} INFO - [2025-02-06T16:52:08.741+0000] {dag.py:3239} INFO - Sync 1 DAGs
[2025-02-06T16:52:08.762+0000] {logging_mixin.py:190} INFO - [2025-02-06T16:52:08.762+0000] {dag.py:4180} INFO - Setting next_dagrun for example_setup_teardown_taskflow to None, run_after=None
[2025-02-06T16:52:08.791+0000] {processor.py:208} INFO - Processing /home/airflow/.local/lib/python3.12/site-packages/airflow/example_dags/example_setup_teardown_taskflow.py took 0.106 seconds
[2025-02-06T16:52:39.133+0000] {processor.py:186} INFO - Started process (PID=1844) to work on /home/airflow/.local/lib/python3.12/site-packages/airflow/example_dags/example_setup_teardown_taskflow.py
[2025-02-06T16:52:39.134+0000] {processor.py:914} INFO - Processing file /home/airflow/.local/lib/python3.12/site-packages/airflow/example_dags/example_setup_teardown_taskflow.py for tasks to queue
[2025-02-06T16:52:39.137+0000] {logging_mixin.py:190} INFO - [2025-02-06T16:52:39.137+0000] {dagbag.py:588} INFO - Filling up the DagBag from /home/airflow/.local/lib/python3.12/site-packages/airflow/example_dags/example_setup_teardown_taskflow.py
[2025-02-06T16:52:39.150+0000] {processor.py:925} INFO - DAG(s) 'example_setup_teardown_taskflow' retrieved from /home/airflow/.local/lib/python3.12/site-packages/airflow/example_dags/example_setup_teardown_taskflow.py
[2025-02-06T16:52:39.177+0000] {logging_mixin.py:190} INFO - [2025-02-06T16:52:39.176+0000] {dag.py:3239} INFO - Sync 1 DAGs
[2025-02-06T16:52:39.196+0000] {logging_mixin.py:190} INFO - [2025-02-06T16:52:39.196+0000] {dag.py:4180} INFO - Setting next_dagrun for example_setup_teardown_taskflow to None, run_after=None
[2025-02-06T16:52:39.225+0000] {processor.py:208} INFO - Processing /home/airflow/.local/lib/python3.12/site-packages/airflow/example_dags/example_setup_teardown_taskflow.py took 0.100 seconds
[2025-02-06T16:53:09.424+0000] {processor.py:186} INFO - Started process (PID=1901) to work on /home/airflow/.local/lib/python3.12/site-packages/airflow/example_dags/example_setup_teardown_taskflow.py
[2025-02-06T16:53:09.425+0000] {processor.py:914} INFO - Processing file /home/airflow/.local/lib/python3.12/site-packages/airflow/example_dags/example_setup_teardown_taskflow.py for tasks to queue
[2025-02-06T16:53:09.430+0000] {logging_mixin.py:190} INFO - [2025-02-06T16:53:09.429+0000] {dagbag.py:588} INFO - Filling up the DagBag from /home/airflow/.local/lib/python3.12/site-packages/airflow/example_dags/example_setup_teardown_taskflow.py
[2025-02-06T16:53:09.453+0000] {processor.py:925} INFO - DAG(s) 'example_setup_teardown_taskflow' retrieved from /home/airflow/.local/lib/python3.12/site-packages/airflow/example_dags/example_setup_teardown_taskflow.py
[2025-02-06T16:53:09.508+0000] {logging_mixin.py:190} INFO - [2025-02-06T16:53:09.508+0000] {dag.py:3239} INFO - Sync 1 DAGs
[2025-02-06T16:53:09.538+0000] {logging_mixin.py:190} INFO - [2025-02-06T16:53:09.538+0000] {dag.py:4180} INFO - Setting next_dagrun for example_setup_teardown_taskflow to None, run_after=None
[2025-02-06T16:53:09.573+0000] {processor.py:208} INFO - Processing /home/airflow/.local/lib/python3.12/site-packages/airflow/example_dags/example_setup_teardown_taskflow.py took 0.162 seconds
[2025-02-06T16:53:40.383+0000] {processor.py:186} INFO - Started process (PID=1957) to work on /home/airflow/.local/lib/python3.12/site-packages/airflow/example_dags/example_setup_teardown_taskflow.py
[2025-02-06T16:53:40.384+0000] {processor.py:914} INFO - Processing file /home/airflow/.local/lib/python3.12/site-packages/airflow/example_dags/example_setup_teardown_taskflow.py for tasks to queue
[2025-02-06T16:53:40.387+0000] {logging_mixin.py:190} INFO - [2025-02-06T16:53:40.387+0000] {dagbag.py:588} INFO - Filling up the DagBag from /home/airflow/.local/lib/python3.12/site-packages/airflow/example_dags/example_setup_teardown_taskflow.py
[2025-02-06T16:53:40.401+0000] {processor.py:925} INFO - DAG(s) 'example_setup_teardown_taskflow' retrieved from /home/airflow/.local/lib/python3.12/site-packages/airflow/example_dags/example_setup_teardown_taskflow.py
[2025-02-06T16:53:40.430+0000] {logging_mixin.py:190} INFO - [2025-02-06T16:53:40.430+0000] {dag.py:3239} INFO - Sync 1 DAGs
[2025-02-06T16:53:40.448+0000] {logging_mixin.py:190} INFO - [2025-02-06T16:53:40.448+0000] {dag.py:4180} INFO - Setting next_dagrun for example_setup_teardown_taskflow to None, run_after=None
[2025-02-06T16:53:40.473+0000] {processor.py:208} INFO - Processing /home/airflow/.local/lib/python3.12/site-packages/airflow/example_dags/example_setup_teardown_taskflow.py took 0.099 seconds
[2025-02-06T16:54:11.372+0000] {processor.py:186} INFO - Started process (PID=2014) to work on /home/airflow/.local/lib/python3.12/site-packages/airflow/example_dags/example_setup_teardown_taskflow.py
[2025-02-06T16:54:11.373+0000] {processor.py:914} INFO - Processing file /home/airflow/.local/lib/python3.12/site-packages/airflow/example_dags/example_setup_teardown_taskflow.py for tasks to queue
[2025-02-06T16:54:11.376+0000] {logging_mixin.py:190} INFO - [2025-02-06T16:54:11.376+0000] {dagbag.py:588} INFO - Filling up the DagBag from /home/airflow/.local/lib/python3.12/site-packages/airflow/example_dags/example_setup_teardown_taskflow.py
[2025-02-06T16:54:11.395+0000] {processor.py:925} INFO - DAG(s) 'example_setup_teardown_taskflow' retrieved from /home/airflow/.local/lib/python3.12/site-packages/airflow/example_dags/example_setup_teardown_taskflow.py
[2025-02-06T16:54:11.429+0000] {logging_mixin.py:190} INFO - [2025-02-06T16:54:11.428+0000] {dag.py:3239} INFO - Sync 1 DAGs
[2025-02-06T16:54:11.458+0000] {logging_mixin.py:190} INFO - [2025-02-06T16:54:11.458+0000] {dag.py:4180} INFO - Setting next_dagrun for example_setup_teardown_taskflow to None, run_after=None
[2025-02-06T16:54:11.484+0000] {processor.py:208} INFO - Processing /home/airflow/.local/lib/python3.12/site-packages/airflow/example_dags/example_setup_teardown_taskflow.py took 0.126 seconds
[2025-02-06T16:54:41.710+0000] {processor.py:186} INFO - Started process (PID=2071) to work on /home/airflow/.local/lib/python3.12/site-packages/airflow/example_dags/example_setup_teardown_taskflow.py
[2025-02-06T16:54:41.711+0000] {processor.py:914} INFO - Processing file /home/airflow/.local/lib/python3.12/site-packages/airflow/example_dags/example_setup_teardown_taskflow.py for tasks to queue
[2025-02-06T16:54:41.714+0000] {logging_mixin.py:190} INFO - [2025-02-06T16:54:41.714+0000] {dagbag.py:588} INFO - Filling up the DagBag from /home/airflow/.local/lib/python3.12/site-packages/airflow/example_dags/example_setup_teardown_taskflow.py
[2025-02-06T16:54:41.727+0000] {processor.py:925} INFO - DAG(s) 'example_setup_teardown_taskflow' retrieved from /home/airflow/.local/lib/python3.12/site-packages/airflow/example_dags/example_setup_teardown_taskflow.py
[2025-02-06T16:54:41.755+0000] {logging_mixin.py:190} INFO - [2025-02-06T16:54:41.755+0000] {dag.py:3239} INFO - Sync 1 DAGs
[2025-02-06T16:54:41.775+0000] {logging_mixin.py:190} INFO - [2025-02-06T16:54:41.774+0000] {dag.py:4180} INFO - Setting next_dagrun for example_setup_teardown_taskflow to None, run_after=None
[2025-02-06T16:54:41.800+0000] {processor.py:208} INFO - Processing /home/airflow/.local/lib/python3.12/site-packages/airflow/example_dags/example_setup_teardown_taskflow.py took 0.098 seconds
[2025-02-06T16:55:11.976+0000] {processor.py:186} INFO - Started process (PID=2127) to work on /home/airflow/.local/lib/python3.12/site-packages/airflow/example_dags/example_setup_teardown_taskflow.py
[2025-02-06T16:55:11.977+0000] {processor.py:914} INFO - Processing file /home/airflow/.local/lib/python3.12/site-packages/airflow/example_dags/example_setup_teardown_taskflow.py for tasks to queue
[2025-02-06T16:55:11.980+0000] {logging_mixin.py:190} INFO - [2025-02-06T16:55:11.980+0000] {dagbag.py:588} INFO - Filling up the DagBag from /home/airflow/.local/lib/python3.12/site-packages/airflow/example_dags/example_setup_teardown_taskflow.py
[2025-02-06T16:55:11.994+0000] {processor.py:925} INFO - DAG(s) 'example_setup_teardown_taskflow' retrieved from /home/airflow/.local/lib/python3.12/site-packages/airflow/example_dags/example_setup_teardown_taskflow.py
[2025-02-06T16:55:12.022+0000] {logging_mixin.py:190} INFO - [2025-02-06T16:55:12.021+0000] {dag.py:3239} INFO - Sync 1 DAGs
[2025-02-06T16:55:12.041+0000] {logging_mixin.py:190} INFO - [2025-02-06T16:55:12.041+0000] {dag.py:4180} INFO - Setting next_dagrun for example_setup_teardown_taskflow to None, run_after=None
[2025-02-06T16:55:12.068+0000] {processor.py:208} INFO - Processing /home/airflow/.local/lib/python3.12/site-packages/airflow/example_dags/example_setup_teardown_taskflow.py took 0.099 seconds
[2025-02-06T17:23:43.920+0000] {processor.py:186} INFO - Started process (PID=80) to work on /home/airflow/.local/lib/python3.12/site-packages/airflow/example_dags/example_setup_teardown_taskflow.py
[2025-02-06T17:23:43.923+0000] {processor.py:914} INFO - Processing file /home/airflow/.local/lib/python3.12/site-packages/airflow/example_dags/example_setup_teardown_taskflow.py for tasks to queue
[2025-02-06T17:23:43.945+0000] {logging_mixin.py:190} INFO - [2025-02-06T17:23:43.944+0000] {dagbag.py:588} INFO - Filling up the DagBag from /home/airflow/.local/lib/python3.12/site-packages/airflow/example_dags/example_setup_teardown_taskflow.py
[2025-02-06T17:23:44.024+0000] {processor.py:925} INFO - DAG(s) 'example_setup_teardown_taskflow' retrieved from /home/airflow/.local/lib/python3.12/site-packages/airflow/example_dags/example_setup_teardown_taskflow.py
[2025-02-06T17:23:44.578+0000] {logging_mixin.py:190} INFO - [2025-02-06T17:23:44.567+0000] {override.py:1911} INFO - Created Permission View: can delete on DAG:example_setup_teardown_taskflow
[2025-02-06T17:23:44.621+0000] {logging_mixin.py:190} INFO - [2025-02-06T17:23:44.611+0000] {override.py:1911} INFO - Created Permission View: can read on DAG:example_setup_teardown_taskflow
[2025-02-06T17:23:44.651+0000] {logging_mixin.py:190} INFO - [2025-02-06T17:23:44.650+0000] {override.py:1911} INFO - Created Permission View: can edit on DAG:example_setup_teardown_taskflow
[2025-02-06T17:23:44.687+0000] {logging_mixin.py:190} INFO - [2025-02-06T17:23:44.682+0000] {override.py:1911} INFO - Created Permission View: menu access on DAG Run:example_setup_teardown_taskflow
[2025-02-06T17:23:44.714+0000] {logging_mixin.py:190} INFO - [2025-02-06T17:23:44.713+0000] {override.py:1911} INFO - Created Permission View: can delete on DAG Run:example_setup_teardown_taskflow
[2025-02-06T17:23:44.739+0000] {logging_mixin.py:190} INFO - [2025-02-06T17:23:44.738+0000] {override.py:1911} INFO - Created Permission View: can create on DAG Run:example_setup_teardown_taskflow
[2025-02-06T17:23:44.779+0000] {logging_mixin.py:190} INFO - [2025-02-06T17:23:44.776+0000] {override.py:1911} INFO - Created Permission View: can read on DAG Run:example_setup_teardown_taskflow
[2025-02-06T17:23:44.780+0000] {logging_mixin.py:190} INFO - [2025-02-06T17:23:44.780+0000] {dag.py:3239} INFO - Sync 1 DAGs
[2025-02-06T17:23:44.885+0000] {logging_mixin.py:190} INFO - [2025-02-06T17:23:44.885+0000] {dag.py:3262} INFO - Creating ORM DAG for example_setup_teardown_taskflow
[2025-02-06T17:23:44.887+0000] {logging_mixin.py:190} INFO - [2025-02-06T17:23:44.887+0000] {dag.py:4180} INFO - Setting next_dagrun for example_setup_teardown_taskflow to None, run_after=None
[2025-02-06T17:23:44.969+0000] {processor.py:208} INFO - Processing /home/airflow/.local/lib/python3.12/site-packages/airflow/example_dags/example_setup_teardown_taskflow.py took 1.090 seconds
[2025-02-06T17:24:15.160+0000] {processor.py:186} INFO - Started process (PID=137) to work on /home/airflow/.local/lib/python3.12/site-packages/airflow/example_dags/example_setup_teardown_taskflow.py
[2025-02-06T17:24:15.162+0000] {processor.py:914} INFO - Processing file /home/airflow/.local/lib/python3.12/site-packages/airflow/example_dags/example_setup_teardown_taskflow.py for tasks to queue
[2025-02-06T17:24:15.165+0000] {logging_mixin.py:190} INFO - [2025-02-06T17:24:15.164+0000] {dagbag.py:588} INFO - Filling up the DagBag from /home/airflow/.local/lib/python3.12/site-packages/airflow/example_dags/example_setup_teardown_taskflow.py
[2025-02-06T17:24:15.177+0000] {processor.py:925} INFO - DAG(s) 'example_setup_teardown_taskflow' retrieved from /home/airflow/.local/lib/python3.12/site-packages/airflow/example_dags/example_setup_teardown_taskflow.py
[2025-02-06T17:24:15.206+0000] {logging_mixin.py:190} INFO - [2025-02-06T17:24:15.206+0000] {dag.py:3239} INFO - Sync 1 DAGs
[2025-02-06T17:24:15.223+0000] {logging_mixin.py:190} INFO - [2025-02-06T17:24:15.223+0000] {dag.py:4180} INFO - Setting next_dagrun for example_setup_teardown_taskflow to None, run_after=None
[2025-02-06T17:24:15.252+0000] {processor.py:208} INFO - Processing /home/airflow/.local/lib/python3.12/site-packages/airflow/example_dags/example_setup_teardown_taskflow.py took 0.099 seconds
[2025-02-06T17:24:45.764+0000] {processor.py:186} INFO - Started process (PID=194) to work on /home/airflow/.local/lib/python3.12/site-packages/airflow/example_dags/example_setup_teardown_taskflow.py
[2025-02-06T17:24:45.766+0000] {processor.py:914} INFO - Processing file /home/airflow/.local/lib/python3.12/site-packages/airflow/example_dags/example_setup_teardown_taskflow.py for tasks to queue
[2025-02-06T17:24:45.777+0000] {logging_mixin.py:190} INFO - [2025-02-06T17:24:45.770+0000] {dagbag.py:588} INFO - Filling up the DagBag from /home/airflow/.local/lib/python3.12/site-packages/airflow/example_dags/example_setup_teardown_taskflow.py
[2025-02-06T17:24:45.826+0000] {processor.py:925} INFO - DAG(s) 'example_setup_teardown_taskflow' retrieved from /home/airflow/.local/lib/python3.12/site-packages/airflow/example_dags/example_setup_teardown_taskflow.py
[2025-02-06T17:24:45.894+0000] {logging_mixin.py:190} INFO - [2025-02-06T17:24:45.894+0000] {dag.py:3239} INFO - Sync 1 DAGs
[2025-02-06T17:24:45.949+0000] {logging_mixin.py:190} INFO - [2025-02-06T17:24:45.944+0000] {dag.py:4180} INFO - Setting next_dagrun for example_setup_teardown_taskflow to None, run_after=None
[2025-02-06T17:24:46.003+0000] {processor.py:208} INFO - Processing /home/airflow/.local/lib/python3.12/site-packages/airflow/example_dags/example_setup_teardown_taskflow.py took 0.260 seconds
[2025-02-06T17:25:16.584+0000] {processor.py:186} INFO - Started process (PID=251) to work on /home/airflow/.local/lib/python3.12/site-packages/airflow/example_dags/example_setup_teardown_taskflow.py
[2025-02-06T17:25:16.586+0000] {processor.py:914} INFO - Processing file /home/airflow/.local/lib/python3.12/site-packages/airflow/example_dags/example_setup_teardown_taskflow.py for tasks to queue
[2025-02-06T17:25:16.590+0000] {logging_mixin.py:190} INFO - [2025-02-06T17:25:16.590+0000] {dagbag.py:588} INFO - Filling up the DagBag from /home/airflow/.local/lib/python3.12/site-packages/airflow/example_dags/example_setup_teardown_taskflow.py
[2025-02-06T17:25:16.612+0000] {processor.py:925} INFO - DAG(s) 'example_setup_teardown_taskflow' retrieved from /home/airflow/.local/lib/python3.12/site-packages/airflow/example_dags/example_setup_teardown_taskflow.py
[2025-02-06T17:25:16.649+0000] {logging_mixin.py:190} INFO - [2025-02-06T17:25:16.648+0000] {dag.py:3239} INFO - Sync 1 DAGs
[2025-02-06T17:25:16.672+0000] {logging_mixin.py:190} INFO - [2025-02-06T17:25:16.671+0000] {dag.py:4180} INFO - Setting next_dagrun for example_setup_teardown_taskflow to None, run_after=None
[2025-02-06T17:25:16.702+0000] {processor.py:208} INFO - Processing /home/airflow/.local/lib/python3.12/site-packages/airflow/example_dags/example_setup_teardown_taskflow.py took 0.130 seconds
[2025-02-06T17:25:47.616+0000] {processor.py:186} INFO - Started process (PID=307) to work on /home/airflow/.local/lib/python3.12/site-packages/airflow/example_dags/example_setup_teardown_taskflow.py
[2025-02-06T17:25:47.625+0000] {processor.py:914} INFO - Processing file /home/airflow/.local/lib/python3.12/site-packages/airflow/example_dags/example_setup_teardown_taskflow.py for tasks to queue
[2025-02-06T17:25:47.629+0000] {logging_mixin.py:190} INFO - [2025-02-06T17:25:47.629+0000] {dagbag.py:588} INFO - Filling up the DagBag from /home/airflow/.local/lib/python3.12/site-packages/airflow/example_dags/example_setup_teardown_taskflow.py
[2025-02-06T17:25:47.652+0000] {processor.py:925} INFO - DAG(s) 'example_setup_teardown_taskflow' retrieved from /home/airflow/.local/lib/python3.12/site-packages/airflow/example_dags/example_setup_teardown_taskflow.py
[2025-02-06T17:25:47.701+0000] {logging_mixin.py:190} INFO - [2025-02-06T17:25:47.700+0000] {dag.py:3239} INFO - Sync 1 DAGs
[2025-02-06T17:25:47.728+0000] {logging_mixin.py:190} INFO - [2025-02-06T17:25:47.727+0000] {dag.py:4180} INFO - Setting next_dagrun for example_setup_teardown_taskflow to None, run_after=None
[2025-02-06T17:25:47.767+0000] {processor.py:208} INFO - Processing /home/airflow/.local/lib/python3.12/site-packages/airflow/example_dags/example_setup_teardown_taskflow.py took 0.159 seconds
[2025-02-06T17:26:17.872+0000] {processor.py:186} INFO - Started process (PID=363) to work on /home/airflow/.local/lib/python3.12/site-packages/airflow/example_dags/example_setup_teardown_taskflow.py
[2025-02-06T17:26:17.873+0000] {processor.py:914} INFO - Processing file /home/airflow/.local/lib/python3.12/site-packages/airflow/example_dags/example_setup_teardown_taskflow.py for tasks to queue
[2025-02-06T17:26:17.876+0000] {logging_mixin.py:190} INFO - [2025-02-06T17:26:17.876+0000] {dagbag.py:588} INFO - Filling up the DagBag from /home/airflow/.local/lib/python3.12/site-packages/airflow/example_dags/example_setup_teardown_taskflow.py
[2025-02-06T17:26:17.890+0000] {processor.py:925} INFO - DAG(s) 'example_setup_teardown_taskflow' retrieved from /home/airflow/.local/lib/python3.12/site-packages/airflow/example_dags/example_setup_teardown_taskflow.py
[2025-02-06T17:26:17.920+0000] {logging_mixin.py:190} INFO - [2025-02-06T17:26:17.919+0000] {dag.py:3239} INFO - Sync 1 DAGs
[2025-02-06T17:26:17.939+0000] {logging_mixin.py:190} INFO - [2025-02-06T17:26:17.939+0000] {dag.py:4180} INFO - Setting next_dagrun for example_setup_teardown_taskflow to None, run_after=None
[2025-02-06T17:26:17.965+0000] {processor.py:208} INFO - Processing /home/airflow/.local/lib/python3.12/site-packages/airflow/example_dags/example_setup_teardown_taskflow.py took 0.101 seconds
[2025-02-06T17:29:41.485+0000] {processor.py:186} INFO - Started process (PID=79) to work on /home/airflow/.local/lib/python3.12/site-packages/airflow/example_dags/example_setup_teardown_taskflow.py
[2025-02-06T17:29:41.487+0000] {processor.py:914} INFO - Processing file /home/airflow/.local/lib/python3.12/site-packages/airflow/example_dags/example_setup_teardown_taskflow.py for tasks to queue
[2025-02-06T17:29:41.491+0000] {logging_mixin.py:190} INFO - [2025-02-06T17:29:41.491+0000] {dagbag.py:588} INFO - Filling up the DagBag from /home/airflow/.local/lib/python3.12/site-packages/airflow/example_dags/example_setup_teardown_taskflow.py
[2025-02-06T17:29:41.520+0000] {processor.py:925} INFO - DAG(s) 'example_setup_teardown_taskflow' retrieved from /home/airflow/.local/lib/python3.12/site-packages/airflow/example_dags/example_setup_teardown_taskflow.py
[2025-02-06T17:29:41.913+0000] {logging_mixin.py:190} INFO - [2025-02-06T17:29:41.912+0000] {override.py:1911} INFO - Created Permission View: can read on DAG:example_setup_teardown_taskflow
[2025-02-06T17:29:41.936+0000] {logging_mixin.py:190} INFO - [2025-02-06T17:29:41.935+0000] {override.py:1911} INFO - Created Permission View: can edit on DAG:example_setup_teardown_taskflow
[2025-02-06T17:29:41.951+0000] {logging_mixin.py:190} INFO - [2025-02-06T17:29:41.950+0000] {override.py:1911} INFO - Created Permission View: can delete on DAG:example_setup_teardown_taskflow
[2025-02-06T17:29:41.967+0000] {logging_mixin.py:190} INFO - [2025-02-06T17:29:41.967+0000] {override.py:1911} INFO - Created Permission View: can read on DAG Run:example_setup_teardown_taskflow
[2025-02-06T17:29:41.985+0000] {logging_mixin.py:190} INFO - [2025-02-06T17:29:41.984+0000] {override.py:1911} INFO - Created Permission View: menu access on DAG Run:example_setup_teardown_taskflow
[2025-02-06T17:29:42.003+0000] {logging_mixin.py:190} INFO - [2025-02-06T17:29:42.003+0000] {override.py:1911} INFO - Created Permission View: can delete on DAG Run:example_setup_teardown_taskflow
[2025-02-06T17:29:42.031+0000] {logging_mixin.py:190} INFO - [2025-02-06T17:29:42.030+0000] {override.py:1911} INFO - Created Permission View: can create on DAG Run:example_setup_teardown_taskflow
[2025-02-06T17:29:42.032+0000] {logging_mixin.py:190} INFO - [2025-02-06T17:29:42.032+0000] {dag.py:3239} INFO - Sync 1 DAGs
[2025-02-06T17:29:42.068+0000] {logging_mixin.py:190} INFO - [2025-02-06T17:29:42.067+0000] {dag.py:3262} INFO - Creating ORM DAG for example_setup_teardown_taskflow
[2025-02-06T17:29:42.070+0000] {logging_mixin.py:190} INFO - [2025-02-06T17:29:42.069+0000] {dag.py:4180} INFO - Setting next_dagrun for example_setup_teardown_taskflow to None, run_after=None
[2025-02-06T17:29:42.108+0000] {processor.py:208} INFO - Processing /home/airflow/.local/lib/python3.12/site-packages/airflow/example_dags/example_setup_teardown_taskflow.py took 0.636 seconds
[2025-02-06T17:30:12.472+0000] {processor.py:186} INFO - Started process (PID=136) to work on /home/airflow/.local/lib/python3.12/site-packages/airflow/example_dags/example_setup_teardown_taskflow.py
[2025-02-06T17:30:12.474+0000] {processor.py:914} INFO - Processing file /home/airflow/.local/lib/python3.12/site-packages/airflow/example_dags/example_setup_teardown_taskflow.py for tasks to queue
[2025-02-06T17:30:12.484+0000] {logging_mixin.py:190} INFO - [2025-02-06T17:30:12.484+0000] {dagbag.py:588} INFO - Filling up the DagBag from /home/airflow/.local/lib/python3.12/site-packages/airflow/example_dags/example_setup_teardown_taskflow.py
[2025-02-06T17:30:12.515+0000] {processor.py:925} INFO - DAG(s) 'example_setup_teardown_taskflow' retrieved from /home/airflow/.local/lib/python3.12/site-packages/airflow/example_dags/example_setup_teardown_taskflow.py
[2025-02-06T17:30:12.587+0000] {logging_mixin.py:190} INFO - [2025-02-06T17:30:12.582+0000] {dag.py:3239} INFO - Sync 1 DAGs
[2025-02-06T17:30:12.624+0000] {logging_mixin.py:190} INFO - [2025-02-06T17:30:12.624+0000] {dag.py:4180} INFO - Setting next_dagrun for example_setup_teardown_taskflow to None, run_after=None
[2025-02-06T17:30:12.697+0000] {processor.py:208} INFO - Processing /home/airflow/.local/lib/python3.12/site-packages/airflow/example_dags/example_setup_teardown_taskflow.py took 0.237 seconds
[2025-02-06T17:30:43.092+0000] {processor.py:186} INFO - Started process (PID=192) to work on /home/airflow/.local/lib/python3.12/site-packages/airflow/example_dags/example_setup_teardown_taskflow.py
[2025-02-06T17:30:43.093+0000] {processor.py:914} INFO - Processing file /home/airflow/.local/lib/python3.12/site-packages/airflow/example_dags/example_setup_teardown_taskflow.py for tasks to queue
[2025-02-06T17:30:43.097+0000] {logging_mixin.py:190} INFO - [2025-02-06T17:30:43.096+0000] {dagbag.py:588} INFO - Filling up the DagBag from /home/airflow/.local/lib/python3.12/site-packages/airflow/example_dags/example_setup_teardown_taskflow.py
[2025-02-06T17:30:43.130+0000] {processor.py:925} INFO - DAG(s) 'example_setup_teardown_taskflow' retrieved from /home/airflow/.local/lib/python3.12/site-packages/airflow/example_dags/example_setup_teardown_taskflow.py
[2025-02-06T17:30:43.194+0000] {logging_mixin.py:190} INFO - [2025-02-06T17:30:43.183+0000] {dag.py:3239} INFO - Sync 1 DAGs
[2025-02-06T17:30:43.241+0000] {logging_mixin.py:190} INFO - [2025-02-06T17:30:43.241+0000] {dag.py:4180} INFO - Setting next_dagrun for example_setup_teardown_taskflow to None, run_after=None
[2025-02-06T17:30:43.290+0000] {processor.py:208} INFO - Processing /home/airflow/.local/lib/python3.12/site-packages/airflow/example_dags/example_setup_teardown_taskflow.py took 0.216 seconds
[2025-02-06T17:31:13.571+0000] {processor.py:186} INFO - Started process (PID=249) to work on /home/airflow/.local/lib/python3.12/site-packages/airflow/example_dags/example_setup_teardown_taskflow.py
[2025-02-06T17:31:13.573+0000] {processor.py:914} INFO - Processing file /home/airflow/.local/lib/python3.12/site-packages/airflow/example_dags/example_setup_teardown_taskflow.py for tasks to queue
[2025-02-06T17:31:13.576+0000] {logging_mixin.py:190} INFO - [2025-02-06T17:31:13.575+0000] {dagbag.py:588} INFO - Filling up the DagBag from /home/airflow/.local/lib/python3.12/site-packages/airflow/example_dags/example_setup_teardown_taskflow.py
[2025-02-06T17:31:13.589+0000] {processor.py:925} INFO - DAG(s) 'example_setup_teardown_taskflow' retrieved from /home/airflow/.local/lib/python3.12/site-packages/airflow/example_dags/example_setup_teardown_taskflow.py
[2025-02-06T17:31:13.618+0000] {logging_mixin.py:190} INFO - [2025-02-06T17:31:13.618+0000] {dag.py:3239} INFO - Sync 1 DAGs
[2025-02-06T17:31:13.636+0000] {logging_mixin.py:190} INFO - [2025-02-06T17:31:13.636+0000] {dag.py:4180} INFO - Setting next_dagrun for example_setup_teardown_taskflow to None, run_after=None
[2025-02-06T17:31:13.660+0000] {processor.py:208} INFO - Processing /home/airflow/.local/lib/python3.12/site-packages/airflow/example_dags/example_setup_teardown_taskflow.py took 0.096 seconds
[2025-02-06T17:31:44.114+0000] {processor.py:186} INFO - Started process (PID=305) to work on /home/airflow/.local/lib/python3.12/site-packages/airflow/example_dags/example_setup_teardown_taskflow.py
[2025-02-06T17:31:44.116+0000] {processor.py:914} INFO - Processing file /home/airflow/.local/lib/python3.12/site-packages/airflow/example_dags/example_setup_teardown_taskflow.py for tasks to queue
[2025-02-06T17:31:44.120+0000] {logging_mixin.py:190} INFO - [2025-02-06T17:31:44.119+0000] {dagbag.py:588} INFO - Filling up the DagBag from /home/airflow/.local/lib/python3.12/site-packages/airflow/example_dags/example_setup_teardown_taskflow.py
[2025-02-06T17:31:44.133+0000] {processor.py:925} INFO - DAG(s) 'example_setup_teardown_taskflow' retrieved from /home/airflow/.local/lib/python3.12/site-packages/airflow/example_dags/example_setup_teardown_taskflow.py
[2025-02-06T17:31:44.161+0000] {logging_mixin.py:190} INFO - [2025-02-06T17:31:44.160+0000] {dag.py:3239} INFO - Sync 1 DAGs
[2025-02-06T17:31:44.180+0000] {logging_mixin.py:190} INFO - [2025-02-06T17:31:44.179+0000] {dag.py:4180} INFO - Setting next_dagrun for example_setup_teardown_taskflow to None, run_after=None
[2025-02-06T17:31:44.203+0000] {processor.py:208} INFO - Processing /home/airflow/.local/lib/python3.12/site-packages/airflow/example_dags/example_setup_teardown_taskflow.py took 0.097 seconds
[2025-02-06T17:32:14.712+0000] {processor.py:186} INFO - Started process (PID=362) to work on /home/airflow/.local/lib/python3.12/site-packages/airflow/example_dags/example_setup_teardown_taskflow.py
[2025-02-06T17:32:14.714+0000] {processor.py:914} INFO - Processing file /home/airflow/.local/lib/python3.12/site-packages/airflow/example_dags/example_setup_teardown_taskflow.py for tasks to queue
[2025-02-06T17:32:14.717+0000] {logging_mixin.py:190} INFO - [2025-02-06T17:32:14.716+0000] {dagbag.py:588} INFO - Filling up the DagBag from /home/airflow/.local/lib/python3.12/site-packages/airflow/example_dags/example_setup_teardown_taskflow.py
[2025-02-06T17:32:14.730+0000] {processor.py:925} INFO - DAG(s) 'example_setup_teardown_taskflow' retrieved from /home/airflow/.local/lib/python3.12/site-packages/airflow/example_dags/example_setup_teardown_taskflow.py
[2025-02-06T17:32:14.757+0000] {logging_mixin.py:190} INFO - [2025-02-06T17:32:14.756+0000] {dag.py:3239} INFO - Sync 1 DAGs
[2025-02-06T17:32:14.775+0000] {logging_mixin.py:190} INFO - [2025-02-06T17:32:14.775+0000] {dag.py:4180} INFO - Setting next_dagrun for example_setup_teardown_taskflow to None, run_after=None
[2025-02-06T17:32:14.799+0000] {processor.py:208} INFO - Processing /home/airflow/.local/lib/python3.12/site-packages/airflow/example_dags/example_setup_teardown_taskflow.py took 0.094 seconds
[2025-02-06T17:32:45.474+0000] {processor.py:186} INFO - Started process (PID=419) to work on /home/airflow/.local/lib/python3.12/site-packages/airflow/example_dags/example_setup_teardown_taskflow.py
[2025-02-06T17:32:45.476+0000] {processor.py:914} INFO - Processing file /home/airflow/.local/lib/python3.12/site-packages/airflow/example_dags/example_setup_teardown_taskflow.py for tasks to queue
[2025-02-06T17:32:45.480+0000] {logging_mixin.py:190} INFO - [2025-02-06T17:32:45.479+0000] {dagbag.py:588} INFO - Filling up the DagBag from /home/airflow/.local/lib/python3.12/site-packages/airflow/example_dags/example_setup_teardown_taskflow.py
[2025-02-06T17:32:45.500+0000] {processor.py:925} INFO - DAG(s) 'example_setup_teardown_taskflow' retrieved from /home/airflow/.local/lib/python3.12/site-packages/airflow/example_dags/example_setup_teardown_taskflow.py
[2025-02-06T17:32:45.539+0000] {logging_mixin.py:190} INFO - [2025-02-06T17:32:45.538+0000] {dag.py:3239} INFO - Sync 1 DAGs
[2025-02-06T17:32:45.571+0000] {logging_mixin.py:190} INFO - [2025-02-06T17:32:45.568+0000] {dag.py:4180} INFO - Setting next_dagrun for example_setup_teardown_taskflow to None, run_after=None
[2025-02-06T17:32:45.628+0000] {processor.py:208} INFO - Processing /home/airflow/.local/lib/python3.12/site-packages/airflow/example_dags/example_setup_teardown_taskflow.py took 0.162 seconds
[2025-02-06T17:33:15.753+0000] {processor.py:186} INFO - Started process (PID=476) to work on /home/airflow/.local/lib/python3.12/site-packages/airflow/example_dags/example_setup_teardown_taskflow.py
[2025-02-06T17:33:15.755+0000] {processor.py:914} INFO - Processing file /home/airflow/.local/lib/python3.12/site-packages/airflow/example_dags/example_setup_teardown_taskflow.py for tasks to queue
[2025-02-06T17:33:15.758+0000] {logging_mixin.py:190} INFO - [2025-02-06T17:33:15.758+0000] {dagbag.py:588} INFO - Filling up the DagBag from /home/airflow/.local/lib/python3.12/site-packages/airflow/example_dags/example_setup_teardown_taskflow.py
[2025-02-06T17:33:15.777+0000] {processor.py:925} INFO - DAG(s) 'example_setup_teardown_taskflow' retrieved from /home/airflow/.local/lib/python3.12/site-packages/airflow/example_dags/example_setup_teardown_taskflow.py
[2025-02-06T17:33:15.808+0000] {logging_mixin.py:190} INFO - [2025-02-06T17:33:15.807+0000] {dag.py:3239} INFO - Sync 1 DAGs
[2025-02-06T17:33:15.827+0000] {logging_mixin.py:190} INFO - [2025-02-06T17:33:15.827+0000] {dag.py:4180} INFO - Setting next_dagrun for example_setup_teardown_taskflow to None, run_after=None
[2025-02-06T17:33:15.851+0000] {processor.py:208} INFO - Processing /home/airflow/.local/lib/python3.12/site-packages/airflow/example_dags/example_setup_teardown_taskflow.py took 0.106 seconds
[2025-02-06T17:33:45.945+0000] {processor.py:186} INFO - Started process (PID=533) to work on /home/airflow/.local/lib/python3.12/site-packages/airflow/example_dags/example_setup_teardown_taskflow.py
[2025-02-06T17:33:45.946+0000] {processor.py:914} INFO - Processing file /home/airflow/.local/lib/python3.12/site-packages/airflow/example_dags/example_setup_teardown_taskflow.py for tasks to queue
[2025-02-06T17:33:45.949+0000] {logging_mixin.py:190} INFO - [2025-02-06T17:33:45.949+0000] {dagbag.py:588} INFO - Filling up the DagBag from /home/airflow/.local/lib/python3.12/site-packages/airflow/example_dags/example_setup_teardown_taskflow.py
[2025-02-06T17:33:45.963+0000] {processor.py:925} INFO - DAG(s) 'example_setup_teardown_taskflow' retrieved from /home/airflow/.local/lib/python3.12/site-packages/airflow/example_dags/example_setup_teardown_taskflow.py
[2025-02-06T17:33:45.998+0000] {logging_mixin.py:190} INFO - [2025-02-06T17:33:45.998+0000] {dag.py:3239} INFO - Sync 1 DAGs
[2025-02-06T17:33:46.018+0000] {logging_mixin.py:190} INFO - [2025-02-06T17:33:46.018+0000] {dag.py:4180} INFO - Setting next_dagrun for example_setup_teardown_taskflow to None, run_after=None
[2025-02-06T17:33:46.045+0000] {processor.py:208} INFO - Processing /home/airflow/.local/lib/python3.12/site-packages/airflow/example_dags/example_setup_teardown_taskflow.py took 0.108 seconds
[2025-02-06T17:34:16.894+0000] {processor.py:186} INFO - Started process (PID=590) to work on /home/airflow/.local/lib/python3.12/site-packages/airflow/example_dags/example_setup_teardown_taskflow.py
[2025-02-06T17:34:16.896+0000] {processor.py:914} INFO - Processing file /home/airflow/.local/lib/python3.12/site-packages/airflow/example_dags/example_setup_teardown_taskflow.py for tasks to queue
[2025-02-06T17:34:16.899+0000] {logging_mixin.py:190} INFO - [2025-02-06T17:34:16.898+0000] {dagbag.py:588} INFO - Filling up the DagBag from /home/airflow/.local/lib/python3.12/site-packages/airflow/example_dags/example_setup_teardown_taskflow.py
[2025-02-06T17:34:16.912+0000] {processor.py:925} INFO - DAG(s) 'example_setup_teardown_taskflow' retrieved from /home/airflow/.local/lib/python3.12/site-packages/airflow/example_dags/example_setup_teardown_taskflow.py
[2025-02-06T17:34:16.941+0000] {logging_mixin.py:190} INFO - [2025-02-06T17:34:16.941+0000] {dag.py:3239} INFO - Sync 1 DAGs
[2025-02-06T17:34:16.959+0000] {logging_mixin.py:190} INFO - [2025-02-06T17:34:16.959+0000] {dag.py:4180} INFO - Setting next_dagrun for example_setup_teardown_taskflow to None, run_after=None
[2025-02-06T17:34:16.986+0000] {processor.py:208} INFO - Processing /home/airflow/.local/lib/python3.12/site-packages/airflow/example_dags/example_setup_teardown_taskflow.py took 0.100 seconds
[2025-02-06T17:34:47.991+0000] {processor.py:186} INFO - Started process (PID=647) to work on /home/airflow/.local/lib/python3.12/site-packages/airflow/example_dags/example_setup_teardown_taskflow.py
[2025-02-06T17:34:47.993+0000] {processor.py:914} INFO - Processing file /home/airflow/.local/lib/python3.12/site-packages/airflow/example_dags/example_setup_teardown_taskflow.py for tasks to queue
[2025-02-06T17:34:47.996+0000] {logging_mixin.py:190} INFO - [2025-02-06T17:34:47.995+0000] {dagbag.py:588} INFO - Filling up the DagBag from /home/airflow/.local/lib/python3.12/site-packages/airflow/example_dags/example_setup_teardown_taskflow.py
[2025-02-06T17:34:48.010+0000] {processor.py:925} INFO - DAG(s) 'example_setup_teardown_taskflow' retrieved from /home/airflow/.local/lib/python3.12/site-packages/airflow/example_dags/example_setup_teardown_taskflow.py
[2025-02-06T17:34:48.038+0000] {logging_mixin.py:190} INFO - [2025-02-06T17:34:48.038+0000] {dag.py:3239} INFO - Sync 1 DAGs
[2025-02-06T17:34:48.058+0000] {logging_mixin.py:190} INFO - [2025-02-06T17:34:48.058+0000] {dag.py:4180} INFO - Setting next_dagrun for example_setup_teardown_taskflow to None, run_after=None
[2025-02-06T17:34:48.082+0000] {processor.py:208} INFO - Processing /home/airflow/.local/lib/python3.12/site-packages/airflow/example_dags/example_setup_teardown_taskflow.py took 0.100 seconds
[2025-02-06T17:35:18.824+0000] {processor.py:186} INFO - Started process (PID=704) to work on /home/airflow/.local/lib/python3.12/site-packages/airflow/example_dags/example_setup_teardown_taskflow.py
[2025-02-06T17:35:18.826+0000] {processor.py:914} INFO - Processing file /home/airflow/.local/lib/python3.12/site-packages/airflow/example_dags/example_setup_teardown_taskflow.py for tasks to queue
[2025-02-06T17:35:18.829+0000] {logging_mixin.py:190} INFO - [2025-02-06T17:35:18.828+0000] {dagbag.py:588} INFO - Filling up the DagBag from /home/airflow/.local/lib/python3.12/site-packages/airflow/example_dags/example_setup_teardown_taskflow.py
[2025-02-06T17:35:18.843+0000] {processor.py:925} INFO - DAG(s) 'example_setup_teardown_taskflow' retrieved from /home/airflow/.local/lib/python3.12/site-packages/airflow/example_dags/example_setup_teardown_taskflow.py
[2025-02-06T17:35:18.871+0000] {logging_mixin.py:190} INFO - [2025-02-06T17:35:18.871+0000] {dag.py:3239} INFO - Sync 1 DAGs
[2025-02-06T17:35:18.889+0000] {logging_mixin.py:190} INFO - [2025-02-06T17:35:18.889+0000] {dag.py:4180} INFO - Setting next_dagrun for example_setup_teardown_taskflow to None, run_after=None
[2025-02-06T17:35:18.911+0000] {processor.py:208} INFO - Processing /home/airflow/.local/lib/python3.12/site-packages/airflow/example_dags/example_setup_teardown_taskflow.py took 0.094 seconds
[2025-02-06T17:35:49.762+0000] {processor.py:186} INFO - Started process (PID=761) to work on /home/airflow/.local/lib/python3.12/site-packages/airflow/example_dags/example_setup_teardown_taskflow.py
[2025-02-06T17:35:49.763+0000] {processor.py:914} INFO - Processing file /home/airflow/.local/lib/python3.12/site-packages/airflow/example_dags/example_setup_teardown_taskflow.py for tasks to queue
[2025-02-06T17:35:49.766+0000] {logging_mixin.py:190} INFO - [2025-02-06T17:35:49.766+0000] {dagbag.py:588} INFO - Filling up the DagBag from /home/airflow/.local/lib/python3.12/site-packages/airflow/example_dags/example_setup_teardown_taskflow.py
[2025-02-06T17:35:49.781+0000] {processor.py:925} INFO - DAG(s) 'example_setup_teardown_taskflow' retrieved from /home/airflow/.local/lib/python3.12/site-packages/airflow/example_dags/example_setup_teardown_taskflow.py
[2025-02-06T17:35:49.814+0000] {logging_mixin.py:190} INFO - [2025-02-06T17:35:49.813+0000] {dag.py:3239} INFO - Sync 1 DAGs
[2025-02-06T17:35:49.836+0000] {logging_mixin.py:190} INFO - [2025-02-06T17:35:49.835+0000] {dag.py:4180} INFO - Setting next_dagrun for example_setup_teardown_taskflow to None, run_after=None
[2025-02-06T17:35:49.860+0000] {processor.py:208} INFO - Processing /home/airflow/.local/lib/python3.12/site-packages/airflow/example_dags/example_setup_teardown_taskflow.py took 0.107 seconds
[2025-02-06T17:36:20.356+0000] {processor.py:186} INFO - Started process (PID=818) to work on /home/airflow/.local/lib/python3.12/site-packages/airflow/example_dags/example_setup_teardown_taskflow.py
[2025-02-06T17:36:20.357+0000] {processor.py:914} INFO - Processing file /home/airflow/.local/lib/python3.12/site-packages/airflow/example_dags/example_setup_teardown_taskflow.py for tasks to queue
[2025-02-06T17:36:20.362+0000] {logging_mixin.py:190} INFO - [2025-02-06T17:36:20.361+0000] {dagbag.py:588} INFO - Filling up the DagBag from /home/airflow/.local/lib/python3.12/site-packages/airflow/example_dags/example_setup_teardown_taskflow.py
[2025-02-06T17:36:20.376+0000] {processor.py:925} INFO - DAG(s) 'example_setup_teardown_taskflow' retrieved from /home/airflow/.local/lib/python3.12/site-packages/airflow/example_dags/example_setup_teardown_taskflow.py
[2025-02-06T17:36:20.407+0000] {logging_mixin.py:190} INFO - [2025-02-06T17:36:20.406+0000] {dag.py:3239} INFO - Sync 1 DAGs
[2025-02-06T17:36:20.425+0000] {logging_mixin.py:190} INFO - [2025-02-06T17:36:20.425+0000] {dag.py:4180} INFO - Setting next_dagrun for example_setup_teardown_taskflow to None, run_after=None
[2025-02-06T17:36:20.458+0000] {processor.py:208} INFO - Processing /home/airflow/.local/lib/python3.12/site-packages/airflow/example_dags/example_setup_teardown_taskflow.py took 0.110 seconds
[2025-02-06T17:41:53.537+0000] {processor.py:186} INFO - Started process (PID=79) to work on /home/airflow/.local/lib/python3.12/site-packages/airflow/example_dags/example_setup_teardown_taskflow.py
[2025-02-06T17:41:53.538+0000] {processor.py:914} INFO - Processing file /home/airflow/.local/lib/python3.12/site-packages/airflow/example_dags/example_setup_teardown_taskflow.py for tasks to queue
[2025-02-06T17:41:53.554+0000] {logging_mixin.py:190} INFO - [2025-02-06T17:41:53.553+0000] {dagbag.py:588} INFO - Filling up the DagBag from /home/airflow/.local/lib/python3.12/site-packages/airflow/example_dags/example_setup_teardown_taskflow.py
[2025-02-06T17:41:53.605+0000] {processor.py:925} INFO - DAG(s) 'example_setup_teardown_taskflow' retrieved from /home/airflow/.local/lib/python3.12/site-packages/airflow/example_dags/example_setup_teardown_taskflow.py
[2025-02-06T17:41:54.117+0000] {logging_mixin.py:190} INFO - [2025-02-06T17:41:54.115+0000] {override.py:1911} INFO - Created Permission View: can delete on DAG:example_setup_teardown_taskflow
[2025-02-06T17:41:54.158+0000] {logging_mixin.py:190} INFO - [2025-02-06T17:41:54.157+0000] {override.py:1911} INFO - Created Permission View: can read on DAG:example_setup_teardown_taskflow
[2025-02-06T17:41:54.198+0000] {logging_mixin.py:190} INFO - [2025-02-06T17:41:54.197+0000] {override.py:1911} INFO - Created Permission View: can edit on DAG:example_setup_teardown_taskflow
[2025-02-06T17:41:54.234+0000] {logging_mixin.py:190} INFO - [2025-02-06T17:41:54.231+0000] {override.py:1911} INFO - Created Permission View: can delete on DAG Run:example_setup_teardown_taskflow
[2025-02-06T17:41:54.260+0000] {logging_mixin.py:190} INFO - [2025-02-06T17:41:54.259+0000] {override.py:1911} INFO - Created Permission View: can create on DAG Run:example_setup_teardown_taskflow
[2025-02-06T17:41:54.285+0000] {logging_mixin.py:190} INFO - [2025-02-06T17:41:54.284+0000] {override.py:1911} INFO - Created Permission View: can read on DAG Run:example_setup_teardown_taskflow
[2025-02-06T17:41:54.321+0000] {logging_mixin.py:190} INFO - [2025-02-06T17:41:54.320+0000] {override.py:1911} INFO - Created Permission View: menu access on DAG Run:example_setup_teardown_taskflow
[2025-02-06T17:41:54.322+0000] {logging_mixin.py:190} INFO - [2025-02-06T17:41:54.321+0000] {dag.py:3239} INFO - Sync 1 DAGs
[2025-02-06T17:41:54.389+0000] {logging_mixin.py:190} INFO - [2025-02-06T17:41:54.389+0000] {dag.py:3262} INFO - Creating ORM DAG for example_setup_teardown_taskflow
[2025-02-06T17:41:54.392+0000] {logging_mixin.py:190} INFO - [2025-02-06T17:41:54.391+0000] {dag.py:4180} INFO - Setting next_dagrun for example_setup_teardown_taskflow to None, run_after=None
[2025-02-06T17:41:54.479+0000] {processor.py:208} INFO - Processing /home/airflow/.local/lib/python3.12/site-packages/airflow/example_dags/example_setup_teardown_taskflow.py took 0.964 seconds
[2025-02-06T17:42:25.276+0000] {processor.py:186} INFO - Started process (PID=136) to work on /home/airflow/.local/lib/python3.12/site-packages/airflow/example_dags/example_setup_teardown_taskflow.py
[2025-02-06T17:42:25.277+0000] {processor.py:914} INFO - Processing file /home/airflow/.local/lib/python3.12/site-packages/airflow/example_dags/example_setup_teardown_taskflow.py for tasks to queue
[2025-02-06T17:42:25.281+0000] {logging_mixin.py:190} INFO - [2025-02-06T17:42:25.280+0000] {dagbag.py:588} INFO - Filling up the DagBag from /home/airflow/.local/lib/python3.12/site-packages/airflow/example_dags/example_setup_teardown_taskflow.py
[2025-02-06T17:42:25.294+0000] {processor.py:925} INFO - DAG(s) 'example_setup_teardown_taskflow' retrieved from /home/airflow/.local/lib/python3.12/site-packages/airflow/example_dags/example_setup_teardown_taskflow.py
[2025-02-06T17:42:25.321+0000] {logging_mixin.py:190} INFO - [2025-02-06T17:42:25.321+0000] {dag.py:3239} INFO - Sync 1 DAGs
[2025-02-06T17:42:25.338+0000] {logging_mixin.py:190} INFO - [2025-02-06T17:42:25.338+0000] {dag.py:4180} INFO - Setting next_dagrun for example_setup_teardown_taskflow to None, run_after=None
[2025-02-06T17:42:25.361+0000] {processor.py:208} INFO - Processing /home/airflow/.local/lib/python3.12/site-packages/airflow/example_dags/example_setup_teardown_taskflow.py took 0.094 seconds
[2025-02-06T17:42:57.799+0000] {processor.py:186} INFO - Started process (PID=193) to work on /home/airflow/.local/lib/python3.12/site-packages/airflow/example_dags/example_setup_teardown_taskflow.py
[2025-02-06T17:42:57.809+0000] {processor.py:914} INFO - Processing file /home/airflow/.local/lib/python3.12/site-packages/airflow/example_dags/example_setup_teardown_taskflow.py for tasks to queue
[2025-02-06T17:42:57.818+0000] {logging_mixin.py:190} INFO - [2025-02-06T17:42:57.818+0000] {dagbag.py:588} INFO - Filling up the DagBag from /home/airflow/.local/lib/python3.12/site-packages/airflow/example_dags/example_setup_teardown_taskflow.py
[2025-02-06T17:42:57.864+0000] {processor.py:925} INFO - DAG(s) 'example_setup_teardown_taskflow' retrieved from /home/airflow/.local/lib/python3.12/site-packages/airflow/example_dags/example_setup_teardown_taskflow.py
[2025-02-06T17:42:57.949+0000] {logging_mixin.py:190} INFO - [2025-02-06T17:42:57.949+0000] {dag.py:3239} INFO - Sync 1 DAGs
[2025-02-06T17:42:58.005+0000] {logging_mixin.py:190} INFO - [2025-02-06T17:42:58.004+0000] {dag.py:4180} INFO - Setting next_dagrun for example_setup_teardown_taskflow to None, run_after=None
[2025-02-06T17:42:58.089+0000] {processor.py:208} INFO - Processing /home/airflow/.local/lib/python3.12/site-packages/airflow/example_dags/example_setup_teardown_taskflow.py took 0.314 seconds
[2025-02-06T17:43:28.556+0000] {processor.py:186} INFO - Started process (PID=250) to work on /home/airflow/.local/lib/python3.12/site-packages/airflow/example_dags/example_setup_teardown_taskflow.py
[2025-02-06T17:43:28.557+0000] {processor.py:914} INFO - Processing file /home/airflow/.local/lib/python3.12/site-packages/airflow/example_dags/example_setup_teardown_taskflow.py for tasks to queue
[2025-02-06T17:43:28.561+0000] {logging_mixin.py:190} INFO - [2025-02-06T17:43:28.560+0000] {dagbag.py:588} INFO - Filling up the DagBag from /home/airflow/.local/lib/python3.12/site-packages/airflow/example_dags/example_setup_teardown_taskflow.py
[2025-02-06T17:43:28.575+0000] {processor.py:925} INFO - DAG(s) 'example_setup_teardown_taskflow' retrieved from /home/airflow/.local/lib/python3.12/site-packages/airflow/example_dags/example_setup_teardown_taskflow.py
[2025-02-06T17:43:28.613+0000] {logging_mixin.py:190} INFO - [2025-02-06T17:43:28.613+0000] {dag.py:3239} INFO - Sync 1 DAGs
[2025-02-06T17:43:28.632+0000] {logging_mixin.py:190} INFO - [2025-02-06T17:43:28.631+0000] {dag.py:4180} INFO - Setting next_dagrun for example_setup_teardown_taskflow to None, run_after=None
[2025-02-06T17:43:28.656+0000] {processor.py:208} INFO - Processing /home/airflow/.local/lib/python3.12/site-packages/airflow/example_dags/example_setup_teardown_taskflow.py took 0.109 seconds
[2025-02-06T17:43:59.271+0000] {processor.py:186} INFO - Started process (PID=306) to work on /home/airflow/.local/lib/python3.12/site-packages/airflow/example_dags/example_setup_teardown_taskflow.py
[2025-02-06T17:43:59.273+0000] {processor.py:914} INFO - Processing file /home/airflow/.local/lib/python3.12/site-packages/airflow/example_dags/example_setup_teardown_taskflow.py for tasks to queue
[2025-02-06T17:43:59.278+0000] {logging_mixin.py:190} INFO - [2025-02-06T17:43:59.277+0000] {dagbag.py:588} INFO - Filling up the DagBag from /home/airflow/.local/lib/python3.12/site-packages/airflow/example_dags/example_setup_teardown_taskflow.py
[2025-02-06T17:43:59.342+0000] {processor.py:925} INFO - DAG(s) 'example_setup_teardown_taskflow' retrieved from /home/airflow/.local/lib/python3.12/site-packages/airflow/example_dags/example_setup_teardown_taskflow.py
[2025-02-06T17:43:59.411+0000] {logging_mixin.py:190} INFO - [2025-02-06T17:43:59.410+0000] {dag.py:3239} INFO - Sync 1 DAGs
[2025-02-06T17:43:59.462+0000] {logging_mixin.py:190} INFO - [2025-02-06T17:43:59.462+0000] {dag.py:4180} INFO - Setting next_dagrun for example_setup_teardown_taskflow to None, run_after=None
[2025-02-06T17:43:59.493+0000] {processor.py:208} INFO - Processing /home/airflow/.local/lib/python3.12/site-packages/airflow/example_dags/example_setup_teardown_taskflow.py took 0.238 seconds
[2025-02-06T17:44:29.611+0000] {processor.py:186} INFO - Started process (PID=362) to work on /home/airflow/.local/lib/python3.12/site-packages/airflow/example_dags/example_setup_teardown_taskflow.py
[2025-02-06T17:44:29.613+0000] {processor.py:914} INFO - Processing file /home/airflow/.local/lib/python3.12/site-packages/airflow/example_dags/example_setup_teardown_taskflow.py for tasks to queue
[2025-02-06T17:44:29.626+0000] {logging_mixin.py:190} INFO - [2025-02-06T17:44:29.625+0000] {dagbag.py:588} INFO - Filling up the DagBag from /home/airflow/.local/lib/python3.12/site-packages/airflow/example_dags/example_setup_teardown_taskflow.py
[2025-02-06T17:44:29.654+0000] {processor.py:925} INFO - DAG(s) 'example_setup_teardown_taskflow' retrieved from /home/airflow/.local/lib/python3.12/site-packages/airflow/example_dags/example_setup_teardown_taskflow.py
[2025-02-06T17:44:29.716+0000] {logging_mixin.py:190} INFO - [2025-02-06T17:44:29.716+0000] {dag.py:3239} INFO - Sync 1 DAGs
[2025-02-06T17:44:29.761+0000] {logging_mixin.py:190} INFO - [2025-02-06T17:44:29.760+0000] {dag.py:4180} INFO - Setting next_dagrun for example_setup_teardown_taskflow to None, run_after=None
[2025-02-06T17:44:29.825+0000] {processor.py:208} INFO - Processing /home/airflow/.local/lib/python3.12/site-packages/airflow/example_dags/example_setup_teardown_taskflow.py took 0.234 seconds
[2025-02-06T17:45:00.163+0000] {processor.py:186} INFO - Started process (PID=419) to work on /home/airflow/.local/lib/python3.12/site-packages/airflow/example_dags/example_setup_teardown_taskflow.py
[2025-02-06T17:45:00.165+0000] {processor.py:914} INFO - Processing file /home/airflow/.local/lib/python3.12/site-packages/airflow/example_dags/example_setup_teardown_taskflow.py for tasks to queue
[2025-02-06T17:45:00.168+0000] {logging_mixin.py:190} INFO - [2025-02-06T17:45:00.168+0000] {dagbag.py:588} INFO - Filling up the DagBag from /home/airflow/.local/lib/python3.12/site-packages/airflow/example_dags/example_setup_teardown_taskflow.py
[2025-02-06T17:45:00.183+0000] {processor.py:925} INFO - DAG(s) 'example_setup_teardown_taskflow' retrieved from /home/airflow/.local/lib/python3.12/site-packages/airflow/example_dags/example_setup_teardown_taskflow.py
[2025-02-06T17:45:00.215+0000] {logging_mixin.py:190} INFO - [2025-02-06T17:45:00.215+0000] {dag.py:3239} INFO - Sync 1 DAGs
[2025-02-06T17:45:00.237+0000] {logging_mixin.py:190} INFO - [2025-02-06T17:45:00.236+0000] {dag.py:4180} INFO - Setting next_dagrun for example_setup_teardown_taskflow to None, run_after=None
[2025-02-06T17:45:00.266+0000] {processor.py:208} INFO - Processing /home/airflow/.local/lib/python3.12/site-packages/airflow/example_dags/example_setup_teardown_taskflow.py took 0.110 seconds
[2025-02-06T17:53:34.088+0000] {processor.py:186} INFO - Started process (PID=80) to work on /home/airflow/.local/lib/python3.12/site-packages/airflow/example_dags/example_setup_teardown_taskflow.py
[2025-02-06T17:53:34.090+0000] {processor.py:914} INFO - Processing file /home/airflow/.local/lib/python3.12/site-packages/airflow/example_dags/example_setup_teardown_taskflow.py for tasks to queue
[2025-02-06T17:53:34.095+0000] {logging_mixin.py:190} INFO - [2025-02-06T17:53:34.094+0000] {dagbag.py:588} INFO - Filling up the DagBag from /home/airflow/.local/lib/python3.12/site-packages/airflow/example_dags/example_setup_teardown_taskflow.py
[2025-02-06T17:53:34.155+0000] {processor.py:925} INFO - DAG(s) 'example_setup_teardown_taskflow' retrieved from /home/airflow/.local/lib/python3.12/site-packages/airflow/example_dags/example_setup_teardown_taskflow.py
[2025-02-06T17:53:34.241+0000] {logging_mixin.py:190} INFO - [2025-02-06T17:53:34.240+0000] {dag.py:3239} INFO - Sync 1 DAGs
[2025-02-06T17:53:34.281+0000] {logging_mixin.py:190} INFO - [2025-02-06T17:53:34.281+0000] {dag.py:4180} INFO - Setting next_dagrun for example_setup_teardown_taskflow to None, run_after=None
[2025-02-06T17:53:34.333+0000] {processor.py:208} INFO - Processing /home/airflow/.local/lib/python3.12/site-packages/airflow/example_dags/example_setup_teardown_taskflow.py took 0.266 seconds
[2025-02-06T17:54:06.074+0000] {processor.py:186} INFO - Started process (PID=138) to work on /home/airflow/.local/lib/python3.12/site-packages/airflow/example_dags/example_setup_teardown_taskflow.py
[2025-02-06T17:54:06.076+0000] {processor.py:914} INFO - Processing file /home/airflow/.local/lib/python3.12/site-packages/airflow/example_dags/example_setup_teardown_taskflow.py for tasks to queue
[2025-02-06T17:54:06.081+0000] {logging_mixin.py:190} INFO - [2025-02-06T17:54:06.080+0000] {dagbag.py:588} INFO - Filling up the DagBag from /home/airflow/.local/lib/python3.12/site-packages/airflow/example_dags/example_setup_teardown_taskflow.py
[2025-02-06T17:54:06.124+0000] {processor.py:925} INFO - DAG(s) 'example_setup_teardown_taskflow' retrieved from /home/airflow/.local/lib/python3.12/site-packages/airflow/example_dags/example_setup_teardown_taskflow.py
[2025-02-06T17:54:06.191+0000] {logging_mixin.py:190} INFO - [2025-02-06T17:54:06.190+0000] {dag.py:3239} INFO - Sync 1 DAGs
[2025-02-06T17:54:06.234+0000] {logging_mixin.py:190} INFO - [2025-02-06T17:54:06.234+0000] {dag.py:4180} INFO - Setting next_dagrun for example_setup_teardown_taskflow to None, run_after=None
[2025-02-06T17:54:06.289+0000] {processor.py:208} INFO - Processing /home/airflow/.local/lib/python3.12/site-packages/airflow/example_dags/example_setup_teardown_taskflow.py took 0.232 seconds
[2025-02-06T17:56:06.761+0000] {processor.py:186} INFO - Started process (PID=80) to work on /home/airflow/.local/lib/python3.12/site-packages/airflow/example_dags/example_setup_teardown_taskflow.py
[2025-02-06T17:56:06.762+0000] {processor.py:914} INFO - Processing file /home/airflow/.local/lib/python3.12/site-packages/airflow/example_dags/example_setup_teardown_taskflow.py for tasks to queue
[2025-02-06T17:56:06.767+0000] {logging_mixin.py:190} INFO - [2025-02-06T17:56:06.766+0000] {dagbag.py:588} INFO - Filling up the DagBag from /home/airflow/.local/lib/python3.12/site-packages/airflow/example_dags/example_setup_teardown_taskflow.py
[2025-02-06T17:56:06.787+0000] {processor.py:925} INFO - DAG(s) 'example_setup_teardown_taskflow' retrieved from /home/airflow/.local/lib/python3.12/site-packages/airflow/example_dags/example_setup_teardown_taskflow.py
[2025-02-06T17:56:06.823+0000] {logging_mixin.py:190} INFO - [2025-02-06T17:56:06.823+0000] {dag.py:3239} INFO - Sync 1 DAGs
[2025-02-06T17:56:06.849+0000] {logging_mixin.py:190} INFO - [2025-02-06T17:56:06.849+0000] {dag.py:4180} INFO - Setting next_dagrun for example_setup_teardown_taskflow to None, run_after=None
[2025-02-06T17:56:06.883+0000] {processor.py:208} INFO - Processing /home/airflow/.local/lib/python3.12/site-packages/airflow/example_dags/example_setup_teardown_taskflow.py took 0.133 seconds
[2025-02-06T17:56:38.306+0000] {processor.py:186} INFO - Started process (PID=138) to work on /home/airflow/.local/lib/python3.12/site-packages/airflow/example_dags/example_setup_teardown_taskflow.py
[2025-02-06T17:56:38.309+0000] {processor.py:914} INFO - Processing file /home/airflow/.local/lib/python3.12/site-packages/airflow/example_dags/example_setup_teardown_taskflow.py for tasks to queue
[2025-02-06T17:56:38.314+0000] {logging_mixin.py:190} INFO - [2025-02-06T17:56:38.313+0000] {dagbag.py:588} INFO - Filling up the DagBag from /home/airflow/.local/lib/python3.12/site-packages/airflow/example_dags/example_setup_teardown_taskflow.py
[2025-02-06T17:56:38.339+0000] {processor.py:925} INFO - DAG(s) 'example_setup_teardown_taskflow' retrieved from /home/airflow/.local/lib/python3.12/site-packages/airflow/example_dags/example_setup_teardown_taskflow.py
[2025-02-06T17:56:38.393+0000] {logging_mixin.py:190} INFO - [2025-02-06T17:56:38.393+0000] {dag.py:3239} INFO - Sync 1 DAGs
[2025-02-06T17:56:38.424+0000] {logging_mixin.py:190} INFO - [2025-02-06T17:56:38.424+0000] {dag.py:4180} INFO - Setting next_dagrun for example_setup_teardown_taskflow to None, run_after=None
[2025-02-06T17:56:38.479+0000] {processor.py:208} INFO - Processing /home/airflow/.local/lib/python3.12/site-packages/airflow/example_dags/example_setup_teardown_taskflow.py took 0.189 seconds
[2025-02-06T17:57:09.959+0000] {processor.py:186} INFO - Started process (PID=196) to work on /home/airflow/.local/lib/python3.12/site-packages/airflow/example_dags/example_setup_teardown_taskflow.py
[2025-02-06T17:57:09.960+0000] {processor.py:914} INFO - Processing file /home/airflow/.local/lib/python3.12/site-packages/airflow/example_dags/example_setup_teardown_taskflow.py for tasks to queue
[2025-02-06T17:57:09.963+0000] {logging_mixin.py:190} INFO - [2025-02-06T17:57:09.963+0000] {dagbag.py:588} INFO - Filling up the DagBag from /home/airflow/.local/lib/python3.12/site-packages/airflow/example_dags/example_setup_teardown_taskflow.py
[2025-02-06T17:57:09.977+0000] {processor.py:925} INFO - DAG(s) 'example_setup_teardown_taskflow' retrieved from /home/airflow/.local/lib/python3.12/site-packages/airflow/example_dags/example_setup_teardown_taskflow.py
[2025-02-06T17:57:10.008+0000] {logging_mixin.py:190} INFO - [2025-02-06T17:57:10.008+0000] {dag.py:3239} INFO - Sync 1 DAGs
[2025-02-06T17:57:10.026+0000] {logging_mixin.py:190} INFO - [2025-02-06T17:57:10.026+0000] {dag.py:4180} INFO - Setting next_dagrun for example_setup_teardown_taskflow to None, run_after=None
[2025-02-06T17:57:10.054+0000] {processor.py:208} INFO - Processing /home/airflow/.local/lib/python3.12/site-packages/airflow/example_dags/example_setup_teardown_taskflow.py took 0.104 seconds
[2025-02-06T17:57:41.625+0000] {processor.py:186} INFO - Started process (PID=254) to work on /home/airflow/.local/lib/python3.12/site-packages/airflow/example_dags/example_setup_teardown_taskflow.py
[2025-02-06T17:57:41.627+0000] {processor.py:914} INFO - Processing file /home/airflow/.local/lib/python3.12/site-packages/airflow/example_dags/example_setup_teardown_taskflow.py for tasks to queue
[2025-02-06T17:57:41.630+0000] {logging_mixin.py:190} INFO - [2025-02-06T17:57:41.629+0000] {dagbag.py:588} INFO - Filling up the DagBag from /home/airflow/.local/lib/python3.12/site-packages/airflow/example_dags/example_setup_teardown_taskflow.py
[2025-02-06T17:57:41.650+0000] {processor.py:925} INFO - DAG(s) 'example_setup_teardown_taskflow' retrieved from /home/airflow/.local/lib/python3.12/site-packages/airflow/example_dags/example_setup_teardown_taskflow.py
[2025-02-06T17:57:41.693+0000] {logging_mixin.py:190} INFO - [2025-02-06T17:57:41.692+0000] {dag.py:3239} INFO - Sync 1 DAGs
[2025-02-06T17:57:41.719+0000] {logging_mixin.py:190} INFO - [2025-02-06T17:57:41.719+0000] {dag.py:4180} INFO - Setting next_dagrun for example_setup_teardown_taskflow to None, run_after=None
[2025-02-06T17:57:41.756+0000] {processor.py:208} INFO - Processing /home/airflow/.local/lib/python3.12/site-packages/airflow/example_dags/example_setup_teardown_taskflow.py took 0.145 seconds
[2025-02-06T17:58:13.448+0000] {processor.py:186} INFO - Started process (PID=312) to work on /home/airflow/.local/lib/python3.12/site-packages/airflow/example_dags/example_setup_teardown_taskflow.py
[2025-02-06T17:58:13.449+0000] {processor.py:914} INFO - Processing file /home/airflow/.local/lib/python3.12/site-packages/airflow/example_dags/example_setup_teardown_taskflow.py for tasks to queue
[2025-02-06T17:58:13.460+0000] {logging_mixin.py:190} INFO - [2025-02-06T17:58:13.459+0000] {dagbag.py:588} INFO - Filling up the DagBag from /home/airflow/.local/lib/python3.12/site-packages/airflow/example_dags/example_setup_teardown_taskflow.py
[2025-02-06T17:58:13.487+0000] {processor.py:925} INFO - DAG(s) 'example_setup_teardown_taskflow' retrieved from /home/airflow/.local/lib/python3.12/site-packages/airflow/example_dags/example_setup_teardown_taskflow.py
[2025-02-06T17:58:13.546+0000] {logging_mixin.py:190} INFO - [2025-02-06T17:58:13.546+0000] {dag.py:3239} INFO - Sync 1 DAGs
[2025-02-06T17:58:13.587+0000] {logging_mixin.py:190} INFO - [2025-02-06T17:58:13.587+0000] {dag.py:4180} INFO - Setting next_dagrun for example_setup_teardown_taskflow to None, run_after=None
[2025-02-06T17:58:13.628+0000] {processor.py:208} INFO - Processing /home/airflow/.local/lib/python3.12/site-packages/airflow/example_dags/example_setup_teardown_taskflow.py took 0.199 seconds
[2025-02-06T17:58:45.211+0000] {processor.py:186} INFO - Started process (PID=370) to work on /home/airflow/.local/lib/python3.12/site-packages/airflow/example_dags/example_setup_teardown_taskflow.py
[2025-02-06T17:58:45.213+0000] {processor.py:914} INFO - Processing file /home/airflow/.local/lib/python3.12/site-packages/airflow/example_dags/example_setup_teardown_taskflow.py for tasks to queue
[2025-02-06T17:58:45.216+0000] {logging_mixin.py:190} INFO - [2025-02-06T17:58:45.216+0000] {dagbag.py:588} INFO - Filling up the DagBag from /home/airflow/.local/lib/python3.12/site-packages/airflow/example_dags/example_setup_teardown_taskflow.py
[2025-02-06T17:58:45.253+0000] {processor.py:925} INFO - DAG(s) 'example_setup_teardown_taskflow' retrieved from /home/airflow/.local/lib/python3.12/site-packages/airflow/example_dags/example_setup_teardown_taskflow.py
[2025-02-06T17:58:45.357+0000] {logging_mixin.py:190} INFO - [2025-02-06T17:58:45.357+0000] {dag.py:3239} INFO - Sync 1 DAGs
[2025-02-06T17:58:45.381+0000] {logging_mixin.py:190} INFO - [2025-02-06T17:58:45.381+0000] {dag.py:4180} INFO - Setting next_dagrun for example_setup_teardown_taskflow to None, run_after=None
[2025-02-06T17:58:45.407+0000] {processor.py:208} INFO - Processing /home/airflow/.local/lib/python3.12/site-packages/airflow/example_dags/example_setup_teardown_taskflow.py took 0.214 seconds
[2025-02-06T17:59:16.382+0000] {processor.py:186} INFO - Started process (PID=428) to work on /home/airflow/.local/lib/python3.12/site-packages/airflow/example_dags/example_setup_teardown_taskflow.py
[2025-02-06T17:59:16.384+0000] {processor.py:914} INFO - Processing file /home/airflow/.local/lib/python3.12/site-packages/airflow/example_dags/example_setup_teardown_taskflow.py for tasks to queue
[2025-02-06T17:59:16.389+0000] {logging_mixin.py:190} INFO - [2025-02-06T17:59:16.388+0000] {dagbag.py:588} INFO - Filling up the DagBag from /home/airflow/.local/lib/python3.12/site-packages/airflow/example_dags/example_setup_teardown_taskflow.py
[2025-02-06T17:59:16.418+0000] {processor.py:925} INFO - DAG(s) 'example_setup_teardown_taskflow' retrieved from /home/airflow/.local/lib/python3.12/site-packages/airflow/example_dags/example_setup_teardown_taskflow.py
[2025-02-06T17:59:16.487+0000] {logging_mixin.py:190} INFO - [2025-02-06T17:59:16.481+0000] {dag.py:3239} INFO - Sync 1 DAGs
[2025-02-06T17:59:16.534+0000] {logging_mixin.py:190} INFO - [2025-02-06T17:59:16.533+0000] {dag.py:4180} INFO - Setting next_dagrun for example_setup_teardown_taskflow to None, run_after=None
[2025-02-06T17:59:16.602+0000] {processor.py:208} INFO - Processing /home/airflow/.local/lib/python3.12/site-packages/airflow/example_dags/example_setup_teardown_taskflow.py took 0.239 seconds
[2025-02-06T17:59:46.965+0000] {processor.py:186} INFO - Started process (PID=485) to work on /home/airflow/.local/lib/python3.12/site-packages/airflow/example_dags/example_setup_teardown_taskflow.py
[2025-02-06T17:59:46.967+0000] {processor.py:914} INFO - Processing file /home/airflow/.local/lib/python3.12/site-packages/airflow/example_dags/example_setup_teardown_taskflow.py for tasks to queue
[2025-02-06T17:59:46.973+0000] {logging_mixin.py:190} INFO - [2025-02-06T17:59:46.973+0000] {dagbag.py:588} INFO - Filling up the DagBag from /home/airflow/.local/lib/python3.12/site-packages/airflow/example_dags/example_setup_teardown_taskflow.py
[2025-02-06T17:59:46.986+0000] {processor.py:925} INFO - DAG(s) 'example_setup_teardown_taskflow' retrieved from /home/airflow/.local/lib/python3.12/site-packages/airflow/example_dags/example_setup_teardown_taskflow.py
[2025-02-06T17:59:47.020+0000] {logging_mixin.py:190} INFO - [2025-02-06T17:59:47.020+0000] {dag.py:3239} INFO - Sync 1 DAGs
[2025-02-06T17:59:47.039+0000] {logging_mixin.py:190} INFO - [2025-02-06T17:59:47.039+0000] {dag.py:4180} INFO - Setting next_dagrun for example_setup_teardown_taskflow to None, run_after=None
[2025-02-06T17:59:47.065+0000] {processor.py:208} INFO - Processing /home/airflow/.local/lib/python3.12/site-packages/airflow/example_dags/example_setup_teardown_taskflow.py took 0.108 seconds
[2025-02-06T18:00:17.274+0000] {processor.py:186} INFO - Started process (PID=542) to work on /home/airflow/.local/lib/python3.12/site-packages/airflow/example_dags/example_setup_teardown_taskflow.py
[2025-02-06T18:00:17.276+0000] {processor.py:914} INFO - Processing file /home/airflow/.local/lib/python3.12/site-packages/airflow/example_dags/example_setup_teardown_taskflow.py for tasks to queue
[2025-02-06T18:00:17.279+0000] {logging_mixin.py:190} INFO - [2025-02-06T18:00:17.279+0000] {dagbag.py:588} INFO - Filling up the DagBag from /home/airflow/.local/lib/python3.12/site-packages/airflow/example_dags/example_setup_teardown_taskflow.py
[2025-02-06T18:00:17.301+0000] {processor.py:925} INFO - DAG(s) 'example_setup_teardown_taskflow' retrieved from /home/airflow/.local/lib/python3.12/site-packages/airflow/example_dags/example_setup_teardown_taskflow.py
[2025-02-06T18:00:17.338+0000] {logging_mixin.py:190} INFO - [2025-02-06T18:00:17.337+0000] {dag.py:3239} INFO - Sync 1 DAGs
[2025-02-06T18:00:17.359+0000] {logging_mixin.py:190} INFO - [2025-02-06T18:00:17.359+0000] {dag.py:4180} INFO - Setting next_dagrun for example_setup_teardown_taskflow to None, run_after=None
[2025-02-06T18:00:17.389+0000] {processor.py:208} INFO - Processing /home/airflow/.local/lib/python3.12/site-packages/airflow/example_dags/example_setup_teardown_taskflow.py took 0.124 seconds
[2025-02-06T18:00:48.048+0000] {processor.py:186} INFO - Started process (PID=600) to work on /home/airflow/.local/lib/python3.12/site-packages/airflow/example_dags/example_setup_teardown_taskflow.py
[2025-02-06T18:00:48.050+0000] {processor.py:914} INFO - Processing file /home/airflow/.local/lib/python3.12/site-packages/airflow/example_dags/example_setup_teardown_taskflow.py for tasks to queue
[2025-02-06T18:00:48.053+0000] {logging_mixin.py:190} INFO - [2025-02-06T18:00:48.053+0000] {dagbag.py:588} INFO - Filling up the DagBag from /home/airflow/.local/lib/python3.12/site-packages/airflow/example_dags/example_setup_teardown_taskflow.py
[2025-02-06T18:00:48.073+0000] {processor.py:925} INFO - DAG(s) 'example_setup_teardown_taskflow' retrieved from /home/airflow/.local/lib/python3.12/site-packages/airflow/example_dags/example_setup_teardown_taskflow.py
[2025-02-06T18:00:48.112+0000] {logging_mixin.py:190} INFO - [2025-02-06T18:00:48.112+0000] {dag.py:3239} INFO - Sync 1 DAGs
[2025-02-06T18:00:48.140+0000] {logging_mixin.py:190} INFO - [2025-02-06T18:00:48.140+0000] {dag.py:4180} INFO - Setting next_dagrun for example_setup_teardown_taskflow to None, run_after=None
[2025-02-06T18:00:48.179+0000] {processor.py:208} INFO - Processing /home/airflow/.local/lib/python3.12/site-packages/airflow/example_dags/example_setup_teardown_taskflow.py took 0.139 seconds
[2025-02-06T18:01:19.756+0000] {processor.py:186} INFO - Started process (PID=658) to work on /home/airflow/.local/lib/python3.12/site-packages/airflow/example_dags/example_setup_teardown_taskflow.py
[2025-02-06T18:01:19.758+0000] {processor.py:914} INFO - Processing file /home/airflow/.local/lib/python3.12/site-packages/airflow/example_dags/example_setup_teardown_taskflow.py for tasks to queue
[2025-02-06T18:01:19.762+0000] {logging_mixin.py:190} INFO - [2025-02-06T18:01:19.761+0000] {dagbag.py:588} INFO - Filling up the DagBag from /home/airflow/.local/lib/python3.12/site-packages/airflow/example_dags/example_setup_teardown_taskflow.py
[2025-02-06T18:01:19.790+0000] {processor.py:925} INFO - DAG(s) 'example_setup_teardown_taskflow' retrieved from /home/airflow/.local/lib/python3.12/site-packages/airflow/example_dags/example_setup_teardown_taskflow.py
[2025-02-06T18:01:19.830+0000] {logging_mixin.py:190} INFO - [2025-02-06T18:01:19.826+0000] {dag.py:3239} INFO - Sync 1 DAGs
[2025-02-06T18:01:19.865+0000] {logging_mixin.py:190} INFO - [2025-02-06T18:01:19.865+0000] {dag.py:4180} INFO - Setting next_dagrun for example_setup_teardown_taskflow to None, run_after=None
[2025-02-06T18:01:19.920+0000] {processor.py:208} INFO - Processing /home/airflow/.local/lib/python3.12/site-packages/airflow/example_dags/example_setup_teardown_taskflow.py took 0.174 seconds
[2025-02-06T18:01:50.764+0000] {processor.py:186} INFO - Started process (PID=716) to work on /home/airflow/.local/lib/python3.12/site-packages/airflow/example_dags/example_setup_teardown_taskflow.py
[2025-02-06T18:01:50.765+0000] {processor.py:914} INFO - Processing file /home/airflow/.local/lib/python3.12/site-packages/airflow/example_dags/example_setup_teardown_taskflow.py for tasks to queue
[2025-02-06T18:01:50.769+0000] {logging_mixin.py:190} INFO - [2025-02-06T18:01:50.768+0000] {dagbag.py:588} INFO - Filling up the DagBag from /home/airflow/.local/lib/python3.12/site-packages/airflow/example_dags/example_setup_teardown_taskflow.py
[2025-02-06T18:01:50.782+0000] {processor.py:925} INFO - DAG(s) 'example_setup_teardown_taskflow' retrieved from /home/airflow/.local/lib/python3.12/site-packages/airflow/example_dags/example_setup_teardown_taskflow.py
[2025-02-06T18:01:50.813+0000] {logging_mixin.py:190} INFO - [2025-02-06T18:01:50.813+0000] {dag.py:3239} INFO - Sync 1 DAGs
[2025-02-06T18:01:50.833+0000] {logging_mixin.py:190} INFO - [2025-02-06T18:01:50.833+0000] {dag.py:4180} INFO - Setting next_dagrun for example_setup_teardown_taskflow to None, run_after=None
[2025-02-06T18:01:50.860+0000] {processor.py:208} INFO - Processing /home/airflow/.local/lib/python3.12/site-packages/airflow/example_dags/example_setup_teardown_taskflow.py took 0.104 seconds
[2025-02-06T18:15:42.362+0000] {processor.py:186} INFO - Started process (PID=79) to work on /home/airflow/.local/lib/python3.12/site-packages/airflow/example_dags/example_setup_teardown_taskflow.py
[2025-02-06T18:15:42.364+0000] {processor.py:914} INFO - Processing file /home/airflow/.local/lib/python3.12/site-packages/airflow/example_dags/example_setup_teardown_taskflow.py for tasks to queue
[2025-02-06T18:15:42.367+0000] {logging_mixin.py:190} INFO - [2025-02-06T18:15:42.367+0000] {dagbag.py:588} INFO - Filling up the DagBag from /home/airflow/.local/lib/python3.12/site-packages/airflow/example_dags/example_setup_teardown_taskflow.py
[2025-02-06T18:15:42.396+0000] {processor.py:925} INFO - DAG(s) 'example_setup_teardown_taskflow' retrieved from /home/airflow/.local/lib/python3.12/site-packages/airflow/example_dags/example_setup_teardown_taskflow.py
[2025-02-06T18:15:42.443+0000] {logging_mixin.py:190} INFO - [2025-02-06T18:15:42.442+0000] {dag.py:3239} INFO - Sync 1 DAGs
[2025-02-06T18:15:42.479+0000] {logging_mixin.py:190} INFO - [2025-02-06T18:15:42.478+0000] {dag.py:4180} INFO - Setting next_dagrun for example_setup_teardown_taskflow to None, run_after=None
[2025-02-06T18:15:42.523+0000] {processor.py:208} INFO - Processing /home/airflow/.local/lib/python3.12/site-packages/airflow/example_dags/example_setup_teardown_taskflow.py took 0.174 seconds
[2025-02-06T18:16:13.660+0000] {processor.py:186} INFO - Started process (PID=136) to work on /home/airflow/.local/lib/python3.12/site-packages/airflow/example_dags/example_setup_teardown_taskflow.py
[2025-02-06T18:16:13.661+0000] {processor.py:914} INFO - Processing file /home/airflow/.local/lib/python3.12/site-packages/airflow/example_dags/example_setup_teardown_taskflow.py for tasks to queue
[2025-02-06T18:16:13.665+0000] {logging_mixin.py:190} INFO - [2025-02-06T18:16:13.664+0000] {dagbag.py:588} INFO - Filling up the DagBag from /home/airflow/.local/lib/python3.12/site-packages/airflow/example_dags/example_setup_teardown_taskflow.py
[2025-02-06T18:16:13.684+0000] {processor.py:925} INFO - DAG(s) 'example_setup_teardown_taskflow' retrieved from /home/airflow/.local/lib/python3.12/site-packages/airflow/example_dags/example_setup_teardown_taskflow.py
[2025-02-06T18:16:13.730+0000] {logging_mixin.py:190} INFO - [2025-02-06T18:16:13.730+0000] {dag.py:3239} INFO - Sync 1 DAGs
[2025-02-06T18:16:13.762+0000] {logging_mixin.py:190} INFO - [2025-02-06T18:16:13.761+0000] {dag.py:4180} INFO - Setting next_dagrun for example_setup_teardown_taskflow to None, run_after=None
[2025-02-06T18:16:13.792+0000] {processor.py:208} INFO - Processing /home/airflow/.local/lib/python3.12/site-packages/airflow/example_dags/example_setup_teardown_taskflow.py took 0.145 seconds
[2025-02-06T18:16:46.407+0000] {processor.py:186} INFO - Started process (PID=193) to work on /home/airflow/.local/lib/python3.12/site-packages/airflow/example_dags/example_setup_teardown_taskflow.py
[2025-02-06T18:16:46.410+0000] {processor.py:914} INFO - Processing file /home/airflow/.local/lib/python3.12/site-packages/airflow/example_dags/example_setup_teardown_taskflow.py for tasks to queue
[2025-02-06T18:16:46.415+0000] {logging_mixin.py:190} INFO - [2025-02-06T18:16:46.414+0000] {dagbag.py:588} INFO - Filling up the DagBag from /home/airflow/.local/lib/python3.12/site-packages/airflow/example_dags/example_setup_teardown_taskflow.py
[2025-02-06T18:16:46.458+0000] {processor.py:925} INFO - DAG(s) 'example_setup_teardown_taskflow' retrieved from /home/airflow/.local/lib/python3.12/site-packages/airflow/example_dags/example_setup_teardown_taskflow.py
[2025-02-06T18:16:46.540+0000] {logging_mixin.py:190} INFO - [2025-02-06T18:16:46.539+0000] {dag.py:3239} INFO - Sync 1 DAGs
[2025-02-06T18:16:46.588+0000] {logging_mixin.py:190} INFO - [2025-02-06T18:16:46.587+0000] {dag.py:4180} INFO - Setting next_dagrun for example_setup_teardown_taskflow to None, run_after=None
[2025-02-06T18:16:46.655+0000] {processor.py:208} INFO - Processing /home/airflow/.local/lib/python3.12/site-packages/airflow/example_dags/example_setup_teardown_taskflow.py took 0.267 seconds
[2025-02-06T18:17:18.052+0000] {processor.py:186} INFO - Started process (PID=250) to work on /home/airflow/.local/lib/python3.12/site-packages/airflow/example_dags/example_setup_teardown_taskflow.py
[2025-02-06T18:17:18.054+0000] {processor.py:914} INFO - Processing file /home/airflow/.local/lib/python3.12/site-packages/airflow/example_dags/example_setup_teardown_taskflow.py for tasks to queue
[2025-02-06T18:17:18.060+0000] {logging_mixin.py:190} INFO - [2025-02-06T18:17:18.059+0000] {dagbag.py:588} INFO - Filling up the DagBag from /home/airflow/.local/lib/python3.12/site-packages/airflow/example_dags/example_setup_teardown_taskflow.py
[2025-02-06T18:17:18.085+0000] {processor.py:925} INFO - DAG(s) 'example_setup_teardown_taskflow' retrieved from /home/airflow/.local/lib/python3.12/site-packages/airflow/example_dags/example_setup_teardown_taskflow.py
[2025-02-06T18:17:18.147+0000] {logging_mixin.py:190} INFO - [2025-02-06T18:17:18.147+0000] {dag.py:3239} INFO - Sync 1 DAGs
[2025-02-06T18:17:18.184+0000] {logging_mixin.py:190} INFO - [2025-02-06T18:17:18.184+0000] {dag.py:4180} INFO - Setting next_dagrun for example_setup_teardown_taskflow to None, run_after=None
[2025-02-06T18:17:18.226+0000] {processor.py:208} INFO - Processing /home/airflow/.local/lib/python3.12/site-packages/airflow/example_dags/example_setup_teardown_taskflow.py took 0.192 seconds
[2025-02-06T18:17:49.677+0000] {processor.py:186} INFO - Started process (PID=307) to work on /home/airflow/.local/lib/python3.12/site-packages/airflow/example_dags/example_setup_teardown_taskflow.py
[2025-02-06T18:17:49.678+0000] {processor.py:914} INFO - Processing file /home/airflow/.local/lib/python3.12/site-packages/airflow/example_dags/example_setup_teardown_taskflow.py for tasks to queue
[2025-02-06T18:17:49.681+0000] {logging_mixin.py:190} INFO - [2025-02-06T18:17:49.681+0000] {dagbag.py:588} INFO - Filling up the DagBag from /home/airflow/.local/lib/python3.12/site-packages/airflow/example_dags/example_setup_teardown_taskflow.py
[2025-02-06T18:17:49.703+0000] {processor.py:925} INFO - DAG(s) 'example_setup_teardown_taskflow' retrieved from /home/airflow/.local/lib/python3.12/site-packages/airflow/example_dags/example_setup_teardown_taskflow.py
[2025-02-06T18:17:49.741+0000] {logging_mixin.py:190} INFO - [2025-02-06T18:17:49.741+0000] {dag.py:3239} INFO - Sync 1 DAGs
[2025-02-06T18:17:49.770+0000] {logging_mixin.py:190} INFO - [2025-02-06T18:17:49.770+0000] {dag.py:4180} INFO - Setting next_dagrun for example_setup_teardown_taskflow to None, run_after=None
[2025-02-06T18:17:49.799+0000] {processor.py:208} INFO - Processing /home/airflow/.local/lib/python3.12/site-packages/airflow/example_dags/example_setup_teardown_taskflow.py took 0.131 seconds
[2025-02-06T18:18:21.678+0000] {processor.py:186} INFO - Started process (PID=364) to work on /home/airflow/.local/lib/python3.12/site-packages/airflow/example_dags/example_setup_teardown_taskflow.py
[2025-02-06T18:18:21.679+0000] {processor.py:914} INFO - Processing file /home/airflow/.local/lib/python3.12/site-packages/airflow/example_dags/example_setup_teardown_taskflow.py for tasks to queue
[2025-02-06T18:18:21.682+0000] {logging_mixin.py:190} INFO - [2025-02-06T18:18:21.682+0000] {dagbag.py:588} INFO - Filling up the DagBag from /home/airflow/.local/lib/python3.12/site-packages/airflow/example_dags/example_setup_teardown_taskflow.py
[2025-02-06T18:18:21.697+0000] {processor.py:925} INFO - DAG(s) 'example_setup_teardown_taskflow' retrieved from /home/airflow/.local/lib/python3.12/site-packages/airflow/example_dags/example_setup_teardown_taskflow.py
[2025-02-06T18:18:21.738+0000] {logging_mixin.py:190} INFO - [2025-02-06T18:18:21.737+0000] {dag.py:3239} INFO - Sync 1 DAGs
[2025-02-06T18:18:21.759+0000] {logging_mixin.py:190} INFO - [2025-02-06T18:18:21.759+0000] {dag.py:4180} INFO - Setting next_dagrun for example_setup_teardown_taskflow to None, run_after=None
[2025-02-06T18:18:21.791+0000] {processor.py:208} INFO - Processing /home/airflow/.local/lib/python3.12/site-packages/airflow/example_dags/example_setup_teardown_taskflow.py took 0.121 seconds
[2025-02-06T18:18:53.135+0000] {processor.py:186} INFO - Started process (PID=421) to work on /home/airflow/.local/lib/python3.12/site-packages/airflow/example_dags/example_setup_teardown_taskflow.py
[2025-02-06T18:18:53.137+0000] {processor.py:914} INFO - Processing file /home/airflow/.local/lib/python3.12/site-packages/airflow/example_dags/example_setup_teardown_taskflow.py for tasks to queue
[2025-02-06T18:18:53.143+0000] {logging_mixin.py:190} INFO - [2025-02-06T18:18:53.142+0000] {dagbag.py:588} INFO - Filling up the DagBag from /home/airflow/.local/lib/python3.12/site-packages/airflow/example_dags/example_setup_teardown_taskflow.py
[2025-02-06T18:18:53.173+0000] {processor.py:925} INFO - DAG(s) 'example_setup_teardown_taskflow' retrieved from /home/airflow/.local/lib/python3.12/site-packages/airflow/example_dags/example_setup_teardown_taskflow.py
[2025-02-06T18:18:53.227+0000] {logging_mixin.py:190} INFO - [2025-02-06T18:18:53.226+0000] {dag.py:3239} INFO - Sync 1 DAGs
[2025-02-06T18:18:53.277+0000] {logging_mixin.py:190} INFO - [2025-02-06T18:18:53.276+0000] {dag.py:4180} INFO - Setting next_dagrun for example_setup_teardown_taskflow to None, run_after=None
[2025-02-06T18:18:53.332+0000] {processor.py:208} INFO - Processing /home/airflow/.local/lib/python3.12/site-packages/airflow/example_dags/example_setup_teardown_taskflow.py took 0.213 seconds
[2025-02-06T18:19:24.533+0000] {processor.py:186} INFO - Started process (PID=478) to work on /home/airflow/.local/lib/python3.12/site-packages/airflow/example_dags/example_setup_teardown_taskflow.py
[2025-02-06T18:19:24.534+0000] {processor.py:914} INFO - Processing file /home/airflow/.local/lib/python3.12/site-packages/airflow/example_dags/example_setup_teardown_taskflow.py for tasks to queue
[2025-02-06T18:19:24.538+0000] {logging_mixin.py:190} INFO - [2025-02-06T18:19:24.537+0000] {dagbag.py:588} INFO - Filling up the DagBag from /home/airflow/.local/lib/python3.12/site-packages/airflow/example_dags/example_setup_teardown_taskflow.py
[2025-02-06T18:19:24.557+0000] {processor.py:925} INFO - DAG(s) 'example_setup_teardown_taskflow' retrieved from /home/airflow/.local/lib/python3.12/site-packages/airflow/example_dags/example_setup_teardown_taskflow.py
[2025-02-06T18:19:24.595+0000] {logging_mixin.py:190} INFO - [2025-02-06T18:19:24.594+0000] {dag.py:3239} INFO - Sync 1 DAGs
[2025-02-06T18:19:24.618+0000] {logging_mixin.py:190} INFO - [2025-02-06T18:19:24.618+0000] {dag.py:4180} INFO - Setting next_dagrun for example_setup_teardown_taskflow to None, run_after=None
[2025-02-06T18:19:24.654+0000] {processor.py:208} INFO - Processing /home/airflow/.local/lib/python3.12/site-packages/airflow/example_dags/example_setup_teardown_taskflow.py took 0.132 seconds
[2025-02-06T18:19:55.998+0000] {processor.py:186} INFO - Started process (PID=535) to work on /home/airflow/.local/lib/python3.12/site-packages/airflow/example_dags/example_setup_teardown_taskflow.py
[2025-02-06T18:19:55.999+0000] {processor.py:914} INFO - Processing file /home/airflow/.local/lib/python3.12/site-packages/airflow/example_dags/example_setup_teardown_taskflow.py for tasks to queue
[2025-02-06T18:19:56.003+0000] {logging_mixin.py:190} INFO - [2025-02-06T18:19:56.003+0000] {dagbag.py:588} INFO - Filling up the DagBag from /home/airflow/.local/lib/python3.12/site-packages/airflow/example_dags/example_setup_teardown_taskflow.py
[2025-02-06T18:19:56.022+0000] {processor.py:925} INFO - DAG(s) 'example_setup_teardown_taskflow' retrieved from /home/airflow/.local/lib/python3.12/site-packages/airflow/example_dags/example_setup_teardown_taskflow.py
[2025-02-06T18:19:56.056+0000] {logging_mixin.py:190} INFO - [2025-02-06T18:19:56.056+0000] {dag.py:3239} INFO - Sync 1 DAGs
[2025-02-06T18:19:56.080+0000] {logging_mixin.py:190} INFO - [2025-02-06T18:19:56.080+0000] {dag.py:4180} INFO - Setting next_dagrun for example_setup_teardown_taskflow to None, run_after=None
[2025-02-06T18:19:56.119+0000] {processor.py:208} INFO - Processing /home/airflow/.local/lib/python3.12/site-packages/airflow/example_dags/example_setup_teardown_taskflow.py took 0.132 seconds
[2025-02-06T18:20:26.834+0000] {processor.py:186} INFO - Started process (PID=592) to work on /home/airflow/.local/lib/python3.12/site-packages/airflow/example_dags/example_setup_teardown_taskflow.py
[2025-02-06T18:20:26.836+0000] {processor.py:914} INFO - Processing file /home/airflow/.local/lib/python3.12/site-packages/airflow/example_dags/example_setup_teardown_taskflow.py for tasks to queue
[2025-02-06T18:20:26.839+0000] {logging_mixin.py:190} INFO - [2025-02-06T18:20:26.838+0000] {dagbag.py:588} INFO - Filling up the DagBag from /home/airflow/.local/lib/python3.12/site-packages/airflow/example_dags/example_setup_teardown_taskflow.py
[2025-02-06T18:20:26.855+0000] {processor.py:925} INFO - DAG(s) 'example_setup_teardown_taskflow' retrieved from /home/airflow/.local/lib/python3.12/site-packages/airflow/example_dags/example_setup_teardown_taskflow.py
[2025-02-06T18:20:26.890+0000] {logging_mixin.py:190} INFO - [2025-02-06T18:20:26.889+0000] {dag.py:3239} INFO - Sync 1 DAGs
[2025-02-06T18:20:26.926+0000] {logging_mixin.py:190} INFO - [2025-02-06T18:20:26.926+0000] {dag.py:4180} INFO - Setting next_dagrun for example_setup_teardown_taskflow to None, run_after=None
[2025-02-06T18:20:26.962+0000] {processor.py:208} INFO - Processing /home/airflow/.local/lib/python3.12/site-packages/airflow/example_dags/example_setup_teardown_taskflow.py took 0.137 seconds
[2025-02-06T18:20:57.518+0000] {processor.py:186} INFO - Started process (PID=648) to work on /home/airflow/.local/lib/python3.12/site-packages/airflow/example_dags/example_setup_teardown_taskflow.py
[2025-02-06T18:20:57.520+0000] {processor.py:914} INFO - Processing file /home/airflow/.local/lib/python3.12/site-packages/airflow/example_dags/example_setup_teardown_taskflow.py for tasks to queue
[2025-02-06T18:20:57.523+0000] {logging_mixin.py:190} INFO - [2025-02-06T18:20:57.523+0000] {dagbag.py:588} INFO - Filling up the DagBag from /home/airflow/.local/lib/python3.12/site-packages/airflow/example_dags/example_setup_teardown_taskflow.py
[2025-02-06T18:20:57.539+0000] {processor.py:925} INFO - DAG(s) 'example_setup_teardown_taskflow' retrieved from /home/airflow/.local/lib/python3.12/site-packages/airflow/example_dags/example_setup_teardown_taskflow.py
[2025-02-06T18:20:57.571+0000] {logging_mixin.py:190} INFO - [2025-02-06T18:20:57.570+0000] {dag.py:3239} INFO - Sync 1 DAGs
[2025-02-06T18:20:57.592+0000] {logging_mixin.py:190} INFO - [2025-02-06T18:20:57.591+0000] {dag.py:4180} INFO - Setting next_dagrun for example_setup_teardown_taskflow to None, run_after=None
[2025-02-06T18:20:57.625+0000] {processor.py:208} INFO - Processing /home/airflow/.local/lib/python3.12/site-packages/airflow/example_dags/example_setup_teardown_taskflow.py took 0.116 seconds
[2025-02-06T18:21:28.182+0000] {processor.py:186} INFO - Started process (PID=705) to work on /home/airflow/.local/lib/python3.12/site-packages/airflow/example_dags/example_setup_teardown_taskflow.py
[2025-02-06T18:21:28.184+0000] {processor.py:914} INFO - Processing file /home/airflow/.local/lib/python3.12/site-packages/airflow/example_dags/example_setup_teardown_taskflow.py for tasks to queue
[2025-02-06T18:21:28.188+0000] {logging_mixin.py:190} INFO - [2025-02-06T18:21:28.187+0000] {dagbag.py:588} INFO - Filling up the DagBag from /home/airflow/.local/lib/python3.12/site-packages/airflow/example_dags/example_setup_teardown_taskflow.py
[2025-02-06T18:21:28.205+0000] {processor.py:925} INFO - DAG(s) 'example_setup_teardown_taskflow' retrieved from /home/airflow/.local/lib/python3.12/site-packages/airflow/example_dags/example_setup_teardown_taskflow.py
[2025-02-06T18:21:28.242+0000] {logging_mixin.py:190} INFO - [2025-02-06T18:21:28.241+0000] {dag.py:3239} INFO - Sync 1 DAGs
[2025-02-06T18:21:28.273+0000] {logging_mixin.py:190} INFO - [2025-02-06T18:21:28.273+0000] {dag.py:4180} INFO - Setting next_dagrun for example_setup_teardown_taskflow to None, run_after=None
[2025-02-06T18:21:28.306+0000] {processor.py:208} INFO - Processing /home/airflow/.local/lib/python3.12/site-packages/airflow/example_dags/example_setup_teardown_taskflow.py took 0.133 seconds
[2025-02-06T18:21:58.621+0000] {processor.py:186} INFO - Started process (PID=761) to work on /home/airflow/.local/lib/python3.12/site-packages/airflow/example_dags/example_setup_teardown_taskflow.py
[2025-02-06T18:21:58.622+0000] {processor.py:914} INFO - Processing file /home/airflow/.local/lib/python3.12/site-packages/airflow/example_dags/example_setup_teardown_taskflow.py for tasks to queue
[2025-02-06T18:21:58.630+0000] {logging_mixin.py:190} INFO - [2025-02-06T18:21:58.629+0000] {dagbag.py:588} INFO - Filling up the DagBag from /home/airflow/.local/lib/python3.12/site-packages/airflow/example_dags/example_setup_teardown_taskflow.py
[2025-02-06T18:21:58.652+0000] {processor.py:925} INFO - DAG(s) 'example_setup_teardown_taskflow' retrieved from /home/airflow/.local/lib/python3.12/site-packages/airflow/example_dags/example_setup_teardown_taskflow.py
[2025-02-06T18:21:58.705+0000] {logging_mixin.py:190} INFO - [2025-02-06T18:21:58.705+0000] {dag.py:3239} INFO - Sync 1 DAGs
[2025-02-06T18:21:58.738+0000] {logging_mixin.py:190} INFO - [2025-02-06T18:21:58.737+0000] {dag.py:4180} INFO - Setting next_dagrun for example_setup_teardown_taskflow to None, run_after=None
[2025-02-06T18:21:58.780+0000] {processor.py:208} INFO - Processing /home/airflow/.local/lib/python3.12/site-packages/airflow/example_dags/example_setup_teardown_taskflow.py took 0.173 seconds
[2025-02-06T18:22:30.068+0000] {processor.py:186} INFO - Started process (PID=818) to work on /home/airflow/.local/lib/python3.12/site-packages/airflow/example_dags/example_setup_teardown_taskflow.py
[2025-02-06T18:22:30.070+0000] {processor.py:914} INFO - Processing file /home/airflow/.local/lib/python3.12/site-packages/airflow/example_dags/example_setup_teardown_taskflow.py for tasks to queue
[2025-02-06T18:22:30.075+0000] {logging_mixin.py:190} INFO - [2025-02-06T18:22:30.074+0000] {dagbag.py:588} INFO - Filling up the DagBag from /home/airflow/.local/lib/python3.12/site-packages/airflow/example_dags/example_setup_teardown_taskflow.py
[2025-02-06T18:22:30.102+0000] {processor.py:925} INFO - DAG(s) 'example_setup_teardown_taskflow' retrieved from /home/airflow/.local/lib/python3.12/site-packages/airflow/example_dags/example_setup_teardown_taskflow.py
[2025-02-06T18:22:30.197+0000] {logging_mixin.py:190} INFO - [2025-02-06T18:22:30.196+0000] {dag.py:3239} INFO - Sync 1 DAGs
[2025-02-06T18:22:30.251+0000] {logging_mixin.py:190} INFO - [2025-02-06T18:22:30.251+0000] {dag.py:4180} INFO - Setting next_dagrun for example_setup_teardown_taskflow to None, run_after=None
[2025-02-06T18:22:30.307+0000] {processor.py:208} INFO - Processing /home/airflow/.local/lib/python3.12/site-packages/airflow/example_dags/example_setup_teardown_taskflow.py took 0.260 seconds
[2025-02-06T18:23:01.286+0000] {processor.py:186} INFO - Started process (PID=875) to work on /home/airflow/.local/lib/python3.12/site-packages/airflow/example_dags/example_setup_teardown_taskflow.py
[2025-02-06T18:23:01.288+0000] {processor.py:914} INFO - Processing file /home/airflow/.local/lib/python3.12/site-packages/airflow/example_dags/example_setup_teardown_taskflow.py for tasks to queue
[2025-02-06T18:23:01.292+0000] {logging_mixin.py:190} INFO - [2025-02-06T18:23:01.292+0000] {dagbag.py:588} INFO - Filling up the DagBag from /home/airflow/.local/lib/python3.12/site-packages/airflow/example_dags/example_setup_teardown_taskflow.py
[2025-02-06T18:23:01.321+0000] {processor.py:925} INFO - DAG(s) 'example_setup_teardown_taskflow' retrieved from /home/airflow/.local/lib/python3.12/site-packages/airflow/example_dags/example_setup_teardown_taskflow.py
[2025-02-06T18:23:01.362+0000] {logging_mixin.py:190} INFO - [2025-02-06T18:23:01.362+0000] {dag.py:3239} INFO - Sync 1 DAGs
[2025-02-06T18:23:01.390+0000] {logging_mixin.py:190} INFO - [2025-02-06T18:23:01.389+0000] {dag.py:4180} INFO - Setting next_dagrun for example_setup_teardown_taskflow to None, run_after=None
[2025-02-06T18:23:01.421+0000] {processor.py:208} INFO - Processing /home/airflow/.local/lib/python3.12/site-packages/airflow/example_dags/example_setup_teardown_taskflow.py took 0.145 seconds
[2025-02-06T18:23:31.765+0000] {processor.py:186} INFO - Started process (PID=932) to work on /home/airflow/.local/lib/python3.12/site-packages/airflow/example_dags/example_setup_teardown_taskflow.py
[2025-02-06T18:23:31.766+0000] {processor.py:914} INFO - Processing file /home/airflow/.local/lib/python3.12/site-packages/airflow/example_dags/example_setup_teardown_taskflow.py for tasks to queue
[2025-02-06T18:23:31.769+0000] {logging_mixin.py:190} INFO - [2025-02-06T18:23:31.769+0000] {dagbag.py:588} INFO - Filling up the DagBag from /home/airflow/.local/lib/python3.12/site-packages/airflow/example_dags/example_setup_teardown_taskflow.py
[2025-02-06T18:23:31.791+0000] {processor.py:925} INFO - DAG(s) 'example_setup_teardown_taskflow' retrieved from /home/airflow/.local/lib/python3.12/site-packages/airflow/example_dags/example_setup_teardown_taskflow.py
[2025-02-06T18:23:31.837+0000] {logging_mixin.py:190} INFO - [2025-02-06T18:23:31.837+0000] {dag.py:3239} INFO - Sync 1 DAGs
[2025-02-06T18:23:31.865+0000] {logging_mixin.py:190} INFO - [2025-02-06T18:23:31.865+0000] {dag.py:4180} INFO - Setting next_dagrun for example_setup_teardown_taskflow to None, run_after=None
[2025-02-06T18:23:31.936+0000] {processor.py:208} INFO - Processing /home/airflow/.local/lib/python3.12/site-packages/airflow/example_dags/example_setup_teardown_taskflow.py took 0.181 seconds
[2025-02-06T18:24:03.364+0000] {processor.py:186} INFO - Started process (PID=988) to work on /home/airflow/.local/lib/python3.12/site-packages/airflow/example_dags/example_setup_teardown_taskflow.py
[2025-02-06T18:24:03.366+0000] {processor.py:914} INFO - Processing file /home/airflow/.local/lib/python3.12/site-packages/airflow/example_dags/example_setup_teardown_taskflow.py for tasks to queue
[2025-02-06T18:24:03.371+0000] {logging_mixin.py:190} INFO - [2025-02-06T18:24:03.371+0000] {dagbag.py:588} INFO - Filling up the DagBag from /home/airflow/.local/lib/python3.12/site-packages/airflow/example_dags/example_setup_teardown_taskflow.py
[2025-02-06T18:24:03.397+0000] {processor.py:925} INFO - DAG(s) 'example_setup_teardown_taskflow' retrieved from /home/airflow/.local/lib/python3.12/site-packages/airflow/example_dags/example_setup_teardown_taskflow.py
[2025-02-06T18:24:03.451+0000] {logging_mixin.py:190} INFO - [2025-02-06T18:24:03.451+0000] {dag.py:3239} INFO - Sync 1 DAGs
[2025-02-06T18:24:03.488+0000] {logging_mixin.py:190} INFO - [2025-02-06T18:24:03.487+0000] {dag.py:4180} INFO - Setting next_dagrun for example_setup_teardown_taskflow to None, run_after=None
[2025-02-06T18:24:03.527+0000] {processor.py:208} INFO - Processing /home/airflow/.local/lib/python3.12/site-packages/airflow/example_dags/example_setup_teardown_taskflow.py took 0.175 seconds
[2025-02-06T18:24:34.021+0000] {processor.py:186} INFO - Started process (PID=1044) to work on /home/airflow/.local/lib/python3.12/site-packages/airflow/example_dags/example_setup_teardown_taskflow.py
[2025-02-06T18:24:34.023+0000] {processor.py:914} INFO - Processing file /home/airflow/.local/lib/python3.12/site-packages/airflow/example_dags/example_setup_teardown_taskflow.py for tasks to queue
[2025-02-06T18:24:34.028+0000] {logging_mixin.py:190} INFO - [2025-02-06T18:24:34.027+0000] {dagbag.py:588} INFO - Filling up the DagBag from /home/airflow/.local/lib/python3.12/site-packages/airflow/example_dags/example_setup_teardown_taskflow.py
[2025-02-06T18:24:34.056+0000] {processor.py:925} INFO - DAG(s) 'example_setup_teardown_taskflow' retrieved from /home/airflow/.local/lib/python3.12/site-packages/airflow/example_dags/example_setup_teardown_taskflow.py
[2025-02-06T18:24:34.112+0000] {logging_mixin.py:190} INFO - [2025-02-06T18:24:34.112+0000] {dag.py:3239} INFO - Sync 1 DAGs
[2025-02-06T18:24:34.150+0000] {logging_mixin.py:190} INFO - [2025-02-06T18:24:34.149+0000] {dag.py:4180} INFO - Setting next_dagrun for example_setup_teardown_taskflow to None, run_after=None
[2025-02-06T18:24:34.206+0000] {processor.py:208} INFO - Processing /home/airflow/.local/lib/python3.12/site-packages/airflow/example_dags/example_setup_teardown_taskflow.py took 0.203 seconds
[2025-02-06T18:25:04.869+0000] {processor.py:186} INFO - Started process (PID=1100) to work on /home/airflow/.local/lib/python3.12/site-packages/airflow/example_dags/example_setup_teardown_taskflow.py
[2025-02-06T18:25:04.871+0000] {processor.py:914} INFO - Processing file /home/airflow/.local/lib/python3.12/site-packages/airflow/example_dags/example_setup_teardown_taskflow.py for tasks to queue
[2025-02-06T18:25:04.875+0000] {logging_mixin.py:190} INFO - [2025-02-06T18:25:04.874+0000] {dagbag.py:588} INFO - Filling up the DagBag from /home/airflow/.local/lib/python3.12/site-packages/airflow/example_dags/example_setup_teardown_taskflow.py
[2025-02-06T18:25:04.893+0000] {processor.py:925} INFO - DAG(s) 'example_setup_teardown_taskflow' retrieved from /home/airflow/.local/lib/python3.12/site-packages/airflow/example_dags/example_setup_teardown_taskflow.py
[2025-02-06T18:25:04.928+0000] {logging_mixin.py:190} INFO - [2025-02-06T18:25:04.928+0000] {dag.py:3239} INFO - Sync 1 DAGs
[2025-02-06T18:25:04.949+0000] {logging_mixin.py:190} INFO - [2025-02-06T18:25:04.949+0000] {dag.py:4180} INFO - Setting next_dagrun for example_setup_teardown_taskflow to None, run_after=None
[2025-02-06T18:25:04.981+0000] {processor.py:208} INFO - Processing /home/airflow/.local/lib/python3.12/site-packages/airflow/example_dags/example_setup_teardown_taskflow.py took 0.120 seconds
[2025-02-06T18:25:35.533+0000] {processor.py:186} INFO - Started process (PID=1157) to work on /home/airflow/.local/lib/python3.12/site-packages/airflow/example_dags/example_setup_teardown_taskflow.py
[2025-02-06T18:25:35.534+0000] {processor.py:914} INFO - Processing file /home/airflow/.local/lib/python3.12/site-packages/airflow/example_dags/example_setup_teardown_taskflow.py for tasks to queue
[2025-02-06T18:25:35.537+0000] {logging_mixin.py:190} INFO - [2025-02-06T18:25:35.537+0000] {dagbag.py:588} INFO - Filling up the DagBag from /home/airflow/.local/lib/python3.12/site-packages/airflow/example_dags/example_setup_teardown_taskflow.py
[2025-02-06T18:25:35.570+0000] {processor.py:925} INFO - DAG(s) 'example_setup_teardown_taskflow' retrieved from /home/airflow/.local/lib/python3.12/site-packages/airflow/example_dags/example_setup_teardown_taskflow.py
[2025-02-06T18:25:35.612+0000] {logging_mixin.py:190} INFO - [2025-02-06T18:25:35.611+0000] {dag.py:3239} INFO - Sync 1 DAGs
[2025-02-06T18:25:35.633+0000] {logging_mixin.py:190} INFO - [2025-02-06T18:25:35.632+0000] {dag.py:4180} INFO - Setting next_dagrun for example_setup_teardown_taskflow to None, run_after=None
[2025-02-06T18:25:35.667+0000] {processor.py:208} INFO - Processing /home/airflow/.local/lib/python3.12/site-packages/airflow/example_dags/example_setup_teardown_taskflow.py took 0.141 seconds
[2025-02-06T18:26:06.423+0000] {processor.py:186} INFO - Started process (PID=1214) to work on /home/airflow/.local/lib/python3.12/site-packages/airflow/example_dags/example_setup_teardown_taskflow.py
[2025-02-06T18:26:06.424+0000] {processor.py:914} INFO - Processing file /home/airflow/.local/lib/python3.12/site-packages/airflow/example_dags/example_setup_teardown_taskflow.py for tasks to queue
[2025-02-06T18:26:06.429+0000] {logging_mixin.py:190} INFO - [2025-02-06T18:26:06.428+0000] {dagbag.py:588} INFO - Filling up the DagBag from /home/airflow/.local/lib/python3.12/site-packages/airflow/example_dags/example_setup_teardown_taskflow.py
[2025-02-06T18:26:06.450+0000] {processor.py:925} INFO - DAG(s) 'example_setup_teardown_taskflow' retrieved from /home/airflow/.local/lib/python3.12/site-packages/airflow/example_dags/example_setup_teardown_taskflow.py
[2025-02-06T18:26:06.490+0000] {logging_mixin.py:190} INFO - [2025-02-06T18:26:06.489+0000] {dag.py:3239} INFO - Sync 1 DAGs
[2025-02-06T18:26:06.512+0000] {logging_mixin.py:190} INFO - [2025-02-06T18:26:06.512+0000] {dag.py:4180} INFO - Setting next_dagrun for example_setup_teardown_taskflow to None, run_after=None
[2025-02-06T18:26:06.585+0000] {processor.py:208} INFO - Processing /home/airflow/.local/lib/python3.12/site-packages/airflow/example_dags/example_setup_teardown_taskflow.py took 0.170 seconds
[2025-02-06T18:26:36.711+0000] {processor.py:186} INFO - Started process (PID=1271) to work on /home/airflow/.local/lib/python3.12/site-packages/airflow/example_dags/example_setup_teardown_taskflow.py
[2025-02-06T18:26:36.712+0000] {processor.py:914} INFO - Processing file /home/airflow/.local/lib/python3.12/site-packages/airflow/example_dags/example_setup_teardown_taskflow.py for tasks to queue
[2025-02-06T18:26:36.716+0000] {logging_mixin.py:190} INFO - [2025-02-06T18:26:36.715+0000] {dagbag.py:588} INFO - Filling up the DagBag from /home/airflow/.local/lib/python3.12/site-packages/airflow/example_dags/example_setup_teardown_taskflow.py
[2025-02-06T18:26:36.735+0000] {processor.py:925} INFO - DAG(s) 'example_setup_teardown_taskflow' retrieved from /home/airflow/.local/lib/python3.12/site-packages/airflow/example_dags/example_setup_teardown_taskflow.py
[2025-02-06T18:26:36.774+0000] {logging_mixin.py:190} INFO - [2025-02-06T18:26:36.774+0000] {dag.py:3239} INFO - Sync 1 DAGs
[2025-02-06T18:26:36.800+0000] {logging_mixin.py:190} INFO - [2025-02-06T18:26:36.799+0000] {dag.py:4180} INFO - Setting next_dagrun for example_setup_teardown_taskflow to None, run_after=None
[2025-02-06T18:26:36.866+0000] {processor.py:208} INFO - Processing /home/airflow/.local/lib/python3.12/site-packages/airflow/example_dags/example_setup_teardown_taskflow.py took 0.166 seconds
[2025-02-06T18:27:07.024+0000] {processor.py:186} INFO - Started process (PID=1328) to work on /home/airflow/.local/lib/python3.12/site-packages/airflow/example_dags/example_setup_teardown_taskflow.py
[2025-02-06T18:27:07.026+0000] {processor.py:914} INFO - Processing file /home/airflow/.local/lib/python3.12/site-packages/airflow/example_dags/example_setup_teardown_taskflow.py for tasks to queue
[2025-02-06T18:27:07.031+0000] {logging_mixin.py:190} INFO - [2025-02-06T18:27:07.029+0000] {dagbag.py:588} INFO - Filling up the DagBag from /home/airflow/.local/lib/python3.12/site-packages/airflow/example_dags/example_setup_teardown_taskflow.py
[2025-02-06T18:27:07.058+0000] {processor.py:925} INFO - DAG(s) 'example_setup_teardown_taskflow' retrieved from /home/airflow/.local/lib/python3.12/site-packages/airflow/example_dags/example_setup_teardown_taskflow.py
[2025-02-06T18:27:07.103+0000] {logging_mixin.py:190} INFO - [2025-02-06T18:27:07.102+0000] {dag.py:3239} INFO - Sync 1 DAGs
[2025-02-06T18:27:07.136+0000] {logging_mixin.py:190} INFO - [2025-02-06T18:27:07.136+0000] {dag.py:4180} INFO - Setting next_dagrun for example_setup_teardown_taskflow to None, run_after=None
[2025-02-06T18:27:07.170+0000] {processor.py:208} INFO - Processing /home/airflow/.local/lib/python3.12/site-packages/airflow/example_dags/example_setup_teardown_taskflow.py took 0.158 seconds
[2025-02-06T18:27:37.426+0000] {processor.py:186} INFO - Started process (PID=1385) to work on /home/airflow/.local/lib/python3.12/site-packages/airflow/example_dags/example_setup_teardown_taskflow.py
[2025-02-06T18:27:37.428+0000] {processor.py:914} INFO - Processing file /home/airflow/.local/lib/python3.12/site-packages/airflow/example_dags/example_setup_teardown_taskflow.py for tasks to queue
[2025-02-06T18:27:37.431+0000] {logging_mixin.py:190} INFO - [2025-02-06T18:27:37.431+0000] {dagbag.py:588} INFO - Filling up the DagBag from /home/airflow/.local/lib/python3.12/site-packages/airflow/example_dags/example_setup_teardown_taskflow.py
[2025-02-06T18:27:37.453+0000] {processor.py:925} INFO - DAG(s) 'example_setup_teardown_taskflow' retrieved from /home/airflow/.local/lib/python3.12/site-packages/airflow/example_dags/example_setup_teardown_taskflow.py
[2025-02-06T18:27:37.491+0000] {logging_mixin.py:190} INFO - [2025-02-06T18:27:37.491+0000] {dag.py:3239} INFO - Sync 1 DAGs
[2025-02-06T18:27:37.512+0000] {logging_mixin.py:190} INFO - [2025-02-06T18:27:37.512+0000] {dag.py:4180} INFO - Setting next_dagrun for example_setup_teardown_taskflow to None, run_after=None
[2025-02-06T18:27:37.552+0000] {processor.py:208} INFO - Processing /home/airflow/.local/lib/python3.12/site-packages/airflow/example_dags/example_setup_teardown_taskflow.py took 0.134 seconds
[2025-02-06T18:28:08.532+0000] {processor.py:186} INFO - Started process (PID=1442) to work on /home/airflow/.local/lib/python3.12/site-packages/airflow/example_dags/example_setup_teardown_taskflow.py
[2025-02-06T18:28:08.534+0000] {processor.py:914} INFO - Processing file /home/airflow/.local/lib/python3.12/site-packages/airflow/example_dags/example_setup_teardown_taskflow.py for tasks to queue
[2025-02-06T18:28:08.538+0000] {logging_mixin.py:190} INFO - [2025-02-06T18:28:08.537+0000] {dagbag.py:588} INFO - Filling up the DagBag from /home/airflow/.local/lib/python3.12/site-packages/airflow/example_dags/example_setup_teardown_taskflow.py
[2025-02-06T18:28:08.556+0000] {processor.py:925} INFO - DAG(s) 'example_setup_teardown_taskflow' retrieved from /home/airflow/.local/lib/python3.12/site-packages/airflow/example_dags/example_setup_teardown_taskflow.py
[2025-02-06T18:28:08.599+0000] {logging_mixin.py:190} INFO - [2025-02-06T18:28:08.598+0000] {dag.py:3239} INFO - Sync 1 DAGs
[2025-02-06T18:28:08.636+0000] {logging_mixin.py:190} INFO - [2025-02-06T18:28:08.636+0000] {dag.py:4180} INFO - Setting next_dagrun for example_setup_teardown_taskflow to None, run_after=None
[2025-02-06T18:28:08.680+0000] {processor.py:208} INFO - Processing /home/airflow/.local/lib/python3.12/site-packages/airflow/example_dags/example_setup_teardown_taskflow.py took 0.158 seconds
[2025-02-06T18:28:39.436+0000] {processor.py:186} INFO - Started process (PID=1499) to work on /home/airflow/.local/lib/python3.12/site-packages/airflow/example_dags/example_setup_teardown_taskflow.py
[2025-02-06T18:28:39.439+0000] {processor.py:914} INFO - Processing file /home/airflow/.local/lib/python3.12/site-packages/airflow/example_dags/example_setup_teardown_taskflow.py for tasks to queue
[2025-02-06T18:28:39.447+0000] {logging_mixin.py:190} INFO - [2025-02-06T18:28:39.446+0000] {dagbag.py:588} INFO - Filling up the DagBag from /home/airflow/.local/lib/python3.12/site-packages/airflow/example_dags/example_setup_teardown_taskflow.py
[2025-02-06T18:28:39.490+0000] {processor.py:925} INFO - DAG(s) 'example_setup_teardown_taskflow' retrieved from /home/airflow/.local/lib/python3.12/site-packages/airflow/example_dags/example_setup_teardown_taskflow.py
[2025-02-06T18:28:39.543+0000] {logging_mixin.py:190} INFO - [2025-02-06T18:28:39.543+0000] {dag.py:3239} INFO - Sync 1 DAGs
[2025-02-06T18:28:39.581+0000] {logging_mixin.py:190} INFO - [2025-02-06T18:28:39.581+0000] {dag.py:4180} INFO - Setting next_dagrun for example_setup_teardown_taskflow to None, run_after=None
[2025-02-06T18:28:39.646+0000] {processor.py:208} INFO - Processing /home/airflow/.local/lib/python3.12/site-packages/airflow/example_dags/example_setup_teardown_taskflow.py took 0.233 seconds
[2025-02-06T18:29:10.146+0000] {processor.py:186} INFO - Started process (PID=1556) to work on /home/airflow/.local/lib/python3.12/site-packages/airflow/example_dags/example_setup_teardown_taskflow.py
[2025-02-06T18:29:10.148+0000] {processor.py:914} INFO - Processing file /home/airflow/.local/lib/python3.12/site-packages/airflow/example_dags/example_setup_teardown_taskflow.py for tasks to queue
[2025-02-06T18:29:10.156+0000] {logging_mixin.py:190} INFO - [2025-02-06T18:29:10.154+0000] {dagbag.py:588} INFO - Filling up the DagBag from /home/airflow/.local/lib/python3.12/site-packages/airflow/example_dags/example_setup_teardown_taskflow.py
[2025-02-06T18:29:10.180+0000] {processor.py:925} INFO - DAG(s) 'example_setup_teardown_taskflow' retrieved from /home/airflow/.local/lib/python3.12/site-packages/airflow/example_dags/example_setup_teardown_taskflow.py
[2025-02-06T18:29:10.227+0000] {logging_mixin.py:190} INFO - [2025-02-06T18:29:10.226+0000] {dag.py:3239} INFO - Sync 1 DAGs
[2025-02-06T18:29:10.268+0000] {logging_mixin.py:190} INFO - [2025-02-06T18:29:10.267+0000] {dag.py:4180} INFO - Setting next_dagrun for example_setup_teardown_taskflow to None, run_after=None
[2025-02-06T18:29:10.313+0000] {processor.py:208} INFO - Processing /home/airflow/.local/lib/python3.12/site-packages/airflow/example_dags/example_setup_teardown_taskflow.py took 0.177 seconds
[2025-02-06T18:29:40.761+0000] {processor.py:186} INFO - Started process (PID=1613) to work on /home/airflow/.local/lib/python3.12/site-packages/airflow/example_dags/example_setup_teardown_taskflow.py
[2025-02-06T18:29:40.762+0000] {processor.py:914} INFO - Processing file /home/airflow/.local/lib/python3.12/site-packages/airflow/example_dags/example_setup_teardown_taskflow.py for tasks to queue
[2025-02-06T18:29:40.765+0000] {logging_mixin.py:190} INFO - [2025-02-06T18:29:40.765+0000] {dagbag.py:588} INFO - Filling up the DagBag from /home/airflow/.local/lib/python3.12/site-packages/airflow/example_dags/example_setup_teardown_taskflow.py
[2025-02-06T18:29:40.780+0000] {processor.py:925} INFO - DAG(s) 'example_setup_teardown_taskflow' retrieved from /home/airflow/.local/lib/python3.12/site-packages/airflow/example_dags/example_setup_teardown_taskflow.py
[2025-02-06T18:29:40.811+0000] {logging_mixin.py:190} INFO - [2025-02-06T18:29:40.811+0000] {dag.py:3239} INFO - Sync 1 DAGs
[2025-02-06T18:29:40.832+0000] {logging_mixin.py:190} INFO - [2025-02-06T18:29:40.831+0000] {dag.py:4180} INFO - Setting next_dagrun for example_setup_teardown_taskflow to None, run_after=None
[2025-02-06T18:29:40.856+0000] {processor.py:208} INFO - Processing /home/airflow/.local/lib/python3.12/site-packages/airflow/example_dags/example_setup_teardown_taskflow.py took 0.102 seconds
[2025-02-06T18:30:10.938+0000] {processor.py:186} INFO - Started process (PID=1670) to work on /home/airflow/.local/lib/python3.12/site-packages/airflow/example_dags/example_setup_teardown_taskflow.py
[2025-02-06T18:30:10.939+0000] {processor.py:914} INFO - Processing file /home/airflow/.local/lib/python3.12/site-packages/airflow/example_dags/example_setup_teardown_taskflow.py for tasks to queue
[2025-02-06T18:30:10.942+0000] {logging_mixin.py:190} INFO - [2025-02-06T18:30:10.942+0000] {dagbag.py:588} INFO - Filling up the DagBag from /home/airflow/.local/lib/python3.12/site-packages/airflow/example_dags/example_setup_teardown_taskflow.py
[2025-02-06T18:30:10.955+0000] {processor.py:925} INFO - DAG(s) 'example_setup_teardown_taskflow' retrieved from /home/airflow/.local/lib/python3.12/site-packages/airflow/example_dags/example_setup_teardown_taskflow.py
[2025-02-06T18:30:10.985+0000] {logging_mixin.py:190} INFO - [2025-02-06T18:30:10.985+0000] {dag.py:3239} INFO - Sync 1 DAGs
[2025-02-06T18:30:11.003+0000] {logging_mixin.py:190} INFO - [2025-02-06T18:30:11.003+0000] {dag.py:4180} INFO - Setting next_dagrun for example_setup_teardown_taskflow to None, run_after=None
[2025-02-06T18:30:11.029+0000] {processor.py:208} INFO - Processing /home/airflow/.local/lib/python3.12/site-packages/airflow/example_dags/example_setup_teardown_taskflow.py took 0.099 seconds
[2025-02-06T18:30:41.426+0000] {processor.py:186} INFO - Started process (PID=1727) to work on /home/airflow/.local/lib/python3.12/site-packages/airflow/example_dags/example_setup_teardown_taskflow.py
[2025-02-06T18:30:41.428+0000] {processor.py:914} INFO - Processing file /home/airflow/.local/lib/python3.12/site-packages/airflow/example_dags/example_setup_teardown_taskflow.py for tasks to queue
[2025-02-06T18:30:41.431+0000] {logging_mixin.py:190} INFO - [2025-02-06T18:30:41.431+0000] {dagbag.py:588} INFO - Filling up the DagBag from /home/airflow/.local/lib/python3.12/site-packages/airflow/example_dags/example_setup_teardown_taskflow.py
[2025-02-06T18:30:41.449+0000] {processor.py:925} INFO - DAG(s) 'example_setup_teardown_taskflow' retrieved from /home/airflow/.local/lib/python3.12/site-packages/airflow/example_dags/example_setup_teardown_taskflow.py
[2025-02-06T18:30:41.478+0000] {logging_mixin.py:190} INFO - [2025-02-06T18:30:41.478+0000] {dag.py:3239} INFO - Sync 1 DAGs
[2025-02-06T18:30:41.496+0000] {logging_mixin.py:190} INFO - [2025-02-06T18:30:41.496+0000] {dag.py:4180} INFO - Setting next_dagrun for example_setup_teardown_taskflow to None, run_after=None
[2025-02-06T18:30:41.525+0000] {processor.py:208} INFO - Processing /home/airflow/.local/lib/python3.12/site-packages/airflow/example_dags/example_setup_teardown_taskflow.py took 0.107 seconds
[2025-02-06T18:31:12.175+0000] {processor.py:186} INFO - Started process (PID=1784) to work on /home/airflow/.local/lib/python3.12/site-packages/airflow/example_dags/example_setup_teardown_taskflow.py
[2025-02-06T18:31:12.178+0000] {processor.py:914} INFO - Processing file /home/airflow/.local/lib/python3.12/site-packages/airflow/example_dags/example_setup_teardown_taskflow.py for tasks to queue
[2025-02-06T18:31:12.184+0000] {logging_mixin.py:190} INFO - [2025-02-06T18:31:12.183+0000] {dagbag.py:588} INFO - Filling up the DagBag from /home/airflow/.local/lib/python3.12/site-packages/airflow/example_dags/example_setup_teardown_taskflow.py
[2025-02-06T18:31:12.204+0000] {processor.py:925} INFO - DAG(s) 'example_setup_teardown_taskflow' retrieved from /home/airflow/.local/lib/python3.12/site-packages/airflow/example_dags/example_setup_teardown_taskflow.py
[2025-02-06T18:31:12.258+0000] {logging_mixin.py:190} INFO - [2025-02-06T18:31:12.257+0000] {dag.py:3239} INFO - Sync 1 DAGs
[2025-02-06T18:31:12.301+0000] {logging_mixin.py:190} INFO - [2025-02-06T18:31:12.300+0000] {dag.py:4180} INFO - Setting next_dagrun for example_setup_teardown_taskflow to None, run_after=None
[2025-02-06T18:31:12.349+0000] {processor.py:208} INFO - Processing /home/airflow/.local/lib/python3.12/site-packages/airflow/example_dags/example_setup_teardown_taskflow.py took 0.190 seconds
[2025-02-06T18:31:43.174+0000] {processor.py:186} INFO - Started process (PID=1841) to work on /home/airflow/.local/lib/python3.12/site-packages/airflow/example_dags/example_setup_teardown_taskflow.py
[2025-02-06T18:31:43.175+0000] {processor.py:914} INFO - Processing file /home/airflow/.local/lib/python3.12/site-packages/airflow/example_dags/example_setup_teardown_taskflow.py for tasks to queue
[2025-02-06T18:31:43.178+0000] {logging_mixin.py:190} INFO - [2025-02-06T18:31:43.178+0000] {dagbag.py:588} INFO - Filling up the DagBag from /home/airflow/.local/lib/python3.12/site-packages/airflow/example_dags/example_setup_teardown_taskflow.py
[2025-02-06T18:31:43.192+0000] {processor.py:925} INFO - DAG(s) 'example_setup_teardown_taskflow' retrieved from /home/airflow/.local/lib/python3.12/site-packages/airflow/example_dags/example_setup_teardown_taskflow.py
[2025-02-06T18:31:43.220+0000] {logging_mixin.py:190} INFO - [2025-02-06T18:31:43.220+0000] {dag.py:3239} INFO - Sync 1 DAGs
[2025-02-06T18:31:43.239+0000] {logging_mixin.py:190} INFO - [2025-02-06T18:31:43.239+0000] {dag.py:4180} INFO - Setting next_dagrun for example_setup_teardown_taskflow to None, run_after=None
[2025-02-06T18:31:43.270+0000] {processor.py:208} INFO - Processing /home/airflow/.local/lib/python3.12/site-packages/airflow/example_dags/example_setup_teardown_taskflow.py took 0.103 seconds
[2025-02-06T18:32:13.568+0000] {processor.py:186} INFO - Started process (PID=1898) to work on /home/airflow/.local/lib/python3.12/site-packages/airflow/example_dags/example_setup_teardown_taskflow.py
[2025-02-06T18:32:13.569+0000] {processor.py:914} INFO - Processing file /home/airflow/.local/lib/python3.12/site-packages/airflow/example_dags/example_setup_teardown_taskflow.py for tasks to queue
[2025-02-06T18:32:13.572+0000] {logging_mixin.py:190} INFO - [2025-02-06T18:32:13.572+0000] {dagbag.py:588} INFO - Filling up the DagBag from /home/airflow/.local/lib/python3.12/site-packages/airflow/example_dags/example_setup_teardown_taskflow.py
[2025-02-06T18:32:13.588+0000] {processor.py:925} INFO - DAG(s) 'example_setup_teardown_taskflow' retrieved from /home/airflow/.local/lib/python3.12/site-packages/airflow/example_dags/example_setup_teardown_taskflow.py
[2025-02-06T18:32:13.620+0000] {logging_mixin.py:190} INFO - [2025-02-06T18:32:13.619+0000] {dag.py:3239} INFO - Sync 1 DAGs
[2025-02-06T18:32:13.640+0000] {logging_mixin.py:190} INFO - [2025-02-06T18:32:13.640+0000] {dag.py:4180} INFO - Setting next_dagrun for example_setup_teardown_taskflow to None, run_after=None
[2025-02-06T18:32:13.671+0000] {processor.py:208} INFO - Processing /home/airflow/.local/lib/python3.12/site-packages/airflow/example_dags/example_setup_teardown_taskflow.py took 0.114 seconds
[2025-02-06T18:32:44.385+0000] {processor.py:186} INFO - Started process (PID=1955) to work on /home/airflow/.local/lib/python3.12/site-packages/airflow/example_dags/example_setup_teardown_taskflow.py
[2025-02-06T18:32:44.387+0000] {processor.py:914} INFO - Processing file /home/airflow/.local/lib/python3.12/site-packages/airflow/example_dags/example_setup_teardown_taskflow.py for tasks to queue
[2025-02-06T18:32:44.395+0000] {logging_mixin.py:190} INFO - [2025-02-06T18:32:44.394+0000] {dagbag.py:588} INFO - Filling up the DagBag from /home/airflow/.local/lib/python3.12/site-packages/airflow/example_dags/example_setup_teardown_taskflow.py
[2025-02-06T18:32:44.431+0000] {processor.py:925} INFO - DAG(s) 'example_setup_teardown_taskflow' retrieved from /home/airflow/.local/lib/python3.12/site-packages/airflow/example_dags/example_setup_teardown_taskflow.py
[2025-02-06T18:32:44.474+0000] {logging_mixin.py:190} INFO - [2025-02-06T18:32:44.474+0000] {dag.py:3239} INFO - Sync 1 DAGs
[2025-02-06T18:32:44.497+0000] {logging_mixin.py:190} INFO - [2025-02-06T18:32:44.497+0000] {dag.py:4180} INFO - Setting next_dagrun for example_setup_teardown_taskflow to None, run_after=None
[2025-02-06T18:32:44.532+0000] {processor.py:208} INFO - Processing /home/airflow/.local/lib/python3.12/site-packages/airflow/example_dags/example_setup_teardown_taskflow.py took 0.165 seconds
[2025-02-06T18:33:16.689+0000] {processor.py:186} INFO - Started process (PID=2012) to work on /home/airflow/.local/lib/python3.12/site-packages/airflow/example_dags/example_setup_teardown_taskflow.py
[2025-02-06T18:33:16.691+0000] {processor.py:914} INFO - Processing file /home/airflow/.local/lib/python3.12/site-packages/airflow/example_dags/example_setup_teardown_taskflow.py for tasks to queue
[2025-02-06T18:33:16.695+0000] {logging_mixin.py:190} INFO - [2025-02-06T18:33:16.695+0000] {dagbag.py:588} INFO - Filling up the DagBag from /home/airflow/.local/lib/python3.12/site-packages/airflow/example_dags/example_setup_teardown_taskflow.py
[2025-02-06T18:33:16.719+0000] {processor.py:925} INFO - DAG(s) 'example_setup_teardown_taskflow' retrieved from /home/airflow/.local/lib/python3.12/site-packages/airflow/example_dags/example_setup_teardown_taskflow.py
[2025-02-06T18:33:16.751+0000] {logging_mixin.py:190} INFO - [2025-02-06T18:33:16.750+0000] {dag.py:3239} INFO - Sync 1 DAGs
[2025-02-06T18:33:16.774+0000] {logging_mixin.py:190} INFO - [2025-02-06T18:33:16.773+0000] {dag.py:4180} INFO - Setting next_dagrun for example_setup_teardown_taskflow to None, run_after=None
[2025-02-06T18:33:16.802+0000] {processor.py:208} INFO - Processing /home/airflow/.local/lib/python3.12/site-packages/airflow/example_dags/example_setup_teardown_taskflow.py took 0.124 seconds
[2025-02-06T18:33:48.236+0000] {processor.py:186} INFO - Started process (PID=2069) to work on /home/airflow/.local/lib/python3.12/site-packages/airflow/example_dags/example_setup_teardown_taskflow.py
[2025-02-06T18:33:48.239+0000] {processor.py:914} INFO - Processing file /home/airflow/.local/lib/python3.12/site-packages/airflow/example_dags/example_setup_teardown_taskflow.py for tasks to queue
[2025-02-06T18:33:48.246+0000] {logging_mixin.py:190} INFO - [2025-02-06T18:33:48.245+0000] {dagbag.py:588} INFO - Filling up the DagBag from /home/airflow/.local/lib/python3.12/site-packages/airflow/example_dags/example_setup_teardown_taskflow.py
[2025-02-06T18:33:48.273+0000] {processor.py:925} INFO - DAG(s) 'example_setup_teardown_taskflow' retrieved from /home/airflow/.local/lib/python3.12/site-packages/airflow/example_dags/example_setup_teardown_taskflow.py
[2025-02-06T18:33:48.317+0000] {logging_mixin.py:190} INFO - [2025-02-06T18:33:48.317+0000] {dag.py:3239} INFO - Sync 1 DAGs
[2025-02-06T18:33:48.347+0000] {logging_mixin.py:190} INFO - [2025-02-06T18:33:48.347+0000] {dag.py:4180} INFO - Setting next_dagrun for example_setup_teardown_taskflow to None, run_after=None
[2025-02-06T18:33:48.374+0000] {processor.py:208} INFO - Processing /home/airflow/.local/lib/python3.12/site-packages/airflow/example_dags/example_setup_teardown_taskflow.py took 0.148 seconds
[2025-02-06T18:34:20.654+0000] {processor.py:186} INFO - Started process (PID=2126) to work on /home/airflow/.local/lib/python3.12/site-packages/airflow/example_dags/example_setup_teardown_taskflow.py
[2025-02-06T18:34:20.655+0000] {processor.py:914} INFO - Processing file /home/airflow/.local/lib/python3.12/site-packages/airflow/example_dags/example_setup_teardown_taskflow.py for tasks to queue
[2025-02-06T18:34:20.659+0000] {logging_mixin.py:190} INFO - [2025-02-06T18:34:20.659+0000] {dagbag.py:588} INFO - Filling up the DagBag from /home/airflow/.local/lib/python3.12/site-packages/airflow/example_dags/example_setup_teardown_taskflow.py
[2025-02-06T18:34:20.682+0000] {processor.py:925} INFO - DAG(s) 'example_setup_teardown_taskflow' retrieved from /home/airflow/.local/lib/python3.12/site-packages/airflow/example_dags/example_setup_teardown_taskflow.py
[2025-02-06T18:34:20.718+0000] {logging_mixin.py:190} INFO - [2025-02-06T18:34:20.718+0000] {dag.py:3239} INFO - Sync 1 DAGs
[2025-02-06T18:34:20.739+0000] {logging_mixin.py:190} INFO - [2025-02-06T18:34:20.739+0000] {dag.py:4180} INFO - Setting next_dagrun for example_setup_teardown_taskflow to None, run_after=None
[2025-02-06T18:34:20.765+0000] {processor.py:208} INFO - Processing /home/airflow/.local/lib/python3.12/site-packages/airflow/example_dags/example_setup_teardown_taskflow.py took 0.126 seconds
[2025-02-06T18:34:52.996+0000] {processor.py:186} INFO - Started process (PID=2183) to work on /home/airflow/.local/lib/python3.12/site-packages/airflow/example_dags/example_setup_teardown_taskflow.py
[2025-02-06T18:34:52.997+0000] {processor.py:914} INFO - Processing file /home/airflow/.local/lib/python3.12/site-packages/airflow/example_dags/example_setup_teardown_taskflow.py for tasks to queue
[2025-02-06T18:34:53.001+0000] {logging_mixin.py:190} INFO - [2025-02-06T18:34:53.000+0000] {dagbag.py:588} INFO - Filling up the DagBag from /home/airflow/.local/lib/python3.12/site-packages/airflow/example_dags/example_setup_teardown_taskflow.py
[2025-02-06T18:34:53.019+0000] {processor.py:925} INFO - DAG(s) 'example_setup_teardown_taskflow' retrieved from /home/airflow/.local/lib/python3.12/site-packages/airflow/example_dags/example_setup_teardown_taskflow.py
[2025-02-06T18:34:53.067+0000] {logging_mixin.py:190} INFO - [2025-02-06T18:34:53.067+0000] {dag.py:3239} INFO - Sync 1 DAGs
[2025-02-06T18:34:53.100+0000] {logging_mixin.py:190} INFO - [2025-02-06T18:34:53.099+0000] {dag.py:4180} INFO - Setting next_dagrun for example_setup_teardown_taskflow to None, run_after=None
[2025-02-06T18:34:53.144+0000] {processor.py:208} INFO - Processing /home/airflow/.local/lib/python3.12/site-packages/airflow/example_dags/example_setup_teardown_taskflow.py took 0.157 seconds
[2025-02-06T18:35:25.892+0000] {processor.py:186} INFO - Started process (PID=2240) to work on /home/airflow/.local/lib/python3.12/site-packages/airflow/example_dags/example_setup_teardown_taskflow.py
[2025-02-06T18:35:25.894+0000] {processor.py:914} INFO - Processing file /home/airflow/.local/lib/python3.12/site-packages/airflow/example_dags/example_setup_teardown_taskflow.py for tasks to queue
[2025-02-06T18:35:25.899+0000] {logging_mixin.py:190} INFO - [2025-02-06T18:35:25.898+0000] {dagbag.py:588} INFO - Filling up the DagBag from /home/airflow/.local/lib/python3.12/site-packages/airflow/example_dags/example_setup_teardown_taskflow.py
[2025-02-06T18:35:25.927+0000] {processor.py:925} INFO - DAG(s) 'example_setup_teardown_taskflow' retrieved from /home/airflow/.local/lib/python3.12/site-packages/airflow/example_dags/example_setup_teardown_taskflow.py
[2025-02-06T18:35:25.963+0000] {logging_mixin.py:190} INFO - [2025-02-06T18:35:25.963+0000] {dag.py:3239} INFO - Sync 1 DAGs
[2025-02-06T18:35:25.986+0000] {logging_mixin.py:190} INFO - [2025-02-06T18:35:25.986+0000] {dag.py:4180} INFO - Setting next_dagrun for example_setup_teardown_taskflow to None, run_after=None
[2025-02-06T18:35:26.017+0000] {processor.py:208} INFO - Processing /home/airflow/.local/lib/python3.12/site-packages/airflow/example_dags/example_setup_teardown_taskflow.py took 0.140 seconds
[2025-02-06T18:35:58.513+0000] {processor.py:186} INFO - Started process (PID=2300) to work on /home/airflow/.local/lib/python3.12/site-packages/airflow/example_dags/example_setup_teardown_taskflow.py
[2025-02-06T18:35:58.527+0000] {processor.py:914} INFO - Processing file /home/airflow/.local/lib/python3.12/site-packages/airflow/example_dags/example_setup_teardown_taskflow.py for tasks to queue
[2025-02-06T18:35:58.534+0000] {logging_mixin.py:190} INFO - [2025-02-06T18:35:58.533+0000] {dagbag.py:588} INFO - Filling up the DagBag from /home/airflow/.local/lib/python3.12/site-packages/airflow/example_dags/example_setup_teardown_taskflow.py
[2025-02-06T18:35:58.577+0000] {processor.py:925} INFO - DAG(s) 'example_setup_teardown_taskflow' retrieved from /home/airflow/.local/lib/python3.12/site-packages/airflow/example_dags/example_setup_teardown_taskflow.py
[2025-02-06T18:35:58.644+0000] {logging_mixin.py:190} INFO - [2025-02-06T18:35:58.643+0000] {dag.py:3239} INFO - Sync 1 DAGs
[2025-02-06T18:35:58.679+0000] {logging_mixin.py:190} INFO - [2025-02-06T18:35:58.679+0000] {dag.py:4180} INFO - Setting next_dagrun for example_setup_teardown_taskflow to None, run_after=None
[2025-02-06T18:35:58.758+0000] {processor.py:208} INFO - Processing /home/airflow/.local/lib/python3.12/site-packages/airflow/example_dags/example_setup_teardown_taskflow.py took 0.270 seconds
[2025-02-06T18:36:30.357+0000] {processor.py:186} INFO - Started process (PID=2357) to work on /home/airflow/.local/lib/python3.12/site-packages/airflow/example_dags/example_setup_teardown_taskflow.py
[2025-02-06T18:36:30.359+0000] {processor.py:914} INFO - Processing file /home/airflow/.local/lib/python3.12/site-packages/airflow/example_dags/example_setup_teardown_taskflow.py for tasks to queue
[2025-02-06T18:36:30.365+0000] {logging_mixin.py:190} INFO - [2025-02-06T18:36:30.364+0000] {dagbag.py:588} INFO - Filling up the DagBag from /home/airflow/.local/lib/python3.12/site-packages/airflow/example_dags/example_setup_teardown_taskflow.py
[2025-02-06T18:36:30.387+0000] {processor.py:925} INFO - DAG(s) 'example_setup_teardown_taskflow' retrieved from /home/airflow/.local/lib/python3.12/site-packages/airflow/example_dags/example_setup_teardown_taskflow.py
[2025-02-06T18:36:30.433+0000] {logging_mixin.py:190} INFO - [2025-02-06T18:36:30.433+0000] {dag.py:3239} INFO - Sync 1 DAGs
[2025-02-06T18:36:30.472+0000] {logging_mixin.py:190} INFO - [2025-02-06T18:36:30.471+0000] {dag.py:4180} INFO - Setting next_dagrun for example_setup_teardown_taskflow to None, run_after=None
[2025-02-06T18:36:30.519+0000] {processor.py:208} INFO - Processing /home/airflow/.local/lib/python3.12/site-packages/airflow/example_dags/example_setup_teardown_taskflow.py took 0.175 seconds
[2025-02-06T18:37:02.786+0000] {processor.py:186} INFO - Started process (PID=2418) to work on /home/airflow/.local/lib/python3.12/site-packages/airflow/example_dags/example_setup_teardown_taskflow.py
[2025-02-06T18:37:02.788+0000] {processor.py:914} INFO - Processing file /home/airflow/.local/lib/python3.12/site-packages/airflow/example_dags/example_setup_teardown_taskflow.py for tasks to queue
[2025-02-06T18:37:02.792+0000] {logging_mixin.py:190} INFO - [2025-02-06T18:37:02.791+0000] {dagbag.py:588} INFO - Filling up the DagBag from /home/airflow/.local/lib/python3.12/site-packages/airflow/example_dags/example_setup_teardown_taskflow.py
[2025-02-06T18:37:02.815+0000] {processor.py:925} INFO - DAG(s) 'example_setup_teardown_taskflow' retrieved from /home/airflow/.local/lib/python3.12/site-packages/airflow/example_dags/example_setup_teardown_taskflow.py
[2025-02-06T18:37:02.853+0000] {logging_mixin.py:190} INFO - [2025-02-06T18:37:02.852+0000] {dag.py:3239} INFO - Sync 1 DAGs
[2025-02-06T18:37:02.886+0000] {logging_mixin.py:190} INFO - [2025-02-06T18:37:02.886+0000] {dag.py:4180} INFO - Setting next_dagrun for example_setup_teardown_taskflow to None, run_after=None
[2025-02-06T18:37:02.924+0000] {processor.py:208} INFO - Processing /home/airflow/.local/lib/python3.12/site-packages/airflow/example_dags/example_setup_teardown_taskflow.py took 0.149 seconds
[2025-02-06T18:37:34.091+0000] {processor.py:186} INFO - Started process (PID=2475) to work on /home/airflow/.local/lib/python3.12/site-packages/airflow/example_dags/example_setup_teardown_taskflow.py
[2025-02-06T18:37:34.092+0000] {processor.py:914} INFO - Processing file /home/airflow/.local/lib/python3.12/site-packages/airflow/example_dags/example_setup_teardown_taskflow.py for tasks to queue
[2025-02-06T18:37:34.098+0000] {logging_mixin.py:190} INFO - [2025-02-06T18:37:34.096+0000] {dagbag.py:588} INFO - Filling up the DagBag from /home/airflow/.local/lib/python3.12/site-packages/airflow/example_dags/example_setup_teardown_taskflow.py
[2025-02-06T18:37:34.119+0000] {processor.py:925} INFO - DAG(s) 'example_setup_teardown_taskflow' retrieved from /home/airflow/.local/lib/python3.12/site-packages/airflow/example_dags/example_setup_teardown_taskflow.py
[2025-02-06T18:37:34.152+0000] {logging_mixin.py:190} INFO - [2025-02-06T18:37:34.152+0000] {dag.py:3239} INFO - Sync 1 DAGs
[2025-02-06T18:37:34.176+0000] {logging_mixin.py:190} INFO - [2025-02-06T18:37:34.176+0000] {dag.py:4180} INFO - Setting next_dagrun for example_setup_teardown_taskflow to None, run_after=None
[2025-02-06T18:37:34.202+0000] {processor.py:208} INFO - Processing /home/airflow/.local/lib/python3.12/site-packages/airflow/example_dags/example_setup_teardown_taskflow.py took 0.120 seconds
[2025-02-06T18:38:06.855+0000] {processor.py:186} INFO - Started process (PID=2536) to work on /home/airflow/.local/lib/python3.12/site-packages/airflow/example_dags/example_setup_teardown_taskflow.py
[2025-02-06T18:38:06.857+0000] {processor.py:914} INFO - Processing file /home/airflow/.local/lib/python3.12/site-packages/airflow/example_dags/example_setup_teardown_taskflow.py for tasks to queue
[2025-02-06T18:38:06.861+0000] {logging_mixin.py:190} INFO - [2025-02-06T18:38:06.860+0000] {dagbag.py:588} INFO - Filling up the DagBag from /home/airflow/.local/lib/python3.12/site-packages/airflow/example_dags/example_setup_teardown_taskflow.py
[2025-02-06T18:38:06.879+0000] {processor.py:925} INFO - DAG(s) 'example_setup_teardown_taskflow' retrieved from /home/airflow/.local/lib/python3.12/site-packages/airflow/example_dags/example_setup_teardown_taskflow.py
[2025-02-06T18:38:06.912+0000] {logging_mixin.py:190} INFO - [2025-02-06T18:38:06.912+0000] {dag.py:3239} INFO - Sync 1 DAGs
[2025-02-06T18:38:06.937+0000] {logging_mixin.py:190} INFO - [2025-02-06T18:38:06.937+0000] {dag.py:4180} INFO - Setting next_dagrun for example_setup_teardown_taskflow to None, run_after=None
[2025-02-06T18:38:06.991+0000] {processor.py:208} INFO - Processing /home/airflow/.local/lib/python3.12/site-packages/airflow/example_dags/example_setup_teardown_taskflow.py took 0.148 seconds
[2025-02-06T18:38:38.848+0000] {processor.py:186} INFO - Started process (PID=2593) to work on /home/airflow/.local/lib/python3.12/site-packages/airflow/example_dags/example_setup_teardown_taskflow.py
[2025-02-06T18:38:38.850+0000] {processor.py:914} INFO - Processing file /home/airflow/.local/lib/python3.12/site-packages/airflow/example_dags/example_setup_teardown_taskflow.py for tasks to queue
[2025-02-06T18:38:38.854+0000] {logging_mixin.py:190} INFO - [2025-02-06T18:38:38.853+0000] {dagbag.py:588} INFO - Filling up the DagBag from /home/airflow/.local/lib/python3.12/site-packages/airflow/example_dags/example_setup_teardown_taskflow.py
[2025-02-06T18:38:38.874+0000] {processor.py:925} INFO - DAG(s) 'example_setup_teardown_taskflow' retrieved from /home/airflow/.local/lib/python3.12/site-packages/airflow/example_dags/example_setup_teardown_taskflow.py
[2025-02-06T18:38:38.908+0000] {logging_mixin.py:190} INFO - [2025-02-06T18:38:38.907+0000] {dag.py:3239} INFO - Sync 1 DAGs
[2025-02-06T18:38:38.938+0000] {logging_mixin.py:190} INFO - [2025-02-06T18:38:38.938+0000] {dag.py:4180} INFO - Setting next_dagrun for example_setup_teardown_taskflow to None, run_after=None
[2025-02-06T18:38:38.969+0000] {processor.py:208} INFO - Processing /home/airflow/.local/lib/python3.12/site-packages/airflow/example_dags/example_setup_teardown_taskflow.py took 0.130 seconds
[2025-02-06T18:39:11.314+0000] {processor.py:186} INFO - Started process (PID=2653) to work on /home/airflow/.local/lib/python3.12/site-packages/airflow/example_dags/example_setup_teardown_taskflow.py
[2025-02-06T18:39:11.316+0000] {processor.py:914} INFO - Processing file /home/airflow/.local/lib/python3.12/site-packages/airflow/example_dags/example_setup_teardown_taskflow.py for tasks to queue
[2025-02-06T18:39:11.320+0000] {logging_mixin.py:190} INFO - [2025-02-06T18:39:11.320+0000] {dagbag.py:588} INFO - Filling up the DagBag from /home/airflow/.local/lib/python3.12/site-packages/airflow/example_dags/example_setup_teardown_taskflow.py
[2025-02-06T18:39:11.348+0000] {processor.py:925} INFO - DAG(s) 'example_setup_teardown_taskflow' retrieved from /home/airflow/.local/lib/python3.12/site-packages/airflow/example_dags/example_setup_teardown_taskflow.py
[2025-02-06T18:39:11.399+0000] {logging_mixin.py:190} INFO - [2025-02-06T18:39:11.398+0000] {dag.py:3239} INFO - Sync 1 DAGs
[2025-02-06T18:39:11.433+0000] {logging_mixin.py:190} INFO - [2025-02-06T18:39:11.433+0000] {dag.py:4180} INFO - Setting next_dagrun for example_setup_teardown_taskflow to None, run_after=None
[2025-02-06T18:39:11.477+0000] {processor.py:208} INFO - Processing /home/airflow/.local/lib/python3.12/site-packages/airflow/example_dags/example_setup_teardown_taskflow.py took 0.178 seconds
[2025-02-06T18:39:42.198+0000] {processor.py:186} INFO - Started process (PID=2710) to work on /home/airflow/.local/lib/python3.12/site-packages/airflow/example_dags/example_setup_teardown_taskflow.py
[2025-02-06T18:39:42.200+0000] {processor.py:914} INFO - Processing file /home/airflow/.local/lib/python3.12/site-packages/airflow/example_dags/example_setup_teardown_taskflow.py for tasks to queue
[2025-02-06T18:39:42.205+0000] {logging_mixin.py:190} INFO - [2025-02-06T18:39:42.204+0000] {dagbag.py:588} INFO - Filling up the DagBag from /home/airflow/.local/lib/python3.12/site-packages/airflow/example_dags/example_setup_teardown_taskflow.py
[2025-02-06T18:39:42.224+0000] {processor.py:925} INFO - DAG(s) 'example_setup_teardown_taskflow' retrieved from /home/airflow/.local/lib/python3.12/site-packages/airflow/example_dags/example_setup_teardown_taskflow.py
[2025-02-06T18:39:42.259+0000] {logging_mixin.py:190} INFO - [2025-02-06T18:39:42.259+0000] {dag.py:3239} INFO - Sync 1 DAGs
[2025-02-06T18:39:42.283+0000] {logging_mixin.py:190} INFO - [2025-02-06T18:39:42.282+0000] {dag.py:4180} INFO - Setting next_dagrun for example_setup_teardown_taskflow to None, run_after=None
[2025-02-06T18:39:42.317+0000] {processor.py:208} INFO - Processing /home/airflow/.local/lib/python3.12/site-packages/airflow/example_dags/example_setup_teardown_taskflow.py took 0.128 seconds
[2025-02-06T18:40:13.389+0000] {processor.py:186} INFO - Started process (PID=2767) to work on /home/airflow/.local/lib/python3.12/site-packages/airflow/example_dags/example_setup_teardown_taskflow.py
[2025-02-06T18:40:13.390+0000] {processor.py:914} INFO - Processing file /home/airflow/.local/lib/python3.12/site-packages/airflow/example_dags/example_setup_teardown_taskflow.py for tasks to queue
[2025-02-06T18:40:13.393+0000] {logging_mixin.py:190} INFO - [2025-02-06T18:40:13.393+0000] {dagbag.py:588} INFO - Filling up the DagBag from /home/airflow/.local/lib/python3.12/site-packages/airflow/example_dags/example_setup_teardown_taskflow.py
[2025-02-06T18:40:13.411+0000] {processor.py:925} INFO - DAG(s) 'example_setup_teardown_taskflow' retrieved from /home/airflow/.local/lib/python3.12/site-packages/airflow/example_dags/example_setup_teardown_taskflow.py
[2025-02-06T18:40:13.446+0000] {logging_mixin.py:190} INFO - [2025-02-06T18:40:13.445+0000] {dag.py:3239} INFO - Sync 1 DAGs
[2025-02-06T18:40:13.470+0000] {logging_mixin.py:190} INFO - [2025-02-06T18:40:13.470+0000] {dag.py:4180} INFO - Setting next_dagrun for example_setup_teardown_taskflow to None, run_after=None
[2025-02-06T18:40:13.497+0000] {processor.py:208} INFO - Processing /home/airflow/.local/lib/python3.12/site-packages/airflow/example_dags/example_setup_teardown_taskflow.py took 0.117 seconds
[2025-02-06T18:40:46.112+0000] {processor.py:186} INFO - Started process (PID=2824) to work on /home/airflow/.local/lib/python3.12/site-packages/airflow/example_dags/example_setup_teardown_taskflow.py
[2025-02-06T18:40:46.114+0000] {processor.py:914} INFO - Processing file /home/airflow/.local/lib/python3.12/site-packages/airflow/example_dags/example_setup_teardown_taskflow.py for tasks to queue
[2025-02-06T18:40:46.121+0000] {logging_mixin.py:190} INFO - [2025-02-06T18:40:46.120+0000] {dagbag.py:588} INFO - Filling up the DagBag from /home/airflow/.local/lib/python3.12/site-packages/airflow/example_dags/example_setup_teardown_taskflow.py
[2025-02-06T18:40:46.145+0000] {processor.py:925} INFO - DAG(s) 'example_setup_teardown_taskflow' retrieved from /home/airflow/.local/lib/python3.12/site-packages/airflow/example_dags/example_setup_teardown_taskflow.py
[2025-02-06T18:40:46.214+0000] {logging_mixin.py:190} INFO - [2025-02-06T18:40:46.213+0000] {dag.py:3239} INFO - Sync 1 DAGs
[2025-02-06T18:40:46.520+0000] {logging_mixin.py:190} INFO - [2025-02-06T18:40:46.519+0000] {dag.py:4180} INFO - Setting next_dagrun for example_setup_teardown_taskflow to None, run_after=None
[2025-02-06T18:40:46.553+0000] {processor.py:208} INFO - Processing /home/airflow/.local/lib/python3.12/site-packages/airflow/example_dags/example_setup_teardown_taskflow.py took 0.457 seconds
[2025-02-06T18:41:17.624+0000] {processor.py:186} INFO - Started process (PID=2881) to work on /home/airflow/.local/lib/python3.12/site-packages/airflow/example_dags/example_setup_teardown_taskflow.py
[2025-02-06T18:41:17.626+0000] {processor.py:914} INFO - Processing file /home/airflow/.local/lib/python3.12/site-packages/airflow/example_dags/example_setup_teardown_taskflow.py for tasks to queue
[2025-02-06T18:41:17.631+0000] {logging_mixin.py:190} INFO - [2025-02-06T18:41:17.630+0000] {dagbag.py:588} INFO - Filling up the DagBag from /home/airflow/.local/lib/python3.12/site-packages/airflow/example_dags/example_setup_teardown_taskflow.py
[2025-02-06T18:41:17.657+0000] {processor.py:925} INFO - DAG(s) 'example_setup_teardown_taskflow' retrieved from /home/airflow/.local/lib/python3.12/site-packages/airflow/example_dags/example_setup_teardown_taskflow.py
[2025-02-06T18:41:17.723+0000] {logging_mixin.py:190} INFO - [2025-02-06T18:41:17.722+0000] {dag.py:3239} INFO - Sync 1 DAGs
[2025-02-06T18:41:17.774+0000] {logging_mixin.py:190} INFO - [2025-02-06T18:41:17.774+0000] {dag.py:4180} INFO - Setting next_dagrun for example_setup_teardown_taskflow to None, run_after=None
[2025-02-06T18:41:17.810+0000] {processor.py:208} INFO - Processing /home/airflow/.local/lib/python3.12/site-packages/airflow/example_dags/example_setup_teardown_taskflow.py took 0.200 seconds
[2025-02-06T18:41:49.650+0000] {processor.py:186} INFO - Started process (PID=2938) to work on /home/airflow/.local/lib/python3.12/site-packages/airflow/example_dags/example_setup_teardown_taskflow.py
[2025-02-06T18:41:49.665+0000] {processor.py:914} INFO - Processing file /home/airflow/.local/lib/python3.12/site-packages/airflow/example_dags/example_setup_teardown_taskflow.py for tasks to queue
[2025-02-06T18:41:49.677+0000] {logging_mixin.py:190} INFO - [2025-02-06T18:41:49.673+0000] {dagbag.py:588} INFO - Filling up the DagBag from /home/airflow/.local/lib/python3.12/site-packages/airflow/example_dags/example_setup_teardown_taskflow.py
[2025-02-06T18:41:49.737+0000] {processor.py:925} INFO - DAG(s) 'example_setup_teardown_taskflow' retrieved from /home/airflow/.local/lib/python3.12/site-packages/airflow/example_dags/example_setup_teardown_taskflow.py
[2025-02-06T18:41:49.808+0000] {logging_mixin.py:190} INFO - [2025-02-06T18:41:49.805+0000] {dag.py:3239} INFO - Sync 1 DAGs
[2025-02-06T18:41:49.849+0000] {logging_mixin.py:190} INFO - [2025-02-06T18:41:49.849+0000] {dag.py:4180} INFO - Setting next_dagrun for example_setup_teardown_taskflow to None, run_after=None
[2025-02-06T18:41:49.884+0000] {processor.py:208} INFO - Processing /home/airflow/.local/lib/python3.12/site-packages/airflow/example_dags/example_setup_teardown_taskflow.py took 0.257 seconds
[2025-02-06T18:42:21.362+0000] {processor.py:186} INFO - Started process (PID=2995) to work on /home/airflow/.local/lib/python3.12/site-packages/airflow/example_dags/example_setup_teardown_taskflow.py
[2025-02-06T18:42:21.364+0000] {processor.py:914} INFO - Processing file /home/airflow/.local/lib/python3.12/site-packages/airflow/example_dags/example_setup_teardown_taskflow.py for tasks to queue
[2025-02-06T18:42:21.370+0000] {logging_mixin.py:190} INFO - [2025-02-06T18:42:21.369+0000] {dagbag.py:588} INFO - Filling up the DagBag from /home/airflow/.local/lib/python3.12/site-packages/airflow/example_dags/example_setup_teardown_taskflow.py
[2025-02-06T18:42:21.391+0000] {processor.py:925} INFO - DAG(s) 'example_setup_teardown_taskflow' retrieved from /home/airflow/.local/lib/python3.12/site-packages/airflow/example_dags/example_setup_teardown_taskflow.py
[2025-02-06T18:42:21.429+0000] {logging_mixin.py:190} INFO - [2025-02-06T18:42:21.428+0000] {dag.py:3239} INFO - Sync 1 DAGs
[2025-02-06T18:42:21.463+0000] {logging_mixin.py:190} INFO - [2025-02-06T18:42:21.463+0000] {dag.py:4180} INFO - Setting next_dagrun for example_setup_teardown_taskflow to None, run_after=None
[2025-02-06T18:42:21.501+0000] {processor.py:208} INFO - Processing /home/airflow/.local/lib/python3.12/site-packages/airflow/example_dags/example_setup_teardown_taskflow.py took 0.148 seconds
[2025-02-06T18:42:52.879+0000] {processor.py:186} INFO - Started process (PID=3056) to work on /home/airflow/.local/lib/python3.12/site-packages/airflow/example_dags/example_setup_teardown_taskflow.py
[2025-02-06T18:42:52.881+0000] {processor.py:914} INFO - Processing file /home/airflow/.local/lib/python3.12/site-packages/airflow/example_dags/example_setup_teardown_taskflow.py for tasks to queue
[2025-02-06T18:42:52.885+0000] {logging_mixin.py:190} INFO - [2025-02-06T18:42:52.885+0000] {dagbag.py:588} INFO - Filling up the DagBag from /home/airflow/.local/lib/python3.12/site-packages/airflow/example_dags/example_setup_teardown_taskflow.py
[2025-02-06T18:42:52.902+0000] {processor.py:925} INFO - DAG(s) 'example_setup_teardown_taskflow' retrieved from /home/airflow/.local/lib/python3.12/site-packages/airflow/example_dags/example_setup_teardown_taskflow.py
[2025-02-06T18:42:52.936+0000] {logging_mixin.py:190} INFO - [2025-02-06T18:42:52.935+0000] {dag.py:3239} INFO - Sync 1 DAGs
[2025-02-06T18:42:52.960+0000] {logging_mixin.py:190} INFO - [2025-02-06T18:42:52.960+0000] {dag.py:4180} INFO - Setting next_dagrun for example_setup_teardown_taskflow to None, run_after=None
[2025-02-06T18:42:52.988+0000] {processor.py:208} INFO - Processing /home/airflow/.local/lib/python3.12/site-packages/airflow/example_dags/example_setup_teardown_taskflow.py took 0.119 seconds
[2025-02-06T18:43:24.875+0000] {processor.py:186} INFO - Started process (PID=3113) to work on /home/airflow/.local/lib/python3.12/site-packages/airflow/example_dags/example_setup_teardown_taskflow.py
[2025-02-06T18:43:24.877+0000] {processor.py:914} INFO - Processing file /home/airflow/.local/lib/python3.12/site-packages/airflow/example_dags/example_setup_teardown_taskflow.py for tasks to queue
[2025-02-06T18:43:24.881+0000] {logging_mixin.py:190} INFO - [2025-02-06T18:43:24.881+0000] {dagbag.py:588} INFO - Filling up the DagBag from /home/airflow/.local/lib/python3.12/site-packages/airflow/example_dags/example_setup_teardown_taskflow.py
[2025-02-06T18:43:24.908+0000] {processor.py:925} INFO - DAG(s) 'example_setup_teardown_taskflow' retrieved from /home/airflow/.local/lib/python3.12/site-packages/airflow/example_dags/example_setup_teardown_taskflow.py
[2025-02-06T18:43:24.950+0000] {logging_mixin.py:190} INFO - [2025-02-06T18:43:24.950+0000] {dag.py:3239} INFO - Sync 1 DAGs
[2025-02-06T18:43:24.975+0000] {logging_mixin.py:190} INFO - [2025-02-06T18:43:24.975+0000] {dag.py:4180} INFO - Setting next_dagrun for example_setup_teardown_taskflow to None, run_after=None
[2025-02-06T18:43:25.002+0000] {processor.py:208} INFO - Processing /home/airflow/.local/lib/python3.12/site-packages/airflow/example_dags/example_setup_teardown_taskflow.py took 0.138 seconds
[2025-02-06T18:43:56.795+0000] {processor.py:186} INFO - Started process (PID=3170) to work on /home/airflow/.local/lib/python3.12/site-packages/airflow/example_dags/example_setup_teardown_taskflow.py
[2025-02-06T18:43:56.797+0000] {processor.py:914} INFO - Processing file /home/airflow/.local/lib/python3.12/site-packages/airflow/example_dags/example_setup_teardown_taskflow.py for tasks to queue
[2025-02-06T18:43:56.801+0000] {logging_mixin.py:190} INFO - [2025-02-06T18:43:56.801+0000] {dagbag.py:588} INFO - Filling up the DagBag from /home/airflow/.local/lib/python3.12/site-packages/airflow/example_dags/example_setup_teardown_taskflow.py
[2025-02-06T18:43:56.833+0000] {processor.py:925} INFO - DAG(s) 'example_setup_teardown_taskflow' retrieved from /home/airflow/.local/lib/python3.12/site-packages/airflow/example_dags/example_setup_teardown_taskflow.py
[2025-02-06T18:43:56.910+0000] {logging_mixin.py:190} INFO - [2025-02-06T18:43:56.910+0000] {dag.py:3239} INFO - Sync 1 DAGs
[2025-02-06T18:43:56.950+0000] {logging_mixin.py:190} INFO - [2025-02-06T18:43:56.950+0000] {dag.py:4180} INFO - Setting next_dagrun for example_setup_teardown_taskflow to None, run_after=None
[2025-02-06T18:43:56.987+0000] {processor.py:208} INFO - Processing /home/airflow/.local/lib/python3.12/site-packages/airflow/example_dags/example_setup_teardown_taskflow.py took 0.208 seconds
[2025-02-06T18:44:27.445+0000] {processor.py:186} INFO - Started process (PID=3226) to work on /home/airflow/.local/lib/python3.12/site-packages/airflow/example_dags/example_setup_teardown_taskflow.py
[2025-02-06T18:44:27.447+0000] {processor.py:914} INFO - Processing file /home/airflow/.local/lib/python3.12/site-packages/airflow/example_dags/example_setup_teardown_taskflow.py for tasks to queue
[2025-02-06T18:44:27.452+0000] {logging_mixin.py:190} INFO - [2025-02-06T18:44:27.451+0000] {dagbag.py:588} INFO - Filling up the DagBag from /home/airflow/.local/lib/python3.12/site-packages/airflow/example_dags/example_setup_teardown_taskflow.py
[2025-02-06T18:44:27.471+0000] {processor.py:925} INFO - DAG(s) 'example_setup_teardown_taskflow' retrieved from /home/airflow/.local/lib/python3.12/site-packages/airflow/example_dags/example_setup_teardown_taskflow.py
[2025-02-06T18:44:27.513+0000] {logging_mixin.py:190} INFO - [2025-02-06T18:44:27.512+0000] {dag.py:3239} INFO - Sync 1 DAGs
[2025-02-06T18:44:27.556+0000] {logging_mixin.py:190} INFO - [2025-02-06T18:44:27.556+0000] {dag.py:4180} INFO - Setting next_dagrun for example_setup_teardown_taskflow to None, run_after=None
[2025-02-06T18:44:27.599+0000] {processor.py:208} INFO - Processing /home/airflow/.local/lib/python3.12/site-packages/airflow/example_dags/example_setup_teardown_taskflow.py took 0.168 seconds
[2025-02-06T18:44:58.590+0000] {processor.py:186} INFO - Started process (PID=3283) to work on /home/airflow/.local/lib/python3.12/site-packages/airflow/example_dags/example_setup_teardown_taskflow.py
[2025-02-06T18:44:58.592+0000] {processor.py:914} INFO - Processing file /home/airflow/.local/lib/python3.12/site-packages/airflow/example_dags/example_setup_teardown_taskflow.py for tasks to queue
[2025-02-06T18:44:58.596+0000] {logging_mixin.py:190} INFO - [2025-02-06T18:44:58.596+0000] {dagbag.py:588} INFO - Filling up the DagBag from /home/airflow/.local/lib/python3.12/site-packages/airflow/example_dags/example_setup_teardown_taskflow.py
[2025-02-06T18:44:58.621+0000] {processor.py:925} INFO - DAG(s) 'example_setup_teardown_taskflow' retrieved from /home/airflow/.local/lib/python3.12/site-packages/airflow/example_dags/example_setup_teardown_taskflow.py
[2025-02-06T18:44:58.662+0000] {logging_mixin.py:190} INFO - [2025-02-06T18:44:58.662+0000] {dag.py:3239} INFO - Sync 1 DAGs
[2025-02-06T18:44:58.688+0000] {logging_mixin.py:190} INFO - [2025-02-06T18:44:58.687+0000] {dag.py:4180} INFO - Setting next_dagrun for example_setup_teardown_taskflow to None, run_after=None
[2025-02-06T18:44:58.749+0000] {processor.py:208} INFO - Processing /home/airflow/.local/lib/python3.12/site-packages/airflow/example_dags/example_setup_teardown_taskflow.py took 0.170 seconds
[2025-02-06T18:45:28.965+0000] {processor.py:186} INFO - Started process (PID=3339) to work on /home/airflow/.local/lib/python3.12/site-packages/airflow/example_dags/example_setup_teardown_taskflow.py
[2025-02-06T18:45:28.967+0000] {processor.py:914} INFO - Processing file /home/airflow/.local/lib/python3.12/site-packages/airflow/example_dags/example_setup_teardown_taskflow.py for tasks to queue
[2025-02-06T18:45:28.972+0000] {logging_mixin.py:190} INFO - [2025-02-06T18:45:28.971+0000] {dagbag.py:588} INFO - Filling up the DagBag from /home/airflow/.local/lib/python3.12/site-packages/airflow/example_dags/example_setup_teardown_taskflow.py
[2025-02-06T18:45:28.996+0000] {processor.py:925} INFO - DAG(s) 'example_setup_teardown_taskflow' retrieved from /home/airflow/.local/lib/python3.12/site-packages/airflow/example_dags/example_setup_teardown_taskflow.py
[2025-02-06T18:45:29.044+0000] {logging_mixin.py:190} INFO - [2025-02-06T18:45:29.043+0000] {dag.py:3239} INFO - Sync 1 DAGs
[2025-02-06T18:45:29.074+0000] {logging_mixin.py:190} INFO - [2025-02-06T18:45:29.073+0000] {dag.py:4180} INFO - Setting next_dagrun for example_setup_teardown_taskflow to None, run_after=None
[2025-02-06T18:45:29.114+0000] {processor.py:208} INFO - Processing /home/airflow/.local/lib/python3.12/site-packages/airflow/example_dags/example_setup_teardown_taskflow.py took 0.163 seconds
[2025-02-06T18:45:59.424+0000] {processor.py:186} INFO - Started process (PID=3396) to work on /home/airflow/.local/lib/python3.12/site-packages/airflow/example_dags/example_setup_teardown_taskflow.py
[2025-02-06T18:45:59.426+0000] {processor.py:914} INFO - Processing file /home/airflow/.local/lib/python3.12/site-packages/airflow/example_dags/example_setup_teardown_taskflow.py for tasks to queue
[2025-02-06T18:45:59.432+0000] {logging_mixin.py:190} INFO - [2025-02-06T18:45:59.431+0000] {dagbag.py:588} INFO - Filling up the DagBag from /home/airflow/.local/lib/python3.12/site-packages/airflow/example_dags/example_setup_teardown_taskflow.py
[2025-02-06T18:45:59.468+0000] {processor.py:925} INFO - DAG(s) 'example_setup_teardown_taskflow' retrieved from /home/airflow/.local/lib/python3.12/site-packages/airflow/example_dags/example_setup_teardown_taskflow.py
[2025-02-06T18:45:59.516+0000] {logging_mixin.py:190} INFO - [2025-02-06T18:45:59.515+0000] {dag.py:3239} INFO - Sync 1 DAGs
[2025-02-06T18:45:59.552+0000] {logging_mixin.py:190} INFO - [2025-02-06T18:45:59.552+0000] {dag.py:4180} INFO - Setting next_dagrun for example_setup_teardown_taskflow to None, run_after=None
[2025-02-06T18:45:59.611+0000] {processor.py:208} INFO - Processing /home/airflow/.local/lib/python3.12/site-packages/airflow/example_dags/example_setup_teardown_taskflow.py took 0.202 seconds
[2025-02-06T18:46:30.291+0000] {processor.py:186} INFO - Started process (PID=3453) to work on /home/airflow/.local/lib/python3.12/site-packages/airflow/example_dags/example_setup_teardown_taskflow.py
[2025-02-06T18:46:30.293+0000] {processor.py:914} INFO - Processing file /home/airflow/.local/lib/python3.12/site-packages/airflow/example_dags/example_setup_teardown_taskflow.py for tasks to queue
[2025-02-06T18:46:30.298+0000] {logging_mixin.py:190} INFO - [2025-02-06T18:46:30.297+0000] {dagbag.py:588} INFO - Filling up the DagBag from /home/airflow/.local/lib/python3.12/site-packages/airflow/example_dags/example_setup_teardown_taskflow.py
[2025-02-06T18:46:30.318+0000] {processor.py:925} INFO - DAG(s) 'example_setup_teardown_taskflow' retrieved from /home/airflow/.local/lib/python3.12/site-packages/airflow/example_dags/example_setup_teardown_taskflow.py
[2025-02-06T18:46:30.347+0000] {logging_mixin.py:190} INFO - [2025-02-06T18:46:30.347+0000] {dag.py:3239} INFO - Sync 1 DAGs
[2025-02-06T18:46:30.365+0000] {logging_mixin.py:190} INFO - [2025-02-06T18:46:30.365+0000] {dag.py:4180} INFO - Setting next_dagrun for example_setup_teardown_taskflow to None, run_after=None
[2025-02-06T18:46:30.387+0000] {processor.py:208} INFO - Processing /home/airflow/.local/lib/python3.12/site-packages/airflow/example_dags/example_setup_teardown_taskflow.py took 0.106 seconds
[2025-02-06T18:47:00.820+0000] {processor.py:186} INFO - Started process (PID=3510) to work on /home/airflow/.local/lib/python3.12/site-packages/airflow/example_dags/example_setup_teardown_taskflow.py
[2025-02-06T18:47:00.822+0000] {processor.py:914} INFO - Processing file /home/airflow/.local/lib/python3.12/site-packages/airflow/example_dags/example_setup_teardown_taskflow.py for tasks to queue
[2025-02-06T18:47:00.826+0000] {logging_mixin.py:190} INFO - [2025-02-06T18:47:00.826+0000] {dagbag.py:588} INFO - Filling up the DagBag from /home/airflow/.local/lib/python3.12/site-packages/airflow/example_dags/example_setup_teardown_taskflow.py
[2025-02-06T18:47:00.844+0000] {processor.py:925} INFO - DAG(s) 'example_setup_teardown_taskflow' retrieved from /home/airflow/.local/lib/python3.12/site-packages/airflow/example_dags/example_setup_teardown_taskflow.py
[2025-02-06T18:47:00.873+0000] {logging_mixin.py:190} INFO - [2025-02-06T18:47:00.873+0000] {dag.py:3239} INFO - Sync 1 DAGs
[2025-02-06T18:47:00.896+0000] {logging_mixin.py:190} INFO - [2025-02-06T18:47:00.895+0000] {dag.py:4180} INFO - Setting next_dagrun for example_setup_teardown_taskflow to None, run_after=None
[2025-02-06T18:47:00.926+0000] {processor.py:208} INFO - Processing /home/airflow/.local/lib/python3.12/site-packages/airflow/example_dags/example_setup_teardown_taskflow.py took 0.120 seconds
[2025-02-06T18:47:31.293+0000] {processor.py:186} INFO - Started process (PID=3567) to work on /home/airflow/.local/lib/python3.12/site-packages/airflow/example_dags/example_setup_teardown_taskflow.py
[2025-02-06T18:47:31.296+0000] {processor.py:914} INFO - Processing file /home/airflow/.local/lib/python3.12/site-packages/airflow/example_dags/example_setup_teardown_taskflow.py for tasks to queue
[2025-02-06T18:47:31.303+0000] {logging_mixin.py:190} INFO - [2025-02-06T18:47:31.302+0000] {dagbag.py:588} INFO - Filling up the DagBag from /home/airflow/.local/lib/python3.12/site-packages/airflow/example_dags/example_setup_teardown_taskflow.py
[2025-02-06T18:47:31.333+0000] {processor.py:925} INFO - DAG(s) 'example_setup_teardown_taskflow' retrieved from /home/airflow/.local/lib/python3.12/site-packages/airflow/example_dags/example_setup_teardown_taskflow.py
[2025-02-06T18:47:31.389+0000] {logging_mixin.py:190} INFO - [2025-02-06T18:47:31.388+0000] {dag.py:3239} INFO - Sync 1 DAGs
[2025-02-06T18:47:31.429+0000] {logging_mixin.py:190} INFO - [2025-02-06T18:47:31.429+0000] {dag.py:4180} INFO - Setting next_dagrun for example_setup_teardown_taskflow to None, run_after=None
[2025-02-06T18:47:31.477+0000] {processor.py:208} INFO - Processing /home/airflow/.local/lib/python3.12/site-packages/airflow/example_dags/example_setup_teardown_taskflow.py took 0.198 seconds
[2025-02-06T18:48:01.952+0000] {processor.py:186} INFO - Started process (PID=3624) to work on /home/airflow/.local/lib/python3.12/site-packages/airflow/example_dags/example_setup_teardown_taskflow.py
[2025-02-06T18:48:01.955+0000] {processor.py:914} INFO - Processing file /home/airflow/.local/lib/python3.12/site-packages/airflow/example_dags/example_setup_teardown_taskflow.py for tasks to queue
[2025-02-06T18:48:01.961+0000] {logging_mixin.py:190} INFO - [2025-02-06T18:48:01.960+0000] {dagbag.py:588} INFO - Filling up the DagBag from /home/airflow/.local/lib/python3.12/site-packages/airflow/example_dags/example_setup_teardown_taskflow.py
[2025-02-06T18:48:01.978+0000] {processor.py:925} INFO - DAG(s) 'example_setup_teardown_taskflow' retrieved from /home/airflow/.local/lib/python3.12/site-packages/airflow/example_dags/example_setup_teardown_taskflow.py
[2025-02-06T18:48:02.011+0000] {logging_mixin.py:190} INFO - [2025-02-06T18:48:02.011+0000] {dag.py:3239} INFO - Sync 1 DAGs
[2025-02-06T18:48:02.031+0000] {logging_mixin.py:190} INFO - [2025-02-06T18:48:02.031+0000] {dag.py:4180} INFO - Setting next_dagrun for example_setup_teardown_taskflow to None, run_after=None
[2025-02-06T18:48:02.057+0000] {processor.py:208} INFO - Processing /home/airflow/.local/lib/python3.12/site-packages/airflow/example_dags/example_setup_teardown_taskflow.py took 0.115 seconds
[2025-02-06T18:48:32.243+0000] {processor.py:186} INFO - Started process (PID=3681) to work on /home/airflow/.local/lib/python3.12/site-packages/airflow/example_dags/example_setup_teardown_taskflow.py
[2025-02-06T18:48:32.245+0000] {processor.py:914} INFO - Processing file /home/airflow/.local/lib/python3.12/site-packages/airflow/example_dags/example_setup_teardown_taskflow.py for tasks to queue
[2025-02-06T18:48:32.249+0000] {logging_mixin.py:190} INFO - [2025-02-06T18:48:32.248+0000] {dagbag.py:588} INFO - Filling up the DagBag from /home/airflow/.local/lib/python3.12/site-packages/airflow/example_dags/example_setup_teardown_taskflow.py
[2025-02-06T18:48:32.269+0000] {processor.py:925} INFO - DAG(s) 'example_setup_teardown_taskflow' retrieved from /home/airflow/.local/lib/python3.12/site-packages/airflow/example_dags/example_setup_teardown_taskflow.py
[2025-02-06T18:48:32.302+0000] {logging_mixin.py:190} INFO - [2025-02-06T18:48:32.302+0000] {dag.py:3239} INFO - Sync 1 DAGs
[2025-02-06T18:48:32.322+0000] {logging_mixin.py:190} INFO - [2025-02-06T18:48:32.322+0000] {dag.py:4180} INFO - Setting next_dagrun for example_setup_teardown_taskflow to None, run_after=None
[2025-02-06T18:48:32.352+0000] {processor.py:208} INFO - Processing /home/airflow/.local/lib/python3.12/site-packages/airflow/example_dags/example_setup_teardown_taskflow.py took 0.120 seconds
[2025-02-06T18:49:02.474+0000] {processor.py:186} INFO - Started process (PID=3738) to work on /home/airflow/.local/lib/python3.12/site-packages/airflow/example_dags/example_setup_teardown_taskflow.py
[2025-02-06T18:49:02.475+0000] {processor.py:914} INFO - Processing file /home/airflow/.local/lib/python3.12/site-packages/airflow/example_dags/example_setup_teardown_taskflow.py for tasks to queue
[2025-02-06T18:49:02.480+0000] {logging_mixin.py:190} INFO - [2025-02-06T18:49:02.479+0000] {dagbag.py:588} INFO - Filling up the DagBag from /home/airflow/.local/lib/python3.12/site-packages/airflow/example_dags/example_setup_teardown_taskflow.py
[2025-02-06T18:49:02.494+0000] {processor.py:925} INFO - DAG(s) 'example_setup_teardown_taskflow' retrieved from /home/airflow/.local/lib/python3.12/site-packages/airflow/example_dags/example_setup_teardown_taskflow.py
[2025-02-06T18:49:02.527+0000] {logging_mixin.py:190} INFO - [2025-02-06T18:49:02.526+0000] {dag.py:3239} INFO - Sync 1 DAGs
[2025-02-06T18:49:02.551+0000] {logging_mixin.py:190} INFO - [2025-02-06T18:49:02.550+0000] {dag.py:4180} INFO - Setting next_dagrun for example_setup_teardown_taskflow to None, run_after=None
[2025-02-06T18:49:02.580+0000] {processor.py:208} INFO - Processing /home/airflow/.local/lib/python3.12/site-packages/airflow/example_dags/example_setup_teardown_taskflow.py took 0.115 seconds
[2025-02-06T18:49:33.313+0000] {processor.py:186} INFO - Started process (PID=3795) to work on /home/airflow/.local/lib/python3.12/site-packages/airflow/example_dags/example_setup_teardown_taskflow.py
[2025-02-06T18:49:33.315+0000] {processor.py:914} INFO - Processing file /home/airflow/.local/lib/python3.12/site-packages/airflow/example_dags/example_setup_teardown_taskflow.py for tasks to queue
[2025-02-06T18:49:33.321+0000] {logging_mixin.py:190} INFO - [2025-02-06T18:49:33.319+0000] {dagbag.py:588} INFO - Filling up the DagBag from /home/airflow/.local/lib/python3.12/site-packages/airflow/example_dags/example_setup_teardown_taskflow.py
[2025-02-06T18:49:33.348+0000] {processor.py:925} INFO - DAG(s) 'example_setup_teardown_taskflow' retrieved from /home/airflow/.local/lib/python3.12/site-packages/airflow/example_dags/example_setup_teardown_taskflow.py
[2025-02-06T18:49:33.410+0000] {logging_mixin.py:190} INFO - [2025-02-06T18:49:33.409+0000] {dag.py:3239} INFO - Sync 1 DAGs
[2025-02-06T18:49:33.441+0000] {logging_mixin.py:190} INFO - [2025-02-06T18:49:33.441+0000] {dag.py:4180} INFO - Setting next_dagrun for example_setup_teardown_taskflow to None, run_after=None
[2025-02-06T18:49:33.483+0000] {processor.py:208} INFO - Processing /home/airflow/.local/lib/python3.12/site-packages/airflow/example_dags/example_setup_teardown_taskflow.py took 0.183 seconds
[2025-02-06T18:50:04.062+0000] {processor.py:186} INFO - Started process (PID=3852) to work on /home/airflow/.local/lib/python3.12/site-packages/airflow/example_dags/example_setup_teardown_taskflow.py
[2025-02-06T18:50:04.064+0000] {processor.py:914} INFO - Processing file /home/airflow/.local/lib/python3.12/site-packages/airflow/example_dags/example_setup_teardown_taskflow.py for tasks to queue
[2025-02-06T18:50:04.067+0000] {logging_mixin.py:190} INFO - [2025-02-06T18:50:04.067+0000] {dagbag.py:588} INFO - Filling up the DagBag from /home/airflow/.local/lib/python3.12/site-packages/airflow/example_dags/example_setup_teardown_taskflow.py
[2025-02-06T18:50:04.086+0000] {processor.py:925} INFO - DAG(s) 'example_setup_teardown_taskflow' retrieved from /home/airflow/.local/lib/python3.12/site-packages/airflow/example_dags/example_setup_teardown_taskflow.py
[2025-02-06T18:50:04.119+0000] {logging_mixin.py:190} INFO - [2025-02-06T18:50:04.119+0000] {dag.py:3239} INFO - Sync 1 DAGs
[2025-02-06T18:50:04.142+0000] {logging_mixin.py:190} INFO - [2025-02-06T18:50:04.141+0000] {dag.py:4180} INFO - Setting next_dagrun for example_setup_teardown_taskflow to None, run_after=None
[2025-02-06T18:50:04.178+0000] {processor.py:208} INFO - Processing /home/airflow/.local/lib/python3.12/site-packages/airflow/example_dags/example_setup_teardown_taskflow.py took 0.127 seconds
[2025-02-06T18:50:34.915+0000] {processor.py:186} INFO - Started process (PID=3909) to work on /home/airflow/.local/lib/python3.12/site-packages/airflow/example_dags/example_setup_teardown_taskflow.py
[2025-02-06T18:50:34.917+0000] {processor.py:914} INFO - Processing file /home/airflow/.local/lib/python3.12/site-packages/airflow/example_dags/example_setup_teardown_taskflow.py for tasks to queue
[2025-02-06T18:50:34.921+0000] {logging_mixin.py:190} INFO - [2025-02-06T18:50:34.920+0000] {dagbag.py:588} INFO - Filling up the DagBag from /home/airflow/.local/lib/python3.12/site-packages/airflow/example_dags/example_setup_teardown_taskflow.py
[2025-02-06T18:50:34.940+0000] {processor.py:925} INFO - DAG(s) 'example_setup_teardown_taskflow' retrieved from /home/airflow/.local/lib/python3.12/site-packages/airflow/example_dags/example_setup_teardown_taskflow.py
[2025-02-06T18:50:34.976+0000] {logging_mixin.py:190} INFO - [2025-02-06T18:50:34.976+0000] {dag.py:3239} INFO - Sync 1 DAGs
[2025-02-06T18:50:34.997+0000] {logging_mixin.py:190} INFO - [2025-02-06T18:50:34.997+0000] {dag.py:4180} INFO - Setting next_dagrun for example_setup_teardown_taskflow to None, run_after=None
[2025-02-06T18:50:35.021+0000] {processor.py:208} INFO - Processing /home/airflow/.local/lib/python3.12/site-packages/airflow/example_dags/example_setup_teardown_taskflow.py took 0.114 seconds
[2025-02-06T18:51:05.223+0000] {processor.py:186} INFO - Started process (PID=3966) to work on /home/airflow/.local/lib/python3.12/site-packages/airflow/example_dags/example_setup_teardown_taskflow.py
[2025-02-06T18:51:05.226+0000] {processor.py:914} INFO - Processing file /home/airflow/.local/lib/python3.12/site-packages/airflow/example_dags/example_setup_teardown_taskflow.py for tasks to queue
[2025-02-06T18:51:05.231+0000] {logging_mixin.py:190} INFO - [2025-02-06T18:51:05.230+0000] {dagbag.py:588} INFO - Filling up the DagBag from /home/airflow/.local/lib/python3.12/site-packages/airflow/example_dags/example_setup_teardown_taskflow.py
[2025-02-06T18:51:05.253+0000] {processor.py:925} INFO - DAG(s) 'example_setup_teardown_taskflow' retrieved from /home/airflow/.local/lib/python3.12/site-packages/airflow/example_dags/example_setup_teardown_taskflow.py
[2025-02-06T18:51:05.287+0000] {logging_mixin.py:190} INFO - [2025-02-06T18:51:05.286+0000] {dag.py:3239} INFO - Sync 1 DAGs
[2025-02-06T18:51:05.308+0000] {logging_mixin.py:190} INFO - [2025-02-06T18:51:05.307+0000] {dag.py:4180} INFO - Setting next_dagrun for example_setup_teardown_taskflow to None, run_after=None
[2025-02-06T18:51:05.338+0000] {processor.py:208} INFO - Processing /home/airflow/.local/lib/python3.12/site-packages/airflow/example_dags/example_setup_teardown_taskflow.py took 0.127 seconds
[2025-02-06T18:51:36.643+0000] {processor.py:186} INFO - Started process (PID=4023) to work on /home/airflow/.local/lib/python3.12/site-packages/airflow/example_dags/example_setup_teardown_taskflow.py
[2025-02-06T18:51:36.644+0000] {processor.py:914} INFO - Processing file /home/airflow/.local/lib/python3.12/site-packages/airflow/example_dags/example_setup_teardown_taskflow.py for tasks to queue
[2025-02-06T18:51:36.649+0000] {logging_mixin.py:190} INFO - [2025-02-06T18:51:36.649+0000] {dagbag.py:588} INFO - Filling up the DagBag from /home/airflow/.local/lib/python3.12/site-packages/airflow/example_dags/example_setup_teardown_taskflow.py
[2025-02-06T18:51:36.675+0000] {processor.py:925} INFO - DAG(s) 'example_setup_teardown_taskflow' retrieved from /home/airflow/.local/lib/python3.12/site-packages/airflow/example_dags/example_setup_teardown_taskflow.py
[2025-02-06T18:51:36.710+0000] {logging_mixin.py:190} INFO - [2025-02-06T18:51:36.709+0000] {dag.py:3239} INFO - Sync 1 DAGs
[2025-02-06T18:51:36.739+0000] {logging_mixin.py:190} INFO - [2025-02-06T18:51:36.738+0000] {dag.py:4180} INFO - Setting next_dagrun for example_setup_teardown_taskflow to None, run_after=None
[2025-02-06T18:51:36.765+0000] {processor.py:208} INFO - Processing /home/airflow/.local/lib/python3.12/site-packages/airflow/example_dags/example_setup_teardown_taskflow.py took 0.134 seconds
[2025-02-06T18:52:07.858+0000] {processor.py:186} INFO - Started process (PID=4080) to work on /home/airflow/.local/lib/python3.12/site-packages/airflow/example_dags/example_setup_teardown_taskflow.py
[2025-02-06T18:52:07.862+0000] {processor.py:914} INFO - Processing file /home/airflow/.local/lib/python3.12/site-packages/airflow/example_dags/example_setup_teardown_taskflow.py for tasks to queue
[2025-02-06T18:52:07.866+0000] {logging_mixin.py:190} INFO - [2025-02-06T18:52:07.866+0000] {dagbag.py:588} INFO - Filling up the DagBag from /home/airflow/.local/lib/python3.12/site-packages/airflow/example_dags/example_setup_teardown_taskflow.py
[2025-02-06T18:52:07.887+0000] {processor.py:925} INFO - DAG(s) 'example_setup_teardown_taskflow' retrieved from /home/airflow/.local/lib/python3.12/site-packages/airflow/example_dags/example_setup_teardown_taskflow.py
[2025-02-06T18:52:07.925+0000] {logging_mixin.py:190} INFO - [2025-02-06T18:52:07.925+0000] {dag.py:3239} INFO - Sync 1 DAGs
[2025-02-06T18:52:07.946+0000] {logging_mixin.py:190} INFO - [2025-02-06T18:52:07.945+0000] {dag.py:4180} INFO - Setting next_dagrun for example_setup_teardown_taskflow to None, run_after=None
[2025-02-06T18:52:07.973+0000] {processor.py:208} INFO - Processing /home/airflow/.local/lib/python3.12/site-packages/airflow/example_dags/example_setup_teardown_taskflow.py took 0.126 seconds
[2025-02-06T18:52:38.898+0000] {processor.py:186} INFO - Started process (PID=4137) to work on /home/airflow/.local/lib/python3.12/site-packages/airflow/example_dags/example_setup_teardown_taskflow.py
[2025-02-06T18:52:38.900+0000] {processor.py:914} INFO - Processing file /home/airflow/.local/lib/python3.12/site-packages/airflow/example_dags/example_setup_teardown_taskflow.py for tasks to queue
[2025-02-06T18:52:38.905+0000] {logging_mixin.py:190} INFO - [2025-02-06T18:52:38.905+0000] {dagbag.py:588} INFO - Filling up the DagBag from /home/airflow/.local/lib/python3.12/site-packages/airflow/example_dags/example_setup_teardown_taskflow.py
[2025-02-06T18:52:38.931+0000] {processor.py:925} INFO - DAG(s) 'example_setup_teardown_taskflow' retrieved from /home/airflow/.local/lib/python3.12/site-packages/airflow/example_dags/example_setup_teardown_taskflow.py
[2025-02-06T18:52:38.971+0000] {logging_mixin.py:190} INFO - [2025-02-06T18:52:38.970+0000] {dag.py:3239} INFO - Sync 1 DAGs
[2025-02-06T18:52:38.996+0000] {logging_mixin.py:190} INFO - [2025-02-06T18:52:38.995+0000] {dag.py:4180} INFO - Setting next_dagrun for example_setup_teardown_taskflow to None, run_after=None
[2025-02-06T18:52:39.024+0000] {processor.py:208} INFO - Processing /home/airflow/.local/lib/python3.12/site-packages/airflow/example_dags/example_setup_teardown_taskflow.py took 0.142 seconds
[2025-02-06T18:53:10.150+0000] {processor.py:186} INFO - Started process (PID=4194) to work on /home/airflow/.local/lib/python3.12/site-packages/airflow/example_dags/example_setup_teardown_taskflow.py
[2025-02-06T18:53:10.152+0000] {processor.py:914} INFO - Processing file /home/airflow/.local/lib/python3.12/site-packages/airflow/example_dags/example_setup_teardown_taskflow.py for tasks to queue
[2025-02-06T18:53:10.157+0000] {logging_mixin.py:190} INFO - [2025-02-06T18:53:10.156+0000] {dagbag.py:588} INFO - Filling up the DagBag from /home/airflow/.local/lib/python3.12/site-packages/airflow/example_dags/example_setup_teardown_taskflow.py
[2025-02-06T18:53:10.175+0000] {processor.py:925} INFO - DAG(s) 'example_setup_teardown_taskflow' retrieved from /home/airflow/.local/lib/python3.12/site-packages/airflow/example_dags/example_setup_teardown_taskflow.py
[2025-02-06T18:53:10.217+0000] {logging_mixin.py:190} INFO - [2025-02-06T18:53:10.216+0000] {dag.py:3239} INFO - Sync 1 DAGs
[2025-02-06T18:53:10.254+0000] {logging_mixin.py:190} INFO - [2025-02-06T18:53:10.254+0000] {dag.py:4180} INFO - Setting next_dagrun for example_setup_teardown_taskflow to None, run_after=None
[2025-02-06T18:53:10.281+0000] {processor.py:208} INFO - Processing /home/airflow/.local/lib/python3.12/site-packages/airflow/example_dags/example_setup_teardown_taskflow.py took 0.141 seconds
[2025-02-06T18:53:41.285+0000] {processor.py:186} INFO - Started process (PID=4251) to work on /home/airflow/.local/lib/python3.12/site-packages/airflow/example_dags/example_setup_teardown_taskflow.py
[2025-02-06T18:53:41.286+0000] {processor.py:914} INFO - Processing file /home/airflow/.local/lib/python3.12/site-packages/airflow/example_dags/example_setup_teardown_taskflow.py for tasks to queue
[2025-02-06T18:53:41.291+0000] {logging_mixin.py:190} INFO - [2025-02-06T18:53:41.290+0000] {dagbag.py:588} INFO - Filling up the DagBag from /home/airflow/.local/lib/python3.12/site-packages/airflow/example_dags/example_setup_teardown_taskflow.py
[2025-02-06T18:53:41.308+0000] {processor.py:925} INFO - DAG(s) 'example_setup_teardown_taskflow' retrieved from /home/airflow/.local/lib/python3.12/site-packages/airflow/example_dags/example_setup_teardown_taskflow.py
[2025-02-06T18:53:41.349+0000] {logging_mixin.py:190} INFO - [2025-02-06T18:53:41.348+0000] {dag.py:3239} INFO - Sync 1 DAGs
[2025-02-06T18:53:41.372+0000] {logging_mixin.py:190} INFO - [2025-02-06T18:53:41.372+0000] {dag.py:4180} INFO - Setting next_dagrun for example_setup_teardown_taskflow to None, run_after=None
[2025-02-06T18:53:41.403+0000] {processor.py:208} INFO - Processing /home/airflow/.local/lib/python3.12/site-packages/airflow/example_dags/example_setup_teardown_taskflow.py took 0.129 seconds
[2025-02-06T18:54:13.026+0000] {processor.py:186} INFO - Started process (PID=4308) to work on /home/airflow/.local/lib/python3.12/site-packages/airflow/example_dags/example_setup_teardown_taskflow.py
[2025-02-06T18:54:13.028+0000] {processor.py:914} INFO - Processing file /home/airflow/.local/lib/python3.12/site-packages/airflow/example_dags/example_setup_teardown_taskflow.py for tasks to queue
[2025-02-06T18:54:13.033+0000] {logging_mixin.py:190} INFO - [2025-02-06T18:54:13.032+0000] {dagbag.py:588} INFO - Filling up the DagBag from /home/airflow/.local/lib/python3.12/site-packages/airflow/example_dags/example_setup_teardown_taskflow.py
[2025-02-06T18:54:13.055+0000] {processor.py:925} INFO - DAG(s) 'example_setup_teardown_taskflow' retrieved from /home/airflow/.local/lib/python3.12/site-packages/airflow/example_dags/example_setup_teardown_taskflow.py
[2025-02-06T18:54:13.090+0000] {logging_mixin.py:190} INFO - [2025-02-06T18:54:13.090+0000] {dag.py:3239} INFO - Sync 1 DAGs
[2025-02-06T18:54:13.111+0000] {logging_mixin.py:190} INFO - [2025-02-06T18:54:13.111+0000] {dag.py:4180} INFO - Setting next_dagrun for example_setup_teardown_taskflow to None, run_after=None
[2025-02-06T18:54:13.140+0000] {processor.py:208} INFO - Processing /home/airflow/.local/lib/python3.12/site-packages/airflow/example_dags/example_setup_teardown_taskflow.py took 0.124 seconds
[2025-02-06T18:54:44.450+0000] {processor.py:186} INFO - Started process (PID=4365) to work on /home/airflow/.local/lib/python3.12/site-packages/airflow/example_dags/example_setup_teardown_taskflow.py
[2025-02-06T18:54:44.452+0000] {processor.py:914} INFO - Processing file /home/airflow/.local/lib/python3.12/site-packages/airflow/example_dags/example_setup_teardown_taskflow.py for tasks to queue
[2025-02-06T18:54:44.456+0000] {logging_mixin.py:190} INFO - [2025-02-06T18:54:44.455+0000] {dagbag.py:588} INFO - Filling up the DagBag from /home/airflow/.local/lib/python3.12/site-packages/airflow/example_dags/example_setup_teardown_taskflow.py
[2025-02-06T18:54:44.476+0000] {processor.py:925} INFO - DAG(s) 'example_setup_teardown_taskflow' retrieved from /home/airflow/.local/lib/python3.12/site-packages/airflow/example_dags/example_setup_teardown_taskflow.py
[2025-02-06T18:54:44.510+0000] {logging_mixin.py:190} INFO - [2025-02-06T18:54:44.509+0000] {dag.py:3239} INFO - Sync 1 DAGs
[2025-02-06T18:54:44.531+0000] {logging_mixin.py:190} INFO - [2025-02-06T18:54:44.531+0000] {dag.py:4180} INFO - Setting next_dagrun for example_setup_teardown_taskflow to None, run_after=None
[2025-02-06T18:54:44.559+0000] {processor.py:208} INFO - Processing /home/airflow/.local/lib/python3.12/site-packages/airflow/example_dags/example_setup_teardown_taskflow.py took 0.119 seconds
[2025-02-06T18:55:16.104+0000] {processor.py:186} INFO - Started process (PID=4422) to work on /home/airflow/.local/lib/python3.12/site-packages/airflow/example_dags/example_setup_teardown_taskflow.py
[2025-02-06T18:55:16.105+0000] {processor.py:914} INFO - Processing file /home/airflow/.local/lib/python3.12/site-packages/airflow/example_dags/example_setup_teardown_taskflow.py for tasks to queue
[2025-02-06T18:55:16.110+0000] {logging_mixin.py:190} INFO - [2025-02-06T18:55:16.109+0000] {dagbag.py:588} INFO - Filling up the DagBag from /home/airflow/.local/lib/python3.12/site-packages/airflow/example_dags/example_setup_teardown_taskflow.py
[2025-02-06T18:55:16.128+0000] {processor.py:925} INFO - DAG(s) 'example_setup_teardown_taskflow' retrieved from /home/airflow/.local/lib/python3.12/site-packages/airflow/example_dags/example_setup_teardown_taskflow.py
[2025-02-06T18:55:16.171+0000] {logging_mixin.py:190} INFO - [2025-02-06T18:55:16.171+0000] {dag.py:3239} INFO - Sync 1 DAGs
[2025-02-06T18:55:16.199+0000] {logging_mixin.py:190} INFO - [2025-02-06T18:55:16.199+0000] {dag.py:4180} INFO - Setting next_dagrun for example_setup_teardown_taskflow to None, run_after=None
[2025-02-06T18:55:16.229+0000] {processor.py:208} INFO - Processing /home/airflow/.local/lib/python3.12/site-packages/airflow/example_dags/example_setup_teardown_taskflow.py took 0.135 seconds
[2025-02-06T18:55:46.958+0000] {processor.py:186} INFO - Started process (PID=4479) to work on /home/airflow/.local/lib/python3.12/site-packages/airflow/example_dags/example_setup_teardown_taskflow.py
[2025-02-06T18:55:46.960+0000] {processor.py:914} INFO - Processing file /home/airflow/.local/lib/python3.12/site-packages/airflow/example_dags/example_setup_teardown_taskflow.py for tasks to queue
[2025-02-06T18:55:46.966+0000] {logging_mixin.py:190} INFO - [2025-02-06T18:55:46.965+0000] {dagbag.py:588} INFO - Filling up the DagBag from /home/airflow/.local/lib/python3.12/site-packages/airflow/example_dags/example_setup_teardown_taskflow.py
[2025-02-06T18:55:46.993+0000] {processor.py:925} INFO - DAG(s) 'example_setup_teardown_taskflow' retrieved from /home/airflow/.local/lib/python3.12/site-packages/airflow/example_dags/example_setup_teardown_taskflow.py
[2025-02-06T18:55:47.038+0000] {logging_mixin.py:190} INFO - [2025-02-06T18:55:47.038+0000] {dag.py:3239} INFO - Sync 1 DAGs
[2025-02-06T18:55:47.064+0000] {logging_mixin.py:190} INFO - [2025-02-06T18:55:47.064+0000] {dag.py:4180} INFO - Setting next_dagrun for example_setup_teardown_taskflow to None, run_after=None
[2025-02-06T18:55:47.095+0000] {processor.py:208} INFO - Processing /home/airflow/.local/lib/python3.12/site-packages/airflow/example_dags/example_setup_teardown_taskflow.py took 0.146 seconds
[2025-02-06T18:56:18.436+0000] {processor.py:186} INFO - Started process (PID=4536) to work on /home/airflow/.local/lib/python3.12/site-packages/airflow/example_dags/example_setup_teardown_taskflow.py
[2025-02-06T18:56:18.438+0000] {processor.py:914} INFO - Processing file /home/airflow/.local/lib/python3.12/site-packages/airflow/example_dags/example_setup_teardown_taskflow.py for tasks to queue
[2025-02-06T18:56:18.453+0000] {logging_mixin.py:190} INFO - [2025-02-06T18:56:18.452+0000] {dagbag.py:588} INFO - Filling up the DagBag from /home/airflow/.local/lib/python3.12/site-packages/airflow/example_dags/example_setup_teardown_taskflow.py
[2025-02-06T18:56:18.489+0000] {processor.py:925} INFO - DAG(s) 'example_setup_teardown_taskflow' retrieved from /home/airflow/.local/lib/python3.12/site-packages/airflow/example_dags/example_setup_teardown_taskflow.py
[2025-02-06T18:56:18.556+0000] {logging_mixin.py:190} INFO - [2025-02-06T18:56:18.555+0000] {dag.py:3239} INFO - Sync 1 DAGs
[2025-02-06T18:56:18.582+0000] {logging_mixin.py:190} INFO - [2025-02-06T18:56:18.582+0000] {dag.py:4180} INFO - Setting next_dagrun for example_setup_teardown_taskflow to None, run_after=None
[2025-02-06T18:56:18.608+0000] {processor.py:208} INFO - Processing /home/airflow/.local/lib/python3.12/site-packages/airflow/example_dags/example_setup_teardown_taskflow.py took 0.191 seconds
[2025-02-06T18:56:50.924+0000] {processor.py:186} INFO - Started process (PID=4595) to work on /home/airflow/.local/lib/python3.12/site-packages/airflow/example_dags/example_setup_teardown_taskflow.py
[2025-02-06T18:56:50.926+0000] {processor.py:914} INFO - Processing file /home/airflow/.local/lib/python3.12/site-packages/airflow/example_dags/example_setup_teardown_taskflow.py for tasks to queue
[2025-02-06T18:56:50.931+0000] {logging_mixin.py:190} INFO - [2025-02-06T18:56:50.930+0000] {dagbag.py:588} INFO - Filling up the DagBag from /home/airflow/.local/lib/python3.12/site-packages/airflow/example_dags/example_setup_teardown_taskflow.py
[2025-02-06T18:56:50.956+0000] {processor.py:925} INFO - DAG(s) 'example_setup_teardown_taskflow' retrieved from /home/airflow/.local/lib/python3.12/site-packages/airflow/example_dags/example_setup_teardown_taskflow.py
[2025-02-06T18:56:50.997+0000] {logging_mixin.py:190} INFO - [2025-02-06T18:56:50.996+0000] {dag.py:3239} INFO - Sync 1 DAGs
[2025-02-06T18:56:51.025+0000] {logging_mixin.py:190} INFO - [2025-02-06T18:56:51.025+0000] {dag.py:4180} INFO - Setting next_dagrun for example_setup_teardown_taskflow to None, run_after=None
[2025-02-06T18:56:51.059+0000] {processor.py:208} INFO - Processing /home/airflow/.local/lib/python3.12/site-packages/airflow/example_dags/example_setup_teardown_taskflow.py took 0.146 seconds
[2025-02-06T18:57:23.639+0000] {processor.py:186} INFO - Started process (PID=4655) to work on /home/airflow/.local/lib/python3.12/site-packages/airflow/example_dags/example_setup_teardown_taskflow.py
[2025-02-06T18:57:23.645+0000] {processor.py:914} INFO - Processing file /home/airflow/.local/lib/python3.12/site-packages/airflow/example_dags/example_setup_teardown_taskflow.py for tasks to queue
[2025-02-06T18:57:23.659+0000] {logging_mixin.py:190} INFO - [2025-02-06T18:57:23.658+0000] {dagbag.py:588} INFO - Filling up the DagBag from /home/airflow/.local/lib/python3.12/site-packages/airflow/example_dags/example_setup_teardown_taskflow.py
[2025-02-06T18:57:23.693+0000] {processor.py:925} INFO - DAG(s) 'example_setup_teardown_taskflow' retrieved from /home/airflow/.local/lib/python3.12/site-packages/airflow/example_dags/example_setup_teardown_taskflow.py
[2025-02-06T18:57:23.743+0000] {logging_mixin.py:190} INFO - [2025-02-06T18:57:23.743+0000] {dag.py:3239} INFO - Sync 1 DAGs
[2025-02-06T18:57:23.774+0000] {logging_mixin.py:190} INFO - [2025-02-06T18:57:23.773+0000] {dag.py:4180} INFO - Setting next_dagrun for example_setup_teardown_taskflow to None, run_after=None
[2025-02-06T18:57:23.808+0000] {processor.py:208} INFO - Processing /home/airflow/.local/lib/python3.12/site-packages/airflow/example_dags/example_setup_teardown_taskflow.py took 0.193 seconds
[2025-02-06T18:57:55.687+0000] {processor.py:186} INFO - Started process (PID=4712) to work on /home/airflow/.local/lib/python3.12/site-packages/airflow/example_dags/example_setup_teardown_taskflow.py
[2025-02-06T18:57:55.689+0000] {processor.py:914} INFO - Processing file /home/airflow/.local/lib/python3.12/site-packages/airflow/example_dags/example_setup_teardown_taskflow.py for tasks to queue
[2025-02-06T18:57:55.700+0000] {logging_mixin.py:190} INFO - [2025-02-06T18:57:55.698+0000] {dagbag.py:588} INFO - Filling up the DagBag from /home/airflow/.local/lib/python3.12/site-packages/airflow/example_dags/example_setup_teardown_taskflow.py
[2025-02-06T18:57:55.732+0000] {processor.py:925} INFO - DAG(s) 'example_setup_teardown_taskflow' retrieved from /home/airflow/.local/lib/python3.12/site-packages/airflow/example_dags/example_setup_teardown_taskflow.py
[2025-02-06T18:57:55.784+0000] {logging_mixin.py:190} INFO - [2025-02-06T18:57:55.784+0000] {dag.py:3239} INFO - Sync 1 DAGs
[2025-02-06T18:57:55.821+0000] {logging_mixin.py:190} INFO - [2025-02-06T18:57:55.821+0000] {dag.py:4180} INFO - Setting next_dagrun for example_setup_teardown_taskflow to None, run_after=None
[2025-02-06T18:57:55.851+0000] {processor.py:208} INFO - Processing /home/airflow/.local/lib/python3.12/site-packages/airflow/example_dags/example_setup_teardown_taskflow.py took 0.178 seconds
[2025-02-06T18:58:27.857+0000] {processor.py:186} INFO - Started process (PID=4772) to work on /home/airflow/.local/lib/python3.12/site-packages/airflow/example_dags/example_setup_teardown_taskflow.py
[2025-02-06T18:58:27.859+0000] {processor.py:914} INFO - Processing file /home/airflow/.local/lib/python3.12/site-packages/airflow/example_dags/example_setup_teardown_taskflow.py for tasks to queue
[2025-02-06T18:58:27.863+0000] {logging_mixin.py:190} INFO - [2025-02-06T18:58:27.862+0000] {dagbag.py:588} INFO - Filling up the DagBag from /home/airflow/.local/lib/python3.12/site-packages/airflow/example_dags/example_setup_teardown_taskflow.py
[2025-02-06T18:58:27.890+0000] {processor.py:925} INFO - DAG(s) 'example_setup_teardown_taskflow' retrieved from /home/airflow/.local/lib/python3.12/site-packages/airflow/example_dags/example_setup_teardown_taskflow.py
[2025-02-06T18:58:27.933+0000] {logging_mixin.py:190} INFO - [2025-02-06T18:58:27.933+0000] {dag.py:3239} INFO - Sync 1 DAGs
[2025-02-06T18:58:27.962+0000] {logging_mixin.py:190} INFO - [2025-02-06T18:58:27.962+0000] {dag.py:4180} INFO - Setting next_dagrun for example_setup_teardown_taskflow to None, run_after=None
[2025-02-06T18:58:28.000+0000] {processor.py:208} INFO - Processing /home/airflow/.local/lib/python3.12/site-packages/airflow/example_dags/example_setup_teardown_taskflow.py took 0.160 seconds
[2025-02-06T18:58:59.572+0000] {processor.py:186} INFO - Started process (PID=4829) to work on /home/airflow/.local/lib/python3.12/site-packages/airflow/example_dags/example_setup_teardown_taskflow.py
[2025-02-06T18:58:59.574+0000] {processor.py:914} INFO - Processing file /home/airflow/.local/lib/python3.12/site-packages/airflow/example_dags/example_setup_teardown_taskflow.py for tasks to queue
[2025-02-06T18:58:59.578+0000] {logging_mixin.py:190} INFO - [2025-02-06T18:58:59.578+0000] {dagbag.py:588} INFO - Filling up the DagBag from /home/airflow/.local/lib/python3.12/site-packages/airflow/example_dags/example_setup_teardown_taskflow.py
[2025-02-06T18:58:59.605+0000] {processor.py:925} INFO - DAG(s) 'example_setup_teardown_taskflow' retrieved from /home/airflow/.local/lib/python3.12/site-packages/airflow/example_dags/example_setup_teardown_taskflow.py
[2025-02-06T18:58:59.649+0000] {logging_mixin.py:190} INFO - [2025-02-06T18:58:59.649+0000] {dag.py:3239} INFO - Sync 1 DAGs
[2025-02-06T18:58:59.678+0000] {logging_mixin.py:190} INFO - [2025-02-06T18:58:59.678+0000] {dag.py:4180} INFO - Setting next_dagrun for example_setup_teardown_taskflow to None, run_after=None
[2025-02-06T18:58:59.721+0000] {processor.py:208} INFO - Processing /home/airflow/.local/lib/python3.12/site-packages/airflow/example_dags/example_setup_teardown_taskflow.py took 0.161 seconds
[2025-02-06T18:59:31.228+0000] {processor.py:186} INFO - Started process (PID=4889) to work on /home/airflow/.local/lib/python3.12/site-packages/airflow/example_dags/example_setup_teardown_taskflow.py
[2025-02-06T18:59:31.231+0000] {processor.py:914} INFO - Processing file /home/airflow/.local/lib/python3.12/site-packages/airflow/example_dags/example_setup_teardown_taskflow.py for tasks to queue
[2025-02-06T18:59:31.235+0000] {logging_mixin.py:190} INFO - [2025-02-06T18:59:31.234+0000] {dagbag.py:588} INFO - Filling up the DagBag from /home/airflow/.local/lib/python3.12/site-packages/airflow/example_dags/example_setup_teardown_taskflow.py
[2025-02-06T18:59:31.256+0000] {processor.py:925} INFO - DAG(s) 'example_setup_teardown_taskflow' retrieved from /home/airflow/.local/lib/python3.12/site-packages/airflow/example_dags/example_setup_teardown_taskflow.py
[2025-02-06T18:59:31.301+0000] {logging_mixin.py:190} INFO - [2025-02-06T18:59:31.300+0000] {dag.py:3239} INFO - Sync 1 DAGs
[2025-02-06T18:59:31.333+0000] {logging_mixin.py:190} INFO - [2025-02-06T18:59:31.333+0000] {dag.py:4180} INFO - Setting next_dagrun for example_setup_teardown_taskflow to None, run_after=None
[2025-02-06T18:59:31.374+0000] {processor.py:208} INFO - Processing /home/airflow/.local/lib/python3.12/site-packages/airflow/example_dags/example_setup_teardown_taskflow.py took 0.158 seconds
[2025-02-06T19:00:01.540+0000] {processor.py:186} INFO - Started process (PID=4946) to work on /home/airflow/.local/lib/python3.12/site-packages/airflow/example_dags/example_setup_teardown_taskflow.py
[2025-02-06T19:00:01.542+0000] {processor.py:914} INFO - Processing file /home/airflow/.local/lib/python3.12/site-packages/airflow/example_dags/example_setup_teardown_taskflow.py for tasks to queue
[2025-02-06T19:00:01.545+0000] {logging_mixin.py:190} INFO - [2025-02-06T19:00:01.545+0000] {dagbag.py:588} INFO - Filling up the DagBag from /home/airflow/.local/lib/python3.12/site-packages/airflow/example_dags/example_setup_teardown_taskflow.py
[2025-02-06T19:00:01.567+0000] {processor.py:925} INFO - DAG(s) 'example_setup_teardown_taskflow' retrieved from /home/airflow/.local/lib/python3.12/site-packages/airflow/example_dags/example_setup_teardown_taskflow.py
[2025-02-06T19:00:01.597+0000] {logging_mixin.py:190} INFO - [2025-02-06T19:00:01.597+0000] {dag.py:3239} INFO - Sync 1 DAGs
[2025-02-06T19:00:01.616+0000] {logging_mixin.py:190} INFO - [2025-02-06T19:00:01.616+0000] {dag.py:4180} INFO - Setting next_dagrun for example_setup_teardown_taskflow to None, run_after=None
[2025-02-06T19:00:01.640+0000] {processor.py:208} INFO - Processing /home/airflow/.local/lib/python3.12/site-packages/airflow/example_dags/example_setup_teardown_taskflow.py took 0.113 seconds
[2025-02-06T19:00:32.950+0000] {processor.py:186} INFO - Started process (PID=5004) to work on /home/airflow/.local/lib/python3.12/site-packages/airflow/example_dags/example_setup_teardown_taskflow.py
[2025-02-06T19:00:32.952+0000] {processor.py:914} INFO - Processing file /home/airflow/.local/lib/python3.12/site-packages/airflow/example_dags/example_setup_teardown_taskflow.py for tasks to queue
[2025-02-06T19:00:32.959+0000] {logging_mixin.py:190} INFO - [2025-02-06T19:00:32.957+0000] {dagbag.py:588} INFO - Filling up the DagBag from /home/airflow/.local/lib/python3.12/site-packages/airflow/example_dags/example_setup_teardown_taskflow.py
[2025-02-06T19:00:32.992+0000] {processor.py:925} INFO - DAG(s) 'example_setup_teardown_taskflow' retrieved from /home/airflow/.local/lib/python3.12/site-packages/airflow/example_dags/example_setup_teardown_taskflow.py
[2025-02-06T19:00:33.060+0000] {logging_mixin.py:190} INFO - [2025-02-06T19:00:33.059+0000] {dag.py:3239} INFO - Sync 1 DAGs
[2025-02-06T19:00:33.108+0000] {logging_mixin.py:190} INFO - [2025-02-06T19:00:33.108+0000] {dag.py:4180} INFO - Setting next_dagrun for example_setup_teardown_taskflow to None, run_after=None
[2025-02-06T19:00:33.142+0000] {processor.py:208} INFO - Processing /home/airflow/.local/lib/python3.12/site-packages/airflow/example_dags/example_setup_teardown_taskflow.py took 0.213 seconds
[2025-02-06T19:01:04.719+0000] {processor.py:186} INFO - Started process (PID=5064) to work on /home/airflow/.local/lib/python3.12/site-packages/airflow/example_dags/example_setup_teardown_taskflow.py
[2025-02-06T19:01:04.721+0000] {processor.py:914} INFO - Processing file /home/airflow/.local/lib/python3.12/site-packages/airflow/example_dags/example_setup_teardown_taskflow.py for tasks to queue
[2025-02-06T19:01:04.726+0000] {logging_mixin.py:190} INFO - [2025-02-06T19:01:04.725+0000] {dagbag.py:588} INFO - Filling up the DagBag from /home/airflow/.local/lib/python3.12/site-packages/airflow/example_dags/example_setup_teardown_taskflow.py
[2025-02-06T19:01:04.754+0000] {processor.py:925} INFO - DAG(s) 'example_setup_teardown_taskflow' retrieved from /home/airflow/.local/lib/python3.12/site-packages/airflow/example_dags/example_setup_teardown_taskflow.py
[2025-02-06T19:01:04.803+0000] {logging_mixin.py:190} INFO - [2025-02-06T19:01:04.803+0000] {dag.py:3239} INFO - Sync 1 DAGs
[2025-02-06T19:01:04.846+0000] {logging_mixin.py:190} INFO - [2025-02-06T19:01:04.846+0000] {dag.py:4180} INFO - Setting next_dagrun for example_setup_teardown_taskflow to None, run_after=None
[2025-02-06T19:01:04.896+0000] {processor.py:208} INFO - Processing /home/airflow/.local/lib/python3.12/site-packages/airflow/example_dags/example_setup_teardown_taskflow.py took 0.192 seconds
[2025-02-06T19:01:35.143+0000] {processor.py:186} INFO - Started process (PID=5120) to work on /home/airflow/.local/lib/python3.12/site-packages/airflow/example_dags/example_setup_teardown_taskflow.py
[2025-02-06T19:01:35.145+0000] {processor.py:914} INFO - Processing file /home/airflow/.local/lib/python3.12/site-packages/airflow/example_dags/example_setup_teardown_taskflow.py for tasks to queue
[2025-02-06T19:01:35.152+0000] {logging_mixin.py:190} INFO - [2025-02-06T19:01:35.151+0000] {dagbag.py:588} INFO - Filling up the DagBag from /home/airflow/.local/lib/python3.12/site-packages/airflow/example_dags/example_setup_teardown_taskflow.py
[2025-02-06T19:01:35.182+0000] {processor.py:925} INFO - DAG(s) 'example_setup_teardown_taskflow' retrieved from /home/airflow/.local/lib/python3.12/site-packages/airflow/example_dags/example_setup_teardown_taskflow.py
[2025-02-06T19:01:35.241+0000] {logging_mixin.py:190} INFO - [2025-02-06T19:01:35.241+0000] {dag.py:3239} INFO - Sync 1 DAGs
[2025-02-06T19:01:35.277+0000] {logging_mixin.py:190} INFO - [2025-02-06T19:01:35.277+0000] {dag.py:4180} INFO - Setting next_dagrun for example_setup_teardown_taskflow to None, run_after=None
[2025-02-06T19:01:35.319+0000] {processor.py:208} INFO - Processing /home/airflow/.local/lib/python3.12/site-packages/airflow/example_dags/example_setup_teardown_taskflow.py took 0.189 seconds
[2025-02-06T19:02:05.408+0000] {processor.py:186} INFO - Started process (PID=5177) to work on /home/airflow/.local/lib/python3.12/site-packages/airflow/example_dags/example_setup_teardown_taskflow.py
[2025-02-06T19:02:05.410+0000] {processor.py:914} INFO - Processing file /home/airflow/.local/lib/python3.12/site-packages/airflow/example_dags/example_setup_teardown_taskflow.py for tasks to queue
[2025-02-06T19:02:05.412+0000] {logging_mixin.py:190} INFO - [2025-02-06T19:02:05.412+0000] {dagbag.py:588} INFO - Filling up the DagBag from /home/airflow/.local/lib/python3.12/site-packages/airflow/example_dags/example_setup_teardown_taskflow.py
[2025-02-06T19:02:05.427+0000] {processor.py:925} INFO - DAG(s) 'example_setup_teardown_taskflow' retrieved from /home/airflow/.local/lib/python3.12/site-packages/airflow/example_dags/example_setup_teardown_taskflow.py
[2025-02-06T19:02:05.462+0000] {logging_mixin.py:190} INFO - [2025-02-06T19:02:05.462+0000] {dag.py:3239} INFO - Sync 1 DAGs
[2025-02-06T19:02:05.488+0000] {logging_mixin.py:190} INFO - [2025-02-06T19:02:05.488+0000] {dag.py:4180} INFO - Setting next_dagrun for example_setup_teardown_taskflow to None, run_after=None
[2025-02-06T19:02:05.518+0000] {processor.py:208} INFO - Processing /home/airflow/.local/lib/python3.12/site-packages/airflow/example_dags/example_setup_teardown_taskflow.py took 0.118 seconds
[2025-02-06T19:02:35.734+0000] {processor.py:186} INFO - Started process (PID=5234) to work on /home/airflow/.local/lib/python3.12/site-packages/airflow/example_dags/example_setup_teardown_taskflow.py
[2025-02-06T19:02:35.736+0000] {processor.py:914} INFO - Processing file /home/airflow/.local/lib/python3.12/site-packages/airflow/example_dags/example_setup_teardown_taskflow.py for tasks to queue
[2025-02-06T19:02:35.741+0000] {logging_mixin.py:190} INFO - [2025-02-06T19:02:35.741+0000] {dagbag.py:588} INFO - Filling up the DagBag from /home/airflow/.local/lib/python3.12/site-packages/airflow/example_dags/example_setup_teardown_taskflow.py
[2025-02-06T19:02:35.758+0000] {processor.py:925} INFO - DAG(s) 'example_setup_teardown_taskflow' retrieved from /home/airflow/.local/lib/python3.12/site-packages/airflow/example_dags/example_setup_teardown_taskflow.py
[2025-02-06T19:02:35.787+0000] {logging_mixin.py:190} INFO - [2025-02-06T19:02:35.786+0000] {dag.py:3239} INFO - Sync 1 DAGs
[2025-02-06T19:02:35.805+0000] {logging_mixin.py:190} INFO - [2025-02-06T19:02:35.805+0000] {dag.py:4180} INFO - Setting next_dagrun for example_setup_teardown_taskflow to None, run_after=None
[2025-02-06T19:02:35.828+0000] {processor.py:208} INFO - Processing /home/airflow/.local/lib/python3.12/site-packages/airflow/example_dags/example_setup_teardown_taskflow.py took 0.112 seconds
[2025-02-06T19:03:06.387+0000] {processor.py:186} INFO - Started process (PID=5291) to work on /home/airflow/.local/lib/python3.12/site-packages/airflow/example_dags/example_setup_teardown_taskflow.py
[2025-02-06T19:03:06.388+0000] {processor.py:914} INFO - Processing file /home/airflow/.local/lib/python3.12/site-packages/airflow/example_dags/example_setup_teardown_taskflow.py for tasks to queue
[2025-02-06T19:03:06.392+0000] {logging_mixin.py:190} INFO - [2025-02-06T19:03:06.391+0000] {dagbag.py:588} INFO - Filling up the DagBag from /home/airflow/.local/lib/python3.12/site-packages/airflow/example_dags/example_setup_teardown_taskflow.py
[2025-02-06T19:03:06.411+0000] {processor.py:925} INFO - DAG(s) 'example_setup_teardown_taskflow' retrieved from /home/airflow/.local/lib/python3.12/site-packages/airflow/example_dags/example_setup_teardown_taskflow.py
[2025-02-06T19:03:06.442+0000] {logging_mixin.py:190} INFO - [2025-02-06T19:03:06.442+0000] {dag.py:3239} INFO - Sync 1 DAGs
[2025-02-06T19:03:06.471+0000] {logging_mixin.py:190} INFO - [2025-02-06T19:03:06.471+0000] {dag.py:4180} INFO - Setting next_dagrun for example_setup_teardown_taskflow to None, run_after=None
[2025-02-06T19:03:06.499+0000] {processor.py:208} INFO - Processing /home/airflow/.local/lib/python3.12/site-packages/airflow/example_dags/example_setup_teardown_taskflow.py took 0.122 seconds
[2025-02-06T19:03:38.415+0000] {processor.py:186} INFO - Started process (PID=5350) to work on /home/airflow/.local/lib/python3.12/site-packages/airflow/example_dags/example_setup_teardown_taskflow.py
[2025-02-06T19:03:38.417+0000] {processor.py:914} INFO - Processing file /home/airflow/.local/lib/python3.12/site-packages/airflow/example_dags/example_setup_teardown_taskflow.py for tasks to queue
[2025-02-06T19:03:38.422+0000] {logging_mixin.py:190} INFO - [2025-02-06T19:03:38.421+0000] {dagbag.py:588} INFO - Filling up the DagBag from /home/airflow/.local/lib/python3.12/site-packages/airflow/example_dags/example_setup_teardown_taskflow.py
[2025-02-06T19:03:38.439+0000] {processor.py:925} INFO - DAG(s) 'example_setup_teardown_taskflow' retrieved from /home/airflow/.local/lib/python3.12/site-packages/airflow/example_dags/example_setup_teardown_taskflow.py
[2025-02-06T19:03:38.474+0000] {logging_mixin.py:190} INFO - [2025-02-06T19:03:38.474+0000] {dag.py:3239} INFO - Sync 1 DAGs
[2025-02-06T19:03:38.499+0000] {logging_mixin.py:190} INFO - [2025-02-06T19:03:38.499+0000] {dag.py:4180} INFO - Setting next_dagrun for example_setup_teardown_taskflow to None, run_after=None
[2025-02-06T19:03:38.533+0000] {processor.py:208} INFO - Processing /home/airflow/.local/lib/python3.12/site-packages/airflow/example_dags/example_setup_teardown_taskflow.py took 0.132 seconds
[2025-02-06T19:04:08.639+0000] {processor.py:186} INFO - Started process (PID=5407) to work on /home/airflow/.local/lib/python3.12/site-packages/airflow/example_dags/example_setup_teardown_taskflow.py
[2025-02-06T19:04:08.641+0000] {processor.py:914} INFO - Processing file /home/airflow/.local/lib/python3.12/site-packages/airflow/example_dags/example_setup_teardown_taskflow.py for tasks to queue
[2025-02-06T19:04:08.645+0000] {logging_mixin.py:190} INFO - [2025-02-06T19:04:08.644+0000] {dagbag.py:588} INFO - Filling up the DagBag from /home/airflow/.local/lib/python3.12/site-packages/airflow/example_dags/example_setup_teardown_taskflow.py
[2025-02-06T19:04:08.662+0000] {processor.py:925} INFO - DAG(s) 'example_setup_teardown_taskflow' retrieved from /home/airflow/.local/lib/python3.12/site-packages/airflow/example_dags/example_setup_teardown_taskflow.py
[2025-02-06T19:04:08.694+0000] {logging_mixin.py:190} INFO - [2025-02-06T19:04:08.694+0000] {dag.py:3239} INFO - Sync 1 DAGs
[2025-02-06T19:04:08.717+0000] {logging_mixin.py:190} INFO - [2025-02-06T19:04:08.717+0000] {dag.py:4180} INFO - Setting next_dagrun for example_setup_teardown_taskflow to None, run_after=None
[2025-02-06T19:04:08.748+0000] {processor.py:208} INFO - Processing /home/airflow/.local/lib/python3.12/site-packages/airflow/example_dags/example_setup_teardown_taskflow.py took 0.119 seconds
[2025-02-06T19:04:39.399+0000] {processor.py:186} INFO - Started process (PID=5464) to work on /home/airflow/.local/lib/python3.12/site-packages/airflow/example_dags/example_setup_teardown_taskflow.py
[2025-02-06T19:04:39.400+0000] {processor.py:914} INFO - Processing file /home/airflow/.local/lib/python3.12/site-packages/airflow/example_dags/example_setup_teardown_taskflow.py for tasks to queue
[2025-02-06T19:04:39.404+0000] {logging_mixin.py:190} INFO - [2025-02-06T19:04:39.404+0000] {dagbag.py:588} INFO - Filling up the DagBag from /home/airflow/.local/lib/python3.12/site-packages/airflow/example_dags/example_setup_teardown_taskflow.py
[2025-02-06T19:04:39.422+0000] {processor.py:925} INFO - DAG(s) 'example_setup_teardown_taskflow' retrieved from /home/airflow/.local/lib/python3.12/site-packages/airflow/example_dags/example_setup_teardown_taskflow.py
[2025-02-06T19:04:39.460+0000] {logging_mixin.py:190} INFO - [2025-02-06T19:04:39.460+0000] {dag.py:3239} INFO - Sync 1 DAGs
[2025-02-06T19:04:39.486+0000] {logging_mixin.py:190} INFO - [2025-02-06T19:04:39.486+0000] {dag.py:4180} INFO - Setting next_dagrun for example_setup_teardown_taskflow to None, run_after=None
[2025-02-06T19:04:39.513+0000] {processor.py:208} INFO - Processing /home/airflow/.local/lib/python3.12/site-packages/airflow/example_dags/example_setup_teardown_taskflow.py took 0.124 seconds
[2025-02-06T19:05:09.801+0000] {processor.py:186} INFO - Started process (PID=5521) to work on /home/airflow/.local/lib/python3.12/site-packages/airflow/example_dags/example_setup_teardown_taskflow.py
[2025-02-06T19:05:09.803+0000] {processor.py:914} INFO - Processing file /home/airflow/.local/lib/python3.12/site-packages/airflow/example_dags/example_setup_teardown_taskflow.py for tasks to queue
[2025-02-06T19:05:09.808+0000] {logging_mixin.py:190} INFO - [2025-02-06T19:05:09.807+0000] {dagbag.py:588} INFO - Filling up the DagBag from /home/airflow/.local/lib/python3.12/site-packages/airflow/example_dags/example_setup_teardown_taskflow.py
[2025-02-06T19:05:09.826+0000] {processor.py:925} INFO - DAG(s) 'example_setup_teardown_taskflow' retrieved from /home/airflow/.local/lib/python3.12/site-packages/airflow/example_dags/example_setup_teardown_taskflow.py
[2025-02-06T19:05:09.867+0000] {logging_mixin.py:190} INFO - [2025-02-06T19:05:09.866+0000] {dag.py:3239} INFO - Sync 1 DAGs
[2025-02-06T19:05:09.901+0000] {logging_mixin.py:190} INFO - [2025-02-06T19:05:09.901+0000] {dag.py:4180} INFO - Setting next_dagrun for example_setup_teardown_taskflow to None, run_after=None
[2025-02-06T19:05:09.941+0000] {processor.py:208} INFO - Processing /home/airflow/.local/lib/python3.12/site-packages/airflow/example_dags/example_setup_teardown_taskflow.py took 0.149 seconds
[2025-02-06T19:05:41.464+0000] {processor.py:186} INFO - Started process (PID=5578) to work on /home/airflow/.local/lib/python3.12/site-packages/airflow/example_dags/example_setup_teardown_taskflow.py
[2025-02-06T19:05:41.466+0000] {processor.py:914} INFO - Processing file /home/airflow/.local/lib/python3.12/site-packages/airflow/example_dags/example_setup_teardown_taskflow.py for tasks to queue
[2025-02-06T19:05:41.469+0000] {logging_mixin.py:190} INFO - [2025-02-06T19:05:41.469+0000] {dagbag.py:588} INFO - Filling up the DagBag from /home/airflow/.local/lib/python3.12/site-packages/airflow/example_dags/example_setup_teardown_taskflow.py
[2025-02-06T19:05:41.484+0000] {processor.py:925} INFO - DAG(s) 'example_setup_teardown_taskflow' retrieved from /home/airflow/.local/lib/python3.12/site-packages/airflow/example_dags/example_setup_teardown_taskflow.py
[2025-02-06T19:05:41.538+0000] {logging_mixin.py:190} INFO - [2025-02-06T19:05:41.538+0000] {dag.py:3239} INFO - Sync 1 DAGs
[2025-02-06T19:05:41.590+0000] {logging_mixin.py:190} INFO - [2025-02-06T19:05:41.589+0000] {dag.py:4180} INFO - Setting next_dagrun for example_setup_teardown_taskflow to None, run_after=None
[2025-02-06T19:05:41.623+0000] {processor.py:208} INFO - Processing /home/airflow/.local/lib/python3.12/site-packages/airflow/example_dags/example_setup_teardown_taskflow.py took 0.170 seconds
[2025-02-06T19:06:12.778+0000] {processor.py:186} INFO - Started process (PID=5635) to work on /home/airflow/.local/lib/python3.12/site-packages/airflow/example_dags/example_setup_teardown_taskflow.py
[2025-02-06T19:06:12.780+0000] {processor.py:914} INFO - Processing file /home/airflow/.local/lib/python3.12/site-packages/airflow/example_dags/example_setup_teardown_taskflow.py for tasks to queue
[2025-02-06T19:06:12.786+0000] {logging_mixin.py:190} INFO - [2025-02-06T19:06:12.785+0000] {dagbag.py:588} INFO - Filling up the DagBag from /home/airflow/.local/lib/python3.12/site-packages/airflow/example_dags/example_setup_teardown_taskflow.py
[2025-02-06T19:06:12.823+0000] {processor.py:925} INFO - DAG(s) 'example_setup_teardown_taskflow' retrieved from /home/airflow/.local/lib/python3.12/site-packages/airflow/example_dags/example_setup_teardown_taskflow.py
[2025-02-06T19:06:12.873+0000] {logging_mixin.py:190} INFO - [2025-02-06T19:06:12.873+0000] {dag.py:3239} INFO - Sync 1 DAGs
[2025-02-06T19:06:12.899+0000] {logging_mixin.py:190} INFO - [2025-02-06T19:06:12.899+0000] {dag.py:4180} INFO - Setting next_dagrun for example_setup_teardown_taskflow to None, run_after=None
[2025-02-06T19:06:12.930+0000] {processor.py:208} INFO - Processing /home/airflow/.local/lib/python3.12/site-packages/airflow/example_dags/example_setup_teardown_taskflow.py took 0.168 seconds
[2025-02-06T19:06:44.066+0000] {processor.py:186} INFO - Started process (PID=5694) to work on /home/airflow/.local/lib/python3.12/site-packages/airflow/example_dags/example_setup_teardown_taskflow.py
[2025-02-06T19:06:44.067+0000] {processor.py:914} INFO - Processing file /home/airflow/.local/lib/python3.12/site-packages/airflow/example_dags/example_setup_teardown_taskflow.py for tasks to queue
[2025-02-06T19:06:44.071+0000] {logging_mixin.py:190} INFO - [2025-02-06T19:06:44.071+0000] {dagbag.py:588} INFO - Filling up the DagBag from /home/airflow/.local/lib/python3.12/site-packages/airflow/example_dags/example_setup_teardown_taskflow.py
[2025-02-06T19:06:44.090+0000] {processor.py:925} INFO - DAG(s) 'example_setup_teardown_taskflow' retrieved from /home/airflow/.local/lib/python3.12/site-packages/airflow/example_dags/example_setup_teardown_taskflow.py
[2025-02-06T19:06:44.121+0000] {logging_mixin.py:190} INFO - [2025-02-06T19:06:44.120+0000] {dag.py:3239} INFO - Sync 1 DAGs
[2025-02-06T19:06:44.149+0000] {logging_mixin.py:190} INFO - [2025-02-06T19:06:44.149+0000] {dag.py:4180} INFO - Setting next_dagrun for example_setup_teardown_taskflow to None, run_after=None
[2025-02-06T19:06:44.185+0000] {processor.py:208} INFO - Processing /home/airflow/.local/lib/python3.12/site-packages/airflow/example_dags/example_setup_teardown_taskflow.py took 0.130 seconds
[2025-02-06T19:07:16.116+0000] {processor.py:186} INFO - Started process (PID=5753) to work on /home/airflow/.local/lib/python3.12/site-packages/airflow/example_dags/example_setup_teardown_taskflow.py
[2025-02-06T19:07:16.118+0000] {processor.py:914} INFO - Processing file /home/airflow/.local/lib/python3.12/site-packages/airflow/example_dags/example_setup_teardown_taskflow.py for tasks to queue
[2025-02-06T19:07:16.124+0000] {logging_mixin.py:190} INFO - [2025-02-06T19:07:16.122+0000] {dagbag.py:588} INFO - Filling up the DagBag from /home/airflow/.local/lib/python3.12/site-packages/airflow/example_dags/example_setup_teardown_taskflow.py
[2025-02-06T19:07:16.151+0000] {processor.py:925} INFO - DAG(s) 'example_setup_teardown_taskflow' retrieved from /home/airflow/.local/lib/python3.12/site-packages/airflow/example_dags/example_setup_teardown_taskflow.py
[2025-02-06T19:07:16.213+0000] {logging_mixin.py:190} INFO - [2025-02-06T19:07:16.208+0000] {dag.py:3239} INFO - Sync 1 DAGs
[2025-02-06T19:07:16.256+0000] {logging_mixin.py:190} INFO - [2025-02-06T19:07:16.256+0000] {dag.py:4180} INFO - Setting next_dagrun for example_setup_teardown_taskflow to None, run_after=None
[2025-02-06T19:07:16.314+0000] {processor.py:208} INFO - Processing /home/airflow/.local/lib/python3.12/site-packages/airflow/example_dags/example_setup_teardown_taskflow.py took 0.218 seconds
[2025-02-06T19:07:46.427+0000] {processor.py:186} INFO - Started process (PID=5809) to work on /home/airflow/.local/lib/python3.12/site-packages/airflow/example_dags/example_setup_teardown_taskflow.py
[2025-02-06T19:07:46.429+0000] {processor.py:914} INFO - Processing file /home/airflow/.local/lib/python3.12/site-packages/airflow/example_dags/example_setup_teardown_taskflow.py for tasks to queue
[2025-02-06T19:07:46.433+0000] {logging_mixin.py:190} INFO - [2025-02-06T19:07:46.432+0000] {dagbag.py:588} INFO - Filling up the DagBag from /home/airflow/.local/lib/python3.12/site-packages/airflow/example_dags/example_setup_teardown_taskflow.py
[2025-02-06T19:07:46.457+0000] {processor.py:925} INFO - DAG(s) 'example_setup_teardown_taskflow' retrieved from /home/airflow/.local/lib/python3.12/site-packages/airflow/example_dags/example_setup_teardown_taskflow.py
[2025-02-06T19:07:46.495+0000] {logging_mixin.py:190} INFO - [2025-02-06T19:07:46.495+0000] {dag.py:3239} INFO - Sync 1 DAGs
[2025-02-06T19:07:46.518+0000] {logging_mixin.py:190} INFO - [2025-02-06T19:07:46.518+0000] {dag.py:4180} INFO - Setting next_dagrun for example_setup_teardown_taskflow to None, run_after=None
[2025-02-06T19:07:46.542+0000] {processor.py:208} INFO - Processing /home/airflow/.local/lib/python3.12/site-packages/airflow/example_dags/example_setup_teardown_taskflow.py took 0.125 seconds
[2025-02-06T19:08:17.991+0000] {processor.py:186} INFO - Started process (PID=5866) to work on /home/airflow/.local/lib/python3.12/site-packages/airflow/example_dags/example_setup_teardown_taskflow.py
[2025-02-06T19:08:17.992+0000] {processor.py:914} INFO - Processing file /home/airflow/.local/lib/python3.12/site-packages/airflow/example_dags/example_setup_teardown_taskflow.py for tasks to queue
[2025-02-06T19:08:17.995+0000] {logging_mixin.py:190} INFO - [2025-02-06T19:08:17.995+0000] {dagbag.py:588} INFO - Filling up the DagBag from /home/airflow/.local/lib/python3.12/site-packages/airflow/example_dags/example_setup_teardown_taskflow.py
[2025-02-06T19:08:18.011+0000] {processor.py:925} INFO - DAG(s) 'example_setup_teardown_taskflow' retrieved from /home/airflow/.local/lib/python3.12/site-packages/airflow/example_dags/example_setup_teardown_taskflow.py
[2025-02-06T19:08:18.042+0000] {logging_mixin.py:190} INFO - [2025-02-06T19:08:18.041+0000] {dag.py:3239} INFO - Sync 1 DAGs
[2025-02-06T19:08:18.073+0000] {logging_mixin.py:190} INFO - [2025-02-06T19:08:18.073+0000] {dag.py:4180} INFO - Setting next_dagrun for example_setup_teardown_taskflow to None, run_after=None
[2025-02-06T19:08:18.115+0000] {processor.py:208} INFO - Processing /home/airflow/.local/lib/python3.12/site-packages/airflow/example_dags/example_setup_teardown_taskflow.py took 0.133 seconds
